9.014290571212768555e-01,1.325221452862024307e-02,1.076281550922431052e-04,8.276695013046264648e-02,1.064342723111622036e-05,2.433368703350424767e-03
9.429888129234313965e-01,9.064177051186561584e-03,7.907827239250764251e-05,4.572791606187820435e-02,8.207212886190973222e-06,2.131790854036808014e-03
9.679347276687622070e-01,1.790112070739269257e-02,2.878452942240983248e-04,1.046977285295724869e-02,4.943372550769709051e-05,3.357150591909885406e-03
9.810367822647094727e-01,6.435253191739320755e-03,8.269670070149004459e-05,1.002655271440744400e-02,1.255377173947636038e-05,2.406270708888769150e-03
9.740294814109802246e-01,4.038319922983646393e-03,2.971024150610901415e-05,1.964020356535911560e-02,3.564492772056837566e-06,2.258629538118839264e-03
9.415743947029113770e-01,4.301357083022594452e-03,2.520733869459945709e-05,5.179138109087944031e-02,2.427371327939908952e-06,2.305140718817710876e-03
9.369506239891052246e-01,4.525575786828994751e-03,2.604190740385092795e-05,5.656117945909500122e-02,2.093443299600039609e-06,1.934393891133368015e-03
9.197840690612792969e-01,9.932327084243297577e-03,2.824736657203175128e-05,6.808520108461380005e-02,2.364741931160097010e-06,2.167766913771629333e-03
9.343019127845764160e-01,9.754287078976631165e-03,5.408468859968706965e-05,5.386410281062126160e-02,4.840827386942692101e-06,2.020748564973473549e-03
9.312134385108947754e-01,2.566045336425304413e-02,1.872271968750283122e-04,4.005122929811477661e-02,2.130163193214684725e-05,2.866218565031886101e-03
9.656953215599060059e-01,1.552552357316017151e-02,1.256303366972133517e-04,1.580108888447284698e-02,1.788632289390079677e-05,2.834570594131946564e-03
9.691755771636962891e-01,9.858997538685798645e-03,1.733130193315446377e-04,1.800332777202129364e-02,2.468298589519690722e-05,2.764097182080149651e-03
9.627196788787841797e-01,8.180143311619758606e-03,1.610974577488377690e-04,2.610295638442039490e-02,1.990887176361866295e-05,2.816234482452273369e-03
9.261109232902526855e-01,7.681906688958406448e-03,8.018460357561707497e-05,6.365948915481567383e-02,6.898833817103877664e-06,2.460727933794260025e-03
8.233136534690856934e-01,1.212478801608085632e-02,1.566895807627588511e-04,1.618860363960266113e-01,1.033157514029880986e-05,2.508622594177722931e-03
8.692705035209655762e-01,1.759689487516880035e-02,1.331146631855517626e-04,1.104721873998641968e-01,1.027231883199419826e-05,2.517078537493944168e-03
9.563276767730712891e-01,1.295506395399570465e-02,1.285004254896193743e-04,2.849171310663223267e-02,1.416501163475913927e-05,2.082983963191509247e-03
9.565100073814392090e-01,1.705196686089038849e-02,2.731404674705117941e-04,2.337081544101238251e-02,3.379745976417325437e-05,2.760423813015222549e-03
9.591200947761535645e-01,1.964072696864604950e-02,4.386946093291044235e-04,1.752568967640399933e-02,6.335963553283363581e-05,3.211491741240024567e-03
9.339674711227416992e-01,3.104234114289283752e-02,6.301884423010051250e-04,3.017048165202140808e-02,8.276599692180752754e-05,4.106782376766204834e-03
9.345740079879760742e-01,1.486528385430574417e-02,4.286042239982634783e-04,4.694094881415367126e-02,4.471196007216349244e-05,3.146481001749634743e-03
9.230482578277587891e-01,1.798412390053272247e-02,2.411544846836477518e-04,5.549490079283714294e-02,2.438441879348829389e-05,3.207057248800992966e-03
9.453327655792236328e-01,1.095869112759828568e-02,1.170107498182915151e-04,4.098251461982727051e-02,1.141633129009278491e-05,2.597625367343425751e-03
9.722707271575927734e-01,6.918439175933599472e-03,8.358507329830899835e-05,1.849323697388172150e-02,1.017776594380848110e-05,2.223891671746969223e-03
9.658412933349609375e-01,1.474226452410221100e-02,1.463943481212481856e-04,1.627746038138866425e-02,2.125916762452106923e-05,2.971319947391748428e-03
9.690913558006286621e-01,1.298542320728302002e-02,1.147768489317968488e-04,1.527290418744087219e-02,1.428798987035406753e-05,2.521088114008307457e-03
9.695721268653869629e-01,1.177442725747823715e-02,2.705001388676464558e-04,1.542345620691776276e-02,4.050838106195442379e-05,2.918978454545140266e-03
9.644104242324829102e-01,1.536855380982160568e-02,2.539242559578269720e-04,1.699398085474967957e-02,3.236957127228379250e-05,2.940613776445388794e-03
9.823331236839294434e-01,7.275829557329416275e-03,5.306075399857945740e-05,8.218489587306976318e-03,8.802934644336346537e-06,2.110653324052691460e-03
9.876433610916137695e-01,2.757377689704298973e-03,1.440636970073683187e-05,8.316322229802608490e-03,1.933366775119793601e-06,1.266775652766227722e-03
9.701848030090332031e-01,1.489541493356227875e-02,1.664628325670491904e-05,1.310884114354848862e-02,2.121130137311411090e-06,1.792243681848049164e-03
9.519960880279541016e-01,3.181679919362068176e-02,5.641304232995025814e-05,1.280526630580425262e-02,1.017634895106311888e-05,3.315188223496079445e-03
9.452956914901733398e-01,2.291478589177131653e-02,2.497795794624835253e-04,2.711641043424606323e-02,3.538272358127869666e-05,4.387828055769205093e-03
9.510641098022460938e-01,2.052619121968746185e-02,3.717978950589895248e-03,1.562076807022094727e-02,6.296327919699251652e-04,8.441261947154998779e-03
9.275412559509277344e-01,3.587987041100859642e-03,7.530963979661464691e-03,4.902967065572738647e-02,1.043550437316298485e-03,1.126669812947511673e-02
8.592585921287536621e-01,6.239213398657739162e-04,4.367631860077381134e-03,1.277974396944046021e-01,2.975201641675084829e-04,7.654943037778139114e-03
6.518797278404235840e-01,5.194222321733832359e-04,5.327270366251468658e-03,3.352059125900268555e-01,2.051432966254651546e-04,6.862503942102193832e-03
4.694003462791442871e-01,5.968217737972736359e-04,5.010541528463363647e-03,5.188643932342529297e-01,1.328133075730875134e-04,5.995114799588918686e-03
3.767953813076019287e-01,9.345203288830816746e-04,5.259535275399684906e-03,6.111411452293395996e-01,1.200410260935314000e-04,5.749338772147893906e-03
3.972689807415008545e-01,2.164600417017936707e-03,7.151003461331129074e-03,5.861328840255737305e-01,1.842647761804983020e-04,7.098183035850524902e-03
5.293085575103759766e-01,8.128662593662738800e-03,1.362092513591051102e-02,4.367612898349761963e-01,6.458889693021774292e-04,1.153466384857892990e-02
6.555559039115905762e-01,2.063274756073951721e-02,2.052801288664340973e-02,2.847341001033782959e-01,1.933839055709540844e-03,1.661544106900691986e-02
7.326191067695617676e-01,3.830545395612716675e-02,2.273325994610786438e-02,1.807500571012496948e-01,3.758586477488279343e-03,2.183350361883640289e-02
7.529552578926086426e-01,8.235752582550048828e-02,2.568858675658702850e-02,1.070077270269393921e-01,7.529713679105043411e-03,2.446118183434009552e-02
7.771836519241333008e-01,7.228494435548782349e-02,2.339037321507930756e-02,9.376899898052215576e-02,7.662517484277486801e-03,2.570950798690319061e-02
7.716271281242370605e-01,8.958108723163604736e-02,2.395944297313690186e-02,7.896859943866729736e-02,9.059285745024681091e-03,2.680444158613681793e-02
7.729619741439819336e-01,9.202105551958084106e-02,2.298590913414955139e-02,7.774939388036727905e-02,8.368885144591331482e-03,2.591268159449100494e-02
7.640812397003173828e-01,9.667618572711944580e-02,2.417939901351928711e-02,7.899259030818939209e-02,9.549749083817005157e-03,2.652073092758655548e-02
7.424826622009277344e-01,1.225845217704772949e-01,2.440648525953292847e-02,7.418477535247802734e-02,1.059364341199398041e-02,2.574780955910682678e-02
7.445436120033264160e-01,1.199434027075767517e-01,2.470713667571544647e-02,7.290878146886825562e-02,1.055084913969039917e-02,2.734620310366153717e-02
7.281845211982727051e-01,1.448862254619598389e-01,2.727335877716541290e-02,6.088900938630104065e-02,1.360671687871217728e-02,2.516009099781513214e-02
7.330675125122070312e-01,1.417665630578994751e-01,2.643669582903385162e-02,6.028927490115165710e-02,1.305694133043289185e-02,2.538300491869449615e-02
7.155098319053649902e-01,1.626654714345932007e-01,2.696031704545021057e-02,5.595652014017105103e-02,1.316801644861698151e-02,2.573989145457744598e-02
7.245347499847412109e-01,1.484132111072540283e-01,2.675293944776058197e-02,6.217455863952636719e-02,1.290351618081331253e-02,2.522109262645244598e-02
7.375707030296325684e-01,1.342178881168365479e-01,2.453537657856941223e-02,6.649119406938552856e-02,1.094079948961734772e-02,2.624401077628135681e-02
7.517812848091125488e-01,1.120808124542236328e-01,2.407501079142093658e-02,7.966401427984237671e-02,9.021417237818241119e-03,2.337747812271118164e-02
7.393174171447753906e-01,1.300685703754425049e-01,2.383420430123806000e-02,7.533945888280868530e-02,8.679821155965328217e-03,2.276059240102767944e-02
7.117880582809448242e-01,1.670334041118621826e-01,2.348599396646022797e-02,6.390389055013656616e-02,1.035643462091684341e-02,2.343224175274372101e-02
7.362831830978393555e-01,1.428864300251007080e-01,2.392809092998504639e-02,6.169048696756362915e-02,1.154466159641742706e-02,2.366726472973823547e-02
6.995455622673034668e-01,1.847345381975173950e-01,2.510672807693481445e-02,5.312090367078781128e-02,1.343329157680273056e-02,2.405898459255695343e-02
7.415135502815246582e-01,1.415970027446746826e-01,2.460025250911712646e-02,4.914045706391334534e-02,1.599075272679328918e-02,2.715807035565376282e-02
7.469984889030456543e-01,1.308351308107376099e-01,2.455679513514041901e-02,5.441547557711601257e-02,1.478632073849439621e-02,2.840779162943363190e-02
7.512022852897644043e-01,1.210424974560737610e-01,2.439239062368869781e-02,6.001754105091094971e-02,1.358397025614976883e-02,2.976135723292827606e-02
7.642955780029296875e-01,1.069333553314208984e-01,2.337972633540630341e-02,5.978208407759666443e-02,1.321476139128208160e-02,3.239450231194496155e-02
7.563325166702270508e-01,1.144392490386962891e-01,2.188959345221519470e-02,6.066891923546791077e-02,1.204650383442640305e-02,3.462319821119308472e-02
7.594085931777954102e-01,1.129368990659713745e-01,2.264265716075897217e-02,6.008445098996162415e-02,1.252913009375333786e-02,3.239826485514640808e-02
7.233605980873107910e-01,1.480678617954254150e-01,2.414238080382347107e-02,5.760951712727546692e-02,1.462270598858594894e-02,3.219700977206230164e-02
7.511940598487854004e-01,1.228902786970138550e-01,2.414058893918991089e-02,6.086598336696624756e-02,1.245483569800853729e-02,2.845419012010097504e-02
7.199582457542419434e-01,1.370347440242767334e-01,2.666443027555942535e-02,7.843052595853805542e-02,1.125742867588996887e-02,2.665464393794536591e-02
7.470216751098632812e-01,1.059589236974716187e-01,2.477711625397205353e-02,8.945006877183914185e-02,8.509968407452106476e-03,2.428223565220832825e-02
7.668297290802001953e-01,9.401711076498031616e-02,2.397059276700019836e-02,8.326862752437591553e-02,7.830955088138580322e-03,2.408305555582046509e-02
7.430161237716674805e-01,1.269438415765762329e-01,2.476864494383335114e-02,7.314749062061309814e-02,8.918595500290393829e-03,2.320530824363231659e-02
7.085021734237670898e-01,1.693565100431442261e-01,2.438590675592422485e-02,6.251975893974304199e-02,1.077449601143598557e-02,2.446123212575912476e-02
7.358875870704650879e-01,1.402092278003692627e-01,2.250893600285053253e-02,6.698670983314514160e-02,9.437833912670612335e-03,2.496967650949954987e-02
7.282863259315490723e-01,1.357487291097640991e-01,2.232391014695167542e-02,7.587359845638275146e-02,8.852738887071609497e-03,2.891474217176437378e-02
7.168070077896118164e-01,1.449651718139648438e-01,2.306704781949520111e-02,7.861458510160446167e-02,9.505871683359146118e-03,2.704035490751266479e-02
7.179107666015625000e-01,1.408750712871551514e-01,2.335210330784320831e-02,7.888656109571456909e-02,9.657301940023899078e-03,2.931812964379787445e-02
7.157018184661865234e-01,1.441879570484161377e-01,2.278862334787845612e-02,8.312582969665527344e-02,8.479228243231773376e-03,2.571664564311504364e-02
7.072399258613586426e-01,1.583958715200424194e-01,2.376269921660423279e-02,7.380436360836029053e-02,9.847829118371009827e-03,2.694926597177982330e-02
7.000141143798828125e-01,1.565384119749069214e-01,2.297099865972995758e-02,8.393752574920654297e-02,8.386813104152679443e-03,2.815208584070205688e-02
7.369191646575927734e-01,1.134744510054588318e-01,2.247212268412113190e-02,8.866746723651885986e-02,7.895703427493572235e-03,3.057102672755718231e-02
7.624515891075134277e-01,8.813222497701644897e-02,2.117749862372875214e-02,9.112362563610076904e-02,6.770444102585315704e-03,3.034470416605472565e-02
7.510524988174438477e-01,1.013106480240821838e-01,2.160356007516384125e-02,8.581649512052536011e-02,7.571856025606393814e-03,3.264506906270980835e-02
7.503214478492736816e-01,1.086211800575256348e-01,2.296834252774715424e-02,7.479933649301528931e-02,9.792608208954334259e-03,3.349702060222625732e-02
7.364370226860046387e-01,1.273803263902664185e-01,2.368810772895812988e-02,6.959401816129684448e-02,1.069110818207263947e-02,3.220944479107856750e-02
7.535970807075500488e-01,1.053781956434249878e-01,2.236921153962612152e-02,7.846733927726745605e-02,9.004258550703525543e-03,3.118395619094371796e-02
7.766005992889404297e-01,9.062610566616058350e-02,2.494812570512294769e-02,7.467983663082122803e-02,8.138951845467090607e-03,2.500639483332633972e-02
8.033702969551086426e-01,2.563515305519104004e-02,5.617844406515359879e-03,1.483532488346099854e-01,1.079733367078006268e-03,1.594383455812931061e-02
7.439976334571838379e-01,4.055060073733329773e-02,9.696656488813459873e-04,2.070314437150955200e-01,1.093927930924110115e-04,7.341381628066301346e-03
6.803306937217712402e-01,2.053943648934364319e-02,9.477081039221957326e-05,2.948854267597198486e-01,8.322593203047290444e-06,4.141268786042928696e-03
4.483543038368225098e-01,7.860769517719745636e-03,3.991677658632397652e-06,5.427126288414001465e-01,1.896609092000289820e-07,1.068146317265927792e-03
5.700716376304626465e-01,1.513945125043392181e-02,5.443846021080389619e-06,4.134489297866821289e-01,3.197158662260335404e-07,1.334120985120534897e-03
6.532915234565734863e-01,5.926531739532947540e-03,2.465372745064087212e-05,3.380365967750549316e-01,1.510376364421972539e-06,2.719156211242079735e-03
4.018779098987579346e-01,1.218537217937409878e-03,1.065588094206759706e-05,5.955697298049926758e-01,4.291408970402699197e-07,1.322738011367619038e-03
4.570820033550262451e-01,3.558734664693474770e-03,2.113526534230913967e-05,5.372686386108398438e-01,8.894350571608811151e-07,2.068564761430025101e-03
3.920025825500488281e-01,3.445547074079513550e-03,3.041933086933568120e-05,6.026734709739685059e-01,1.190247417071077507e-06,1.846692874096333981e-03
6.009810566902160645e-01,8.268826641142368317e-03,1.803300619940273464e-05,3.882255256175994873e-01,1.067591711034765467e-06,2.505440730601549149e-03
8.558692932128906250e-01,4.343539103865623474e-02,5.512290590559132397e-05,9.815923869609832764e-02,4.511849056143546477e-06,2.476549008861184120e-03
9.443817734718322754e-01,2.639375627040863037e-02,1.139229716500267386e-04,2.627823501825332642e-02,1.439001698599895462e-05,2.817941829562187195e-03
9.427791237831115723e-01,4.274422675371170044e-02,5.194305558688938618e-04,1.032590400427579880e-02,7.391323742922395468e-05,3.557469695806503296e-03
9.405735731124877930e-01,2.451102621853351593e-02,7.650776533409953117e-04,3.040024824440479279e-02,6.534189742524176836e-05,3.684737253934144974e-03
8.758138418197631836e-01,7.520271092653274536e-02,3.850909881293773651e-03,3.826002404093742371e-02,4.211004124954342842e-04,6.451493129134178162e-03
7.957665920257568359e-01,1.362650245428085327e-01,1.022310834378004074e-02,4.618396610021591187e-02,1.462108804844319820e-03,1.009922660887241364e-02
6.814867854118347168e-01,2.293589711189270020e-01,2.524150907993316650e-02,4.386780783534049988e-02,5.622461438179016113e-03,1.442250423133373260e-02
4.881423413753509521e-01,4.313220381736755371e-01,3.058054111897945404e-02,2.531163208186626434e-02,1.154660619795322418e-02,1.309686526656150818e-02
4.784655272960662842e-01,4.444451034069061279e-01,3.080376982688903809e-02,1.979813165962696075e-02,1.395706459879875183e-02,1.253033708781003952e-02
4.784541726112365723e-01,4.444584548473358154e-01,3.080338425934314728e-02,1.979348063468933105e-02,1.395943667739629745e-02,1.253110077232122421e-02
4.784558713436126709e-01,4.444567263126373291e-01,3.080336935818195343e-02,1.979342661798000336e-02,1.395949162542819977e-02,1.253115013241767883e-02
4.784562587738037109e-01,4.444562494754791260e-01,3.080336935818195343e-02,1.979343779385089874e-02,1.395949721336364746e-02,1.253114268183708191e-02
4.784567356109619141e-01,4.444557428359985352e-01,3.080338612198829651e-02,1.979345455765724182e-02,1.395949721336364746e-02,1.253113709390163422e-02
4.784572422504425049e-01,4.444552958011627197e-01,3.080339729785919189e-02,1.979347504675388336e-02,1.395950186997652054e-02,1.253113895654678345e-02
4.784575700759887695e-01,4.444549381732940674e-01,3.080340288579463959e-02,1.979347877204418182e-02,1.395950466394424438e-02,1.253112871199846268e-02
4.784578382968902588e-01,4.444545507431030273e-01,3.080341406166553497e-02,1.979349926114082336e-02,1.395950559526681900e-02,1.253112405538558960e-02
4.784582853317260742e-01,4.444543123245239258e-01,3.080341406166553497e-02,1.979350857436656952e-02,1.395950280129909515e-02,1.253111194819211960e-02
4.784586131572723389e-01,4.444538652896881104e-01,3.080342151224613190e-02,1.979351788759231567e-02,1.395950280129909515e-02,1.253109704703092575e-02
4.784589409828186035e-01,4.444535374641418457e-01,3.080343455076217651e-02,1.979352533817291260e-02,1.395950093865394592e-02,1.253108773380517960e-02
4.784447550773620605e-01,4.444690942764282227e-01,3.080348111689090729e-02,1.979205757379531860e-02,1.395993959158658981e-02,1.253066211938858032e-02
4.784871935844421387e-01,4.445715546607971191e-01,3.070244565606117249e-02,1.971605606377124786e-02,1.398110669106245041e-02,1.254156231880187988e-02
6.273123025894165039e-01,2.997230887413024902e-01,2.530945837497711182e-02,2.287431247532367706e-02,1.045695506036281586e-02,1.432382874190807343e-02
7.405652999877929688e-01,4.313547164201736450e-02,1.444137538783252239e-03,2.029782980680465698e-01,2.702122728805989027e-04,1.160654518753290176e-02
5.675008893013000488e-01,8.190834522247314453e-02,3.255637129768729210e-04,3.426274359226226807e-01,3.796846067416481674e-05,7.599789183586835861e-03
3.726257383823394775e-01,1.059286482632160187e-02,1.497764060331974179e-05,6.147618293762207031e-01,9.867214885161956772e-07,2.003657398745417595e-03
2.226468473672866821e-01,4.204837139695882797e-03,3.043806145797134377e-06,7.720118165016174316e-01,1.643889504521212075e-07,1.133243204094469547e-03
4.757741689682006836e-01,2.286999672651290894e-02,1.291880835196934640e-05,4.997252523899078369e-01,7.007612339293700643e-07,1.616923953406512737e-03
6.730068922042846680e-01,2.650460042059421539e-02,8.351840369869023561e-05,2.965832352638244629e-01,6.477648639702238142e-06,3.815238596871495247e-03
8.185230493545532227e-01,4.813916236162185669e-02,4.546527925413101912e-04,1.281908303499221802e-01,4.115525007364340127e-05,4.651155788451433182e-03
8.021126389503479004e-01,1.112269461154937744e-01,1.264268415980041027e-03,7.980015873908996582e-02,1.256734685739502311e-04,5.470417905598878860e-03
8.790902495384216309e-01,9.654410928487777710e-02,9.705307893455028534e-04,1.860095746815204620e-02,1.363205083180218935e-04,4.657905548810958862e-03
9.042963385581970215e-01,7.468146830797195435e-02,6.718906224705278873e-04,1.564493775367736816e-02,9.758453234098851681e-05,4.607743117958307266e-03
9.364556670188903809e-01,4.840065538883209229e-02,2.908315800596028566e-04,1.117370650172233582e-02,4.721209188573993742e-05,3.631950356066226959e-03
9.489521384239196777e-01,4.218005388975143433e-02,2.742766519077122211e-04,5.155346821993589401e-03,5.291777051752433181e-05,3.385069547221064568e-03
9.454826712608337402e-01,4.217834398150444031e-02,4.981739912182092667e-04,7.827185094356536865e-03,8.384598913835361600e-05,3.929769620299339294e-03
9.312072396278381348e-01,5.398127809166908264e-02,3.522974730003625154e-04,1.017212308943271637e-02,5.653753032675012946e-05,4.230556543916463852e-03
9.604118466377258301e-01,2.706979960203170776e-02,2.464214921928942204e-04,9.319929406046867371e-03,3.881302473018877208e-05,2.913204254582524300e-03
9.517381787300109863e-01,3.158722817897796631e-02,3.005507460329681635e-04,1.304332725703716278e-02,4.606111178873106837e-05,3.284689737483859062e-03
9.672332406044006348e-01,1.960895769298076630e-02,1.334189873887225986e-04,1.075545791536569595e-02,1.966673153219744563e-05,2.249234123155474663e-03
9.495357275009155273e-01,2.215961180627346039e-02,1.207464520120993257e-04,2.594756148755550385e-02,1.433961733710020781e-05,2.221837406978011131e-03
8.759105801582336426e-01,3.977922722697257996e-02,2.166194317396730185e-04,8.088167011737823486e-02,1.989247903111390769e-05,3.191877854987978935e-03
9.048502445220947266e-01,4.112277925014495850e-02,2.467913145665079355e-04,5.030819773674011230e-02,2.626938294270075858e-05,3.445625770837068558e-03
9.126422405242919922e-01,3.584958612918853760e-02,1.754793775035068393e-04,4.833986237645149231e-02,1.875510861282236874e-05,2.974004019051790237e-03
9.379622340202331543e-01,2.452361769974231720e-02,2.994819369632750750e-04,3.395067900419235229e-02,3.491220923024229705e-05,3.229159396141767502e-03
9.264051318168640137e-01,3.687923029065132141e-02,4.479814961086958647e-04,3.242861852049827576e-02,5.409674486145377159e-05,3.784926841035485268e-03
9.541024565696716309e-01,1.923090405762195587e-02,2.385709667578339577e-04,2.332030236721038818e-02,3.304151687189005315e-05,3.074716543778777122e-03
9.403115510940551758e-01,1.760879158973693848e-02,4.456195456441491842e-04,3.820277005434036255e-02,5.412282189354300499e-05,3.377008717507123947e-03
9.300334453582763672e-01,2.741361781954765320e-02,7.774377590976655483e-04,3.734560310840606689e-02,1.005733356578275561e-04,4.329307470470666885e-03
9.331117868423461914e-01,2.669354714453220367e-02,3.244061663281172514e-04,3.578398004174232483e-02,4.034419180243276060e-05,4.045937675982713699e-03
9.502961635589599609e-01,2.606990560889244080e-02,2.256372972624376416e-04,1.926247775554656982e-02,3.306605867692269385e-05,4.112828522920608521e-03
9.637061357498168945e-01,2.332792803645133972e-02,1.382844493491575122e-04,9.686679579317569733e-03,2.420637611066922545e-05,3.116658423095941544e-03
9.848679900169372559e-01,8.752557449042797089e-03,7.547240238636732101e-05,4.046444315463304520e-03,1.592775333847384900e-05,2.241536043584346771e-03
9.693930745124816895e-01,1.380472257733345032e-02,1.120548113249242306e-04,1.429638639092445374e-02,1.635265653021633625e-05,2.377275843173265457e-03
9.433328509330749512e-01,2.274270728230476379e-02,1.733919634716585279e-04,3.087663836777210236e-02,2.074354597425553948e-05,2.853700192645192146e-03
9.307060241699218750e-01,2.270125783979892731e-02,1.914741442305967212e-04,4.342754185199737549e-02,2.107265390804968774e-05,2.952602924779057503e-03
9.503309130668640137e-01,1.368419639766216278e-02,1.068720011971890926e-04,3.286424651741981506e-02,1.217388853547163308e-05,3.001698991283774376e-03
9.650780558586120605e-01,7.839118130505084991e-03,5.104174124426208436e-05,2.496114373207092285e-02,6.192904038471169770e-06,2.064350759610533714e-03
9.815781116485595703e-01,5.323561374098062515e-03,4.225701923132874072e-05,1.121301017701625824e-02,5.735262220696313307e-06,1.837330288253724575e-03
9.735761880874633789e-01,6.561506539583206177e-03,5.574134411290287971e-05,1.801964640617370605e-02,6.449434749811189249e-06,1.780481194145977497e-03
9.385021328926086426e-01,1.995489932596683502e-02,1.047140394803136587e-04,3.875613585114479065e-02,1.112692734750453383e-05,2.671031979843974113e-03
9.616636037826538086e-01,1.565751060843467712e-02,6.593142461497336626e-05,1.984187588095664978e-02,7.822851330274716020e-06,2.763293217867612839e-03
9.429935812950134277e-01,3.173343092203140259e-02,9.519006562186405063e-05,2.187469229102134705e-02,1.161625914392061532e-05,3.291515167802572250e-03
9.178833961486816406e-01,5.385593324899673462e-02,1.343173498753458261e-04,2.450811676681041718e-02,1.503079056419664994e-05,3.603059332817792892e-03
9.472672939300537109e-01,3.377811238169670105e-02,1.293699169764295220e-04,1.554305851459503174e-02,1.682783840806223452e-05,3.265321021899580956e-03
9.436243176460266113e-01,4.645605012774467468e-02,2.459353709127753973e-04,6.304969545453786850e-03,4.319048093748278916e-05,3.325452795252203941e-03
9.248868227005004883e-01,5.089934542775154114e-02,4.290651122573763132e-04,2.021896280348300934e-02,5.944181975792162120e-05,3.506288630887866020e-03
9.479045271873474121e-01,3.536274656653404236e-02,3.593695000745356083e-04,1.247492618858814240e-02,5.755628808401525021e-05,3.840981749817728996e-03
9.561291933059692383e-01,2.668014727532863617e-02,3.384341835044324398e-04,1.340669300407171249e-02,5.338861956261098385e-05,3.392126178368926048e-03
9.311577081680297852e-01,4.512002691626548767e-02,5.836854688823223114e-04,1.881277188658714294e-02,8.593537495471537113e-05,4.239955917000770569e-03
9.511039257049560547e-01,3.067221119999885559e-02,5.938849062658846378e-04,1.417143363505601883e-02,9.525271161692216992e-05,3.363356692716479301e-03
9.297518730163574219e-01,5.067636445164680481e-02,6.353869684971868992e-04,1.483731251209974289e-02,9.402530122315511107e-05,4.005129449069499969e-03
9.460220932960510254e-01,3.587231040000915527e-02,3.581592172849923372e-04,1.400425843894481659e-02,5.645658893627114594e-05,3.686698852106928825e-03
9.558055996894836426e-01,2.133042551577091217e-02,2.083224098896607757e-04,1.972455717623233795e-02,2.891248186642769724e-05,2.902232343330979347e-03
9.734834432601928711e-01,9.166103787720203400e-03,6.751744513167068362e-05,1.522821094840764999e-02,9.127328667091205716e-06,2.045566681772470474e-03
9.689069986343383789e-01,1.318748015910387039e-02,1.052096631610766053e-04,1.536737475544214249e-02,1.486127621319610626e-05,2.417885465547442436e-03
9.770691990852355957e-01,1.298100687563419342e-02,6.677561032120138407e-05,7.313594687730073929e-03,1.087234159058425575e-05,2.558609237894415855e-03
9.560889601707458496e-01,1.915213651955127716e-02,1.231782080139964819e-04,2.153552323579788208e-02,1.493111903982935473e-05,3.085158299654722214e-03
9.497116208076477051e-01,2.816137298941612244e-02,1.280279539059847593e-04,1.875868812203407288e-02,1.594330024090595543e-05,3.224246436730027199e-03
9.428058266639709473e-01,2.408916875720024109e-02,1.776604913175106049e-04,2.970326319336891174e-02,1.922079354699235409e-05,3.204880747944116592e-03
9.486694931983947754e-01,1.508071087300777435e-02,1.111497767851687968e-04,3.323743492364883423e-02,1.162028638646006584e-05,2.889530966058373451e-03
9.567574262619018555e-01,1.012364123016595840e-02,1.007138926070183516e-04,3.064608946442604065e-02,1.052247807820094749e-05,2.361651975661516190e-03
9.598855972290039062e-01,5.922546610236167908e-03,5.336746835382655263e-05,3.199641406536102295e-02,5.983725259284256026e-06,2.136262832209467888e-03
9.715732336044311523e-01,1.176089141517877579e-02,7.492706936318427324e-05,1.431699655950069427e-02,9.892227353702764958e-06,2.264044713228940964e-03
9.827104210853576660e-01,6.474390625953674316e-03,3.786171873798593879e-05,9.014202281832695007e-03,5.516604687727522105e-06,1.757592079229652882e-03
9.863736629486083984e-01,8.078321814537048340e-03,2.770866740320343524e-05,3.666816744953393936e-03,5.007340860174736008e-06,1.848428742960095406e-03
9.766805768013000488e-01,1.577424630522727966e-02,1.265797764062881470e-04,4.807524848729372025e-03,2.261872759845573455e-05,2.588589908555150032e-03
9.637505412101745605e-01,2.165227010846138000e-02,1.373690029140561819e-04,1.098200958222150803e-02,2.158916686312295496e-05,3.456230740994215012e-03
9.690733551979064941e-01,1.516641862690448761e-02,1.603443670319393277e-04,1.298149768263101578e-02,2.389742621744517237e-05,2.594472840428352356e-03
9.693417549133300781e-01,1.383538637310266495e-02,1.912995649036020041e-04,1.376777794212102890e-02,2.942637547675985843e-05,2.834458136931061745e-03
9.592220783233642578e-01,1.746511645615100861e-02,2.569021889939904213e-04,2.012830600142478943e-02,3.663535972009412944e-05,2.891015028581023216e-03
9.590284824371337891e-01,9.139286354184150696e-03,1.136377904913388193e-04,2.906867489218711853e-02,1.372328461002325639e-05,2.636226825416088104e-03
9.516735076904296875e-01,1.026584859937429428e-02,1.211581402458250523e-04,3.553217276930809021e-02,1.356530901830410585e-05,2.393731148913502693e-03
9.004103541374206543e-01,1.749958284199237823e-02,1.886091195046901703e-04,7.859180867671966553e-02,1.677752334217075258e-05,3.292876062914729118e-03
8.906502127647399902e-01,1.933906041085720062e-02,1.664148585405200720e-04,8.657400310039520264e-02,1.507777142251143232e-05,3.255292773246765137e-03
9.060036540031433105e-01,2.098061330616474152e-02,1.153411285486072302e-04,7.038559764623641968e-02,1.033161606756038964e-05,2.504349919036030769e-03
9.213120341300964355e-01,1.687824912369251251e-02,9.910701191984117031e-05,5.962103232741355896e-02,8.914273166737984866e-06,2.080568112432956696e-03
9.331637024879455566e-01,3.255994617938995361e-02,1.413439895259216428e-04,3.167433291673660278e-02,1.549779517517890781e-05,2.445187186822295189e-03
9.353855848312377930e-01,4.182251915335655212e-02,1.167365626315586269e-04,1.985558122396469116e-02,1.532542046334128827e-05,2.804297022521495819e-03
9.278729557991027832e-01,5.424670130014419556e-02,2.966554893646389246e-04,1.419422775506973267e-02,4.453111978364177048e-05,3.344854805618524551e-03
9.138978719711303711e-01,4.348920658230781555e-02,1.906182005768641829e-04,3.886702656745910645e-02,2.020285319304093719e-05,3.535062074661254883e-03
9.265235662460327148e-01,2.300615422427654266e-02,1.141864850069396198e-04,4.783033579587936401e-02,1.123029778682393953e-05,2.514479216188192368e-03
9.496399164199829102e-01,8.156381547451019287e-03,9.324558050138875842e-05,3.990817070007324219e-02,9.665286597737576813e-06,2.192662796005606651e-03
9.170289039611816406e-01,1.808505132794380188e-02,1.417230232618749142e-04,6.224514544010162354e-02,1.307101865677395836e-05,2.486088080331683159e-03
9.458375573158264160e-01,1.522572338581085205e-02,1.021713396767154336e-04,3.628822043538093567e-02,1.133301884692627937e-05,2.534930594265460968e-03
9.668185710906982422e-01,9.547777473926544189e-03,1.331358362222090364e-04,2.079156041145324707e-02,1.656495624047238380e-05,2.692438429221510887e-03
9.670606255531311035e-01,1.697463542222976685e-02,3.383157309144735336e-04,1.151639502495527267e-02,5.647175930789671838e-05,4.053401760756969452e-03
9.569023847579956055e-01,1.050684042274951935e-02,2.525341697037220001e-04,2.850778773427009583e-02,3.272989124525338411e-05,3.797824028879404068e-03
9.744766950607299805e-01,1.096009742468595505e-02,3.072715480811893940e-04,1.024468056857585907e-02,5.310905544320121408e-05,3.958219196647405624e-03
9.690200686454772949e-01,5.160297732800245285e-03,1.097499043680727482e-04,2.250718139111995697e-02,1.331353905698051676e-05,3.189372364431619644e-03
9.575592875480651855e-01,9.325512684881687164e-03,1.023342992994002998e-04,2.965082041919231415e-02,1.195808545162435621e-05,3.350151237100362778e-03
9.714232683181762695e-01,8.810039609670639038e-03,6.229197606444358826e-05,1.720438525080680847e-02,7.801991159794852138e-06,2.492303960025310516e-03
9.768809676170349121e-01,8.413163945078849792e-03,7.891761197242885828e-05,1.193560846149921417e-02,1.251220874110003933e-05,2.678782213479280472e-03
9.743301868438720703e-01,1.001196820288896561e-02,4.894672019872814417e-05,1.325186807662248611e-02,7.320588338188827038e-06,2.349778544157743454e-03
9.654059410095214844e-01,1.088527310639619827e-02,5.034923742641694844e-05,2.154474519193172455e-02,6.329435564111918211e-06,2.107500331476330757e-03
9.620301723480224609e-01,1.241792272776365280e-02,8.388622518396005034e-05,2.303158678114414215e-02,1.014568078971933573e-05,2.426427090540528297e-03
9.399903416633605957e-01,1.977681927382946014e-02,1.271457440452650189e-04,3.695439174771308899e-02,1.399702068738406524e-05,3.137376392260193825e-03
9.530093073844909668e-01,1.245454326272010803e-02,8.828464342514052987e-05,3.243710473179817200e-02,9.224148016073741019e-06,2.001570072025060654e-03
9.283270239830017090e-01,2.878640219569206238e-02,4.053779412060976028e-04,3.949142619967460632e-02,4.400837133289314806e-05,2.945662476122379303e-03
9.183741807937622070e-01,3.140078485012054443e-02,3.727266157511621714e-04,4.631006717681884766e-02,3.849902714136987925e-05,3.503603627905249596e-03
9.209455847740173340e-01,3.016812354326248169e-02,3.385535383131355047e-04,4.486969113349914551e-02,3.662576273200102150e-05,3.641317831352353096e-03
9.381368756294250488e-01,3.945840895175933838e-02,3.185298119205981493e-04,1.851747743785381317e-02,4.400910620461218059e-05,3.524722764268517494e-03
9.344888329505920410e-01,4.721890017390251160e-02,2.801382797770202160e-04,1.393333915621042252e-02,4.596265716827474535e-05,4.032733384519815445e-03
9.454975128173828125e-01,3.058489970862865448e-02,8.631327364128082991e-05,2.043530158698558807e-02,1.066202275978866965e-05,3.385280026122927666e-03
9.167802333831787109e-01,4.316618293523788452e-02,4.234911102685146034e-05,3.682304918766021729e-02,3.764426537600229494e-06,3.184492699801921844e-03
9.061007499694824219e-01,3.482033312320709229e-02,3.104267671005800366e-05,5.646136030554771423e-02,2.354546722926897928e-06,2.584133297204971313e-03
9.117789268493652344e-01,2.187066525220870972e-02,1.180162871605716646e-05,6.463922560214996338e-02,8.197768579520925414e-07,1.698468229733407497e-03
9.054816961288452148e-01,3.199293836951255798e-02,3.550593464751727879e-05,6.081089004874229431e-02,2.620085069793276489e-06,1.676338957622647285e-03
7.726457118988037109e-01,3.447807207703590393e-02,7.850825204513967037e-05,1.906667500734329224e-01,4.942784016748191789e-06,2.126099076122045517e-03
8.909450769424438477e-01,2.512380108237266541e-02,1.145987771451473236e-04,8.127411454916000366e-02,1.024149423756171018e-05,2.532180165871977806e-03
9.075903296470642090e-01,3.195399045944213867e-02,1.738442515488713980e-04,5.751509219408035278e-02,1.786627944966312498e-05,2.748825820162892342e-03
9.160072207450866699e-01,2.161826007068157196e-02,9.714710176922380924e-05,5.971617624163627625e-02,1.028749375109327957e-05,2.550842007622122765e-03
9.412491321563720703e-01,3.928652405738830566e-02,1.191866031149402261e-04,1.640774868428707123e-02,1.550418528495356441e-05,2.921934472396969795e-03
9.290909767150878906e-01,3.268784284591674805e-02,9.304119885200634599e-05,3.567152470350265503e-02,1.000499923975439742e-05,2.446732716634869576e-03
9.563204646110534668e-01,2.895955555140972137e-02,9.199877968057990074e-05,1.160706020891666412e-02,1.418004285369534045e-05,3.006806131452322006e-03
9.307228922843933105e-01,3.955508023500442505e-02,1.280853757634758949e-04,2.646791003644466400e-02,1.522626916994340718e-05,3.110942197963595390e-03
9.595049023628234863e-01,1.435759384185075760e-02,7.332550012506544590e-05,2.366243861615657806e-02,8.880871973815374076e-06,2.392861526459455490e-03
9.210901856422424316e-01,2.921796590089797974e-02,1.495702890679240227e-04,4.653678834438323975e-02,1.482793413742911071e-05,2.990551525726914406e-03
8.914460539817810059e-01,2.296380698680877686e-02,1.417825842509046197e-04,8.295382559299468994e-02,1.257500571227865294e-05,2.481991192325949669e-03
7.948088645935058594e-01,3.090699948370456696e-02,1.161021500593051314e-04,1.717169433832168579e-01,8.271307706309016794e-06,2.442889381200075150e-03
8.036933541297912598e-01,4.041985049843788147e-02,9.183018119074404240e-05,1.535592824220657349e-01,6.479685907834209502e-06,2.229244448244571686e-03
7.461384534835815430e-01,3.156296163797378540e-02,5.304949081619270146e-05,2.204717397689819336e-01,3.432435732975136489e-06,1.770313363522291183e-03
7.431632280349731445e-01,3.266698494553565979e-02,7.810335955582559109e-05,2.221236079931259155e-01,4.951315077050821856e-06,1.963093411177396774e-03
8.231676816940307617e-01,4.502275958657264709e-02,1.609122118679806590e-04,1.290144473314285278e-01,1.266366780328098685e-05,2.621500752866268158e-03
8.585475683212280273e-01,3.560721874237060547e-02,1.254714297829195857e-04,1.028916537761688232e-01,1.048200647346675396e-05,2.817664528265595436e-03
8.748140931129455566e-01,4.256428033113479614e-02,3.214854223188012838e-04,7.857892662286758423e-02,3.224795727874152362e-05,3.688918892294168472e-03
8.987977504730224609e-01,3.694461286067962646e-02,3.802131977863609791e-04,5.929578095674514771e-02,4.356717545306310058e-05,4.538020584732294083e-03
9.067580103874206543e-01,3.078341484069824219e-02,2.918203535955399275e-04,5.803986638784408569e-02,3.241561353206634521e-05,4.094385541975498199e-03
9.389792680740356445e-01,1.683317869901657104e-02,2.192886604461818933e-04,4.073420166969299316e-02,2.495180342521052808e-05,3.209174610674381256e-03
9.174914956092834473e-01,2.293057180941104889e-02,2.083815197693184018e-04,5.577935278415679932e-02,2.305722955497913063e-05,3.567090956494212151e-03
9.064912199974060059e-01,2.324325032532215118e-02,1.599108363734558225e-04,6.738298386335372925e-02,1.475850058341166005e-05,2.707843203097581863e-03
9.086282849311828613e-01,4.335498809814453125e-02,2.667234221007674932e-04,4.460885375738143921e-02,2.583928471722174436e-05,3.115462139248847961e-03
9.315819144248962402e-01,4.208047315478324890e-02,4.285899340175092220e-04,2.227067202329635620e-02,5.794526441604830325e-05,3.580359509214758873e-03
8.967955112457275391e-01,6.992782652378082275e-02,1.477574813179671764e-03,2.593340724706649780e-02,2.137129340553656220e-04,5.651947110891342163e-03
9.093289971351623535e-01,6.395485252141952515e-02,2.345995511859655380e-03,1.781570725142955780e-02,3.710686287377029657e-04,6.183409597724676132e-03
9.381515979766845703e-01,2.936334908008575439e-02,6.749313906766474247e-04,2.713275887072086334e-02,9.514595876680687070e-05,4.582286812365055084e-03
9.038049578666687012e-01,3.832063823938369751e-02,4.933595191687345505e-04,5.205499008297920227e-02,5.979564957669936121e-05,5.266166757792234421e-03
8.422093987464904785e-01,2.005816437304019928e-02,2.113371883751824498e-04,1.341343373060226440e-01,1.590131250850390643e-05,3.370943712070584297e-03
8.279925584793090820e-01,1.775430329144001007e-02,1.011476997518911958e-04,1.513176858425140381e-01,7.467155683116288856e-06,2.826785668730735779e-03
8.495670557022094727e-01,1.114901807159185410e-02,7.995478517841547728e-05,1.369317620992660522e-01,5.225459062785375863e-06,2.266931813210248947e-03
8.960586190223693848e-01,1.439156103879213333e-02,8.121249265968799591e-05,8.667352050542831421e-02,6.727992968080798164e-06,2.788338111713528633e-03
9.577147364616394043e-01,1.450463663786649704e-02,1.026415193337015808e-04,2.529279515147209167e-02,1.177259491669246927e-05,2.373443916440010071e-03
9.589315056800842285e-01,1.353501621633768082e-02,5.088108082418330014e-05,2.452807314693927765e-02,6.316031885944539681e-06,2.948245964944362640e-03
9.786077737808227539e-01,7.204788736999034882e-03,2.692200541787315160e-05,1.224966999143362045e-02,3.440447017055703327e-06,1.907444675453007221e-03
9.735054373741149902e-01,9.556776843965053558e-03,6.263928662519901991e-05,1.469259709119796753e-02,8.480677024635951966e-06,2.173941349610686302e-03
9.736412763595581055e-01,1.532079186290502548e-02,1.308051287196576595e-04,8.102886378765106201e-03,2.160491203540004790e-05,2.782704308629035950e-03
9.401818513870239258e-01,4.104699194431304932e-02,3.192469885107129812e-04,1.508835982531309128e-02,4.316098784329369664e-05,3.320406423881649971e-03
9.296315908432006836e-01,5.583595857024192810e-02,4.629634204320609570e-04,1.025520171970129013e-02,7.451243436662480235e-05,3.739746985957026482e-03
8.774727582931518555e-01,1.029665917158126831e-01,7.543162209913134575e-04,1.482275314629077911e-02,9.973382111638784409e-05,3.883854020386934280e-03
8.857824802398681641e-01,9.743469953536987305e-02,5.176865961402654648e-04,1.240234635770320892e-02,7.698497211094945669e-05,3.785708453506231308e-03
8.916506171226501465e-01,9.048759192228317261e-02,7.206012378446757793e-04,1.288123428821563721e-02,1.024931698339059949e-04,4.157584160566329956e-03
9.213953614234924316e-01,4.036485776305198669e-02,2.539441047701984644e-04,3.525370731949806213e-02,2.607345231808722019e-05,2.706109546124935150e-03
7.446454763412475586e-01,5.416649207472801208e-02,8.498530951328575611e-05,1.982285529375076294e-01,6.338721505017019808e-06,2.868195530027151108e-03
5.297631621360778809e-01,2.211674489080905914e-02,1.043019165081204847e-05,4.466361701488494873e-01,5.419614694801566657e-07,1.472905743867158890e-03
1.798561662435531616e-01,2.447968907654285431e-02,8.148075721692293882e-06,7.948005795478820801e-01,2.863924066787149059e-07,8.552214712835848331e-04
2.113195359706878662e-01,4.728694632649421692e-02,1.758895814418792725e-05,7.400442361831665039e-01,7.650130555703071877e-07,1.330864382907748222e-03
3.828863799571990967e-01,1.577171981334686279e-01,9.086878708330914378e-05,4.562852084636688232e-01,4.654028543882304803e-06,3.015673952177166939e-03
8.011557459831237793e-01,1.626780331134796143e-01,7.913135341368615627e-04,3.012288175523281097e-02,8.599154534749686718e-05,5.165952723473310471e-03
8.840577006340026855e-01,8.355949074029922485e-02,4.926078254356980324e-04,2.674826234579086304e-02,6.278551882132887840e-05,5.079059861600399017e-03
9.054690003395080566e-01,6.692824512720108032e-02,3.276460338383913040e-04,2.372832037508487701e-02,3.848928827210329473e-05,3.508287016302347183e-03
9.245153665542602539e-01,4.096786305308341980e-02,1.640611881157383323e-04,3.136465325951576233e-02,1.891051215352490544e-05,2.968916436657309532e-03
9.357680082321166992e-01,3.404293581843376160e-02,1.188176611321978271e-04,2.710460126399993896e-02,1.456011341360863298e-05,2.950960770249366760e-03
9.517610669136047363e-01,2.786800637841224670e-02,8.325651288032531738e-05,1.779616624116897583e-02,1.050291666615521535e-05,2.481003757566213608e-03
9.296241998672485352e-01,4.955177009105682373e-02,1.308677892666310072e-04,1.755316928029060364e-02,1.756410347297787666e-05,3.122435882687568665e-03
9.291393160820007324e-01,3.409459069371223450e-02,1.704595924820750952e-04,3.343959525227546692e-02,2.012411459872964770e-05,3.135903505608439445e-03
9.614264369010925293e-01,2.296291291713714600e-02,8.187596540665253997e-05,1.335686352103948593e-02,1.173847886093426496e-05,2.160298405215144157e-03
9.394295811653137207e-01,4.332232475280761719e-02,2.041578991338610649e-04,1.455499883741140366e-02,2.772211701085325330e-05,2.461330033838748932e-03
9.363006949424743652e-01,4.559728503227233887e-02,1.797367003746330738e-04,1.526634022593498230e-02,2.391019552305806428e-05,2.632125513628125191e-03
9.320534467697143555e-01,4.451968893408775330e-02,1.327173085883259773e-04,2.086913958191871643e-02,1.506070748291676864e-05,2.409937325865030289e-03
8.819651007652282715e-01,5.782859027385711670e-02,2.852507459465414286e-04,5.631878226995468140e-02,2.669295645318925381e-05,3.575656330212950706e-03
9.085575342178344727e-01,2.748085185885429382e-02,1.313014945480972528e-04,6.069201231002807617e-02,1.203597730636829510e-05,3.126377472653985023e-03
8.896459937095642090e-01,2.944498695433139801e-02,1.483625092078000307e-04,7.754878699779510498e-02,1.324611184827517718e-05,3.198705147951841354e-03
9.188859462738037109e-01,3.091921471059322357e-02,2.039594110101461411e-04,4.656209796667098999e-02,2.149552346963901073e-05,3.407367970794439316e-03
9.451845288276672363e-01,1.896644197404384613e-02,7.867558451835066080e-05,3.348606824874877930e-02,7.908854058769065887e-06,2.276490442454814911e-03
9.271496534347534180e-01,3.979045152664184570e-02,1.730635849526152015e-04,2.969180047512054443e-02,1.940103720698971301e-05,3.175437450408935547e-03
9.620658159255981445e-01,1.651574298739433289e-02,1.426532107871025801e-04,1.843161135911941528e-02,1.908371268655173481e-05,2.825146773830056190e-03
9.256016016006469727e-01,3.175400197505950928e-02,2.833640028256922960e-04,3.878282383084297180e-02,3.191906216670759022e-05,3.546369960531592369e-03
9.341655969619750977e-01,3.538012877106666565e-02,2.455817302688956261e-04,2.676956355571746826e-02,3.091558028245344758e-05,3.408207325264811516e-03
9.556720256805419922e-01,2.447344362735748291e-02,1.947749406099319458e-04,1.626094803214073181e-02,2.777948247967287898e-05,3.370901802554726601e-03
9.130178689956665039e-01,5.948411300778388977e-02,2.255839062854647636e-04,2.379395067691802979e-02,2.738350667641498148e-05,3.451033728197216988e-03
9.390541315078735352e-01,3.688478842377662659e-02,7.531449227826669812e-05,2.142993919551372528e-02,8.602213711128570139e-06,2.547297393903136253e-03
9.328175187110900879e-01,4.816693812608718872e-02,9.176707681035622954e-05,1.584601402282714844e-02,1.119919579650741071e-05,3.066615201532840729e-03
9.297752380371093750e-01,3.566348180174827576e-02,5.697983215213753283e-05,3.208569064736366272e-02,5.956041604804340750e-06,2.412619534879922867e-03
9.311575889587402344e-01,4.065478965640068054e-02,7.515758625231683254e-05,2.565979585051536560e-02,8.178622010746039450e-06,2.444408135488629341e-03
9.207978248596191406e-01,3.656799718737602234e-02,6.178395415190607309e-05,4.020548611879348755e-02,5.675080501532647759e-06,2.361246850341558456e-03
9.595055580139160156e-01,2.287160977721214294e-02,4.734375397674739361e-05,1.551261544227600098e-02,5.815586064272793010e-06,2.057078992947936058e-03
9.700446128845214844e-01,1.824356988072395325e-02,4.075493779964745045e-05,9.638384915888309479e-03,5.863303613296011463e-06,2.026961883530020714e-03
9.659857749938964844e-01,1.624297164380550385e-02,4.097987039131112397e-05,1.581893675029277802e-02,5.032346052757930011e-06,1.906271907500922680e-03
9.152038097381591797e-01,6.425359100103378296e-02,1.231536443810909986e-04,1.726972684264183044e-02,1.618625719856936485e-05,3.133595688268542290e-03
8.126778602600097656e-01,8.796241879463195801e-02,1.037764668581075966e-04,9.559813141822814941e-02,8.630880074633751065e-06,3.649234073236584663e-03
5.736476778984069824e-01,6.758339703083038330e-02,7.813825504854321480e-05,3.565121293067932129e-01,3.852395366266136989e-06,2.174839843064546585e-03
6.760538220405578613e-01,1.425832062959671021e-01,2.014639030676335096e-04,1.771437823772430420e-01,1.406917635904392228e-05,4.003588110208511353e-03
8.044834733009338379e-01,3.905950859189033508e-02,4.241011629346758127e-05,1.539103239774703979e-01,3.117298319921246730e-06,2.501260722056031227e-03
8.732073903083801270e-01,3.916727378964424133e-02,8.725446241442114115e-05,8.462485671043395996e-02,7.702364200667943805e-06,2.905567176640033722e-03
9.402961134910583496e-01,3.210372477769851685e-02,1.232274225912988186e-04,2.468778192996978760e-02,1.424222136847674847e-05,2.774999244138598442e-03
9.507801532745361328e-01,3.091630339622497559e-02,1.243082224391400814e-04,1.487151160836219788e-02,1.824729952204506844e-05,3.289476502686738968e-03
9.704672098159790039e-01,1.539192348718643188e-02,1.124536065617576241e-04,1.134210266172885895e-02,1.767715912137646228e-05,2.668569795787334442e-03
9.710073471069335938e-01,1.382585801184177399e-02,2.086842869175598025e-04,1.119193620979785919e-02,3.394496525288559496e-05,3.732184413820505142e-03
9.707646965980529785e-01,1.139136496931314468e-02,7.569657464046031237e-05,1.368758641183376312e-02,1.095087736757704988e-05,4.069724585860967636e-03
9.746475219726562500e-01,7.659797556698322296e-03,6.089051748858764768e-05,1.411053538322448730e-02,8.415727279498241842e-06,3.512961091473698616e-03
9.381796717643737793e-01,1.263080723583698273e-02,8.979439007816836238e-05,4.416112601757049561e-02,9.284542102250270545e-06,4.929198883473873138e-03
9.514290094375610352e-01,1.854005269706249237e-02,1.181093903142027557e-04,2.611729316413402557e-02,1.485637494624825194e-05,3.780673723667860031e-03
9.515058398246765137e-01,1.376411505043506622e-02,1.039145208778791130e-04,3.136398643255233765e-02,1.290051022806437686e-05,3.249269910156726837e-03
9.456058740615844727e-01,1.433765236288309097e-02,9.275239426642656326e-05,3.734877705574035645e-02,1.008893286780221388e-05,2.604829147458076477e-03
9.492329359054565430e-01,1.822088286280632019e-02,1.167262307717464864e-04,2.963118441402912140e-02,1.361644717690069228e-05,2.784664742648601532e-03
9.281846284866333008e-01,1.296212896704673767e-02,6.132152338977903128e-05,5.650238320231437683e-02,5.584056452789809555e-06,2.284050220623612404e-03
9.196260571479797363e-01,1.213464234024286270e-02,4.849056131206452847e-05,6.639013439416885376e-02,3.958852630603360012e-06,1.796799828298389912e-03
9.438279867172241211e-01,7.043221965432167053e-03,2.235826468677259982e-05,4.765592887997627258e-02,1.887680014078796376e-06,1.448630471713840961e-03
9.044242501258850098e-01,1.788605563342571259e-02,4.551496385829523206e-05,7.575751841068267822e-02,3.392546204850077629e-06,1.883370918221771717e-03
8.892962336540222168e-01,4.213335737586021423e-02,1.069627178367227316e-04,6.590126454830169678e-02,9.125412361754570156e-06,2.553054597228765488e-03
8.814876675605773926e-01,7.763152569532394409e-02,2.085769810946658254e-04,3.748432546854019165e-02,1.940911897690966725e-05,3.168449038639664650e-03
9.033688306808471680e-01,7.416275143623352051e-02,6.640881765633821487e-04,1.797158457338809967e-02,8.941785199567675591e-05,3.743347013369202614e-03
8.582093715667724609e-01,1.232274100184440613e-01,1.023947261273860931e-03,1.336750108748674393e-02,1.376288419123739004e-04,4.034135956317186356e-03
8.485805988311767578e-01,1.266468912363052368e-01,8.790421416051685810e-04,1.877023465931415558e-02,1.169889146694913507e-04,5.006374791264533997e-03
7.966011762619018555e-01,1.377470344305038452e-01,9.300770470872521400e-04,5.969801172614097595e-02,9.770479664439335465e-05,4.925981163978576660e-03
8.136234879493713379e-01,1.333107650279998779e-01,6.010094657540321350e-04,4.797131568193435669e-02,6.235209730220958591e-05,4.431071691215038300e-03
8.354909420013427734e-01,5.832629278302192688e-02,2.235126157756894827e-04,1.024981886148452759e-01,1.795877506083343178e-05,3.443165915086865425e-03
7.119759321212768555e-01,5.743590369820594788e-02,1.938158529810607433e-04,2.272915840148925781e-01,1.286458882532315329e-05,3.089819801971316338e-03
8.657873868942260742e-01,5.563999339938163757e-02,1.270479697268456221e-04,7.527733594179153442e-02,1.090823570848442614e-05,3.157194703817367554e-03
8.734124898910522461e-01,3.497095406055450439e-02,9.277329081669449806e-05,8.891432732343673706e-02,6.881204626552062109e-06,2.602681983262300491e-03
9.173912405967712402e-01,3.369196876883506775e-02,1.094663239200599492e-04,4.600046575069427490e-02,1.057687040884047747e-05,2.796259243041276932e-03
9.361966848373413086e-01,2.227230742573738098e-02,1.298678689636290073e-04,3.847344592213630676e-02,1.385641644446877763e-05,2.913773525506258011e-03
9.671790599822998047e-01,1.733088493347167969e-02,1.731292722979560494e-04,1.243289001286029816e-02,2.768224658211693168e-05,2.856190549209713936e-03
9.835582375526428223e-01,8.952572010457515717e-03,1.466322137275710702e-04,4.461423028260469437e-03,3.342541094752959907e-05,2.847578376531600952e-03
9.754694700241088867e-01,1.343392394483089447e-02,1.307163474848493934e-04,7.557252421975135803e-03,2.450546890031546354e-05,3.384116571396589279e-03
9.502713680267333984e-01,1.783501356840133667e-02,9.246869012713432312e-05,2.847878448665142059e-02,1.158181839855387807e-05,3.310902277007699013e-03
8.652632832527160645e-01,2.467614412307739258e-02,7.375094719463959336e-05,1.067019477486610413e-01,6.038721949153114110e-06,3.278695512562990189e-03
7.073808908462524414e-01,3.384918719530105591e-02,4.903894659946672618e-05,2.562132775783538818e-01,2.778947418846655637e-06,2.504740841686725616e-03
5.381131768226623535e-01,2.643096446990966797e-02,4.210024781059473753e-05,4.333392679691314697e-01,2.008523097174474970e-06,2.072474220767617226e-03
7.259346842765808105e-01,2.635176107287406921e-02,4.055737736052833498e-05,2.454131245613098145e-01,2.450122565278434195e-06,2.257460495457053185e-03
9.134098291397094727e-01,1.861581392586231232e-02,9.979371679946780205e-05,6.547881662845611572e-02,9.676881745690479875e-06,2.386000705882906914e-03
9.595661759376525879e-01,2.197635360062122345e-02,3.361292474437505007e-04,1.455257181078195572e-02,5.662735566147603095e-05,3.512202063575387001e-03
9.571931362152099609e-01,1.922542043030261993e-02,4.619118699338287115e-04,1.906694471836090088e-02,7.368360820692032576e-05,3.978937864303588867e-03
9.653937816619873047e-01,1.675243861973285675e-02,2.869008167181164026e-04,1.388701424002647400e-02,4.507115954766049981e-05,3.634744090959429741e-03
9.776588082313537598e-01,5.606942344456911087e-03,6.806333112763240933e-05,1.425624359399080276e-02,8.891192010196391493e-06,2.401129342615604401e-03
9.709897637367248535e-01,1.609602756798267365e-02,1.098031134461052716e-04,9.600264951586723328e-03,1.723316199786495417e-05,3.186807036399841309e-03
9.583200812339782715e-01,2.332161553204059601e-02,7.819923484930768609e-05,1.544420886784791946e-02,1.004130172077566385e-05,2.825701842084527016e-03
9.548713564872741699e-01,2.011868357658386230e-02,8.151945803547278047e-05,2.269035018980503082e-02,9.601853889762423933e-06,2.228593453764915466e-03
9.328686594963073730e-01,3.951774910092353821e-02,2.040991239482536912e-04,2.464084140956401825e-02,2.363430212426465005e-05,2.745030680671334267e-03
8.833700418472290039e-01,4.239363968372344971e-02,2.068225585389882326e-04,7.150092720985412598e-02,1.955332299985457212e-05,2.508982550352811813e-03
8.218660950660705566e-01,2.338882721960544586e-02,7.600655953865498304e-05,1.532312780618667603e-01,5.101391252537723631e-06,1.432626508176326752e-03
7.992095351219177246e-01,2.723350562155246735e-02,9.465157927479594946e-05,1.717302352190017700e-01,6.567872333107516170e-06,1.725585432723164558e-03
7.731690406799316406e-01,4.087845981121063232e-02,1.229092013090848923e-04,1.837433427572250366e-01,8.593273378210142255e-06,2.077565295621752739e-03
6.862198710441589355e-01,6.629462540149688721e-02,1.003596989903599024e-04,2.457696944475173950e-01,6.613849564018892124e-06,1.608837861567735672e-03
6.448011398315429688e-01,9.741551429033279419e-02,7.878132601035758853e-05,2.559367418289184570e-01,4.898947736364789307e-06,1.762957079336047173e-03
3.876598179340362549e-01,3.085494041442871094e-01,1.351195242023095489e-04,3.021595180034637451e-01,6.772538199584232643e-06,1.489479793235659599e-03
2.196735143661499023e-01,3.002339899539947510e-01,8.740871271584182978e-05,4.790845215320587158e-01,2.956674052256857976e-06,9.177190950140357018e-04
4.244166612625122070e-01,3.976354598999023438e-01,2.320740313734859228e-04,1.751927584409713745e-01,1.240796791535103694e-05,2.510644728317856789e-03
6.074013113975524902e-01,2.877871096134185791e-01,2.897157974075525999e-04,1.009387820959091187e-01,1.928888195834588259e-05,3.563813399523496628e-03
8.915188312530517578e-01,5.058513209223747253e-02,2.424386184429749846e-04,5.410028621554374695e-02,2.249405042675789446e-05,3.530845278874039650e-03
9.323216676712036133e-01,4.441979154944419861e-02,1.250469067599624395e-04,1.973986625671386719e-02,1.543271537229884416e-05,3.378303954377770424e-03
8.948815464973449707e-01,6.821779906749725342e-02,8.993371739052236080e-05,3.412988036870956421e-02,8.919653737393673509e-06,2.671832684427499771e-03
6.431720852851867676e-01,2.274530380964279175e-01,1.155525678768754005e-04,1.269520670175552368e-01,8.653491931909229606e-06,2.298578619956970215e-03
4.283873736858367920e-01,2.195548564195632935e-01,3.575720984372310340e-05,3.509030342102050781e-01,1.576627482791082002e-06,1.117451232858002186e-03
3.781389296054840088e-01,3.433994352817535400e-01,2.452619446557946503e-05,2.775800228118896484e-01,9.859738838713383302e-07,8.561434224247932434e-04
2.354823052883148193e-01,1.871978342533111572e-01,1.181930565508082509e-05,5.767160654067993164e-01,3.921240079307608539e-07,5.916020018048584461e-04
2.131429016590118408e-01,2.393874675035476685e-01,1.589512794453185052e-05,5.467352271080017090e-01,5.949413548478332814e-07,7.179779349826276302e-04
2.845248281955718994e-01,2.051118910312652588e-01,2.438388219161424786e-05,5.096219778060913086e-01,8.511890428053447977e-07,7.161096436902880669e-04
2.427505105733871460e-01,3.508488833904266357e-01,5.550919740926474333e-05,4.052126109600067139e-01,2.414866230537882075e-06,1.130011514760553837e-03
3.068208098411560059e-01,3.127692341804504395e-01,9.690238221082836390e-05,3.789804577827453613e-01,4.415773673827061430e-06,1.328167272731661797e-03
3.682304918766021729e-01,1.926207840442657471e-01,1.016853129840455949e-04,4.376506209373474121e-01,4.761699074151692912e-06,1.391628757119178772e-03
4.327257275581359863e-01,1.419450491666793823e-01,1.206973538501188159e-04,4.232738614082336426e-01,6.193010449351277202e-06,1.928402576595544815e-03
7.223872542381286621e-01,1.449459046125411987e-01,2.165966288885101676e-04,1.296332180500030518e-01,1.534464536234736443e-05,2.801637630909681320e-03
9.025235772132873535e-01,5.715078115463256836e-02,1.833041314966976643e-04,3.738656640052795410e-02,2.038383718172553927e-05,2.735475311055779457e-03
9.357554912567138672e-01,4.632020741701126099e-02,1.823769853217527270e-04,1.471359748393297195e-02,2.431792745483107865e-05,3.004089230671525002e-03
9.308776855468750000e-01,5.475088208913803101e-02,1.596345973666757345e-04,1.131602749228477478e-02,2.355436845391523093e-05,2.872225828468799591e-03
9.350006580352783203e-01,3.449244052171707153e-02,1.369392703054472804e-04,2.771535515785217285e-02,1.477573823649436235e-05,2.639740938320755959e-03
9.344725012779235840e-01,3.680250048637390137e-02,3.357442328706383705e-04,2.479143440723419189e-02,4.358558362582698464e-05,3.554283175617456436e-03
9.581533074378967285e-01,2.059219777584075928e-02,2.244183706352487206e-04,1.794349960982799530e-02,3.298542651464231312e-05,3.053557127714157104e-03
9.698970913887023926e-01,1.952744089066982269e-02,4.315119876991957426e-04,6.952156778424978256e-03,7.500732317566871643e-05,3.116834210231900215e-03
9.742364287376403809e-01,1.614685170352458954e-02,3.370364138390868902e-04,5.953825544565916061e-03,6.590579869225621223e-05,3.259993623942136765e-03
9.797952175140380859e-01,1.200084388256072998e-02,1.528974680695682764e-04,5.397454835474491119e-03,2.841225068550556898e-05,2.625217894092202187e-03
9.509956240653991699e-01,1.855476573109626770e-02,1.327194040641188622e-04,2.722333744168281555e-02,1.539957702334504575e-05,3.078077221289277077e-03
9.118168354034423828e-01,2.751936204731464386e-02,8.653770055389031768e-05,5.774584412574768066e-02,8.106429049803409725e-06,2.823308575898408890e-03
9.211086034774780273e-01,1.970601454377174377e-02,4.450053893378935754e-05,5.687499791383743286e-02,3.824958184850402176e-06,2.262105001136660576e-03
9.616281390190124512e-01,1.838425360620021820e-02,5.703709393856115639e-05,1.777673140168190002e-02,7.231205017887987196e-06,2.146600279957056046e-03
9.623884558677673340e-01,1.487570721656084061e-02,6.183722143759950995e-05,2.077579684555530548e-02,7.486097729270113632e-06,1.890827203169465065e-03
9.788726568222045898e-01,8.841871283948421478e-03,2.994734313688240945e-05,1.076192129403352737e-02,3.809004283539252356e-06,1.489728339947760105e-03
9.635109901428222656e-01,8.954811841249465942e-03,2.307847898919135332e-05,2.590702287852764130e-02,2.169233312088181265e-06,1.601915922947227955e-03
9.377492666244506836e-01,6.413084454834461212e-03,2.533346560085192323e-05,5.432384833693504333e-02,2.010994649026542902e-06,1.486420631408691406e-03
9.224078059196472168e-01,1.426488347351551056e-02,2.944474726973567158e-05,6.160519644618034363e-02,2.402965947112534195e-06,1.690324628725647926e-03
9.135216474533081055e-01,1.160292048007249832e-02,1.391641399095533416e-05,7.361697405576705933e-02,9.143433317149174400e-07,1.243673614226281643e-03
8.883383274078369141e-01,1.982508972287178040e-02,6.109192327130585909e-05,8.968814462423324585e-02,4.740458280139137059e-06,2.082550199702382088e-03
8.678387403488159180e-01,2.884339913725852966e-02,8.742540376260876656e-05,1.001189649105072021e-01,7.588326752738794312e-06,3.103911876678466797e-03
9.607210755348205566e-01,1.963032968342304230e-02,1.853430003393441439e-04,1.626762188971042633e-02,2.823714567057322711e-05,3.167324000969529152e-03
9.700072407722473145e-01,1.859062351286411285e-02,2.286605158587917686e-04,7.819052785634994507e-03,4.153025292907841504e-05,3.313073888421058655e-03
9.636534452438354492e-01,2.274604886770248413e-02,2.888153248932212591e-04,9.870300069451332092e-03,5.173178578843362629e-05,3.389804158359766006e-03
9.409507513046264648e-01,2.907228842377662659e-02,1.696583785815164447e-04,2.658357657492160797e-02,2.054310971288941801e-05,3.203222295269370079e-03
9.062509536743164062e-01,2.577707171440124512e-02,8.811808220343664289e-05,6.499217450618743896e-02,7.707179975113831460e-06,2.883940236642956734e-03
8.908026218414306641e-01,2.547509782016277313e-02,6.318699888652190566e-05,8.065121620893478394e-02,5.129642431711545214e-06,3.002828219905495644e-03
6.373516917228698730e-01,2.694967016577720642e-02,4.904176967102102935e-05,3.325390219688415527e-01,2.649954467415227555e-06,3.107961034402251244e-03
7.994164228439331055e-01,2.262067608535289764e-02,9.049213986145332456e-05,1.741596609354019165e-01,6.320656666503055021e-06,3.706404240801930428e-03
8.896147608757019043e-01,1.454180385917425156e-02,4.487418846110813320e-05,9.286504983901977539e-02,3.357123887326451950e-06,2.930221147835254669e-03
8.928163051605224609e-01,2.438779175281524658e-02,6.994067371124401689e-05,7.907380163669586182e-02,6.183569439599523321e-06,3.646015888080000877e-03
9.524907469749450684e-01,1.840851269662380219e-02,9.144842624664306641e-05,2.628726325929164886e-02,1.019985847960924730e-05,2.711829496547579765e-03
9.843324422836303711e-01,6.373004522174596786e-03,4.841152622248046100e-05,7.498503662645816803e-03,7.843513230909593403e-06,1.739731291308999062e-03
9.490400552749633789e-01,2.162289619445800781e-02,9.635742753744125366e-05,2.683793194591999054e-02,1.038997197611024603e-05,2.392200520262122154e-03
9.239371418952941895e-01,1.989297568798065186e-02,1.885422971099615097e-04,5.282516404986381531e-02,1.991706449189223349e-05,3.136343322694301605e-03
9.439425468444824219e-01,2.608221955597400665e-02,1.762692700140178204e-04,2.699217200279235840e-02,2.132779991370625794e-05,2.785485470667481422e-03
8.943222761154174805e-01,4.219757020473480225e-02,3.200699866283684969e-04,5.941997095942497253e-02,3.385999661986716092e-05,3.706231247633695602e-03
8.985074162483215332e-01,2.357486262917518616e-02,2.586877963040024042e-04,7.458685338497161865e-02,2.543698064982891083e-05,3.046715632081031799e-03
9.386072754859924316e-01,2.265543118119239807e-02,2.729353145696222782e-04,3.563823923468589783e-02,3.080444730585440993e-05,2.795517211779952049e-03
9.573795199394226074e-01,1.110771298408508301e-02,2.580995496828109026e-04,2.871716581284999847e-02,2.851902172551490366e-05,2.509094774723052979e-03
9.076388478279113770e-01,1.730766892433166504e-02,4.521859518717974424e-04,7.109980285167694092e-02,4.321271626395173371e-05,3.458336694166064262e-03
9.487584233283996582e-01,1.401494164019823074e-02,3.018623392563313246e-04,3.346463292837142944e-02,3.651295992312952876e-05,3.423630725592374802e-03
9.604188799858093262e-01,9.527343325316905975e-03,2.197793655795976520e-04,2.734247967600822449e-02,2.606637281132861972e-05,2.465327270328998566e-03
9.120637774467468262e-01,1.870055869221687317e-02,1.724268659017980099e-04,6.644333153963088989e-02,1.695155697234440595e-05,2.603040542453527451e-03
9.283995628356933594e-01,1.312439143657684326e-02,1.095222542062401772e-04,5.597924441099166870e-02,1.123645688494434580e-05,2.375964773818850517e-03
8.713816404342651367e-01,1.147315558046102524e-02,1.197935926029458642e-04,1.144845113158226013e-01,9.283095096179749817e-06,2.531726844608783722e-03
9.133687615394592285e-01,1.141360308974981308e-02,9.664315439295023680e-05,7.256381213665008545e-02,8.408590474573429674e-06,2.548775868490338326e-03
8.411775827407836914e-01,1.008701417595148087e-02,6.022354500601068139e-05,1.458829194307327271e-01,4.024008831038372591e-06,2.788316225633025169e-03
9.539720416069030762e-01,7.302016951143741608e-03,9.668974234955385327e-05,3.640741109848022461e-02,8.833991159917786717e-06,2.213089028373360634e-03
9.754906296730041504e-01,8.059740997850894928e-03,5.768785922555252910e-05,1.408504042774438858e-02,7.599022865178994834e-06,2.299195853993296623e-03
9.709548354148864746e-01,1.076374296098947525e-02,7.222530985018238425e-05,1.589405722916126251e-02,9.789671821636147797e-06,2.305297181010246277e-03
9.356942772865295410e-01,4.033313691616058350e-02,3.531131078489124775e-04,2.044622227549552917e-02,4.845427611144259572e-05,3.124760929495096207e-03
9.014893174171447754e-01,3.461274504661560059e-02,2.615520497784018517e-04,6.091411784291267395e-02,2.602853601274546236e-05,2.696211682632565498e-03
8.860911130905151367e-01,4.279229044914245605e-02,2.481395204085856676e-04,6.797093898057937622e-02,2.346783730899915099e-05,2.873946912586688995e-03
8.544948697090148926e-01,4.380271211266517639e-02,1.318835857091471553e-04,9.914083778858184814e-02,1.049307320499792695e-05,2.419132040813565254e-03
8.790419101715087891e-01,2.691798284649848938e-02,1.055400571203790605e-04,9.110910445451736450e-02,8.148300366883631796e-06,2.817287109792232513e-03
9.134845137596130371e-01,2.994164265692234039e-02,1.010362975648604333e-04,5.354037508368492126e-02,1.011491440294776112e-05,2.922180108726024628e-03
9.214673042297363281e-01,3.030223585665225983e-02,7.692042709095403552e-05,4.493357613682746887e-02,7.279918463609647006e-06,3.212841227650642395e-03
9.508671760559082031e-01,1.972479745745658875e-02,1.143914705608040094e-04,2.648586034774780273e-02,1.403056012350134552e-05,2.793791703879833221e-03
9.235371351242065430e-01,1.746388152241706848e-02,7.933548477012664080e-05,5.606892332434654236e-02,7.494463716284371912e-06,2.843216294422745705e-03
9.652819633483886719e-01,8.837074972689151764e-03,3.309030216769315302e-05,2.366594783961772919e-02,3.825770818366436288e-06,2.178043825551867485e-03
9.735729098320007324e-01,8.717442862689495087e-03,4.735931361210532486e-05,1.516578905284404755e-02,6.681998911517439410e-06,2.489806618541479111e-03
9.693681001663208008e-01,1.086336653679609299e-02,5.003669502912089229e-05,1.718123815953731537e-02,6.331365511869080365e-06,2.530978294089436531e-03
9.706404805183410645e-01,1.491140294820070267e-02,6.887966446811333299e-05,1.184610184282064438e-02,9.997851520893163979e-06,2.523287432268261909e-03
9.493550062179565430e-01,2.635244280099868774e-02,1.180493418360128999e-04,2.147848345339298248e-02,1.504440024291398004e-05,2.681055571883916855e-03
8.928418159484863281e-01,4.530941694974899292e-02,7.695844396948814392e-05,5.946452915668487549e-02,7.075359917507739738e-06,2.300307387486100197e-03
7.460810542106628418e-01,7.470592856407165527e-02,7.638218085048720241e-05,1.771104782819747925e-01,5.150236574991140515e-06,2.020950429141521454e-03
5.368056893348693848e-01,6.861021369695663452e-02,6.483502511400729418e-05,3.927363455295562744e-01,3.572485866243368946e-06,1.779340323992073536e-03
3.193747103214263916e-01,6.738017499446868896e-02,4.668598558055236936e-05,6.121443510055541992e-01,2.044530447165016085e-06,1.052076928317546844e-03
6.073887944221496582e-01,1.297724395990371704e-01,2.347947884118184447e-04,2.601707279682159424e-01,1.632382554817013443e-05,2.416864270344376564e-03
7.702846527099609375e-01,1.051379442214965820e-01,5.183538305573165417e-04,1.204852312803268433e-01,4.652390634873881936e-05,3.527171676978468895e-03
8.083429932594299316e-01,1.315249502658843994e-01,5.206439527682960033e-04,5.550315231084823608e-02,5.341969153960235417e-05,4.054796881973743439e-03
9.013947248458862305e-01,7.027309387922286987e-02,3.066894714720547199e-04,2.437491528689861298e-02,3.748895323951728642e-05,3.613171866163611412e-03
8.494082689285278320e-01,4.908247292041778564e-02,1.398979657096788287e-04,9.809512645006179810e-02,1.108897777157835662e-05,3.263083752244710922e-03
7.079355716705322266e-01,5.935388058423995972e-02,9.789449541131034493e-05,2.298329174518585205e-01,5.399196197686251253e-06,2.774318912997841835e-03
7.987929582595825195e-01,5.116172879934310913e-02,8.205213816836476326e-05,1.467992216348648071e-01,5.637760750687448308e-06,3.158505307510495186e-03
8.285120129585266113e-01,2.976690605282783508e-02,7.689054473303258419e-05,1.379241794347763062e-01,5.764228717453079298e-06,3.714241320267319679e-03
8.166700005531311035e-01,2.350971661508083344e-02,5.877060175407677889e-05,1.563082337379455566e-01,4.311466000217478722e-06,3.448996925726532936e-03
8.502902388572692871e-01,2.763070724904537201e-02,5.864039849257096648e-05,1.189393252134323120e-01,4.002195510111050680e-06,3.077016444876790047e-03
8.470907807350158691e-01,1.587670855224132538e-02,4.839690518565475941e-05,1.334854662418365479e-01,3.691530082505778410e-06,3.494857810437679291e-03
8.514556288719177246e-01,1.958006247878074646e-02,3.544895662344060838e-05,1.261994391679763794e-01,2.277255362059804611e-06,2.727230079472064972e-03
8.608837723731994629e-01,2.405810169875621796e-02,3.756702790269628167e-05,1.123234108090400696e-01,2.605364215924055316e-06,2.694551134482026100e-03
9.345476627349853516e-01,1.639018021523952484e-02,4.276593972463160753e-05,4.625670984387397766e-02,4.196371719444869086e-06,2.758421003818511963e-03
9.628623723983764648e-01,1.483408175408840179e-02,5.318333205650560558e-05,1.982180960476398468e-02,6.514961569337174296e-06,2.422052202746272087e-03
9.614678621292114258e-01,1.107715908437967300e-02,7.017738244030624628e-05,2.498195879161357880e-02,8.315474588016513735e-06,2.394549548625946045e-03
9.821757674217224121e-01,5.455064587295055389e-03,5.318457260727882385e-05,1.019986160099506378e-02,7.677617759327404201e-06,2.108441432937979698e-03
9.882149696350097656e-01,5.844408180564641953e-03,4.292222729418426752e-05,3.921251278370618820e-03,8.383683962165378034e-06,1.968118129298090935e-03
9.839971065521240234e-01,9.198402985930442810e-03,6.658297934336587787e-05,4.465014673769474030e-03,1.303261615248629823e-05,2.259803703054785728e-03
9.771350026130676270e-01,1.715519092977046967e-02,9.871399379335343838e-05,3.066917648538947105e-03,2.153223795176018029e-05,2.522682538256049156e-03
9.748744964599609375e-01,1.840923167765140533e-02,1.048970079864375293e-04,4.537482280284166336e-03,1.914182757900562137e-05,2.054650802165269852e-03
9.604130983352661133e-01,2.116361446678638458e-02,1.001775453914888203e-04,1.586002111434936523e-02,1.424602396582486108e-05,2.448932733386754990e-03
8.633345365524291992e-01,6.726825982332229614e-02,2.731067361310124397e-04,6.547316908836364746e-02,2.600911466288380325e-05,3.624968463554978371e-03
8.355398774147033691e-01,8.608714491128921509e-02,3.560642653610557318e-04,7.385644316673278809e-02,3.329797618789598346e-05,4.127234220504760742e-03
9.180138707160949707e-01,5.846476554870605469e-02,3.059027367271482944e-04,1.940045133233070374e-02,4.118112701689824462e-05,3.773936536163091660e-03
9.398087859153747559e-01,3.733953088521957397e-02,2.287912939209491014e-04,1.883173175156116486e-02,3.210456634406000376e-05,3.758930368348956108e-03
9.358395338058471680e-01,4.924306645989418030e-02,3.209347196388989687e-04,1.082810387015342712e-02,4.912095027975738049e-05,3.719341708347201347e-03
9.349353909492492676e-01,5.062967538833618164e-02,3.799140395130962133e-04,1.031031832098960876e-02,5.850145680597051978e-05,3.686215030029416084e-03
9.032986760139465332e-01,5.289170891046524048e-02,2.375681797275319695e-04,3.970975428819656372e-02,2.522424438211601228e-05,3.837163327261805534e-03
8.624733090400695801e-01,7.487915456295013428e-02,1.691778888925909996e-04,5.947969108819961548e-02,1.390640863974113017e-05,2.984860446304082870e-03
7.962935566902160645e-01,7.244101166725158691e-02,1.333517720922827721e-04,1.280338615179061890e-01,9.151354788627941161e-06,3.089103847742080688e-03
8.417567014694213867e-01,5.446436628699302673e-02,5.618067007162608206e-05,1.013592481613159180e-01,3.930705588572891429e-06,2.359637059271335602e-03
8.422816991806030273e-01,3.054585494101047516e-02,4.677999095292761922e-05,1.250602900981903076e-01,3.106224539806134999e-06,2.062183571979403496e-03
7.741386294364929199e-01,2.384200878441333771e-02,3.102052869508042932e-05,1.998600065708160400e-01,1.751263994265173096e-06,2.126590115949511528e-03
8.792325258255004883e-01,1.093526091426610947e-02,3.962164555559866130e-05,1.077274307608604431e-01,2.712496325329993851e-06,2.062461804598569870e-03
9.572641253471374512e-01,6.759256124496459961e-03,6.153671711217612028e-05,3.395401313900947571e-02,6.068296443118015304e-06,1.955009065568447113e-03
9.755756258964538574e-01,5.876393988728523254e-03,5.413969483925029635e-05,1.658003032207489014e-02,6.618424322368809953e-06,1.907209167256951332e-03
9.731629490852355957e-01,1.667705178260803223e-02,1.444535737391561270e-04,7.447135169059038162e-03,2.579561987658962607e-05,2.542757429182529449e-03
9.527978897094726562e-01,2.711380645632743835e-02,2.425087586743757129e-04,1.652178727090358734e-02,3.405697134439833462e-05,3.289890475571155548e-03
9.259988665580749512e-01,4.973902180790901184e-02,3.465645713731646538e-04,2.060329914093017578e-02,4.526327757048420608e-05,3.266945946961641312e-03
9.060522913932800293e-01,5.599154904484748840e-02,2.976627438329160213e-04,3.329554945230484009e-02,3.525639476720243692e-05,4.327736329287290573e-03
9.319834709167480469e-01,2.883672527968883514e-02,1.670451456448063254e-04,3.548110276460647583e-02,1.998198240471538156e-05,3.511518938466906548e-03
9.752801656723022461e-01,9.458437561988830566e-03,1.107611387851648033e-04,1.287655811756849289e-02,1.413286190654616803e-05,2.259893575683236122e-03
9.846857786178588867e-01,5.407573189586400986e-03,8.985772001324221492e-05,7.639600429683923721e-03,1.375522060698131099e-05,2.163350116461515427e-03
9.654622673988342285e-01,9.514314122498035431e-03,1.308116479776799679e-04,2.270799688994884491e-02,1.486682413087692112e-05,2.169752493500709534e-03
9.622227549552917480e-01,8.615426719188690186e-03,1.593668712303042412e-04,2.639117091894149780e-02,1.861277269199490547e-05,2.592699602246284485e-03
9.544178843498229980e-01,9.706827811896800995e-03,9.084511839319020510e-05,3.367547690868377686e-02,8.885057468432933092e-06,2.100062556564807892e-03
9.406867623329162598e-01,1.644119434058666229e-02,1.142015826189890504e-04,4.052784666419029236e-02,1.184581742563750595e-05,2.218091627582907677e-03
9.538692831993103027e-01,9.475565515458583832e-03,4.554243423626758158e-05,3.428995981812477112e-02,5.020871867600362748e-06,2.314582234248518944e-03
9.398447871208190918e-01,1.861444115638732910e-02,8.175423863576725125e-05,3.901718184351921082e-02,7.888066647865343839e-06,2.433885121718049049e-03
9.250904321670532227e-01,1.346139702945947647e-02,4.188248931313864887e-05,5.953704193234443665e-02,3.744454716070322320e-06,1.865456579253077507e-03
9.355691075325012207e-01,2.574473060667514801e-02,8.823205280350521207e-05,3.626431152224540710e-02,8.266148142865858972e-06,2.325491048395633698e-03
9.220113754272460938e-01,4.004549607634544373e-02,3.624905948527157307e-04,3.455675020813941956e-02,4.009617987321689725e-05,2.983828773722052574e-03
8.908854126930236816e-01,5.919909104704856873e-02,2.653196861501783133e-04,4.602647200226783752e-02,2.624060834932606667e-05,3.597456729039549828e-03
7.999320030212402344e-01,9.701426327228546143e-02,2.891669573727995157e-04,9.810710698366165161e-02,2.181024865421932191e-05,4.635644145309925079e-03
8.164035081863403320e-01,8.905985951423645020e-02,2.236423752037808299e-04,8.921337872743606567e-02,1.945069743669591844e-05,5.080198403447866440e-03
9.237977266311645508e-01,3.202341869473457336e-02,5.482399137690663338e-05,4.067827761173248291e-02,5.519728347280761227e-06,3.440235508605837822e-03
9.348102807998657227e-01,1.376929879188537598e-02,3.221713268430903554e-05,4.835271090269088745e-02,3.180617795806028880e-06,3.032199805602431297e-03
9.451287984848022461e-01,9.844274260103702545e-03,3.884204488713294268e-05,4.216727986931800842e-02,3.931198989448603243e-06,2.816825872287154198e-03
9.536150097846984863e-01,5.304959136992692947e-03,2.582047272881027311e-05,3.818235918879508972e-02,2.639493914102786221e-06,2.869264455512166023e-03
9.205882549285888672e-01,6.400019396096467972e-03,2.780647264444269240e-05,7.062667608261108398e-02,2.151051830878714100e-06,2.355184406042098999e-03
8.836196660995483398e-01,1.147244591265916824e-02,6.498076982097700238e-05,1.018137261271476746e-01,5.141134352015797049e-06,3.023965284228324890e-03
9.414367079734802246e-01,1.762594841420650482e-02,1.141516695497557521e-04,3.788093104958534241e-02,1.251124285772675648e-05,2.929807407781481743e-03
9.384630918502807617e-01,1.258984766900539398e-02,1.568431471241638064e-04,4.631087183952331543e-02,1.688264455879107118e-05,2.462547738105058670e-03
9.416257739067077637e-01,1.473735086619853973e-02,1.304931211052462459e-04,4.051145166158676147e-02,1.585750760568771511e-05,2.979071345180273056e-03
8.886198401451110840e-01,1.866961084306240082e-02,1.897201582323759794e-04,8.978333324193954468e-02,1.630342194403056055e-05,2.721145283430814743e-03
9.409795999526977539e-01,1.629956066608428955e-02,1.097195272450335324e-04,4.015437513589859009e-02,1.175996021629543975e-05,2.444894285872578621e-03
9.386487603187561035e-01,1.638758368790149689e-02,7.251343777170404792e-05,4.289736598730087280e-02,7.004932740528602153e-06,1.986868213862180710e-03
8.752969503402709961e-01,2.389282919466495514e-02,7.273842493304982781e-05,9.832062572240829468e-02,5.827584573125932366e-06,2.411075634881854057e-03
8.350512385368347168e-01,4.267408326268196106e-02,8.986583998193964362e-05,1.190224215388298035e-01,6.543582912854617462e-06,3.155764425173401833e-03
7.392948865890502930e-01,8.265925198793411255e-02,1.736156118568032980e-04,1.739175319671630859e-01,1.182462165161268786e-05,3.942995797842741013e-03
6.980462074279785156e-01,3.821223974227905273e-02,1.175487996079027653e-04,2.605921924114227295e-01,6.816317636548774317e-06,3.024985315278172493e-03
7.619358897209167480e-01,4.738419875502586365e-02,2.712449058890342712e-04,1.866098791360855103e-01,1.810187677619978786e-05,3.780695376917719841e-03
9.368392825126647949e-01,2.553152106702327728e-02,1.604202552698552608e-04,3.457851707935333252e-02,1.766763671184889972e-05,2.872583223506808281e-03
9.545071721076965332e-01,2.533196844160556793e-02,1.383072522003203630e-04,1.726981252431869507e-02,1.885384699562564492e-05,2.733819652348756790e-03
9.557226300239562988e-01,3.161397948861122131e-02,2.269103861181065440e-04,9.775642305612564087e-03,3.493406256893649697e-05,2.625795779749751091e-03
9.523299336433410645e-01,2.077892795205116272e-02,1.476744073443114758e-04,2.432681806385517120e-02,1.572706241859123111e-05,2.400820842012763023e-03
9.506820440292358398e-01,2.038116753101348877e-02,1.450680283596739173e-04,2.612620964646339417e-02,1.679763227002695203e-05,2.648749621585011482e-03
9.205003380775451660e-01,3.728844225406646729e-02,2.660113386809825897e-04,3.911402449011802673e-02,2.682776357687544078e-05,2.804391784593462944e-03
9.181754589080810547e-01,2.991590090095996857e-02,2.634177508298307657e-04,4.835902899503707886e-02,2.664632484083995223e-05,3.259551012888550758e-03
9.083306789398193359e-01,3.403860330581665039e-02,1.805366773623973131e-04,5.427946895360946655e-02,1.692042314971331507e-05,3.153954399749636650e-03
9.434190988540649414e-01,1.422743685543537140e-02,9.968558151740580797e-05,3.980339691042900085e-02,1.017163413052912802e-05,2.440332202240824699e-03
9.381938576698303223e-01,2.525675483047962189e-02,1.154196143033914268e-04,3.338957205414772034e-02,1.229588906426215544e-05,3.032086882740259171e-03
9.349644780158996582e-01,3.678151965141296387e-02,1.692073565209284425e-04,2.503299899399280548e-02,1.989948032132815570e-05,3.031786065548658371e-03
9.253529906272888184e-01,4.758908972144126892e-02,1.843695354182273149e-04,2.349096909165382385e-02,2.242200389446225017e-05,3.360200673341751099e-03
9.256220459938049316e-01,6.382797658443450928e-02,1.883288787212222815e-04,7.489820010960102081e-03,2.937035787908826023e-05,2.842402784153819084e-03
9.140922427177429199e-01,7.280968874692916870e-02,2.039528772002086043e-04,1.020369492471218109e-02,2.864320595108438283e-05,2.661810722202062607e-03
9.084361791610717773e-01,6.637585908174514771e-02,1.431257405783981085e-04,2.225081436336040497e-02,1.644967414904385805e-05,2.777363406494259834e-03
8.889640569686889648e-01,4.275381565093994141e-02,8.082130079856142402e-05,6.540224701166152954e-02,7.025556897133355960e-06,2.791992155835032463e-03
8.869793415069580078e-01,3.676395490765571594e-02,1.472850708523765206e-04,7.357313483953475952e-02,1.224223251483635977e-05,2.524060430005192757e-03
9.024348258972167969e-01,1.890422590076923370e-02,5.069833423476666212e-05,7.678569108247756958e-02,3.888197625201428309e-06,1.820644480176270008e-03
9.617639183998107910e-01,1.018078066408634186e-02,4.731432636617682874e-05,2.629506215453147888e-02,5.133294962433865294e-06,1.707735122181475163e-03
9.749075770378112793e-01,1.391223911195993423e-02,1.093955143005587161e-04,9.031740017235279083e-03,1.680698005657177418e-05,2.022239146754145622e-03
9.650475382804870605e-01,1.765907555818557739e-02,1.278531271964311600e-04,1.472984720021486282e-02,1.836400224419776350e-05,2.417425392195582390e-03
9.574819803237915039e-01,2.533771097660064697e-02,1.415636070305481553e-04,1.414674613624811172e-02,2.027264417847618461e-05,2.871613018214702606e-03
9.101019501686096191e-01,3.520622849464416504e-02,1.926523837028071284e-04,5.096068978309631348e-02,1.847300882218405604e-05,3.520030062645673752e-03
8.767994642257690430e-01,3.196777030825614929e-02,2.417709038127213717e-04,8.711081743240356445e-02,2.184150253015104681e-05,3.858359064906835556e-03
8.811734914779663086e-01,2.636166475713253021e-02,1.726410700939595699e-04,8.872973173856735229e-02,1.574186899233609438e-05,3.546610707417130470e-03
8.985357880592346191e-01,3.503927960991859436e-02,2.720167394727468491e-04,6.188949570059776306e-02,2.846786264854017645e-05,4.234809894114732742e-03
9.538477063179016113e-01,1.478467229753732681e-02,1.218999896082095802e-04,2.865030057728290558e-02,1.340678045380627736e-05,2.582006389275193214e-03
9.739897251129150391e-01,1.014917064458131790e-02,5.952152787358500063e-05,1.360065676271915436e-02,8.303984941449016333e-06,2.192557556554675102e-03
9.698792695999145508e-01,1.550516672432422638e-02,9.663531818659976125e-05,1.234379597008228302e-02,1.278548734262585640e-05,2.162342425435781479e-03
9.544651508331298828e-01,2.799302525818347931e-02,1.718230341793969274e-04,1.456103194504976273e-02,2.544881863286718726e-05,2.783550415188074112e-03
9.673339724540710449e-01,2.170505933463573456e-02,2.167796774301677942e-04,8.141966536641120911e-03,3.775535878958180547e-05,2.564490074291825294e-03
9.563171267509460449e-01,2.768220752477645874e-02,2.319131308468058705e-04,1.292464509606361389e-02,3.267255306127481163e-05,2.811494516208767891e-03
9.386304616928100586e-01,2.756144106388092041e-02,1.838471216615289450e-04,3.070569038391113281e-02,2.152109300368465483e-05,2.897002035751938820e-03
8.500231504440307617e-01,3.979705274105072021e-02,2.284626098116859794e-04,1.072599664330482483e-01,1.816403528209775686e-05,2.673170994967222214e-03
9.262326955795288086e-01,3.716679662466049194e-02,2.499793190509080887e-04,3.273760527372360229e-02,3.381863643880933523e-05,3.579129232093691826e-03
9.267613291740417480e-01,2.240954153239727020e-02,2.057033416349440813e-04,4.777985811233520508e-02,2.214925916632637382e-05,2.821379108354449272e-03
9.354045391082763672e-01,2.386588603258132935e-02,2.148720523109659553e-04,3.770110756158828735e-02,2.612781281641218811e-05,2.787402598187327385e-03
9.455204010009765625e-01,1.958944275975227356e-02,2.493897627573460340e-04,3.145772218704223633e-02,3.133621066808700562e-05,3.151663811877369881e-03
8.950324058532714844e-01,3.293409571051597595e-02,2.072705538012087345e-04,6.894475221633911133e-02,2.005251371883787215e-05,2.861425280570983887e-03
9.214437007904052734e-01,3.797274082899093628e-02,2.124694146914407611e-04,3.758296743035316467e-02,2.361437691433820873e-05,2.764431061223149300e-03
9.069384336471557617e-01,4.845118522644042969e-02,3.089655656367540359e-04,4.102660343050956726e-02,3.462354288785718381e-05,3.240258898586034775e-03
9.479817748069763184e-01,3.333704546093940735e-02,1.420534536009654403e-04,1.619288884103298187e-02,1.816720396163873374e-05,2.328068250790238380e-03
9.668216705322265625e-01,2.268077246844768524e-02,1.144877242040820420e-04,8.275000378489494324e-03,1.846089435275644064e-05,2.089699264615774155e-03
9.446455240249633789e-01,4.570937901735305786e-02,1.995535421883687377e-04,6.792809814214706421e-03,3.475308403722010553e-05,2.618024824187159538e-03
9.748705625534057617e-01,1.404868904501199722e-02,5.646757199428975582e-05,8.800697512924671173e-03,9.135724212683271617e-06,2.214320935308933258e-03
9.730635881423950195e-01,1.158888731151819229e-02,6.773812492610886693e-05,1.310647558420896530e-02,8.859551599016413093e-06,2.164446050301194191e-03
9.343011379241943359e-01,2.192110568284988403e-02,1.044498130795545876e-04,4.018443077802658081e-02,1.097564563679043204e-05,3.477862570434808731e-03
9.468271136283874512e-01,1.650296710431575775e-02,1.176105433842167258e-04,3.354818746447563171e-02,1.245618932443903759e-05,2.991777379065752029e-03
9.276590943336486816e-01,2.885369211435317993e-02,1.064877505996264517e-04,4.053914919495582581e-02,1.095038533094339073e-05,2.830670913681387901e-03
9.459232091903686523e-01,3.609632700681686401e-02,1.254009985132142901e-04,1.538162771612405777e-02,1.570754648128058761e-05,2.457775641232728958e-03
9.227706193923950195e-01,6.461556255817413330e-02,1.173536438727751374e-04,9.713546372950077057e-03,1.710744436422828585e-05,2.765651559457182884e-03
9.320757389068603516e-01,4.466927796602249146e-02,6.178612238727509975e-05,2.075939439237117767e-02,6.718199529132107273e-06,2.427116036415100098e-03
9.321873784065246582e-01,4.159206897020339966e-02,8.522409189026802778e-05,2.267924882471561432e-02,9.761290129972621799e-06,3.446339629590511322e-03
9.743291735649108887e-01,1.385419070720672607e-02,4.369311864138580859e-05,9.120551869273185730e-03,6.974077678023604676e-06,2.645417582243680954e-03
9.516607522964477539e-01,1.525025814771652222e-02,8.541181159671396017e-05,3.029038757085800171e-02,9.497670362179633230e-06,2.703500213101506233e-03
9.469303488731384277e-01,2.559643052518367767e-02,1.613577769603580236e-04,2.394524775445461273e-02,2.202408359153196216e-05,3.344659227877855301e-03
9.688424468040466309e-01,1.333636697381734848e-02,1.043741067405790091e-04,1.539482921361923218e-02,1.404541217198129743e-05,2.307947259396314621e-03
9.596313834190368652e-01,1.212160754948854446e-02,1.172176562249660492e-04,2.551579847931861877e-02,1.402299585606670007e-05,2.599918982014060020e-03
9.682255983352661133e-01,1.261116843670606613e-02,1.130572054535150528e-04,1.643950119614601135e-02,1.606145997357089072e-05,2.594578778371214867e-03
9.365449547767639160e-01,1.010959316045045853e-02,6.441894220188260078e-05,5.089053139090538025e-02,5.684438747266540304e-06,2.384796971455216408e-03
9.518285989761352539e-01,1.572114601731300354e-02,1.417552266502752900e-04,2.950824424624443054e-02,1.747888563841115683e-05,2.782763680443167686e-03
9.524002671241760254e-01,1.196717191487550735e-02,1.232271752087399364e-04,3.312222659587860107e-02,1.431240980309667066e-05,2.372915623709559441e-03
9.617679119110107422e-01,1.377415936440229416e-02,1.805560314096510410e-04,2.196177467703819275e-02,2.369642606936395168e-05,2.291870536282658577e-03
9.556552767753601074e-01,2.232111804187297821e-02,2.237854787381365895e-04,1.882564835250377655e-02,3.099109744653105736e-05,2.943185856565833092e-03
9.570136070251464844e-01,2.408205531537532806e-02,1.856760645750910044e-04,1.553262677043676376e-02,2.813123319356236607e-05,3.157701808959245682e-03
9.759724140167236328e-01,1.267315447330474854e-02,6.113504059612751007e-05,8.825095370411872864e-03,9.529690032650250942e-06,2.458722796291112900e-03
9.561126232147216797e-01,3.005635365843772888e-02,1.462660293327644467e-04,1.016607135534286499e-02,2.340999708394519985e-05,3.495303681120276451e-03
9.514124989509582520e-01,3.273096308112144470e-02,1.197109086206182837e-04,1.263125333935022354e-02,1.744618748489301652e-05,3.088099183514714241e-03
9.270976781845092773e-01,4.986502602696418762e-02,2.741390489973127842e-04,1.902949437499046326e-02,3.698093496495857835e-05,3.696582745760679245e-03
9.193989634513854980e-01,5.366889387369155884e-02,5.429541342891752720e-04,2.184518054127693176e-02,7.167882722569629550e-05,4.472228698432445526e-03
9.509248137474060059e-01,3.359859436750411987e-02,4.646830784622579813e-04,1.124304812401533127e-02,7.983538671396672726e-05,3.689061384648084641e-03
9.752812981605529785e-01,1.464909221976995468e-02,2.121923316735774279e-04,6.273849867284297943e-03,4.181563417660072446e-05,3.541662357747554779e-03
9.747196435928344727e-01,1.693856343626976013e-02,1.377185981255024672e-04,5.350722000002861023e-03,2.576584302005358040e-05,2.827564021572470665e-03
9.842961430549621582e-01,9.624572470784187317e-03,4.385275315144099295e-05,3.932197578251361847e-03,8.501973752572666854e-06,2.094687195494771004e-03
9.835799336433410645e-01,7.899480871856212616e-03,4.517264824244193733e-05,6.535335909575223923e-03,7.484746220143279061e-06,1.932529849000275135e-03
9.711579680442810059e-01,1.169794518500566483e-02,3.177943654009141028e-05,1.534288097172975540e-02,3.924638804164715111e-06,1.765345805324614048e-03
9.838457107543945312e-01,5.895964801311492920e-03,3.491731331450864673e-05,8.886427618563175201e-03,4.957497822033474222e-06,1.331986859440803528e-03
9.775497913360595703e-01,6.066092755645513535e-03,3.497938450891524553e-05,1.491407211869955063e-02,4.210722636344144121e-06,1.430748845450580120e-03
9.464438557624816895e-01,9.730401448905467987e-03,1.120316956075839698e-04,4.172366857528686523e-02,9.871306247077882290e-06,1.980321248993277550e-03
9.776071906089782715e-01,7.842333056032657623e-03,1.465303503209725022e-04,1.206218637526035309e-02,2.100124584103468806e-05,2.320759696885943413e-03
9.636774659156799316e-01,1.762543991208076477e-02,1.417095045326277614e-04,1.611136272549629211e-02,1.766639070410747081e-05,2.426297403872013092e-03
9.513214826583862305e-01,2.161403931677341461e-02,2.005655696848407388e-04,2.376805804669857025e-02,2.626545756356790662e-05,3.069538623094558716e-03
9.302466511726379395e-01,3.537040948867797852e-02,1.881793141365051270e-04,3.164285048842430115e-02,1.990501186810433865e-05,2.532003680244088173e-03
8.929584622383117676e-01,4.213923960924148560e-02,1.065919859684072435e-04,6.193095073103904724e-02,9.760384273249655962e-06,2.855057362467050552e-03
8.697896599769592285e-01,1.772460341453552246e-02,6.563450006069615483e-05,1.101144105195999146e-01,5.464471087179845199e-06,2.300300402566790581e-03
8.929226398468017578e-01,2.261069416999816895e-02,1.043004740495234728e-04,8.085314184427261353e-02,9.526341273158323020e-06,3.499767743051052094e-03
9.058972001075744629e-01,1.433937624096870422e-02,1.246596075361594558e-04,7.662392407655715942e-02,1.080643596651498228e-05,3.004094818606972694e-03
9.422428607940673828e-01,1.214182656258344650e-02,8.526143938070163131e-05,4.276610910892486572e-02,8.725143743504304439e-06,2.755194669589400291e-03
9.531369805335998535e-01,1.518202386796474457e-02,1.447527029085904360e-04,2.908762730658054352e-02,1.647223871259484440e-05,2.432046690955758095e-03
9.474760293960571289e-01,2.715213969349861145e-02,1.371566613670438528e-04,2.251142449676990509e-02,1.765326123859267682e-05,2.705657621845602989e-03
9.574898481369018555e-01,3.338242694735527039e-02,1.804679632186889648e-04,6.396711338311433792e-03,3.186430330970324576e-05,2.518650609999895096e-03
9.456855058670043945e-01,4.245353490114212036e-02,2.177443384425714612e-04,8.503088727593421936e-03,3.626560646807774901e-05,3.103772643953561783e-03
9.369223713874816895e-01,5.375645682215690613e-02,4.047745314892381430e-04,5.480920430272817612e-03,7.497164915548637509e-05,3.360469127073884010e-03
9.127368927001953125e-01,7.562738656997680664e-02,4.352696414571255445e-04,7.738846354186534882e-03,7.223909778986126184e-05,3.389308229088783264e-03
9.534023404121398926e-01,3.826146200299263000e-02,2.011427277466282248e-04,5.427035503089427948e-03,3.622280200943350792e-05,2.671735128387808800e-03
9.223135709762573242e-01,6.202632933855056763e-02,3.108954406343400478e-04,1.143548078835010529e-02,4.706297477241605520e-05,3.866529790684580803e-03
9.606943130493164062e-01,2.888118103146553040e-02,1.604658318683505058e-04,7.168377749621868134e-03,2.876571488741319627e-05,3.067000070586800575e-03
9.776370525360107422e-01,1.445947680622339249e-02,7.152912439778447151e-05,5.020488519221544266e-03,1.450637955713318661e-05,2.797082066535949707e-03
9.805880188941955566e-01,9.451830759644508362e-03,7.672260107938200235e-05,7.382127456367015839e-03,1.299432824453106150e-05,2.488326514139771461e-03
9.679610729217529297e-01,1.590790785849094391e-02,1.182890264317393303e-04,1.318246033042669296e-02,1.732646887830924243e-05,2.812945982441306114e-03
9.629496932029724121e-01,1.609875820577144623e-02,1.998589577851817012e-04,1.746319979429244995e-02,2.964406485261861235e-05,3.258909098803997040e-03
9.327552914619445801e-01,2.395261265337467194e-02,2.323032822459936142e-04,3.960347175598144531e-02,2.679434328456409276e-05,3.429509000852704048e-03
9.223592281341552734e-01,2.653540857136249542e-02,2.877441002056002617e-04,4.728202894330024719e-02,3.171716525685042143e-05,3.503993619233369827e-03
9.053248763084411621e-01,3.388756886124610901e-02,2.819170767907053232e-04,5.703911185264587402e-02,2.904412940551992506e-05,3.437605453655123711e-03
9.125238060951232910e-01,4.129602015018463135e-02,2.529424673411995173e-04,4.218408837914466858e-02,2.730650885496288538e-05,3.715849947184324265e-03
9.350312948226928711e-01,4.043813794851303101e-02,3.686710842885077000e-04,1.999965868890285492e-02,5.269004032015800476e-05,4.109508357942104340e-03
9.448496103286743164e-01,3.268587961792945862e-02,1.955489569809287786e-04,1.891248673200607300e-02,2.618038524815347046e-05,3.330396488308906555e-03
8.797428011894226074e-01,7.231475412845611572e-02,5.753827863372862339e-04,4.167494177818298340e-02,6.687395944027230144e-05,5.625225137919187546e-03
8.888861536979675293e-01,5.081741139292716980e-02,3.526408108882606030e-04,5.487116053700447083e-02,3.631212530308403075e-05,5.036226008087396622e-03
8.650385141372680664e-01,5.237038061022758484e-02,1.719810970826074481e-04,7.846856862306594849e-02,1.461529700463870540e-05,3.935761284083127975e-03
9.177783727645874023e-01,4.145982116460800171e-02,1.631818886380642653e-04,3.705901652574539185e-02,1.687822987150866538e-05,3.522746264934539795e-03
9.439442753791809082e-01,2.508280426263809204e-02,1.003664510790258646e-04,2.752285636961460114e-02,1.146418071584776044e-05,3.338219830766320229e-03
9.736288785934448242e-01,1.203831471502780914e-02,3.123178612440824509e-05,1.213178969919681549e-02,4.200810508336871862e-06,2.165649784728884697e-03
9.727841019630432129e-01,1.214125566184520721e-02,5.139624045114032924e-05,1.296393014490604401e-02,6.621570264542242512e-06,2.052720170468091965e-03
9.746072292327880859e-01,7.044477853924036026e-03,4.858369720750488341e-05,1.595062576234340668e-02,6.689429483230924234e-06,2.342348685488104820e-03
9.694259762763977051e-01,1.081943698227405548e-02,7.242669380502775311e-05,1.740489341318607330e-02,9.762239642441272736e-06,2.267628442496061325e-03
9.756113886833190918e-01,7.429374847561120987e-03,6.085200220695696771e-05,1.494866982102394104e-02,8.639080988359637558e-06,1.941139809787273407e-03
9.768927097320556641e-01,1.302997488528490067e-02,1.173177006421610713e-04,7.891552522778511047e-03,1.807593616831582040e-05,2.050448209047317505e-03
9.674397110939025879e-01,1.945246756076812744e-02,2.266051014885306358e-04,1.012161932885646820e-02,3.878412826452404261e-05,2.720758086070418358e-03
9.545988440513610840e-01,2.718309871852397919e-02,2.352884621359407902e-04,1.536757871508598328e-02,3.368508623680099845e-05,2.581471810117363930e-03
9.638367891311645508e-01,2.178897522389888763e-02,3.435254911892116070e-04,1.098525431007146835e-02,5.700650945072993636e-05,2.988345222547650337e-03
9.694783091545104980e-01,1.096433959901332855e-02,1.651172642596065998e-04,1.691612973809242249e-02,2.199490154453087598e-05,2.454090164974331856e-03
9.340525269508361816e-01,9.218086488544940948e-03,6.766230217181146145e-05,5.441280454397201538e-02,6.245229087653569877e-06,2.242623828351497650e-03
9.467866420745849609e-01,9.030971676111221313e-03,7.159804226830601692e-05,4.147870466113090515e-02,7.269014076882740483e-06,2.624939661473035812e-03
9.467977285385131836e-01,1.023451238870620728e-02,8.033076301217079163e-05,4.018319025635719299e-02,8.407499080931302160e-06,2.695869188755750656e-03
9.726369976997375488e-01,7.128961384296417236e-03,1.272159424843266606e-04,1.738016866147518158e-02,1.786265238479245454e-05,2.708855085074901581e-03
9.764311909675598145e-01,1.009843684732913971e-02,2.289440453751012683e-04,1.022623293101787567e-02,3.818460390903055668e-05,2.977026626467704773e-03
9.516001939773559570e-01,1.491751987487077713e-02,2.352269802941009402e-04,3.009822964668273926e-02,3.091114558628760278e-05,3.117920365184545517e-03
8.893276453018188477e-01,2.592020854353904724e-02,2.011364413192495704e-04,8.137156069278717041e-02,1.765520391927566379e-05,3.161742817610502243e-03
9.154112339019775391e-01,2.826211601495742798e-02,2.119870332535356283e-04,5.258353799581527710e-02,2.296523052791599184e-05,3.508216002956032753e-03
9.641802310943603516e-01,1.771902665495872498e-02,7.674427615711465478e-05,1.549586094915866852e-02,1.022306878439849243e-05,2.517827786505222321e-03
9.660861492156982422e-01,1.874229498207569122e-02,6.765213038306683302e-05,1.289024669677019119e-02,9.287326065532397479e-06,2.204407704994082451e-03
9.699887037277221680e-01,2.437206171452999115e-02,1.448064285796135664e-04,2.743980847299098969e-03,3.201631261617876589e-05,2.718451200053095818e-03
9.701532721519470215e-01,1.842924579977989197e-02,1.352775143459439278e-04,8.561947382986545563e-03,2.157552444259636104e-05,2.698566764593124390e-03
9.726439714431762695e-01,1.772401854395866394e-02,1.327691570622846484e-04,6.521079689264297485e-03,2.396624768152832985e-05,2.954134019091725349e-03
9.847366213798522949e-01,8.912462741136550903e-03,6.792747444706037641e-05,3.772034542635083199e-03,1.309309482167009264e-05,2.497731707990169525e-03
9.866503477096557617e-01,7.706879172474145889e-03,5.102949944557622075e-05,3.307461040094494820e-03,1.040552615449996665e-05,2.273947931826114655e-03
9.900720119476318359e-01,6.814363878220319748e-03,2.367147862969432026e-05,1.655522501096129417e-03,5.057001999375643209e-06,1.429308438673615456e-03
9.795905351638793945e-01,1.762351021170616150e-02,3.071203173021785915e-05,1.103886403143405914e-03,6.813043910369742662e-06,1.644542673602700233e-03
9.783978462219238281e-01,1.843842491507530212e-02,4.128030923311598599e-05,1.633582985959947109e-03,8.108166184683796018e-06,1.480699866078794003e-03
9.778631925582885742e-01,1.697572320699691772e-02,5.474141653394326568e-05,3.248699009418487549e-03,9.492857316217850894e-06,1.848253537900745869e-03
9.712448716163635254e-01,2.118536457419395447e-02,7.810417446307837963e-05,5.133241880685091019e-03,1.284705649595707655e-05,2.345493063330650330e-03
9.455587863922119141e-01,3.219407424330711365e-02,1.731131196720525622e-04,1.914128474891185760e-02,2.138553827535361052e-05,2.911233110353350639e-03
9.531311392784118652e-01,2.876430004835128784e-02,2.078857505694031715e-04,1.419309526681900024e-02,3.195592216798104346e-05,3.671626327559351921e-03
9.505317211151123047e-01,3.877376765012741089e-02,3.772563359234482050e-04,6.063032429665327072e-03,7.307842315640300512e-05,4.181226715445518494e-03
9.661239385604858398e-01,2.151783369481563568e-02,2.951118804048746824e-04,8.475122973322868347e-03,5.342784788808785379e-05,3.534586401656270027e-03
9.703294634819030762e-01,2.026428841054439545e-02,2.377908967901021242e-04,5.823645275086164474e-03,4.726239421870559454e-05,3.297474700957536697e-03
9.819621443748474121e-01,8.878033608198165894e-03,1.420049811713397503e-04,6.603143177926540375e-03,2.526884964026976377e-05,2.389460569247603416e-03
9.637255072593688965e-01,1.317035406827926636e-02,2.517769753467291594e-04,2.004341408610343933e-02,3.283641854068264365e-05,2.776092849671840668e-03
9.551502466201782227e-01,1.578685268759727478e-02,2.309961564606055617e-04,2.589613944292068481e-02,3.210477734683081508e-05,2.903630025684833527e-03
9.767962694168090820e-01,1.257905643433332443e-02,1.748994836816564202e-04,7.719518616795539856e-03,3.143287540297023952e-05,2.698977477848529816e-03
9.650499820709228516e-01,1.949487067759037018e-02,1.225929590873420238e-04,1.195928733795881271e-02,2.029549796134233475e-05,3.353038337081670761e-03
9.420897960662841797e-01,3.041847608983516693e-02,2.380988880759105086e-04,2.241682820022106171e-02,3.391286736587062478e-05,4.802864044904708862e-03
9.143368601799011230e-01,2.993443980813026428e-02,2.807230339385569096e-04,5.125392600893974304e-02,2.786472032312303782e-05,4.166122060269117355e-03
9.443343281745910645e-01,2.891604974865913391e-02,4.029958508908748627e-04,2.240857854485511780e-02,5.621534000965766609e-05,3.881847020238637924e-03
9.576265215873718262e-01,1.720684953033924103e-02,4.161584365647286177e-04,2.126835845410823822e-02,6.077635043766349554e-05,3.421553410589694977e-03
9.687924385070800781e-01,1.414308883249759674e-02,4.028551047667860985e-04,1.339075900614261627e-02,7.174730126280337572e-05,3.199157537892460823e-03
9.819564819335937500e-01,1.110544521361589432e-02,2.285347582073882222e-04,4.187832586467266083e-03,4.808033918379805982e-05,2.473574131727218628e-03
9.743436574935913086e-01,1.448980625718832016e-02,2.254248684039339423e-04,8.148561231791973114e-03,4.255788007867522538e-05,2.750017447397112846e-03
9.580473303794860840e-01,2.032537944614887238e-02,2.195863198721781373e-04,1.815278269350528717e-02,3.208652196917682886e-05,3.222751663997769356e-03
9.649193882942199707e-01,1.515353843569755554e-02,1.446395181119441986e-04,1.695351675152778625e-02,2.048423448286484927e-05,2.808428835123777390e-03
9.535827040672302246e-01,1.508940197527408600e-02,1.743643369991332293e-04,2.821697108447551727e-02,2.148520616174209863e-05,2.915010089054703712e-03
9.093076586723327637e-01,2.969705313444137573e-02,1.848083193181082606e-04,5.718287825584411621e-02,2.089224290102720261e-05,3.606776474043726921e-03
8.792821168899536133e-01,1.631183177232742310e-02,1.081401278497651219e-04,1.015017777681350708e-01,9.228317139786668122e-06,2.786855679005384445e-03
9.296872615814208984e-01,1.511331368237733841e-02,1.043720403686165810e-04,5.199560150504112244e-02,1.036668709275545552e-05,3.088953206315636635e-03
9.524868726730346680e-01,1.159796677529811859e-02,6.021345689077861607e-05,3.313387185335159302e-02,6.547335033246781677e-06,2.714474452659487724e-03
9.663377404212951660e-01,1.283086743205785751e-02,5.900752512388862669e-05,1.856455951929092407e-02,7.108863883331650868e-06,2.200593240559101105e-03
9.758027195930480957e-01,1.624718494713306427e-02,7.440879562636837363e-05,5.399287678301334381e-03,1.377995249640662223e-05,2.462645526975393295e-03
9.735919237136840820e-01,1.558725535869598389e-02,7.758006540825590491e-05,8.299525827169418335e-03,1.219397472596028820e-05,2.431652741506695747e-03
9.562311172485351562e-01,2.255743555724620819e-02,8.159654680639505386e-05,1.860819943249225616e-02,1.010375763144111261e-05,2.511430298909544945e-03
9.380435347557067871e-01,2.314840443432331085e-02,6.830642087152227759e-05,3.626528382301330566e-02,6.859400855319108814e-06,2.467754296958446503e-03
9.331532120704650879e-01,2.695936895906925201e-02,7.561128586530685425e-05,3.734973445534706116e-02,7.106047632987610996e-06,2.454871311783790588e-03
9.512372016906738281e-01,2.216790616512298584e-02,3.274733535363338888e-05,2.436641417443752289e-02,3.531184802341158502e-06,2.192183164879679680e-03
9.505766630172729492e-01,2.504342794418334961e-02,8.167813939508050680e-05,2.141157723963260651e-02,1.013368273561354727e-05,2.876521553844213486e-03
9.819989204406738281e-01,8.237672038376331329e-03,4.452082066563889384e-05,7.209656760096549988e-03,7.397956778731895611e-06,2.501861425116658211e-03
9.768219590187072754e-01,1.195769663900136948e-02,5.681505717802792788e-05,8.334246464073657990e-03,9.387246791447978467e-06,2.819737885147333145e-03
9.686028361320495605e-01,1.326987706124782562e-02,1.117386054829694331e-04,1.516360882669687271e-02,1.597046502865850925e-05,2.835997845977544785e-03
9.592161178588867188e-01,2.023680508136749268e-02,1.334642147412523627e-04,1.737192459404468536e-02,1.813757444324437529e-05,3.023572266101837158e-03
9.636803269386291504e-01,2.125982567667961121e-02,1.118154104915447533e-04,1.270704250782728195e-02,1.598543531144969165e-05,2.224999479949474335e-03
9.550014734268188477e-01,2.846033684909343719e-02,1.115277336793951690e-04,1.382105331867933273e-02,1.712670564302243292e-05,2.588490722700953484e-03
9.324492216110229492e-01,2.680704556405544281e-02,1.530874724267050624e-04,3.786248713731765747e-02,1.640173104533459991e-05,2.711669774726033211e-03
9.399292469024658203e-01,2.134829945862293243e-02,8.090449409792199731e-05,3.594533354043960571e-02,9.213963494403287768e-06,2.687014872208237648e-03
9.606097340583801270e-01,1.467167213559150696e-02,4.097201599506661296e-05,2.209781482815742493e-02,5.024840902478899807e-06,2.574755810201168060e-03
9.578384160995483398e-01,1.628045737743377686e-02,8.234442066168412566e-05,2.313219010829925537e-02,1.062547835317673162e-05,2.656019059941172600e-03
9.591799378395080566e-01,1.886511407792568207e-02,7.976633060025051236e-05,1.872064173221588135e-02,1.046433317242190242e-05,3.144026501104235649e-03
9.686563014984130859e-01,1.229397766292095184e-02,6.576263695023953915e-05,1.658066175878047943e-02,8.561230060877278447e-06,2.394802169874310493e-03
9.682688713073730469e-01,1.673442870378494263e-02,1.083495735656470060e-04,1.207018084824085236e-02,1.572389192006085068e-05,2.802462549880146980e-03
9.697176218032836914e-01,1.222108397632837296e-02,7.429681136272847652e-05,1.538112759590148926e-02,9.845370186667423695e-06,2.596164355054497719e-03
9.880605936050415039e-01,6.394610740244388580e-03,4.876196180703118443e-05,3.523980965837836266e-03,9.283752660849131644e-06,1.962625654414296150e-03
9.786365032196044922e-01,8.979902602732181549e-03,6.151192064862698317e-05,9.864958934485912323e-03,9.537393452774267644e-06,2.447593258693814278e-03
9.703125357627868652e-01,1.135448180139064789e-02,8.095535304164513946e-05,1.553381979465484619e-02,1.105085266317473724e-05,2.707193605601787567e-03
9.364000558853149414e-01,2.735185623168945312e-02,7.307128544198349118e-05,3.352627530694007874e-02,7.861411177145782858e-06,2.640839666128158569e-03
8.913049101829528809e-01,5.865244194865226746e-02,1.934817119035869837e-04,4.648545756936073303e-02,1.905419230752158910e-05,3.344615688547492027e-03
9.434826374053955078e-01,3.524694964289665222e-02,7.921352516859769821e-05,1.897764392197132111e-02,9.221731488651130348e-06,2.204501070082187653e-03
9.493328332901000977e-01,3.692585602402687073e-02,8.422758401138707995e-05,1.089738588780164719e-02,1.216235614265315235e-05,2.747521037235856056e-03
9.668603539466857910e-01,2.324585616588592529e-02,7.465462840627878904e-05,7.687423843890428543e-03,1.161620093625970185e-05,2.120088553056120872e-03
9.792399406433105469e-01,1.472153328359127045e-02,7.415434811264276505e-05,3.716031089425086975e-03,1.545664781588129699e-05,2.232973463833332062e-03
9.725365042686462402e-01,1.865448243916034698e-02,6.346619193209335208e-05,6.013992242515087128e-03,1.130712007579859346e-05,2.720163203775882721e-03
9.709215760231018066e-01,1.779801212251186371e-02,3.406448377063497901e-05,8.745596744120121002e-03,5.219216745899757370e-06,2.495582215487957001e-03
9.776837825775146484e-01,1.019227970391511917e-02,4.329942385083995759e-05,9.721253067255020142e-03,6.192807632032781839e-06,2.353155752643942833e-03
9.644428491592407227e-01,9.548457339406013489e-03,3.590945925679989159e-05,2.363137528300285339e-02,4.220723894832190126e-06,2.337287180125713348e-03
9.541535377502441406e-01,7.524904329329729080e-03,4.904006709693931043e-05,3.607472777366638184e-02,4.820144567929673940e-06,2.193005755543708801e-03
9.811869859695434570e-01,7.257014047354459763e-03,7.351610111072659492e-05,8.923836983740329742e-03,1.174830413219751790e-05,2.546994946897029877e-03
9.836411476135253906e-01,3.816937794908881187e-03,5.007081563235260546e-05,1.044875942170619965e-02,7.276507403730647638e-06,2.035869983956217766e-03
9.866957664489746094e-01,7.984373718500137329e-03,6.851556827314198017e-05,3.418867476284503937e-03,1.325295579590601847e-05,1.819338300265371799e-03
9.700560569763183594e-01,2.344565466046333313e-02,8.796800102572888136e-05,4.123894032090902328e-03,1.599229108251165599e-05,2.270510420203208923e-03
9.675506353378295898e-01,2.489467523992061615e-02,1.324697514064610004e-04,5.161999724805355072e-03,2.324647175555583090e-05,2.236880594864487648e-03
9.609104394912719727e-01,3.159117698669433594e-02,3.381633432582020760e-04,3.982192371040582657e-03,6.738216325175017118e-05,3.110702149569988251e-03
9.701083898544311523e-01,2.523129992187023163e-02,2.119590353686362505e-04,1.767711481079459190e-03,5.069475446362048388e-05,2.629877533763647079e-03
9.574742317199707031e-01,3.690503910183906555e-02,3.454516991041600704e-04,1.607237500138580799e-03,9.004128514789044857e-05,3.577986732125282288e-03
9.648053050041198730e-01,3.087849356234073639e-02,3.358552639838308096e-04,7.254799129441380501e-04,1.032556901918724179e-04,3.151434473693370819e-03
9.474723935127258301e-01,4.602353647351264954e-02,2.952486393041908741e-04,2.876602811738848686e-03,5.898680319660343230e-05,3.273298032581806183e-03
9.787842631340026855e-01,1.609626226127147675e-02,1.083307870430871844e-04,2.670509973540902138e-03,2.228065568488091230e-05,2.318378770723938942e-03
9.778938293457031250e-01,1.433017104864120483e-02,9.952313848771154881e-05,5.164701957255601883e-03,1.720648106129374355e-05,2.494413638487458229e-03
9.801657199859619141e-01,1.028937287628650665e-02,6.472298991866409779e-05,7.195315789431333542e-03,1.147246712207561359e-05,2.273480873554944992e-03
9.844927787780761719e-01,5.611118394881486893e-03,4.491326035349629819e-05,7.960509508848190308e-03,7.466258466592989862e-06,1.883127726614475250e-03
9.816098213195800781e-01,7.958405651152133942e-03,1.382469490636140108e-04,7.890209555625915527e-03,2.330431561858858913e-05,2.380013931542634964e-03
9.543629884719848633e-01,2.274393476545810699e-02,3.493758267723023891e-04,1.920663937926292419e-02,4.852067650062963367e-05,3.288674866780638695e-03
9.374859333038330078e-01,2.050908468663692474e-02,4.040993808303028345e-04,3.856513649225234985e-02,4.594835263560526073e-05,2.989856526255607605e-03
9.013688564300537109e-01,6.239778175950050354e-02,7.668918697163462639e-04,3.079078905284404755e-02,1.022351279971189797e-04,4.573527257889509201e-03
9.461539983749389648e-01,4.021473601460456848e-02,3.250314330216497183e-04,1.028902642428874969e-02,4.985909254173748195e-05,2.967317122966051102e-03
9.411565065383911133e-01,2.297819405794143677e-02,1.211314083775505424e-04,3.337103128433227539e-02,1.348624482488958165e-05,2.359618898481130600e-03
9.455364942550659180e-01,3.722796961665153503e-02,1.178066231659613550e-04,1.458439137786626816e-02,1.604554563527926803e-05,2.517259446904063225e-03
9.400974512100219727e-01,4.098603501915931702e-02,1.756441779434680939e-04,1.575557142496109009e-02,2.256455263704992831e-05,2.962724305689334869e-03
9.077666401863098145e-01,5.383107811212539673e-02,2.387205022387206554e-04,3.473116457462310791e-02,2.594927900645416230e-05,3.406527917832136154e-03
8.990010023117065430e-01,6.847737729549407959e-02,2.713714784476906061e-04,2.858718484640121460e-02,3.057512367377057672e-05,3.632493317127227783e-03
8.973165750503540039e-01,5.486945435404777527e-02,2.311039133928716183e-04,4.427472129464149475e-02,2.415965172986034304e-05,3.284082049503922462e-03
8.665493130683898926e-01,6.369075179100036621e-02,2.085940359393134713e-04,6.583943217992782593e-02,1.834963222790975124e-05,3.693516366183757782e-03
7.529937028884887695e-01,1.225612610578536987e-01,3.388043260201811790e-04,1.199723184108734131e-01,2.309225237695500255e-05,4.110949113965034485e-03
9.227865934371948242e-01,6.240616738796234131e-02,1.634535728953778744e-04,1.100295595824718475e-02,2.308552939211949706e-05,3.617735579609870911e-03
9.460509419441223145e-01,4.227690026164054871e-02,1.306024641962721944e-04,8.149917237460613251e-03,2.089716872433200479e-05,3.370802849531173706e-03
9.551886320114135742e-01,3.597434610128402710e-02,2.628529036883264780e-04,4.917388781905174255e-03,5.143468297319486737e-05,3.605356207117438316e-03
9.651209115982055664e-01,2.776449732482433319e-02,3.737872757483273745e-04,3.213973715901374817e-03,8.086403977358713746e-05,3.445859998464584351e-03
9.456434249877929688e-01,3.788850829005241394e-02,3.163796500302851200e-04,1.227028481662273407e-02,4.812961924471892416e-05,3.833273891359567642e-03
9.375314116477966309e-01,3.743252530694007874e-02,2.223592600785195827e-04,2.119530178606510162e-02,2.800680158543400466e-05,3.590327687561511993e-03
8.229253292083740234e-01,7.508382201194763184e-02,2.138435957022011280e-04,9.811481088399887085e-02,1.836733827076386660e-05,3.643747651949524879e-03
8.119912743568420410e-01,6.123830005526542664e-02,1.256485702469944954e-04,1.237844228744506836e-01,9.513434633845463395e-06,2.850895514711737633e-03
9.174932837486267090e-01,3.044065460562705994e-02,7.642823766218498349e-05,4.987092316150665283e-02,6.827837751188781112e-06,2.111895242705941200e-03
9.260128736495971680e-01,2.327344939112663269e-02,6.235956971067935228e-05,4.825456812977790833e-02,5.658424470311729237e-06,2.391046378761529922e-03
9.577929377555847168e-01,1.886276341974735260e-02,7.830610411474481225e-05,2.033740282058715820e-02,1.014294593915110454e-05,2.918496960774064064e-03
9.657978415489196777e-01,1.822051219642162323e-02,8.540335693396627903e-05,1.322893798351287842e-02,1.200809492729604244e-05,2.655461430549621582e-03
9.733130931854248047e-01,1.825354434549808502e-02,4.762168828165158629e-05,6.073992233723402023e-03,8.071591764746699482e-06,2.303733956068754196e-03
9.737192392349243164e-01,1.637178473174571991e-02,3.697520151035860181e-05,7.687356788665056229e-03,5.880577191419433802e-06,2.178683644160628319e-03
9.712952375411987305e-01,1.461595110595226288e-02,6.128166569396853447e-05,1.208282355219125748e-02,7.144876690290402621e-06,1.937456079758703709e-03
9.665710330009460449e-01,1.533689070492982864e-02,5.523861182155087590e-05,1.583609357476234436e-02,6.477857368736295030e-06,2.194288652390241623e-03
8.570173978805541992e-01,3.221966698765754700e-02,1.659748231759294868e-04,1.073937714099884033e-01,1.169496681541204453e-05,3.191445721313357353e-03
9.031751751899719238e-01,3.358106687664985657e-02,1.726435439195483923e-04,5.954223498702049255e-02,1.667582728259731084e-05,3.512196242809295654e-03
9.144222736358642578e-01,4.302726686000823975e-02,1.559909869683906436e-04,3.950371593236923218e-02,1.547185456729494035e-05,2.875346457585692406e-03
9.562005996704101562e-01,2.755982987582683563e-02,1.006223610602319241e-04,1.359143853187561035e-02,1.384125698677962646e-05,2.533757593482732773e-03
9.698327183723449707e-01,1.915011182427406311e-02,8.817399793770164251e-05,8.906418457627296448e-03,1.334549688181141391e-05,2.009208314120769501e-03
9.657471179962158203e-01,1.704681478440761566e-02,8.661054016556590796e-05,1.503144204616546631e-02,1.146352587966248393e-05,2.076554810628294945e-03
9.684652686119079590e-01,1.030005514621734619e-02,7.215481309685856104e-05,1.937771961092948914e-02,8.608692951384000480e-06,1.776120741851627827e-03
9.665178060531616211e-01,9.718777611851692200e-03,4.245167292538098991e-05,2.205423638224601746e-02,4.769154656969476491e-06,1.662143738940358162e-03
9.690800905227661133e-01,7.507444359362125397e-03,5.396263077273033559e-05,2.166100405156612396e-02,6.196603862917982042e-06,1.691373647190630436e-03
9.342130422592163086e-01,1.962586492300033569e-02,8.574389357818290591e-05,4.357344284653663635e-02,8.781446922512259334e-06,2.493144012987613678e-03
8.928806185722351074e-01,5.856921523809432983e-02,2.156983682652935386e-04,4.468557983636856079e-02,2.264086288050748408e-05,3.626243444159626961e-03
8.844078779220581055e-01,4.616311192512512207e-02,1.614360808162018657e-04,6.610725075006484985e-02,1.504972806287696585e-05,3.145318245515227318e-03
8.690878748893737793e-01,7.196918874979019165e-02,1.875416928669437766e-04,5.574652180075645447e-02,1.643427094677463174e-05,2.992508234456181526e-03
9.036442041397094727e-01,4.122253134846687317e-02,1.501069928053766489e-04,5.188823491334915161e-02,1.337637604592600837e-05,3.081673290580511093e-03
8.813422918319702148e-01,4.059025645256042480e-02,8.075419464148581028e-05,7.492493093013763428e-02,6.904074780322844163e-06,3.054782515391707420e-03
8.900257349014282227e-01,6.184817478060722351e-02,9.196619066642597318e-05,4.519020393490791321e-02,7.900722266640514135e-06,2.836016705259680748e-03
9.619289040565490723e-01,2.243434451520442963e-02,8.091481868177652359e-05,1.325784157961606979e-02,1.036144203681033105e-05,2.287640701979398727e-03
9.530976414680480957e-01,2.831158973276615143e-02,1.059770584106445312e-04,1.603368110954761505e-02,1.429720578016713262e-05,2.436821581795811653e-03
9.751230478286743164e-01,1.582147739827632904e-02,9.929747466230764985e-05,6.238162983208894730e-03,1.962518763320986181e-05,2.698339987546205521e-03
9.816206097602844238e-01,9.786756709218025208e-03,7.107387500582262874e-05,5.905420519411563873e-03,1.312173026235541329e-05,2.603128552436828613e-03
9.773255586624145508e-01,1.015181094408035278e-02,1.591571635799482465e-04,9.584551677107810974e-03,2.789303289318922907e-05,2.751167165115475655e-03
9.520512223243713379e-01,1.645043864846229553e-02,1.005872327368706465e-04,2.891634963452816010e-02,1.135519778472371399e-05,2.470114501193165779e-03
9.529049396514892578e-01,2.216296270489692688e-02,1.389461103826761246e-04,2.201665565371513367e-02,1.769664777384605259e-05,2.758740447461605072e-03
9.125934243202209473e-01,2.555725164711475372e-02,5.713565042242407799e-05,5.977649241685867310e-02,5.228613645158475265e-06,2.010450931265950203e-03
9.288859963417053223e-01,1.303001679480075836e-02,3.296842623967677355e-05,5.671237409114837646e-02,2.637057377796736546e-06,1.335884910076856613e-03
9.554392099380493164e-01,1.098969765007495880e-02,3.889598156092688441e-05,3.201466798782348633e-02,3.744867626664927229e-06,1.513726660050451756e-03
9.676565527915954590e-01,1.210288889706134796e-02,5.915379369980655611e-05,1.849597506225109100e-02,6.833353836555033922e-06,1.678625238128006458e-03
9.744141697883605957e-01,8.875763043761253357e-03,5.193624383537098765e-05,1.525467541068792343e-02,6.474955625890288502e-06,1.396949635818600655e-03
9.784712195396423340e-01,1.095373928546905518e-02,6.099569509387947619e-05,8.876341395080089569e-03,9.299753401137422770e-06,1.628397381864488125e-03
9.785858392715454102e-01,1.217964943498373032e-02,5.714041981264017522e-05,7.231048773974180222e-03,9.510460586170665920e-06,1.936679822392761707e-03
9.794416427612304688e-01,5.205459892749786377e-03,3.340088005643337965e-05,1.379822008311748505e-02,4.413196165842236951e-06,1.516946824267506599e-03
9.875093102455139160e-01,4.965063184499740601e-03,3.030387961189262569e-05,5.939606577157974243e-03,4.988620730728143826e-06,1.550873043015599251e-03
9.805706143379211426e-01,7.763571105897426605e-03,5.551584035856649280e-05,9.614559821784496307e-03,8.477520168526098132e-06,1.987132010981440544e-03
9.625422954559326172e-01,2.347455359995365143e-02,1.161045292974449694e-04,1.126362010836601257e-02,1.782521940185688436e-05,2.585689770057797432e-03
9.402274489402770996e-01,4.382687807083129883e-02,1.280682481592521071e-04,1.342208404093980789e-02,1.656658605497796088e-05,2.378877252340316772e-03
8.779347538948059082e-01,8.296269923448562622e-02,3.050437371712177992e-04,3.580313548445701599e-02,3.194495002389885485e-05,2.962293568998575211e-03
7.944736480712890625e-01,1.414244025945663452e-01,7.547336281277239323e-04,5.860179290175437927e-02,7.387673394987359643e-05,4.671491682529449463e-03
8.185644149780273438e-01,9.665533155202865601e-02,4.879703919868916273e-04,8.062454313039779663e-02,4.306592381908558309e-05,3.624758217483758926e-03
9.219160079956054688e-01,4.044411331415176392e-02,2.354347234359011054e-04,3.431743383407592773e-02,2.857670551748014987e-05,3.058453323319554329e-03
9.649711251258850098e-01,1.980652287602424622e-02,1.740690640872344375e-04,1.246706675738096237e-02,2.783492891467176378e-05,2.553361235186457634e-03
9.707801342010498047e-01,1.815680786967277527e-02,1.924084936035797000e-04,8.017376996576786041e-03,3.597223621909506619e-05,2.817250788211822510e-03
9.847853183746337891e-01,8.448423817753791809e-03,1.105792835005559027e-04,4.381996113806962967e-03,2.363173371122684330e-05,2.250118181109428406e-03
9.851682186126708984e-01,6.850063335150480270e-03,1.049273196258582175e-04,5.700196605175733566e-03,1.992537181649822742e-05,2.156572416424751282e-03
9.772361516952514648e-01,8.717360906302928925e-03,5.674642306985333562e-05,1.203416846692562103e-02,7.683074727538041770e-06,1.947868266142904758e-03
9.528059959411621094e-01,1.556755322962999344e-02,4.688101762440055609e-05,2.987100556492805481e-02,4.761599029734497890e-06,1.703771995380520821e-03
9.278406500816345215e-01,2.905375696718692780e-02,3.813573493971489370e-05,4.122482612729072571e-02,3.416749223106307909e-06,1.839127275161445141e-03
8.877310156822204590e-01,4.029107466340065002e-02,6.944349297555163503e-05,6.987497955560684204e-02,5.425852577900514007e-06,2.028149785473942757e-03
8.446982502937316895e-01,5.505419522523880005e-02,1.297263806918635964e-04,9.777059406042098999e-02,9.810736628423910588e-06,2.337580546736717224e-03
8.816111683845520020e-01,7.061552256345748901e-02,1.909979910124093294e-04,4.464129358530044556e-02,1.768985748640261590e-05,2.923396881669759750e-03
8.550423979759216309e-01,7.147059589624404907e-02,2.563868765719234943e-04,6.986786425113677979e-02,2.325783498235978186e-05,3.339630318805575371e-03
8.135914802551269531e-01,7.284429669380187988e-02,3.090284881182014942e-04,1.094847172498703003e-01,2.347271765756886452e-05,3.747047157958149910e-03
8.413684368133544922e-01,6.676889955997467041e-02,2.141280419891700149e-04,8.771529048681259155e-02,1.647940553084481508e-05,3.916751127690076828e-03
9.090087413787841797e-01,2.033948898315429688e-02,4.612874181475490332e-05,6.780630350112915039e-02,3.702723915921524167e-06,2.795628039166331291e-03
9.083824157714843750e-01,2.125691436231136322e-02,6.049503645044751465e-05,6.684023886919021606e-02,5.658923782903002575e-06,3.454423043876886368e-03
9.304605722427368164e-01,3.022815845906734467e-02,6.489283259725198150e-05,3.585144877433776855e-02,6.351058345899218693e-06,3.388714278116822243e-03
9.242277145385742188e-01,2.889893576502799988e-02,5.566344771068543196e-05,4.413954913616180420e-02,5.050379058957332745e-06,2.672942820936441422e-03
8.782727718353271484e-01,4.317854344844818115e-02,7.290405483217909932e-05,7.559282332658767700e-02,6.160587417980423197e-06,2.876883605495095253e-03
9.267652034759521484e-01,4.557660594582557678e-02,6.261114322114735842e-05,2.497869357466697693e-02,7.104612450348213315e-06,2.609804039821028709e-03
9.100918769836425781e-01,4.253413528203964233e-02,5.980361675028689206e-05,4.491665586829185486e-02,5.613672783510992303e-06,2.391913207247853279e-03
9.119555950164794922e-01,3.416544198989868164e-02,4.297215127735398710e-05,5.120965465903282166e-02,3.657694151115720160e-06,2.622702391818165779e-03
9.387224912643432617e-01,2.416680939495563507e-02,6.570710684172809124e-05,3.438181802630424500e-02,6.878782642161240801e-06,2.656348282471299171e-03
9.534417986869812012e-01,8.066941052675247192e-03,3.675817060866393149e-05,3.653638437390327454e-02,3.416265599298640154e-06,1.914688153192400932e-03
9.633073806762695312e-01,1.505418960005044937e-02,9.448184573557227850e-05,1.916605047881603241e-02,1.144151519838487729e-05,2.366323489695787430e-03
9.641259312629699707e-01,1.744018308818340302e-02,1.706975453998893499e-04,1.568274386227130890e-02,2.414715709164738655e-05,2.556419465690851212e-03
9.619767069816589355e-01,1.967790350317955017e-02,2.009686577366665006e-04,1.555774640291929245e-02,2.787299672490917146e-05,2.558853244408965111e-03
9.656966328620910645e-01,2.101933769881725311e-02,1.496417680755257607e-04,1.073226984590291977e-02,2.270631739520467818e-05,2.379379468038678169e-03
9.540470242500305176e-01,1.858930476009845734e-02,1.392427220707759261e-04,2.455844916403293610e-02,1.766823334037326276e-05,2.648411085829138756e-03
9.646798372268676758e-01,1.672315038740634918e-02,1.241489080712199211e-04,1.601512171328067780e-02,1.776050157786812633e-05,2.439991571009159088e-03
9.637913107872009277e-01,1.374404784291982651e-02,8.012161561055108905e-05,2.019173465669155121e-02,9.754417988006025553e-06,2.183062490075826645e-03
9.620370268821716309e-01,1.473647542297840118e-02,5.202426473260857165e-05,2.127330936491489410e-02,6.108751676947576925e-06,1.895039924420416355e-03
9.660829901695251465e-01,1.273686531931161880e-02,4.087388151674531400e-05,1.925886981189250946e-02,5.085481006972258911e-06,1.875261543318629265e-03
9.747981429100036621e-01,1.087059453129768372e-02,4.131567766307853162e-05,1.224055606871843338e-02,5.707245236408198252e-06,2.043623011559247971e-03
9.684245586395263672e-01,9.590155445039272308e-03,3.202662264811806381e-05,2.005966007709503174e-02,3.566164423318696208e-06,1.890022540464997292e-03
9.575692415237426758e-01,8.584314957261085510e-03,3.138770625810138881e-05,3.203105181455612183e-02,3.282770421719760634e-06,1.780783757567405701e-03
9.466229081153869629e-01,1.409977022558450699e-02,4.689784327638335526e-05,3.681143745779991150e-02,4.886969236395088956e-06,2.414042362943291664e-03
9.584144949913024902e-01,1.453976426273584366e-02,5.771184441982768476e-05,2.463102713227272034e-02,6.828532605140935630e-06,2.350140828639268875e-03
9.715831279754638672e-01,1.153329666703939438e-02,5.437398431240580976e-05,1.447033416479825974e-02,8.264718417194671929e-06,2.350709866732358932e-03
9.807041883468627930e-01,7.088404614478349686e-03,2.284832044097129256e-05,1.021180115640163422e-02,3.414141929170000367e-06,1.969428500160574913e-03
9.800124764442443848e-01,9.868174791336059570e-03,4.526259726844727993e-05,8.092319592833518982e-03,6.678525551251368597e-06,1.975089544430375099e-03
9.693472385406494141e-01,1.272974908351898193e-02,3.604157245717942715e-05,1.593153923749923706e-02,4.574003014568006620e-06,1.950688892975449562e-03
9.527946710586547852e-01,1.286034192889928818e-02,3.893133543897420168e-05,3.282896429300308228e-02,3.506862185531645082e-06,1.473572454415261745e-03
9.330236911773681641e-01,2.623037062585353851e-02,6.157882307888939977e-05,3.878327831625938416e-02,6.304125236056279391e-06,1.894762623123824596e-03
9.658340811729431152e-01,1.439364347606897354e-02,7.164679846027866006e-05,1.788554340600967407e-02,8.726709893380757421e-06,1.806332613341510296e-03
9.664690494537353516e-01,1.322872284799814224e-02,7.130142330424860120e-05,1.815783418715000153e-02,9.335886716144159436e-06,2.063702559098601341e-03
9.701051712036132812e-01,7.314410991966724396e-03,3.919914888683706522e-05,2.014857530593872070e-02,5.182913355383789167e-06,2.387330168858170509e-03
9.630499482154846191e-01,7.067115511745214462e-03,3.387871765880845487e-05,2.761165797710418701e-02,3.655005684777279384e-06,2.233709674328565598e-03
9.494314193725585938e-01,1.776296831667423248e-02,9.434579260414466262e-05,3.002414479851722717e-02,1.073120347427902743e-05,2.676408505067229271e-03
9.473268985748291016e-01,1.710768043994903564e-02,7.081967487465590239e-05,3.337450698018074036e-02,7.104381438693962991e-06,2.113008173182606697e-03
8.639633655548095703e-01,2.921732887625694275e-02,9.373529610456898808e-05,1.043707206845283508e-01,7.732210178801324219e-06,2.347164554521441460e-03
9.115483164787292480e-01,2.036922797560691833e-02,4.547162825474515557e-05,6.582100689411163330e-02,3.570673243302735500e-06,2.212400082498788834e-03
9.376131296157836914e-01,1.255298685282468796e-02,2.021162254095543176e-05,4.760451242327690125e-02,1.831293047871440649e-06,2.207329031080007553e-03
9.446842074394226074e-01,1.521741412580013275e-02,2.129149470420088619e-05,3.792073950171470642e-02,2.016208327404456213e-06,2.154253656044602394e-03
9.677830338478088379e-01,7.436834275722503662e-03,7.545655535068362951e-06,2.322705276310443878e-02,7.143581797208753414e-07,1.544891274534165859e-03
9.715627431869506836e-01,8.847984485328197479e-03,1.342143787042004988e-05,1.780017651617527008e-02,1.527959170743997674e-06,1.774087431840598583e-03
9.787841439247131348e-01,1.141651067882776260e-02,4.190331310383044183e-05,8.003667928278446198e-03,6.113807557994732633e-06,1.747792353853583336e-03
9.799520373344421387e-01,1.104590855538845062e-02,2.992808731505647302e-05,7.316257804632186890e-03,4.432017249200725928e-06,1.651521655730903149e-03
9.835233092308044434e-01,1.119959168136119843e-02,3.162044231430627406e-05,3.534285584464669228e-03,5.885340215172618628e-06,1.705346163362264633e-03
9.877282381057739258e-01,7.901433855295181274e-03,2.276048871863167733e-05,2.638356294482946396e-03,4.719900516647612676e-06,1.704469672404229641e-03
9.692990779876708984e-01,1.613705232739448547e-02,2.938587749667931348e-05,1.221976429224014282e-02,3.782615522140986286e-06,2.310862531885504723e-03
9.589170217514038086e-01,2.096849493682384491e-02,2.507694625819567591e-05,1.770856045186519623e-02,3.036291900571086444e-06,2.377744065597653389e-03
9.154814481735229492e-01,3.304313123226165771e-02,6.532444240292534232e-05,4.839789122343063354e-02,6.312737696134718135e-06,3.005811246111989021e-03
9.233356714248657227e-01,3.043377399444580078e-02,9.526508074486628175e-05,4.345370084047317505e-02,9.555000360705889761e-06,2.672055736184120178e-03
9.031533002853393555e-01,2.978017739951610565e-02,7.507838017772883177e-05,6.486252695322036743e-02,6.215546818566508591e-06,2.122738165780901909e-03
8.858455419540405273e-01,5.576938763260841370e-02,1.312154490733519197e-04,5.590739101171493530e-02,1.063855688698822632e-05,2.335755387321114540e-03
8.435949087142944336e-01,5.042906105518341064e-02,7.528561400249600410e-05,1.034106984734535217e-01,5.762609816883923486e-06,2.484213327988982201e-03
8.099829554557800293e-01,4.900521039962768555e-02,9.787772432900965214e-05,1.385270953178405762e-01,6.589344593521673232e-06,2.380197634920477867e-03
8.430305123329162598e-01,3.173744678497314453e-02,9.154211875284090638e-05,1.230572685599327087e-01,6.194017259986139834e-06,2.076925477012991905e-03
8.682754635810852051e-01,2.148711122572422028e-02,9.474877151660621166e-05,1.077348291873931885e-01,7.324588750634575263e-06,2.400530967861413956e-03
9.271396994590759277e-01,2.328812330961227417e-02,1.000803313218057156e-04,4.629076272249221802e-02,1.055660231941146776e-05,3.170723561197519302e-03
9.198709726333618164e-01,3.596854209899902344e-02,1.879093761090189219e-04,4.021649062633514404e-02,2.255038270959630609e-05,3.733522724360227585e-03
9.393553733825683594e-01,2.812622301280498505e-02,2.740752534009516239e-04,2.841741032898426056e-02,3.658339483081363142e-05,3.790265414863824844e-03
9.704836010932922363e-01,1.634242385625839233e-02,2.301580243511125445e-04,1.013594027608633041e-02,3.470011506578885019e-05,2.773270709440112114e-03
9.090330600738525391e-01,4.389370605349540710e-02,4.913435550406575203e-04,4.281495139002799988e-02,5.693342245649546385e-05,3.709960030391812325e-03
9.001755118370056152e-01,4.479307308793067932e-02,2.391907473793253303e-04,5.124358832836151123e-02,2.355775359319522977e-05,3.525021951645612717e-03
7.799861431121826172e-01,1.019266992807388306e-01,4.627789603546261787e-04,1.129402220249176025e-01,4.058297417941503227e-05,4.643722902983427048e-03
7.728954553604125977e-01,6.531272828578948975e-02,1.623681309865787625e-04,1.581609398126602173e-01,1.179763239633757621e-05,3.456682898104190826e-03
9.297321438789367676e-01,3.354047983884811401e-02,4.300622094888240099e-05,3.407916054129600525e-02,4.547283879219321534e-06,2.600575564429163933e-03
9.156508445739746094e-01,3.536348044872283936e-02,5.016777868149802089e-05,4.625813290476799011e-02,4.504618573264451697e-06,2.672852715477347374e-03
9.275457859039306641e-01,3.488245606422424316e-02,4.430171247804537416e-05,3.456275910139083862e-02,4.509376594796776772e-06,2.960168756544589996e-03
9.693980216979980469e-01,1.717406883835792542e-02,4.744080797536298633e-05,1.115552149713039398e-02,6.301760095084318891e-06,2.218632260337471962e-03
9.670701026916503906e-01,1.337197609245777130e-02,6.028078132658265531e-05,1.717177405953407288e-02,7.810727765900082886e-06,2.318031620234251022e-03
9.793901443481445312e-01,1.104226987808942795e-02,8.883648115443065763e-05,6.959130056202411652e-03,1.654723564570304006e-05,2.502943854779005051e-03
9.890484213829040527e-01,5.887477193027734756e-03,4.805832941201515496e-05,3.113061888143420219e-03,1.054108815878862515e-05,1.892438158392906189e-03
9.901075363159179688e-01,4.124523606151342392e-03,4.236573658999986947e-05,4.121450707316398621e-03,8.521444215148221701e-06,1.595511450432240963e-03
9.860497117042541504e-01,5.763793829828500748e-03,3.616172398324124515e-05,6.549784447997808456e-03,5.817695637233555317e-06,1.594713190570473671e-03
9.833926558494567871e-01,5.215432029217481613e-03,2.970717105199582875e-05,9.741651825606822968e-03,4.375978278403636068e-06,1.616281224414706230e-03
9.683129191398620605e-01,1.202880218625068665e-02,5.729791155317798257e-05,1.755601726472377777e-02,7.491691121686017141e-06,2.037450438365340233e-03
9.771346449851989746e-01,9.440558031201362610e-03,6.135353760328143835e-05,1.122070662677288055e-02,9.024076462083030492e-06,2.133746165782213211e-03
9.828395247459411621e-01,7.126094773411750793e-03,7.026569073786959052e-05,8.054153993725776672e-03,1.145765781984664500e-05,1.898371847346425056e-03
9.582051634788513184e-01,1.694602705538272858e-02,1.901671494124457240e-04,2.187965251505374908e-02,2.644199412316083908e-05,2.752679632976651192e-03
9.506458044052124023e-01,2.154021151363849640e-02,1.289331848965957761e-04,2.519290894269943237e-02,1.682188849372323602e-05,2.475430956110358238e-03
9.403162002563476562e-01,2.627509273588657379e-02,1.119748776545748115e-04,3.084254264831542969e-02,1.268527557840570807e-05,2.441497053951025009e-03
9.151937365531921387e-01,3.150222823023796082e-02,1.174072094727307558e-04,5.065514519810676575e-02,1.178139700641622767e-05,2.519747475162148476e-03
9.305672645568847656e-01,2.992098219692707062e-02,6.522516196127980947e-05,3.717456758022308350e-02,6.634521923842839897e-06,2.265194663777947426e-03
9.307939410209655762e-01,5.250060930848121643e-02,1.696643594186753035e-04,1.382615976035594940e-02,2.093115108436904848e-05,2.688675653189420700e-03
8.882186412811279297e-01,9.652853757143020630e-02,2.936337841674685478e-04,1.183699164539575577e-02,3.860544165945611894e-05,3.083582036197185516e-03
8.972809910774230957e-01,8.876137435436248779e-02,3.809552581515163183e-04,1.073266752064228058e-02,5.196427082410082221e-05,2.792024519294500351e-03
9.181388616561889648e-01,6.774204969406127930e-02,3.538501623552292585e-04,1.066756807267665863e-02,4.755552072310820222e-05,3.050100058317184448e-03
9.621633887290954590e-01,2.417779341340065002e-02,2.921533014159649611e-04,1.036162767559289932e-02,4.885715679847635329e-05,2.956141950562596321e-03
9.730844497680664062e-01,1.764002069830894470e-02,1.569655578350648284e-04,6.614405661821365356e-03,2.683103957679122686e-05,2.477462403476238251e-03
9.825446009635925293e-01,1.060128957033157349e-02,1.231635978911072016e-04,4.451829940080642700e-03,2.600478546810336411e-05,2.253067214041948318e-03
9.695066809654235840e-01,1.882128976285457611e-02,3.012670204043388367e-04,8.405765518546104431e-03,5.402975511969998479e-05,2.911089221015572548e-03
9.655819535255432129e-01,1.723657734692096710e-02,1.982176909223198891e-04,1.455236040055751801e-02,2.752138971118256450e-05,2.403407823294401169e-03
9.225139021873474121e-01,4.658285528421401978e-02,5.747200339101254940e-04,2.661053650081157684e-02,7.407786324620246887e-05,3.643916919827461243e-03
9.596843719482421875e-01,2.070802077651023865e-02,2.364032261539250612e-04,1.634880341589450836e-02,3.271569585194811225e-05,2.989731263369321823e-03
9.764556288719177246e-01,9.649718180298805237e-03,8.387042907997965813e-05,1.186877395957708359e-02,1.172736483567859977e-05,1.930163474753499031e-03
9.738847613334655762e-01,1.162173133343458176e-02,9.163766662823036313e-05,1.225714385509490967e-02,1.325598168477881700e-05,2.131529850885272026e-03
9.732984304428100586e-01,9.063153527677059174e-03,7.127528806449845433e-05,1.562667265534400940e-02,9.244961802323814481e-06,1.931267674081027508e-03
9.641175866127014160e-01,1.406345795840024948e-02,8.518162940163165331e-05,1.949664950370788574e-02,1.060550948750460520e-05,2.226467709988355637e-03
9.360851049423217773e-01,2.255512028932571411e-02,7.210444891825318336e-05,3.851997852325439453e-02,7.252142950164852664e-06,2.760456874966621399e-03
9.239407777786254883e-01,2.940407954156398773e-02,6.974615826038643718e-05,4.327937960624694824e-02,7.320352779061067849e-06,3.298759926110506058e-03
9.485920071601867676e-01,2.358733862638473511e-02,3.925979399355128407e-05,2.514310367405414581e-02,4.230719241604674608e-06,2.634072909131646156e-03
9.502646923065185547e-01,2.455029264092445374e-02,3.647402991191484034e-05,2.218090742826461792e-02,4.153233930992428213e-06,2.963508479297161102e-03
9.697599411010742188e-01,1.611235551536083221e-02,3.865797771140933037e-05,1.190759334713220596e-02,5.344896635506302118e-06,2.176174195483326912e-03
9.598532915115356445e-01,2.224718965590000153e-02,5.498333121067844331e-05,1.530211884528398514e-02,7.193332749011460692e-06,2.535123145207762718e-03
9.794110059738159180e-01,9.598768316209316254e-03,3.232669405406340957e-05,9.263953194022178650e-03,4.424799499247455969e-06,1.689523342065513134e-03
9.484686851501464844e-01,1.004415657371282578e-02,2.270293043693527579e-05,3.987015783786773682e-02,1.900983761515817605e-06,1.592469867318868637e-03
9.696263670921325684e-01,1.119519397616386414e-02,1.759073893481399864e-05,1.736101508140563965e-02,1.845909878284146544e-06,1.798031502403318882e-03
9.677257537841796875e-01,1.100420579314231873e-02,2.619659426272846758e-05,1.911757327616214752e-02,3.094498879363527521e-06,2.123142825439572334e-03
9.528115391731262207e-01,2.211962640285491943e-02,6.509778177132830024e-05,2.178603783249855042e-02,8.359099410881754011e-06,3.209337359294295311e-03
9.381639361381530762e-01,2.742048725485801697e-02,7.965928671183064580e-05,3.145536035299301147e-02,9.300709280068986118e-06,2.871208591386675835e-03
9.289493560791015625e-01,3.303919732570648193e-02,1.299277209909632802e-04,3.497597202658653259e-02,1.519678971817484125e-05,2.890455070883035660e-03
9.379045367240905762e-01,2.471664361655712128e-02,7.637860107934102416e-05,3.539174050092697144e-02,8.152941518346779048e-06,1.902627525851130486e-03
8.383269309997558594e-01,7.051568478345870972e-02,2.076591190416365862e-04,8.831924200057983398e-02,1.763182808645069599e-05,2.612875076010823250e-03
8.536667823791503906e-01,7.543730735778808594e-02,1.408106909366324544e-04,6.867904216051101685e-02,1.151082506112288684e-05,2.064488828182220459e-03
9.017297625541687012e-01,5.369239673018455505e-02,1.426668022759258747e-04,4.216947779059410095e-02,1.399191751261241734e-05,2.251820871606469154e-03
9.346855878829956055e-01,4.015788808465003967e-02,1.846678787842392921e-04,2.243891358375549316e-02,2.323906301171518862e-05,2.509578363969922066e-03
9.683899283409118652e-01,1.820127665996551514e-02,8.407676796196028590e-05,1.142538245767354965e-02,1.140595395554555580e-05,1.887869788333773613e-03
9.758476614952087402e-01,9.941610507667064667e-03,7.214702054625377059e-05,1.241126190871000290e-02,9.081662028620485216e-06,1.718344516120851040e-03
9.658678770065307617e-01,1.617500185966491699e-02,1.269391214009374380e-04,1.577761024236679077e-02,1.677568616287317127e-05,2.035827608779072762e-03
9.669479727745056152e-01,2.382537536323070526e-02,8.835803600959479809e-05,7.162699941545724869e-03,1.292020806431537494e-05,1.962740905582904816e-03
9.640993475914001465e-01,2.752954885363578796e-02,8.675415301695466042e-05,6.199118681252002716e-03,1.415628594259032980e-05,2.071181777864694595e-03
9.471440911293029785e-01,3.978151082992553711e-02,5.886640428798273206e-05,1.087529491633176804e-02,7.223872216854942963e-06,2.133064670488238335e-03
9.594930410385131836e-01,2.587769180536270142e-02,4.524010728346183896e-05,1.224509067833423615e-02,5.523833351617213339e-06,2.333356300368905067e-03
9.576765894889831543e-01,1.347402669489383698e-02,2.523693729017395526e-05,2.722011134028434753e-02,2.145080088666873053e-06,1.601947471499443054e-03
9.019785523414611816e-01,1.499656122177839279e-02,3.780327460845001042e-05,8.062652498483657837e-02,3.211721605111961253e-06,2.357334597036242485e-03
9.446135759353637695e-01,8.007711730897426605e-03,4.018452818854711950e-05,4.553350061178207397e-02,3.668875933726667427e-06,1.801284030079841614e-03
9.092524051666259766e-01,1.708250492811203003e-02,6.769424362573772669e-05,7.125844061374664307e-02,6.132272119430126622e-06,2.332851523533463478e-03
8.511726856231689453e-01,2.135549299418926239e-02,8.116587559925392270e-05,1.248469874262809753e-01,6.478885097749298438e-06,2.537171589210629463e-03
9.294964671134948730e-01,1.822746358811855316e-02,5.518850230146199465e-05,4.952873289585113525e-02,5.710277491743909195e-06,2.686355728656053543e-03
9.551731944084167480e-01,1.911178044974803925e-02,3.951702092308551073e-05,2.328480221331119537e-02,4.708871983893914148e-06,2.386055886745452881e-03
9.332814216613769531e-01,1.934825815260410309e-02,3.555895455065183342e-05,4.510641098022460938e-02,3.500681032164720818e-06,2.224809955805540085e-03
9.272745847702026367e-01,1.931691169738769531e-02,3.638788257376290858e-05,5.122493579983711243e-02,3.381690476089715958e-06,2.143808174878358841e-03
9.518349170684814453e-01,1.941270753741264343e-02,3.353257125127129257e-05,2.666644193232059479e-02,3.639334181571030058e-06,2.048672642558813095e-03
7.875165343284606934e-01,1.900253817439079285e-02,3.471613308647647500e-05,1.915130764245986938e-01,2.109089564328314736e-06,1.931033446453511715e-03
8.601089119911193848e-01,3.486796468496322632e-02,6.715471681673079729e-05,1.029091179370880127e-01,4.952289600623771548e-06,2.041806001216173172e-03
7.686728239059448242e-01,3.982635959982872009e-02,4.591504330164752901e-05,1.895253807306289673e-01,3.017021526829921640e-06,1.926512457430362701e-03
8.017988801002502441e-01,2.752763405442237854e-02,4.956258999300189316e-05,1.686014831066131592e-01,3.307588940515415743e-06,2.019089879468083382e-03
9.323387742042541504e-01,2.412372455000877380e-02,6.426026811823248863e-05,4.167263582348823547e-02,6.164230399008374661e-06,1.794572803191840649e-03
9.685040712356567383e-01,1.745894365012645721e-02,8.612376404926180840e-05,1.178804785013198853e-02,1.327018071606289595e-05,2.149506006389856339e-03
9.765899777412414551e-01,1.532311923801898956e-02,6.780522380722686648e-05,6.208207923918962479e-03,1.108066408050945029e-05,1.799819408915936947e-03
9.796854853630065918e-01,9.915744885802268982e-03,8.120111306197941303e-05,8.513285778462886810e-03,1.234122555615613237e-05,1.792011084035038948e-03
9.593001604080200195e-01,1.681367307901382446e-02,1.143869449151679873e-04,2.109591104090213776e-02,1.543777580081950873e-05,2.660522470250725746e-03
9.335924386978149414e-01,2.521155029535293579e-02,1.700416032690554857e-04,3.790730237960815430e-02,1.903325392049737275e-05,3.099748864769935608e-03
8.550264239311218262e-01,3.050016611814498901e-02,1.541413803352043033e-04,1.105725243687629700e-01,1.425090067641576752e-05,3.732490120455622673e-03
9.059271216392517090e-01,2.180056646466255188e-02,2.379079960519447923e-04,6.917735934257507324e-02,2.179506191168911755e-05,2.835239749401807785e-03
8.930332660675048828e-01,2.116277441382408142e-02,3.369820478837937117e-04,8.190113306045532227e-02,3.204655513400211930e-05,3.533825976774096489e-03
8.727000951766967773e-01,1.900086551904678345e-02,2.517712127882987261e-04,1.045644804835319519e-01,2.184708682761993259e-05,3.461050568148493767e-03
9.476191401481628418e-01,1.791399344801902771e-02,2.249506069347262383e-04,3.129513189196586609e-02,2.834429687936790287e-05,2.918479498475790024e-03
9.802158474922180176e-01,1.322841458022594452e-02,1.185516084660775959e-04,4.335970152169466019e-03,2.244389906991273165e-05,2.078631427139043808e-03
9.668710231781005859e-01,2.407496608793735504e-02,9.654896712163463235e-05,6.199627649039030075e-03,1.735283694870304316e-05,2.740409225225448608e-03
9.708397388458251953e-01,1.737460121512413025e-02,9.198967745760455728e-05,8.880597539246082306e-03,1.436707680113613605e-05,2.798803383484482765e-03
9.593551158905029297e-01,2.400808967649936676e-02,9.042886085808277130e-05,1.386986020952463150e-02,1.208608864544657990e-05,2.664353000000119209e-03
9.704299569129943848e-01,1.617360115051269531e-02,1.442740467609837651e-04,1.035588700324296951e-02,2.122250225511379540e-05,2.875115955248475075e-03
9.706910252571105957e-01,1.375404465943574905e-02,2.458755043335258961e-04,1.233225036412477493e-02,3.834157178062014282e-05,2.938509918749332428e-03
9.607307314872741699e-01,2.087355218827724457e-02,2.512843930162489414e-04,1.496007479727268219e-02,3.625684985308907926e-05,3.148078452795743942e-03
9.541382789611816406e-01,1.553931366652250290e-02,2.653011470101773739e-04,2.691812068223953247e-02,3.352388739585876465e-05,3.105545649304986000e-03
8.942345976829528809e-01,2.518900483846664429e-02,2.247862867079675198e-04,7.724118232727050781e-02,1.987084397114813328e-05,3.090623300522565842e-03
8.973560333251953125e-01,3.586836904287338257e-02,1.866204111138358712e-04,6.352738291025161743e-02,1.771993629517965019e-05,3.043827367946505547e-03
9.510563611984252930e-01,1.507545355707406998e-02,8.724319923203438520e-05,3.086145408451557159e-02,1.125868584495037794e-05,2.908339956775307655e-03
9.559395909309387207e-01,2.692778035998344421e-02,1.311905944021418691e-04,1.411311794072389603e-02,1.975518352992366999e-05,2.868647221475839615e-03
9.296751022338867188e-01,5.194957926869392395e-02,2.093660732498392463e-04,1.409744191914796829e-02,3.231005757697857916e-05,4.036312457174062729e-03
9.621382355690002441e-01,2.011503651738166809e-02,1.340279268333688378e-04,1.464757882058620453e-02,1.906046600197441876e-05,2.946049673482775688e-03
8.962724208831787109e-01,7.548943161964416504e-02,4.884959780611097813e-04,2.265838719904422760e-02,7.343820470850914717e-05,5.017874762415885925e-03
9.309084415435791016e-01,3.783240541815757751e-02,3.178300394210964441e-04,2.761121466755867004e-02,3.896126145264133811e-05,3.291070461273193359e-03
8.979308009147644043e-01,5.775977671146392822e-02,2.866513677872717381e-04,4.029581695795059204e-02,3.119758548564277589e-05,3.695711493492126465e-03
9.276119470596313477e-01,2.522345073521137238e-02,1.083241513697430491e-04,4.415210336446762085e-02,1.051691924658371136e-05,2.893696539103984833e-03
9.534967541694641113e-01,1.432610861957073212e-02,8.812180749373510480e-05,2.955016493797302246e-02,9.538926860841456801e-06,2.529422054067254066e-03
8.877673745155334473e-01,1.170517597347497940e-02,6.067085996619425714e-05,9.789849072694778442e-02,4.754311703436542302e-06,2.563580404967069626e-03
8.374891877174377441e-01,7.403541821986436844e-03,2.404300175840035081e-05,1.528138071298599243e-01,1.467115112063765991e-06,2.267868956550955772e-03
7.188531756401062012e-01,1.131069939583539963e-02,4.465265374165028334e-05,2.675225734710693359e-01,2.461277063048328273e-06,2.266538795083761215e-03
9.066598415374755859e-01,1.190823502838611603e-02,3.669516445370391011e-05,7.860535383224487305e-02,3.308983195893233642e-06,2.786431461572647095e-03
9.290754199028015137e-01,2.067422680556774139e-02,5.556456017075106502e-05,4.755206406116485596e-02,5.745609087171033025e-06,2.636919030919671059e-03
9.500533342361450195e-01,2.329230681061744690e-02,1.078178829629905522e-04,2.350206114351749420e-02,1.449859882995951921e-05,3.030039602890610695e-03
9.549184441566467285e-01,2.527317963540554047e-02,2.188188809668645263e-04,1.618518866598606110e-02,3.266274870838969946e-05,3.371705068275332451e-03
9.546422958374023438e-01,2.019240893423557281e-02,2.352648298256099224e-04,2.174249291419982910e-02,3.012708111782558262e-05,3.157458500936627388e-03
9.650224447250366211e-01,1.835194602608680725e-02,2.332277217647060752e-04,1.328729931265115738e-02,3.854205351672135293e-05,3.066593548282980919e-03
9.774748682975769043e-01,1.267715543508529663e-02,2.270710247103124857e-04,6.698215845972299576e-03,4.110440931981429458e-05,2.881480846554040909e-03
9.698750972747802734e-01,2.078232914209365845e-02,2.221923496108502150e-04,6.232174579054117203e-03,4.456643000594340265e-05,2.843616064637899399e-03
9.581979513168334961e-01,2.669198997318744659e-02,3.234553150832653046e-04,1.161867380142211914e-02,5.413678445620462298e-05,3.113836282864212990e-03
9.196593165397644043e-01,4.110182821750640869e-02,3.527078661136329174e-04,3.562027961015701294e-02,4.107788117835298181e-05,3.224838059395551682e-03
9.357125759124755859e-01,3.209620714187622070e-02,3.493117401376366615e-04,2.836500480771064758e-02,4.644409636966884136e-05,3.430378157645463943e-03
9.368029832839965820e-01,1.708031818270683289e-02,2.901981642935425043e-04,4.267293214797973633e-02,3.168992407154291868e-05,3.121745772659778595e-03
9.508778452873229980e-01,1.616402715444564819e-02,2.192813262809067965e-04,2.992422133684158325e-02,2.785858487186487764e-05,2.786908298730850220e-03
9.680545330047607422e-01,1.120120380073785782e-02,1.264788734260946512e-04,1.817743480205535889e-02,1.719296597002539784e-05,2.423155819997191429e-03
9.617800116539001465e-01,2.286018617451190948e-02,1.582291442900896072e-04,1.226403284817934036e-02,2.460054565744940192e-05,2.912925556302070618e-03
9.274238348007202148e-01,4.015272110700607300e-02,2.149754145648330450e-04,2.854285016655921936e-02,2.615564517327584326e-05,3.639424452558159828e-03
9.208569526672363281e-01,3.556698933243751526e-02,1.150109892478212714e-04,3.935621306300163269e-02,1.371472808386897668e-05,4.091036971658468246e-03
9.160510301589965820e-01,1.903677545487880707e-02,1.031815554597415030e-04,6.076973304152488708e-02,1.001071359496563673e-05,4.029190633445978165e-03
8.618536591529846191e-01,1.882039383053779602e-02,1.645747979637235403e-04,1.144318059086799622e-01,1.474561668146634474e-05,4.714798647910356522e-03
8.713309764862060547e-01,1.147617120295763016e-02,1.362566399620845914e-04,1.124589219689369202e-01,1.113675170927308500e-05,4.586623981595039368e-03
9.316461682319641113e-01,8.204977959394454956e-03,9.725186828291043639e-05,5.600459128618240356e-02,9.932288776326458901e-06,4.037120379507541656e-03
9.621425271034240723e-01,1.268553733825683594e-02,1.710137585178017616e-04,2.116889134049415588e-02,2.294552359671797603e-05,3.809079760685563087e-03
9.689054489135742188e-01,8.134074509143829346e-03,6.055176345398649573e-05,2.000621519982814789e-02,7.791363714204635471e-06,2.886014757677912712e-03
9.790866971015930176e-01,5.742334760725498199e-03,3.895168629242107272e-05,1.293256226927042007e-02,5.080018127046059817e-06,2.194384811446070671e-03
9.628143906593322754e-01,3.479891689494252205e-03,2.145198777725454420e-05,3.191652148962020874e-02,1.938359218911500648e-06,1.765689929015934467e-03
9.272598028182983398e-01,5.121937952935695648e-03,3.120663677691482008e-05,6.529621034860610962e-02,2.554102820795378648e-06,2.288349205628037453e-03
9.130554199218750000e-01,7.335430476814508438e-03,7.739369175396859646e-05,7.714549452066421509e-02,6.230460712686181068e-06,2.380034187808632851e-03
9.369705319404602051e-01,2.227627672255039215e-02,2.178770810132846236e-04,3.763459250330924988e-02,2.283174217154737562e-05,2.878003753721714020e-03
8.681263923645019531e-01,4.790462553501129150e-02,2.392981114098802209e-04,8.016454428434371948e-02,2.299840525665786117e-05,3.542217193171381950e-03
9.484085440635681152e-01,2.985843457281589508e-02,1.768325309967622161e-04,1.896947249770164490e-02,2.115127972501795739e-05,2.565484028309583664e-03
9.589807391166687012e-01,1.302559114992618561e-02,6.035411934135481715e-05,2.596100606024265289e-02,5.986168162053218111e-06,1.966392155736684799e-03
9.434419274330139160e-01,1.283776015043258667e-02,4.081608130945824087e-05,4.159994795918464661e-02,3.819598532572854310e-06,2.075716620311141014e-03
9.771344065666198730e-01,8.903874084353446960e-03,2.795302680169697851e-05,1.182718295603990555e-02,3.834181825368432328e-06,2.102764556184411049e-03
9.866870641708374023e-01,3.921731840819120407e-03,2.164625220757443458e-05,7.834193296730518341e-03,3.177803591825067997e-06,1.532194553874433041e-03
9.857455492019653320e-01,6.625307258218526840e-03,5.007916843169368804e-05,5.680737551301717758e-03,8.721463018446229398e-06,1.889580627903342247e-03
9.845827817916870117e-01,7.927545346319675446e-03,9.876626427285373211e-05,5.243218503892421722e-03,1.869695552159100771e-05,2.129065804183483124e-03
9.879869818687438965e-01,7.401511538773775101e-03,5.045040961704216897e-05,2.804123098030686378e-03,1.027484358928631991e-05,1.746769179590046406e-03
9.763966202735900879e-01,1.513706054538488388e-02,7.646827725693583488e-05,6.284422241151332855e-03,1.362408784189028665e-05,2.091863658279180527e-03
9.594179987907409668e-01,1.973930373787879944e-02,9.017780394060537219e-05,1.816400140523910522e-02,1.140850963565753773e-05,2.577128587290644646e-03
9.637268185615539551e-01,1.972653344273567200e-02,1.233628427144140005e-04,1.327103655785322189e-02,1.919298301800154150e-05,3.133023390546441078e-03
9.589396119117736816e-01,2.393044158816337585e-02,1.613118802197277546e-04,1.357029285281896591e-02,2.390383451711386442e-05,3.374395426362752914e-03
9.198521375656127930e-01,3.637246787548065186e-02,3.409175260458141565e-04,3.905845806002616882e-02,4.195379005977883935e-05,4.334127064794301987e-03
9.078788161277770996e-01,7.418711483478546143e-02,7.070910651236772537e-04,1.281240116804838181e-02,1.097318672691471875e-04,4.304832313209772110e-03
9.241747856140136719e-01,5.930001661181449890e-02,4.631757619790732861e-04,1.224584877490997314e-02,7.609219755977392197e-05,3.740102984011173248e-03
9.132248759269714355e-01,6.699387729167938232e-02,1.030023791827261448e-03,1.452538836747407913e-02,1.547140418551862240e-04,4.071143455803394318e-03
9.331336021423339844e-01,5.148991569876670837e-02,1.214501564390957355e-03,9.194742888212203979e-03,2.234979037893936038e-04,4.743724130094051361e-03
9.477139711380004883e-01,2.738572470843791962e-02,4.073342715855687857e-04,1.989529468119144440e-02,6.119647878222167492e-05,4.536521155387163162e-03
9.648209810256958008e-01,1.249538920819759369e-02,1.545217965031042695e-04,1.961955986917018890e-02,2.213746483903378248e-05,2.887473441660404205e-03
9.642329812049865723e-01,1.902431808412075043e-02,1.047364785335958004e-04,1.382547989487648010e-02,1.598560447746422142e-05,2.796519082039594650e-03
9.338933229446411133e-01,1.943677663803100586e-02,1.071868318831548095e-04,4.408543184399604797e-02,1.037610581988701597e-05,2.466963604092597961e-03
9.502584338188171387e-01,1.648030057549476624e-02,1.130168820964172482e-04,3.070229291915893555e-02,1.253553455171640962e-05,2.433397807180881500e-03
9.533469080924987793e-01,1.909151487052440643e-02,1.948471617652103305e-04,2.446657791733741760e-02,2.405686609563417733e-05,2.876227721571922302e-03
9.651174545288085938e-01,8.107393980026245117e-03,1.162009648396633565e-04,2.446718513965606689e-02,1.371809685224434361e-05,2.177996328100562096e-03
9.641438722610473633e-01,1.227538939565420151e-02,1.927729463204741478e-04,2.057374082505702972e-02,2.535725798225030303e-05,2.788929967209696770e-03
8.968339562416076660e-01,3.869767859578132629e-02,2.153311652364209294e-04,6.072676181793212891e-02,2.111853245878592134e-05,3.505078842863440514e-03
8.066579699516296387e-01,5.728137865662574768e-02,2.381443337071686983e-04,1.319310516119003296e-01,1.882096330518834293e-05,3.872642759233713150e-03
8.689330220222473145e-01,5.848273262381553650e-02,1.925326068885624409e-04,6.865262985229492188e-02,1.711604818410705775e-05,3.721868852153420448e-03
8.715657591819763184e-01,6.976918876171112061e-02,2.920132537838071585e-04,5.389340221881866455e-02,2.915553704951889813e-05,4.450413864105939865e-03
9.317463040351867676e-01,4.576824232935905457e-02,3.157006867695599794e-04,1.845995523035526276e-02,4.456783062778413296e-05,3.665244439616799355e-03
9.759770035743713379e-01,1.362665835767984390e-02,1.791656686691567302e-04,7.211675401777029037e-03,3.534608913469128311e-05,2.970209578052163124e-03
9.886620640754699707e-01,6.313157267868518829e-03,8.187022467609494925e-05,2.860063919797539711e-03,1.806680847948882729e-05,2.064731670543551445e-03
9.738120436668395996e-01,1.120915915817022324e-02,7.996100612217560410e-05,1.256136316806077957e-02,1.151916785602224991e-05,2.325897570699453354e-03
9.688801765441894531e-01,1.578615419566631317e-02,6.545300129801034927e-05,1.273335050791501999e-02,9.471163139096461236e-06,2.525354502722620964e-03
9.697541594505310059e-01,8.396364748477935791e-03,2.808594217640347779e-05,2.001444064080715179e-02,3.313743036414962262e-06,1.803498133085668087e-03
9.708091020584106445e-01,7.793223019689321518e-03,5.634601984638720751e-05,1.935995370149612427e-02,6.716217285429593176e-06,1.974644372239708900e-03
9.699631333351135254e-01,1.283363439142704010e-02,8.045962749747559428e-05,1.475963648408651352e-02,1.055979555530939251e-05,2.352560404688119888e-03
9.597312808036804199e-01,1.123247668147087097e-02,6.870955257909372449e-05,2.664914727210998535e-02,8.086700290732551366e-06,2.310269279405474663e-03
9.818276762962341309e-01,8.093807846307754517e-03,6.190543354023247957e-05,8.178093470633029938e-03,1.034373963193502277e-05,1.828214386478066444e-03
9.647843837738037109e-01,1.791547238826751709e-02,1.592052140040323138e-04,1.454848237335681915e-02,2.227979712188243866e-05,2.570229582488536835e-03
9.417550563812255859e-01,1.888451725244522095e-02,1.058833440765738487e-04,3.720328584313392639e-02,1.080783840734511614e-05,2.040570601820945740e-03
9.390448927879333496e-01,2.367464080452919006e-02,1.359578163828700781e-04,3.477739170193672180e-02,1.423913545295363292e-05,2.352845622226595879e-03
9.264340996742248535e-01,3.974073007702827454e-02,1.942480739671736956e-04,3.097352758049964905e-02,2.179060174967162311e-05,2.635629847645759583e-03
9.260171651840209961e-01,5.003115907311439514e-02,1.603937271283939481e-04,2.129994705319404602e-02,1.960253757715690881e-05,2.471755025908350945e-03
9.368648529052734375e-01,4.828053340315818787e-02,2.566920302342623472e-04,1.167424116283655167e-02,4.046286994707770646e-05,2.883291570469737053e-03
9.328313469886779785e-01,5.860294774174690247e-02,2.545273164287209511e-04,5.256389267742633820e-03,4.744313264382071793e-05,3.007208462804555893e-03
9.442034959793090820e-01,4.260564222931861877e-02,2.387963177170604467e-04,1.023158431053161621e-02,3.662046219687908888e-05,2.683803439140319824e-03
9.442119002342224121e-01,4.305983334779739380e-02,3.658904170151799917e-04,9.598542004823684692e-03,5.828643043059855700e-05,2.705462276935577393e-03
9.311368465423583984e-01,4.784107580780982971e-02,2.615552511997520924e-04,1.769913174211978912e-02,3.622046642703935504e-05,3.025358077138662338e-03
9.567614793777465820e-01,2.107779867947101593e-02,1.141174216172657907e-04,1.955422572791576385e-02,1.456685276934877038e-05,2.477679634466767311e-03
9.661050438880920410e-01,1.216920558363199234e-02,1.153865960077382624e-04,1.916558295488357544e-02,1.443187557015335187e-05,2.430447842925786972e-03
9.762467145919799805e-01,5.944994743913412094e-03,5.251940456219017506e-05,1.569569855928421021e-02,6.844293693575309590e-06,2.053106203675270081e-03
9.834813475608825684e-01,7.781127467751502991e-03,4.345897104940377176e-05,6.575389765202999115e-03,7.894836016930639744e-06,2.110820263624191284e-03
9.899157285690307617e-01,4.226297140121459961e-03,1.620131479285191745e-05,4.275893326848745346e-03,2.816924052240210585e-06,1.563100144267082214e-03
9.794990420341491699e-01,9.273771196603775024e-03,3.550634210114367306e-05,9.080084040760993958e-03,5.392481853050412610e-06,2.106362255290150642e-03
9.734482169151306152e-01,1.123928371816873550e-02,3.900223600794561207e-05,1.320926938205957413e-02,5.598473762802314013e-06,2.058667363598942757e-03
9.779458045959472656e-01,1.138331368565559387e-02,4.292442099540494382e-05,8.729528635740280151e-03,6.264653165999334306e-06,1.892058411613106728e-03
9.587938189506530762e-01,1.911221258342266083e-02,2.152982051484286785e-04,1.885598152875900269e-02,3.143090361845679581e-05,2.991249784827232361e-03
9.503210186958312988e-01,2.543671056628227234e-02,3.748522431124001741e-04,2.061848342418670654e-02,5.329546183929778636e-05,3.195699071511626244e-03
8.549813628196716309e-01,3.627572581171989441e-02,1.682330912444740534e-04,1.048325300216674805e-01,1.502284885646076873e-05,3.727025818079710007e-03
8.871302604675292969e-01,2.310117706656455994e-02,2.519077388569712639e-04,8.631309866905212402e-02,2.121543911925982684e-05,3.182314801961183548e-03
8.915068507194519043e-01,3.409226611256599426e-02,1.896112808026373386e-04,7.042435556650161743e-02,1.902034273371100426e-05,3.767892485484480858e-03
8.905568122863769531e-01,4.180432111024856567e-02,1.421944325556978583e-04,6.409844011068344116e-02,1.357804012513952330e-05,3.384702838957309723e-03
9.587154984474182129e-01,2.851348370313644409e-02,2.026838337769731879e-04,9.735385887324810028e-03,3.276162169640883803e-05,2.800320973619818687e-03
9.633796215057373047e-01,2.373954094946384430e-02,1.839035539887845516e-04,9.603647515177726746e-03,2.890471841965336353e-05,3.064225194975733757e-03
9.779493808746337891e-01,1.347484719008207321e-02,1.051965664373710752e-04,6.067562382668256760e-03,1.968413562281057239e-05,2.383420942351222038e-03
9.682471752166748047e-01,1.702207326889038086e-02,1.349531521555036306e-04,1.172023266553878784e-02,2.089990812237374485e-05,2.854614751413464546e-03
9.708080887794494629e-01,1.945209689438343048e-02,1.057171175489202142e-04,7.175290957093238831e-03,1.738205537549220026e-05,2.441392047330737114e-03
9.689865708351135254e-01,1.912936568260192871e-02,1.043287193169817328e-04,9.339230135083198547e-03,1.602763950359076262e-05,2.424359321594238281e-03
9.006047248840332031e-01,6.002921983599662781e-02,2.652181719895452261e-04,3.531960025429725647e-02,3.171051866956986487e-05,3.749691648408770561e-03
8.463412523269653320e-01,5.125949159264564514e-02,2.089403424179181457e-04,9.829839318990707397e-02,1.887489997898228467e-05,3.873060923069715500e-03
7.805960774421691895e-01,5.322301387786865234e-02,2.252897102152928710e-04,1.622823327779769897e-01,1.652306491450872272e-05,3.656797576695680618e-03
8.837239146232604980e-01,3.206842765212059021e-02,1.432486897101625800e-04,8.078131079673767090e-02,1.228237215400440618e-05,3.270792076364159584e-03
8.955911993980407715e-01,2.887793444097042084e-02,1.064669195329770446e-04,7.278744131326675415e-02,9.188649528368841857e-06,2.627745037898421288e-03
9.320580363273620605e-01,2.570905350148677826e-02,1.466682588215917349e-04,3.955381736159324646e-02,1.491420516686048359e-05,2.517544198781251907e-03
9.712460041046142578e-01,1.663198508322238922e-02,8.070761396083980799e-05,9.833040647208690643e-03,1.242983580596046522e-05,2.195805078372359276e-03
9.687673449516296387e-01,1.581489481031894684e-02,1.034764354699291289e-04,1.294329110532999039e-02,1.600065115781035274e-05,2.354821888729929924e-03
9.764084219932556152e-01,1.462110318243503571e-02,9.817838144954293966e-05,6.373035721480846405e-03,1.669463017606176436e-05,2.482643816620111465e-03
9.868068099021911621e-01,8.931569755077362061e-03,5.167250856175087392e-05,2.189029008150100708e-03,1.147629336628597230e-05,2.009479561820626259e-03
9.576539397239685059e-01,1.874735578894615173e-02,8.280431939056143165e-05,2.080563455820083618e-02,1.048769536282634363e-05,2.699808916077017784e-03
9.639611840248107910e-01,1.831980608403682709e-02,1.246378524228930473e-04,1.475070789456367493e-02,1.779686317604500800e-05,2.825814299285411835e-03
9.476290941238403320e-01,2.286132797598838806e-02,1.932211889652535319e-04,2.594272233545780182e-02,2.420121927571017295e-05,3.349525621160864830e-03
9.459445476531982422e-01,2.585869841277599335e-02,1.803545164875686169e-04,2.493194490671157837e-02,2.129967833752743900e-05,3.063117153942584991e-03
9.406824111938476562e-01,2.333501726388931274e-02,1.392786216456443071e-04,3.283214196562767029e-02,1.511959635536186397e-05,2.995962509885430336e-03
9.561540484428405762e-01,1.858261227607727051e-02,9.453875100007280707e-05,2.234955690801143646e-02,1.186038934974931180e-05,2.807513577863574028e-03
9.365810155868530273e-01,2.495746687054634094e-02,1.110386001528240740e-04,3.551895171403884888e-02,1.218557190441060811e-05,2.819303655996918678e-03
9.153015613555908203e-01,4.697753861546516418e-02,1.713888923404738307e-04,3.417735919356346130e-02,1.914430868055205792e-05,3.353077452629804611e-03
9.210386276245117188e-01,5.108577758073806763e-02,2.209359518019482493e-04,2.446144632995128632e-02,2.594397483335342258e-05,3.167252521961927414e-03
9.459858536720275879e-01,3.611044213175773621e-02,8.349664130946621299e-05,1.526346243917942047e-02,1.132810666604200378e-05,2.545525319874286652e-03
9.551867842674255371e-01,2.804340422153472900e-02,1.098130524042062461e-04,1.417635567486286163e-02,1.485075699747540057e-05,2.468868158757686615e-03
9.550559520721435547e-01,1.221146062016487122e-02,2.827011303452309221e-05,3.078572452068328857e-02,2.784134039757191204e-06,1.915925065986812115e-03
9.003412127494812012e-01,1.335951313376426697e-02,2.916825360443908721e-05,8.431710302829742432e-02,2.198616357418359257e-06,1.950912293978035450e-03
8.614812493324279785e-01,1.865288801491260529e-02,1.074681567843072116e-04,1.172627434134483337e-01,7.786199603287968785e-06,2.487914403900504112e-03
9.238749146461486816e-01,2.359114401042461395e-02,1.560105883982032537e-04,4.972147941589355469e-02,1.516870634077349678e-05,2.641120925545692444e-03
9.371250867843627930e-01,4.193363711237907410e-02,2.996381372213363647e-04,1.775912381708621979e-02,3.902384924003854394e-05,2.843494759872555733e-03
9.435351490974426270e-01,4.155422374606132507e-02,2.959772536996752024e-04,1.120554748922586441e-02,4.746777267428115010e-05,3.361619310453534126e-03
9.597427248954772949e-01,2.467514760792255402e-02,1.881062489701434970e-04,1.246546488255262375e-02,2.717362440307624638e-05,2.901324303820729256e-03
9.010022878646850586e-01,6.426002085208892822e-02,3.355671069584786892e-04,3.009564056992530823e-02,3.735905556823126972e-05,4.269090481102466583e-03
9.207192063331604004e-01,2.674968540668487549e-02,2.054179785773158073e-04,4.863682389259338379e-02,2.293235047545749694e-05,3.665938973426818848e-03
9.433712363243103027e-01,2.193391136825084686e-02,1.478157500969246030e-04,3.151759505271911621e-02,1.728761708363890648e-05,3.012076951563358307e-03
9.336332678794860840e-01,4.425895586609840393e-02,1.735853002173826098e-04,1.862789504230022430e-02,2.277890416735317558e-05,3.283375175669789314e-03
9.348991513252258301e-01,4.209566488862037659e-02,1.953202008735388517e-04,1.961136795580387115e-02,2.555632818257436156e-05,3.172805532813072205e-03
9.046211242675781250e-01,7.925781607627868652e-02,1.880252966657280922e-04,1.276307925581932068e-02,2.452690023346804082e-05,3.145382972434163094e-03
8.965674638748168945e-01,8.941784501075744629e-02,2.192115061916410923e-04,1.084774732589721680e-02,2.880259671655949205e-05,2.918982878327369690e-03
9.136105179786682129e-01,5.623125284910202026e-02,2.436412760289385915e-04,2.725346386432647705e-02,2.633896656334400177e-05,2.634855452924966812e-03
8.912672400474548340e-01,5.953616648912429810e-02,1.493249292252585292e-04,4.666742682456970215e-02,1.437244736735010520e-05,2.365627326071262360e-03
8.895144462585449219e-01,4.667412117123603821e-02,1.218275574501603842e-04,6.128827109932899475e-02,1.084674840967636555e-05,2.390504581853747368e-03
9.241838455200195312e-01,2.245021983981132507e-02,1.141560642281547189e-04,5.102074518799781799e-02,1.190208695334149525e-05,2.219108399003744125e-03
9.525127410888671875e-01,1.801738701760768890e-02,1.096201522159390152e-04,2.758212760090827942e-02,1.287945269723422825e-05,1.765373977832496166e-03
9.402541518211364746e-01,3.394365310668945312e-02,3.963029303122311831e-04,2.272852696478366852e-02,5.296929521136917174e-05,2.624245593324303627e-03
8.996589183807373047e-01,4.233248159289360046e-02,3.664336691144853830e-04,5.455640330910682678e-02,3.768703390960581601e-05,3.048093290999531746e-03
8.482365012168884277e-01,6.221569329500198364e-02,4.479149356484413147e-04,8.569920063018798828e-02,4.205755249131470919e-05,3.358547110110521317e-03
7.725012898445129395e-01,9.243048727512359619e-02,4.091235750820487738e-04,1.309794932603836060e-01,3.030167863471433520e-05,3.649192163720726967e-03
8.250465393066406250e-01,6.775553524494171143e-02,3.335397050250321627e-04,1.031519621610641479e-01,2.883912202378269285e-05,3.683607559651136398e-03
8.740485906600952148e-01,5.186706408858299255e-02,3.079544985666871071e-04,7.009383291006088257e-02,2.974889321194496006e-05,3.652698593214154243e-03
9.402554035186767578e-01,3.465211763978004456e-02,3.954419225919991732e-04,2.107905596494674683e-02,5.495371442520990968e-05,3.563176840543746948e-03
9.572399854660034180e-01,2.258177287876605988e-02,2.323548833373934031e-04,1.679074577987194061e-02,3.529958848957903683e-05,3.119961591437458992e-03
9.653042554855346680e-01,1.696585305035114288e-02,3.561723860912024975e-04,1.427264045923948288e-02,5.758434781455434859e-05,3.043544944375753403e-03
9.794283509254455566e-01,1.191013678908348083e-02,3.018082934431731701e-04,5.956973880529403687e-03,5.382159361033700407e-05,2.348861889913678169e-03
9.558811187744140625e-01,1.898454315960407257e-02,2.475789224263280630e-04,2.253348566591739655e-02,3.241940430598333478e-05,2.320855623111128807e-03
9.535666704177856445e-01,1.367939729243516922e-02,1.720925647532567382e-04,3.035285323858261108e-02,1.969504228327423334e-05,2.209265716373920441e-03
9.540540575981140137e-01,1.808107644319534302e-02,1.202491839649155736e-04,2.559262141585350037e-02,1.436482580174924806e-05,2.137657022103667259e-03
9.672260880470275879e-01,1.145681831985712051e-02,6.281734385993331671e-05,1.944629848003387451e-02,7.734852260909974575e-06,1.800271566025912762e-03
9.710388779640197754e-01,1.073703821748495102e-02,3.391597419977188110e-05,1.646128296852111816e-02,4.499021542869741097e-06,1.724300207570195198e-03
9.503278136253356934e-01,1.430987659841775894e-02,3.113869752269238234e-05,3.372622653841972351e-02,3.130745881207985803e-06,1.601820229552686214e-03
9.652779698371887207e-01,1.140121836215257645e-02,2.893652526836376637e-05,2.182760089635848999e-02,3.152468480038805865e-06,1.461119507439434528e-03
9.584776759147644043e-01,1.844384893774986267e-02,8.264232019428163767e-05,2.123995684087276459e-02,9.654308087192475796e-06,1.746394089423120022e-03
9.500020146369934082e-01,2.315037697553634644e-02,7.910697604529559612e-05,2.482981979846954346e-02,9.521473657514434308e-06,1.929039484821259975e-03
9.490977525711059570e-01,2.773233503103256226e-02,8.367373811779543757e-05,2.117778733372688293e-02,9.890163710224442184e-06,1.898674177937209606e-03
9.617201685905456543e-01,2.516176924109458923e-02,1.204867949127219617e-04,1.091588754206895828e-02,1.801381768018472940e-05,2.063645515590906143e-03
9.379377961158752441e-01,2.500291913747787476e-02,1.130546952481381595e-04,3.473476320505142212e-02,1.212426195706939325e-05,2.199469134211540222e-03
9.382890462875366211e-01,2.532618120312690735e-02,1.699799759080633521e-04,3.381260111927986145e-02,1.885680467239581048e-05,2.383191604167222977e-03
9.564177393913269043e-01,1.239029131829738617e-02,1.804353087209165096e-04,2.847022004425525665e-02,2.200316521339118481e-05,2.519261324778199196e-03
9.484719038009643555e-01,1.246262434870004654e-02,2.348706184420734644e-04,3.582351654767990112e-02,2.723041325225494802e-05,2.979880198836326599e-03
9.462469816207885742e-01,1.488798018544912338e-02,1.853785506682470441e-04,3.534866869449615479e-02,2.129074709955602884e-05,3.309760708361864090e-03
9.546281695365905762e-01,1.093628909438848495e-02,1.999972155317664146e-04,3.138202428817749023e-02,2.090342604788020253e-05,2.832771278917789459e-03
9.152063131332397461e-01,2.560483478009700775e-02,2.654370910022407770e-04,5.538582801818847656e-02,2.711838169489055872e-05,3.510479349642992020e-03
9.057062864303588867e-01,3.935583680868148804e-02,4.294805112294852734e-04,5.079877004027366638e-02,4.667460962082259357e-05,3.662945469841361046e-03
8.464543223381042480e-01,7.093123346567153931e-02,3.357956302352249622e-04,7.848636060953140259e-02,3.036724592675454915e-05,3.761824918910861015e-03
8.570371270179748535e-01,8.995597064495086670e-02,5.055513465777039528e-04,4.879928752779960632e-02,5.065181903773918748e-05,3.651455277577042580e-03
9.197785854339599609e-01,3.890619054436683655e-02,2.584672474768012762e-04,3.804090246558189392e-02,2.815956941049080342e-05,2.987735671922564507e-03
9.271743297576904297e-01,4.778329282999038696e-02,4.438729083631187677e-04,2.092639915645122528e-02,5.999763379804790020e-05,3.612023545429110527e-03
9.482657313346862793e-01,3.617671877145767212e-02,3.854836104437708855e-04,1.163287367671728134e-02,5.872157635167241096e-05,3.480620216578245163e-03
9.426459074020385742e-01,4.175194352865219116e-02,3.218209894839674234e-04,1.196199934929609299e-02,4.874671503785066307e-05,3.269421169534325600e-03
9.675316810607910156e-01,2.220291458070278168e-02,1.187277302960865200e-04,7.627565879374742508e-03,2.003513327508699149e-05,2.498998539522290230e-03
9.737476110458374023e-01,1.811907067894935608e-02,1.095179250114597380e-04,5.572753492742776871e-03,2.095113632094580680e-05,2.430157735943794250e-03
9.739963412284851074e-01,1.836743578314781189e-02,2.160272415494546294e-04,4.780740477144718170e-03,4.157980583840981126e-05,2.597827464342117310e-03
9.412065744400024414e-01,4.754649475216865540e-02,3.740803804248571396e-04,6.847599521279335022e-03,7.035804446786642075e-05,3.954934887588024139e-03
9.751708507537841797e-01,1.572379283607006073e-02,2.212482067989185452e-04,6.069950293749570847e-03,4.355430792202241719e-05,2.770621096715331078e-03
9.723508358001708984e-01,1.782239414751529694e-02,3.272070898674428463e-04,6.770491134375333786e-03,6.388506881194189191e-05,2.665174892172217369e-03
9.738036990165710449e-01,1.812750287353992462e-02,1.771182724041864276e-04,5.438329186290502548e-03,3.262524114688858390e-05,2.420698059722781181e-03
9.848225116729736328e-01,8.878295309841632843e-03,1.036269750329665840e-04,4.333421122282743454e-03,2.008434967137873173e-05,1.842021010816097260e-03
9.484369158744812012e-01,4.107686504721641541e-02,3.870991349685937166e-04,7.076161447912454605e-03,6.554191350005567074e-05,2.957364078611135483e-03
9.511459469795227051e-01,3.893316537141799927e-02,2.746693789958953857e-04,6.481533404439687729e-03,5.383042662288062274e-05,3.110796213150024414e-03
9.264495372772216797e-01,5.483692139387130737e-02,3.413960221223533154e-04,1.526152342557907104e-02,4.493718006415292621e-05,3.065648023039102554e-03
9.165927171707153320e-01,5.322086811065673828e-02,2.662847400642931461e-04,2.643584646284580231e-02,3.319396637380123138e-05,3.451078431680798531e-03
9.439651966094970703e-01,2.751661464571952820e-02,1.435796584701165557e-04,2.526574395596981049e-02,1.751506715663708746e-05,3.091305959969758987e-03
9.504842162132263184e-01,1.901958137750625610e-02,7.438837928930297494e-05,2.794880792498588562e-02,8.522915777575690299e-06,2.464363118633627892e-03
9.772256016731262207e-01,8.191750384867191315e-03,4.432427158462814987e-05,1.253600604832172394e-02,6.096858214732492343e-06,1.996390754356980324e-03
9.775223731994628906e-01,7.432506885379552841e-03,5.432652687886729836e-05,1.245185546576976776e-02,8.286211595986969769e-06,2.530734753236174583e-03
9.626336097717285156e-01,1.254385802894830704e-02,1.100429799407720566e-04,2.171302773058414459e-02,1.313274879066739231e-05,2.986337291076779366e-03
9.698210954666137695e-01,1.193941105157136917e-02,4.957756027579307556e-05,1.591309718787670135e-02,6.169076641526771709e-06,2.270556986331939697e-03
9.630827903747558594e-01,1.543247886002063751e-02,3.335353176225908101e-05,1.927546784281730652e-02,3.684504235934582539e-06,2.172271255403757095e-03
8.629367351531982422e-01,5.079145729541778564e-02,4.013835859950631857e-05,8.332511782646179199e-02,3.214250227756565437e-06,2.903387416154146194e-03
9.610570669174194336e-01,1.618737541139125824e-02,1.613717904547229409e-05,2.123670838773250580e-02,1.557361429149750620e-06,1.501018065027892590e-03
9.764662981033325195e-01,9.000794030725955963e-03,1.451531352358870208e-05,1.308334618806838989e-02,1.785190079317544587e-06,1.433268189430236816e-03
9.795580506324768066e-01,7.691256236284971237e-03,2.823632530635222793e-05,1.125139929354190826e-02,3.766358759094146080e-06,1.467331661842763424e-03
9.846585988998413086e-01,9.869491681456565857e-03,3.368819670868106186e-05,3.800045466050505638e-03,6.443334314099047333e-06,1.631754916161298752e-03
9.652917385101318359e-01,2.059384994208812714e-02,9.875365503830835223e-05,1.152663864195346832e-02,1.509428693680092692e-05,2.474055159837007523e-03
9.702859520912170410e-01,1.598097756505012512e-02,7.099026697687804699e-05,1.142322551459074020e-02,1.000655083771562204e-05,2.228722441941499710e-03
9.190129041671752930e-01,3.688651695847511292e-02,1.476805628044530749e-04,4.063745588064193726e-02,1.601388066774234176e-05,3.299613948911428452e-03
9.121522307395935059e-01,3.600012138485908508e-02,1.998100196942687035e-04,4.855360835790634155e-02,2.101423888234421611e-05,3.073243657127022743e-03
9.695945382118225098e-01,1.487604901194572449e-02,1.415659935446456075e-04,1.255690585821866989e-02,2.274081634823232889e-05,2.808122662827372551e-03
9.715365767478942871e-01,1.604359783232212067e-02,3.404358285479247570e-04,8.792356587946414948e-03,6.039487561793066561e-05,3.226881846785545349e-03
9.605812430381774902e-01,3.057882376015186310e-02,4.576171340886503458e-04,4.568985197693109512e-03,9.649423736846074462e-05,3.716858103871345520e-03
9.726806282997131348e-01,1.707350090146064758e-02,1.606228906894102693e-04,7.481372449547052383e-03,2.692446287255734205e-05,2.576983068138360977e-03
9.349006414413452148e-01,3.753288462758064270e-02,2.816974883899092674e-04,2.362625859677791595e-02,3.709398151841014624e-05,3.621397307142615318e-03
9.186764359474182129e-01,4.947879165410995483e-02,2.944868465419858694e-04,2.781489863991737366e-02,3.733390258275903761e-05,3.698101965710520744e-03
9.366331100463867188e-01,2.531431429088115692e-02,1.348082732874900103e-04,3.516514971852302551e-02,1.506107491877628490e-05,2.737589878961443901e-03
9.321299791336059570e-01,4.040640220046043396e-02,2.577819977886974812e-04,2.428599260747432709e-02,3.106404619757086039e-05,2.888788003474473953e-03
9.543868303298950195e-01,3.209452703595161438e-02,3.075267886742949486e-04,9.904291480779647827e-03,4.995907147531397641e-05,3.256808966398239136e-03
9.243120551109313965e-01,5.351645499467849731e-02,2.943559375125914812e-04,1.884356513619422913e-02,3.731158358277752995e-05,2.996336435899138451e-03
9.082514047622680664e-01,6.632938981056213379e-02,3.358979301992803812e-04,2.097099088132381439e-02,4.618680395651608706e-05,4.066118039190769196e-03
9.283348321914672852e-01,5.833362042903900146e-02,3.791714552789926529e-04,9.184801951050758362e-03,5.991258876747451723e-05,3.707675728946924210e-03
9.053581953048706055e-01,6.800960749387741089e-02,5.108285113237798214e-04,2.091090753674507141e-02,7.144276605686172843e-05,5.139095708727836609e-03
9.234707355499267578e-01,5.109114199876785278e-02,2.699920732993632555e-04,2.099015377461910248e-02,3.683963223011232913e-05,4.141039215028285980e-03
9.302867650985717773e-01,3.003926202654838562e-02,1.686124305706471205e-04,3.560573980212211609e-02,2.050455987046007067e-05,3.879108699038624763e-03
8.707377910614013672e-01,3.246563300490379333e-02,2.092238137265667319e-04,9.300296008586883545e-02,1.701121072983369231e-05,3.567299805581569672e-03
9.221794605255126953e-01,2.949180454015731812e-02,9.535143908578902483e-05,4.540078714489936829e-02,9.560343642078805715e-06,2.823139308020472527e-03
9.383186101913452148e-01,2.801717258989810944e-02,6.458840653067454696e-05,3.106165677309036255e-02,7.050407020869897678e-06,2.530911238864064217e-03
9.714139103889465332e-01,2.043696679174900055e-02,6.890483928145840764e-05,6.065601482987403870e-03,1.187733050755923614e-05,2.002621302381157875e-03
9.709033370018005371e-01,2.112139016389846802e-02,7.211446063593029976e-05,5.866262130439281464e-03,1.216030068462714553e-05,2.024600747972726822e-03
9.786249995231628418e-01,1.466008927673101425e-02,5.600482472800649703e-05,4.808664321899414062e-03,1.001785949483746663e-05,1.840230775997042656e-03
9.738671183586120605e-01,1.079948153346776962e-02,9.280985977966338396e-05,1.306127477437257767e-02,1.253604841622291133e-05,2.166761318221688271e-03
9.608660936355590820e-01,7.962601259350776672e-03,1.296867849305272102e-04,2.863766252994537354e-02,1.534737020847387612e-05,2.388561610132455826e-03
9.257090687751770020e-01,1.402412075549364090e-02,1.424943766323849559e-04,5.721792206168174744e-02,1.268456526304362342e-05,2.893836935982108116e-03
9.272136688232421875e-01,1.204806007444858551e-02,1.595649664523079991e-04,5.782087519764900208e-02,1.527611129858996719e-05,2.742487937211990356e-03
9.028170704841613770e-01,2.162129431962966919e-02,2.415964554529637098e-04,7.185407727956771851e-02,2.316515019629150629e-05,3.442760789766907692e-03
8.476300239562988281e-01,4.028289392590522766e-02,2.908133028540760279e-04,1.078496575355529785e-01,2.564885289757512510e-05,3.920959774404764175e-03
8.279284834861755371e-01,4.138108715415000916e-02,3.334947978146374226e-04,1.257546544075012207e-01,2.878019768104422837e-05,4.573386628180742264e-03
8.308450579643249512e-01,3.926820680499076843e-02,3.626369580160826445e-04,1.249330118298530579e-01,3.203708911314606667e-05,4.559076391160488129e-03
8.583015203475952148e-01,4.054592177271842957e-02,2.351986913708969951e-04,9.681602567434310913e-02,1.914771382871549577e-05,4.082248080521821976e-03
8.931970000267028809e-01,3.491014614701271057e-02,1.032665968523360789e-04,6.861168891191482544e-02,8.487574632454197854e-06,3.169390605762600899e-03
9.523073434829711914e-01,2.333197370171546936e-02,7.909072155598551035e-05,2.141167595982551575e-02,9.189697266265284270e-06,2.860706066712737083e-03
9.595341086387634277e-01,2.068004012107849121e-02,4.715005707112140954e-05,1.720882207155227661e-02,5.624368895951192826e-06,2.524311887100338936e-03
9.778115153312683105e-01,9.942172095179557800e-03,5.841050733579322696e-05,9.796530008316040039e-03,8.642319698992650956e-06,2.382648643106222153e-03
9.652312994003295898e-01,1.867894083261489868e-02,1.567943108966574073e-04,1.279201731085777283e-02,2.312418291694484651e-05,3.117770655080676079e-03
9.188900589942932129e-01,4.244359955191612244e-02,2.051956980722025037e-04,3.454780951142311096e-02,2.273184691148344427e-05,3.890635911375284195e-03
9.267891049385070801e-01,5.452213063836097717e-02,1.637766108615323901e-04,1.577209308743476868e-02,2.183044853154569864e-05,2.731106476858258247e-03
9.119710326194763184e-01,6.415653228759765625e-02,1.922404044307768345e-04,2.073442749679088593e-02,2.438337833154946566e-05,2.921368693932890892e-03
9.390417337417602539e-01,3.664329648017883301e-02,1.236578391399234533e-04,2.174730971455574036e-02,1.465847708459477872e-05,2.429328858852386475e-03
9.454988837242126465e-01,2.059607021510601044e-02,1.081417649402283132e-04,3.144240751862525940e-02,1.149220952356699854e-05,2.343043917790055275e-03
9.609841108322143555e-01,1.923496462404727936e-02,1.353321567876264453e-04,1.718785986304283142e-02,1.865690501290373504e-05,2.439077710732817650e-03
9.627454280853271484e-01,2.179317921400070190e-02,1.894909219117835164e-04,1.260961964726448059e-02,2.820420559146441519e-05,2.634062198922038078e-03
9.756112694740295410e-01,1.525278110057115555e-02,9.452629456063732505e-05,6.566132884472608566e-03,1.626921402930747718e-05,2.458977047353982925e-03
9.790477156639099121e-01,1.101527921855449677e-02,5.610713560599833727e-05,7.344233803451061249e-03,9.458964086661580950e-06,2.527301432564854622e-03
9.926328063011169434e-01,2.793584018945693970e-03,1.067294579115696251e-05,3.044400131329894066e-03,1.893788862616929691e-06,1.516695716418325901e-03
9.930486679077148438e-01,2.170633524656295776e-03,1.461197280150372535e-05,3.351777326315641403e-03,2.661725602592923678e-06,1.411696663126349449e-03
9.880111813545227051e-01,4.540126770734786987e-03,2.636607678141444921e-05,5.671476945281028748e-03,4.563030415738467127e-06,1.746334019117057323e-03
9.800383448600769043e-01,8.343427442014217377e-03,4.667808752856217325e-05,9.917041286826133728e-03,6.976242275413824245e-06,1.647451892495155334e-03
9.606719017028808594e-01,2.382687851786613464e-02,2.176902780774980783e-04,1.275328360497951508e-02,3.224839383619837463e-05,2.497893525287508965e-03
9.271500706672668457e-01,3.129024803638458252e-02,3.468951326794922352e-04,3.822931647300720215e-02,3.926631325157359242e-05,2.944216830655932426e-03
9.356134533882141113e-01,2.254715375602245331e-02,2.885830181185156107e-04,3.834291175007820129e-02,3.404646486160345376e-05,3.174054902046918869e-03
9.318202137947082520e-01,1.892385073006153107e-02,2.800243091769516468e-04,4.570098966360092163e-02,2.979855526064056903e-05,3.245149739086627960e-03
9.305438399314880371e-01,1.650260575115680695e-02,1.990731689147651196e-04,4.956789687275886536e-02,2.082844730466604233e-05,3.165561240166425705e-03
9.128718972206115723e-01,2.683936245739459991e-02,2.576274564489722252e-04,5.683331936597824097e-02,2.510430931579321623e-05,3.172609256580471992e-03
9.261905550956726074e-01,2.159609831869602203e-02,2.350290596950799227e-04,4.912259057164192200e-02,2.336413490411359817e-05,2.832221798598766327e-03
9.618596434593200684e-01,2.359875664114952087e-02,2.172082604374736547e-04,1.151703111827373505e-02,3.264597762608900666e-05,2.774700522422790527e-03
9.436231851577758789e-01,4.541638493537902832e-02,3.868654894176870584e-04,7.220089901238679886e-03,6.763426790712401271e-05,3.285887883976101875e-03
9.773676991462707520e-01,1.636096090078353882e-02,1.553059701109305024e-04,3.839421318843960762e-03,3.209082569810561836e-05,2.244575880467891693e-03
9.548078775405883789e-01,3.710898011922836304e-02,1.912346488097682595e-04,5.137132480740547180e-03,3.596319220378063619e-05,2.718759700655937195e-03
9.691737890243530273e-01,2.128022909164428711e-02,1.269430940737947822e-04,7.143986877053976059e-03,2.191409657825715840e-05,2.253178274258971214e-03
9.127264618873596191e-01,5.883606895804405212e-02,2.242529881186783314e-04,2.497337013483047485e-02,2.685999061213806272e-05,3.212914802134037018e-03
9.012770056724548340e-01,6.143546849489212036e-02,2.679706958588212729e-04,3.400037810206413269e-02,2.967615182569716126e-05,2.989504719153046608e-03
9.532851576805114746e-01,2.303737960755825043e-02,1.011437198030762374e-04,2.122154645621776581e-02,1.207088916999055073e-05,2.342668129131197929e-03
9.686726331710815430e-01,1.343385595828294754e-02,5.279636025079526007e-05,1.594461873173713684e-02,6.775828751415247098e-06,1.889324281364679337e-03
9.732325673103332520e-01,1.561187487095594406e-02,7.745120819890871644e-05,8.936634287238121033e-03,1.146110116678755730e-05,2.129859756678342819e-03
9.505614638328552246e-01,2.756924927234649658e-02,1.414526195731014013e-04,1.927280426025390625e-02,1.675176827120594680e-05,2.438231604173779488e-03
9.291793704032897949e-01,2.873057872056961060e-02,7.138968067010864615e-05,3.986797854304313660e-02,6.993291208345908672e-06,2.143711550161242485e-03
9.591881632804870605e-01,2.559480629861354828e-02,1.288540661334991455e-04,1.277528423815965652e-02,1.710220385575667024e-05,2.295707818120718002e-03
9.662218689918518066e-01,2.334063313901424408e-02,1.156974249170161784e-04,7.732347119599580765e-03,1.836971750890370458e-05,2.571183722466230392e-03
9.737750887870788574e-01,1.681225188076496124e-02,7.265510794240981340e-05,7.029652129858732224e-03,1.162382977781817317e-05,2.298682229593396187e-03
9.576383233070373535e-01,2.479574456810951233e-02,1.325421762885525823e-04,1.469539199024438858e-02,1.796278047550003976e-05,2.720101503655314445e-03
9.526656866073608398e-01,3.380700945854187012e-02,1.229526242241263390e-04,1.053254399448633194e-02,1.775562486727721989e-05,2.854164456948637962e-03
9.424310326576232910e-01,3.820271417498588562e-02,1.536586787551641464e-04,1.645495183765888214e-02,1.989362681342754513e-05,2.737634116783738136e-03
9.503279924392700195e-01,4.043234884738922119e-02,1.056227556546218693e-04,6.441380362957715988e-03,1.863787110778503120e-05,2.674037590622901917e-03
9.799976944923400879e-01,1.613931916654109955e-02,7.570270827272906899e-05,2.059967024251818657e-03,1.703620546322781593e-05,1.710183103568851948e-03
9.529541134834289551e-01,3.958212956786155701e-02,1.664625451667234302e-04,4.556643776595592499e-03,3.193539669155143201e-05,2.708846470341086388e-03
9.574078917503356934e-01,3.478252142667770386e-02,1.482145307818427682e-04,5.177521612495183945e-03,2.641157880134414881e-05,2.457518363371491432e-03
9.568461775779724121e-01,2.653148025274276733e-02,1.189513350254856050e-04,1.415159646421670914e-02,1.637489003769587725e-05,2.335399622097611427e-03
9.581372141838073730e-01,2.668387256562709808e-02,1.276895636692643166e-04,1.236370950937271118e-02,1.999123378482181579e-05,2.667493885383009911e-03
9.771057367324829102e-01,1.299129426479339600e-02,1.627744641155004501e-04,7.370486389845609665e-03,2.906217559939250350e-05,2.340612933039665222e-03
9.612805247306823730e-01,2.827790565788745880e-02,1.259425189346075058e-04,7.616416551172733307e-03,2.222186412836890668e-05,2.676900010555982590e-03
9.563915729522705078e-01,1.935779862105846405e-02,1.446215319447219372e-04,2.135306969285011292e-02,1.820802026486489922e-05,2.734831301495432854e-03
9.340688586235046387e-01,3.277424350380897522e-02,1.190520342788659036e-04,3.032009117305278778e-02,1.348263776890235022e-05,2.704343991354107857e-03
9.716324210166931152e-01,1.418191846460103989e-02,5.295136725180782378e-05,1.133601740002632141e-02,8.058068488026037812e-06,2.788593061268329620e-03
9.795169830322265625e-01,1.236383989453315735e-02,5.554558447329327464e-05,5.072280764579772949e-03,1.083527058653999120e-05,2.980476943776011467e-03
9.880189299583435059e-01,7.444903254508972168e-03,3.729176023625768721e-05,2.432066947221755981e-03,8.392530617129523307e-06,2.058286452665925026e-03
9.822700619697570801e-01,1.343372371047735214e-02,4.965744665241800249e-05,1.827764324843883514e-03,1.206405522680142894e-05,2.406815299764275551e-03
9.760575890541076660e-01,1.649924740195274353e-02,4.845696821575984359e-05,5.573699716478586197e-03,7.888731488492339849e-06,1.813202747143805027e-03
9.444721341133117676e-01,2.751198224723339081e-02,5.602149394690059125e-05,2.578606456518173218e-02,5.865632374479901046e-06,2.167794853448867798e-03
9.009292125701904297e-01,3.213291615247726440e-02,9.544663771521300077e-05,6.432359665632247925e-02,8.052876182773616165e-06,2.510660793632268906e-03
9.340605139732360840e-01,1.143508031964302063e-02,8.207276550820097327e-05,5.209762230515480042e-02,7.577236374345375225e-06,2.317215315997600555e-03
9.300906062126159668e-01,1.275100465863943100e-02,1.253650989383459091e-04,5.430077388882637024e-02,1.239477387571241707e-05,2.719808369874954224e-03
9.554380178451538086e-01,1.200965978205204010e-02,1.565121929161250591e-04,3.009085915982723236e-02,1.795750540622975677e-05,2.287050709128379822e-03
9.721289873123168945e-01,1.134327612817287445e-02,8.639434963697567582e-05,1.381117198616266251e-02,1.254172730114078149e-05,2.617643680423498154e-03
9.335888028144836426e-01,1.721516996622085571e-02,1.729920186335220933e-04,4.578796029090881348e-02,1.789989255485124886e-05,3.217227756977081299e-03
8.590908646583557129e-01,3.086807206273078918e-02,2.175862900912761688e-04,1.056673824787139893e-01,1.929293830471578985e-05,4.136807285249233246e-03
7.921733260154724121e-01,2.524224668741226196e-02,2.144909958587959409e-04,1.788215786218643188e-01,1.551636705698911101e-05,3.532854607328772545e-03
8.802902698516845703e-01,1.535360235720872879e-02,1.882379292510449886e-04,1.013812199234962463e-01,1.654893458180595189e-05,2.770109334960579872e-03
9.328587055206298828e-01,1.112661138176918030e-02,1.196072189486585557e-04,5.350407585501670837e-02,1.280643664358649403e-05,2.378137083724141121e-03
9.821546077728271484e-01,4.755101632326841354e-03,3.086409560637548566e-05,1.166927069425582886e-02,4.339229235483799130e-06,1.385778537951409817e-03
9.796040654182434082e-01,8.316248655319213867e-03,7.498230843339115381e-05,9.993852116167545319e-03,1.126701863540802151e-05,1.999758882448077202e-03
9.702681899070739746e-01,1.901265978813171387e-02,1.034948145388625562e-04,8.137994445860385895e-03,1.623600655875634402e-05,2.461492316797375679e-03
9.487991929054260254e-01,3.526220843195915222e-02,2.040569524979218841e-04,1.277634873986244202e-02,3.059755545109510422e-05,2.927614608779549599e-03
9.328595399856567383e-01,4.010638967156410217e-02,2.667590160854160786e-04,2.356368489563465118e-02,3.315963476779870689e-05,3.170501673594117165e-03
9.609499573707580566e-01,2.943630889058113098e-02,1.677176478551700711e-04,6.582610774785280228e-03,2.762504118436481804e-05,2.835738938301801682e-03
9.606664776802062988e-01,1.694974489510059357e-02,1.407797390129417181e-04,1.971830613911151886e-02,1.750695264490786940e-05,2.507223049178719521e-03
9.861437082290649414e-01,6.487168837338685989e-03,6.606898386962711811e-05,5.605317652225494385e-03,1.127038012782577425e-05,1.686510513536632061e-03
9.867570400238037109e-01,7.508741691708564758e-03,7.703861047048121691e-05,3.792810719460248947e-03,1.331691237282939255e-05,1.851157634519040585e-03
9.828667044639587402e-01,6.322820670902729034e-03,7.647262100363150239e-05,8.761573582887649536e-03,1.181150219053961337e-05,1.960579073056578636e-03
9.414142370223999023e-01,1.476702839136123657e-02,7.995112537173554301e-05,4.147374257445335388e-02,7.613983598275808617e-06,2.257397398352622986e-03
9.341145157814025879e-01,2.055928111076354980e-02,1.572885958012193441e-04,4.252270236611366272e-02,1.623019852559082210e-05,2.629945520311594009e-03
9.591935276985168457e-01,1.271266676485538483e-02,6.565178773598745465e-05,2.602491527795791626e-02,7.064219062158372253e-06,1.996274106204509735e-03
9.327881932258605957e-01,2.341145463287830353e-02,8.129872003337368369e-05,4.133662208914756775e-02,8.495104339090175927e-06,2.374026225879788399e-03
9.314239621162414551e-01,3.267026320099830627e-02,1.492453448008745909e-04,3.307599201798439026e-02,1.660112320678308606e-05,2.663832157850265503e-03
9.106853008270263672e-01,4.719429463148117065e-02,1.941489172168076038e-04,3.821625187993049622e-02,2.306528767803683877e-05,3.687141230329871178e-03
8.140599131584167480e-01,9.003481268882751465e-02,3.301882534287869930e-04,9.144046902656555176e-02,2.818154280248563737e-05,4.106536507606506348e-03
9.160537123680114746e-01,4.057613387703895569e-02,3.739710955414921045e-04,3.958123549818992615e-02,4.171493492322042584e-05,3.373146522790193558e-03
8.934798240661621094e-01,6.576190888881683350e-02,5.584714817814528942e-04,3.560150414705276489e-02,7.140744855860248208e-05,4.526907578110694885e-03
9.369968771934509277e-01,3.289112448692321777e-02,2.211730025010183454e-04,2.698512189090251923e-02,2.797418164846021682e-05,2.877846127375960350e-03
9.043609499931335449e-01,5.078915506601333618e-02,2.276296436320990324e-04,4.127757251262664795e-02,2.561300061643123627e-05,3.319098381325602531e-03
8.928366899490356445e-01,5.573683232069015503e-02,1.737984130159020424e-04,4.818130284547805786e-02,1.692929072305560112e-05,3.054482396692037582e-03
9.055331349372863770e-01,4.116371646523475647e-02,1.373083214275538921e-04,5.039293691515922546e-02,1.279192201764089987e-05,2.760121598839759827e-03
9.409328103065490723e-01,3.838312625885009766e-02,1.300094299949705601e-04,1.739082299172878265e-02,1.658682595007121563e-05,3.146624192595481873e-03
9.591243267059326172e-01,2.806253544986248016e-02,1.475009194109588861e-04,9.639310650527477264e-03,2.124077036569360644e-05,3.005099948495626450e-03
9.759954810142517090e-01,1.416575256735086441e-02,6.390401540556922555e-05,7.385563571006059647e-03,1.001158216240582988e-05,2.379340818151831627e-03
9.606442451477050781e-01,3.040678054094314575e-02,1.186582230729982257e-04,6.272624712437391281e-03,1.733790304569993168e-05,2.540507586672902107e-03
9.478896260261535645e-01,3.000928647816181183e-02,1.257012481801211834e-04,1.934937015175819397e-02,1.541375058877747506e-05,2.610643161460757256e-03
9.694038033485412598e-01,2.126767300069332123e-02,1.219385958393104374e-04,6.772441789507865906e-03,2.099003177136182785e-05,2.413176000118255615e-03
9.312424659729003906e-01,5.630458518862724304e-02,3.498607547953724861e-04,8.428919129073619843e-03,5.466618677019141614e-05,3.619541646912693977e-03
9.452025890350341797e-01,4.165136814117431641e-02,4.040085186716169119e-04,9.419431909918785095e-03,6.869414937682449818e-05,3.253746312111616135e-03
9.669138193130493164e-01,2.399458922445774078e-02,2.098012046189978719e-04,6.138916127383708954e-03,3.786297020269557834e-05,2.704997779801487923e-03
9.208340048789978027e-01,5.818920210003852844e-02,4.472699365578591824e-04,1.666638255119323730e-02,6.409803609130904078e-05,3.799027297645807266e-03
8.826865553855895996e-01,7.386395335197448730e-02,4.771644016727805138e-04,3.898822516202926636e-02,5.564135790336877108e-05,3.928414080291986465e-03
9.176222681999206543e-01,5.855971574783325195e-02,4.274065722711384296e-04,1.950972527265548706e-02,6.037308048689737916e-05,3.820508252829313278e-03
9.240679740905761719e-01,4.469297453761100769e-02,3.036045527551323175e-04,2.746549807488918304e-02,3.842273508780635893e-05,3.431547898799180984e-03
9.101402759552001953e-01,4.032289981842041016e-02,2.033916825894266367e-04,4.596063867211341858e-02,2.132749614247586578e-05,3.351467894390225410e-03
9.205240607261657715e-01,2.172790095210075378e-02,9.985038923332467675e-05,5.512042716145515442e-02,9.288126420869957656e-06,2.518392400816082954e-03
9.193512201309204102e-01,2.611124515533447266e-02,9.149577090283855796e-05,5.165704339742660522e-02,8.827844794723205268e-06,2.780070761218667030e-03
9.322213530540466309e-01,1.951262727379798889e-02,6.680289516225457191e-05,4.594349116086959839e-02,6.521761406474979594e-06,2.249145414680242538e-03
9.527795910835266113e-01,1.200377196073532104e-02,4.491821164265275002e-05,3.359083086252212524e-02,4.356901627033948898e-06,1.576576149091124535e-03
9.122422933578491211e-01,2.430147305130958557e-02,6.841095455456525087e-05,6.162562593817710876e-02,5.676756700268015265e-06,1.756584388203918934e-03
9.302024841308593750e-01,2.988189458847045898e-02,8.629309013485908508e-05,3.814177960157394409e-02,7.701862159592565149e-06,1.679940847679972649e-03
9.271973967552185059e-01,3.219488263130187988e-02,1.072154263965785503e-04,3.866766020655632019e-02,1.061605871655046940e-05,1.822207006625831127e-03
9.336993694305419922e-01,3.794986754655838013e-02,8.702088234713301063e-05,2.637572586536407471e-02,9.551026778353843838e-06,1.878437004052102566e-03
9.228947162628173828e-01,5.303639173507690430e-02,1.092780221370048821e-04,2.119981124997138977e-02,1.206626529892673716e-05,2.747722202911973000e-03
9.636304974555969238e-01,2.474181912839412689e-02,7.510260184062644839e-05,9.281834587454795837e-03,1.023975346470251679e-05,2.260429784655570984e-03
9.623173475265502930e-01,2.305656298995018005e-02,8.142939623212441802e-05,1.194414682686328888e-02,1.194629294332116842e-05,2.588579896837472916e-03
9.571660161018371582e-01,2.819591201841831207e-02,1.044256641762331128e-04,1.178797613829374313e-02,1.460834209865424782e-05,2.731038490310311317e-03
9.131364822387695312e-01,2.827944792807102203e-02,1.957305357791483402e-04,5.483632907271385193e-02,1.977988722501322627e-05,3.532103728502988815e-03
9.196282625198364258e-01,2.987697906792163849e-02,2.304878144059330225e-04,4.668519645929336548e-02,2.457711343595292419e-05,3.554608440026640892e-03
9.099653959274291992e-01,3.368039429187774658e-02,3.205305547453463078e-04,5.233448743820190430e-02,3.357973400852642953e-05,3.665487281978130341e-03
9.479135870933532715e-01,3.332116454839706421e-02,1.515401527285575867e-04,1.581619679927825928e-02,1.999491723836399615e-05,2.777493093162775040e-03
9.428281784057617188e-01,4.867098852992057800e-02,1.930103462655097246e-04,5.591871216893196106e-03,3.241713420720770955e-05,2.683670260012149811e-03
9.226933121681213379e-01,6.710078567266464233e-02,2.462702977936714888e-04,7.096603978425264359e-03,3.551604095264337957e-05,2.827441319823265076e-03
9.391094446182250977e-01,5.212646722793579102e-02,1.785796339390799403e-04,5.794050171971321106e-03,2.983588274219073355e-05,2.761703450232744217e-03
9.214252233505249023e-01,6.950702518224716187e-02,4.383055493235588074e-04,5.188397597521543503e-03,7.640106923645362258e-05,3.364701988175511360e-03
9.172664284706115723e-01,6.805454194545745850e-02,7.729388889856636524e-04,9.229881688952445984e-03,1.348156656604260206e-04,4.541354253888130188e-03
9.288696646690368652e-01,5.554258078336715698e-02,6.688677240163087845e-04,1.053695660084486008e-02,1.100531808333471417e-04,4.271824378520250320e-03
8.648915886878967285e-01,1.075552552938461304e-01,7.274085655808448792e-04,2.178576402366161346e-02,9.240049985237419605e-05,4.947559908032417297e-03
9.246136546134948730e-01,6.022146716713905334e-02,2.852503384929150343e-04,1.112023089081048965e-02,4.016803359263576567e-05,3.719246713444590569e-03
9.426173567771911621e-01,4.552305489778518677e-02,2.418890071567147970e-04,8.421671576797962189e-03,3.752627526409924030e-05,3.158415900543332100e-03
9.562473297119140625e-01,3.557370230555534363e-02,1.265180908376350999e-04,5.191916134208440781e-03,2.128700361936353147e-05,2.839154098182916641e-03
9.741472601890563965e-01,1.942874677479267120e-02,8.894038182916119695e-05,3.934263251721858978e-03,1.649372643441893160e-05,2.384351566433906555e-03
9.599044919013977051e-01,3.310602903366088867e-02,1.965064875548705459e-04,3.805915592238306999e-03,3.829730485449545085e-05,2.948786597698926926e-03
9.750023484230041504e-01,1.723709516227245331e-02,9.716939530335366726e-05,5.089875310659408569e-03,1.841110497480258346e-05,2.555184299126267433e-03
9.561420679092407227e-01,3.267575427889823914e-02,1.244178856723010540e-04,8.104486390948295593e-03,2.125443643308244646e-05,2.932055387645959854e-03
9.068599939346313477e-01,6.630995124578475952e-02,4.168064042460173368e-04,2.246509678661823273e-02,5.549616980715654790e-05,3.892699256539344788e-03
8.977590203285217285e-01,6.114712730050086975e-02,4.104706749785691500e-04,3.721297532320022583e-02,4.492038351600058377e-05,3.425523638725280762e-03
9.507526159286499023e-01,3.493046388030052185e-02,3.897343412972986698e-04,1.095251832157373428e-02,6.306904833763837814e-05,2.911642426624894142e-03
9.755396842956542969e-01,1.639557257294654846e-02,3.598580660764127970e-04,5.160653498023748398e-03,6.454352114815264940e-05,2.479673363268375397e-03
9.606382250785827637e-01,2.666718326508998871e-02,4.457466420717537403e-04,9.118319489061832428e-03,7.226768502732738853e-05,3.058301284909248352e-03
9.416988492012023926e-01,4.251569882035255432e-02,7.615929935127496719e-04,1.080447435379028320e-02,1.298772403970360756e-04,4.089507739990949631e-03
9.614743590354919434e-01,2.705215662717819214e-02,6.880966830067336559e-04,6.867645308375358582e-03,1.349330123048275709e-04,3.782904474064707756e-03
9.572824835777282715e-01,3.120625391602516174e-02,2.070589252980425954e-04,8.002338930964469910e-03,3.930811362806707621e-05,3.262733109295368195e-03
9.443107247352600098e-01,4.286475852131843567e-02,1.552245230413973331e-04,9.724557399749755859e-03,2.314499033673200756e-05,2.921528182923793793e-03
9.682453870773315430e-01,1.975112967193126678e-02,7.998685032362118363e-05,9.431947953999042511e-03,1.298156803386518732e-05,2.478632144629955292e-03
8.959524035453796387e-01,6.077074632048606873e-02,9.837605466600507498e-05,4.024893790483474731e-02,9.992319974116981030e-06,2.919553313404321671e-03
8.845677375793457031e-01,5.724557116627693176e-02,1.059688875102438033e-04,5.545202642679214478e-02,9.624273843655828387e-06,2.619097009301185608e-03
9.388400316238403320e-01,3.635427355766296387e-02,2.471372717991471291e-04,2.136028930544853210e-02,3.155745434924028814e-05,3.166767768561840057e-03
9.554131627082824707e-01,2.493356913328170776e-02,2.442090772092342377e-04,1.668857410550117493e-02,3.495277269394136965e-05,2.685493091121315956e-03
9.521000385284423828e-01,3.258415311574935913e-02,3.717718354891985655e-04,1.192614994943141937e-02,6.016535189701244235e-05,2.957660704851150513e-03
9.647468328475952148e-01,2.514246664941310883e-02,3.756433725357055664e-04,6.567034870386123657e-03,6.958929589018225670e-05,3.098514396697282791e-03
9.438084363937377930e-01,4.339993372559547424e-02,2.264190698042511940e-04,9.381480515003204346e-03,3.575404844013974071e-05,3.148059826344251633e-03
9.032632112503051758e-01,7.043995708227157593e-02,2.436757640680298209e-04,2.270477823913097382e-02,2.863756890292279422e-05,3.319747280329465866e-03
8.932750821113586426e-01,7.962136715650558472e-02,2.448337909299880266e-04,2.283842302858829498e-02,2.936270357167813927e-05,3.990862518548965454e-03
8.724163770675659180e-01,1.042168661952018738e-01,3.456622362136840820e-04,1.962306164205074310e-02,4.024556983495131135e-05,3.357785288244485855e-03
8.806868195533752441e-01,9.097804129123687744e-02,4.707635089289397001e-04,2.377739734947681427e-02,6.068228321964852512e-05,4.026337061077356339e-03
8.672800064086914062e-01,1.123989522457122803e-01,6.731621688231825829e-04,1.578477211296558380e-02,8.962758147390559316e-05,3.773554228246212006e-03
8.560351133346557617e-01,8.321363478899002075e-02,2.645947388373315334e-04,5.740956217050552368e-02,2.340095488762017339e-05,3.053623484447598457e-03
9.562899470329284668e-01,3.109681420028209686e-02,8.139365672832354903e-05,1.014306116849184036e-02,1.176676687464350834e-05,2.377147320657968521e-03
9.654126763343811035e-01,2.059045620262622833e-02,3.922972609871067107e-05,1.168591715395450592e-02,5.376592980610439554e-06,2.266234019771218300e-03
9.744633436203002930e-01,1.327670365571975708e-02,3.636420296970754862e-05,1.021296903491020203e-02,5.096655968372942880e-06,2.005507238209247589e-03
9.870156049728393555e-01,7.041914388537406921e-03,5.301261990098282695e-05,3.887624246999621391e-03,9.923079232976306230e-06,1.991891534999012947e-03
9.717395901679992676e-01,1.037103030830621719e-02,1.518652861705049872e-04,1.469049230217933655e-02,2.307005161128472537e-05,3.023846307769417763e-03
9.541152715682983398e-01,1.205016672611236572e-02,1.139284140663221478e-04,3.136094287037849426e-02,1.219068053615046665e-05,2.347612287849187851e-03
9.785830974578857422e-01,8.532630279660224915e-03,7.197446393547579646e-05,1.068282965570688248e-02,1.114423776016337797e-05,2.118383767083287239e-03
9.872987866401672363e-01,7.541908882558345795e-03,6.421259604394435883e-05,3.402112750336527824e-03,1.180138860945589840e-05,1.681116526015102863e-03
9.875784516334533691e-01,7.387783844023942947e-03,6.025384209351614118e-05,3.334813052788376808e-03,1.179307400889229029e-05,1.626846846193075180e-03
9.807887673377990723e-01,1.358808483928442001e-02,1.061806033249013126e-04,3.245289437472820282e-03,2.193629916291683912e-05,2.249672776088118553e-03
9.614695906639099121e-01,2.968345582485198975e-02,2.705059014260768890e-04,5.036154761910438538e-03,5.163468449609354138e-05,3.488618880510330200e-03
9.391162395477294922e-01,3.225887194275856018e-02,4.259409324731677771e-04,2.439028210937976837e-02,5.553243317990563810e-05,3.753109136596322060e-03
9.300156235694885254e-01,3.753512725234031677e-02,2.817527274601161480e-04,2.866413630545139313e-02,3.404547533136792481e-05,3.469402668997645378e-03
8.791249990463256836e-01,6.804240494966506958e-02,2.079248952213674784e-04,4.947637021541595459e-02,1.994768535951152444e-05,3.128456883132457733e-03
8.820100426673889160e-01,5.673416331410408020e-02,1.558715594001114368e-04,5.825243890285491943e-02,1.450531271984800696e-05,2.833059523254632950e-03
9.161420464515686035e-01,3.843338042497634888e-02,7.524143438786268234e-05,4.314478114247322083e-02,7.043619461910566315e-06,2.197596943005919456e-03
9.348669648170471191e-01,2.164676412940025330e-02,6.176948227221146226e-05,4.097845777869224548e-02,6.135121111583430320e-06,2.439839299768209457e-03
9.373232126235961914e-01,1.841530762612819672e-02,9.960306488210335374e-05,4.167706519365310669e-02,9.654877430875785649e-06,2.475316636264324188e-03
9.491584300994873047e-01,1.545612420886754990e-02,7.773839024594053626e-05,3.301421180367469788e-02,8.404838808928616345e-06,2.285125432536005974e-03
9.617931842803955078e-01,1.554444152861833572e-02,8.821415394777432084e-05,1.983533799648284912e-02,1.092417733161710203e-05,2.727926243096590042e-03
9.640660881996154785e-01,1.600986532866954803e-02,1.495461765443906188e-04,1.705782674252986908e-02,2.015533937083091587e-05,2.696665702387690544e-03
9.688007235527038574e-01,1.585961878299713135e-02,1.271118962904438376e-04,1.223794929683208466e-02,2.001428765652235597e-05,2.954577794298529625e-03
9.665242433547973633e-01,1.653028279542922974e-02,9.302971011493355036e-05,1.415561977773904800e-02,1.302799500990658998e-05,2.683840924873948097e-03
9.539501070976257324e-01,1.359501853585243225e-02,8.488961611874401569e-05,2.975105680525302887e-02,9.787292583496309817e-06,2.609267830848693848e-03
9.277314543724060059e-01,1.782722026109695435e-02,6.213566666701808572e-05,5.111998692154884338e-02,6.145684437797171995e-06,3.252973081544041634e-03
8.597732186317443848e-01,2.219813130795955658e-02,6.189176929183304310e-05,1.151320040225982666e-01,4.737021299661137164e-06,2.829999895766377449e-03
9.393568634986877441e-01,1.927742362022399902e-02,6.368783942889422178e-05,3.772318735718727112e-02,7.246671430038986728e-06,3.571613924577832222e-03
9.515768885612487793e-01,1.540159992873668671e-02,1.439185871277004480e-04,2.966571040451526642e-02,1.900175448099616915e-05,3.192717907950282097e-03
9.268345236778259277e-01,3.546712547540664673e-02,3.056726709473878145e-04,3.293413296341896057e-02,3.880433359881862998e-05,4.419763572514057159e-03
9.663476943969726562e-01,2.366786077618598938e-02,4.712785303127020597e-04,5.785530898720026016e-03,9.264444088330492377e-05,3.635115223005414009e-03
9.715192317962646484e-01,1.725035719573497772e-02,3.123077331110835075e-04,7.510716095566749573e-03,5.728028554585762322e-05,3.350053681060671806e-03
9.615119099617004395e-01,1.938488893210887909e-02,2.547389594838023186e-04,1.598052680492401123e-02,3.499349986668676138e-05,2.833079313859343529e-03
9.560140967369079590e-01,1.820233650505542755e-02,1.269690983463078737e-04,2.272655628621578217e-02,1.511569553258595988e-05,2.914825920015573502e-03
9.384108185768127441e-01,1.522878743708133698e-02,7.215989171527326107e-05,4.400779306888580322e-02,7.053514309518504888e-06,2.273361431434750557e-03
9.370811581611633301e-01,1.553263142704963684e-02,2.950788621092215180e-05,4.515253752470016479e-02,2.691774625418474898e-06,2.201492898166179657e-03
9.831287264823913574e-01,7.944621145725250244e-03,2.238659544673282653e-05,7.138041779398918152e-03,3.483702130324672908e-06,1.762678613886237144e-03
9.779792428016662598e-01,1.413162238895893097e-02,6.351475167321041226e-05,5.547960288822650909e-03,1.095480456569930539e-05,2.266665222123265266e-03
9.688280224800109863e-01,1.885813660919666290e-02,1.386374351568520069e-04,9.477728046476840973e-03,2.147806299035437405e-05,2.676063217222690582e-03
9.697778820991516113e-01,9.752823971211910248e-03,9.984133066609501839e-05,1.810461282730102539e-02,1.342194809694774449e-05,2.251484198495745659e-03
9.301255345344543457e-01,1.802897453308105469e-02,2.840199449565261602e-04,4.823239892721176147e-02,2.975638926727697253e-05,3.299267031252384186e-03
8.932127952575683594e-01,3.444391489028930664e-02,4.091183072887361050e-04,6.790988147258758545e-02,4.291861478122882545e-05,3.981401678174734116e-03
9.244315624237060547e-01,3.432916477322578430e-02,3.566763480193912983e-04,3.733712434768676758e-02,4.010856719105504453e-05,3.505297936499118805e-03
9.458946585655212402e-01,1.890683546662330627e-02,4.130093147978186607e-04,3.160710260272026062e-02,5.554468225454911590e-05,3.122809808701276779e-03
9.752572774887084961e-01,1.532187871634960175e-02,4.112838360015302896e-04,6.069854367524385452e-03,7.237901445478200912e-05,2.867297269403934479e-03
9.807162880897521973e-01,9.186068549752235413e-03,1.820568286348134279e-04,7.723673246800899506e-03,3.005999678862281144e-05,2.161822747439146042e-03
9.848752617835998535e-01,6.518750917166471481e-03,1.437677128706127405e-04,6.210911087691783905e-03,2.560922257544007152e-05,2.225709613412618637e-03
9.764319658279418945e-01,1.180023327469825745e-02,1.611187763046473265e-04,9.109434671700000763e-03,2.541414323786739260e-05,2.471832558512687683e-03
9.606196284294128418e-01,1.723683625459671021e-02,9.011680231196805835e-05,1.954769901931285858e-02,1.098359462048392743e-05,2.494710264727473259e-03
9.712823033332824707e-01,1.746566593647003174e-02,7.223740976769477129e-05,8.765009231865406036e-03,1.155671634478494525e-05,2.403150079771876335e-03
9.835192561149597168e-01,5.879090167582035065e-03,5.235509524936787784e-05,8.477296680212020874e-03,8.039994099817704409e-06,2.063840394839644432e-03
9.661267399787902832e-01,8.454707451164722443e-03,5.951645289314910769e-05,2.320143952965736389e-02,6.556209882546681911e-06,2.150954678654670715e-03
9.631786346435546875e-01,9.349252097308635712e-03,5.829873407492414117e-05,2.568127587437629700e-02,6.334737463475903496e-06,1.726179267279803753e-03
9.447809457778930664e-01,1.663497276604175568e-02,1.348773657809942961e-04,3.624142333865165710e-02,1.428432642569532618e-05,2.193377120420336723e-03
9.638973474502563477e-01,1.827239990234375000e-02,9.494014375377446413e-05,1.575288549065589905e-02,1.252914171345764771e-05,1.969931414350867271e-03
9.596745371818542480e-01,1.826107315719127655e-02,7.812253898009657860e-05,1.989427767693996429e-02,9.765480172063689679e-06,2.082243794575333595e-03
9.674303531646728516e-01,1.475330255925655365e-02,9.552834671922028065e-05,1.550408918410539627e-02,1.310929928877158090e-05,2.203664509579539299e-03
9.681840538978576660e-01,1.819130778312683105e-02,1.419555628672242165e-04,1.102287508547306061e-02,2.120421959261875600e-05,2.438625087961554527e-03
9.646401405334472656e-01,1.272984966635704041e-02,9.141524060396477580e-05,2.016209252178668976e-02,1.107615480577806011e-05,2.365469932556152344e-03
9.623498320579528809e-01,2.762916497886180878e-02,7.982010720297694206e-05,7.111710496246814728e-03,1.230776524607790634e-05,2.817183034494519234e-03
9.807985424995422363e-01,1.101576257497072220e-02,3.600950731197372079e-05,6.262490525841712952e-03,5.648902970278868452e-06,1.881632138974964619e-03
9.780458211898803711e-01,1.584133505821228027e-02,3.437509076320566237e-05,4.208370111882686615e-03,6.149423370516160503e-06,1.863800338469445705e-03
9.806295037269592285e-01,1.402651425451040268e-02,4.967843779013492167e-05,3.457599319517612457e-03,8.949725270213093609e-06,1.827712403610348701e-03
9.680742025375366211e-01,2.053272351622581482e-02,9.545864304527640343e-05,8.992525748908519745e-03,1.453738514101132751e-05,2.290515927597880363e-03
9.687179327011108398e-01,1.698858663439750671e-02,7.975799235282465816e-05,1.228954363614320755e-02,1.039383096212986857e-05,1.913795014843344688e-03
9.249744415283203125e-01,4.546086862683296204e-02,1.846739469328895211e-04,2.651122398674488068e-02,2.109462184307631105e-05,2.847688738256692886e-03
8.765365481376647949e-01,5.912397056818008423e-02,1.484997628722339869e-04,6.144919246435165405e-02,1.324821732850978151e-05,2.728450577706098557e-03
8.934550881385803223e-01,6.502418965101242065e-02,1.542053796583786607e-04,3.868125751614570618e-02,1.503922794654499739e-05,2.670145593583583832e-03
9.219359755516052246e-01,4.479517042636871338e-02,1.473434822401031852e-04,3.068131208419799805e-02,1.715222424536477774e-05,2.423060359433293343e-03
8.748024702072143555e-01,5.212631076574325562e-02,1.302298624068498611e-04,7.003282010555267334e-02,1.208762296300847083e-05,2.896011108532547951e-03
7.860583066940307617e-01,6.278644502162933350e-02,7.377471047220751643e-05,1.483642905950546265e-01,5.299766144162276760e-06,2.711973385885357857e-03
7.923036813735961914e-01,7.520197331905364990e-02,1.535602787043899298e-04,1.289616376161575317e-01,1.204880209115799516e-05,3.367027034983038902e-03
8.884558081626892090e-01,3.928362578153610229e-02,1.816373987821862102e-04,6.867847591638565063e-02,1.591224827279802412e-05,3.384500276297330856e-03
9.131577014923095703e-01,2.747042849659919739e-02,1.623566058697178960e-04,5.598545446991920471e-02,1.499434620200190693e-05,3.209058893844485283e-03
9.490917325019836426e-01,1.094126515090465546e-02,2.546206524129956961e-04,3.652711585164070129e-02,3.004503560077864677e-05,3.155267098918557167e-03
9.614740014076232910e-01,7.687237113714218140e-03,1.844974613049998879e-04,2.759729512035846710e-02,2.217127257608808577e-05,3.034848487004637718e-03
8.884398341178894043e-01,8.118864148855209351e-03,6.634292367380112410e-05,1.007954478263854980e-01,5.196765869186492637e-06,2.574397018179297447e-03
9.236568212509155273e-01,5.824882537126541138e-03,2.801123810058925301e-05,6.807474792003631592e-02,2.398405285930493847e-06,2.413094509392976761e-03
9.066356420516967773e-01,9.791342541575431824e-03,6.706733256578445435e-05,8.097482472658157349e-02,5.266472271614475176e-06,2.525769406929612160e-03
8.920387029647827148e-01,9.229198098182678223e-03,4.057527257828041911e-05,9.626390039920806885e-02,3.441725084485369734e-06,2.424251521006226540e-03
9.707886576652526855e-01,5.323481746017932892e-03,5.204424451221711934e-05,2.217913419008255005e-02,5.906247679376974702e-06,1.650855992920696735e-03
9.693257212638854980e-01,5.270142573863267899e-03,9.226604015566408634e-05,2.325206063687801361e-02,1.160730062110815197e-05,2.048307331278920174e-03
9.666371941566467285e-01,5.460247397422790527e-03,1.397631858708336949e-04,2.590960264205932617e-02,1.571174288983456790e-05,1.837531919591128826e-03
9.790321588516235352e-01,5.860556382685899734e-03,1.770390372257679701e-04,1.249388419091701508e-02,2.628748916322365403e-05,2.410108456388115883e-03
9.514384269714355469e-01,2.289832383394241333e-02,5.461215041577816010e-04,2.131408452987670898e-02,7.375109271379187703e-05,3.729370189830660820e-03
9.393406510353088379e-01,3.583566099405288696e-02,3.900138253811746836e-04,2.072581835091114044e-02,5.098219844512641430e-05,3.656883956864476204e-03
9.018841981887817383e-01,5.697974562644958496e-02,3.623407392296940088e-04,3.659480437636375427e-02,3.734273559530265629e-05,4.141661804169416428e-03
8.403196930885314941e-01,7.956553995609283447e-02,3.546461230143904686e-04,7.523511350154876709e-02,3.185596142429858446e-05,4.493165295571088791e-03
9.453856348991394043e-01,2.374765835702419281e-02,1.105680930777452886e-04,2.806684374809265137e-02,1.215647716890089214e-05,2.677185228094458580e-03
9.719706177711486816e-01,1.230813283473253250e-02,5.513963333214633167e-05,1.405472774058580399e-02,7.075043413351522759e-06,1.604137709364295006e-03
9.772775173187255859e-01,9.540809318423271179e-03,4.961015292792581022e-05,1.144078467041254044e-02,6.992987437115516514e-06,1.684191753156483173e-03
9.652470946311950684e-01,1.911257207393646240e-02,6.543419294757768512e-05,1.366967149078845978e-02,8.703343155502807349e-06,1.896546804346144199e-03
9.460197687149047852e-01,3.947794437408447266e-02,8.527329191565513611e-05,1.179424021393060684e-02,1.219129717355826870e-05,2.610564930364489555e-03
9.541106820106506348e-01,2.862923592329025269e-02,6.503056647488847375e-05,1.482493337243795395e-02,8.767521649133414030e-06,2.361345104873180389e-03
9.679257869720458984e-01,2.053950540721416473e-02,7.016536255832761526e-05,9.126372635364532471e-03,1.052004427037900314e-05,2.327767433598637581e-03
9.732344150543212891e-01,1.040020212531089783e-02,4.957491182722151279e-05,1.425074320286512375e-02,6.540329195559024811e-06,2.058539073914289474e-03
9.187390208244323730e-01,1.869457028806209564e-02,6.947814108571037650e-05,6.006320565938949585e-02,6.478215254901442677e-06,2.427382161840796471e-03
8.926581740379333496e-01,2.826886437833309174e-02,1.139238447649404407e-04,7.612953335046768188e-02,9.879886420094408095e-06,2.819504123181104660e-03
8.373935818672180176e-01,3.913396224379539490e-02,1.325404591625556350e-04,1.200508549809455872e-01,1.101669113268144429e-05,3.278090385720133781e-03
8.982060551643371582e-01,2.526026777923107147e-02,1.942120434250682592e-04,7.346259057521820068e-02,1.729023097141180187e-05,2.859576838091015816e-03
9.314505457878112793e-01,2.338249795138835907e-02,4.032136348541826010e-04,4.180039837956428528e-02,4.624573193723335862e-05,2.917216159403324127e-03
9.701151251792907715e-01,1.406243536621332169e-02,3.840287681668996811e-04,1.256171893328428268e-02,5.867727304575964808e-05,2.818043110892176628e-03
9.323112964630126953e-01,3.709531947970390320e-02,6.128300447016954422e-04,2.583753317594528198e-02,8.467380393994972110e-05,4.058327525854110718e-03
9.282374382019042969e-01,5.090324580669403076e-02,4.941539955325424671e-04,1.619540341198444366e-02,7.141096284613013268e-05,4.098323639482259750e-03
9.234991073608398438e-01,4.246242716908454895e-02,3.589595144148916006e-04,2.966076508164405823e-02,4.491889922064729035e-05,3.973655402660369873e-03
9.536350965499877930e-01,2.334361523389816284e-02,3.343577554915100336e-04,1.923886872828006744e-02,4.425013321451842785e-05,3.403872484341263771e-03
9.591822624206542969e-01,1.722420565783977509e-02,2.150164218619465828e-04,2.041104622185230255e-02,2.797850174829363823e-05,2.939525991678237915e-03
9.575535058975219727e-01,1.670851930975914001e-02,2.838000073097646236e-04,2.203125506639480591e-02,3.561121411621570587e-05,3.387326840311288834e-03
9.684976935386657715e-01,1.383693702518939972e-02,1.287656195927411318e-04,1.460515335202217102e-02,1.799986785044893622e-05,2.913535339757800102e-03
9.604868888854980469e-01,2.750472724437713623e-02,1.444118242943659425e-04,9.186950512230396271e-03,2.083519211737439036e-05,2.656292170286178589e-03
9.594377279281616211e-01,3.194122016429901123e-02,1.317991846008226275e-04,5.872754845768213272e-03,2.331059840798843652e-05,2.593241399154067039e-03
9.671014547348022461e-01,2.364213205873966217e-02,1.433164870832115412e-04,6.644667126238346100e-03,2.421147473796736449e-05,2.444154350087046623e-03
9.634417295455932617e-01,2.582807280123233795e-02,1.903022784972563386e-04,7.915624417364597321e-03,2.691769986995495856e-05,2.597396727651357651e-03
9.765959978103637695e-01,1.213180832564830780e-02,9.393649088451638818e-05,9.040532633662223816e-03,1.363513729302212596e-05,2.124018967151641846e-03
9.532774686813354492e-01,1.401205640286207199e-02,1.384411007165908813e-04,3.005327284336090088e-02,1.560870441608130932e-05,2.503219060599803925e-03
9.561052918434143066e-01,2.208147384226322174e-02,1.200604529003612697e-04,1.919230632483959198e-02,1.470700863137608394e-05,2.486128592863678932e-03
9.539015293121337891e-01,2.122607268393039703e-02,6.317844236036762595e-05,2.273842319846153259e-02,8.161076948454137892e-06,2.062555402517318726e-03
9.742140173912048340e-01,1.634230278432369232e-02,4.712167719844728708e-05,7.351964246481657028e-03,7.233810720208566636e-06,2.037398749962449074e-03
9.882252216339111328e-01,6.050143856555223465e-03,3.023344288521911949e-05,4.215456079691648483e-03,5.311766926752170548e-06,1.473579206503927708e-03
9.857931733131408691e-01,8.758394047617912292e-03,3.869990177918225527e-05,3.568051150068640709e-03,7.299816843442386016e-06,1.834474736824631691e-03
9.803875684738159180e-01,1.332430727779865265e-02,7.378337613772600889e-05,4.090105183422565460e-03,1.458158385503338650e-05,2.109611406922340393e-03
9.612486362457275391e-01,2.690112218260765076e-02,1.583090634085237980e-04,9.315101429820060730e-03,2.488954487489536405e-05,2.351901261135935783e-03
9.534361958503723145e-01,3.262139856815338135e-02,2.090674388455227017e-04,1.127025205641984940e-02,2.959748599096201360e-05,2.433534013107419014e-03
9.767823815345764160e-01,1.218235306441783905e-02,7.597095827804878354e-05,8.992457762360572815e-03,1.205863190989475697e-05,1.954830950126051903e-03
9.726554751396179199e-01,1.000828947871923447e-02,4.653456198866479099e-05,1.562407426536083221e-02,5.776033049187390134e-06,1.659844070672988892e-03
9.695323109626770020e-01,9.824297390878200531e-03,6.930956442374736071e-05,1.859765127301216125e-02,8.812411579128820449e-06,1.967552816495299339e-03
9.704726338386535645e-01,7.671207189559936523e-03,6.294577906373888254e-05,1.999206654727458954e-02,7.835996257199440151e-06,1.793261966668069363e-03
9.756740331649780273e-01,1.048704329878091812e-02,8.543555304640904069e-05,1.167954877018928528e-02,1.212368351843906567e-05,2.061857841908931732e-03
9.750404953956604004e-01,8.034638129174709320e-03,1.040485949488356709e-04,1.480532065033912659e-02,1.463770968257449567e-05,2.000809414312243462e-03
9.812597632408142090e-01,8.907917886972427368e-03,1.002753124339506030e-04,7.775747217237949371e-03,1.644560143176931888e-05,1.939918962307274342e-03
9.896397590637207031e-01,6.096970289945602417e-03,1.066573240677826107e-04,2.179684815928339958e-03,2.601246887934394181e-05,1.950991107150912285e-03
9.799196720123291016e-01,1.408478617668151855e-02,1.492122682975605130e-04,3.487173467874526978e-03,3.098634988418780267e-05,2.328260103240609169e-03
9.850640892982482910e-01,1.031520497053861618e-02,9.079950541490688920e-05,2.717502415180206299e-03,1.957228596438653767e-05,1.792806084267795086e-03
9.773419499397277832e-01,1.453720778226852417e-02,1.556862553115934134e-04,5.755683407187461853e-03,2.790518374240491539e-05,2.181518357247114182e-03
9.343798160552978516e-01,3.849014639854431152e-02,3.027658676728606224e-04,2.355474233627319336e-02,3.851729343296028674e-05,3.233966883271932602e-03
9.118843078613281250e-01,4.177335649728775024e-02,2.033155324170365930e-04,4.338842257857322693e-02,2.079450678138528019e-05,2.729772124439477921e-03
8.476552367210388184e-01,8.936291188001632690e-02,6.311890319921076298e-04,5.763807892799377441e-02,6.649661372648552060e-05,4.646087065339088440e-03
8.175715804100036621e-01,5.981250107288360596e-02,3.086600918322801590e-04,1.184248700737953186e-01,2.730103915382642299e-05,3.855123184621334076e-03
9.060802459716796875e-01,3.771370276808738708e-02,1.663306757109239697e-04,5.320694297552108765e-02,1.632030944165308028e-05,2.816466148942708969e-03
9.400817751884460449e-01,2.762060612440109253e-02,3.029404324479401112e-04,2.862685173749923706e-02,4.127683860133402050e-05,3.326704259961843491e-03
9.769558310508728027e-01,1.196148525923490524e-02,1.316619891440495849e-04,8.617239072918891907e-03,2.202446739829611033e-05,2.311615273356437683e-03
9.786022901535034180e-01,1.410810183733701706e-02,1.307991624344140291e-04,4.911320749670267105e-03,2.380730802542530000e-05,2.223774557933211327e-03
9.637518525123596191e-01,2.520978450775146484e-02,1.230599300470203161e-04,7.926721125841140747e-03,2.126048639183863997e-05,2.967385575175285339e-03
9.609886407852172852e-01,1.733114942908287048e-02,6.711846071993932128e-05,1.944541931152343750e-02,8.346900358446873724e-06,2.159358933568000793e-03
9.242115616798400879e-01,3.773435577750205994e-02,4.881718996330164373e-05,3.522482514381408691e-02,4.984099632565630600e-06,2.775512868538498878e-03
9.332122206687927246e-01,3.034348972141742706e-02,8.238866575993597507e-05,3.364644944667816162e-02,8.624189831607509404e-06,2.706806641072034836e-03
9.196342229843139648e-01,4.516584426164627075e-02,1.808313681976869702e-04,3.100160881876945496e-02,2.198940455855336040e-05,3.995566163212060928e-03
9.419126510620117188e-01,4.595335572957992554e-02,4.446681705303490162e-04,7.285529747605323792e-03,8.231631363742053509e-05,4.321566782891750336e-03
9.571087956428527832e-01,3.005450218915939331e-02,3.866801271215081215e-04,8.079530671238899231e-03,7.194629870355129242e-05,4.298476967960596085e-03
9.411540031433105469e-01,3.685690090060234070e-02,3.051078238058835268e-04,1.747244596481323242e-02,4.729116335511207581e-05,4.164246842265129089e-03
9.448813796043395996e-01,2.984998561441898346e-02,2.371954178670421243e-04,2.187431789934635162e-02,2.890543692046776414e-05,3.128033829852938652e-03
9.132571220397949219e-01,3.262194246053695679e-02,1.636517117731273174e-04,5.127564817667007446e-02,1.522579987067729235e-05,2.666386542841792107e-03
9.282862544059753418e-01,2.278088219463825226e-02,1.083596944226883352e-04,4.642152786254882812e-02,1.050786613632226363e-05,2.392447320744395256e-03
9.489234685897827148e-01,2.722350694239139557e-02,2.770410210359841585e-04,2.065763622522354126e-02,3.712215402629226446e-05,2.881236374378204346e-03
9.597998261451721191e-01,2.786913141608238220e-02,2.806774573400616646e-04,9.084372781217098236e-03,4.702344085671938956e-05,2.918963786214590073e-03
9.436244368553161621e-01,4.791272431612014771e-02,4.044272645842283964e-04,4.727334715425968170e-03,7.841220212867483497e-05,3.252720460295677185e-03
9.764135479927062988e-01,1.723978482186794281e-02,2.264518407173454762e-04,3.266073064878582954e-03,4.926459223497658968e-05,2.804879331961274147e-03
9.718840122222900391e-01,2.248277701437473297e-02,1.809288078220561147e-04,2.168230246752500534e-03,4.571818135445937514e-05,3.238216741010546684e-03
9.731387495994567871e-01,1.783428899943828583e-02,1.035995519487187266e-04,5.935884546488523483e-03,1.782288200047332793e-05,2.969646360725164413e-03
9.635140895843505859e-01,2.379836142063140869e-02,2.105688472511246800e-04,8.418434299528598785e-03,3.690933226607739925e-05,4.021686967462301254e-03
9.280808568000793457e-01,3.062031604349613190e-02,3.049290971830487251e-04,3.652236610651016235e-02,3.788512549363076687e-05,4.433773458003997803e-03
8.794106245040893555e-01,3.448839858174324036e-02,3.288356820121407509e-04,8.165047317743301392e-02,3.083020055782981217e-05,4.090784117579460144e-03
9.357903599739074707e-01,1.529358606785535812e-02,1.340788730885833502e-04,4.606308043003082275e-02,1.419180262018926442e-05,2.704733982682228088e-03
8.912665843963623047e-01,1.332503929734230042e-02,1.215422453242354095e-04,9.235074371099472046e-02,1.036124376696534455e-05,2.925721695646643639e-03
9.264436364173889160e-01,1.008751429617404938e-02,8.973867807071655989e-05,6.111755967140197754e-02,7.770016964059323072e-06,2.253761515021324158e-03
9.379963278770446777e-01,1.296933367848396301e-02,6.162415229482576251e-05,4.650075733661651611e-02,6.011061032040743157e-06,2.465892583131790161e-03
8.790515661239624023e-01,2.747777476906776428e-02,1.693601807346567512e-04,9.038719534873962402e-02,1.483252162870485336e-05,2.899243729189038277e-03
9.226670861244201660e-01,4.030059278011322021e-02,1.959725050255656242e-04,3.352596983313560486e-02,2.400751509412657470e-05,3.286311402916908264e-03
9.407727122306823730e-01,3.902310878038406372e-02,2.284254442201927304e-04,1.642262935638427734e-02,3.501811806927435100e-05,3.518112236633896828e-03
9.454272985458374023e-01,2.356144785881042480e-02,2.386861888226121664e-04,2.787895686924457550e-02,3.055401248275302351e-05,2.862958703190088272e-03
8.972116112709045410e-01,6.852003931999206543e-02,4.122713871765881777e-04,2.988769300282001495e-02,4.975736374035477638e-05,3.918647766113281250e-03
9.301010966300964355e-01,4.889488220214843750e-02,2.842569083441048861e-04,1.706027984619140625e-02,4.143783735344186425e-05,3.618009388446807861e-03
9.403198957443237305e-01,4.239757359027862549e-02,2.330138668185099959e-04,1.381408423185348511e-02,3.608085899031721056e-05,3.199330531060695648e-03
8.800469040870666504e-01,8.979924023151397705e-02,6.198993069119751453e-04,2.466853894293308258e-02,8.830481237964704633e-05,4.777044523507356644e-03
9.189102649688720703e-01,5.333048105239868164e-02,2.759424969553947449e-04,2.331772260367870331e-02,3.858426134684123099e-05,4.126993939280509949e-03
8.690888285636901855e-01,8.125308156013488770e-02,2.573723613750189543e-04,4.552954807877540588e-02,2.726916864048689604e-05,3.843901213258504868e-03
8.512746095657348633e-01,9.663362801074981689e-02,1.522414095234125853e-04,4.913028329610824585e-02,1.392463946103816852e-05,2.795367967337369919e-03
8.904301524162292480e-01,6.375325471162796021e-02,5.875804345123469830e-05,4.342752322554588318e-02,5.112901817483361810e-06,2.325137378647923470e-03
9.191527366638183594e-01,5.163242295384407043e-02,7.042677316348999739e-05,2.716580033302307129e-02,7.134578481782227755e-06,1.971406862139701843e-03
9.107888936996459961e-01,5.071830004453659058e-02,5.060936746303923428e-05,3.639534115791320801e-02,4.745356818602886051e-06,2.042043954133987427e-03
9.034434556961059570e-01,2.660431526601314545e-02,5.457266888697631657e-05,6.793508678674697876e-02,4.726243787445127964e-06,1.957737142220139503e-03
9.355123043060302734e-01,3.404944390058517456e-02,1.710888464003801346e-04,2.785167470574378967e-02,1.928723941091448069e-05,2.396150259301066399e-03
9.616078138351440430e-01,1.783053390681743622e-02,1.256639079656451941e-04,1.848204247653484344e-02,1.592246917425654829e-05,1.937961205840110779e-03
9.660289287567138672e-01,2.110728621482849121e-02,1.653513609198853374e-04,1.032897364348173141e-02,2.514373773010447621e-05,2.344338223338127136e-03
9.736768603324890137e-01,1.564963348209857941e-02,1.358435692964121699e-04,8.352312259376049042e-03,2.021479122049640864e-05,2.165227895602583885e-03
9.834113717079162598e-01,9.997507557272911072e-03,6.002592999720945954e-05,4.714847076684236526e-03,1.036994308378780261e-05,1.805996755138039589e-03
9.517603516578674316e-01,3.343627601861953735e-02,1.679550623521208763e-04,1.177009567618370056e-02,2.276425948366522789e-05,2.842614194378256798e-03
9.535191655158996582e-01,3.648075088858604431e-02,2.565122267697006464e-04,6.528641562908887863e-03,4.403045750223100185e-05,3.170853946357965469e-03
8.772060275077819824e-01,1.088081598281860352e-01,6.497821304947137833e-04,9.298024699091911316e-03,9.623808728065341711e-05,3.941808827221393585e-03
8.449374437332153320e-01,1.389185339212417603e-01,9.876895928755402565e-04,1.088038366287946701e-02,1.369500387227162719e-04,4.138995427638292313e-03
8.798981904983520508e-01,1.047902479767799377e-01,6.063334876671433449e-04,1.070669014006853104e-02,8.839410293148830533e-05,3.910053987056016922e-03
8.989358544349670410e-01,7.410875707864761353e-02,5.976413376629352570e-04,2.222763560712337494e-02,7.569957233499735594e-05,4.054494202136993408e-03
9.229801893234252930e-01,3.722855821251869202e-02,2.791457227431237698e-04,3.648397698998451233e-02,3.073610059800557792e-05,2.997352275997400284e-03
9.012652039527893066e-01,7.322803884744644165e-02,7.618198287673294544e-04,2.053271234035491943e-02,9.725409472594037652e-05,4.114963114261627197e-03
9.347782135009765625e-01,4.120029881596565247e-02,2.582847082521766424e-04,2.007282152771949768e-02,3.361271956237033010e-05,3.656739601865410805e-03
9.513248801231384277e-01,3.074918687343597412e-02,2.136338880518451333e-04,1.499768812209367752e-02,2.720179509196896106e-05,2.687342697754502296e-03
9.507167935371398926e-01,3.858250752091407776e-02,2.542721631471067667e-04,7.220968604087829590e-03,3.959436799050308764e-05,3.185803769156336784e-03
9.798982143402099609e-01,1.319682132452726364e-02,1.230747147928923368e-04,4.328973591327667236e-03,2.250204670417588204e-05,2.430322114378213882e-03
9.882293939590454102e-01,7.450769189745187759e-03,9.295895142713561654e-05,2.132635097950696945e-03,2.209845843026414514e-05,2.072101924568414688e-03
9.839313626289367676e-01,1.141562033444643021e-02,9.661931107984855771e-05,2.390838926658034325e-03,2.164432044082786888e-05,2.143941819667816162e-03
9.776841402053833008e-01,1.458086911588907242e-02,8.144585444824770093e-05,5.606405902653932571e-03,1.367452568956650794e-05,2.033542376011610031e-03
9.525944590568542480e-01,2.691460400819778442e-02,7.144501432776451111e-05,1.798196323215961456e-02,9.144813702732790262e-06,2.428287640213966370e-03
8.847362995147705078e-01,4.485263302922248840e-02,1.001099590212106705e-04,6.797240674495697021e-02,8.640117812319658697e-06,2.329930197447538376e-03
9.281945824623107910e-01,4.182228446006774902e-02,8.283782517537474632e-05,2.698533795773983002e-02,1.066073127731215209e-05,2.904357155784964561e-03
9.220029711723327637e-01,3.132800012826919556e-02,6.068352013244293630e-05,4.467253759503364563e-02,5.905555099161574617e-06,1.929831109009683132e-03
8.921575546264648438e-01,2.692123316228389740e-02,3.079610905842855573e-05,7.924762368202209473e-02,2.526380058043287136e-06,1.640165923163294792e-03
9.385495781898498535e-01,2.299755252897739410e-02,5.647756916005164385e-05,3.646586090326309204e-02,5.867769232281716540e-06,1.924696145579218864e-03
8.064315915107727051e-01,2.314205281436443329e-02,7.262581493705511093e-05,1.685100495815277100e-01,4.943332896800711751e-06,1.838749623857438564e-03
8.480778932571411133e-01,3.679662570357322693e-02,7.992614700924605131e-05,1.128822416067123413e-01,5.500868610397446901e-06,2.157892799004912376e-03
9.042750597000122070e-01,2.600402384996414185e-02,7.970714068505913019e-05,6.727184355258941650e-02,6.772883807570906356e-06,2.362576080486178398e-03
9.174847602844238281e-01,1.978307589888572693e-02,6.790730549255385995e-05,6.045974791049957275e-02,5.776432317361468449e-06,2.198677277192473412e-03
9.224608540534973145e-01,3.132259473204612732e-02,7.327356433961540461e-05,4.335792735219001770e-02,7.913551598903723061e-06,2.777565736323595047e-03
9.615391492843627930e-01,1.870205625891685486e-02,8.448037988273426890e-05,1.742967404425144196e-02,1.013147357298294082e-05,2.234598621726036072e-03
9.386225938796997070e-01,2.689965069293975830e-02,1.554295013193041086e-04,3.134740516543388367e-02,1.921362854773178697e-05,2.955707488581538200e-03
9.304559230804443359e-01,3.380707651376724243e-02,1.256465911865234375e-04,3.266115486621856689e-02,1.385182258673012257e-05,2.936249598860740662e-03
9.108645319938659668e-01,3.481046110391616821e-02,7.527797424700111151e-05,5.164056643843650818e-02,6.996168394834967330e-06,2.602181164547801018e-03
9.431868791580200195e-01,3.392704948782920837e-02,8.858966612024232745e-05,2.006426267325878143e-02,1.100521785701857880e-05,2.722136210650205612e-03
9.579533934593200684e-01,1.946525089442729950e-02,4.845863804803229868e-05,2.038503624498844147e-02,5.080289156467188150e-06,2.142939483746886253e-03
9.455876946449279785e-01,4.174954444169998169e-02,1.008990802802145481e-04,9.269442409276962280e-03,1.435623016732279211e-05,3.278217278420925140e-03
9.344406127929687500e-01,4.866659641265869141e-02,1.059906426235102117e-04,1.323342043906450272e-02,1.377633452648296952e-05,3.539655590429902077e-03
9.348807334899902344e-01,4.508831724524497986e-02,1.182737905764952302e-04,1.612359285354614258e-02,1.388304372085258365e-05,3.775098593905568123e-03
9.179668426513671875e-01,4.581784829497337341e-02,1.171316980617120862e-04,3.305245935916900635e-02,1.084431733033852652e-05,3.034880151972174644e-03
9.305895566940307617e-01,2.951928041875362396e-02,1.122792091337032616e-04,3.724823147058486938e-02,1.080401216313475743e-05,2.519881818443536758e-03
9.450318217277526855e-01,2.587101235985755920e-02,9.759093518368899822e-05,2.645003423094749451e-02,1.107805564970476553e-05,2.538478001952171326e-03
9.588729739189147949e-01,1.791095361113548279e-02,6.685347761958837509e-05,2.078279666602611542e-02,8.455896022496744990e-06,2.357992576435208321e-03
8.797993659973144531e-01,1.814995147287845612e-02,6.268183642532676458e-05,9.942114353179931641e-02,5.227031579124741256e-06,2.561562228947877884e-03
8.103250265121459961e-01,2.904704026877880096e-02,6.696363561786711216e-05,1.575680822134017944e-01,4.969994733983185142e-06,2.987953834235668182e-03
8.439701795578002930e-01,2.100390009582042694e-02,5.557921394938603044e-05,1.323492228984832764e-01,4.036979589727707207e-06,2.617181744426488876e-03
8.017927408218383789e-01,4.767091944813728333e-02,1.187441084766760468e-04,1.471285074949264526e-01,8.892992809705901891e-06,3.280206350609660149e-03
9.029867649078369141e-01,4.498000815510749817e-02,2.596811100374907255e-04,4.849841818213462830e-02,2.792026316456031054e-05,3.247343702241778374e-03
9.310638904571533203e-01,2.974003553390502930e-02,2.422732650302350521e-04,3.577473014593124390e-02,3.002916309924330562e-05,3.148914780467748642e-03
9.663130640983581543e-01,2.167372591793537140e-02,3.174988087266683578e-04,8.763827383518218994e-03,5.315915041137486696e-05,2.878849161788821220e-03
9.162101745605468750e-01,6.679006665945053101e-02,6.695881602354347706e-04,1.227863971143960953e-02,1.060908325598575175e-04,3.945474047213792801e-03
9.623394608497619629e-01,2.919619344174861908e-02,2.527708129491657019e-04,5.545967258512973785e-03,4.790230377693660557e-05,2.617716323584318161e-03
9.679138064384460449e-01,2.430717460811138153e-02,9.353191853733733296e-05,5.801473278552293777e-03,1.465341938455821946e-05,1.869262661784887314e-03
9.441310167312622070e-01,4.415795207023620605e-02,6.877297710161656141e-05,9.350694715976715088e-03,9.565330401528626680e-06,2.281973604112863541e-03
9.217769503593444824e-01,4.534826055169105530e-02,4.531356535153463483e-05,3.077137842774391174e-02,4.283033376850653440e-06,2.053873147815465927e-03
8.900028467178344727e-01,4.858024790883064270e-02,4.891032585874199867e-05,5.878728628158569336e-02,4.129333774471888319e-06,2.576591912657022476e-03
9.110390543937683105e-01,3.011001087725162506e-02,4.724771861219778657e-05,5.647743493318557739e-02,4.030067429994232953e-06,2.322292188182473183e-03
8.667750358581542969e-01,3.810251131653785706e-02,1.288397033931687474e-04,9.179318696260452271e-02,1.100830468203639612e-05,3.189441282302141190e-03
9.143264889717102051e-01,2.363688498735427856e-02,1.565177808515727520e-04,5.939890071749687195e-02,1.508616242062998936e-05,2.466096309944987297e-03
9.047635197639465332e-01,3.150061890482902527e-02,1.924163079820573330e-04,6.098196655511856079e-02,1.824401078920345753e-05,2.543274080380797386e-03
9.076083898544311523e-01,3.344580531120300293e-02,1.485629036324098706e-04,5.636667087674140930e-02,1.393085494783008471e-05,2.416681265458464622e-03
9.180336594581604004e-01,3.019041568040847778e-02,1.502901432104408741e-04,4.891920089721679688e-02,1.608766251592896879e-05,2.690454712137579918e-03
9.312320351600646973e-01,3.003912791609764099e-02,1.102671158150769770e-04,3.609566763043403625e-02,1.228001110575860366e-05,2.510663820430636406e-03
9.538308978080749512e-01,2.288742177188396454e-02,1.392822159687057137e-04,2.064983732998371124e-02,1.844126018113456666e-05,2.474101958796381950e-03
9.611254930496215820e-01,1.543932780623435974e-02,1.345243508694693446e-04,2.089333534240722656e-02,1.776365934347268194e-05,2.389551606029272079e-03
9.413650035858154297e-01,2.140399441123008728e-02,1.176393052446655929e-04,3.476339206099510193e-02,1.279841671930626035e-05,2.337256912142038345e-03
9.433576464653015137e-01,2.361698076128959656e-02,8.024716225918382406e-05,3.069897368550300598e-02,8.678155609231907874e-06,2.237481530755758286e-03
9.493464827537536621e-01,1.735477149486541748e-02,8.707680535735562444e-05,3.071881830692291260e-02,1.005599278869340196e-05,2.482907846570014954e-03
9.247443079948425293e-01,3.316712379455566406e-02,1.160778774647042155e-04,3.914133459329605103e-02,1.158290069724898785e-05,2.819584449753165245e-03
9.454677700996398926e-01,2.292567491531372070e-02,1.232119539054110646e-04,2.858358994126319885e-02,1.398869881086284295e-05,2.885748865082859993e-03
9.300029277801513672e-01,2.267825044691562653e-02,2.648282970767468214e-04,4.335493221879005432e-02,3.119340544799342752e-05,3.667876357212662697e-03
9.292027950286865234e-01,2.008271589875221252e-02,2.824886178132146597e-04,4.700671881437301636e-02,3.012355591636151075e-05,3.395135514438152313e-03
9.371291995048522949e-01,1.497670169919729233e-02,1.797640434233471751e-04,4.428878426551818848e-02,1.957958920684177428e-05,3.406038042157888412e-03
8.865544199943542480e-01,1.367421355098485947e-02,2.087506873067468405e-04,9.627429395914077759e-02,1.761348175932653248e-05,3.270695917308330536e-03
8.914420604705810547e-01,1.259535364806652069e-02,1.632706407690420747e-04,9.235562384128570557e-02,1.387425891152815893e-05,3.429813077673316002e-03
9.489732980728149414e-01,1.348069217056035995e-02,1.811690308386459947e-04,3.422241657972335815e-02,1.971337951545137912e-05,3.122706664726138115e-03
9.464675188064575195e-01,1.554344780743122101e-02,2.129360800608992577e-04,3.487300872802734375e-02,2.373445749981328845e-05,2.879351144656538963e-03
9.678717255592346191e-01,1.616792008280754089e-02,1.198741665575653315e-04,1.335919555276632309e-02,1.761606836225837469e-05,2.463709097355604172e-03
9.771227836608886719e-01,1.263743918389081955e-02,1.002352291834540665e-04,7.782605011016130447e-03,1.654335028433706611e-05,2.340277656912803650e-03
9.772734045982360840e-01,1.410757936537265778e-02,5.769207200501114130e-05,6.324215326458215714e-03,1.017594604491023347e-05,2.227021846920251846e-03
9.797385931015014648e-01,9.853756986558437347e-03,3.968487726524472237e-05,8.102987892925739288e-03,6.477099304902367294e-06,2.258556662127375603e-03
9.602490663528442383e-01,2.037920244038105011e-02,7.079431816237047315e-05,1.689042523503303528e-02,9.152841812465339899e-06,2.401488134637475014e-03
9.580165147781372070e-01,1.977246627211570740e-02,8.121768041746690869e-05,1.949942111968994141e-02,1.033365879266057163e-05,2.620241837576031685e-03
9.571999907493591309e-01,1.111883390694856644e-02,3.853347880067303777e-05,2.966499514877796173e-02,4.339706720202229917e-06,1.973216887563467026e-03
9.651318192481994629e-01,1.820865087211132050e-02,6.959217716939747334e-05,1.414950937032699585e-02,9.894150934997014701e-06,2.430523280054330826e-03
9.461238980293273926e-01,2.948291413486003876e-02,1.356789580313488841e-04,2.171664871275424957e-02,1.766350760590285063e-05,2.523133764043450356e-03
9.673172235488891602e-01,1.763259992003440857e-02,1.156491052825003862e-04,1.288750395178794861e-02,1.731666270643472672e-05,2.029634313657879829e-03
9.722920060157775879e-01,1.580896973609924316e-02,1.094108520192094147e-04,9.902675636112689972e-03,1.643524046812672168e-05,1.870483160018920898e-03
9.717549085617065430e-01,1.525494921952486038e-02,6.145010411273688078e-05,1.133465766906738281e-02,8.309984877996612340e-06,1.585716148838400841e-03
9.710651040077209473e-01,1.160994637757539749e-02,8.703226194484159350e-05,1.553672179579734802e-02,1.130395321524702013e-05,1.689818920567631721e-03
9.713230133056640625e-01,1.024074573069810867e-02,8.313704893225803971e-05,1.645473390817642212e-02,1.099571818485856056e-05,1.887241844087839127e-03
9.537253975868225098e-01,2.143262140452861786e-02,1.916389446705579758e-04,2.152826823294162750e-02,2.594283432699739933e-05,3.096050815656781197e-03
9.642198085784912109e-01,1.633874885737895966e-02,2.789282589219510555e-04,1.561591401696205139e-02,4.249703488312661648e-05,3.504060441628098488e-03
9.391137361526489258e-01,2.594697661697864532e-02,3.910297236870974302e-04,3.035964630544185638e-02,5.123807932250201702e-05,4.137212410569190979e-03
9.316740632057189941e-01,4.011599346995353699e-02,2.796236367430537939e-04,2.430888637900352478e-02,3.797714452957734466e-05,3.583484096452593803e-03
9.492808580398559570e-01,3.646281361579895020e-02,1.245908206328749657e-04,1.086167991161346436e-02,2.068686444545164704e-05,3.249233122915029526e-03
9.473677277565002441e-01,2.663901261985301971e-02,7.339577859966084361e-05,2.345328964293003082e-02,8.565966709284111857e-06,2.457944443449378014e-03
9.394866824150085449e-01,3.208613023161888123e-02,5.721640627598389983e-05,2.592000737786293030e-02,6.433402631955686957e-06,2.443467965349555016e-03
9.367635250091552734e-01,4.343997314572334290e-02,4.927516056341119111e-05,1.743762008845806122e-02,5.712729489459889010e-06,2.303903922438621521e-03
9.331306219100952148e-01,4.103429988026618958e-02,6.150846456876024604e-05,2.350685745477676392e-02,6.771595053578494117e-06,2.259918954223394394e-03
9.596368670463562012e-01,2.851227857172489166e-02,9.659759962232783437e-05,9.367227554321289062e-03,1.478019294154364616e-05,2.372425515204668045e-03
9.558258652687072754e-01,3.476231172680854797e-02,2.253843558719381690e-04,5.921006668359041214e-03,4.009334588772617280e-05,3.225356806069612503e-03
9.532265663146972656e-01,3.439374640583992004e-02,3.642528608907014132e-04,8.134590461850166321e-03,6.645897519774734974e-05,3.814348252490162849e-03
9.688592553138732910e-01,2.269801683723926544e-02,2.905506407842040062e-04,4.879355430603027344e-03,5.997521293465979397e-05,3.212791634723544121e-03
9.772017002105712891e-01,1.489719189703464508e-02,1.437343016732484102e-04,4.952334798872470856e-03,2.898157981690019369e-05,2.776105422526597977e-03
9.765663146972656250e-01,9.448151104152202606e-03,8.212045941036194563e-05,1.127878390252590179e-02,1.278922900382895023e-05,2.611842006444931030e-03
9.453998804092407227e-01,2.619444765150547028e-02,1.554785703774541616e-04,2.449997328221797943e-02,1.950695150298997760e-05,3.730722470209002495e-03
9.601700305938720703e-01,1.754633150994777679e-02,2.672536647878587246e-04,1.816993020474910736e-02,3.666821066872216761e-05,3.809844609349966049e-03
9.479622244834899902e-01,2.816896699368953705e-02,6.568752578459680080e-04,1.828690432012081146e-02,1.005517187877558172e-04,4.824372474104166031e-03
9.613540172576904297e-01,2.792164683341979980e-02,8.390285656787455082e-04,5.038169678300619125e-03,1.874820882221683860e-04,4.659730009734630585e-03
9.707168340682983398e-01,1.802530698478221893e-02,3.194592718500643969e-04,7.495332509279251099e-03,5.432996113086119294e-05,3.388583660125732422e-03
9.639601707458496094e-01,1.620271429419517517e-02,2.165177720598876476e-04,1.643457077443599701e-02,2.875432073778938502e-05,3.157244995236396790e-03
9.785342216491699219e-01,6.972873117774724960e-03,6.371342169586569071e-05,1.233290322124958038e-02,8.756875104154460132e-06,2.087621949613094330e-03
9.345999956130981445e-01,1.376595161855220795e-02,9.257794590666890144e-05,4.933730140328407288e-02,8.441615136689506471e-06,2.195653505623340607e-03
9.604975581169128418e-01,1.419241726398468018e-02,1.012397915474139154e-04,2.289150096476078033e-02,1.190132115880260244e-05,2.305415924638509750e-03
9.496800899505615234e-01,1.685237884521484375e-02,1.315542176598683000e-04,3.093602322041988373e-02,1.462695217924192548e-05,2.385251224040985107e-03
9.424483180046081543e-01,2.310975082218647003e-02,2.036233636317774653e-04,3.169322013854980469e-02,2.128764208464417607e-05,2.523900242522358894e-03
9.317582249641418457e-01,2.706305123865604401e-02,2.599003782961517572e-04,3.757338970899581909e-02,3.018863026227336377e-05,3.315182169899344444e-03
9.076464176177978516e-01,4.341814294457435608e-02,4.090316069778054953e-04,4.440827295184135437e-02,4.801359318662434816e-05,4.070146009325981140e-03
9.015532135963439941e-01,3.297106921672821045e-02,2.260330802528187633e-04,6.182042136788368225e-02,2.316311838512774557e-05,3.406154690310359001e-03
8.522457480430603027e-01,6.273569166660308838e-02,2.827944117598235607e-04,8.090437203645706177e-02,2.482433774275705218e-05,3.806577995419502258e-03
6.517642140388488770e-01,9.157487750053405762e-02,2.742956858128309250e-04,2.524905204772949219e-01,1.809057175705675036e-05,3.878077259287238121e-03
7.624344229698181152e-01,9.959807246923446655e-02,5.409602308645844460e-04,1.332522034645080566e-01,4.503367745201103389e-05,4.129262641072273254e-03
8.760260343551635742e-01,7.646301388740539551e-02,4.435461305547505617e-04,4.268565028905868530e-02,5.299863551044836640e-05,4.328786395490169525e-03
9.157094359397888184e-01,4.927229881286621094e-02,4.915932659059762955e-04,3.057559393346309662e-02,6.375238444888964295e-05,3.887476399540901184e-03
9.199659228324890137e-01,4.093543067574501038e-02,4.928737180307507515e-04,3.462092578411102295e-02,6.066805144655518234e-05,3.924294840544462204e-03
9.557043313980102539e-01,2.238762378692626953e-02,2.820828231051564217e-04,1.824854686856269836e-02,3.916471905540674925e-05,3.338270355015993118e-03
9.382286667823791504e-01,3.186178207397460938e-02,2.234006969956681132e-04,2.633782476186752319e-02,2.826065792760346085e-05,3.320010378956794739e-03
9.360760450363159180e-01,3.759672865271568298e-02,4.011729906778782606e-04,2.233676239848136902e-02,5.470590258482843637e-05,3.534627845510840416e-03
9.630416631698608398e-01,2.147192321717739105e-02,2.057584642898291349e-04,1.241681445389986038e-02,3.152565841446630657e-05,2.832268830388784409e-03
9.410989880561828613e-01,3.959258645772933960e-02,4.173443303443491459e-04,1.497361063957214355e-02,6.806289457017555833e-05,3.849428845569491386e-03
9.298183321952819824e-01,3.465053066611289978e-02,3.586938546504825354e-04,3.139038756489753723e-02,4.648698813980445266e-05,3.735591191798448563e-03
9.045583009719848633e-01,4.230976104736328125e-02,5.394903128035366535e-04,4.805777594447135925e-02,6.411562208086252213e-05,4.470519255846738815e-03
9.019517898559570312e-01,3.375390917062759399e-02,3.261107485741376877e-04,6.062573939561843872e-02,3.299445961602032185e-05,3.309453371912240982e-03
8.940960764884948730e-01,3.786204010248184204e-02,2.511946076992899179e-04,6.372275203466415405e-02,2.543725167925003916e-05,4.042408894747495651e-03
8.743552565574645996e-01,4.736005514860153198e-02,3.504492051433771849e-04,7.408302277326583862e-02,3.349344478920102119e-05,3.817766672000288963e-03
8.865498304367065430e-01,5.400232225656509399e-02,1.884764496935531497e-04,5.609782412648200989e-02,1.761888415785506368e-05,3.143999958410859108e-03
9.248708486557006836e-01,3.441805392503738403e-02,1.618613896425813437e-04,3.760727867484092712e-02,1.772259747667703778e-05,2.924298634752631187e-03
9.435341358184814453e-01,2.521033212542533875e-02,1.865076774265617132e-04,2.843394875526428223e-02,2.122144906024914235e-05,2.613741671666502953e-03
9.442615509033203125e-01,1.936135627329349518e-02,5.733754733228124678e-05,3.400606662034988403e-02,6.386057975760195404e-06,2.307335380464792252e-03
9.753538966178894043e-01,7.921585813164710999e-03,3.424147143959999084e-05,1.474972441792488098e-02,4.235030701238429174e-06,1.936463057063519955e-03
9.744233489036560059e-01,7.906072773039340973e-03,3.615333844209089875e-05,1.531639974564313889e-02,4.857117346546147019e-06,2.313157310709357262e-03
9.449900984764099121e-01,1.496861502528190613e-02,4.533726678346283734e-05,3.743713349103927612e-02,4.680518486566143110e-06,2.554188948124647141e-03
9.790613055229187012e-01,8.550737053155899048e-03,6.121201295172795653e-05,1.013098843395709991e-02,9.607110769138671458e-06,2.186235738918185234e-03
9.758263230323791504e-01,1.140935346484184265e-02,1.139208179665729403e-04,1.017660833895206451e-02,1.734953548293560743e-05,2.456484595313668251e-03
9.583128690719604492e-01,1.922704651951789856e-02,1.900046918308362365e-04,1.937132328748703003e-02,2.781409421004354954e-05,2.871105214580893517e-03
9.540347456932067871e-01,1.546689309179782867e-02,1.275584363611415029e-04,2.794065698981285095e-02,1.509596859250450507e-05,2.414968330413103104e-03
9.377421736717224121e-01,2.056536078453063965e-02,1.120014276239089668e-04,3.910065814852714539e-02,1.183570566354319453e-05,2.468057908117771149e-03
9.665715694427490234e-01,1.450302544981241226e-02,6.052816024748608470e-05,1.685866527259349823e-02,7.318652933463454247e-06,1.998813590034842491e-03
9.514798521995544434e-01,2.947105653584003448e-02,5.666005017701536417e-05,1.679813303053379059e-02,6.993149781919782981e-06,2.187194302678108215e-03
9.533976912498474121e-01,2.654458023607730865e-02,5.568591222981922328e-05,1.769413799047470093e-02,6.800197297707200050e-06,2.301148604601621628e-03
9.695967435836791992e-01,1.991735585033893585e-02,4.321623782743699849e-05,8.240954019129276276e-03,6.321792170638218522e-06,2.195340115576982498e-03
9.721009135246276855e-01,1.261223293840885162e-02,3.864869722747243941e-05,1.335722580552101135e-02,4.888139301328919828e-06,1.886161160655319691e-03
9.904569983482360840e-01,1.732385484501719475e-03,5.830627742398064584e-06,6.853246130049228668e-03,7.652321301065967418e-07,9.509587544016540051e-04
9.926922917366027832e-01,2.423002384603023529e-03,1.068268011295003816e-05,3.841573372483253479e-03,1.619699446564482059e-06,1.030807150527834892e-03
9.830824136734008789e-01,4.973862785845994949e-03,2.132127519871573895e-05,1.075211260467767715e-02,2.775658458631369285e-06,1.167414709925651550e-03
9.742307662963867188e-01,1.355621404945850372e-02,3.747857044800184667e-05,1.058057136833667755e-02,5.093200343253556639e-06,1.589805702678859234e-03
9.680392742156982422e-01,1.655444689095020294e-02,6.568934622919186950e-05,1.330886501818895340e-02,8.918636922317091376e-06,2.022875007241964340e-03
9.358316659927368164e-01,1.839091628789901733e-02,8.025734132388606668e-05,4.333784058690071106e-02,8.159023309417534620e-06,2.351281698793172836e-03
9.117694497108459473e-01,2.196897007524967194e-02,5.411294478108175099e-05,6.293771415948867798e-02,4.859531145484652370e-06,3.264835337176918983e-03
8.284013271331787109e-01,2.663806825876235962e-02,1.049330676323734224e-04,1.420858502388000488e-01,7.318242751352954656e-06,2.762472722679376602e-03
8.345883488655090332e-01,2.310642786324024200e-02,1.397482992615550756e-04,1.387642771005630493e-01,1.102707028621807694e-05,3.390189027413725853e-03
8.901492357254028320e-01,1.530519034713506699e-02,1.167795853689312935e-04,9.235947579145431519e-02,9.066117854672484100e-06,2.060348633676767349e-03
9.143001437187194824e-01,1.374223083257675171e-02,1.113110047299414873e-04,6.959381699562072754e-02,9.389344995724968612e-06,2.243079477921128273e-03
8.674418926239013672e-01,2.066992968320846558e-02,2.139905263902619481e-04,1.089753508567810059e-01,1.672855250944849104e-05,2.682033926248550415e-03
8.446659445762634277e-01,3.702817484736442566e-02,2.133753296220675111e-04,1.149280518293380737e-01,1.763064938131719828e-05,3.146833274513483047e-03
8.892036676406860352e-01,4.082895442843437195e-02,2.368373243371024728e-04,6.611240655183792114e-02,2.198969377786852419e-05,3.596205497160553932e-03
9.440366029739379883e-01,1.277921069413423538e-02,1.321846793871372938e-04,4.043011739850044250e-02,1.337361300102202222e-05,2.608371200039982796e-03
9.638045430183410645e-01,1.185693126171827316e-02,1.010147898341529071e-04,2.181762829422950745e-02,1.269145650439895689e-05,2.407213207334280014e-03
9.608522057533264160e-01,1.052181981503963470e-02,7.432654092554003000e-05,2.656015381217002869e-02,8.130414244078565389e-06,1.983321271836757660e-03
9.565488100051879883e-01,2.170407213270664215e-02,1.652999635552987456e-04,1.906054280698299408e-02,2.153159402951132506e-05,2.499748487025499344e-03
9.272344112396240234e-01,4.022325575351715088e-02,1.956854248419404030e-04,2.913612686097621918e-02,2.298136496392544359e-05,3.187570255249738693e-03
9.544674158096313477e-01,2.906015515327453613e-02,1.717096020001918077e-04,1.406931411474943161e-02,2.319209670531563461e-05,2.208265941590070724e-03
9.510919451713562012e-01,3.460417687892913818e-02,3.085757780354470015e-04,1.125439070165157318e-02,5.069215330877341330e-05,2.690256340429186821e-03
9.768968224525451660e-01,1.570668257772922516e-02,2.725467493291944265e-04,4.636324476450681686e-03,5.567240805248729885e-05,2.432051347568631172e-03
9.572796225547790527e-01,2.618991583585739136e-02,3.607704711612313986e-04,1.335608679801225662e-02,5.294995571603067219e-05,2.760716946795582771e-03
9.426915049552917480e-01,3.276010602712631226e-02,4.247791075613349676e-04,2.053767815232276917e-02,5.966820390312932432e-05,3.526267595589160919e-03
9.583629965782165527e-01,2.283126860857009888e-02,1.361269387416541576e-04,1.597227528691291809e-02,1.879233423096593469e-05,2.678580582141876221e-03
9.446268677711486816e-01,2.917560562491416931e-02,8.653019904159009457e-05,2.319991961121559143e-02,1.061146485881181434e-05,2.900554100051522255e-03
9.574167728424072266e-01,2.225629799067974091e-02,1.227390894200652838e-04,1.733753457665443420e-02,1.700658322079107165e-05,2.849734853953123093e-03
9.531586170196533203e-01,2.207060158252716064e-02,1.046576289809308946e-04,2.182269841432571411e-02,1.362190960207954049e-05,2.829829696565866470e-03
9.593294858932495117e-01,1.544047333300113678e-02,8.332652214448899031e-05,2.301058173179626465e-02,9.123554264078848064e-06,2.126986626535654068e-03
9.389462471008300781e-01,2.268711850047111511e-02,1.487327535869553685e-04,3.609823808073997498e-02,1.620916009414941072e-05,2.103383187204599380e-03
9.618269205093383789e-01,1.168726664036512375e-02,8.685238572070375085e-05,2.429912053048610687e-02,1.063398576661711559e-05,2.089180983603000641e-03
9.810423851013183594e-01,7.630491163581609726e-03,7.797829312039539218e-05,9.380465373396873474e-03,1.253329173778183758e-05,1.856073271483182907e-03
9.601756334304809570e-01,2.727139554917812347e-02,2.223748015239834785e-04,9.384095668792724609e-03,3.444498725002631545e-05,2.911992138251662254e-03
9.460012912750244141e-01,3.949433565139770508e-02,5.178967257961630821e-04,1.003927364945411682e-02,8.329106640303507447e-05,3.863831749185919762e-03
9.538110494613647461e-01,3.638297691941261292e-02,4.765063058584928513e-04,5.447403062134981155e-03,9.233567834598943591e-05,3.789674956351518631e-03
9.591225981712341309e-01,3.319568932056427002e-02,2.094958035741001368e-04,4.285895731300115585e-03,4.093091047252528369e-05,3.145419061183929443e-03
9.798603653907775879e-01,1.412650197744369507e-02,1.200213300762698054e-04,3.414447885006666183e-03,2.467124249960761517e-05,2.453996567055583000e-03
9.819365143775939941e-01,1.145760063081979752e-02,4.960083242622204125e-05,4.434549249708652496e-03,9.668128768680617213e-06,2.112093148753046989e-03
9.797635078430175781e-01,1.112784724682569504e-02,4.761656964547000825e-05,7.174657657742500305e-03,7.226095931400777772e-06,1.879194751381874084e-03
9.729785919189453125e-01,1.256420463323593140e-02,6.207270780578255653e-05,1.204638089984655380e-02,9.174148544843774289e-06,2.339601982384920120e-03
9.517827630043029785e-01,2.925510704517364502e-02,9.630001295590773225e-05,1.585660316050052643e-02,1.326284382230369374e-05,2.995902672410011292e-03
9.528599977493286133e-01,2.815417945384979248e-02,9.051278902916237712e-05,1.586192660033702850e-02,1.321428953815484419e-05,3.020246978849172592e-03
9.559187889099121094e-01,2.170563861727714539e-02,1.382338814437389374e-04,1.927022263407707214e-02,1.856904418673366308e-05,2.948459237813949585e-03
9.132627844810485840e-01,2.654215320944786072e-02,2.686466323211789131e-04,5.694464221596717834e-02,2.593664976302534342e-05,2.955837873741984367e-03
9.296622276306152344e-01,1.869107782840728760e-02,1.709171774564310908e-04,4.867316409945487976e-02,1.641442577238194644e-05,2.786290831863880157e-03
9.410727024078369141e-01,1.383131556212902069e-02,1.666789321461692452e-04,4.165287688374519348e-02,1.757587597239762545e-05,3.258742624893784523e-03
9.130033254623413086e-01,1.834329403936862946e-02,1.751790405251085758e-04,6.453285366296768188e-02,1.717992017802316695e-05,3.928074147552251816e-03
9.611455202102661133e-01,9.921067394316196442e-03,6.299138476606458426e-05,2.636875957250595093e-02,6.830080565123353153e-06,2.494819462299346924e-03
9.775770306587219238e-01,5.288386251777410507e-03,3.082137482124380767e-05,1.518617011606693268e-02,3.952049155486747622e-06,1.913677086122334003e-03
9.733913540840148926e-01,9.288053959608078003e-03,8.447618893114849925e-05,1.498002652078866959e-02,1.125550261349417269e-05,2.244702540338039398e-03
9.698675870895385742e-01,6.932788062840700150e-03,4.308762800064869225e-05,2.154029905796051025e-02,4.759385319630382583e-06,1.611445099115371704e-03
9.763418436050415039e-01,1.034860778599977493e-02,1.350930979242548347e-04,1.092098280787467957e-02,1.906696525111328810e-05,2.234368817880749702e-03
9.755271673202514648e-01,1.019221637398004532e-02,1.083025708794593811e-04,1.209139078855514526e-02,1.547756073705386370e-05,2.065546344965696335e-03
9.816126227378845215e-01,1.073632948100566864e-02,9.837999095907434821e-05,5.272426642477512360e-03,1.924191747093573213e-05,2.261024899780750275e-03
9.809570312500000000e-01,1.122074760496616364e-02,8.965637243818491697e-05,5.418438464403152466e-03,1.677131513133645058e-05,2.297310857102274895e-03
9.750388264656066895e-01,1.269147265702486038e-02,8.219885785365477204e-05,9.961009025573730469e-03,1.168246308225207031e-05,2.214789856225252151e-03
9.820937514305114746e-01,6.107115652412176132e-03,4.591423203237354755e-05,9.674995206296443939e-03,6.790121460653608665e-06,2.071424154564738274e-03
9.624765515327453613e-01,1.265235897153615952e-02,8.226917270803824067e-05,2.236819453537464142e-02,9.209496965922880918e-06,2.411384135484695435e-03
9.502977728843688965e-01,1.510595250874757767e-02,8.560565765947103500e-05,3.229869157075881958e-02,9.215683348884340376e-06,2.202771604061126709e-03
9.541204571723937988e-01,2.200666815042495728e-02,8.512692147633060813e-05,2.110614255070686340e-02,1.138773677666904405e-05,2.670243848115205765e-03
8.939156532287597656e-01,4.222739860415458679e-02,1.650027552386745811e-04,6.054455786943435669e-02,1.592195076227653772e-05,3.131580306217074394e-03
8.845422863960266113e-01,3.262103721499443054e-02,2.140203287126496434e-04,7.908321171998977661e-02,1.859193434938788414e-05,3.520808648318052292e-03
9.196878671646118164e-01,1.309952139854431152e-02,1.222962164320051670e-04,6.419779360294342041e-02,1.069237259798683226e-05,2.881791675463318825e-03
8.919821977615356445e-01,1.868538931012153625e-02,1.834936556406319141e-04,8.557999879121780396e-02,1.594884270161855966e-05,3.553006565198302269e-03
9.448887705802917480e-01,1.684680767357349396e-02,1.629718462936580181e-04,3.437920287251472473e-02,1.815669384086504579e-05,3.704143920913338661e-03
9.359177947044372559e-01,2.067145891487598419e-02,1.281090080738067627e-04,4.035350680351257324e-02,1.274855458177626133e-05,2.916401019319891930e-03
9.674079418182373047e-01,9.991185739636421204e-03,7.274407835211604834e-05,2.043657563626766205e-02,8.949129551183432341e-06,2.082472899928689003e-03
9.654777050018310547e-01,1.626178622245788574e-02,3.801092316280119121e-05,1.602126285433769226e-02,5.096369932289235294e-06,2.196188084781169891e-03
9.210194349288940430e-01,1.077123731374740601e-02,3.828162516583688557e-05,6.640341132879257202e-02,3.009644615303841420e-06,1.764591084793210030e-03
9.462324380874633789e-01,1.083977054804563522e-02,3.539607496350072324e-05,4.068633541464805603e-02,3.508059990053880028e-06,2.202532254159450531e-03
9.427942633628845215e-01,1.053668372333049774e-02,3.591139829950407147e-05,4.480337724089622498e-02,3.154429577989503741e-06,1.826541614718735218e-03
9.478868246078491211e-01,8.368482813239097595e-03,5.158217027201317251e-05,4.177514836192131042e-02,4.823034032597206533e-06,1.913181273266673088e-03
9.772453904151916504e-01,8.271640166640281677e-03,7.024376100162044168e-05,1.246742531657218933e-02,9.699551810626871884e-06,1.935623236931860447e-03
9.299390316009521484e-01,2.465524524450302124e-02,1.375161809846758842e-04,4.257254302501678467e-02,1.417840758222155273e-05,2.681485144421458244e-03
9.452027082443237305e-01,1.430646143853664398e-02,7.299746357602998614e-05,3.811030834913253784e-02,7.443313279509311542e-06,2.300030551850795746e-03
9.662924408912658691e-01,1.551046967506408691e-02,1.692154182819649577e-04,1.553864218294620514e-02,2.328471236978657544e-05,2.465903759002685547e-03
9.527356624603271484e-01,3.403851762413978577e-02,2.807826676871627569e-04,1.001139078289270401e-02,4.101808735867962241e-05,2.892600139603018761e-03
8.996278643608093262e-01,7.373719662427902222e-02,5.406321142800152302e-04,2.236229553818702698e-02,6.951585237402468920e-05,3.662451170384883881e-03
7.572676539421081543e-01,1.504298299551010132e-01,6.301713874563574791e-04,8.742128312587738037e-02,5.604836042039096355e-05,4.195027053356170654e-03
7.882953286170959473e-01,1.230320334434509277e-01,3.598729963414371014e-04,8.424716442823410034e-02,2.911965020757634193e-05,4.036346450448036194e-03
9.100325107574462891e-01,4.291022568941116333e-02,8.868252916727215052e-05,4.355563968420028687e-02,9.500687156105414033e-06,3.403448034077882767e-03
9.430881738662719727e-01,1.229516882449388504e-02,2.703611244214698672e-05,4.218842461705207825e-02,2.649689577083336189e-06,2.398622687906026840e-03
9.514665007591247559e-01,1.583462208509445190e-02,1.855073787737637758e-05,3.042865358293056488e-02,1.861238047240476590e-06,2.249866724014282227e-03
8.807211518287658691e-01,1.644133776426315308e-02,2.093578405037987977e-05,1.004356220364570618e-01,1.425249706699105445e-06,2.379535930231213570e-03
8.443670272827148438e-01,2.463246881961822510e-02,5.212213363847695291e-05,1.284221261739730835e-01,3.792643838096410036e-06,2.522475784644484520e-03
6.729933619499206543e-01,6.069325655698776245e-02,8.797868940746411681e-05,2.635342180728912354e-01,5.049500487075420097e-06,2.686053048819303513e-03
6.753707528114318848e-01,8.402964472770690918e-02,2.458755916450172663e-04,2.369081526994705200e-01,1.682201764197088778e-05,3.428685478866100311e-03
8.767241239547729492e-01,7.913671433925628662e-02,3.042372700292617083e-04,3.915732353925704956e-02,3.357826426508836448e-05,4.644077736884355545e-03
9.478543996810913086e-01,4.098362103104591370e-02,1.951563026523217559e-04,7.417162880301475525e-03,3.284298873040825129e-05,3.516752272844314575e-03
9.605638384819030762e-01,3.066359274089336395e-02,1.371582620777189732e-04,5.822983570396900177e-03,2.375782787567004561e-05,2.788778860121965408e-03
9.407371878623962402e-01,5.009409412741661072e-02,1.451335265301167965e-04,6.247210316359996796e-03,2.346271139685995877e-05,2.752886153757572174e-03
9.281024932861328125e-01,5.481204763054847717e-02,2.030429750448092818e-04,1.345924846827983856e-02,3.006889528478495777e-05,3.393043531104922295e-03
9.218402504920959473e-01,4.335901141166687012e-02,3.523403429426252842e-04,3.077815845608711243e-02,4.557311694952659309e-05,3.624656703323125839e-03
9.299857020378112793e-01,2.558288909494876862e-02,1.688070478849112988e-04,4.157939553260803223e-02,1.845003862399607897e-05,2.664776286110281944e-03
8.718342781066894531e-01,4.059870168566703796e-02,4.757872375193983316e-04,8.316959440708160400e-02,4.778469156008213758e-05,3.873883746564388275e-03
8.877909779548645020e-01,1.751056872308254242e-02,1.670598867349326611e-04,9.149998426437377930e-02,1.350554339296650141e-05,3.017878858372569084e-03
9.240227937698364258e-01,1.737758517265319824e-02,1.593206543475389481e-04,5.570002645254135132e-02,1.643757605052087456e-05,2.723855664953589439e-03
9.188387989997863770e-01,1.765355654060840607e-02,1.544413535157218575e-04,6.040661782026290894e-02,1.435348076483933255e-05,2.932178555056452751e-03
9.351493716239929199e-01,1.456101890653371811e-02,1.369726815028116107e-04,4.698252305388450623e-02,1.412654819432646036e-05,3.155970945954322815e-03
8.940796852111816406e-01,2.892091684043407440e-02,2.280394401168450713e-04,7.293503731489181519e-02,2.231456892332062125e-05,3.814021125435829163e-03
8.415071964263916016e-01,3.573485091328620911e-02,1.320683659287169576e-04,1.186806708574295044e-01,1.082139078789623454e-05,3.934422973543405533e-03
8.536874055862426758e-01,3.252938762307167053e-02,9.342021803604438901e-05,1.098895445466041565e-01,7.466760052921017632e-06,3.792879870161414146e-03
9.198980331420898438e-01,1.478074397891759872e-02,5.127136682858690619e-05,6.234187632799148560e-02,4.691011326940497383e-06,2.923294436186552048e-03
9.056078791618347168e-01,1.345478743314743042e-02,6.237241177586838603e-05,7.844738662242889404e-02,4.867675215791678056e-06,2.422671299427747726e-03
9.609786868095397949e-01,1.284056436270475388e-02,2.973060327349230647e-05,2.388350665569305420e-02,3.051942485399194993e-06,2.264289651066064835e-03
9.797796607017517090e-01,4.761233925819396973e-03,1.718618113955017179e-05,1.373113878071308136e-02,2.077837962133344263e-06,1.708728494122624397e-03
9.762953519821166992e-01,9.016941301524639130e-03,2.487543679308146238e-05,1.235203817486763000e-02,3.631187382779899053e-06,2.307227579876780510e-03
9.860951900482177734e-01,4.023801535367965698e-03,1.245499424840090796e-05,8.320527151226997375e-03,1.745244276207813527e-06,1.546310028061270714e-03
9.784270524978637695e-01,1.012481190264225006e-02,3.675085827126167715e-05,9.111123159527778625e-03,5.582205176324350759e-06,2.294651931151747704e-03
9.806066155433654785e-01,7.816019468009471893e-03,5.208667062106542289e-05,9.262136183679103851e-03,8.437695214524865150e-06,2.254681894555687904e-03
9.524726867675781250e-01,1.157948654145002365e-02,5.716315354220569134e-05,3.332147002220153809e-02,6.390650924004148692e-06,2.562741050496697426e-03
9.245025515556335449e-01,2.144835703074932098e-02,1.258095726370811462e-04,5.085784941911697388e-02,1.223485469381557778e-05,3.053137334063649178e-03
9.485764503479003906e-01,2.023687586188316345e-02,4.740808071801438928e-05,2.846015430986881256e-02,4.814489329874049872e-06,2.674178220331668854e-03
9.482256174087524414e-01,2.448478899896144867e-02,9.205147944157943130e-05,2.448300272226333618e-02,1.080705351341748610e-05,2.703766105696558952e-03
9.550988078117370605e-01,3.215792030096054077e-02,1.555388735141605139e-04,9.406675584614276886e-03,2.559429231041576713e-05,3.155419835820794106e-03
9.626272320747375488e-01,2.444356307387351990e-02,8.431424066657200456e-05,1.015831716358661652e-02,1.277175397262908518e-05,2.673838054761290550e-03
9.431309103965759277e-01,3.722289204597473145e-02,1.178303209599107504e-04,1.612369157373905182e-02,1.629014332138467580e-05,3.388377837836742401e-03
9.639823436737060547e-01,1.938883773982524872e-02,9.789050091058015823e-05,1.380247063934803009e-02,1.408532716595800593e-05,2.714299596846103668e-03
9.436761140823364258e-01,2.251149713993072510e-02,9.768141171662136912e-05,3.119549900293350220e-02,1.012613029161002487e-05,2.509104087948799133e-03
9.551153182983398438e-01,1.782281324267387390e-02,5.109545963932760060e-05,2.451971918344497681e-02,5.881968263565795496e-06,2.485028235241770744e-03
9.458155035972595215e-01,2.076194994151592255e-02,7.221107080113142729e-05,3.082785010337829590e-02,7.039056526991771534e-06,2.515614032745361328e-03
9.500847458839416504e-01,1.381296943873167038e-02,4.637081656255759299e-05,3.355349972844123840e-02,4.660803369915811345e-06,2.497863722965121269e-03
9.436110854148864746e-01,2.555918134748935699e-02,7.519952487200498581e-05,2.846150659024715424e-02,8.151033398462459445e-06,2.284887246787548065e-03
9.462394714355468750e-01,2.303683571517467499e-02,9.807555034058168530e-05,2.826884016394615173e-02,1.114597398554906249e-05,2.345638582482933998e-03
9.528135061264038086e-01,2.337661385536193848e-02,9.164025686914101243e-05,2.126649953424930573e-02,1.163900105893844739e-05,2.440150128677487373e-03
9.658537507057189941e-01,1.590618863701820374e-02,7.299251592485234141e-05,1.619624532759189606e-02,9.035270522872451693e-06,1.961873611435294151e-03
9.613189101219177246e-01,1.441318448632955551e-02,4.899991108686663210e-05,2.252958528697490692e-02,5.347420028556371108e-06,1.683858106844127178e-03
9.628066420555114746e-01,1.438225526362657547e-02,6.412206857930868864e-05,2.090923115611076355e-02,7.682266186748165637e-06,1.829964807257056236e-03
9.657634496688842773e-01,1.645012199878692627e-02,8.107236499199643731e-05,1.561000756919384003e-02,1.084272753359982744e-05,2.084488747641444206e-03
9.663228392601013184e-01,2.144900336861610413e-02,9.170816338155418634e-05,9.821244515478610992e-03,1.468633854528889060e-05,2.300579100847244263e-03
9.762617349624633789e-01,1.624639704823493958e-02,3.333895438117906451e-05,5.608883686363697052e-03,5.790524937765439972e-06,1.843874691985547543e-03
9.791529774665832520e-01,1.362909842282533646e-02,4.081015867996029556e-05,5.126300267875194550e-03,7.015019036771263927e-06,2.043848158791661263e-03
9.721951484680175781e-01,1.894111745059490204e-02,4.844626528210937977e-05,6.894201505929231644e-03,7.429929155478021130e-06,1.913656597025692463e-03
9.502780437469482422e-01,2.763480134308338165e-02,4.886207534582354128e-05,1.976573653519153595e-02,5.467601113195996732e-06,2.267116913571953773e-03
9.324973225593566895e-01,2.959888800978660583e-02,9.090804087463766336e-05,3.511371463537216187e-02,9.816944839258212596e-06,2.689360873773694038e-03
8.936221599578857422e-01,3.022254444658756256e-02,1.535270130261778831e-04,7.324306666851043701e-02,1.315671215706970543e-05,2.745509380474686623e-03
8.712536692619323730e-01,2.482822909951210022e-02,1.358029840048402548e-04,1.009608134627342224e-01,1.119515854952624068e-05,2.810262609273195267e-03
8.849999904632568359e-01,4.152797535061836243e-02,1.872631983133032918e-04,7.019487768411636353e-02,1.604163117008283734e-05,3.073885105550289154e-03
7.441695332527160645e-01,4.488524049520492554e-02,2.000741078518331051e-04,2.074863016605377197e-01,1.359882480755914003e-05,3.245385363698005676e-03
7.512538433074951172e-01,6.793516129255294800e-02,1.633352803764864802e-04,1.772913336753845215e-01,1.137232447945280001e-05,3.344954689964652061e-03
6.548589468002319336e-01,5.652071535587310791e-02,1.260848948732018471e-04,2.861049473285675049e-01,6.806724286434473470e-06,2.382478211075067520e-03
6.784180402755737305e-01,5.736087262630462646e-02,7.555909542134031653e-05,2.615340650081634521e-01,4.532910224952502176e-06,2.606874564662575722e-03
8.682200908660888672e-01,4.045568034052848816e-02,7.112298044376075268e-05,8.918371796607971191e-02,6.107435183366760612e-06,2.063294174149632454e-03
9.367637634277343750e-01,2.295074425637722015e-02,3.180182466167025268e-05,3.870812430977821350e-02,3.209564511053031310e-06,1.542313257232308388e-03
9.593623876571655273e-01,1.636733859777450562e-02,2.220766145910602063e-05,2.289929613471031189e-02,2.248921418868121691e-06,1.346587785519659519e-03
9.745482206344604492e-01,1.073156390339136124e-02,2.068335925287101418e-05,1.343099959194660187e-02,2.492778548912610859e-06,1.266061211936175823e-03
9.606313705444335938e-01,1.162511948496103287e-02,3.189834751538001001e-05,2.627604641020298004e-02,3.439699639784521423e-06,1.432077726349234581e-03
9.161445498466491699e-01,3.353223949670791626e-02,9.200460044667124748e-05,4.809973388910293579e-02,8.882528163667302579e-06,2.122694859281182289e-03
9.454851746559143066e-01,2.041845768690109253e-02,1.277127594221383333e-04,3.143506497144699097e-02,1.514694577053887770e-05,2.518562367185950279e-03
9.732287526130676270e-01,1.321167033165693283e-02,1.085572148440405726e-04,1.125246472656726837e-02,1.606825389899313450e-05,2.182560274377465248e-03
9.357100725173950195e-01,2.780288830399513245e-02,2.188434300478547812e-04,3.306077048182487488e-02,2.492580460966564715e-05,3.182472893968224525e-03
9.180044531822204590e-01,2.233452163636684418e-02,2.736637834459543228e-04,5.618553981184959412e-02,2.901218067563604563e-05,3.172816708683967590e-03
9.548017978668212891e-01,1.706358417868614197e-02,2.616190176922827959e-04,2.491572499275207520e-02,3.323455530335195363e-05,2.923956606537103653e-03
9.792407155036926270e-01,9.039712138473987579e-03,8.710268593858927488e-05,9.652976877987384796e-03,1.374661223962903023e-05,1.965682487934827805e-03
9.737947583198547363e-01,1.454992499202489853e-02,2.163272001780569553e-04,8.660935796797275543e-03,3.916987043339759111e-05,2.738926792517304420e-03
9.531700015068054199e-01,2.943632379174232483e-02,3.337233210913836956e-04,1.330741401761770248e-02,5.739511470892466605e-05,3.695168066769838333e-03
9.358984827995300293e-01,3.746688365936279297e-02,3.355604421813040972e-04,2.240339294075965881e-02,4.708470805780962110e-05,3.848514985293149948e-03
9.154642820358276367e-01,5.406957492232322693e-02,6.736225332133471966e-04,2.556862309575080872e-02,9.104308992391452193e-05,4.132820293307304382e-03
9.322440624237060547e-01,4.810375720262527466e-02,6.556476000696420670e-04,1.527202688157558441e-02,9.605018567526713014e-05,3.628476290032267570e-03
9.593938589096069336e-01,2.586650662124156952e-02,2.317449107067659497e-04,1.152533106505870819e-02,3.486909918137826025e-05,2.947646658867597580e-03
9.493840932846069336e-01,2.791437506675720215e-02,2.538244298193603754e-04,1.975913345813751221e-02,3.116045263595879078e-05,2.657391130924224854e-03
9.472045302391052246e-01,1.596371456980705261e-02,8.659684681333601475e-05,3.449205309152603149e-02,8.602843990956898779e-06,2.244538860395550728e-03
9.168608784675598145e-01,2.090311795473098755e-02,5.229074668022803962e-05,5.994289368391036987e-02,4.329248440626543015e-06,2.236433792859315872e-03
9.608798623085021973e-01,9.046779014170169830e-03,3.674325853353366256e-05,2.815742976963520050e-02,3.858396212308434770e-06,1.875187037512660027e-03
9.769168496131896973e-01,9.294725954532623291e-03,4.592518234858289361e-05,1.193532999604940414e-02,6.651971943938406184e-06,1.800493220798671246e-03
9.725207686424255371e-01,1.406398415565490723e-02,4.992819231119938195e-05,1.143281999975442886e-02,6.749562544428044930e-06,1.925803255289793015e-03
9.683490991592407227e-01,2.398068830370903015e-02,6.326311267912387848e-05,5.321749020367860794e-03,1.071776114258682355e-05,2.274492057040333748e-03
9.719319939613342285e-01,1.581698097288608551e-02,3.798025136347860098e-05,9.801987558603286743e-03,5.386868451751070097e-06,2.405665814876556396e-03
9.731199145317077637e-01,1.490520592778921127e-02,2.190345367125701159e-05,9.961625561118125916e-03,2.928775074906297959e-06,1.988404430449008942e-03
9.745991826057434082e-01,1.708464510738849640e-02,2.980261342599987984e-05,6.116260308772325516e-03,4.697450549429049715e-06,2.165392506867647171e-03
9.899305105209350586e-01,5.520422477275133133e-03,2.055480581475421786e-05,3.247840097174048424e-03,3.516204060360905714e-06,1.277122646570205688e-03
9.808578491210937500e-01,1.205203216522932053e-02,5.840503581566736102e-05,5.421255715191364288e-03,9.562516424921341240e-06,1.600945950485765934e-03
9.760257005691528320e-01,1.750384084880352020e-02,1.284799218410626054e-04,4.317608196288347244e-03,2.500233131286222488e-05,1.999338855966925621e-03
9.386839270591735840e-01,4.747548326849937439e-02,2.524989249650388956e-04,1.074673607945442200e-02,3.843719241558574140e-05,2.802995033562183380e-03
9.324154257774353027e-01,5.616656318306922913e-02,5.415974883362650871e-04,7.325720973312854767e-03,9.046755440067499876e-05,3.460215870290994644e-03
9.099571108818054199e-01,8.047495037317276001e-02,6.119784084148705006e-04,5.335322581231594086e-03,1.037849579006433487e-04,3.516782307997345924e-03
9.328045845031738281e-01,5.540717765688896179e-02,3.140423214063048363e-04,8.456608280539512634e-03,5.101149508845992386e-05,2.966584637761116028e-03
8.990511298179626465e-01,9.362624585628509521e-02,4.707187472376972437e-04,3.632302163168787956e-03,8.554165106033906341e-05,3.134150523692369461e-03
8.903262615203857422e-01,1.000536084175109863e-01,4.517824563663452864e-04,6.197003182023763657e-03,6.916827260283753276e-05,2.902065403759479523e-03
8.991944193840026855e-01,8.715361356735229492e-02,2.274331491207703948e-04,1.087118778377771378e-02,2.948146175185684115e-05,2.523794304579496384e-03
8.725655674934387207e-01,1.027272641658782959e-01,1.744609180605039001e-04,2.155420929193496704e-02,1.958872599061578512e-05,2.959028352051973343e-03
9.298992156982421875e-01,3.799167647957801819e-02,7.877994357841089368e-05,2.981281653046607971e-02,8.294054168800357729e-06,2.209158148616552353e-03
9.094794988632202148e-01,2.760283090174198151e-02,5.418788350652903318e-05,6.072334572672843933e-02,4.521153186942683533e-06,2.135678427293896675e-03
9.193056225776672363e-01,2.915950305759906769e-02,7.540914521086961031e-05,4.896973446011543274e-02,6.648955604759976268e-06,2.482970245182514191e-03
8.772909641265869141e-01,4.502639919519424438e-02,1.683013397268950939e-04,7.469484955072402954e-02,1.469978178647579625e-05,2.804744523018598557e-03
9.396046400070190430e-01,3.636671230196952820e-02,1.923706295201554894e-04,2.129228040575981140e-02,2.475002838764339685e-05,2.519311616197228432e-03
9.423394799232482910e-01,3.380401805043220520e-02,1.887019461719319224e-04,2.156015485525131226e-02,2.275332371937111020e-05,2.084836596623063087e-03
9.325368404388427734e-01,2.736936509609222412e-02,1.366841024719178677e-04,3.804011642932891846e-02,1.298952702200040221e-05,1.903944066725671291e-03
9.352115392684936523e-01,1.733720675110816956e-02,1.255498791579157114e-04,4.548588395118713379e-02,1.222038736159447581e-05,1.827553845942020416e-03
9.547747373580932617e-01,1.750588044524192810e-02,7.711822399869561195e-05,2.550907246768474579e-02,9.184547707263845950e-06,2.123880432918667793e-03
9.669497013092041016e-01,1.098955236375331879e-02,4.908119444735348225e-05,2.040891721844673157e-02,5.889414296689210460e-06,1.596852089278399944e-03
9.381524324417114258e-01,2.912464551627635956e-02,7.433997234329581261e-05,3.027684800326824188e-02,8.221801181207410991e-06,2.363476203754544258e-03
9.281345605850219727e-01,2.168728411197662354e-02,7.614382047904655337e-05,4.788792878389358521e-02,7.160274435591418296e-06,2.206869656220078468e-03
9.384478330612182617e-01,2.173941209912300110e-02,7.245319284265860915e-05,3.766340762376785278e-02,7.305909548449562863e-06,2.069609938189387321e-03
9.733448624610900879e-01,1.297067385166883469e-02,4.936755794915370643e-05,1.170877739787101746e-02,7.537988039985066280e-06,1.918777590617537498e-03
9.824025034904479980e-01,1.015283167362213135e-02,3.157621904392726719e-05,5.540789570659399033e-03,5.243985469860490412e-06,1.867000595666468143e-03
9.754438996315002441e-01,1.191958505660295486e-02,3.508708323352038860e-05,1.038532890379428864e-02,5.272711405268637463e-06,2.210776088759303093e-03
9.632485508918762207e-01,1.939840987324714661e-02,4.197055022814311087e-05,1.487009972333908081e-02,5.397665972850518301e-06,2.435539616271853447e-03
9.275947809219360352e-01,2.372278086841106415e-02,4.270674617146141827e-05,4.576988518238067627e-02,4.505591277847997844e-06,2.865339396521449089e-03
8.531312346458435059e-01,5.859529972076416016e-02,1.416950399288907647e-04,8.506354689598083496e-02,1.088343924493528903e-05,3.057322464883327484e-03
8.740006685256958008e-01,6.785102933645248413e-02,2.773703308776021004e-04,5.431774258613586426e-02,2.970434434246271849e-05,3.523467108607292175e-03
8.833835721015930176e-01,3.815496340394020081e-02,2.168718492612242699e-04,7.511876523494720459e-02,1.991858516703359783e-05,3.105960786342620850e-03
8.151327967643737793e-01,5.551645532250404358e-02,4.779219161719083786e-04,1.243833154439926147e-01,4.376025754027068615e-05,4.445904865860939026e-03
8.690561652183532715e-01,2.959315478801727295e-02,4.872938734479248524e-04,9.655217081308364868e-02,4.527467172010801733e-05,4.265872295945882797e-03
8.658627271652221680e-01,4.409631341695785522e-02,4.103503015358000994e-04,8.557510375976562500e-02,3.929631202481687069e-05,4.016155842691659927e-03
8.923739790916442871e-01,5.642912909388542175e-02,3.843326703645288944e-04,4.661232978105545044e-02,4.532165985438041389e-05,4.154927562922239304e-03
9.451998472213745117e-01,3.821511939167976379e-02,2.922486164607107639e-04,1.320968195796012878e-02,4.483804150368086994e-05,3.038158640265464783e-03
8.993766903877258301e-01,7.592499256134033203e-02,2.043943095486611128e-04,2.157663181424140930e-02,2.565086288086604327e-05,2.891664626076817513e-03
9.411775469779968262e-01,4.684655368328094482e-02,1.602137635927647352e-04,9.542923420667648315e-03,2.187577956647146493e-05,2.250862075015902519e-03
9.324597120285034180e-01,5.645639821887016296e-02,1.578355295350775123e-04,8.564355783164501190e-03,2.334853343199938536e-05,2.338325371965765953e-03
9.184890389442443848e-01,7.096166908740997314e-02,2.829614677466452122e-04,7.222818210721015930e-03,4.211827399558387697e-05,3.001386299729347229e-03
9.671265482902526855e-01,2.684377878904342651e-02,9.768472955329343677e-05,3.721215762197971344e-03,1.726332629914395511e-05,2.193482127040624619e-03
9.442146420478820801e-01,4.586731642484664917e-02,1.676661195233464241e-04,6.749580614268779755e-03,2.795384170894976705e-05,2.972821937873959541e-03
9.664567708969116211e-01,2.477109804749488831e-02,8.965787128545343876e-05,6.115392781794071198e-03,1.569953928992617875e-05,2.551406854763627052e-03
9.731480479240417480e-01,1.320768427103757858e-02,4.831773185287602246e-05,1.119646430015563965e-02,6.750110060238512233e-06,2.392766065895557404e-03
9.665930867195129395e-01,1.634505577385425568e-02,5.621174932457506657e-05,1.466522365808486938e-02,6.871622645121533424e-06,2.333413576707243919e-03
9.401429891586303711e-01,3.580341488122940063e-02,1.556540955789387226e-04,2.081349305808544159e-02,1.734195393510162830e-05,3.067170502617955208e-03
9.324755668640136719e-01,3.083019144833087921e-02,1.066200784407556057e-04,3.347465768456459045e-02,1.087933469534618780e-05,3.102173330262303352e-03
8.914476633071899414e-01,5.871938541531562805e-02,2.589473733678460121e-04,4.630231857299804688e-02,2.578830935817677528e-05,3.245828440412878990e-03
9.087455272674560547e-01,4.961343109607696533e-02,2.732393331825733185e-04,3.790715709328651428e-02,2.750279236352071166e-05,3.433250822126865387e-03
9.486308693885803223e-01,2.311259508132934570e-02,2.025008143391460180e-04,2.552821859717369080e-02,2.341098661418072879e-05,2.502423943951725960e-03
9.142952561378479004e-01,2.749215438961982727e-02,1.558441290399059653e-04,5.516071245074272156e-02,1.646232703933492303e-05,2.879563951864838600e-03
9.771893620491027832e-01,7.220922969281673431e-03,3.666263364721089602e-05,1.363952644169330597e-02,5.027604402130236849e-06,1.908584847114980221e-03
9.762291312217712402e-01,1.229894161224365234e-02,6.036392369423992932e-05,9.020118974149227142e-03,8.894028724171221256e-06,2.382605103775858879e-03
9.822684526443481445e-01,1.062103640288114548e-02,5.372499072109349072e-05,5.002536345273256302e-03,8.963631444203201681e-06,2.045244444161653519e-03
9.844638705253601074e-01,1.059652678668498993e-02,6.434781244024634361e-05,2.745200414210557938e-03,1.256392351933754981e-05,2.117429394274950027e-03
9.537357091903686523e-01,3.533414006233215332e-02,3.044276381842792034e-04,6.640601437538862228e-03,5.712803249480202794e-05,3.928013145923614502e-03
9.440364837646484375e-01,4.193175584077835083e-02,5.045273574069142342e-04,8.565088734030723572e-03,9.326234430773183703e-05,4.868934396654367447e-03
9.406043887138366699e-01,4.412570223212242126e-02,2.287911338498815894e-04,1.075622625648975372e-02,3.852262670989148319e-05,4.246460273861885071e-03
9.338577389717102051e-01,2.763339877128601074e-02,1.248462795047089458e-04,3.493696823716163635e-02,1.460424209653865546e-05,3.432472236454486847e-03
9.491885900497436523e-01,2.438907139003276825e-02,9.298925579059869051e-05,2.328373678028583527e-02,1.121965669881319627e-05,3.034407971426844597e-03
9.647577404975891113e-01,1.876100711524486542e-02,6.927648792043328285e-05,1.399828586727380753e-02,8.630419870314653963e-06,2.405026694759726524e-03
9.561273455619812012e-01,1.912502571940422058e-02,1.011868153000250459e-04,2.203353121876716614e-02,1.277931642107432708e-05,2.600116655230522156e-03
9.113558530807495117e-01,4.900917410850524902e-02,2.602450258564203978e-04,3.573159128427505493e-02,3.095133070019073784e-05,3.612154163420200348e-03
9.000297188758850098e-01,7.952529191970825195e-02,2.859693486243486404e-04,1.662611775100231171e-02,3.827150794677436352e-05,3.494556294754147530e-03
9.395797252655029297e-01,4.630413278937339783e-02,1.946611009771004319e-04,1.113091222941875458e-02,3.088533412665128708e-05,2.759736496955156326e-03
8.675968050956726074e-01,9.305922687053680420e-02,2.391963644186034799e-04,3.556956350803375244e-02,2.503651558072306216e-05,3.510076086968183517e-03
8.909001350402832031e-01,7.032124698162078857e-02,1.393944257870316505e-04,3.585300222039222717e-02,1.488775251345941797e-05,2.771295839920639992e-03
8.824421763420104980e-01,8.714347332715988159e-02,2.286929957335814834e-04,2.690071240067481995e-02,2.610922820167616010e-05,3.258795943111181259e-03
9.357137084007263184e-01,3.604813292622566223e-02,1.468601112719625235e-04,2.591657824814319611e-02,1.686673931544646621e-05,2.157846232876181602e-03
9.246904850006103516e-01,4.590036720037460327e-02,1.737349812174215913e-04,2.686510235071182251e-02,1.903255724755581468e-05,2.351290080696344376e-03
9.651737809181213379e-01,2.566251158714294434e-02,1.380630419589579105e-04,7.007987238466739655e-03,2.140292963304091245e-05,1.996332546696066856e-03
9.595304727554321289e-01,2.181236259639263153e-02,7.718341657891869545e-05,1.695870608091354370e-02,9.333437446912284940e-06,1.611813087947666645e-03
9.161643385887145996e-01,5.356509983539581299e-02,1.770683011272922158e-04,2.771723642945289612e-02,1.917533336381893605e-05,2.357078483328223228e-03
8.634985685348510742e-01,7.511363923549652100e-02,1.713621895760297775e-04,5.724445730447769165e-02,1.656524545978754759e-05,3.955403808504343033e-03
8.137571215629577637e-01,6.292486935853958130e-02,2.343697269679978490e-04,1.194133162498474121e-01,1.722737579257227480e-05,3.653099760413169861e-03
7.799174189567565918e-01,3.491735830903053284e-02,1.003429715638048947e-04,1.820669621229171753e-01,7.192157227109419182e-06,2.990748267620801926e-03
8.025568127632141113e-01,2.515481412410736084e-02,7.892180292401462793e-05,1.691838204860687256e-01,5.673186478816205636e-06,3.019992960616946220e-03
7.444582581520080566e-01,2.047860249876976013e-02,3.803919753408990800e-05,2.326372116804122925e-01,2.643499556143069640e-06,2.385152271017432213e-03
8.970196247100830078e-01,1.923642307519912720e-02,4.132612230023369193e-05,8.164289593696594238e-02,3.278005124229821377e-06,2.056578872725367546e-03
8.191161751747131348e-01,3.932004794478416443e-02,1.469057169742882252e-04,1.386201977729797363e-01,1.098280608857749030e-05,2.785857999697327614e-03
9.105542898178100586e-01,2.983258478343486786e-02,1.003343859338201582e-04,5.671902745962142944e-02,9.645010322856251150e-06,2.784130861982703209e-03
9.056296944618225098e-01,3.761385008692741394e-02,2.102752187056466937e-04,5.320043116807937622e-02,2.186221172451041639e-05,3.323884913697838783e-03
8.926454782485961914e-01,1.972393319010734558e-02,1.769502123352140188e-04,8.485521376132965088e-02,1.578623778186738491e-05,2.582744462415575981e-03
9.477223753929138184e-01,9.076302871108055115e-03,2.014926139963790774e-04,4.091004654765129089e-02,2.059295366052538157e-05,2.069324953481554985e-03
9.562993049621582031e-01,1.025863457471132278e-02,1.582561089890077710e-04,3.105451166629791260e-02,1.845382394094485790e-05,2.210822189226746559e-03
9.504741430282592773e-01,1.862566918134689331e-02,2.033687196671962738e-04,2.827481739223003387e-02,2.313088225491810590e-05,2.398879034444689751e-03
9.682456254959106445e-01,1.717963442206382751e-02,7.183590059867128730e-05,1.236111111938953400e-02,1.001359214569674805e-05,2.131738699972629547e-03
9.315907955169677734e-01,4.711017757654190063e-02,1.460438361391425133e-04,1.833138242363929749e-02,1.754933509801048785e-05,2.803990617394447327e-03
9.218428730964660645e-01,5.453323572874069214e-02,9.877355478238314390e-05,2.090603671967983246e-02,1.116704333981033415e-05,2.607870614156126976e-03
9.545952677726745605e-01,2.784398943185806274e-02,6.639629282290115952e-05,1.504775229841470718e-02,8.007306860235985368e-06,2.438613679260015488e-03
9.541663527488708496e-01,1.934120804071426392e-02,4.620158142643049359e-05,2.444190718233585358e-02,4.725869075627997518e-06,1.999605447053909302e-03
9.570472240447998047e-01,1.282981038093566895e-02,3.715196362463757396e-05,2.831367589533329010e-02,3.772059244511183351e-06,1.768378308042883873e-03
9.552941322326660156e-01,2.105263434350490570e-02,5.097715256852097809e-05,2.159702964127063751e-02,5.160976343177026138e-06,2.000083448365330696e-03
9.425355792045593262e-01,2.870483696460723877e-02,1.301342854276299477e-04,2.606248296797275543e-02,1.541137498861644417e-05,2.551697893068194389e-03
9.306377768516540527e-01,4.269358888268470764e-02,3.230420988984405994e-04,2.276682853698730469e-02,4.214484943076968193e-05,3.536534262821078300e-03
9.620019793510437012e-01,2.331430837512016296e-02,2.754716551862657070e-04,1.145298033952713013e-02,4.083165185875259340e-05,2.914488548412919044e-03
9.142180681228637695e-01,3.161966800689697266e-02,2.270059922011569142e-04,5.081617459654808044e-02,2.486181801941711456e-05,3.094248007982969284e-03
8.080327510833740234e-01,3.279000893235206604e-02,2.644459018483757973e-04,1.557791233062744141e-01,2.041886909864842892e-05,3.113293787464499474e-03
8.718170523643493652e-01,2.379319258034229279e-02,1.102357346098870039e-04,1.019486263394355774e-01,8.618008905614260584e-06,2.322147367522120476e-03
9.139531850814819336e-01,2.070496231317520142e-02,9.029882494360208511e-05,6.308723241090774536e-02,8.294836334243882447e-06,2.155902097001671791e-03
9.558200240135192871e-01,2.460176497697830200e-02,1.439319312339648604e-04,1.671094074845314026e-02,2.078549186990130693e-05,2.702618250623345375e-03
9.740573167800903320e-01,1.833053678274154663e-02,7.910378917586058378e-05,5.189849063754081726e-03,1.445557882107095793e-05,2.328796777874231339e-03
9.630293846130371094e-01,3.143833950161933899e-02,7.089658902259543538e-05,2.868173178285360336e-03,1.499560949014266953e-05,2.578065264970064163e-03
9.740853905677795410e-01,2.141616865992546082e-02,3.852098598144948483e-05,2.182916272431612015e-03,8.267675184470135719e-06,2.268762560561299324e-03
9.531982541084289551e-01,4.168751090764999390e-02,7.570500747533515096e-05,2.367415698245167732e-03,1.559646989335305989e-05,2.655630931258201599e-03
9.234072566032409668e-01,6.857639551162719727e-02,8.142568549374118447e-05,5.379836075007915497e-03,1.178352795250248164e-05,2.543222159147262573e-03
9.219838380813598633e-01,7.020957767963409424e-02,1.015930392895825207e-04,4.861312452703714371e-03,1.585644531587604433e-05,2.827962860465049744e-03
9.206336140632629395e-01,5.847741290926933289e-02,5.921108459006063640e-05,1.822068169713020325e-02,6.391224815160967410e-06,2.602654276415705681e-03
9.323965907096862793e-01,3.347709774971008301e-02,4.489149796427227557e-05,3.177680447697639465e-02,4.502056526689557359e-06,2.300077117979526520e-03
9.542000293731689453e-01,1.616446115076541901e-02,5.293426875141449273e-05,2.790288999676704407e-02,4.896634436590829864e-06,1.674894243478775024e-03
9.315971136093139648e-01,7.319885306060314178e-03,4.246929165674373507e-05,5.971597507596015930e-02,3.556456249498296529e-06,1.321133109740912914e-03
9.369295835494995117e-01,7.197176106274127960e-03,5.723883805330842733e-05,5.440463498234748840e-02,4.874966634815791622e-06,1.406481023877859116e-03
8.682023882865905762e-01,9.798722341656684875e-03,8.228710794355720282e-05,1.200509145855903625e-01,5.795695415145019069e-06,1.859869807958602905e-03
8.530484437942504883e-01,1.593846641480922699e-02,1.233733783010393381e-04,1.286484450101852417e-01,9.253797543351538479e-06,2.231974853202700615e-03
9.081288576126098633e-01,2.795708924531936646e-02,8.850656013237312436e-05,6.107490509748458862e-02,8.718571734789293259e-06,2.741883974522352219e-03
8.715599179267883301e-01,5.115280300378799438e-02,1.389612152706831694e-04,7.378727942705154419e-02,1.157514907390577719e-05,3.349537262693047523e-03
9.127914309501647949e-01,3.878085315227508545e-02,1.020154668367467821e-04,4.549704119563102722e-02,1.046997022058349103e-05,2.818166976794600487e-03
9.410166144371032715e-01,3.199775144457817078e-02,8.110111957648769021e-05,2.433878555893898010e-02,8.389051799895241857e-06,2.557344501838088036e-03
9.427483677864074707e-01,2.525781653821468353e-02,5.787005284219048917e-05,2.971288375556468964e-02,5.861167210241546854e-06,2.217239467427134514e-03
9.257054924964904785e-01,3.462111949920654297e-02,1.134576596086844802e-04,3.622188419103622437e-02,1.185165001515997574e-05,3.326298668980598450e-03
9.560632705688476562e-01,2.168932743370532990e-02,9.249424329027533531e-05,1.953579112887382507e-02,1.102712576539488509e-05,2.608064329251646996e-03
9.553919434547424316e-01,2.070512622594833374e-02,9.423234587302431464e-05,2.131338417530059814e-02,1.174535191239556298e-05,2.483605872839689255e-03
9.319580197334289551e-01,5.139736831188201904e-02,2.268417738378047943e-04,1.327468268573284149e-02,3.235151598346419632e-05,3.110749647021293640e-03
9.414853453636169434e-01,4.797337576746940613e-02,2.076590899378061295e-04,7.646772079169750214e-03,3.005204234796110541e-05,2.656854223459959030e-03
8.646964430809020996e-01,1.079015210270881653e-01,2.530706406105309725e-04,2.362457662820816040e-02,2.702743040572386235e-05,3.497366327792406082e-03
8.949257731437683105e-01,8.227719366550445557e-02,4.688004264608025551e-04,1.849202997982501984e-02,5.727808093070052564e-05,3.779072081670165062e-03
9.113409519195556641e-01,6.095576658844947815e-02,2.117456169798970222e-04,2.439720742404460907e-02,2.354576463403645903e-05,3.070678794756531715e-03
9.504619240760803223e-01,3.004919365048408508e-02,1.289592764806002378e-04,1.669283024966716766e-02,1.616283589100930840e-05,2.650856506079435349e-03
9.769336581230163574e-01,1.402832847088575363e-02,5.318961848388426006e-05,6.718833930790424347e-03,8.291739504784345627e-06,2.257675165310502052e-03
9.911079406738281250e-01,4.582670051604509354e-03,1.558632902742829174e-05,2.915306715294718742e-03,3.114665787506964989e-06,1.375324209220707417e-03
9.941208958625793457e-01,1.811746391467750072e-03,9.828504516917746514e-06,3.095233114436268806e-03,1.791490262803563382e-06,9.605481172911822796e-04
9.896051883697509766e-01,5.005170125514268875e-03,3.254227704019285738e-05,3.873863955959677696e-03,5.777897058578673750e-06,1.477499841712415218e-03
9.830299019813537598e-01,8.092126809060573578e-03,1.207922032335773110e-04,6.854563485831022263e-03,2.051027877314481884e-05,1.882034819573163986e-03
9.767144918441772461e-01,1.376891043037176132e-02,1.954551553353667259e-04,7.085275370627641678e-03,3.602525976020842791e-05,2.199779730290174484e-03
9.713049530982971191e-01,1.890300400555133820e-02,2.486476150806993246e-04,7.094967644661664963e-03,4.532007005764171481e-05,2.403343562036752701e-03
9.651765227317810059e-01,2.221795730292797089e-02,1.160043393610976636e-04,1.021300256252288818e-02,1.632629391679074615e-05,2.260180888697504997e-03
9.628824591636657715e-01,2.047681808471679688e-02,3.721401662915013731e-05,1.461170427501201630e-02,4.709505901701049879e-06,1.986986026167869568e-03
9.730653762817382812e-01,1.044491399079561234e-02,2.073372525046579540e-05,1.507200673222541809e-02,2.363172143304836936e-06,1.394558348692953587e-03
9.551788568496704102e-01,2.670809254050254822e-02,2.526717435102909803e-05,1.589412242174148560e-02,2.992085910591413267e-06,2.190651372075080872e-03
9.536647796630859375e-01,2.298699691891670227e-02,3.119108441751450300e-05,2.094716578722000122e-02,3.595699581637745723e-06,2.366295084357261658e-03
9.463917016983032227e-01,1.149434503167867661e-02,3.231569644412957132e-05,3.984137624502182007e-02,3.065130385948577896e-06,2.237293869256973267e-03
9.211374521255493164e-01,2.592450194060802460e-02,8.876893116394057870e-05,5.013189464807510376e-02,8.158439413818996400e-06,2.709288615733385086e-03
9.296671748161315918e-01,1.490651909261941910e-02,5.857948781340382993e-05,5.300434306263923645e-02,5.635444267682032660e-06,2.357691293582320213e-03
9.675875902175903320e-01,8.728142827749252319e-03,4.458109106053598225e-05,2.152774296700954437e-02,5.488184797286521643e-06,2.106291474774479866e-03
9.796403050422668457e-01,8.652267977595329285e-03,6.556451990036293864e-05,9.195513091981410980e-03,1.075830277841305360e-05,2.435665810480713844e-03
9.588547348976135254e-01,1.087331119924783707e-02,3.209604983567260206e-05,2.815480343997478485e-02,3.411802254049689509e-06,2.081592101603746414e-03
9.408738017082214355e-01,1.689968444406986237e-02,3.622800068114884198e-05,3.942590579390525818e-02,3.776797711907420307e-06,2.760556992143392563e-03
9.101784825325012207e-01,3.227164968848228455e-02,8.461187098873779178e-05,5.405133962631225586e-02,8.339845408045221120e-06,3.405591705814003944e-03
8.959876298904418945e-01,3.166768327355384827e-02,5.920359762967564166e-05,6.950757652521133423e-02,4.910287771053845063e-06,2.773008774966001511e-03
9.400480389595031738e-01,2.352639473974704742e-02,8.212742977775633335e-05,3.348943218588829041e-02,9.280275662604253739e-06,2.844678703695535660e-03
9.519866108894348145e-01,1.735611259937286377e-02,8.740777411730960011e-05,2.736379392445087433e-02,1.062712181010283530e-05,3.195461817085742950e-03
9.586338400840759277e-01,1.336540468037128448e-02,7.788041693856939673e-05,2.502900734543800354e-02,1.003063243842916563e-05,2.883882494643330574e-03
9.720839262008666992e-01,6.176195573061704636e-03,5.276274532661773264e-05,1.975479535758495331e-02,6.628817118325969204e-06,1.925717457197606564e-03
9.737375974655151367e-01,4.818362183868885040e-03,4.941914085065945983e-05,1.982663758099079132e-02,5.621944183076266199e-06,1.562434830702841282e-03
9.067302942276000977e-01,2.174529246985912323e-02,1.775711425580084324e-04,6.848591566085815430e-02,1.683052141743246466e-05,2.844064729288220406e-03
8.793873786926269531e-01,3.571315109729766846e-02,1.647468016017228365e-04,8.188571780920028687e-02,1.444506051484495401e-05,2.834494458511471748e-03
8.859745264053344727e-01,2.270585484802722931e-02,1.271166256628930569e-04,8.912593871355056763e-02,1.002550743578467518e-05,2.056488767266273499e-03
9.171929359436035156e-01,2.022485621273517609e-02,1.000077827484346926e-04,6.049796938896179199e-02,9.036944902618415654e-06,1.975133782252669334e-03
9.501224160194396973e-01,2.185033448040485382e-02,1.357304863631725311e-04,2.559175156056880951e-02,1.527872700535226613e-05,2.284542424604296684e-03
9.601110219955444336e-01,2.385973557829856873e-02,1.846202212618663907e-04,1.300874818116426468e-02,2.868154115276411176e-05,2.807205542922019958e-03
9.744974970817565918e-01,1.548987906426191330e-02,1.038995542330667377e-04,7.280365563929080963e-03,1.944084579008631408e-05,2.609009621664881706e-03
9.789541363716125488e-01,1.351193618029356003e-02,1.364513300359249115e-04,5.001985002309083939e-03,2.395819865341763943e-05,2.371558919548988342e-03
9.685223102569580078e-01,2.028399147093296051e-02,1.529795554233714938e-04,8.671148680150508881e-03,2.398381002421956509e-05,2.345467451959848404e-03
9.399161934852600098e-01,3.126848116517066956e-02,2.570625510998070240e-04,2.600846998393535614e-02,3.048598409804981202e-05,2.519325120374560356e-03
8.475667238235473633e-01,4.814624413847923279e-02,2.731249551288783550e-04,1.010806560516357422e-01,2.373406641709152609e-05,2.909505506977438927e-03
9.278373122215270996e-01,3.356666117906570435e-02,1.730029325699433684e-04,3.582932054996490479e-02,1.775162309058941901e-05,2.576062688603997231e-03
9.640633463859558105e-01,1.908694207668304443e-02,6.964326166780665517e-05,1.443773787468671799e-02,9.249760296370368451e-06,2.333254553377628326e-03
9.708169698715209961e-01,1.242049038410186768e-02,7.523743261117488146e-05,1.458079181611537933e-02,9.891203262668568641e-06,2.096668351441621780e-03
9.822386503219604492e-01,9.564720094203948975e-03,1.317509158980101347e-04,6.115069147199392319e-03,2.217945075244642794e-05,1.927667064592242241e-03
9.644461274147033691e-01,1.962966099381446838e-02,2.479361137375235558e-04,1.286737155169248581e-02,3.600717536755837500e-05,2.772918436676263809e-03
9.643001556396484375e-01,1.589724048972129822e-02,3.090436512138694525e-04,1.708750985562801361e-02,4.202634954708628356e-05,2.363994717597961426e-03
9.691004157066345215e-01,1.605073548853397369e-02,2.040770777966827154e-04,1.241044700145721436e-02,3.187912443536333740e-05,2.202439820393919945e-03
9.684776663780212402e-01,1.507048495113849640e-02,1.986197894439101219e-04,1.371656637638807297e-02,2.762849726423155516e-05,2.509161597117781639e-03
9.450268149375915527e-01,2.919984795153141022e-02,2.366949920542538166e-04,2.235406264662742615e-02,2.935210432042367756e-05,3.153171390295028687e-03
9.342073798179626465e-01,5.026148632168769836e-02,2.170140360249206424e-04,1.161948125809431076e-02,3.306843063910491765e-05,3.661473048850893974e-03
9.391263127326965332e-01,3.936639055609703064e-02,3.357816895004361868e-04,1.726106368005275726e-02,4.942319719702936709e-05,3.861170960590243340e-03
9.392989277839660645e-01,4.757028818130493164e-02,3.588518884498625994e-04,9.483041241765022278e-03,5.937595415161922574e-05,3.229542169719934464e-03
9.673352837562561035e-01,2.473683655261993408e-02,2.439050294924527407e-04,4.951509181410074234e-03,4.745231854030862451e-05,2.684914739802479744e-03
9.206265211105346680e-01,5.494269356131553650e-02,6.765578873455524445e-04,1.957335136830806732e-02,9.481108281761407852e-05,4.086104687303304672e-03
9.144091010093688965e-01,4.697263985872268677e-02,6.674590986222028732e-04,3.415618464350700378e-02,8.208411600207909942e-05,3.712488804012537003e-03
9.266083836555480957e-01,3.890442475676536560e-02,4.293637175578624010e-04,3.052711673080921173e-02,5.646396311931312084e-05,3.474148456007242203e-03
9.131898880004882812e-01,3.556519374251365662e-02,2.421294339001178741e-04,4.758927598595619202e-02,2.546538416936527938e-05,3.388090524822473526e-03
8.872956037521362305e-01,6.092641502618789673e-02,3.028675564564764500e-04,4.722457379102706909e-02,3.154139267280697823e-05,4.219127353280782700e-03
9.351979494094848633e-01,3.699661418795585632e-02,2.401714737061411142e-04,2.418927103281021118e-02,3.001091317855753005e-05,3.346009179949760437e-03
9.388849139213562012e-01,4.269921779632568359e-02,4.266685573384165764e-04,1.410978380590677261e-02,6.276453495956957340e-05,3.816563636064529419e-03
9.520226716995239258e-01,3.800489753484725952e-02,5.062592681497335434e-04,5.933229811489582062e-03,9.649907588027417660e-05,3.436407772824168205e-03
9.599128961563110352e-01,3.128996491432189941e-02,2.095816598739475012e-04,5.374782718718051910e-03,3.705773269757628441e-05,3.175606951117515564e-03
9.527401328086853027e-01,2.799075283110141754e-02,1.504141400801017880e-04,1.603954099118709564e-02,2.049763315881136805e-05,3.058745525777339935e-03
9.711459279060363770e-01,1.447887904942035675e-02,9.876741387415677309e-05,1.167980302125215530e-02,1.453885306545998901e-05,2.582154935225844383e-03
9.709762930870056152e-01,1.592280156910419464e-02,6.568587559740990400e-05,1.027295738458633423e-02,1.027188318403204903e-05,2.751913852989673615e-03
9.541358947753906250e-01,2.019261755049228668e-02,2.168592764064669609e-04,2.268608473241329193e-02,2.806596239679493010e-05,2.740549389272928238e-03
9.332129955291748047e-01,4.766554757952690125e-02,3.554053255356848240e-04,1.508855819702148438e-02,5.209535083849914372e-05,3.625457640737295151e-03
9.219617247581481934e-01,5.220634117722511292e-02,3.753932251129299402e-04,2.158572338521480560e-02,4.885241651209071279e-05,3.822009777650237083e-03
9.384506940841674805e-01,3.043862991034984589e-02,2.737575268838554621e-04,2.701193653047084808e-02,3.396600368432700634e-05,3.790978109464049339e-03
9.314816594123840332e-01,3.461232036352157593e-02,2.731288259383291006e-04,3.005143068730831146e-02,3.499030572129413486e-05,3.546468680724501610e-03
8.497703075408935547e-01,6.937283277511596680e-02,5.065243458375334740e-04,7.557741552591323853e-02,4.919847197015769780e-05,4.723715595901012421e-03
8.953569531440734863e-01,3.998768329620361328e-02,2.921314444392919540e-04,6.079273670911788940e-02,2.882279841287527233e-05,3.541684709489345551e-03
9.342132210731506348e-01,3.388077765703201294e-02,2.539599663577973843e-04,2.809474989771842957e-02,3.171450953232124448e-05,3.525577718392014503e-03
9.397007226943969727e-01,2.523589506745338440e-02,2.237992157461121678e-04,3.165158256888389587e-02,2.634288284752983600e-05,3.161638975143432617e-03
9.080913066864013672e-01,3.831293433904647827e-02,3.249331784900277853e-04,4.926015436649322510e-02,3.665914482553489506e-05,3.973811399191617966e-03
8.814214468002319336e-01,7.206328958272933960e-02,3.329881874378770590e-04,4.210347309708595276e-02,3.741017280844971538e-05,4.041300620883703232e-03
9.051930904388427734e-01,5.693100020289421082e-02,1.765261113177984953e-04,3.480588272213935852e-02,1.964113471331074834e-05,2.873917110264301300e-03
8.770539760589599609e-01,5.871634185314178467e-02,1.499870704719796777e-04,6.131565198302268982e-02,1.305497789871878922e-05,2.750981599092483521e-03
7.941318154335021973e-01,1.120173633098602295e-01,1.698063715593889356e-04,9.099254012107849121e-02,1.220454123540548608e-05,2.676232019439339638e-03
7.929344177246093750e-01,7.439094036817550659e-02,1.951888261828571558e-04,1.299190074205398560e-01,1.342924315395066515e-05,2.547002630308270454e-03
9.077129364013671875e-01,3.703833743929862976e-02,1.657991524552926421e-04,5.210266634821891785e-02,1.721491025818977505e-05,2.963072620332241058e-03
9.479808807373046875e-01,2.762416750192642212e-02,1.460076018702238798e-04,2.139286883175373077e-02,1.868326762632932514e-05,2.837423002347350121e-03
9.780731797218322754e-01,1.282357051968574524e-02,1.115671184379607439e-04,6.315956357866525650e-03,2.043722270173020661e-05,2.655338495969772339e-03
9.812254309654235840e-01,9.260740131139755249e-03,1.314624678343534470e-04,6.308519281446933746e-03,2.582492197689134628e-05,3.048086538910865784e-03
9.450109601020812988e-01,1.843268796801567078e-02,7.347906648647040129e-05,3.391406312584877014e-02,8.673887350596487522e-06,2.560165245085954666e-03
9.521388411521911621e-01,1.614044606685638428e-02,9.688063437351956964e-05,2.885961160063743591e-02,1.174153840111102909e-05,2.752470551058650017e-03
9.496126770973205566e-01,2.695901133120059967e-02,2.002461696974933147e-04,1.975426264107227325e-02,2.806637166941072792e-05,3.445695620030164719e-03
9.686163663864135742e-01,1.186503097414970398e-02,1.226453459821641445e-04,1.685805991291999817e-02,1.773990516085177660e-05,2.520131180062890053e-03
9.810645580291748047e-01,1.266338955610990524e-02,1.310770167037844658e-04,3.905510064214468002e-03,2.734114423219580203e-05,2.208038466051220894e-03
9.698899388313293457e-01,2.181522920727729797e-02,1.788782828953117132e-04,5.954168736934661865e-03,3.118248423561453819e-05,2.130493288859724998e-03
9.762156009674072266e-01,1.773867942392826080e-02,6.072244286770001054e-05,4.105270840227603912e-03,1.200810675072716549e-05,1.867687096819281578e-03
9.342551827430725098e-01,5.022568628191947937e-02,1.414205471519380808e-04,1.287003699690103531e-02,1.881603202491533011e-05,2.488838043063879013e-03
9.380725622177124023e-01,3.028332814574241638e-02,1.021432835841551423e-04,2.933975681662559509e-02,1.171893563878256828e-05,2.190567553043365479e-03
9.669227600097656250e-01,1.352068409323692322e-02,9.632613364374265075e-05,1.720599830150604248e-02,1.291964963456848636e-05,2.241272712126374245e-03
9.512891173362731934e-01,2.833422273397445679e-02,2.361699589528143406e-04,1.705639623105525970e-02,3.431928053032606840e-05,3.049683524295687675e-03
9.350454807281494141e-01,1.708037406206130981e-02,1.633922220207750797e-04,4.501330479979515076e-02,1.705737304291687906e-05,2.680297940969467163e-03
9.525740146636962891e-01,1.822476647794246674e-02,2.241628390038385987e-04,2.575523592531681061e-02,2.839614899130538106e-05,3.193406620994210243e-03
9.460945725440979004e-01,1.697272621095180511e-02,1.992134202737361193e-04,3.368517383933067322e-02,2.464826502546202391e-05,3.023644443601369858e-03
9.335312247276306152e-01,2.096828632056713104e-02,3.170047421008348465e-04,4.152540490031242371e-02,3.861355435219593346e-05,3.619337687268853188e-03
9.713116884231567383e-01,1.486255507916212082e-02,1.200595361297018826e-04,1.107392273843288422e-02,1.770287235558498651e-05,2.613960532471537590e-03
9.762019515037536621e-01,1.265200413763523102e-02,1.000919801299460232e-04,8.273595012724399567e-03,1.661965325183700770e-05,2.755743451416492462e-03
9.735043644905090332e-01,9.992360137403011322e-03,5.618563591269776225e-05,1.451230514794588089e-02,6.997895980020985007e-06,1.927966950461268425e-03
9.872519969940185547e-01,7.633214816451072693e-03,3.725513670360669494e-05,3.409119322896003723e-03,7.159749202401144430e-06,1.661165500991046429e-03
9.751598834991455078e-01,1.723743043839931488e-02,7.894606824265792966e-05,5.529640242457389832e-03,1.317450278293108568e-05,1.981033710762858391e-03
9.634730219841003418e-01,1.606377214193344116e-02,8.048121526371687651e-05,1.835814490914344788e-02,9.316029718320351094e-06,2.015197183936834335e-03
9.474136829376220703e-01,1.627220027148723602e-02,4.152935798629187047e-05,3.424517810344696045e-02,3.875684342347085476e-06,2.023590728640556335e-03
9.223786592483520508e-01,1.316315587610006332e-02,4.613192504621110857e-05,6.222620606422424316e-02,3.838152679236372933e-06,2.181816147640347481e-03
9.326247572898864746e-01,1.611961238086223602e-02,4.128822547500021756e-05,4.898630455136299133e-02,3.763976110349176452e-06,2.224295167252421379e-03
9.423120617866516113e-01,1.853301189839839935e-02,5.176430204301141202e-05,3.702974691987037659e-02,4.626730515155941248e-06,2.068673260509967804e-03
9.535575509071350098e-01,2.512040734291076660e-02,1.228134206030517817e-04,1.865733414888381958e-02,1.501523911429103464e-05,2.526899799704551697e-03
9.318092465400695801e-01,4.268058389425277710e-02,2.494425862096250057e-04,2.224933914840221405e-02,2.884755303966812789e-05,2.982413396239280701e-03
9.434583187103271484e-01,4.493872076272964478e-02,2.915160439442843199e-04,7.591835688799619675e-03,5.022356344852596521e-05,3.669281722977757454e-03
9.312870502471923828e-01,5.125854909420013428e-02,3.242397506255656481e-04,1.286475826054811478e-02,5.229045564192347229e-05,4.212987143546342850e-03
9.743064641952514648e-01,1.431307476013898849e-02,9.973057603929191828e-05,8.704373612999916077e-03,1.644766052777413279e-05,2.559908432886004448e-03
9.729589819908142090e-01,1.812131702899932861e-02,5.898008021176792681e-05,6.694083567708730698e-03,9.079769370146095753e-06,2.157616661861538887e-03
9.342850446701049805e-01,2.249431237578392029e-02,4.873374928138218820e-05,4.077896848320960999e-02,4.732307843369198963e-06,2.388273831456899643e-03
9.308675527572631836e-01,2.630328014492988586e-02,7.161207759054377675e-05,3.982850536704063416e-02,7.199125775514403358e-06,2.921843668445944786e-03
9.057781696319580078e-01,3.398108482360839844e-02,1.081281443475745618e-04,5.718873068690299988e-02,1.029162194754462689e-05,2.933740150183439255e-03
9.186621308326721191e-01,3.453556820750236511e-02,1.492629526183009148e-04,4.374912753701210022e-02,1.432728095096535981e-05,2.889491152018308640e-03
9.602296948432922363e-01,2.095181308686733246e-02,2.143960882676765323e-04,1.551098935306072235e-02,3.156018647132441401e-05,3.061447059735655785e-03
9.762467145919799805e-01,1.332041062414646149e-02,1.441581698600202799e-04,7.360302843153476715e-03,2.696383671718649566e-05,2.901384606957435608e-03
9.770749807357788086e-01,1.234414242208003998e-02,1.660320849623531103e-04,7.363309618085622787e-03,3.042415301024448127e-05,3.021171316504478455e-03
9.824371933937072754e-01,1.044700387865304947e-02,1.047231999109499156e-04,4.435154143720865250e-03,2.141835466318298131e-05,2.554495120421051979e-03
9.806837439537048340e-01,1.293314807116985321e-02,1.292745728278532624e-04,3.241689642891287804e-03,2.903859240177553147e-05,2.983159152790904045e-03
9.822359085083007812e-01,9.815203957259654999e-03,5.518699254025705159e-05,5.902293603867292404e-03,9.794720426725689322e-06,1.981657696887850761e-03
9.693023562431335449e-01,2.334394492208957672e-02,6.582149944733828306e-05,4.811666905879974365e-03,1.189849990623770282e-05,2.464332384988665581e-03
9.706732630729675293e-01,2.168020047247409821e-02,4.612300108419731259e-05,5.709159187972545624e-03,7.217280199256492779e-06,1.884100725874304771e-03
9.688931107521057129e-01,1.988174580037593842e-02,6.883124297019094229e-05,9.012139402329921722e-03,9.845596650848165154e-06,2.134319860488176346e-03
9.665691256523132324e-01,1.963149011135101318e-02,7.398950401693582535e-05,1.164789032191038132e-02,9.873455383058171719e-06,2.067549154162406921e-03
9.695966839790344238e-01,1.856520213186740875e-02,1.145374480984173715e-04,9.495497681200504303e-03,1.638764661038294435e-05,2.211576327681541443e-03
9.580550193786621094e-01,1.728411763906478882e-02,1.103409813367761672e-04,2.210577018558979034e-02,1.374526436848100275e-05,2.431092550978064537e-03
9.649028778076171875e-01,2.075288258492946625e-02,1.345683704130351543e-04,1.175149809569120407e-02,2.000270069402176887e-05,2.438146853819489479e-03
9.728937149047851562e-01,1.250781770795583725e-02,6.140177720226347446e-05,1.261874660849571228e-02,8.030644494283478707e-06,1.910418272018432617e-03
9.585292339324951172e-01,3.241175785660743713e-02,9.385580779053270817e-05,6.492320448160171509e-03,1.503459770901827142e-05,2.457739785313606262e-03
9.667478203773498535e-01,2.454158291220664978e-02,8.268400415545329452e-05,6.463194731622934341e-03,1.260662065760698169e-05,2.152233850210905075e-03
9.681641459465026855e-01,2.401504665613174438e-02,1.498889905633404851e-04,5.215528886765241623e-03,2.640117418195586652e-05,2.428872045129537582e-03
9.415486454963684082e-01,5.003629997372627258e-02,2.735345915425568819e-04,4.633752629160881042e-03,4.855850784224458039e-05,3.459119005128741264e-03
9.694450497627258301e-01,2.499233745038509369e-02,2.068312751362100244e-04,2.840548986569046974e-03,4.287669435143470764e-05,2.472302643582224846e-03
9.429686069488525391e-01,3.939971700310707092e-02,2.324127708561718464e-04,1.409669499844312668e-02,3.376045060576871037e-05,3.268816042691469193e-03
9.058883190155029297e-01,7.297968119382858276e-02,3.000838041771203279e-04,1.686795428395271301e-02,3.836525502265430987e-05,3.925654571503400803e-03
9.202948212623596191e-01,5.460947379469871521e-02,3.160004853270947933e-04,2.073384262621402740e-02,4.085637192474678159e-05,4.005081951618194580e-03
9.051736593246459961e-01,5.290496349334716797e-02,1.478634367231279612e-04,3.839137405157089233e-02,1.640520349610596895e-05,3.365725046023726463e-03
9.212723970413208008e-01,4.860575869679450989e-02,2.345789689570665359e-04,2.670010924339294434e-02,2.756417597993277013e-05,3.159552346915006638e-03
9.125168919563293457e-01,4.270420596003532410e-02,1.326772471657022834e-04,4.191786795854568481e-02,1.388686359860002995e-05,2.714400412514805794e-03
8.539945483207702637e-01,2.876644022762775421e-02,5.204873377806507051e-05,1.152349337935447693e-01,3.519092160786385648e-06,1.948498538695275784e-03
8.818474411964416504e-01,3.899940848350524902e-02,4.045994137413799763e-05,7.723619788885116577e-02,3.226804892619838938e-06,1.873339526355266571e-03
9.285680055618286133e-01,2.336504310369491577e-02,2.287476854689884931e-05,4.640700668096542358e-02,1.844855773924791720e-06,1.635199296288192272e-03
9.548389911651611328e-01,1.885110698640346527e-02,1.328386497334577143e-05,2.491907216608524323e-02,1.286147380596958101e-06,1.376214902848005295e-03
9.575601220130920410e-01,2.132906764745712280e-02,2.903220592997968197e-05,1.943987980484962463e-02,3.326319983898429200e-06,1.638667192310094833e-03
9.287472963333129883e-01,2.528847381472587585e-02,4.787419311469420791e-05,4.371019452810287476e-02,4.677827746490947902e-06,2.201577648520469666e-03
8.701066970825195312e-01,2.530941553413867950e-02,1.149090749095194042e-04,1.021878793835639954e-01,9.357640919915866107e-06,2.271742559969425201e-03
8.611476421356201172e-01,5.156479403376579285e-02,2.086042222799733281e-04,8.385991305112838745e-02,1.878673538158182055e-05,3.200257662683725357e-03
9.225633144378662109e-01,3.665344044566154480e-02,2.658983285073190928e-04,3.716374561190605164e-02,3.121542977169156075e-05,3.322436241433024406e-03
8.920597434043884277e-01,2.628577500581741333e-02,2.657656732480973005e-04,7.802882790565490723e-02,2.590316398709546775e-05,3.333920845761895180e-03
8.534798026084899902e-01,4.983416944742202759e-02,3.292861802037805319e-04,9.280688315629959106e-02,3.194154851371422410e-05,3.517971141263842583e-03
8.832341432571411133e-01,5.203984677791595459e-02,3.513580886647105217e-04,6.040241941809654236e-02,3.876877235597930849e-05,3.933536354452371597e-03
8.825444579124450684e-01,3.965926170349121094e-02,2.064935542875900865e-04,7.433062791824340820e-02,1.935068576131016016e-05,3.239724785089492798e-03
8.998947143554687500e-01,3.403017297387123108e-02,1.838684547692537308e-04,6.264697015285491943e-02,2.004700581892393529e-05,3.224294399842619896e-03
9.316924810409545898e-01,3.492050990462303162e-02,2.296263119205832481e-04,3.004550561308860779e-02,2.898921047744806856e-05,3.082939889281988144e-03
9.645508527755737305e-01,2.136913873255252838e-02,1.275527029065415263e-04,1.097676251083612442e-02,1.995910861296579242e-05,2.955726580694317818e-03
9.517247080802917480e-01,3.020926564931869507e-02,1.117895808420144022e-04,1.520362216979265213e-02,1.529203291283920407e-05,2.735331654548645020e-03
9.380576014518737793e-01,3.423832356929779053e-02,8.810747385723516345e-05,2.514021098613739014e-02,9.555601536703761667e-06,2.466306556016206741e-03
9.178913235664367676e-01,3.944100067019462585e-02,7.562993414467200637e-05,4.025528207421302795e-02,6.741303877788595855e-06,2.330000279471278191e-03
9.414575695991516113e-01,2.871529757976531982e-02,1.043349402607418597e-04,2.708983607590198517e-02,1.142023847933160141e-05,2.621513558551669121e-03
9.574022293090820312e-01,1.832126267254352570e-02,6.455669790739193559e-05,2.185677364468574524e-02,7.835149517632089555e-06,2.347269095480442047e-03
9.587386250495910645e-01,1.492040790617465973e-02,8.411712042288854718e-05,2.377420850098133087e-02,1.034006709232926369e-05,2.472346881404519081e-03
9.565711021423339844e-01,1.722780615091323853e-02,6.136772572062909603e-05,2.350511215627193451e-02,6.964031399547820911e-06,2.627809764817357063e-03
9.567601680755615234e-01,2.067398279905319214e-02,5.835842603119090199e-05,1.972212456166744232e-02,6.982307695579947904e-06,2.778369234874844551e-03
9.241398572921752930e-01,3.182527422904968262e-02,9.686231351224705577e-05,4.085734859108924866e-02,1.008730851026484743e-05,3.070442471653223038e-03
9.433301687240600586e-01,2.059266343712806702e-02,6.869871867820620537e-05,3.329162672162055969e-02,7.641487172804772854e-06,2.709205728024244308e-03
9.578334689140319824e-01,1.499307528138160706e-02,8.582777809351682663e-05,2.516330219805240631e-02,9.761042747413739562e-06,1.914476859383285046e-03
9.321936964988708496e-01,2.009359374642372131e-02,8.103874279186129570e-05,4.537662863731384277e-02,7.424978775816271082e-06,2.247666707262396812e-03
9.279255867004394531e-01,1.571734808385372162e-02,8.890533354133367538e-05,5.431639403104782104e-02,8.350612006324809045e-06,1.943374401889741421e-03
9.141291975975036621e-01,3.010881692171096802e-02,1.537934294901788235e-04,5.264020711183547974e-02,1.594492096046451479e-05,2.952077891677618027e-03
9.218131303787231445e-01,1.810972392559051514e-02,7.616371294716373086e-05,5.793892592191696167e-02,6.622984983550850302e-06,2.055424265563488007e-03
9.573564529418945312e-01,8.161528967320919037e-03,8.366008114535361528e-05,3.232602030038833618e-02,8.647686627227813005e-06,2.063781023025512695e-03
9.451030492782592773e-01,7.152363657951354980e-03,6.447089253924787045e-05,4.524348303675651550e-02,6.142454822111176327e-06,2.430493477731943130e-03
9.235557317733764648e-01,1.139052584767341614e-02,8.240142051363363862e-05,6.249176710844039917e-02,6.631051746808225289e-06,2.472999971359968185e-03
9.331390261650085449e-01,1.991870999336242676e-02,1.263976591872051358e-04,4.390072077512741089e-02,1.302196142205502838e-05,2.902132226154208183e-03
9.349733591079711914e-01,2.211599051952362061e-02,1.529956207377836108e-04,3.959618136286735535e-02,1.726331356621813029e-05,3.144163638353347778e-03
9.290630817413330078e-01,2.731799706816673279e-02,1.162524349638260901e-04,4.024715721607208252e-02,1.423555477231275290e-05,3.241236554458737373e-03
9.497647285461425781e-01,2.638193778693675995e-02,1.530285517219454050e-04,2.072243019938468933e-02,1.932208215293940157e-05,2.958513796329498291e-03
9.685109853744506836e-01,1.939620822668075562e-02,1.554388582007959485e-04,8.792041800916194916e-03,2.743959521467331797e-05,3.117908490821719170e-03
9.746187329292297363e-01,1.496923528611660004e-02,5.546741522266529500e-05,7.919974625110626221e-03,8.594947757956106216e-06,2.427981700748205185e-03
9.864503145217895508e-01,8.593479171395301819e-03,6.184037192724645138e-05,2.995825605466961861e-03,1.389886438118992373e-05,1.884560217149555683e-03
9.703723788261413574e-01,2.129841037094593048e-02,1.015497327898629010e-04,5.710288882255554199e-03,1.817286465666256845e-05,2.499183872714638710e-03
9.765523076057434082e-01,1.672758907079696655e-02,7.843659841455519199e-05,4.110964015126228333e-03,1.527105268905870616e-05,2.515476662665605545e-03
9.446272253990173340e-01,2.816302515566349030e-02,7.652056228835135698e-05,2.413018792867660522e-02,9.169808436126913875e-06,2.993870526552200317e-03
9.463431239128112793e-01,1.637889631092548370e-02,3.092751285294070840e-05,3.486613184213638306e-02,2.896256773965433240e-06,2.377982018515467644e-03
9.374219775199890137e-01,1.802873983979225159e-02,2.220223541371524334e-05,4.235062748193740845e-02,1.965294131878181361e-06,2.174346707761287689e-03
7.960592508316040039e-01,2.897822484374046326e-02,5.171536031411960721e-05,1.723363995552062988e-01,3.353337206135620363e-06,2.571085700765252113e-03
8.620976805686950684e-01,4.798039793968200684e-02,7.744776667095720768e-05,8.762700110673904419e-02,5.747494924435159191e-06,2.211721846833825111e-03
8.672235012054443359e-01,3.236036747694015503e-02,8.181363227777183056e-05,9.809111058712005615e-02,6.716440566378878430e-06,2.236501546576619148e-03
8.792892694473266602e-01,3.649258241057395935e-02,2.666813379619270563e-04,8.103878796100616455e-02,2.384255640208721161e-05,2.888946328312158585e-03
9.292452335357666016e-01,3.327084332704544067e-02,2.625886409077793360e-04,3.414487838745117188e-02,3.021654447366017848e-05,3.046289086341857910e-03
9.585968255996704102e-01,2.347179688513278961e-02,2.750636485870927572e-04,1.492807175964117050e-02,3.954558633267879486e-05,2.688688226044178009e-03
9.808933734893798828e-01,9.700051508843898773e-03,1.127880968851968646e-04,7.174528203904628754e-03,1.883866389107424766e-05,2.100291661918163300e-03
9.745613336563110352e-01,1.531117130070924759e-02,1.195669756270945072e-04,7.858484983444213867e-03,1.952463571797125041e-05,2.129956381395459175e-03
9.667752981185913086e-01,2.136923000216484070e-02,1.161072141258046031e-04,9.471470490097999573e-03,1.725285983411595225e-05,2.250541700050234795e-03
9.427948594093322754e-01,3.336438164114952087e-02,2.728769613895565271e-04,2.062302827835083008e-02,3.864475729642435908e-05,2.906184410676360130e-03
9.103677272796630859e-01,6.093929335474967957e-02,5.474257632158696651e-04,2.486771158874034882e-02,7.281766738742589951e-05,3.205044195055961609e-03
8.748921155929565430e-01,8.138167858123779297e-02,5.909501924179494381e-04,3.919955715537071228e-02,7.015434675849974155e-05,3.865529783070087433e-03
8.749043345451354980e-01,9.228545427322387695e-02,3.915480920113623142e-04,2.854389883577823639e-02,4.828022792935371399e-05,3.826411673799157143e-03
9.563968181610107422e-01,2.912048250436782837e-02,1.744827604852616787e-04,1.130580995231866837e-02,2.759654671535827219e-05,2.974895527586340904e-03
9.342515468597412109e-01,5.120299011468887329e-02,3.434869286138564348e-04,9.911003522574901581e-03,5.601904194918461144e-05,4.234931431710720062e-03
9.525228738784790039e-01,3.583277761936187744e-02,3.404014569241553545e-04,7.608469109982252121e-03,6.098069570725783706e-05,3.634480759501457214e-03
9.424980878829956055e-01,4.574650526046752930e-02,5.478222155943512917e-04,7.182164583355188370e-03,1.022213618853129447e-04,3.923165146261453629e-03
9.402720332145690918e-01,3.741379454731941223e-02,6.631352007389068604e-04,1.747296191751956940e-02,9.706607670523226261e-05,4.081002436578273773e-03
9.343397617340087891e-01,3.269606828689575195e-02,4.803531628567725420e-04,2.792323566973209381e-02,6.285429117269814014e-05,4.497698973864316940e-03
9.347854852676391602e-01,2.222493290901184082e-02,2.533878723625093699e-04,3.847176581621170044e-02,3.032925815205089748e-05,4.234055988490581512e-03
8.988269567489624023e-01,3.114175051450729370e-02,2.406681887805461884e-04,6.514848023653030396e-02,2.426551327516790479e-05,4.618029575794935226e-03
9.055510163307189941e-01,3.208539262413978577e-02,3.172306460328400135e-04,5.804921314120292664e-02,3.364877557032741606e-05,3.963447641581296921e-03
7.795708775520324707e-01,3.555731102824211121e-02,2.611271338537335396e-04,1.805920898914337158e-01,1.984341542993206531e-05,3.998709842562675476e-03
7.872052788734436035e-01,3.312529250979423523e-02,3.186190151609480381e-04,1.750212311744689941e-01,2.526576099626254290e-05,4.304455127567052841e-03
7.460904121398925781e-01,2.473667822778224945e-02,2.359559148317202926e-04,2.258410155773162842e-01,1.673274346103426069e-05,3.079133108258247375e-03
8.355029821395874023e-01,1.611363142728805542e-02,1.417813327861949801e-04,1.457408517599105835e-01,1.019192222884157673e-05,2.490443177521228790e-03
9.137572646141052246e-01,2.025635540485382080e-02,1.154583005700260401e-04,6.352388858795166016e-02,9.979049536923412234e-06,2.337109996005892754e-03
9.285228848457336426e-01,3.030261769890785217e-02,1.216866075992584229e-04,3.830794617533683777e-02,1.344392148894257843e-05,2.731443382799625397e-03
9.348176717758178711e-01,2.797214314341545105e-02,6.655111064901575446e-05,3.497418388724327087e-02,6.632044915022561327e-06,2.162672113627195358e-03
9.386212229728698730e-01,2.442259341478347778e-02,7.401109178317710757e-05,3.451393544673919678e-02,7.921576070657465607e-06,2.360312268137931824e-03
8.953379392623901367e-01,2.034962736070156097e-02,5.340196730685420334e-05,8.219619095325469971e-02,3.958792149205692112e-06,2.058943035081028938e-03
8.400338888168334961e-01,1.739782467484474182e-02,4.983413964509963989e-05,1.404064744710922241e-01,3.417250809434335679e-06,2.108538290485739708e-03
9.551052451133728027e-01,8.659391663968563080e-03,3.035136796825099736e-05,3.433489054441452026e-02,3.054218041143030860e-06,1.867031096480786800e-03
9.577658176422119141e-01,1.609393768012523651e-02,7.496641046600416303e-05,2.351721748709678650e-02,9.116218279814347625e-06,2.538843313232064247e-03
9.588799476623535156e-01,1.433502323925495148e-02,7.718127017142251134e-05,2.407719567418098450e-02,9.500735359324607998e-06,2.621146850287914276e-03
9.550291299819946289e-01,1.671776548027992249e-02,9.598564793122932315e-05,2.548779174685478210e-02,1.080406127584865317e-05,2.658587414771318436e-03
9.334078431129455566e-01,2.475718595087528229e-02,1.500388170825317502e-04,3.860159963369369507e-02,1.555906601424794644e-05,3.067787969484925270e-03
9.553909897804260254e-01,1.114123594015836716e-02,1.295188121730461717e-04,3.055617026984691620e-02,1.532950955152045935e-05,2.766820369288325310e-03
9.529663324356079102e-01,2.164314314723014832e-02,1.921193179441615939e-04,2.237297780811786652e-02,2.540934110584203154e-05,2.799927489832043648e-03
9.668497443199157715e-01,2.261947467923164368e-02,1.657467801123857498e-04,7.566206157207489014e-03,2.583610512374434620e-05,2.772999228909611702e-03
9.450143575668334961e-01,3.699908033013343811e-02,1.068996643880382180e-04,1.496544294059276581e-02,1.482702646171674132e-05,2.899258630350232124e-03
9.362627267837524414e-01,3.585324063897132874e-02,7.780075975460931659e-05,2.531763538718223572e-02,8.250570317613892257e-06,2.480348572134971619e-03
9.591615200042724609e-01,2.622272260487079620e-02,3.892021777573972940e-05,1.225412823259830475e-02,5.150102879269979894e-06,2.317567588761448860e-03
9.634421467781066895e-01,1.747250556945800781e-02,5.606025661109015346e-05,1.692652143537998199e-02,6.625887635891558602e-06,2.095992909744381905e-03
9.705935120582580566e-01,1.716969348490238190e-02,3.997703970526345074e-05,9.701838716864585876e-03,6.023813057254301384e-06,2.488789847120642662e-03
9.712990522384643555e-01,1.625629514455795288e-02,5.418128785095177591e-05,9.726078249514102936e-03,7.921657015685923398e-06,2.656523371115326881e-03
9.748098254203796387e-01,1.714538969099521637e-02,7.054864545352756977e-05,5.114249419420957565e-03,1.358791814709547907e-05,2.846337389200925827e-03
9.729360342025756836e-01,1.930380985140800476e-02,9.978462185245007277e-05,4.722527228295803070e-03,1.827402229537256062e-05,2.919555176049470901e-03
9.756758213043212891e-01,1.818939857184886932e-02,9.738285734783858061e-05,3.275438444688916206e-03,2.049477552645839751e-05,2.741570351645350456e-03
9.559463262557983398e-01,3.465981036424636841e-02,1.519723446108400822e-04,6.133341230452060699e-03,2.858115658455062658e-05,3.079980146139860153e-03
9.630475044250488281e-01,2.381700277328491211e-02,1.262057921849191189e-04,1.038729306310415268e-02,1.980096021725330502e-05,2.602218883112072945e-03
9.673247337341308594e-01,1.940942928194999695e-02,1.119861553888767958e-04,1.081707607954740524e-02,1.639555739529896528e-05,2.320504514500498772e-03
9.497849345207214355e-01,2.945112250745296478e-02,1.702445733826607466e-04,1.777919381856918335e-02,2.381521881034132093e-05,2.790623810142278671e-03
9.358683228492736816e-01,2.875306643545627594e-02,1.234260416822507977e-04,3.292170912027359009e-02,1.424290985596599057e-05,2.319229301065206528e-03
9.105985760688781738e-01,4.901994019746780396e-02,1.949047291418537498e-04,3.736637160181999207e-02,2.138959825970232487e-05,2.798859262838959694e-03
9.090927839279174805e-01,2.882655523717403412e-02,1.179158134618774056e-04,5.965027213096618652e-02,1.070870075636776164e-05,2.301678759977221489e-03
9.616493582725524902e-01,1.163118053227663040e-02,7.058951450744643807e-05,2.446363307535648346e-02,8.294374310935381800e-06,2.176943933591246605e-03
9.154824614524841309e-01,2.092702314257621765e-02,9.800677071325480938e-05,6.064943596720695496e-02,1.007477749226382002e-05,2.833047881722450256e-03
9.365121126174926758e-01,1.358935981988906860e-02,7.799103332217782736e-05,4.740592092275619507e-02,7.250630005728453398e-06,2.407368272542953491e-03
9.320179224014282227e-01,2.071038261055946350e-02,5.517032695934176445e-05,4.447263106703758240e-02,5.727401003241539001e-06,2.738123759627342224e-03
8.847051858901977539e-01,3.173812478780746460e-02,9.386880992678925395e-05,8.086684346199035645e-02,7.738949534541461617e-06,2.588368719443678856e-03
9.631425738334655762e-01,1.459425780922174454e-02,3.007926534337457269e-05,2.014648728072643280e-02,3.626541001722216606e-06,2.082933671772480011e-03
9.368288516998291016e-01,2.768250182271003723e-02,5.288798274705186486e-05,3.287860378623008728e-02,5.217631496634567156e-06,2.551913028582930565e-03
9.557032585144042969e-01,1.119281351566314697e-02,4.323231769376434386e-05,3.071467392146587372e-02,4.797927431354764849e-06,2.341231796890497208e-03
9.615603089332580566e-01,1.396991312503814697e-02,4.230967533658258617e-05,2.240512520074844360e-02,4.855375664192251861e-06,2.017516642808914185e-03
9.645537137985229492e-01,1.029680762439966202e-02,4.538941720966249704e-05,2.313044294714927673e-02,5.161940407560905442e-06,1.968376338481903076e-03
9.651788473129272461e-01,1.333998423069715500e-02,6.042665336281061172e-05,1.958273723721504211e-02,6.893260888318764046e-06,1.831171801313757896e-03
9.729322195053100586e-01,1.367959566414356232e-02,4.455427551874890924e-05,1.105040218681097031e-02,7.106181783456122503e-06,2.286245813593268394e-03
9.814640879631042480e-01,6.485865917056798935e-03,2.111702269758097827e-05,1.028198190033435822e-02,3.045133098567021079e-06,1.744027948006987572e-03
9.820405244827270508e-01,8.247666992247104645e-03,3.156903767376206815e-05,7.405174896121025085e-03,5.357068857847480103e-06,2.269621007144451141e-03
9.858521223068237305e-01,6.793335545808076859e-03,4.843016722588799894e-05,4.949472844600677490e-03,9.151488484349101782e-06,2.347563859075307846e-03
9.795489907264709473e-01,1.206843741238117218e-02,5.512396091944538057e-05,6.007902789860963821e-03,9.552014489599969238e-06,2.309961477294564247e-03
9.582849740982055664e-01,2.631394751369953156e-02,2.254815917694941163e-04,1.197725441306829453e-02,3.671945160022005439e-05,3.161675296723842621e-03
9.472846388816833496e-01,3.046701662242412567e-02,2.102207799907773733e-04,1.873307116329669952e-02,3.028682112926617265e-05,3.274870803579688072e-03
9.676133990287780762e-01,1.558791194111108780e-02,1.206650122185237706e-04,1.426693610846996307e-02,1.602936754352413118e-05,2.395114861428737640e-03
9.557472467422485352e-01,1.292476151138544083e-02,9.919733565766364336e-05,2.908467873930931091e-02,1.107254774979082868e-05,2.132908906787633896e-03
9.398158192634582520e-01,2.096313610672950745e-02,9.457362466491758823e-05,3.716664016246795654e-02,9.860597856459207833e-06,1.950021251104772091e-03
9.226843714714050293e-01,3.649988770484924316e-02,1.403391797794029117e-04,3.831813111901283264e-02,1.459299983253004029e-05,2.342599444091320038e-03
8.978348374366760254e-01,6.106730923056602478e-02,3.010108484886586666e-04,3.730851039290428162e-02,3.422726513235829771e-05,3.454193472862243652e-03
9.147278666496276855e-01,4.572867229580879211e-02,2.136172552127391100e-04,3.614863753318786621e-02,2.503962423361372203e-05,3.156090853735804558e-03
9.557608962059020996e-01,2.092410996556282043e-02,1.063464005710557103e-04,2.055385150015354156e-02,1.423034700565040112e-05,2.640600316226482391e-03
9.294473528861999512e-01,4.226965829730033875e-02,1.786245557013899088e-04,2.470221556723117828e-02,2.291045530000701547e-05,3.379284404218196869e-03
9.522486925125122070e-01,2.069901116192340851e-02,9.789296746021136642e-05,2.402395568788051605e-02,1.309537219640333205e-05,2.917540026828646660e-03
9.104847908020019531e-01,2.589327469468116760e-02,1.263034500880166888e-04,6.052171811461448669e-02,1.262729074369417503e-05,2.961238147690892220e-03
9.370564222335815430e-01,3.123138658702373505e-02,1.898153568617999554e-04,2.750685065984725952e-02,2.424146441626362503e-05,3.991264384239912033e-03
9.806243777275085449e-01,9.309060871601104736e-03,4.851859557675197721e-05,8.100944571197032928e-03,7.757505954941734672e-06,1.909392187371850014e-03
9.809143543243408203e-01,1.426972076296806335e-02,4.585249189403839409e-05,2.739737974479794502e-03,9.182321264233905822e-06,2.021117601543664932e-03
9.735751748085021973e-01,2.194635197520256042e-02,6.121200567577034235e-05,2.411311026662588120e-03,1.265356240764958784e-05,1.993264770135283470e-03
9.823136925697326660e-01,1.356369350105524063e-02,6.033602039678953588e-05,2.294683828949928284e-03,1.307638376601971686e-05,1.754514873027801514e-03
9.708427786827087402e-01,2.064077742397785187e-02,5.882317782379686832e-05,6.461867596954107285e-03,9.210642019752413034e-06,1.986495452001690865e-03
9.620158672332763672e-01,1.591395959258079529e-02,4.004591755801811814e-05,2.001369185745716095e-02,4.649704351322725415e-06,2.011711942031979561e-03
9.380050301551818848e-01,2.839751355350017548e-02,8.975653327070176601e-05,3.101881407201290131e-02,9.728193617775104940e-06,2.479135524481534958e-03
9.206201434135437012e-01,5.055073276162147522e-02,2.254159044241532683e-04,2.512096986174583435e-02,2.785199649224523455e-05,3.454871242865920067e-03
8.918824195861816406e-01,8.336313068866729736e-02,1.892194122774526477e-04,2.144019491970539093e-02,2.082296123262494802e-05,3.104112809523940086e-03
8.711839914321899414e-01,1.190805882215499878e-01,5.760071799159049988e-04,5.548603832721710205e-03,8.966567111201584339e-05,3.521219128742814064e-03
8.546327948570251465e-01,1.339114010334014893e-01,4.245910095050930977e-04,7.848629727959632874e-03,5.673796476912684739e-05,3.125751391053199768e-03
8.564354777336120605e-01,1.313795447349548340e-01,3.861219738610088825e-04,8.613976649940013885e-03,4.835893560084514320e-05,3.136514453217387199e-03
8.292738795280456543e-01,1.588785350322723389e-01,4.174034111201763153e-04,8.050872944295406342e-03,5.512460120371542871e-05,3.324125427752733231e-03
9.514533281326293945e-01,4.206549003720283508e-02,2.288928662892431021e-04,3.700587432831525803e-03,4.257000546203926206e-05,2.509109675884246826e-03
9.123505353927612305e-01,7.588968425989151001e-02,3.039648872800171375e-04,8.111111819744110107e-03,4.696023461292497814e-05,3.297672141343355179e-03
8.807220458984375000e-01,9.491603821516036987e-02,3.573597350623458624e-04,2.002047933638095856e-02,4.626566078513860703e-05,3.937788307666778564e-03
9.215762019157409668e-01,3.479317203164100647e-02,1.149427480413578451e-04,4.103350639343261719e-02,1.153670382336713374e-05,2.470596926286816597e-03
8.935381770133972168e-01,3.051675856113433838e-02,1.372519618598744273e-04,7.296185195446014404e-02,1.107341540773632005e-05,2.834755228832364082e-03
9.146404862403869629e-01,1.465279236435890198e-02,8.280544716399163008e-05,6.858987361192703247e-02,6.925014076841762289e-06,2.027050126343965530e-03
9.485160112380981445e-01,1.240375638008117676e-02,1.167394584626890719e-04,3.662244975566864014e-02,1.213935865962412208e-05,2.329083625227212906e-03
9.318879842758178711e-01,1.799997314810752869e-02,1.521299127489328384e-04,4.706928879022598267e-02,1.675307794357649982e-05,2.873862395063042641e-03
9.683015346527099609e-01,1.268072798848152161e-02,9.393085929332301021e-05,1.647323183715343475e-02,1.255830829904880375e-05,2.438018796965479851e-03
9.674558043479919434e-01,1.110784988850355148e-02,7.932886364869773388e-05,1.881434954702854156e-02,1.036265348375309259e-05,2.532279351726174355e-03
9.703333973884582520e-01,1.243210490792989731e-02,6.476666021626442671e-05,1.508704852312803268e-02,8.555239219276700169e-06,2.074063522741198540e-03
9.586999416351318359e-01,2.522017806768417358e-02,7.678593101445585489e-05,1.371753867715597153e-02,9.511951247986871749e-06,2.276174956932663918e-03
9.476183056831359863e-01,4.366784170269966125e-02,1.155800637206993997e-04,5.986616015434265137e-03,1.902059011626988649e-05,2.592767123132944107e-03
9.610205292701721191e-01,3.298046812415122986e-02,1.287612103624269366e-04,3.438264364376664162e-03,2.314789526280947030e-05,2.408754546195268631e-03
9.596282839775085449e-01,3.376360610127449036e-02,8.425212581641972065e-05,4.194110631942749023e-03,1.598657399881631136e-05,2.313776174560189247e-03
9.528104662895202637e-01,3.649635240435600281e-02,1.466463872930034995e-04,7.862002588808536530e-03,2.236863292637281120e-05,2.662186976522207260e-03
9.300681948661804199e-01,4.633403941988945007e-02,1.601612602826207876e-04,2.063089236617088318e-02,1.939326102728955448e-05,2.787245670333504677e-03
9.034753441810607910e-01,5.760901793837547302e-02,2.618219295982271433e-04,3.551503270864486694e-02,2.677389966265764087e-05,3.111875150352716446e-03
8.974932432174682617e-01,4.574169218540191650e-02,2.237929729744791985e-04,5.332393571734428406e-02,2.309710362169425935e-05,3.194236429408192635e-03
9.181093573570251465e-01,4.678824171423912048e-02,1.886899844976142049e-04,3.193460404872894287e-02,2.199544360337313265e-05,2.957103541120886803e-03
9.226758480072021484e-01,4.657978191971778870e-02,2.150541549781337380e-04,2.746847271919250488e-02,2.675609903235454112e-05,3.034126712009310722e-03
9.067628979682922363e-01,5.679689347743988037e-02,1.701151777524501085e-04,3.359991312026977539e-02,1.719685860734898597e-05,2.652963390573859215e-03
9.411975741386413574e-01,3.525818511843681335e-02,9.735723142512142658e-05,2.101196348667144775e-02,1.091757621907163411e-05,2.423921832814812660e-03
9.690099954605102539e-01,1.372905448079109192e-02,4.443496436579152942e-05,1.541246194392442703e-02,5.688901183020789176e-06,1.798350014723837376e-03
9.633206725120544434e-01,2.306869812309741974e-02,5.695479558198712766e-05,1.135886646807193756e-02,7.430654477502685040e-06,2.187446923926472664e-03
9.675846695899963379e-01,1.907270029187202454e-02,8.174270624294877052e-05,1.080141123384237289e-02,1.158354643848724663e-05,2.447923645377159119e-03
9.600263833999633789e-01,1.644917950034141541e-02,1.083315582945942879e-04,2.072371356189250946e-02,1.355532913294155151e-05,2.678748918697237968e-03
9.623944163322448730e-01,2.282247133553028107e-02,1.339083537459373474e-04,1.161891501396894455e-02,2.061568920908030123e-05,3.009588457643985748e-03
9.627178311347961426e-01,2.693073078989982605e-02,3.327629819978028536e-04,6.937016732990741730e-03,5.724299626308493316e-05,3.024349454790353775e-03
9.421708583831787109e-01,4.369804263114929199e-02,5.887242150492966175e-04,9.502715431153774261e-03,1.030283892760053277e-04,3.936645574867725372e-03
9.440997838973999023e-01,4.261232912540435791e-02,4.442438657861202955e-04,9.191381745040416718e-03,7.515986362705007195e-05,3.577105700969696045e-03
9.320237636566162109e-01,4.401298239827156067e-02,3.690375597216188908e-04,1.985182426869869232e-02,4.621879998012445867e-05,3.696234663948416710e-03
9.509433507919311523e-01,2.306088618934154510e-02,2.599291619844734669e-04,2.241411432623863220e-02,3.434458267292939126e-05,3.287411062046885490e-03
9.394165873527526855e-01,2.265636436641216278e-02,2.747942926362156868e-04,3.427826985716819763e-02,3.163537257933057845e-05,3.342350944876670837e-03
9.198091626167297363e-01,2.279025316238403320e-02,2.504739095456898212e-04,5.389306694269180298e-02,2.620610757730901241e-05,3.230795729905366898e-03
9.305920600891113281e-01,1.785130053758621216e-02,3.533813287504017353e-04,4.825073108077049255e-02,3.700777597259730101e-05,2.915653632953763008e-03
9.671831727027893066e-01,1.658556796610355377e-02,2.369859721511602402e-04,1.289131678640842438e-02,3.623838711064308882e-05,3.066782606765627861e-03
9.686365723609924316e-01,1.489188335835933685e-02,1.892967411549761891e-04,1.357760839164257050e-02,2.968452827190048993e-05,2.674961462616920471e-03
9.737834930419921875e-01,1.308742817491292953e-02,1.767103385645896196e-04,1.055961940437555313e-02,2.744097946560941637e-05,2.365408232435584068e-03
9.656708836555480957e-01,1.661591976881027222e-02,1.221330021508038044e-04,1.524819247424602509e-02,1.736718695610761642e-05,2.325547160580754280e-03
9.789388179779052734e-01,1.099131628870964050e-02,1.298177376156672835e-04,7.524101994931697845e-03,2.127467996615450829e-05,2.394661074504256248e-03
9.368686676025390625e-01,3.402869030833244324e-02,2.174494584323838353e-04,2.536734752357006073e-02,2.699300785025116056e-05,3.490807255730032921e-03
9.156982302665710449e-01,5.744481831789016724e-02,2.515969972591847181e-04,2.276124618947505951e-02,3.102930713794194162e-05,3.813070245087146759e-03
9.495444297790527344e-01,3.572895377874374390e-02,2.779529604595154524e-04,1.117203757166862488e-02,3.766997178900055587e-05,3.238841658458113670e-03
9.377033710479736328e-01,4.571716487407684326e-02,2.829426957760006189e-04,1.264917198568582535e-02,3.973337516072206199e-05,3.607648191973567009e-03
9.537812471389770508e-01,3.644561767578125000e-02,1.801614853320643306e-04,6.479155272245407104e-03,3.012980778294149786e-05,3.083649091422557831e-03
9.745447039604187012e-01,1.815904863178730011e-02,7.516705227317288518e-05,4.750459454953670502e-03,1.414084363204892725e-05,2.456360030919313431e-03
9.562059044837951660e-01,3.631510213017463684e-02,1.263041776837781072e-04,4.579096101224422455e-03,2.365243199164979160e-05,2.749938750639557838e-03
9.348890781402587891e-01,4.491123557090759277e-02,1.080554793588817120e-04,1.748896948993206024e-02,1.312373933615162969e-05,2.589489566162228584e-03
9.286592602729797363e-01,2.979177795350551605e-02,5.798727943329140544e-05,3.873571008443832397e-02,6.081870651541976258e-06,2.749130129814147949e-03
7.998639941215515137e-01,2.408191189169883728e-02,6.144958024378865957e-05,1.735699623823165894e-01,3.681897624119301327e-06,2.419057767838239670e-03
7.888814806938171387e-01,1.694409362971782684e-02,5.494741344591602683e-05,1.914037615060806274e-01,3.537082193361129612e-06,2.712178276851773262e-03
8.315971493721008301e-01,1.752552576363086700e-02,5.371201768866740167e-05,1.478252410888671875e-01,3.922202722606016323e-06,2.994471928104758263e-03
9.313037991523742676e-01,2.647259831428527832e-02,9.420659625902771950e-05,3.928338363766670227e-02,9.237870472134090960e-06,2.836826490238308907e-03
9.048313498497009277e-01,6.346451491117477417e-02,1.899903290905058384e-04,2.777859382331371307e-02,2.294939076818991452e-05,3.712619654834270477e-03
9.346660375595092773e-01,4.513039067387580872e-02,1.566561113577336073e-04,1.672443002462387085e-02,2.013706762227229774e-05,3.302453784272074699e-03
9.704504013061523438e-01,2.069688960909843445e-02,1.112469690269790590e-04,6.566333118826150894e-03,1.648430770728737116e-05,2.158585935831069946e-03
9.781014919281005859e-01,1.302616950124502182e-02,6.084897904656827450e-05,6.800518371164798737e-03,9.355195288662798703e-06,2.001638058573007584e-03
9.715796709060668945e-01,1.109740231186151505e-02,6.725481944158673286e-05,1.491365209221839905e-02,8.975702257885131985e-06,2.333049895241856575e-03
9.870772361755371094e-01,4.352882038801908493e-03,4.172935950919054449e-05,6.651653908193111420e-03,6.727228083036607131e-06,1.869611325673758984e-03
9.763631820678710938e-01,6.027183029800653458e-03,3.963401104556396604e-05,1.546131540089845657e-02,5.209700702835107222e-06,2.103300299495458603e-03
9.722961187362670898e-01,5.017462652176618576e-03,2.774999666144140065e-05,2.074246294796466827e-02,3.226922899557393976e-06,1.913046929985284805e-03
9.793857932090759277e-01,4.484080709517002106e-03,2.516045424272306263e-05,1.431320887058973312e-02,3.250960844525252469e-06,1.788413384929299355e-03
9.489357471466064453e-01,2.044012024998664856e-02,8.989698108052834868e-05,2.777366340160369873e-02,1.097712447517551482e-05,2.749567851424217224e-03
9.491941928863525391e-01,1.957102678716182709e-02,1.532497990410774946e-04,2.843379043042659760e-02,1.957560743903741241e-05,2.628207672387361526e-03
9.679531455039978027e-01,1.645846664905548096e-02,2.277708263136446476e-04,1.306206546723842621e-02,3.341725096106529236e-05,2.265039598569273949e-03
9.677872061729431152e-01,1.078622695058584213e-02,2.696516457945108414e-04,1.879697851836681366e-02,3.668285353342071176e-05,2.323344815522432327e-03
9.569762945175170898e-01,1.924587413668632507e-02,4.228538309689611197e-04,2.016609348356723785e-02,5.720123590435832739e-05,3.131750272586941719e-03
9.707559347152709961e-01,1.629471033811569214e-02,2.264202339574694633e-04,9.658850729465484619e-03,3.884551188093610108e-05,3.025111276656389236e-03
9.828183054924011230e-01,9.349701926112174988e-03,8.870600868249312043e-05,4.781870171427726746e-03,1.900318784464616328e-05,2.942526247352361679e-03
9.545323848724365234e-01,2.791223488748073578e-02,1.885789824882522225e-04,1.357142161577939987e-02,2.883516935980878770e-05,3.766685957089066505e-03
9.519172310829162598e-01,3.115965425968170166e-02,3.090589016210287809e-04,1.216194778680801392e-02,4.843664282816462219e-05,4.403574857860803604e-03
9.566242098808288574e-01,2.950816787779331207e-02,4.813498526345938444e-04,9.392807260155677795e-03,7.720058056293055415e-05,3.916269633919000626e-03
9.374510049819946289e-01,3.420770540833473206e-02,8.692502160556614399e-04,2.356348559260368347e-02,1.235053641721606255e-04,3.785067936405539513e-03
9.548035264015197754e-01,2.372305840253829956e-02,4.792432591784745455e-04,1.795375905930995941e-02,6.789554026909172535e-05,2.972590271383523941e-03
9.420562982559204102e-01,3.208532184362411499e-02,3.745631256606429815e-04,2.257684618234634399e-02,4.795358836418017745e-05,2.859087195247411728e-03
9.548501968383789062e-01,2.617638930678367615e-02,2.589136129245162010e-04,1.607819087803363800e-02,3.888742503477260470e-05,2.597420010715723038e-03
9.550415277481079102e-01,3.150445595383644104e-02,2.152715896954759955e-04,1.056974846869707108e-02,3.526189902913756669e-05,2.633816096931695938e-03
9.649183154106140137e-01,2.315353229641914368e-02,1.665590534685179591e-04,9.508218616247177124e-03,2.627159119583666325e-05,2.227202523499727249e-03
9.431392550468444824e-01,3.395394980907440186e-02,1.432313292752951384e-04,2.012057043612003326e-02,1.877969407360069454e-05,2.624232089146971703e-03
9.069077372550964355e-01,2.856122516095638275e-02,1.192255440400913358e-04,6.164984405040740967e-02,1.251232333743246272e-05,2.749516861513257027e-03
8.837671279907226562e-01,2.414239943027496338e-02,1.271906221518293023e-04,8.946786075830459595e-02,1.102621081372490153e-05,2.484342316165566444e-03
8.578357696533203125e-01,2.598435059189796448e-02,1.219960759044624865e-04,1.136404424905776978e-01,9.781009794096462429e-06,2.407504245638847351e-03
8.073959350585937500e-01,3.499889001250267029e-02,1.847388048190623522e-04,1.546051055192947388e-01,1.367506592941936105e-05,2.801676513627171516e-03
8.332895040512084961e-01,5.301215499639511108e-02,1.821234764065593481e-04,1.108849868178367615e-01,1.455210895073832944e-05,2.616818062961101532e-03
8.938765525817871094e-01,5.300324037671089172e-02,1.260183198610320687e-04,5.047105625271797180e-02,1.142709334089886397e-05,2.511707833036780357e-03
9.023349881172180176e-01,6.246007233858108521e-02,1.858727919170632958e-04,3.225934132933616638e-02,1.978136606339830905e-05,2.739821793511509895e-03
9.377528429031372070e-01,4.011763259768486023e-02,2.206748613389208913e-04,1.907422021031379700e-02,2.932602183136623353e-05,2.805385505780577660e-03
9.686244130134582520e-01,1.505582313984632492e-02,1.801995822461321950e-04,1.351801864802837372e-02,2.681423029571305960e-05,2.594677265733480453e-03
9.641659259796142578e-01,1.556619908660650253e-02,1.844134967541322112e-04,1.737144589424133301e-02,2.508029319869820029e-05,2.687045605853199959e-03
9.732002019882202148e-01,1.090000011026859283e-02,1.158466766355559230e-04,1.345086190849542618e-02,1.672939106356352568e-05,2.316390164196491241e-03
9.711903333663940430e-01,1.925271563231945038e-02,1.150040625361725688e-04,6.924017798155546188e-03,2.051734736596699804e-05,2.497467212378978729e-03
9.727223515510559082e-01,2.012594975531101227e-02,6.837092951172962785e-05,4.900485742837190628e-03,1.231522583111654967e-05,2.170443069189786911e-03
9.720953106880187988e-01,2.013182453811168671e-02,5.223655170993879437e-05,5.652313586324453354e-03,8.291248377645388246e-06,2.059947000816464424e-03
9.610388278961181641e-01,2.950088866055011749e-02,8.090920164249837399e-05,6.846999283879995346e-03,1.329645692749181762e-05,2.519221045076847076e-03
9.523951411247253418e-01,3.165622800588607788e-02,1.025462697725743055e-04,1.309675630182027817e-02,1.453855020372429863e-05,2.734824083745479584e-03
9.564841389656066895e-01,2.498384378850460052e-02,1.201292252517305315e-04,1.555540505796670914e-02,1.709525531623512506e-05,2.839308930560946465e-03
9.645056128501892090e-01,1.554693188518285751e-02,7.827656372683122754e-05,1.767097413539886475e-02,1.074690862878924236e-05,2.187442965805530548e-03
9.769378900527954102e-01,1.073142513632774353e-02,8.290704863611608744e-05,1.010266970843076706e-02,1.309255276282783598e-05,2.132090041413903236e-03
9.751363992691040039e-01,1.088109426200389862e-02,7.038335024844855070e-05,1.171790156513452530e-02,1.093035916710505262e-05,2.183290431275963783e-03
9.854501485824584961e-01,4.043889697641134262e-03,2.699744254641700536e-05,8.869029581546783447e-03,3.899556759279221296e-06,1.606122241355478764e-03
9.839171171188354492e-01,7.469237782061100006e-03,4.547640128294005990e-05,6.934951990842819214e-03,6.807445970480330288e-06,1.626271056011319160e-03
9.654799103736877441e-01,1.882258243858814240e-02,1.280866854358464479e-04,1.333588920533657074e-02,1.757092468324117362e-05,2.215886022895574570e-03
9.553973078727722168e-01,2.762727439403533936e-02,1.591702311998233199e-04,1.411014329642057419e-02,2.249521457997616380e-05,2.683583647012710571e-03
9.435027837753295898e-01,3.947766125202178955e-02,1.459233753848820925e-04,1.394663378596305847e-02,2.115448660333640873e-05,2.905895002186298370e-03
9.651196599006652832e-01,1.803157292306423187e-02,1.132975594373419881e-04,1.385638490319252014e-02,1.595469984749797732e-05,2.863091183826327324e-03
9.440802335739135742e-01,1.477801427245140076e-02,1.277342671528458595e-04,3.785960003733634949e-02,1.413524842064362019e-05,3.140179440379142761e-03
9.406411051750183105e-01,8.943660184741020203e-03,8.066087320912629366e-05,4.756852984428405762e-02,7.938335329527035356e-06,2.758187474682927132e-03
8.452633023262023926e-01,1.522720046341419220e-02,1.844411890488117933e-04,1.365719437599182129e-01,1.361869180982466787e-05,2.739495364949107170e-03
9.272337555885314941e-01,1.788943819701671600e-02,1.986616989597678185e-04,5.167299136519432068e-02,1.975565282918978482e-05,2.985442522913217545e-03
8.921074867248535156e-01,2.973323501646518707e-02,2.106663014274090528e-04,7.528702169656753540e-02,1.872910615929868072e-05,2.642818493768572807e-03
8.957686424255371094e-01,5.508089810609817505e-02,2.755043678916990757e-04,4.563903808593750000e-02,2.986779327329713851e-05,3.206078428775072098e-03
9.044725894927978516e-01,6.604481488466262817e-02,3.006263286806643009e-04,2.633192017674446106e-02,3.566468149074353278e-05,2.814340637996792793e-03
9.106907844543457031e-01,5.978131294250488281e-02,1.730639778543263674e-04,2.685474790632724762e-02,1.894229535537306219e-05,2.481234958395361900e-03
9.273616075515747070e-01,4.349905252456665039e-02,9.910065273288637400e-05,2.723879367113113403e-02,9.703230716695543379e-06,1.791787683032453060e-03
8.974114060401916504e-01,6.537073105573654175e-02,1.342222531093284488e-04,3.427482396364212036e-02,1.387690736009972170e-05,2.794804284349083900e-03
9.285829067230224609e-01,5.099078640341758728e-02,1.628360332688316703e-04,1.779281534254550934e-02,1.947176497196778655e-05,2.451241249218583107e-03
8.979861140251159668e-01,8.008148521184921265e-02,1.216996315633878112e-04,1.912531815469264984e-02,1.430347765563055873e-05,2.670927206054329872e-03
9.346829056739807129e-01,5.485541373491287231e-02,2.271425473736599088e-04,7.460111286491155624e-03,3.660368383862078190e-05,2.737716538831591606e-03
9.347424507141113281e-01,4.862499609589576721e-02,2.422676625428721309e-04,1.356620341539382935e-02,3.158543768222443759e-05,2.792491577565670013e-03
9.245631694793701172e-01,6.459703296422958374e-02,3.885616606567054987e-04,7.500751409679651260e-03,6.272681639529764652e-05,2.887762617319822311e-03
9.559760689735412598e-01,3.216150775551795959e-02,1.748780050547793508e-04,9.182845242321491241e-03,2.710670742089860141e-05,2.477571833878755569e-03
9.469274878501892090e-01,4.176972061395645142e-02,2.023632550844922662e-04,8.467020466923713684e-03,3.245367042836733162e-05,2.601094543933868408e-03
9.603296518325805664e-01,2.385403029620647430e-02,6.648025737376883626e-05,1.369233243167400360e-02,7.936746442283038050e-06,2.049615606665611267e-03
9.468935728073120117e-01,2.557983063161373138e-02,9.748123557073995471e-05,2.464181184768676758e-02,1.124971640820149332e-05,2.775908214971423149e-03
9.653407931327819824e-01,7.540117483586072922e-03,3.981415284215472639e-05,2.509988658130168915e-02,4.351427833171328530e-06,1.974956830963492393e-03
9.784060716629028320e-01,6.739512551575899124e-03,3.356836168677546084e-05,1.318757422268390656e-02,4.143959358771098778e-06,1.629032078199088573e-03
9.759773015975952148e-01,5.798665340989828110e-03,3.716791252372786403e-05,1.634179987013339996e-02,4.831988007936161011e-06,1.840224955230951309e-03
9.526724815368652344e-01,8.398205041885375977e-03,4.452600842341780663e-05,3.704454004764556885e-02,4.416098818182945251e-06,1.835776027292013168e-03
9.784669876098632812e-01,5.834646988660097122e-03,3.921595998690463603e-05,1.376551296561956406e-02,4.912142230750760064e-06,1.888702856376767159e-03
9.860016107559204102e-01,4.283389542251825333e-03,2.292942917847540230e-05,7.618219591677188873e-03,3.512229795887833461e-06,2.070224843919277191e-03
9.917425513267517090e-01,3.059621900320053101e-03,2.703222708078101277e-05,3.711195429787039757e-03,4.622124833986163139e-06,1.454823417589068413e-03
9.940699338912963867e-01,3.369284793734550476e-03,2.875754762499127537e-05,1.090755918994545937e-03,7.460061169695109129e-06,1.433818717487156391e-03
9.845987558364868164e-01,9.207674302160739899e-03,1.010020423564128578e-04,4.152235109359025955e-03,1.765998604241758585e-05,1.922715222463011742e-03
9.536903500556945801e-01,2.614648267626762390e-02,1.555705675855278969e-04,1.745807193219661713e-02,2.130183565896004438e-05,2.528320997953414917e-03
9.377064108848571777e-01,3.288369253277778625e-02,1.394546561641618609e-04,2.682045288383960724e-02,1.612450796528719366e-05,2.433744724839925766e-03
9.258894920349121094e-01,3.785822913050651550e-02,2.089475019602105021e-04,3.326803073287010193e-02,2.346491055504884571e-05,2.751762047410011292e-03
9.243360161781311035e-01,4.207367077469825745e-02,1.678677945164963603e-04,3.052329830825328827e-02,1.959213841473683715e-05,2.879680832847952843e-03
8.749775886535644531e-01,5.416144430637359619e-02,3.313856723252683878e-04,6.666690111160278320e-02,2.878992563637439162e-05,3.833820344880223274e-03
9.230282306671142578e-01,4.449760913848876953e-02,3.217154589947313070e-04,2.835662662982940674e-02,3.560980621841736138e-05,3.760144347324967384e-03
9.480550289154052734e-01,1.178819593042135239e-02,1.127775249187834561e-04,3.713649511337280273e-02,1.123105721489991993e-05,2.896317979320883751e-03
9.269659519195556641e-01,1.276792399585247040e-02,7.547470886493101716e-05,5.767595767974853516e-02,6.690499503747560084e-06,2.507959259673953056e-03
8.799954652786254883e-01,1.928920485079288483e-02,1.240449200849980116e-04,9.773427248001098633e-02,1.022699416353134438e-05,2.846898976713418961e-03
9.228937029838562012e-01,8.150560781359672546e-03,4.387736407807096839e-05,6.688914448022842407e-02,3.764050006793695502e-06,2.018987201154232025e-03
8.700944781303405762e-01,5.516517907381057739e-03,4.424706276040524244e-05,1.226429119706153870e-01,2.914849801527452655e-06,1.698920270428061485e-03
9.349403381347656250e-01,9.412626735866069794e-03,7.893848669482395053e-05,5.325289443135261536e-02,7.772314347676001489e-06,2.307510469108819962e-03
9.295901060104370117e-01,1.460453215986490250e-02,1.400456676492467523e-04,5.289805680513381958e-02,1.442752181901596487e-05,2.752931788563728333e-03
9.181830883026123047e-01,3.619378060102462769e-02,3.011151566170156002e-04,4.177996516227722168e-02,3.442338856984861195e-05,3.507656743749976158e-03
9.479147791862487793e-01,3.591701388359069824e-02,5.075701628811657429e-04,1.171756535768508911e-02,8.529958722647279501e-05,3.857741132378578186e-03
9.727583527565002441e-01,2.018868736922740936e-02,2.653264091350138187e-04,3.876893082633614540e-03,5.859703014721162617e-05,2.852247562259435654e-03
9.583670496940612793e-01,3.589247167110443115e-02,4.265874158591032028e-04,2.007035771384835243e-03,1.045493117999285460e-04,3.202209714800119400e-03
9.700129628181457520e-01,2.443064004182815552e-02,3.392060461919754744e-04,1.780550344847142696e-03,9.301392128691077232e-05,3.343678079545497894e-03
9.670475125312805176e-01,2.336267940700054169e-02,2.641405444592237473e-04,6.086062174290418625e-03,4.772421380039304495e-05,3.192051080986857414e-03
9.363150000572204590e-01,3.281660005450248718e-02,3.124188515357673168e-04,2.685597538948059082e-02,3.748151721083559096e-05,3.662461414933204651e-03
9.395991563796997070e-01,2.292095497250556946e-02,3.403711307328194380e-04,3.325001895427703857e-02,4.324486872064881027e-05,3.846225328743457794e-03
9.652335047721862793e-01,1.474281866103410721e-02,1.708708296064287424e-04,1.678088307380676270e-02,2.521034912206232548e-05,3.046734025701880455e-03
9.652051925659179688e-01,1.868513412773609161e-02,2.718935138545930386e-04,1.198904775083065033e-02,4.700499994214624166e-05,3.801596583798527718e-03
9.567120075225830078e-01,2.048692293465137482e-02,1.987174036912620068e-04,1.922648400068283081e-02,2.782616138574667275e-05,3.348028054460883141e-03
9.480754733085632324e-01,2.478368580341339111e-02,1.331558160018175840e-04,2.335711941123008728e-02,1.693700141913723201e-05,3.633628832176327705e-03
9.344080686569213867e-01,2.390971966087818146e-02,1.304023753618821502e-04,3.863661736249923706e-02,1.485761276853736490e-05,2.900369931012392044e-03
9.601495862007141113e-01,2.060385607182979584e-02,9.462161688134074211e-05,1.642498373985290527e-02,1.297063681704457849e-05,2.714052563533186913e-03
9.540950655937194824e-01,2.512331120669841766e-02,8.370714931515976787e-05,1.841443404555320740e-02,1.090563364414265379e-05,2.272511133924126625e-03
9.688876271247863770e-01,1.873275265097618103e-02,5.563948434428311884e-05,1.023939345031976700e-02,7.844498213671613485e-06,2.076730597764253616e-03
9.546611905097961426e-01,2.792049944400787354e-02,6.769328319933265448e-05,1.503722276538610458e-02,8.801844160188920796e-06,2.304628957062959671e-03
9.218991398811340332e-01,4.126275330781936646e-02,1.466009125579148531e-04,3.408784419298171997e-02,1.687625808699522167e-05,2.586811082437634468e-03
8.728179335594177246e-01,6.908701360225677490e-02,1.902858348330482841e-04,5.440397560596466064e-02,1.996702849282883108e-05,3.480767598375678062e-03
9.358776211738586426e-01,3.328761830925941467e-02,1.660841371631249785e-04,2.772599458694458008e-02,2.005508576985448599e-05,2.922618295997381210e-03
9.475287199020385742e-01,2.648296952247619629e-02,9.282062092097476125e-05,2.338007837533950806e-02,1.155263271357398480e-05,2.503852825611829758e-03
9.562419652938842773e-01,1.539382524788379669e-02,5.986953692627139390e-05,2.616937458515167236e-02,6.731939265591790900e-06,2.128271618857979774e-03
9.630275964736938477e-01,1.245931722223758698e-02,5.527728717424906790e-05,2.223955281078815460e-02,6.836794909759191796e-06,2.211290644481778145e-03
9.436185956001281738e-01,1.522428728640079498e-02,7.972965977387502789e-05,3.888119757175445557e-02,7.616143648192519322e-06,2.188522368669509888e-03
9.472912549972534180e-01,1.454160362482070923e-02,1.000935881165787578e-04,3.549830988049507141e-02,1.134242938860552385e-05,2.557586180046200752e-03
9.730010628700256348e-01,1.002305094152688980e-02,1.534108159830793738e-04,1.411064527928829193e-02,2.121864599757827818e-05,2.690639114007353783e-03
9.558036923408508301e-01,2.656164951622486115e-02,5.086598102934658527e-04,1.347710844129323959e-02,8.239478484028950334e-05,3.566558472812175751e-03
9.438513517379760742e-01,4.167385399341583252e-02,4.773159744217991829e-04,1.042675785720348358e-02,7.993122562766075134e-05,3.490958129987120628e-03
9.380688071250915527e-01,4.385961219668388367e-02,5.482170963659882545e-04,1.356737222522497177e-02,8.813062595436349511e-05,3.867991501465439796e-03
9.494411945343017578e-01,3.650501370429992676e-02,3.204021486453711987e-04,1.055017113685607910e-02,5.195328412810340524e-05,3.131302306428551674e-03
9.655548334121704102e-01,2.597096748650074005e-02,1.097990607377141714e-04,6.430711597204208374e-03,1.737252023303881288e-05,1.916399458423256874e-03
9.748886823654174805e-01,1.291034836322069168e-02,6.071942334529012442e-05,1.034917682409286499e-02,8.996193173516076058e-06,1.782325562089681625e-03
9.862005710601806641e-01,9.188959375023841858e-03,2.858806874428410083e-05,3.328574355691671371e-03,4.956834800395881757e-06,1.248374930582940578e-03
9.757064580917358398e-01,1.782032102346420288e-02,3.591073254938237369e-05,4.831562284380197525e-03,5.573674116021720693e-06,1.600155956111848354e-03
9.764017462730407715e-01,1.465890929102897644e-02,3.993585414718836546e-05,7.107606623321771622e-03,5.528643669094890356e-06,1.786389620974659920e-03
9.694557189941406250e-01,1.475959923118352890e-02,3.816298703895881772e-05,1.402933616191148758e-02,4.549112418317236006e-06,1.712663448415696621e-03
9.605723023414611816e-01,1.869085058569908142e-02,9.057175338966771960e-05,1.856113784015178680e-02,1.044596683641429991e-05,2.074623247608542442e-03
9.287505745887756348e-01,3.350841999053955078e-02,2.398121141595765948e-04,3.466233238577842712e-02,2.522291470086202025e-05,2.813614206388592720e-03
9.391949176788330078e-01,2.874249964952468872e-02,2.654777199495583773e-04,2.877421118319034576e-02,3.612578075262717903e-05,2.986752428114414215e-03
9.679147005081176758e-01,1.832689158618450165e-02,2.706761006265878677e-04,1.072526257485151291e-02,4.722622179542668164e-05,2.715322654694318771e-03
9.484381079673767090e-01,2.208569832146167755e-02,3.105635405518114567e-04,2.586710825562477112e-02,4.395621726871468127e-05,3.254490438848733902e-03
9.557415843009948730e-01,2.624067850410938263e-02,4.053803568240255117e-04,1.374914590269327164e-02,6.768979801563546062e-05,3.795603755861520767e-03
9.466753602027893066e-01,3.260314464569091797e-02,3.086615179199725389e-04,1.645086146891117096e-02,4.987196007277816534e-05,3.912013955414295197e-03
9.133993983268737793e-01,4.106079414486885071e-02,3.235321491956710815e-04,4.005026444792747498e-02,3.990056575275957584e-05,5.126193631440401077e-03
8.892909884452819824e-01,5.115915462374687195e-02,4.462708311621099710e-04,5.380709841847419739e-02,4.775089473696425557e-05,5.248713772743940353e-03
8.122817873954772949e-01,2.560847625136375427e-02,1.927367702592164278e-04,1.580307036638259888e-01,1.388677628710865974e-05,3.872486064210534096e-03
7.796331644058227539e-01,2.620013989508152008e-02,2.803847310133278370e-04,1.894939541816711426e-01,2.022247826971579343e-05,4.372094292193651199e-03
8.293235898017883301e-01,4.013798013329505920e-02,5.803621606901288033e-04,1.256722211837768555e-01,4.745366823044605553e-05,4.238424822688102722e-03
8.802146911621093750e-01,4.108390212059020996e-02,5.343373632058501244e-04,7.374608516693115234e-02,5.102844079374335706e-05,4.370036069303750992e-03
9.238017797470092773e-01,2.934602834284305573e-02,3.953040868509560823e-04,4.261280223727226257e-02,4.321121014072559774e-05,3.800838952884078026e-03
9.472798109054565430e-01,2.163982391357421875e-02,2.363969688303768635e-04,2.755939587950706482e-02,2.936797500296961516e-05,3.255289979279041290e-03
9.388894438743591309e-01,2.307426556944847107e-02,1.426078379154205322e-04,3.470020368695259094e-02,1.665353011048864573e-05,3.176848869770765305e-03
9.288838505744934082e-01,4.116662591695785522e-02,2.730880514718592167e-04,2.615938894450664520e-02,3.405866300454363227e-05,3.482992062345147133e-03
9.514312148094177246e-01,3.418373689055442810e-02,2.192290558014065027e-04,1.079541258513927460e-02,3.431609002291224897e-05,3.336088964715600014e-03
9.497911930084228516e-01,3.076792135834693909e-02,2.058543323073536158e-04,1.597476005554199219e-02,2.875450809369795024e-05,3.231572452932596207e-03
9.013435840606689453e-01,4.773530364036560059e-02,3.338008245918899775e-04,4.707586765289306641e-02,3.468459181021898985e-05,3.476686077192425728e-03
8.914940953254699707e-01,4.999805614352226257e-02,2.294410369358956814e-04,5.434105172753334045e-02,2.398059950792230666e-05,3.913350403308868408e-03
8.746386170387268066e-01,5.454245954751968384e-02,1.891636784421280026e-04,6.702713668346405029e-02,1.816368785512167960e-05,3.584492718800902367e-03
8.790804743766784668e-01,4.761474952101707458e-02,2.177037822548300028e-04,6.927964836359024048e-02,2.047543057415168732e-05,3.786965506151318550e-03
9.268072843551635742e-01,2.512454055249691010e-02,1.317381684202700853e-04,4.526010900735855103e-02,1.425507616659160703e-05,2.662137383595108986e-03
9.344398975372314453e-01,3.747396171092987061e-02,1.565187558298930526e-04,2.516193501651287079e-02,1.831072586355730891e-05,2.749512437731027603e-03
9.629524350166320801e-01,1.980733498930931091e-02,9.795616642804816365e-05,1.448549050837755203e-02,1.389801582263316959e-05,2.642939332872629166e-03
9.712402820587158203e-01,1.923988200724124908e-02,1.341481402050703764e-04,7.268365938216447830e-03,2.199758637289050967e-05,2.095311414450407028e-03
9.521245956420898438e-01,2.936262823641300201e-02,1.842881465563550591e-04,1.559215504676103592e-02,2.542694892326835543e-05,2.710929373279213905e-03
9.547505378723144531e-01,3.159215673804283142e-02,1.304824836552143097e-04,1.063008140772581100e-02,1.818041891965549439e-05,2.878600498661398888e-03
9.536339640617370605e-01,2.803209424018859863e-02,1.128723524743691087e-04,1.521341875195503235e-02,1.580978278070688248e-05,2.991829765960574150e-03
9.427626729011535645e-01,2.878192253410816193e-02,1.054271342582069337e-04,2.478888630867004395e-02,1.302023156313225627e-05,3.548024222254753113e-03
9.141175150871276855e-01,5.190628394484519958e-02,1.280774449696764350e-04,3.011500276625156403e-02,1.414672806276939809e-05,3.718964755535125732e-03
9.144282341003417969e-01,5.246914550662040710e-02,1.426023809472098947e-04,2.886466309428215027e-02,1.653209619689732790e-05,4.078920930624008179e-03
8.501083254814147949e-01,3.803055360913276672e-02,1.259104901691898704e-04,1.085897535085678101e-01,9.918655450746882707e-06,3.135553328320384026e-03
9.303937554359436035e-01,2.245888113975524902e-02,7.216053199954330921e-05,4.479479417204856873e-02,6.718596978316782042e-06,2.273523481562733650e-03
9.452719688415527344e-01,2.385525405406951904e-02,3.567015301086939871e-05,2.885563299059867859e-02,3.500951606838498265e-06,1.977977342903614044e-03
8.628470897674560547e-01,3.655702620744705200e-02,3.741285036085173488e-05,9.779172390699386597e-02,2.767191517705214210e-06,2.763963537290692329e-03
8.601981997489929199e-01,4.757193103432655334e-02,7.433334394590929151e-05,8.843110501766204834e-02,6.124814717622939497e-06,3.718257183209061623e-03
9.025463461875915527e-01,4.432233795523643494e-02,9.072408283827826381e-05,4.961392283439636230e-02,8.486925253237131983e-06,3.418103326112031937e-03
9.274655580520629883e-01,4.527175426483154297e-02,1.247417676495388150e-04,2.340115234255790710e-02,1.553350739413872361e-05,3.721353597939014435e-03
9.588575959205627441e-01,3.176715970039367676e-02,2.383171959081664681e-04,5.841521080583333969e-03,4.398786768433637917e-05,3.251350251957774162e-03
9.726840257644653320e-01,2.091976813971996307e-02,1.088917051674798131e-04,3.671665675938129425e-03,2.225127536803483963e-05,2.593359909951686859e-03
9.785463213920593262e-01,1.374510116875171661e-02,4.310025906306691468e-05,5.706849042326211929e-03,7.086659024935215712e-06,1.951583893969655037e-03
9.463343620300292969e-01,3.538248315453529358e-02,8.713800343684852123e-05,1.562828198075294495e-02,1.050398986990330741e-05,2.557205036282539368e-03
9.365912079811096191e-01,2.316768653690814972e-02,7.442542118951678276e-05,3.770171478390693665e-02,7.511899184464709833e-06,2.457465976476669312e-03
8.996537327766418457e-01,3.973853588104248047e-02,1.734422112349420786e-04,5.754219368100166321e-02,1.649762998567894101e-05,2.875457750633358955e-03
9.247224926948547363e-01,3.357341513037681580e-02,2.503309515304863453e-04,3.858616203069686890e-02,2.772159677988383919e-05,2.839914057403802872e-03
8.890954256057739258e-01,3.505927696824073792e-02,4.281060537323355675e-04,7.134839147329330444e-02,4.336614074418321252e-05,4.025554284453392029e-03
8.829190135002136230e-01,4.525016620755195618e-02,4.709881905000656843e-04,6.721050292253494263e-02,4.915018143947236240e-05,4.100143443793058395e-03
9.356672763824462891e-01,1.757315732538700104e-02,1.375396677758544683e-04,4.368620365858078003e-02,1.412254096067044884e-05,2.921721898019313812e-03
9.320668578147888184e-01,1.996545679867267609e-02,1.072467712219804525e-04,4.435799270868301392e-02,1.205863645736826584e-05,3.490387462079524994e-03
9.218036532402038574e-01,3.623018041253089905e-02,1.244268059963360429e-04,3.805286064743995667e-02,1.373037321172887459e-05,3.775201272219419479e-03
9.447194337844848633e-01,2.716046199202537537e-02,9.014264651341363788e-05,2.457030862569808960e-02,1.159400562755763531e-05,3.448030445724725723e-03
9.757125973701477051e-01,1.539145782589912415e-02,1.064982134266756475e-04,6.128876470029354095e-03,1.884673474705778062e-05,2.641617786139249802e-03
9.816640615463256836e-01,1.188756898045539856e-02,8.480075484840199351e-05,4.243931733071804047e-03,1.697858351690229028e-05,2.102602273225784302e-03
9.679099917411804199e-01,2.180972322821617126e-02,1.243293954757973552e-04,7.892120629549026489e-03,2.104444865835830569e-05,2.242709510028362274e-03
9.577205181121826172e-01,2.648781798779964447e-02,1.943246752489358187e-04,1.280754152685403824e-02,3.066013232455588877e-05,2.759155584499239922e-03
9.506428837776184082e-01,2.891682460904121399e-02,2.216960565419867635e-04,1.743152365088462830e-02,3.086276046815328300e-05,2.756320871412754059e-03
9.591559171676635742e-01,1.561286207288503647e-02,1.568013540236279368e-04,2.275765128433704376e-02,2.001061693590600044e-05,2.296870108693838120e-03
9.615663886070251465e-01,1.635886915028095245e-02,1.393868733430281281e-04,1.949961110949516296e-02,1.813946073525585234e-05,2.417567651718854904e-03
9.063700437545776367e-01,2.044129371643066406e-02,9.648561535868793726e-05,7.073117792606353760e-02,8.015252205950673670e-06,2.352909650653600693e-03
8.987323045730590820e-01,1.755298860371112823e-02,3.491560710244812071e-05,8.137388527393341064e-02,2.972534275613725185e-06,2.303000073879957199e-03
9.033951759338378906e-01,2.025214768946170807e-02,4.328291106503456831e-05,7.423593103885650635e-02,3.512718194542685524e-06,2.069855108857154846e-03
9.200199842453002930e-01,2.449929527938365936e-02,4.873279249295592308e-05,5.287598818540573120e-02,4.753872872242936864e-06,2.551294630393385887e-03
9.300907254219055176e-01,3.230505809187889099e-02,1.141271859523840249e-04,3.512207418680191040e-02,1.208995126944500953e-05,2.356154145672917366e-03
9.441419839859008789e-01,2.335059456527233124e-02,6.811718776589259505e-05,3.053262084722518921e-02,7.251538136188173667e-06,1.899512717500329018e-03
9.090288281440734863e-01,3.956998512148857117e-02,5.490659896167926490e-05,4.935807362198829651e-02,4.777632057084701955e-06,1.983374124392867088e-03
9.143187999725341797e-01,3.463276475667953491e-02,7.340258162003010511e-05,4.892148822546005249e-02,6.334819317999063060e-06,2.047264017164707184e-03
9.473313689231872559e-01,2.108853682875633240e-02,2.771233630483038723e-05,2.976945787668228149e-02,2.643508878463762812e-06,1.780395396053791046e-03
9.581497907638549805e-01,1.448476128280162811e-02,4.198399255983531475e-05,2.568336948752403259e-02,4.336281108408002183e-06,1.635732594877481461e-03
9.648635983467102051e-01,1.233301591128110886e-02,4.307944982429035008e-05,2.114864811301231384e-02,4.866496965405531228e-06,1.606881036423146725e-03
9.700750708580017090e-01,1.034303661435842514e-02,1.046735706040635705e-04,1.763068884611129761e-02,1.273652469535591081e-05,1.833830494433641434e-03
9.763630032539367676e-01,6.912817712873220444e-03,4.982177051715552807e-05,1.498456764966249466e-02,6.484565346909221262e-06,1.683292328380048275e-03
9.585888385772705078e-01,1.727040112018585205e-02,7.164628186728805304e-05,2.174744009971618652e-02,8.883535883796866983e-06,2.312749391421675682e-03
9.607255458831787109e-01,1.877816021442413330e-02,5.147156844031997025e-05,1.845073141157627106e-02,5.857774795003933832e-06,1.988272182643413544e-03
9.439775347709655762e-01,2.142968028783798218e-02,7.898743206169456244e-05,3.211452439427375793e-02,8.283628631033934653e-06,2.390901790931820869e-03
9.031549692153930664e-01,2.921360544860363007e-02,1.383977214572951198e-04,6.503681093454360962e-02,1.209983020089566708e-05,2.444304293021559715e-03
9.267205595970153809e-01,2.508677355945110321e-02,1.290173677261918783e-04,4.592543467879295349e-02,1.276790862902998924e-05,2.125329105183482170e-03
9.570090174674987793e-01,1.363049168139696121e-02,2.255149011034518480e-04,2.717671170830726624e-02,2.606760608614422381e-05,1.932216808199882507e-03
9.236697554588317871e-01,4.706656187772750854e-02,4.600865358952432871e-04,2.541699633002281189e-02,5.952227365924045444e-05,3.327130107209086418e-03
9.303706884384155273e-01,4.799777641892433167e-02,3.548910026438534260e-04,1.791261695325374603e-02,5.540950951399281621e-05,3.308492247015237808e-03
9.205092191696166992e-01,5.109112709760665894e-02,3.479538718238472939e-04,2.457063645124435425e-02,4.573839032673276961e-05,3.435355843976140022e-03
9.403517246246337891e-01,4.253755509853363037e-02,1.641545241000130773e-04,1.407342404127120972e-02,2.229329948022495955e-05,2.850890392437577248e-03
9.563187360763549805e-01,2.641652338206768036e-02,7.345226913457736373e-05,1.480038650333881378e-02,9.289217814512085170e-06,2.381630241870880127e-03
9.546253681182861328e-01,2.292170561850070953e-02,3.576248127501457930e-05,2.032976411283016205e-02,4.047296442877268419e-06,2.083383733406662941e-03
9.609625339508056641e-01,2.692312747240066528e-02,4.363778498372994363e-05,9.797844104468822479e-03,5.939417860645335168e-06,2.266977215185761452e-03
9.732004404067993164e-01,1.718098111450672150e-02,3.488787115202285349e-05,7.441341411322355270e-03,5.254041298030642793e-06,2.137255622074007988e-03
9.543837904930114746e-01,2.738259173929691315e-02,4.825459109270013869e-05,1.557571161538362503e-02,6.037795174052007496e-06,2.603582106530666351e-03
9.645853638648986816e-01,2.060586214065551758e-02,3.125937291770242155e-05,1.265964284539222717e-02,4.060752871737349778e-06,2.113816561177372932e-03
9.693835377693176270e-01,1.234072353690862656e-02,1.493441050115507096e-05,1.651393249630928040e-02,1.594056925569020677e-06,1.745255547575652599e-03
9.624735713005065918e-01,1.274824608117341995e-02,1.419059572072001174e-05,2.325961925089359283e-02,1.330430563939444255e-06,1.502978848293423653e-03
8.498297333717346191e-01,3.054044768214225769e-02,1.363296723866369575e-05,1.180565580725669861e-01,8.040601073844300117e-07,1.558674965053796768e-03
8.949130773544311523e-01,4.105907678604125977e-02,3.180829298798926175e-05,6.194642931222915649e-02,2.470705112500581890e-06,2.047071233391761780e-03
9.295909404754638672e-01,4.266672208905220032e-02,3.578140604076907039e-05,2.529144100844860077e-02,3.909601218765601516e-06,2.411208348348736763e-03
9.298447966575622559e-01,2.779911272227764130e-02,4.791033643414266407e-05,4.034791141748428345e-02,4.393789367895806208e-06,1.955918502062559128e-03
9.698891639709472656e-01,1.405222993344068527e-02,5.859807060915045440e-05,1.387587841600179672e-02,7.703573828621301800e-06,2.116434508934617043e-03
9.739527106285095215e-01,1.123671419918537140e-02,6.459640280809253454e-05,1.276201102882623672e-02,7.917207767604850233e-06,1.976096769794821739e-03
9.188296794891357422e-01,2.511879242956638336e-02,1.267463667318224907e-04,5.356014147400856018e-02,1.178927141154417768e-05,2.352915937080979347e-03
9.413887858390808105e-01,2.456607855856418610e-02,1.307630736846476793e-04,3.147463500499725342e-02,1.456553764001000673e-05,2.425078069791197777e-03
9.639640450477600098e-01,1.823383942246437073e-02,6.065964407753199339e-05,1.547711528837680817e-02,8.387400157516822219e-06,2.255902858451008797e-03
9.383420348167419434e-01,3.015250898897647858e-02,8.488676394335925579e-05,2.867155522108078003e-02,9.872494956653099507e-06,2.739137271419167519e-03
9.423988461494445801e-01,2.264609374105930328e-02,3.395953172002919018e-05,3.282666951417922974e-02,3.444105004746234044e-06,2.091047354042530060e-03
9.549731016159057617e-01,2.401072159409523010e-02,4.439800250111147761e-05,1.891398429870605469e-02,5.418773980636615306e-06,2.052284078672528267e-03
9.469811320304870605e-01,2.261997945606708527e-02,4.011093187727965415e-05,2.828419394791126251e-02,4.314515990699874237e-06,2.070255810394883156e-03
9.453293681144714355e-01,2.714986354112625122e-02,5.445155693450942636e-05,2.555722370743751526e-02,6.215239864104660228e-06,1.902907504700124264e-03
9.174049496650695801e-01,2.956381067633628845e-02,5.821800368721596897e-05,5.095334351062774658e-02,5.036904440203215927e-06,2.014740603044629097e-03
7.749754190444946289e-01,3.546371683478355408e-02,8.656248974148184061e-05,1.870202571153640747e-01,5.892646186111960560e-06,2.448138315230607986e-03
6.539069414138793945e-01,3.702191635966300964e-02,7.718798588030040264e-05,3.065276741981506348e-01,4.449221250979462638e-06,2.461764728650450706e-03
6.266595125198364258e-01,5.648381263017654419e-02,1.792178663890808821e-04,3.130680322647094727e-01,1.152980712504358962e-05,3.598009003326296806e-03
7.941299080848693848e-01,3.716969490051269531e-02,1.973333273781463504e-04,1.645001918077468872e-01,1.594430250406730920e-05,3.986904397606849670e-03
9.153407216072082520e-01,2.396141923964023590e-02,1.715507678454741836e-04,5.781659111380577087e-02,1.773663279891479760e-05,2.691915491595864296e-03
9.362918734550476074e-01,3.050613962113857269e-02,1.806166546884924173e-04,3.002374060451984406e-02,2.143631536455359310e-05,2.976147690787911415e-03
9.198531508445739746e-01,4.473497346043586731e-02,3.477844875305891037e-04,3.178180009126663208e-02,4.033906589029356837e-05,3.241990692913532257e-03
9.148020744323730469e-01,6.086526066064834595e-02,2.385408006375655532e-04,2.088984288275241852e-02,3.277005089330486953e-05,3.171616233885288239e-03
9.177006483078002930e-01,4.725806787610054016e-02,1.802672923076897860e-04,3.154680132865905762e-02,2.181414311053231359e-05,3.292428795248270035e-03
9.266853928565979004e-01,3.617984056472778320e-02,3.146194212604314089e-04,3.353203833103179932e-02,3.456036210991442204e-05,3.253585658967494965e-03
9.312958121299743652e-01,2.970120683312416077e-02,1.943872921401634812e-04,3.533195704221725464e-02,2.198665970354340971e-05,3.454745979979634285e-03
9.159625768661499023e-01,3.176983445882797241e-02,1.319998846156522632e-04,4.897758737206459045e-02,1.287577288167085499e-05,3.144984133541584015e-03
9.623681306838989258e-01,2.097304537892341614e-02,5.954686275799758732e-05,1.425859611481428146e-02,7.529342383350012824e-06,2.333147916942834854e-03
9.713233709335327148e-01,1.833640784025192261e-02,3.478075814200565219e-05,8.419180288910865784e-03,5.030680767958983779e-06,1.881389529444277287e-03
9.804303050041198730e-01,1.214865781366825104e-02,3.150795964756980538e-05,5.651747342199087143e-03,4.770082796312635764e-06,1.732967677526175976e-03
9.673871994018554688e-01,1.657671481370925903e-02,4.918954800814390182e-05,1.384497527033090591e-02,6.704944098601117730e-06,2.135297283530235291e-03
9.781620502471923828e-01,7.373544387519359589e-03,4.659076512325555086e-05,1.267671957612037659e-02,5.648544629366369918e-06,1.735473750159144402e-03
9.749890565872192383e-01,1.200306694954633713e-02,1.512874441687017679e-04,1.006353460252285004e-02,2.458823291817680001e-05,2.768363105133175850e-03
9.452788829803466797e-01,2.813111804425716400e-02,1.082371018128469586e-04,2.366606146097183228e-02,1.246394913323456421e-05,2.803079783916473389e-03
9.659817814826965332e-01,2.237787656486034393e-02,7.842268678359687328e-05,9.232522919774055481e-03,1.175663419417105615e-05,2.317706122994422913e-03
9.607920050621032715e-01,3.396943956613540649e-02,9.708017751108855009e-05,2.955980831757187843e-03,1.756079473125282675e-05,2.167972736060619354e-03
9.507673382759094238e-01,4.141097515821456909e-02,8.633254765300080180e-05,5.492500029504299164e-03,1.439960215066093951e-05,2.228451194241642952e-03
9.598597884178161621e-01,3.131429851055145264e-02,1.445740490453317761e-04,6.183184683322906494e-03,2.241183756268583238e-05,2.475910820066928864e-03
9.491522908210754395e-01,2.920269779860973358e-02,1.825920044211670756e-04,1.863971166312694550e-02,2.273078098369296640e-05,2.799925627186894417e-03
9.566558599472045898e-01,1.135624665766954422e-02,1.469495327910408378e-04,2.925545722246170044e-02,1.628727295610588044e-05,2.569176023826003075e-03
9.064570069313049316e-01,1.799716800451278687e-02,1.473491429351270199e-04,7.252487540245056152e-02,1.288124258280731738e-05,2.860574750229716301e-03
8.080029487609863281e-01,1.783503033220767975e-02,1.343078329227864742e-04,1.711225807666778564e-01,9.411642167833633721e-06,2.895708894357085228e-03
8.021976351737976074e-01,2.200845815241336823e-02,1.608912716619670391e-04,1.729297786951065063e-01,1.112748759624082595e-05,2.692193957045674324e-03
8.549682497978210449e-01,2.843546681106090546e-02,2.214486594311892986e-04,1.129815280437469482e-01,1.950738624145742506e-05,3.373861080035567284e-03
8.901810050010681152e-01,3.862348943948745728e-02,2.197548747062683105e-04,6.781242787837982178e-02,2.170193874917458743e-05,3.141592023894190788e-03
9.367083311080932617e-01,3.917130455374717712e-02,3.601119387894868851e-04,2.064163051545619965e-02,4.723946767626330256e-05,3.071421291679143906e-03
9.549068212509155273e-01,3.550158068537712097e-02,2.689137472771108150e-04,6.573730614036321640e-03,4.702634396380744874e-05,2.701947465538978577e-03
9.615379571914672852e-01,2.471917122602462769e-02,1.497050980105996132e-04,1.103181671351194382e-02,2.282654895680025220e-05,2.538532484322786331e-03
9.628797173500061035e-01,2.570484392344951630e-02,1.702648878563195467e-04,8.217560127377510071e-03,2.838925502146594226e-05,2.999335294589400291e-03
9.281249642372131348e-01,4.229263588786125183e-02,1.283524325117468834e-04,2.618057467043399811e-02,1.527646236354485154e-05,3.258189419284462929e-03
9.051842689514160156e-01,1.710562780499458313e-02,5.014878479414619505e-05,7.551996409893035889e-02,4.364239885035203770e-06,2.135553397238254547e-03
9.238296747207641602e-01,4.416249692440032959e-02,4.800115493708290160e-05,2.909015864133834839e-02,5.646877070830669254e-06,2.864061156287789345e-03
9.271774888038635254e-01,3.592762723565101624e-02,1.162306798505596817e-04,3.354859724640846252e-02,1.293778041144832969e-05,3.217067336663603783e-03
9.187577366828918457e-01,4.136600345373153687e-02,2.894669887609779835e-04,3.032892383635044098e-02,5.026642975280992687e-05,9.207624010741710663e-03
9.696792364120483398e-01,7.697978056967258453e-03,1.067802309989929199e-03,1.313738152384757996e-02,2.304184017702937126e-04,8.187178522348403931e-03
9.511090517044067383e-01,1.872133929282426834e-03,5.017446354031562805e-03,2.385343238711357117e-02,1.307466183789074421e-03,1.684036292135715485e-02
8.690333962440490723e-01,1.365559641271829605e-03,9.075060486793518066e-03,1.031844764947891235e-01,1.411858829669654369e-03,1.592975296080112457e-02
7.085776329040527344e-01,1.109077944420278072e-03,9.324345737695693970e-03,2.662683427333831787e-01,8.385323453694581985e-04,1.388205029070377350e-02
5.482315421104431152e-01,1.298901392146945000e-03,1.004123780876398087e-02,4.274390041828155518e-01,6.343983113765716553e-04,1.235485356301069260e-02
4.474910795688629150e-01,1.802076003514230251e-03,9.105604141950607300e-03,5.313407778739929199e-01,3.904948534909635782e-04,9.869920089840888977e-03
4.818574190139770508e-01,4.387994296848773956e-03,1.185976620763540268e-02,4.895306527614593506e-01,6.229508435353636742e-04,1.174122467637062073e-02
6.307122707366943359e-01,2.014865353703498840e-02,1.925649680197238922e-02,3.102529346942901611e-01,1.963295275345444679e-03,1.766639761626720428e-02
7.198662161827087402e-01,3.667915612459182739e-02,2.307581715285778046e-02,1.942861527204513550e-01,4.055388271808624268e-03,2.203728631138801575e-02
7.534722089767456055e-01,7.677336037158966064e-02,2.367696166038513184e-02,1.120960190892219543e-01,7.150312885642051697e-03,2.683116309344768524e-02
7.654762864112854004e-01,9.735222160816192627e-02,2.318886108696460724e-02,7.942641526460647583e-02,8.836579509079456329e-03,2.571958117187023163e-02
7.338719367980957031e-01,1.128387749195098877e-01,2.575091831386089325e-02,8.981739729642868042e-02,9.353881701827049255e-03,2.836710773408412933e-02
7.621043324470520020e-01,1.078719571232795715e-01,2.625593729317188263e-02,6.718208640813827515e-02,1.114274188876152039e-02,2.544304355978965759e-02
7.723307013511657715e-01,8.380900323390960693e-02,2.653466910123825073e-02,7.974467426538467407e-02,1.048230659216642380e-02,2.709863334894180298e-02
7.682096362113952637e-01,8.690308779478073120e-02,2.642777748405933380e-02,8.314622193574905396e-02,9.214160032570362091e-03,2.609906159341335297e-02
7.723635435104370117e-01,9.177932143211364746e-02,2.656059712171554565e-02,7.144211977720260620e-02,1.096342690289020538e-02,2.689100988209247589e-02
7.603585124015808105e-01,9.882406890392303467e-02,2.489800192415714264e-02,7.549565285444259644e-02,1.066602114588022232e-02,2.975779213011264801e-02
7.188551425933837891e-01,1.474668979644775391e-01,2.471024356782436371e-02,6.839155405759811401e-02,1.132489275187253952e-02,2.925131656229496002e-02
7.168033719062805176e-01,1.537192612886428833e-01,2.518389187753200531e-02,6.010334193706512451e-02,1.356389466673135757e-02,3.062613122165203094e-02
7.439192533493041992e-01,1.516390442848205566e-01,2.718145027756690979e-02,3.477302566170692444e-02,1.762675121426582336e-02,2.486057579517364502e-02
