8.504847288131713867e-01,3.255875315517187119e-03,1.310099032707512379e-04,5.900533404201269150e-03,8.602964953752234578e-05,1.401417702436447144e-01
8.516972661018371582e-01,4.896593280136585236e-03,3.055854467675089836e-04,8.763005957007408142e-03,1.943005772773176432e-04,1.341432780027389526e-01
8.862979412078857422e-01,1.552754896692931652e-03,1.490795111749321222e-04,8.461030200123786926e-03,1.004063815344125032e-04,1.034388840198516846e-01
7.908908724784851074e-01,9.902808815240859985e-04,9.372446947963908315e-05,5.804002285003662109e-03,5.629593215417116880e-05,2.021649330854415894e-01
8.879197835922241211e-01,1.082939561456441879e-03,1.595441135577857494e-04,8.658721111714839935e-03,8.523744327249005437e-05,1.020938009023666382e-01
8.046177029609680176e-01,1.206237124279141426e-03,1.735147088766098022e-04,5.176347680389881134e-03,1.070447833626531065e-04,1.887191981077194214e-01
8.861872553825378418e-01,2.490156562998890877e-03,5.274127470329403877e-04,4.179073497653007507e-03,3.870101063512265682e-04,1.062291711568832397e-01
9.274020791053771973e-01,4.141807556152343750e-03,7.423023344017565250e-04,3.205648390576243401e-03,6.815352244302630424e-04,6.382660567760467529e-02
8.903056979179382324e-01,8.218059316277503967e-03,1.032577012665569782e-03,1.010169275104999542e-02,7.230903138406574726e-04,8.961892873048782349e-02
7.128720879554748535e-01,4.945382941514253616e-03,2.247683441964909434e-04,6.683022715151309967e-03,1.661698042880743742e-04,2.751086652278900146e-01
7.236275076866149902e-01,9.593370370566844940e-03,1.931499573402106762e-04,1.292940508574247360e-02,8.684812200954183936e-05,2.535696923732757568e-01
6.776569485664367676e-01,1.556928455829620361e-02,2.018752129515632987e-04,2.907590754330158234e-02,6.040796506567858160e-05,2.774355411529541016e-01
7.946259379386901855e-01,2.701908349990844727e-02,4.562593239825218916e-04,1.845637522637844086e-02,1.584903948241844773e-04,1.592837721109390259e-01
8.164126873016357422e-01,5.260379239916801453e-02,1.169745461083948612e-03,1.931453682482242584e-02,3.118570020888000727e-04,1.101873591542243958e-01
7.071354985237121582e-01,1.731149703264236450e-01,3.744919085875153542e-03,2.992039360105991364e-02,8.268539677374064922e-04,8.525733649730682373e-02
7.216155529022216797e-01,4.648403823375701904e-02,1.052860636264085770e-03,2.403585053980350494e-02,3.894507244694977999e-04,2.064222991466522217e-01
6.674911379814147949e-01,6.855078041553497314e-02,1.412098645232617855e-03,4.426028952002525330e-02,3.626268007792532444e-04,2.179231643676757812e-01
5.449873208999633789e-01,1.835714727640151978e-01,3.468347946181893349e-03,1.269429475069046021e-01,5.174236721359193325e-04,1.405125409364700317e-01
4.204336404800415039e-01,3.721921145915985107e-01,5.451964214444160461e-03,1.084043234586715698e-01,7.543050451204180717e-04,9.276365488767623901e-02
2.676945328712463379e-01,5.359725952148437500e-01,4.337423946708440781e-03,1.649195253849029541e-01,3.375758533366024494e-04,2.673838846385478973e-02
1.025743111968040466e-01,8.018633127212524414e-01,4.176926799118518829e-03,8.257541060447692871e-02,2.437770745018497109e-04,8.566400036215782166e-03
1.595604866743087769e-01,7.583611607551574707e-01,2.982275560498237610e-03,6.149322167038917542e-02,2.300087653566151857e-04,1.737287081778049469e-02
2.071795314550399780e-01,6.916231513023376465e-01,2.736039459705352783e-03,7.179964333772659302e-02,2.725412778090685606e-04,2.638901397585868835e-02
6.029630899429321289e-01,1.698461920022964478e-01,6.503534968942403793e-04,3.655147552490234375e-02,1.325597404502332211e-04,1.898564547300338745e-01
6.923624873161315918e-01,8.024057745933532715e-02,6.166434613987803459e-04,2.174684591591358185e-02,1.743299944791942835e-04,2.048591375350952148e-01
5.896096825599670410e-01,2.001899778842926025e-01,1.241747057065367699e-03,4.999538883566856384e-02,2.246182557428255677e-04,1.587385684251785278e-01
6.623718142509460449e-01,1.374631077051162720e-01,2.412932924926280975e-03,3.274352476000785828e-02,5.320428754203021526e-04,1.644764989614486694e-01
5.114630460739135742e-01,3.792332112789154053e-01,5.605271086096763611e-03,2.054446563124656677e-02,1.197745557874441147e-03,8.195627480745315552e-02
3.108898997306823730e-01,5.702297687530517578e-01,1.005078852176666260e-02,6.401279568672180176e-02,1.422836212441325188e-03,4.339395090937614441e-02
4.278322160243988037e-01,4.141598641872406006e-01,7.719516288489103317e-03,7.983562350273132324e-02,9.769189637154340744e-04,6.947585940361022949e-02
6.738459467887878418e-01,1.224284619092941284e-01,4.362047184258699417e-03,1.158944964408874512e-01,7.488861447200179100e-04,8.272019028663635254e-02
5.289263725280761719e-01,1.704448312520980835e-01,3.492757212370634079e-03,2.389681190252304077e-01,4.439661570359021425e-04,5.772403255105018616e-02
7.159214019775390625e-01,8.786521852016448975e-02,1.407356467097997665e-03,1.152540072798728943e-01,2.338535850867629051e-04,7.931821793317794800e-02
8.147312998771667480e-01,2.405147813260555267e-02,8.086985908448696136e-04,4.111070185899734497e-02,2.794780884869396687e-04,1.190182790160179138e-01
5.712498426437377930e-01,1.351037435233592987e-02,1.074512620107270777e-04,1.031006406992673874e-02,6.537155422847718000e-05,4.047568738460540771e-01
5.908720493316650391e-01,4.805345553904771805e-03,1.818749660742469132e-05,3.038256661966443062e-03,1.396168408973608166e-05,4.012522995471954346e-01
5.950848460197448730e-01,6.918192957527935505e-04,6.022949492034967989e-06,7.241659914143383503e-04,7.488651590392692015e-06,4.034855961799621582e-01
7.829332351684570312e-01,2.879102248698472977e-03,9.698587746242992580e-06,1.643748721107840538e-03,6.672369181615067646e-06,2.125275880098342896e-01
5.868452787399291992e-01,3.759047389030456543e-02,9.025644976645708084e-05,1.353491097688674927e-02,3.146438757539726794e-05,3.619075417518615723e-01
7.022163271903991699e-01,1.125405281782150269e-01,1.431835349649190903e-03,5.913011729717254639e-02,3.975794243160635233e-04,1.242836192250251770e-01
7.453259825706481934e-01,8.497168868780136108e-02,2.873087534680962563e-03,6.582862138748168945e-02,9.368280880153179169e-04,1.000638455152511597e-01
8.358319401741027832e-01,2.873896621167659760e-02,1.951213460415601730e-03,8.515571802854537964e-02,4.390950489323586226e-04,4.788310080766677856e-02
9.101756811141967773e-01,7.323890924453735352e-03,7.882105419412255287e-04,3.207789361476898193e-02,4.704621096607297659e-04,4.916380718350410461e-02
8.763096332550048828e-01,1.993498206138610840e-02,1.239407924003899097e-03,4.910895228385925293e-02,4.087564302608370781e-04,5.299830809235572815e-02
7.828381657600402832e-01,5.515986308455467224e-02,2.365652238950133324e-03,6.395546346902847290e-02,6.996309966780245304e-04,9.498126804828643799e-02
7.277900576591491699e-01,9.337445348501205444e-02,2.327817725017666817e-03,5.106618255376815796e-02,4.921630606986582279e-04,1.249492540955543518e-01
7.007614970207214355e-01,6.448118388652801514e-02,8.894033380784094334e-04,2.942841872572898865e-02,2.137532865162938833e-04,2.042257040739059448e-01
6.186777949333190918e-01,1.282531321048736572e-01,2.175258006900548935e-03,5.702145025134086609e-02,5.634172703139483929e-04,1.933089345693588257e-01
6.906990408897399902e-01,1.068622991442680359e-01,1.223732833750545979e-03,4.776128754019737244e-02,3.007602063007652760e-04,1.531528830528259277e-01
6.243675351142883301e-01,7.327097654342651367e-02,6.551566766574978828e-04,3.596638888120651245e-02,1.650016929488629103e-04,2.655749320983886719e-01
7.363276481628417969e-01,8.732748031616210938e-02,6.168929976411163807e-04,3.273453563451766968e-02,1.640204864088445902e-04,1.428294330835342407e-01
7.248260378837585449e-01,3.656345233321189880e-02,3.166622191201895475e-04,3.523701801896095276e-02,7.985245611052960157e-05,2.029769271612167358e-01
8.940311074256896973e-01,1.587451808154582977e-02,2.821330272126942873e-04,1.538574323058128357e-02,9.324464917881414294e-05,7.433333247900009155e-02
7.166022658348083496e-01,3.287016227841377258e-02,2.081601269310340285e-04,3.422869369387626648e-02,7.118485518731176853e-05,2.160194665193557739e-01
4.265457689762115479e-01,7.440340239554643631e-03,3.462304084678180516e-05,8.600060828030109406e-03,2.134394708264153451e-05,5.573578476905822754e-01
5.134829878807067871e-01,5.992176011204719543e-03,6.460881559178233147e-05,5.825376138091087341e-03,6.883628520881757140e-05,4.745661318302154541e-01
4.572494029998779297e-01,7.436729967594146729e-03,8.090423943940550089e-05,4.631125368177890778e-03,1.028055849019438028e-04,5.304990410804748535e-01
5.790611505508422852e-01,7.327498402446508408e-03,1.308523351326584816e-04,3.001507837325334549e-03,1.920723007060587406e-04,4.102869331836700439e-01
8.734171390533447266e-01,1.992875710129737854e-02,1.082657952792942524e-03,1.158568728715181351e-02,6.259851506911218166e-04,9.335980564355850220e-02
8.966480493545532227e-01,1.597865670919418335e-02,5.374287720769643784e-04,1.377167180180549622e-02,2.115838869940489531e-04,7.285257428884506226e-02
9.493752717971801758e-01,3.566256724298000336e-03,2.576817933004349470e-04,8.335151709616184235e-03,1.141664688475430012e-04,3.835144266486167908e-02
9.615194201469421387e-01,4.672632087022066116e-03,3.846163453999906778e-04,1.291020866483449936e-02,1.888634287752211094e-04,2.032409235835075378e-02
9.033011198043823242e-01,2.847214415669441223e-02,1.779677462764084339e-03,1.954462938010692596e-02,2.260703826323151588e-03,4.464182257652282715e-02
8.267244100570678711e-01,5.343207344412803650e-02,3.973953891545534134e-03,2.584490366280078888e-02,7.342380471527576447e-03,8.268219232559204102e-02
6.599380970001220703e-01,1.282545179128646851e-01,4.585854243487119675e-03,3.954378142952919006e-02,7.217617239803075790e-03,1.604601144790649414e-01
4.768721759319305420e-01,5.046903714537620544e-02,7.977690547704696655e-04,9.118261747062206268e-03,2.140793949365615845e-03,4.606019556522369385e-01
5.913487076759338379e-01,1.732192747294902802e-02,2.352943847654387355e-04,1.621765643358230591e-02,1.789137750165537000e-04,3.746974766254425049e-01
3.951858282089233398e-01,1.110542658716440201e-02,8.606215124018490314e-05,1.077687740325927734e-02,4.672384602599777281e-05,5.827990770339965820e-01
5.885701775550842285e-01,2.718179719522595406e-03,2.582180604804307222e-05,5.827967543154954910e-03,1.665402851358521730e-05,4.028411805629730225e-01
6.424661874771118164e-01,2.513703191652894020e-03,7.128331344574689865e-05,6.259853485971689224e-03,4.492370499065145850e-05,3.486440181732177734e-01
5.575271248817443848e-01,2.057417994365096092e-03,7.292037480510771275e-05,4.084632731974124908e-03,5.938207686995156109e-05,4.361985027790069580e-01
8.048843145370483398e-01,1.006510807201266289e-03,3.312133412691764534e-05,3.012459725141525269e-03,2.115685856551863253e-05,1.910425424575805664e-01
8.034977316856384277e-01,4.951100330799818039e-03,1.717710401862859726e-04,6.268161348998546600e-03,1.061143047991208732e-04,1.850051432847976685e-01
7.446087598800659180e-01,1.031646691262722015e-02,2.469600003678351641e-04,6.828129291534423828e-03,1.506049884483218193e-04,2.378491014242172241e-01
8.176035284996032715e-01,7.151689380407333374e-03,1.435842132195830345e-04,3.423817921429872513e-03,9.266887354897335172e-05,1.715847849845886230e-01
8.169806599617004395e-01,1.566940918564796448e-02,6.037751445546746254e-04,5.652532912790775299e-03,4.086632980033755302e-04,1.606850028038024902e-01
6.581036448478698730e-01,1.744290813803672791e-02,3.812247305177152157e-04,1.173072308301925659e-02,3.889584331773221493e-04,3.119526505470275879e-01
8.029722571372985840e-01,9.525569155812263489e-03,5.573247326537966728e-04,1.540835760533809662e-02,4.210014594718813896e-04,1.711155772209167480e-01
7.033710479736328125e-01,4.556610807776451111e-02,1.543759251944720745e-03,6.038829311728477478e-02,7.505278335884213448e-04,1.883802711963653564e-01
4.878489673137664795e-01,1.501876860857009888e-01,4.276931285858154297e-03,1.521385461091995239e-01,1.316198264248669147e-03,2.042317390441894531e-01
7.846102714538574219e-01,8.459406346082687378e-02,1.709840493276715279e-03,3.916425630450248718e-02,3.983680799137800932e-04,8.952313661575317383e-02
7.795065045356750488e-01,2.253822237253189087e-02,3.404201706871390343e-04,1.369706913828849792e-02,1.244116137968376279e-04,1.837933510541915894e-01
6.455703973770141602e-01,9.690950624644756317e-03,9.257798228645697236e-05,4.332534503191709518e-03,5.278486787574365735e-05,3.402608335018157959e-01
7.031794786453247070e-01,4.291977733373641968e-03,3.114179708063602448e-05,2.292718505486845970e-03,2.939574005722533911e-05,2.901752591133117676e-01
6.852576136589050293e-01,2.950995462015271187e-03,2.753870103333611041e-05,3.427439834922552109e-03,1.760845589160453528e-05,3.083187341690063477e-01
8.679866790771484375e-01,5.372803658246994019e-03,8.458896627416834235e-05,6.061106920242309570e-03,3.995593215222470462e-05,1.204548403620719910e-01
9.173005223274230957e-01,4.574038088321685791e-03,1.296701229875907302e-04,7.954367436468601227e-03,4.644619548344053328e-05,6.999488919973373413e-02
7.499598264694213867e-01,1.936210086569190025e-03,3.150504562654532492e-05,2.870158525183796883e-03,2.018383383983746171e-05,2.451821714639663696e-01
7.904056906700134277e-01,2.643066924065351486e-03,2.835126360878348351e-05,2.954362658783793449e-03,1.472336043661925942e-05,2.039538025856018066e-01
7.117236256599426270e-01,2.200837945565581322e-03,1.312274162046378478e-05,3.369742538779973984e-03,6.827324341429630294e-06,2.826857864856719971e-01
8.122763037681579590e-01,2.380799502134323120e-03,1.771829920471645892e-05,4.450308158993721008e-03,8.600739420216996223e-06,1.808662712574005127e-01
9.124955534934997559e-01,2.508412580937147141e-03,3.778491372941061854e-05,4.222039133310317993e-03,1.734116631268989295e-05,8.071897178888320923e-02
7.911572456359863281e-01,4.117797652725130320e-04,7.911273314675781876e-06,2.015206729993224144e-03,5.011796019971370697e-06,2.064028233289718628e-01
7.454509735107421875e-01,4.240892012603580952e-04,1.169848383142380044e-05,2.003493485972285271e-03,9.576585398463066667e-06,2.521001994609832764e-01
8.512827157974243164e-01,1.541633973829448223e-03,8.924564463086426258e-05,1.990585820749402046e-03,7.875187293393537402e-05,1.450172215700149536e-01
7.854685783386230469e-01,1.570078777149319649e-03,9.908356150845065713e-05,1.716617611236870289e-03,1.152635304606519639e-04,2.110304385423660278e-01
9.247336983680725098e-01,8.798996917903423309e-03,1.182953128591179848e-03,7.722979877144098282e-03,6.744060083292424679e-04,5.688695237040519714e-02
9.012757539749145508e-01,1.738850586116313934e-02,1.939087989740073681e-03,9.857043623924255371e-03,1.092585036531090736e-03,6.844707578420639038e-02
9.324324727058410645e-01,7.054100278764963150e-03,4.237318644300103188e-04,5.148742347955703735e-03,2.346176770515739918e-04,5.470633879303932190e-02
8.393297195434570312e-01,4.400841891765594482e-03,8.012827311176806688e-05,3.428673837333917618e-03,6.815805681981146336e-05,1.526924073696136475e-01
6.486202478408813477e-01,3.566883970052003860e-03,3.324585486552678049e-05,3.722205525264143944e-03,2.220020542154088616e-05,3.440352380275726318e-01
7.553403973579406738e-01,1.428711111657321453e-03,2.026325819315388799e-05,1.796549186110496521e-03,1.548852196719963104e-05,2.413986027240753174e-01
6.936150193214416504e-01,2.506256103515625000e-03,2.145352664228994399e-05,1.690103206783533096e-03,1.700517532299272716e-05,3.021501004695892334e-01
6.934394836425781250e-01,3.338083857670426369e-03,9.159721957985311747e-05,2.860518172383308411e-03,6.695940101053565741e-05,3.002033829689025879e-01
7.031019330024719238e-01,2.658289857208728790e-03,8.877857180777937174e-05,2.878897124901413918e-03,9.988614328904077411e-05,2.911721169948577881e-01
7.931703925132751465e-01,1.680941553786396980e-03,9.380225674249231815e-05,3.405808471143245697e-03,8.515027730027213693e-05,2.015638351440429688e-01
9.132903814315795898e-01,1.484304317273199558e-03,2.086069143842905760e-04,9.013623930513858795e-03,1.582948316354304552e-04,7.584486156702041626e-02
8.973799347877502441e-01,3.481997409835457802e-03,3.306555154267698526e-04,2.785789221525192261e-02,1.182612395496107638e-04,7.083138078451156616e-02
8.054539561271667480e-01,7.242997176945209503e-03,3.885988262481987476e-04,2.340226434171199799e-02,1.336699206149205565e-04,1.633785814046859741e-01
7.849708199501037598e-01,5.188297946006059647e-03,2.519674890208989382e-04,2.376466430723667145e-02,9.589902037987485528e-05,1.857282519340515137e-01
7.354108691215515137e-01,5.145017988979816437e-03,3.978058230131864548e-04,1.434151735156774521e-02,3.300144162494689226e-04,2.443748414516448975e-01
8.767381906509399414e-01,2.948717679828405380e-03,4.760446026921272278e-04,6.550563033670186996e-03,6.974760326556861401e-04,1.125890389084815979e-01
9.222554564476013184e-01,2.486211014911532402e-03,3.331931366119533777e-04,2.887455513700842857e-03,4.529592406470328569e-04,7.158458232879638672e-02
9.773257970809936523e-01,1.782614621333777905e-03,5.574242095462977886e-04,1.199385151267051697e-03,1.162576489150524139e-03,1.797215081751346588e-02
9.576175212860107422e-01,1.578448340296745300e-03,1.733855751808732748e-04,1.841097720898687840e-03,1.350387465208768845e-04,3.865449130535125732e-02
8.575170040130615234e-01,2.910445909947156906e-03,1.005575177259743214e-04,2.711628330871462822e-03,1.208444082294590771e-04,1.366395652294158936e-01
6.767653226852416992e-01,3.287476720288395882e-03,8.993360097520053387e-05,1.385213155299425125e-02,4.709342101705260575e-05,3.059579730033874512e-01
4.816750586032867432e-01,2.492614276707172394e-02,4.048456321470439434e-04,7.502243667840957642e-02,1.397053274558857083e-04,4.178317189216613770e-01
4.581836163997650146e-01,6.148789077997207642e-02,1.200554310344159603e-03,1.552447825670242310e-01,2.782751398626714945e-04,3.236048519611358643e-01
7.341431975364685059e-01,3.146841749548912048e-02,4.622455162461847067e-04,3.630579635500907898e-02,1.481953659094870090e-04,1.974721997976303101e-01
8.592695593833923340e-01,2.282896824181079865e-02,7.459374610334634781e-04,2.041745185852050781e-02,2.497726818546652794e-04,9.648831188678741455e-02
9.187583327293395996e-01,1.072053145617246628e-02,5.064790602773427963e-04,8.592765778303146362e-03,2.385373954894021153e-04,6.118350103497505188e-02
8.881894946098327637e-01,1.062090788036584854e-02,5.399158690124750137e-04,5.057368893176317215e-03,4.882196080870926380e-04,9.510411322116851807e-02
8.907520771026611328e-01,4.726633429527282715e-03,7.845587679184973240e-04,5.109359044581651688e-03,8.132958901114761829e-04,9.781406819820404053e-02
8.688094615936279297e-01,1.751961186528205872e-02,2.632906427606940269e-03,1.314308680593967438e-02,2.054729033261537552e-03,9.584034234285354614e-02
7.708262801170349121e-01,5.081433430314064026e-02,5.988813936710357666e-03,2.422880381345748901e-02,4.227025434374809265e-03,1.439146846532821655e-01
7.972375750541687012e-01,7.229332625865936279e-02,2.995625603944063187e-03,1.863476447761058807e-02,1.314094639383256435e-03,1.075245812535285950e-01
7.672364115715026855e-01,2.942319214344024658e-02,1.524921739473938942e-03,1.597511209547519684e-02,9.805286535993218422e-04,1.848597824573516846e-01
7.944923639297485352e-01,3.258667141199111938e-02,1.742781372740864754e-03,3.809446468949317932e-02,6.537394365295767784e-04,1.324300616979598999e-01
8.511334657669067383e-01,5.712912417948246002e-03,1.655333180679008365e-04,2.057591639459133148e-02,5.331226202542893589e-05,1.223589777946472168e-01
8.088025450706481934e-01,1.586562721058726311e-03,5.005806815461255610e-05,1.252645906060934067e-02,2.311982098035514355e-05,1.770113110542297363e-01
7.278945446014404297e-01,2.395750256255269051e-03,6.509371451102197170e-05,1.824457198381423950e-02,3.675775224110111594e-05,2.513632774353027344e-01
6.779800653457641602e-01,1.924197655171155930e-03,3.135235965601168573e-05,8.129749447107315063e-03,2.583501918707042933e-05,3.119087517261505127e-01
6.509058475494384766e-01,1.016719848848879337e-03,1.998835796257480979e-05,5.203925073146820068e-03,2.017192855419125408e-05,3.428333699703216553e-01
8.521711230278015137e-01,1.914746244437992573e-03,6.580798071809113026e-05,7.948779501020908356e-03,4.593782796291634440e-05,1.378536522388458252e-01
8.561785817146301270e-01,9.724348201416432858e-04,4.591963079292327166e-05,3.514248877763748169e-03,3.454645047895610332e-05,1.392542719841003418e-01
8.725920915603637695e-01,9.136552689597010612e-04,4.094146424904465675e-05,2.036463236436247826e-03,3.486902642180211842e-05,1.243821084499359131e-01
8.612461090087890625e-01,2.754566958174109459e-03,1.291639928240329027e-04,3.653516061604022980e-03,8.393046300625428557e-05,1.321326941251754761e-01
8.305914998054504395e-01,9.403055533766746521e-03,5.703406641259789467e-04,7.802993524819612503e-03,2.984899620059877634e-04,1.513335108757019043e-01
8.286535143852233887e-01,2.787862718105316162e-02,5.732438876293599606e-04,1.480171270668506622e-02,2.389734145253896713e-04,1.278540343046188354e-01
6.754438877105712891e-01,2.258290350437164307e-02,3.061156312469393015e-04,2.090102061629295349e-02,7.594030466862022877e-05,2.806901335716247559e-01
6.634208559989929199e-01,1.113023608922958374e-02,1.856559392763301730e-04,1.434546057134866714e-02,7.776186976116150618e-05,3.108400106430053711e-01
8.481659293174743652e-01,3.154522040858864784e-03,5.341912401490844786e-05,7.064864970743656158e-03,2.060814949800260365e-05,1.415406316518783569e-01
8.702060580253601074e-01,1.540932455100119114e-03,4.780911694979295135e-05,6.485130637884140015e-03,2.273931204399559647e-05,1.216974034905433655e-01
8.954037427902221680e-01,3.625738201662898064e-03,1.096830892493017018e-04,1.014249958097934723e-02,4.371012619230896235e-05,9.067459404468536377e-02
9.479089975357055664e-01,3.413103520870208740e-03,2.530950587242841721e-04,7.553836796432733536e-03,1.234510709764435887e-04,4.074749350547790527e-02
7.963313460350036621e-01,9.294362738728523254e-03,2.283809735672548413e-04,1.395672373473644257e-02,1.204058353323489428e-04,1.800687760114669800e-01
5.827733874320983887e-01,1.287433598190546036e-02,2.526875177863985300e-04,1.418622676283121109e-02,1.233582879649475217e-04,3.897899389266967773e-01
7.252560853958129883e-01,6.511431653052568436e-03,2.258356835227459669e-04,1.237630285322666168e-02,1.331879175268113613e-04,2.554970979690551758e-01
4.967258572578430176e-01,7.856002077460289001e-03,1.552100147819146514e-04,1.642331108450889587e-02,8.171601803041994572e-05,4.787578582763671875e-01
6.993436813354492188e-01,5.399914085865020752e-02,1.461768872104585171e-03,6.076224893331527710e-02,4.294919199310243130e-04,1.840035915374755859e-01
5.695113539695739746e-01,1.492794752120971680e-01,4.332074429839849472e-03,1.016696691513061523e-01,8.986227912828326225e-04,1.743088662624359131e-01
4.719825387001037598e-01,3.483204543590545654e-01,6.901962216943502426e-03,6.927790492773056030e-02,1.338717294856905937e-03,1.021784767508506775e-01
6.292640566825866699e-01,2.610799372196197510e-01,1.225255709141492844e-02,3.485358506441116333e-02,3.595303278416395187e-03,5.895463004708290100e-02
7.440429925918579102e-01,9.577590972185134888e-02,4.199553281068801880e-03,4.133695363998413086e-02,2.026367001235485077e-03,1.126181706786155701e-01
6.725836992263793945e-01,1.734224520623683929e-02,4.041101492475718260e-04,2.340691350400447845e-02,1.911010476760566235e-04,2.860720157623291016e-01
7.309927344322204590e-01,5.014345981180667877e-03,8.497537783114239573e-05,1.454420946538448334e-02,6.746973667759448290e-05,2.492962479591369629e-01
6.598565578460693359e-01,1.181246433407068253e-02,8.810331928543746471e-05,2.935150824487209320e-02,2.861791472241748124e-05,2.988627851009368896e-01
7.253907322883605957e-01,3.430770011618733406e-03,1.540456469228956848e-05,7.558390963822603226e-03,7.031387667666422203e-06,2.635977566242218018e-01
8.146265745162963867e-01,5.581599194556474686e-03,5.470478936331346631e-05,8.202823810279369354e-03,1.716765473247505724e-05,1.715172231197357178e-01
8.926014900207519531e-01,1.731481589376926422e-02,2.612009993754327297e-04,9.809715673327445984e-03,6.873730308143422008e-05,7.994413375854492188e-02
9.386634230613708496e-01,8.801387622952461243e-03,2.358923957217484713e-04,3.859720658510923386e-03,9.056371345650404692e-05,4.834901914000511169e-02
9.143137335777282715e-01,2.410789951682090759e-02,1.054449588991701603e-03,5.130547098815441132e-03,4.132660105824470520e-04,5.498004704713821411e-02
8.419325351715087891e-01,5.777047201991081238e-02,2.339398488402366638e-03,1.087880879640579224e-02,9.070226806215941906e-04,8.617175370454788208e-02
8.132094144821166992e-01,3.202825039625167847e-02,1.020256080664694309e-03,3.676109481602907181e-03,7.597578223794698715e-04,1.493062674999237061e-01
7.047759890556335449e-01,8.476028218865394592e-03,3.316404472570866346e-04,2.862418303266167641e-03,2.666908258106559515e-04,2.832872867584228516e-01
5.417643189430236816e-01,5.995494313538074493e-03,1.531691668787971139e-04,2.826066454872488976e-03,1.324505865341052413e-04,4.491285681724548340e-01
4.534104168415069580e-01,3.814293537288904190e-03,7.784467743476852775e-05,3.056859597563743591e-03,5.376784247346222401e-05,5.395868420600891113e-01
4.027912914752960205e-01,7.981650996953248978e-04,3.356347224325872958e-05,2.190489554777741432e-03,3.443419700488448143e-05,5.941520333290100098e-01
4.856683313846588135e-01,6.419830606319010258e-04,1.348630939901340753e-05,3.018060233443975449e-03,1.273476027563447133e-05,5.106453895568847656e-01
5.381324291229248047e-01,6.276581552810966969e-04,2.092754402838181704e-05,2.052194904536008835e-03,2.005571695917751640e-05,4.591467678546905518e-01
4.690172672271728516e-01,1.152774319052696228e-03,2.222530747530981898e-05,1.837368123233318329e-03,2.645812492119148374e-05,5.279439687728881836e-01
6.085583567619323730e-01,1.644308096729218960e-03,1.326173969573574141e-05,2.144561847671866417e-03,1.292289289267500862e-05,3.876266181468963623e-01
5.818406343460083008e-01,1.159067614935338497e-03,8.851535312714986503e-06,1.552033587358891964e-03,8.017130312509834766e-06,4.154313206672668457e-01
3.784657120704650879e-01,9.663907694630324841e-04,1.135989532485837117e-05,2.780657261610031128e-03,9.648983905208297074e-06,6.177662014961242676e-01
4.710302650928497314e-01,2.563875634223222733e-03,2.227533695986494422e-05,1.324037276208400726e-02,9.759488420968409628e-06,5.131335258483886719e-01
6.285209655761718750e-01,3.207467088941484690e-04,7.910948625067248940e-06,3.366746241226792336e-03,4.566722964227665216e-06,3.677789568901062012e-01
8.709987998008728027e-01,1.171298674307763577e-03,3.010312138940207660e-05,1.358615607023239136e-02,1.014557528833393008e-05,1.142033636569976807e-01
8.143506646156311035e-01,9.435161482542753220e-04,2.414020491414703429e-05,5.846606567502021790e-03,1.123206402553478256e-05,1.788238137960433960e-01
9.407538771629333496e-01,8.694432908669114113e-04,3.704909977386705577e-05,4.689545836299657822e-03,1.580726711836177856e-05,5.363431945443153381e-02
9.149299860000610352e-01,2.479059388861060143e-03,1.232729555340483785e-04,6.909982301294803619e-03,4.408980021253228188e-05,7.551362365484237671e-02
9.473776817321777344e-01,4.806362558156251907e-03,5.084329168312251568e-04,8.496320806443691254e-03,2.344571985304355621e-04,3.857676684856414795e-02
8.677195906639099121e-01,1.475126575678586960e-02,6.694293697364628315e-04,8.620345965027809143e-03,2.969147462863475084e-04,1.079424396157264709e-01
8.081131577491760254e-01,3.964848443865776062e-02,2.687232801690697670e-03,1.076321024447679520e-02,1.805327599868178368e-03,1.369825750589370728e-01
7.715060114860534668e-01,5.414534360170364380e-02,2.243095776066184044e-03,2.201792038977146149e-02,1.155069097876548767e-03,1.489326059818267822e-01
5.560649633407592773e-01,5.095222219824790955e-02,6.492578540928661823e-04,2.559680119156837463e-02,3.880372678395360708e-04,3.663486838340759277e-01
6.292183399200439453e-01,4.137596487998962402e-02,1.210866146720945835e-03,2.548207901418209076e-02,7.359888986684381962e-04,3.019767105579376221e-01
3.593938946723937988e-01,3.290490712970495224e-03,6.265337287914007902e-05,6.396012380719184875e-03,4.596347207552753389e-05,6.308109760284423828e-01
4.739564061164855957e-01,1.840139855630695820e-03,2.490661063347943127e-05,4.054665565490722656e-03,1.954879007826093584e-05,5.201043486595153809e-01
7.406830787658691406e-01,1.944349147379398346e-03,1.073053936124779284e-04,9.907299652695655823e-03,8.237125439336523414e-05,2.472755610942840576e-01
6.269722580909729004e-01,2.627569483593106270e-03,6.719607335980981588e-05,5.628378596156835556e-03,5.476095248013734818e-05,3.646498322486877441e-01
6.471255421638488770e-01,4.187792073935270309e-03,2.307019603904336691e-04,9.532757103443145752e-03,2.031174517469480634e-04,3.387200534343719482e-01
7.985706925392150879e-01,9.384396485984325409e-03,1.056195702403783798e-03,1.916641741991043091e-02,5.624669138342142105e-04,1.712599098682403564e-01
7.362154126167297363e-01,7.172910030931234360e-03,5.281117046251893044e-04,1.361358724534511566e-02,2.387613640166819096e-04,2.422311902046203613e-01
9.115207791328430176e-01,9.026826359331607819e-03,1.717443228699266911e-03,1.864434219896793365e-02,5.123984883539378643e-04,5.857824906706809998e-02
9.143469929695129395e-01,1.065298356115818024e-02,1.980918925255537033e-03,1.164539996534585953e-02,7.540647056885063648e-04,6.061957404017448425e-02
6.602404713630676270e-01,3.222501650452613831e-02,1.085157389752566814e-03,1.882914267480373383e-02,5.023895646445453167e-04,2.871178984642028809e-01
6.879856586456298828e-01,4.156381264328956604e-02,7.263870211318135262e-04,2.286777831614017487e-02,3.069753001909703016e-04,2.465493083000183105e-01
6.279437541961669922e-01,2.163423597812652588e-02,2.656412252690643072e-04,1.192527543753385544e-02,1.088544231606647372e-04,3.381221592426300049e-01
5.482308268547058105e-01,1.790007576346397400e-02,8.035984501475468278e-05,1.307076495140790939e-02,4.100294972886331379e-05,4.206769168376922607e-01
7.267211675643920898e-01,7.118190638720989227e-03,4.193098720861598849e-05,1.279775239527225494e-02,1.757905374688562006e-05,2.533032894134521484e-01
7.944530844688415527e-01,5.273745395243167877e-03,1.041976865963079035e-04,9.857508353888988495e-03,6.145248335087671876e-05,1.902500092983245850e-01
7.648741602897644043e-01,8.127109147608280182e-03,1.286827027797698975e-04,1.009674742817878723e-02,7.553302566520869732e-05,2.166979014873504639e-01
8.889726996421813965e-01,4.176080226898193359e-03,1.389708777423948050e-04,9.896110743284225464e-03,7.536946213804185390e-05,9.674071520566940308e-02
7.553082108497619629e-01,4.067302681505680084e-03,1.170658797491341829e-04,5.799082107841968536e-03,8.640708983875811100e-05,2.346218973398208618e-01
7.109251022338867188e-01,5.475411657243967056e-03,1.390665711369365454e-04,5.430651828646659851e-03,8.630822412669658661e-05,2.779435217380523682e-01
8.040671944618225098e-01,2.579354448243975639e-03,7.996364001883193851e-05,2.196551300585269928e-03,5.622153912554495037e-05,1.910206228494644165e-01
8.120735287666320801e-01,1.125727430917322636e-03,1.363282808597432449e-05,6.180964410305023193e-04,1.169286952062975615e-05,1.861572563648223877e-01
6.337956786155700684e-01,2.449584717396646738e-04,3.612379487094585784e-06,2.926241140812635422e-04,3.618620212364476174e-06,3.656595051288604736e-01
7.542656064033508301e-01,2.397336502326652408e-04,2.526630623833625577e-06,3.480479645077139139e-04,2.681757223399472423e-06,2.451413720846176147e-01
7.165691256523132324e-01,2.908495371229946613e-04,3.066332737944321707e-06,5.265411455184221268e-04,2.747274720604764298e-06,2.826076447963714600e-01
6.971833705902099609e-01,1.307477476075291634e-03,1.490003887738566846e-05,9.970820974558591843e-04,1.063129730027867481e-05,3.004864752292633057e-01
7.804290056228637695e-01,3.704324830323457718e-03,5.544894520426169038e-05,7.328463252633810043e-03,2.341326762689277530e-05,2.084592729806900024e-01
7.748905420303344727e-01,7.037871051579713821e-03,6.602804205613210797e-05,9.185594506561756134e-03,2.598723222035914660e-05,2.087939381599426270e-01
8.474848866462707520e-01,1.986926421523094177e-03,9.995353138947393745e-06,4.151177126914262772e-03,5.085068096377654001e-06,1.463620364665985107e-01
7.516226768493652344e-01,1.062095398083329201e-03,4.653928044717758894e-06,3.381761489436030388e-03,3.759970013561542146e-06,2.439249604940414429e-01
8.007823824882507324e-01,1.446613692678511143e-03,9.811131349124480039e-06,3.375474596396088600e-03,8.707538654562085867e-06,1.943769603967666626e-01
6.786298751831054688e-01,4.062508698552846909e-03,8.581093425163999200e-06,2.769460435956716537e-03,6.708587989123770967e-06,3.145228624343872070e-01
7.356843352317810059e-01,2.208382077515125275e-02,7.824181375326588750e-05,9.606417268514633179e-03,4.381715916679240763e-05,2.325033545494079590e-01
6.469694972038269043e-01,1.583230681717395782e-02,2.620152554300148040e-05,6.125018931925296783e-03,1.334946591668995097e-05,3.310335278511047363e-01
5.432614684104919434e-01,1.714243926107883453e-02,2.696936280699446797e-05,8.260274305939674377e-03,1.319420334766618907e-05,4.312956631183624268e-01
6.575322151184082031e-01,5.601298529654741287e-03,1.555856033519376069e-05,7.221085485070943832e-03,6.358628525049425662e-06,3.296234607696533203e-01
7.462750077247619629e-01,1.622528769075870514e-03,1.275421163882128894e-05,5.240696948021650314e-03,7.516500772908329964e-06,2.468415498733520508e-01
8.948249220848083496e-01,2.615645062178373337e-03,4.473763328860513866e-05,8.439448662102222443e-03,1.562199213367421180e-05,9.405965358018875122e-02
7.646697163581848145e-01,2.782190917059779167e-03,3.087235381826758385e-05,8.666846901178359985e-03,1.516711472504539415e-05,2.238352894783020020e-01
8.682715892791748047e-01,1.717077801004052162e-03,2.602877430035732687e-05,3.740313230082392693e-03,1.715277539915405214e-05,1.262279003858566284e-01
9.096831679344177246e-01,2.130786189809441566e-03,2.350869544898159802e-05,4.853491671383380890e-03,1.196981702378252521e-05,8.329707384109497070e-02
8.398171663284301758e-01,1.384847448207437992e-03,1.291105945711024106e-05,2.908186055719852448e-03,9.042455531016457826e-06,1.558677703142166138e-01
8.875520825386047363e-01,7.300284923985600471e-04,5.040091309638228267e-06,1.780273159965872765e-03,3.216583991161314771e-06,1.099293306469917297e-01
8.634529709815979004e-01,7.941172225400805473e-04,1.022872856992762536e-05,2.629153197631239891e-03,7.346169240918243304e-06,1.331061869859695435e-01
8.139137625694274902e-01,2.430893015116453171e-03,3.165756788803264499e-05,4.396085627377033234e-03,2.601340020191855729e-05,1.792016178369522095e-01
8.848776221275329590e-01,1.805534958839416504e-02,4.528251010924577713e-04,1.262650731950998306e-02,2.604860637802630663e-04,8.372724801301956177e-02
8.935976624488830566e-01,2.514692023396492004e-02,8.865822455845773220e-04,1.254167314618825912e-02,5.678505403921008110e-04,6.725919246673583984e-02
7.850376963615417480e-01,4.247911274433135986e-02,1.007275539450347424e-03,1.951447874307632446e-02,7.512497832067310810e-04,1.512102931737899780e-01
6.633123159408569336e-01,4.634732846170663834e-03,6.301098619587719440e-05,3.852806054055690765e-03,9.566628432366997004e-05,3.280414044857025146e-01
7.704687714576721191e-01,1.034269575029611588e-03,1.232050544786034152e-05,2.727048471570014954e-03,1.131624321715207770e-05,2.257463335990905762e-01
6.723589301109313965e-01,2.084262378048151731e-04,1.669796915848564822e-06,1.680245739407837391e-03,1.362858824904833455e-06,3.257494568824768066e-01
8.797358870506286621e-01,1.602344855200499296e-04,1.322619823440618347e-06,1.037100795656442642e-03,9.013326689455425367e-07,1.190644726157188416e-01
8.318468332290649414e-01,2.847270225174725056e-04,2.735431507971952669e-06,1.170523348264396191e-03,1.998522748181130737e-06,1.666931957006454468e-01
7.176809310913085938e-01,5.240772734396159649e-04,7.889111657277680933e-06,1.167838228866457939e-03,7.208440365502610803e-06,2.806120216846466064e-01
7.219673395156860352e-01,1.372895319946110249e-03,1.509665617049904540e-05,1.940460642799735069e-03,1.148133924289140850e-05,2.746927440166473389e-01
6.798114776611328125e-01,3.049233695492148399e-03,3.747735900105908513e-05,2.884760033339262009e-03,3.242355887778103352e-05,3.141846656799316406e-01
7.494916915893554688e-01,1.496299915015697479e-02,2.554736565798521042e-04,2.274083904922008514e-02,1.039778435369953513e-04,2.124449908733367920e-01
9.238358736038208008e-01,3.334952984005212784e-03,1.365336793242022395e-04,1.075341086834669113e-02,3.586299135349690914e-05,6.190329790115356445e-02
8.851944208145141602e-01,4.120982717722654343e-03,1.834870199672877789e-04,2.709394134581089020e-02,4.609870666172355413e-05,8.336099237203598022e-02
8.830514550209045410e-01,4.553969949483871460e-03,5.542836152017116547e-04,3.824536502361297607e-02,2.285817463416606188e-04,7.336647063493728638e-02
7.298162579536437988e-01,3.566341940313577652e-03,3.318841481814160943e-05,1.331734377890825272e-02,2.171732739952858537e-05,2.532451748847961426e-01
6.882107853889465332e-01,1.422723871655762196e-03,1.958291977643966675e-05,3.872518427670001984e-03,2.465126090100966394e-05,3.064497113227844238e-01
7.553318142890930176e-01,3.107631811872124672e-03,1.811206129787024111e-05,1.171530340798199177e-03,2.861065331671852618e-05,2.403423041105270386e-01
8.427788019180297852e-01,5.926590529270470142e-04,6.160830707813147455e-06,4.620786348823457956e-04,6.268888228078139946e-06,1.561541855335235596e-01
8.403127789497375488e-01,7.695402600802481174e-04,1.023344339046161622e-05,7.739987340755760670e-04,1.070173129846807569e-05,1.581226885318756104e-01
8.484295010566711426e-01,1.607599668204784393e-03,5.540530037251301110e-05,1.669104676693677902e-03,4.850062396144494414e-05,1.481897830963134766e-01
8.195948004722595215e-01,3.336517838761210442e-03,7.768918294459581375e-05,4.312817938625812531e-03,6.217310874490067363e-05,1.726160645484924316e-01
8.228228092193603516e-01,2.296843333169817924e-03,1.471818686695769429e-04,5.510737188160419464e-03,1.649829355301335454e-04,1.690574288368225098e-01
8.964370489120483398e-01,8.714223280549049377e-03,3.827417094726115465e-04,1.278762146830558777e-02,1.783274201443418860e-04,8.150000125169754028e-02
8.988016247749328613e-01,4.914528224617242813e-03,2.075907541438937187e-04,5.579934455454349518e-03,1.266399340238422155e-04,9.036973118782043457e-02
9.174044728279113770e-01,5.518736783415079117e-03,1.745101471897214651e-04,2.324903151020407677e-03,1.208322719321586192e-04,7.445646077394485474e-02
8.750957846641540527e-01,1.487214304506778717e-02,1.368044031551107764e-04,3.021950600668787956e-03,6.238074274733662605e-05,1.068110466003417969e-01
6.648539304733276367e-01,3.784633055329322815e-02,1.795487332856282592e-04,1.522539649158716202e-02,7.825701322872191668e-05,2.818166613578796387e-01
6.039717793464660645e-01,7.118377834558486938e-02,3.694366605486720800e-04,3.695812448859214783e-02,1.400865439791232347e-04,2.873767912387847900e-01
5.486685633659362793e-01,3.075986728072166443e-02,1.237501710420474410e-04,3.992696851491928101e-02,4.003325375379063189e-05,3.804809153079986572e-01
6.175263524055480957e-01,8.825121447443962097e-03,9.146827505901455879e-05,3.142653033137321472e-02,3.713043770403601229e-05,3.420933485031127930e-01
7.910397648811340332e-01,3.587199142202734947e-03,4.291806544642895460e-05,1.124397572129964828e-02,1.959903420356567949e-05,1.940665543079376221e-01
8.206740021705627441e-01,7.923486991785466671e-04,2.128630512743256986e-05,5.525619722902774811e-03,1.399654502165503800e-05,1.729727238416671753e-01
9.440734386444091797e-01,5.756356404162943363e-04,2.389630935795139521e-05,4.877237603068351746e-03,8.659994819026906043e-06,5.044118687510490417e-02
8.767191767692565918e-01,4.560624656733125448e-04,8.889620403351727873e-06,3.542599966749548912e-03,5.233768206380773336e-06,1.192680522799491882e-01
8.605750203132629395e-01,3.950746904592961073e-04,1.082254311768338084e-05,1.705921371467411518e-03,8.905072718334849924e-06,1.373042762279510498e-01
8.794293403625488281e-01,2.363428473472595215e-03,2.858150764950551093e-05,3.036961890757083893e-03,1.937896558956708759e-05,1.151222884654998779e-01
7.974318265914916992e-01,6.343435496091842651e-03,2.849530392268206924e-05,5.056239198893308640e-03,1.727094968373421580e-05,1.911227107048034668e-01
8.343337178230285645e-01,6.314245052635669708e-03,1.205888474942184985e-04,8.640938438475131989e-03,6.437320553231984377e-05,1.505261957645416260e-01
7.492312788963317871e-01,1.193983666598796844e-02,2.304025110788643360e-04,1.280895806849002838e-02,1.467452384531497955e-04,2.256426513195037842e-01
5.248106718063354492e-01,5.785081069916486740e-03,9.869220957625657320e-05,8.689745329320430756e-03,9.037257404997944832e-05,4.605253934860229492e-01
6.323443651199340820e-01,4.734263289719820023e-03,1.449348346795886755e-04,9.631728753447532654e-03,1.315041008638218045e-04,3.530132174491882324e-01
6.309722065925598145e-01,7.410551887005567551e-03,1.333683030679821968e-04,9.964163415133953094e-03,8.554166561225429177e-05,3.514341711997985840e-01
6.897581219673156738e-01,1.053075771778821945e-02,4.184294666629284620e-04,1.204412057995796204e-02,5.180151201784610748e-04,2.867304086685180664e-01
7.851154804229736328e-01,2.869845926761627197e-02,1.088598975911736488e-03,2.355142496526241302e-02,9.412345825694501400e-04,1.606048196554183960e-01
8.330075144767761230e-01,2.152102440595626831e-02,1.176858088001608849e-03,1.675052940845489502e-02,1.427441835403442383e-03,1.261167228221893311e-01
9.232214689254760742e-01,1.438266225159168243e-02,1.446535461582243443e-03,5.999203305691480637e-03,2.559227636083960533e-03,5.239090695977210999e-02
8.555899858474731445e-01,9.355238638818264008e-03,3.193846496287733316e-04,9.582773782312870026e-03,1.681617432041093707e-04,1.249844878911972046e-01
6.730948686599731445e-01,8.837671950459480286e-03,1.378904271405190229e-04,1.418831944465637207e-02,6.104809290263801813e-05,3.036801517009735107e-01
7.227702736854553223e-01,1.248259283602237701e-02,2.404718834441155195e-04,3.033069148659706116e-02,8.634338155388832092e-05,2.340896427631378174e-01
4.489644467830657959e-01,2.056124061346054077e-02,4.790754464920610189e-04,4.504445940256118774e-02,2.333266893401741982e-04,4.847173690795898438e-01
5.193422436714172363e-01,2.652891539037227631e-02,5.883868434466421604e-04,4.690775275230407715e-02,2.670383546501398087e-04,4.063656926155090332e-01
6.620109081268310547e-01,2.180251665413379669e-02,1.479898346588015556e-03,4.293439164757728577e-02,1.102505833841860294e-03,2.706699073314666748e-01
8.154262900352478027e-01,9.767050854861736298e-03,1.558857271447777748e-03,1.497442740947008133e-02,1.873795292340219021e-03,1.563996672630310059e-01
8.799045681953430176e-01,4.224569071084260941e-03,2.879282110370695591e-04,7.332198321819305420e-03,2.853202458936721087e-04,1.079653948545455933e-01
9.307750463485717773e-01,9.443290764465928078e-04,8.448221342405304313e-05,2.337640617042779922e-03,1.131243261625058949e-04,6.574533879756927490e-02
9.595946073532104492e-01,1.655287924222648144e-04,1.876469650596845895e-05,8.828386780805885792e-04,1.506900207459693775e-05,3.932310640811920166e-02
9.265384674072265625e-01,2.010313473874703050e-04,5.608610536000924185e-06,1.581982127390801907e-03,3.160390406264923513e-06,7.166961580514907837e-02
9.463028907775878906e-01,2.400551020400598645e-04,4.384214207675540820e-06,1.468304544687271118e-03,2.159961240977281705e-06,5.198216065764427185e-02
8.729032278060913086e-01,2.611642703413963318e-04,3.489182290650205687e-06,1.069710939191281796e-03,2.454515652061672881e-06,1.257598102092742920e-01
7.882582545280456543e-01,4.690568894147872925e-04,4.578679181577172130e-06,2.807141514495015144e-03,3.238596264054649509e-06,2.084578126668930054e-01
6.495199203491210938e-01,6.233978201635181904e-04,1.721673470456153154e-05,1.819754252210259438e-03,2.882309127016924322e-05,3.479910492897033691e-01
7.049921154975891113e-01,2.281697699800133705e-03,7.051930879242718220e-05,5.392463877797126770e-03,8.249544771388173103e-05,2.871807217597961426e-01
5.501883029937744141e-01,1.751672476530075073e-03,2.656059405126143247e-05,4.501907154917716980e-03,3.262503742007538676e-05,4.434989392757415771e-01
5.548022985458374023e-01,1.436257385648787022e-03,4.042427826789207757e-05,2.323718043044209480e-03,8.516614616382867098e-05,4.413121044635772705e-01
5.214990377426147461e-01,1.162399188615381718e-03,3.699956869240850210e-05,3.485129913315176964e-03,4.709221320808865130e-05,4.737693667411804199e-01
3.396818339824676514e-01,2.431423927191644907e-04,6.109988134994637221e-06,1.227635424584150314e-03,1.060407339537050575e-05,6.588305830955505371e-01
8.837247490882873535e-01,5.979525740258395672e-04,7.435138104483485222e-05,4.269152879714965820e-03,6.519346788991242647e-05,1.112685948610305786e-01
8.712208271026611328e-01,3.943805058952420950e-04,2.151041189790703356e-05,1.434523961506783962e-03,2.144539757864549756e-05,1.269074231386184692e-01
8.152941465377807617e-01,4.574707127176225185e-04,2.563597263360861689e-05,1.720368047244846821e-03,2.701995254028588533e-05,1.824752986431121826e-01
7.815637588500976562e-01,1.285110716708004475e-03,2.844827577064279467e-05,2.299858024343848228e-03,3.392807047930546105e-05,2.147890031337738037e-01
5.530813932418823242e-01,7.279444951564073563e-03,1.107655843952670693e-04,5.958696361631155014e-03,1.229621848324313760e-04,4.334467053413391113e-01
5.492898225784301758e-01,9.208545088768005371e-03,1.941867376444861293e-04,8.585849776864051819e-03,2.125345490640029311e-04,4.325090348720550537e-01
3.605698645114898682e-01,5.729881580919027328e-03,1.032973814290016890e-04,7.556504569947719574e-03,8.462818368570879102e-05,6.259558200836181641e-01
5.338416695594787598e-01,8.366048336029052734e-03,2.503967843949794769e-04,1.778750307857990265e-02,1.633095671422779560e-04,4.395910799503326416e-01
6.717654466629028320e-01,2.961434889584779739e-03,1.376381696900352836e-04,8.259586058557033539e-03,7.972619641805067658e-05,3.167960643768310547e-01
6.494279503822326660e-01,6.366211920976638794e-03,8.498803799739107490e-05,1.412269845604896545e-02,3.516146534821018577e-05,3.299629688262939453e-01
5.153527259826660156e-01,1.298526581376791000e-02,2.856163773685693741e-04,2.316530980169773102e-02,2.163927711080759764e-04,4.479947686195373535e-01
4.375369250774383545e-01,8.208980783820152283e-03,1.048271224135532975e-04,2.047492936253547668e-02,1.128615913330577314e-04,5.335614681243896484e-01
2.917217612266540527e-01,4.795329179614782333e-03,4.289086791686713696e-05,6.436201743781566620e-03,6.162880890769883990e-05,6.969422101974487305e-01
3.156730532646179199e-01,1.060304883867502213e-02,6.952495459700003266e-05,6.766361184418201447e-03,9.284472616855055094e-05,6.667951345443725586e-01
4.692375659942626953e-01,1.681720092892646790e-02,2.543177106417715549e-04,1.227524690330028534e-02,2.319893828826025128e-04,5.011836290359497070e-01
7.376965880393981934e-01,9.381586685776710510e-03,1.205226799356751144e-04,6.306682247668504715e-03,9.171313286060467362e-05,2.464028596878051758e-01
8.260911107063293457e-01,5.586059764027595520e-03,1.421876659151166677e-04,5.167172290384769440e-03,9.016191324917599559e-05,1.629233807325363159e-01
9.262584447860717773e-01,4.245741758495569229e-03,3.301036776974797249e-04,5.103604868054389954e-03,1.685179886408150196e-04,6.389354169368743896e-02
9.190692901611328125e-01,3.073129802942276001e-03,1.287363702431321144e-04,3.780068131163716316e-03,6.298419611994177103e-05,7.388581335544586182e-02
9.304844141006469727e-01,6.236351095139980316e-03,2.511861966922879219e-04,3.441436681896448135e-03,1.184645007015205920e-04,5.946799367666244507e-02
7.116097211837768555e-01,6.543479114770889282e-02,1.506874919869005680e-03,1.754495687782764435e-02,6.121119949966669083e-04,2.032915204763412476e-01
5.403155088424682617e-01,4.848675802350044250e-02,6.375561351887881756e-04,1.658985391259193420e-02,2.677827142179012299e-04,3.937026262283325195e-01
4.729799926280975342e-01,5.062907468527555466e-03,5.203873661230318248e-05,6.573888473212718964e-03,2.935087104560807347e-05,5.153017640113830566e-01
5.063707828521728516e-01,4.334300756454467773e-03,1.021394782583229244e-04,3.806172870099544525e-03,1.151349133579060435e-04,4.852714240550994873e-01
5.244729518890380859e-01,2.215742366388440132e-03,6.092561670811846852e-05,3.582317382097244263e-03,6.169355037854984403e-05,4.696064293384552002e-01
7.734667658805847168e-01,3.713996382430195808e-03,1.148656665463931859e-04,5.359353963285684586e-03,1.000434422167018056e-04,2.172449678182601929e-01
7.234578728675842285e-01,6.867129355669021606e-03,2.804067335091531277e-04,1.062535215169191360e-02,2.480643452145159245e-04,2.585212290287017822e-01
6.207415461540222168e-01,4.499032162129878998e-03,8.870892634149640799e-05,5.408364813774824142e-03,7.906400423962622881e-05,3.691833019256591797e-01
7.048535943031311035e-01,5.523096304386854172e-03,6.057211066945455968e-05,5.372508428990840912e-03,4.171740147285163403e-05,2.841485142707824707e-01
8.404610157012939453e-01,3.952363505959510803e-03,7.752434612484648824e-05,2.116287359967827797e-03,5.220899765845388174e-05,1.533406078815460205e-01
8.465759754180908203e-01,4.472214728593826294e-03,7.960030052345246077e-05,2.244952367618680000e-03,4.966616324963979423e-05,1.465775668621063232e-01
8.717884421348571777e-01,2.246905583888292313e-03,7.656797242816537619e-05,1.861338270828127861e-03,4.949341018800623715e-05,1.239773929119110107e-01
8.799013495445251465e-01,1.414043828845024109e-03,1.000284537440165877e-04,2.970267320051789284e-03,6.295402999967336655e-05,1.155513748526573181e-01
8.469806313514709473e-01,5.858478834852576256e-04,2.262556517962366343e-05,1.914675580337643623e-03,1.477615933254128322e-05,1.504814922809600830e-01
9.072702527046203613e-01,7.511957082897424698e-04,2.365823638683650643e-05,1.337295514531433582e-03,1.452177639293950051e-05,9.060296416282653809e-02
9.320181608200073242e-01,1.495270407758653164e-03,4.467118924367241561e-05,1.385857816785573959e-03,2.719921758398413658e-05,6.502890586853027344e-02
9.164730310440063477e-01,2.100850688293576241e-03,4.262446236680261791e-05,9.340110118500888348e-04,2.535038765927311033e-05,8.042414486408233643e-02
6.571773886680603027e-01,2.918701153248548508e-03,4.573299156618304551e-05,1.217398443259298801e-03,3.668397403089329600e-05,3.386040031909942627e-01
4.426532685756683350e-01,1.812143623828887939e-02,1.599165407242253423e-04,4.862990230321884155e-03,1.013248111121356487e-04,5.341011285781860352e-01
3.642812371253967285e-01,1.215787418186664581e-02,1.856963062891736627e-04,6.737585179507732391e-03,1.204456566483713686e-04,6.165171861648559570e-01
6.339073181152343750e-01,2.148810029029846191e-02,1.988082949537783861e-04,9.571066126227378845e-03,7.944466779008507729e-05,3.347552418708801270e-01
7.838745713233947754e-01,6.458155065774917603e-02,1.064115902408957481e-03,3.150518983602523804e-02,3.162978391628712416e-04,1.186581924557685852e-01
9.143088459968566895e-01,2.721450291574001312e-02,7.328584906645119190e-04,1.570939458906650543e-02,2.160404255846515298e-04,4.181833192706108093e-02
9.366852045059204102e-01,1.387334987521171570e-02,3.180070489179342985e-04,1.684202812612056732e-02,1.048165504471398890e-04,3.217646107077598572e-02
9.058899283409118652e-01,1.410319283604621887e-02,4.483859811443835497e-04,3.074393793940544128e-02,1.500189246144145727e-04,4.866452887654304504e-02
9.288879632949829102e-01,1.217471668496727943e-03,2.330661664018407464e-05,4.468586761504411697e-03,1.199399230245035142e-05,6.539076566696166992e-02
9.662015438079833984e-01,3.643012023530900478e-04,6.232945452211424708e-06,1.617152709513902664e-03,3.573028152459301054e-06,3.180725127458572388e-02
9.712523818016052246e-01,4.748416831716895103e-04,8.555455679015722126e-06,2.100655809044837952e-03,3.048302460229024291e-06,2.616058476269245148e-02
9.786025881767272949e-01,1.847402454586699605e-04,5.286481609800830483e-06,5.742262583225965500e-04,2.890993300752597861e-06,2.063021622598171234e-02
9.541220664978027344e-01,6.670663133263587952e-04,3.100606772932223976e-05,1.861711381934583187e-03,1.737532147672027349e-05,4.330062121152877808e-02
8.825256824493408203e-01,1.255781389772891998e-03,9.636644972488284111e-05,1.173443044535815716e-03,7.836479926481842995e-05,1.148703247308731079e-01
7.582753300666809082e-01,4.909965209662914276e-03,2.504336298443377018e-04,5.623105913400650024e-03,1.685490133240818977e-04,2.307725846767425537e-01
5.928557515144348145e-01,1.016456075012683868e-02,2.276494051329791546e-04,1.620411872863769531e-02,1.377740700263530016e-04,3.804101943969726562e-01
5.814050436019897461e-01,8.394230157136917114e-03,2.908982860390096903e-04,1.308373082429170609e-02,1.725322654237970710e-04,3.966536223888397217e-01
7.960191965103149414e-01,4.025506787002086639e-03,7.277633267221972346e-05,1.159985736012458801e-02,3.388340701349079609e-05,1.882486641407012939e-01
6.470767855644226074e-01,1.886262325569987297e-03,2.041366678895428777e-05,8.419554680585861206e-03,1.344693100691074505e-05,3.425834774971008301e-01
8.969936370849609375e-01,2.020146697759628296e-03,3.009013562405016273e-05,3.715624101459980011e-03,1.875508678494952619e-05,9.722189605236053467e-02
9.131847023963928223e-01,3.363839583471417427e-03,5.841204620082862675e-05,3.349820850417017937e-03,3.745601134141907096e-05,8.000566810369491577e-02
8.553295135498046875e-01,7.638602051883935928e-03,1.736829872243106365e-04,8.486752398312091827e-03,8.595923281973227859e-05,1.282856315374374390e-01
7.959234118461608887e-01,4.473316669464111328e-02,1.013925764709711075e-03,3.791023045778274536e-02,2.830871089827269316e-04,1.201360374689102173e-01
6.006325483322143555e-01,9.907039999961853027e-02,7.130486774258315563e-04,1.207054108381271362e-01,1.294876710744574666e-04,1.787491589784622192e-01
3.372040390968322754e-01,5.936820432543754578e-02,2.427818108117207885e-04,1.101929545402526855e-01,5.697629603673703969e-05,4.929350614547729492e-01
4.740310013294219971e-01,3.366421163082122803e-02,1.071195511030964553e-04,5.060342699289321899e-02,3.760716208489611745e-05,4.415566027164459229e-01
4.713574945926666260e-01,1.853680796921253204e-02,9.722128015710040927e-05,5.021830275654792786e-02,2.934978692792356014e-05,4.597607851028442383e-01
2.158645838499069214e-01,6.814996246248483658e-03,5.627127393381670117e-05,1.818429864943027496e-02,2.616737583593931049e-05,7.590536475181579590e-01
2.809235453605651855e-01,4.749489016830921173e-03,4.368233931018039584e-05,2.201880328357219696e-02,2.066712113446556032e-05,6.922438144683837891e-01
3.866378962993621826e-01,5.476489197462797165e-03,6.034160105627961457e-05,3.718154877424240112e-02,2.365631189604755491e-05,5.706200599670410156e-01
6.039319038391113281e-01,1.677258312702178955e-02,2.397234347881749272e-04,5.962814018130302429e-02,9.228431008523330092e-05,3.193354010581970215e-01
8.697100281715393066e-01,2.134434320032596588e-02,7.718997076153755188e-04,3.814223036170005798e-02,2.164120523957535625e-04,6.981521844863891602e-02
9.196278452873229980e-01,5.160595290362834930e-03,1.156892176368273795e-04,1.222244091331958771e-02,2.849058364517986774e-05,6.284485757350921631e-02
9.286621809005737305e-01,7.532263174653053284e-03,4.117026110179722309e-04,1.173737458884716034e-02,1.352102844975888729e-04,5.152129009366035461e-02
7.405380606651306152e-01,1.466827560216188431e-02,3.671153972391039133e-04,3.328686580061912537e-02,1.294854737352579832e-04,2.110101580619812012e-01
7.275505065917968750e-01,7.036800961941480637e-03,1.032309737638570368e-04,1.938299089670181274e-02,5.285006409394554794e-05,2.458736002445220947e-01
8.289820551872253418e-01,5.849606823176145554e-03,7.569202716695144773e-05,2.608875744044780731e-02,2.649362977535929531e-05,1.389773637056350708e-01
7.658659815788269043e-01,2.974568866193294525e-03,1.500709186075255275e-05,1.234218571335077286e-02,6.979578756727278233e-06,2.187953740358352661e-01
7.450021505355834961e-01,7.422080379910767078e-04,7.100467428244883195e-06,8.554546162486076355e-03,3.210899194527883083e-06,2.456907480955123901e-01
8.600739836692810059e-01,1.097659813240170479e-03,5.761344255006406456e-06,3.356008557602763176e-03,3.135515044050407596e-06,1.354634314775466919e-01
7.608597874641418457e-01,4.853226710110902786e-04,3.061335291931754909e-06,2.255783183500170708e-03,2.089155032081180252e-06,2.363938987255096436e-01
4.354715645313262939e-01,3.512895782478153706e-04,2.173068651245557703e-06,1.342047238722443581e-03,1.661238798078557011e-06,5.628312230110168457e-01
3.332072794437408447e-01,5.029372405260801315e-04,3.808573637797962874e-06,1.902796560898423195e-03,3.049894075957126915e-06,6.643801331520080566e-01
4.363321065902709961e-01,2.002997207455337048e-04,1.699024437584739644e-06,1.173521508462727070e-03,1.372854057990480214e-06,5.622910261154174805e-01
3.885798156261444092e-01,2.909478789661079645e-04,3.156932507408782840e-06,1.596922753378748894e-03,2.337261093998677097e-06,6.095268130302429199e-01
7.770135402679443359e-01,1.054737600497901440e-03,1.014586177916498855e-05,2.499199705198407173e-03,5.204881290410412475e-06,2.194171696901321411e-01
7.081395387649536133e-01,3.204119275324046612e-04,2.026328957072109915e-06,1.549410284496843815e-03,1.325661060036509298e-06,2.899872660636901855e-01
5.182220935821533203e-01,2.720018092077225447e-04,8.743800208321772516e-07,1.374060870148241520e-03,7.389284633063653018e-07,4.801302850246429443e-01
2.110757827758789062e-01,2.077695389743894339e-04,4.166656424331449671e-07,7.503090891987085342e-04,3.931075696073094150e-07,7.879653573036193848e-01
4.145067930221557617e-01,7.409561076201498508e-04,1.347793386230478063e-06,2.618201076984405518e-03,1.271507358069356997e-06,5.821313858032226562e-01
5.278475880622863770e-01,1.381700276397168636e-03,7.261964583449298516e-06,9.021485224366188049e-03,4.643744432542007416e-06,4.617373049259185791e-01
5.497957468032836914e-01,4.125127568840980530e-03,1.928968958964105695e-05,2.120473794639110565e-02,9.790774129214696586e-06,4.248453676700592041e-01
7.294946908950805664e-01,3.598622512072324753e-03,4.527582859736867249e-05,2.547357045114040375e-02,1.754758523020427674e-05,2.413703203201293945e-01
7.078627347946166992e-01,8.130772970616817474e-03,1.061375805875286460e-04,1.900907047092914581e-02,4.772075772052630782e-05,2.648434937000274658e-01
6.056577563285827637e-01,1.131822448223829269e-02,6.521050090668722987e-05,1.316585205495357513e-02,3.558624302968382835e-05,3.697574436664581299e-01
5.544998645782470703e-01,9.726004675030708313e-03,8.239754970418289304e-05,7.456012535840272903e-03,4.563496986520476639e-05,4.281901717185974121e-01
7.433034777641296387e-01,2.008407562971115112e-02,1.656953972997143865e-04,8.055842481553554535e-03,9.055465488927438855e-05,2.283003926277160645e-01
6.929067969322204590e-01,7.748562842607498169e-02,8.163486490957438946e-04,3.140939027070999146e-02,2.178140421165153384e-04,1.971640139818191528e-01
6.551697254180908203e-01,1.761580258607864380e-01,1.850327476859092712e-03,4.179326444864273071e-02,4.232962673995643854e-04,1.246053129434585571e-01
7.505451440811157227e-01,5.630310252308845520e-02,1.273736357688903809e-03,1.351243443787097931e-02,5.221215542405843735e-04,1.778434514999389648e-01
5.918511152267456055e-01,4.502496123313903809e-02,1.785279717296361923e-03,7.542406208813190460e-03,1.006643869914114475e-03,3.527894914150238037e-01
4.520421922206878662e-01,1.412423048168420792e-02,6.991997943259775639e-04,5.471888463944196701e-03,6.956444121897220612e-04,5.269669294357299805e-01
5.505750775337219238e-01,2.567452611401677132e-03,1.452489232178777456e-04,5.913605447858572006e-03,1.324898621533066034e-04,4.406661391258239746e-01
4.272476732730865479e-01,4.732128698378801346e-03,8.883413102012127638e-05,1.318606175482273102e-02,6.408974149962887168e-05,5.546812415122985840e-01
4.928760528564453125e-01,1.292343484237790108e-03,1.911818617372773588e-05,7.939575240015983582e-03,1.456489189877174795e-05,4.978583753108978271e-01
2.847995758056640625e-01,2.768490521702915430e-04,1.427245706508983858e-06,2.124693477526307106e-03,1.247375621460378170e-06,7.127962112426757812e-01
5.434537529945373535e-01,2.586769987829029560e-04,1.159212956736155320e-06,2.031696029007434845e-03,7.747974564153992105e-07,4.542538523674011230e-01
8.192123174667358398e-01,1.846403174567967653e-04,1.849088675953680649e-06,1.119350898079574108e-03,1.139170876740536187e-06,1.794806718826293945e-01
8.759324550628662109e-01,5.154295358806848526e-04,6.928174116183072329e-06,1.874161418527364731e-03,4.249328412697650492e-06,1.216668337583541870e-01
8.664931058883666992e-01,1.996660605072975159e-03,6.300066161202266812e-05,7.214563433080911636e-03,5.146693729329854250e-05,1.241811737418174744e-01
6.804416179656982422e-01,6.102094892412424088e-03,1.092015736503526568e-04,3.533132374286651611e-02,6.259375368244946003e-05,2.779531478881835938e-01
3.346393406391143799e-01,1.337880548089742661e-02,1.115774794016033411e-04,2.884573861956596375e-02,7.922228542156517506e-05,6.229453086853027344e-01
4.520689547061920166e-01,3.722004219889640808e-02,3.447636263445019722e-04,7.258772104978561401e-02,2.000866807065904140e-04,4.375784695148468018e-01
3.103143274784088135e-01,2.618579380214214325e-02,3.570604894775897264e-04,6.740873306989669800e-02,1.749348739394918084e-04,5.955590605735778809e-01
6.089205741882324219e-01,4.218332096934318542e-02,6.686073029413819313e-04,6.571608781814575195e-02,2.499830734450370073e-04,2.822613120079040527e-01
8.316027522087097168e-01,1.144583523273468018e-02,3.804088046308606863e-04,3.686045110225677490e-02,1.420701155439019203e-04,1.195685565471649170e-01
7.307065129280090332e-01,1.111634355038404465e-02,3.797098179347813129e-04,1.789808645844459534e-02,1.716848346404731274e-04,2.397277057170867920e-01
6.046562790870666504e-01,9.666945785284042358e-03,1.370261888951063156e-04,2.021620050072669983e-02,7.831014227122068405e-05,3.652452826499938965e-01
2.297531813383102417e-01,2.243245951831340790e-02,1.364969357382506132e-04,2.371250092983245850e-02,6.627102266065776348e-05,7.238991260528564453e-01
3.563495576381683350e-01,1.179612204432487488e-01,9.031423251144587994e-04,1.060705631971359253e-01,2.554025850258767605e-04,4.184601604938507080e-01
5.120811462402343750e-01,3.249675780534744263e-02,1.582742406753823161e-04,3.288010135293006897e-02,5.761678767157718539e-05,4.223260879516601562e-01
6.010688543319702148e-01,5.907187238335609436e-02,3.172112337779253721e-04,4.936808347702026367e-02,8.087161404546350241e-05,2.900931835174560547e-01
6.429681777954101562e-01,2.815788611769676208e-02,8.139840065268799663e-05,2.165785059332847595e-02,3.074570850003510714e-05,3.071039319038391113e-01
4.384152889251708984e-01,1.064996793866157532e-02,1.254139806405873969e-05,1.168616861104965210e-02,6.105297416070243344e-06,5.392299294471740723e-01
2.179184705018997192e-01,1.559369731694459915e-02,1.475765475333901122e-05,8.975606411695480347e-03,6.862999271106673405e-06,7.574906349182128906e-01
8.382591605186462402e-02,6.632334552705287933e-03,3.168729563185479492e-06,2.837477484717965126e-03,1.455164920116658323e-06,9.066995978355407715e-01
1.304087042808532715e-01,1.616726745851337910e-03,1.146982640420901589e-06,1.175652141682803631e-03,9.755224255059147254e-07,8.667967915534973145e-01
2.593271136283874512e-01,5.623799283057451248e-03,9.643383236834779382e-06,5.676708184182643890e-03,5.174209945835173130e-06,7.293575406074523926e-01
3.359040617942810059e-01,1.391944359056651592e-03,5.436579613160574809e-06,3.609010251238942146e-03,3.344413016748148948e-06,6.590862870216369629e-01
7.219162583351135254e-01,4.791341780219227076e-04,2.867844159482046962e-06,3.019547089934349060e-03,2.152246679543168284e-06,2.745799422264099121e-01
8.309345841407775879e-01,1.925390242831781507e-04,2.048308715529856272e-06,1.395283616147935390e-03,1.426608605470391922e-06,1.674740463495254517e-01
7.551355957984924316e-01,9.102772455662488937e-04,5.275580406305380166e-06,4.342936445027589798e-03,3.675825610116589814e-06,2.396021932363510132e-01
7.142795920372009277e-01,2.278859028592705727e-03,1.498285382695030421e-05,9.610151872038841248e-03,5.233278443483868614e-06,2.738112211227416992e-01
7.873622775077819824e-01,2.490566298365592957e-02,7.362584437942132354e-05,3.316762670874595642e-02,1.759424594638403505e-05,1.544733047485351562e-01
7.403879165649414062e-01,4.076609015464782715e-02,2.246449002996087074e-04,4.079293087124824524e-02,4.637467645807191730e-05,1.777820885181427002e-01
9.103745222091674805e-01,7.643895689398050308e-03,1.289520005229860544e-04,1.264917384833097458e-02,2.993502312165219337e-05,6.917360424995422363e-02
7.939541935920715332e-01,3.023409750312566757e-03,3.571870183805003762e-05,7.941184565424919128e-03,1.499153222539462149e-05,1.950306296348571777e-01
8.734534978866577148e-01,4.254868836142122746e-04,9.569091162120457739e-06,2.586988499388098717e-03,4.804840955330291763e-06,1.235197409987449646e-01
8.337580561637878418e-01,1.544966944493353367e-03,1.671955396886914968e-05,8.638251572847366333e-03,7.201319476735079661e-06,1.560349166393280029e-01
5.202973484992980957e-01,1.552419736981391907e-03,5.969890025880886242e-06,1.436135638505220413e-02,2.174931523768464103e-06,4.637808501720428467e-01
5.093226432800292969e-01,4.663097206503152847e-04,5.304163437358511146e-07,2.139700343832373619e-03,4.759489229400060140e-07,4.880703687667846680e-01
4.227944314479827881e-01,3.465751651674509048e-04,1.846043460318469442e-07,2.579275052994489670e-03,1.468894197387271561e-07,5.742794275283813477e-01
3.270619809627532959e-01,2.015417994698509574e-04,1.330518415443293634e-07,1.645718468353152275e-03,1.194502630141869304e-07,6.710904836654663086e-01
2.637256085872650146e-01,2.566740731708705425e-04,1.875504977988384780e-07,1.593459746800363064e-03,2.144591917385696433e-07,7.344238162040710449e-01
1.936388313770294189e-01,4.609989118762314320e-04,7.939337365314713679e-07,2.308201743289828300e-03,5.984953190818487201e-07,8.035905957221984863e-01
4.741488099098205566e-01,6.289971643127501011e-04,3.213931222489918582e-06,3.955767955631017685e-03,2.126157596649136394e-06,5.212610960006713867e-01
6.320261955261230469e-01,1.294340589083731174e-03,4.048278060508891940e-05,9.503312408924102783e-03,2.325564128113910556e-05,3.571124970912933350e-01
7.700592279434204102e-01,7.406621589325368404e-04,2.627761386975180358e-05,5.697634071111679077e-03,1.573246481711976230e-05,2.234605103731155396e-01
6.392467021942138672e-01,1.914471795316785574e-04,1.415535462001571432e-05,3.132488112896680832e-03,1.277044339076383039e-05,3.574024438858032227e-01
8.657118678092956543e-01,8.265376091003417969e-04,4.294887912692502141e-05,8.097150363028049469e-03,2.467800732119940221e-05,1.252968609333038330e-01
8.202610611915588379e-01,4.363075422588735819e-04,1.191389856103342026e-05,3.829032182693481445e-03,5.352289008442312479e-06,1.754562407732009888e-01
7.952749133110046387e-01,3.415818559005856514e-03,4.690148853114806116e-05,1.131233386695384979e-02,1.841234188759699464e-05,1.899317055940628052e-01
6.586186289787292480e-01,8.432130329310894012e-03,5.959424379398114979e-05,1.442620530724525452e-02,2.640806633280590177e-05,3.184370398521423340e-01
7.070890665054321289e-01,8.771721273660659790e-03,4.695579991675913334e-05,1.662380620837211609e-02,1.551178138470277190e-05,2.674528658390045166e-01
7.609620094299316406e-01,6.425765343010425568e-03,4.166066355537623167e-05,1.801715791225433350e-02,1.317567512160167098e-05,2.145401984453201294e-01
6.520365476608276367e-01,3.567424369975924492e-03,1.020286435959860682e-05,8.765283040702342987e-03,4.644532509701093659e-06,3.356159627437591553e-01
6.817065477371215820e-01,3.516648896038532257e-03,1.707785304461140186e-05,7.709405850619077682e-03,9.966193829313851893e-06,3.070403039455413818e-01
3.872548043727874756e-01,3.346562385559082031e-02,1.036921821651048958e-04,2.554117888212203979e-02,5.350826540961861610e-05,5.535811781883239746e-01
5.058454871177673340e-01,1.220057811588048935e-02,4.482324220589362085e-05,1.462611090391874313e-02,2.424259946565143764e-05,4.672587513923645020e-01
6.529181003570556641e-01,8.513675071299076080e-03,8.593813981860876083e-05,2.024277858436107635e-02,3.377088432898744941e-05,3.182056546211242676e-01
9.071418046951293945e-01,6.023706402629613876e-03,1.225743762915953994e-04,1.124082412570714951e-02,3.778623431571759284e-05,7.543342560529708862e-02
9.194443821907043457e-01,7.946980185806751251e-04,2.743167351582087576e-05,2.651043236255645752e-03,1.222302034875610843e-05,7.707025855779647827e-02
6.537889838218688965e-01,2.055132994428277016e-03,2.290436350449454039e-05,9.274552576243877411e-03,9.932132343237753958e-06,3.348484933376312256e-01
6.320217847824096680e-01,2.803274430334568024e-03,2.679739009181503206e-05,1.254280749708414078e-02,1.282938137592282146e-05,3.525925278663635254e-01
3.228176832199096680e-01,1.094804960303008556e-03,1.289110605284804478e-05,7.284792140126228333e-03,7.618499694217462093e-06,6.687821745872497559e-01
5.622021555900573730e-01,1.348482910543680191e-03,9.861210855888202786e-06,2.055680379271507263e-02,4.784695647686021402e-06,4.158778786659240723e-01
6.797900199890136719e-01,7.356421556323766708e-04,5.525517281057545915e-06,5.856424104422330856e-03,3.429677462918334641e-06,3.136090338230133057e-01
7.729264497756958008e-01,2.818471984937787056e-04,1.322084585808624979e-06,2.062297891825437546e-03,9.850615469986223616e-07,2.247270792722702026e-01
5.470227003097534180e-01,1.050886057782918215e-04,3.124134764220798388e-07,7.991975871846079826e-04,3.016020286850107368e-07,4.520723521709442139e-01
4.515740275382995605e-01,1.455796154914423823e-04,3.815182481048395857e-07,1.396778621710836887e-03,3.266888484176888596e-07,5.468829274177551270e-01
5.119301080703735352e-01,2.390981419011950493e-03,9.684315045888070017e-06,4.289406165480613708e-02,3.100424464719253592e-06,4.427720606327056885e-01
3.192803561687469482e-01,5.278042517602443695e-03,2.304840745637193322e-05,6.459036469459533691e-02,5.701062491425545886e-06,6.108225584030151367e-01
4.096997976303100586e-01,2.808563970029354095e-02,5.720414628740400076e-05,7.103358954191207886e-02,1.408508069289382547e-05,4.911097288131713867e-01
5.331715941429138184e-01,2.253965660929679871e-02,5.034970672568306327e-05,4.922660067677497864e-02,1.837187119235750288e-05,3.949934244155883789e-01
5.428131222724914551e-01,2.320233732461929321e-02,2.152251545339822769e-05,1.320070866495370865e-02,9.069412953977007419e-06,4.207532405853271484e-01
6.857016682624816895e-01,3.834422677755355835e-02,5.544006126001477242e-05,1.159713324159383774e-02,1.865511876530945301e-05,2.642829418182373047e-01
7.139545679092407227e-01,5.076835397630929947e-03,1.194598371512256563e-05,2.794539788737893105e-03,5.912754659220809117e-06,2.781563401222229004e-01
7.705134749412536621e-01,4.484737757593393326e-03,6.120708803791785613e-06,3.200077917426824570e-03,3.359034963068552315e-06,2.217921316623687744e-01
8.823869228363037109e-01,3.498706966638565063e-03,8.244566743087489158e-06,3.460514126345515251e-03,3.396929514565272257e-06,1.106423214077949524e-01
8.750425577163696289e-01,1.134374644607305527e-03,1.620094963072915561e-06,2.116604475304484367e-03,9.205388096233946271e-07,1.217037737369537354e-01
8.958594202995300293e-01,3.140991553664207458e-03,5.056252120994031429e-06,4.244999494403600693e-03,2.736721398832742125e-06,9.674686193466186523e-02
8.985207080841064453e-01,5.438534077256917953e-03,1.659811823628842831e-05,4.030365496873855591e-03,9.390645573148503900e-06,9.198436141014099121e-02
8.737290501594543457e-01,1.031664200127124786e-02,4.433834692463278770e-05,9.104166179895401001e-03,1.821902878873515874e-05,1.067876294255256653e-01
9.202246665954589844e-01,7.400297094136476517e-03,9.468459757044911385e-05,1.597707532346248627e-02,2.316997961315792054e-05,5.628017336130142212e-02
9.187589287757873535e-01,3.716674866154789925e-03,1.259727578144520521e-04,1.714896410703659058e-02,2.624117041705176234e-05,6.022322922945022583e-02
9.062145352363586426e-01,7.187078008428215981e-04,2.629960727063007653e-05,6.488168612122535706e-03,9.722971299197524786e-06,8.654260635375976562e-02
7.544921040534973145e-01,3.758957027457654476e-04,1.283391793549526483e-05,6.572571117430925369e-03,6.664921329502249137e-06,2.385398745536804199e-01
4.977945089340209961e-01,3.855219983961433172e-04,3.667846613097935915e-06,2.188607351854443550e-03,3.688282276925747283e-06,4.996239244937896729e-01
2.560359239578247070e-01,2.913838834501802921e-04,6.238861374185944442e-07,3.334554494358599186e-04,9.893662991089513525e-07,7.433376312255859375e-01
4.668485224246978760e-01,7.512893644161522388e-04,3.239692659917636774e-06,5.001400131732225418e-04,4.183159944659564644e-06,5.318926572799682617e-01
6.382548809051513672e-01,1.264434773474931717e-03,6.865171144454507157e-06,1.147341099567711353e-03,7.537794772360939533e-06,3.593189418315887451e-01
8.214936852455139160e-01,8.578718989156186581e-04,8.711412192496936768e-06,1.063675852492451668e-03,8.176929441106040031e-06,1.765678822994232178e-01
8.350027799606323242e-01,2.730390115175396204e-04,7.633047971467021853e-06,1.845368416979908943e-03,5.447950115922139958e-06,1.628656983375549316e-01
7.864131927490234375e-01,3.985720395576208830e-04,7.023040325293550268e-06,4.440692719072103500e-03,4.414039267430780455e-06,2.087360620498657227e-01
4.479193091392517090e-01,3.432351513765752316e-04,4.195672318019205704e-06,4.101365804672241211e-03,2.366186890867538750e-06,5.476295351982116699e-01
5.407003760337829590e-01,7.183306152001023293e-04,5.008742846257518977e-06,1.216216105967760086e-02,2.730805590545060113e-06,4.464114606380462646e-01
5.838724374771118164e-01,5.311293061822652817e-04,3.790652726820553653e-06,8.526473306119441986e-03,1.630611563996353652e-06,4.070646166801452637e-01
6.835390925407409668e-01,4.115857009310275316e-04,3.043856850126758218e-06,3.050020197406411171e-03,2.494192131052841432e-06,3.129937052726745605e-01
8.378364443778991699e-01,6.923881010152399540e-04,3.808459496212890372e-06,2.008006442338228226e-03,1.691347961241262965e-06,1.594576239585876465e-01
8.785594701766967773e-01,1.143391011282801628e-03,6.434285751311108470e-06,1.690328470431268215e-03,3.550369001459330320e-06,1.185969337821006775e-01
7.624209523200988770e-01,2.423698781058192253e-03,1.372201222693547606e-05,1.876664580777287483e-03,8.314110345963854343e-06,2.332567423582077026e-01
6.238391399383544922e-01,2.660148777067661285e-03,2.300760934303980321e-05,2.604496898129582405e-03,1.433293891750508919e-05,3.708588480949401855e-01
5.301743149757385254e-01,2.875003032386302948e-03,2.280670742038637400e-05,5.651477724313735962e-03,1.428175346518401057e-05,4.612621366977691650e-01
5.492532253265380859e-01,1.158131984993815422e-03,1.794121817511040717e-05,3.863909514620900154e-03,1.015256839309586212e-05,4.456966817378997803e-01
8.242440819740295410e-01,2.076466567814350128e-03,3.103687413386069238e-05,3.942136187106370926e-03,1.718301973596680909e-05,1.696891486644744873e-01
6.323444247245788574e-01,1.055657048709690571e-03,1.411372159054735675e-05,4.117102362215518951e-03,8.019363122002687305e-06,3.624607324600219727e-01
5.173040628433227539e-01,1.674516126513481140e-03,1.188871283375192434e-05,9.869232773780822754e-03,6.465921160270227119e-06,4.711337983608245850e-01
5.472607016563415527e-01,1.024708966724574566e-03,1.044393502525053918e-05,7.233568001538515091e-03,7.080745035636937246e-06,4.444634914398193359e-01
4.830296635627746582e-01,8.629109943285584450e-04,9.193964615406002849e-06,9.811664931476116180e-03,6.517849669762654230e-06,5.062800049781799316e-01
4.687605500221252441e-01,5.412760074250400066e-04,2.684851551748579368e-06,2.691802103072404861e-03,2.675083123904187232e-06,5.280010104179382324e-01
6.996287703514099121e-01,1.067730132490396500e-03,8.637823157187085599e-06,3.719979431480169296e-03,5.611044798570219427e-06,2.955692708492279053e-01
8.639274835586547852e-01,1.277952454984188080e-03,1.559483825985807925e-05,2.270493656396865845e-03,8.594417522544972599e-06,1.324999183416366577e-01
9.330587983131408691e-01,2.970033325254917145e-03,3.823871520580723882e-05,2.790830330923199654e-03,1.827428241085726768e-05,6.112381815910339355e-02
9.008799195289611816e-01,9.634918533265590668e-03,8.453963528154417872e-05,1.060346513986587524e-02,2.190988379879854620e-05,7.877533137798309326e-02
8.185481429100036621e-01,5.809452012181282043e-02,7.462371140718460083e-04,4.308881983160972595e-02,1.493875315645709634e-04,7.937284559011459351e-02
5.554938316345214844e-01,2.091236561536788940e-01,1.779642654582858086e-03,4.546327888965606689e-02,5.034923087805509567e-04,1.876360774040222168e-01
3.175700902938842773e-01,1.967347413301467896e-01,9.805376175791025162e-04,7.298060506582260132e-02,3.369055630173534155e-04,4.113970994949340820e-01
3.513515591621398926e-01,5.336131900548934937e-02,4.770653322339057922e-04,6.228346750140190125e-02,2.102526486851274967e-04,5.323163270950317383e-01
3.945816457271575928e-01,8.388807997107505798e-03,4.269343480700626969e-05,1.586131006479263306e-02,2.787017729133367538e-05,5.810977220535278320e-01
5.261350274085998535e-01,2.034365897998213768e-03,1.126924325944855809e-05,7.497319951653480530e-03,7.664185432076919824e-06,4.643143117427825928e-01
8.302431106567382812e-01,1.314290100708603859e-03,1.403404712618794292e-05,1.384728495031595230e-02,6.965933152969228104e-06,1.545743793249130249e-01
7.365039587020874023e-01,1.124978880397975445e-03,6.255561856960412115e-06,5.093769636005163193e-03,3.335020892336615361e-06,2.572677135467529297e-01
7.944702506065368652e-01,2.479260321706533432e-03,1.937989145517349243e-05,1.108469255268573761e-02,9.607292668079026043e-06,1.919368505477905273e-01
5.870378613471984863e-01,2.774241147562861443e-03,1.217675708176102489e-05,5.499830935150384903e-03,9.383624274050816894e-06,4.046665430068969727e-01
5.371937155723571777e-01,6.880890112370252609e-03,8.062627784966025501e-06,8.785098791122436523e-03,4.991107289242791012e-06,4.471272528171539307e-01
4.203571379184722900e-01,1.669627241790294647e-02,1.443634027964435518e-05,1.405439525842666626e-02,7.440274657710688189e-06,5.488703250885009766e-01
4.636653959751129150e-01,3.615391673520207405e-03,8.484295904054306448e-06,5.975642707198858261e-03,5.138914275448769331e-06,5.267299413681030273e-01
5.151159763336181641e-01,8.623018860816955566e-03,3.451773955021053553e-05,1.153917517513036728e-02,1.839184369600843638e-05,4.646688997745513916e-01
4.964220821857452393e-01,4.263583105057477951e-03,3.736962025868706405e-05,1.275956351310014725e-02,1.464726483391132206e-05,4.865027368068695068e-01
6.937317252159118652e-01,1.490911934524774551e-03,3.080817623413167894e-05,1.748911477625370026e-02,1.255255756404949352e-05,2.872448563575744629e-01
5.261225104331970215e-01,1.867698389105498791e-03,4.749603976961225271e-05,3.531949594616889954e-02,1.498170968261547387e-05,4.366277456283569336e-01
4.971493482589721680e-01,9.778249077498912811e-03,1.218783363583497703e-04,5.288257822394371033e-02,4.398495730129070580e-05,4.400239884853363037e-01
7.187477350234985352e-01,1.839155890047550201e-02,2.045376604655757546e-04,5.223804712295532227e-02,5.795260949525982141e-05,2.103601545095443726e-01
6.745088696479797363e-01,1.266017369925975800e-02,9.278609650209546089e-05,1.356989238411188126e-02,4.132255344302393496e-05,2.991268634796142578e-01
5.689556598663330078e-01,5.623796489089727402e-03,4.983120015822350979e-05,3.672450082376599312e-03,3.377285975147970021e-05,4.216645061969757080e-01
4.436244964599609375e-01,2.163560828194022179e-03,6.845373718533664942e-06,3.444742178544402122e-03,5.892286026210058481e-06,5.507544279098510742e-01
4.427781403064727783e-01,6.208068225532770157e-04,1.862262251961510628e-06,2.659410238265991211e-03,1.919715487019857392e-06,5.539379119873046875e-01
4.250844717025756836e-01,1.125263422727584839e-02,2.129393033101223409e-05,2.065473608672618866e-02,1.282255379919661209e-05,5.429740548133850098e-01
3.297272026538848877e-01,1.456986740231513977e-02,2.051811316050589085e-05,1.903916336596012115e-02,7.612756689923116937e-06,6.366356015205383301e-01
4.637253582477569580e-01,2.422410808503627777e-02,5.711958510801196098e-05,2.551755681633949280e-02,1.826900370360817760e-05,4.864575862884521484e-01
3.693061172962188721e-01,2.103467285633087158e-02,6.217700138222426176e-05,1.829792931675910950e-02,2.406826752121560276e-05,5.912750363349914551e-01
3.954520821571350098e-01,2.466470701619982719e-03,2.067741843347903341e-05,3.595727030187845230e-03,1.391275145579129457e-05,5.984511375427246094e-01
5.734521150588989258e-01,8.824113756418228149e-04,1.212581082654651254e-05,2.852660138159990311e-03,8.374572644243016839e-06,4.227923154830932617e-01
5.628980994224548340e-01,3.535806899890303612e-04,5.687145403499016538e-06,1.213795738294720650e-03,5.913537734159035608e-06,4.355228841304779053e-01
6.497283577919006348e-01,5.118603003211319447e-04,6.965021384530700743e-06,1.345010707154870033e-03,6.235467026272090152e-06,3.484014570713043213e-01
8.766062259674072266e-01,3.258443903177976608e-04,8.050639735301956534e-06,1.198665355332195759e-03,5.454738584376173094e-06,1.218556985259056091e-01
8.014158606529235840e-01,9.049518848769366741e-04,1.698553569440264255e-05,3.541844431310892105e-03,1.065528977051144466e-05,1.941097229719161987e-01
8.050214052200317383e-01,2.475848887115716934e-03,5.513441647053696215e-05,1.124642323702573776e-02,3.128512616967782378e-05,1.811698526144027710e-01
8.327472805976867676e-01,1.029763836413621902e-02,1.992215402424335480e-04,1.938461884856224060e-02,7.792317774146795273e-05,1.372933834791183472e-01
7.058652043342590332e-01,5.243786424398422241e-02,4.945498076267540455e-04,6.126446276903152466e-02,1.362266775686293840e-04,1.798017770051956177e-01
8.028284907341003418e-01,4.850822687149047852e-02,1.035170396789908409e-03,4.710870236158370972e-02,2.731283020693808794e-04,1.002462804317474365e-01
7.221791744232177734e-01,6.060857698321342468e-02,4.491781874094158411e-04,3.506623953580856323e-02,1.253776572411879897e-04,1.815715134143829346e-01
5.190839767456054688e-01,3.010446764528751373e-02,1.526360865682363510e-04,2.413593977689743042e-02,6.035466503817588091e-05,4.264626801013946533e-01
5.217912197113037109e-01,3.554457100108265877e-03,2.559176027716603130e-05,3.491708077490329742e-03,2.180243609473109245e-05,4.711152613162994385e-01
4.756946265697479248e-01,7.703386712819337845e-03,3.495383498375304043e-05,3.599376184865832329e-03,2.898736602219287306e-05,5.129387378692626953e-01
3.379491865634918213e-01,1.659312471747398376e-02,3.641946750576607883e-05,7.591319736093282700e-03,1.718159728625323623e-05,6.378127932548522949e-01
4.770659804344177246e-01,4.634629935026168823e-02,2.270302647957578301e-04,1.990991458296775818e-02,9.079898154595866799e-05,4.563598930835723877e-01
5.350588560104370117e-01,4.707345739006996155e-02,3.257826610933989286e-04,3.011755459010601044e-02,1.000976044451817870e-04,3.873242437839508057e-01
7.532631158828735352e-01,6.236426532268524170e-02,6.673823809251189232e-04,4.891905933618545532e-02,1.334515254711732268e-04,1.346526741981506348e-01
8.545867204666137695e-01,3.074822574853897095e-02,3.779213584493845701e-04,3.347918391227722168e-02,8.089288894552737474e-05,8.072699606418609619e-02
9.570625424385070801e-01,3.959318622946739197e-03,8.322837675223127007e-05,1.639741100370883942e-02,1.665369381953496486e-05,2.248089760541915894e-02
8.969748020172119141e-01,6.572829559445381165e-03,1.028410042636096478e-04,6.490104645490646362e-02,1.392152171320049092e-05,3.143455460667610168e-02
7.622119784355163574e-01,5.300738383084535599e-03,5.236293145571835339e-05,6.100996211171150208e-02,1.210851951327640563e-05,1.714128404855728149e-01
4.865048825740814209e-01,3.267027204856276512e-03,1.904061355162411928e-05,2.891742624342441559e-02,7.365284091065404937e-06,4.812842309474945068e-01
4.786519408226013184e-01,6.667165434919297695e-04,3.144756647088797763e-06,6.231109611690044403e-03,1.906849433908064384e-06,5.144452452659606934e-01
3.122680187225341797e-01,2.972776419483125210e-04,1.190862008115800563e-06,1.598884584382176399e-03,1.016512896967469715e-06,6.858336329460144043e-01
3.555068075656890869e-01,7.799902232363820076e-04,1.910624405354610644e-06,1.768910326063632965e-03,1.720110503811156377e-06,6.419406533241271973e-01
3.307965397834777832e-01,1.678777276538312435e-03,5.364885964809218422e-06,3.620454343035817146e-03,4.098802492080722004e-06,6.638946533203125000e-01
4.010880291461944580e-01,9.882451035082340240e-03,3.080416718148626387e-05,2.904277294874191284e-02,1.289616466237930581e-05,5.599430799484252930e-01
2.136103808879852295e-01,7.832447066903114319e-03,2.728805520746391267e-05,1.533178426325321198e-02,1.808125307434238493e-05,7.631799578666687012e-01
3.404744565486907959e-01,3.110333904623985291e-02,2.349966962356120348e-04,3.884237632155418396e-02,1.531736779725179076e-04,5.891916155815124512e-01
3.400932848453521729e-01,9.397747926414012909e-03,7.416894368361681700e-05,1.244914159178733826e-02,7.708673365414142609e-05,6.379085183143615723e-01
4.413773119449615479e-01,9.877489879727363586e-03,7.743859896436333656e-05,9.131544269621372223e-03,7.399602327495813370e-05,5.394622087478637695e-01
4.926327466964721680e-01,1.232858514413237572e-03,8.196505405067000538e-06,1.646871096454560757e-03,1.145551686931867152e-05,5.044679045677185059e-01
6.946216225624084473e-01,1.492599607445299625e-03,4.729231477540452033e-06,1.511251321062445641e-03,4.087799879926024005e-06,3.023657500743865967e-01
8.257308006286621094e-01,3.159029874950647354e-03,1.076754051609896123e-05,4.201480653136968613e-03,5.699258963431930169e-06,1.668922603130340576e-01
7.797344923019409180e-01,5.422985181212425232e-03,4.573407932184636593e-05,1.104794908314943314e-02,2.161386328225489706e-05,2.037271857261657715e-01
7.373959422111511230e-01,5.006832536309957504e-03,7.013876893324777484e-05,2.037397958338260651e-02,2.528347431507427245e-05,2.371277809143066406e-01
8.069774508476257324e-01,6.482211407274007797e-03,2.202341129304841161e-04,4.049719497561454773e-02,6.286946154432371259e-05,1.457600444555282593e-01
8.806329965591430664e-01,3.376002423465251923e-03,1.369080273434519768e-04,2.116460911929607391e-02,3.491752431727945805e-05,9.465450793504714966e-02
9.026891589164733887e-01,6.883961614221334457e-03,2.026014844886958599e-04,1.699525862932205200e-02,3.874649701174348593e-05,7.319030910730361938e-02
8.130446672439575195e-01,2.491822466254234314e-02,4.866247181780636311e-04,1.717424206435680389e-02,1.154187120846472681e-04,1.442608237266540527e-01
7.593216896057128906e-01,3.379032388329505920e-02,1.424937072442844510e-04,1.293810177594423294e-02,4.906238973489962518e-05,1.937582492828369141e-01
4.332535862922668457e-01,9.989580512046813965e-02,1.227339234901592135e-04,5.163084343075752258e-02,2.496979323041159660e-05,4.150720834732055664e-01
2.753094732761383057e-01,3.176533058285713196e-02,3.149141775793395936e-05,1.786869019269943237e-02,1.239611447090283036e-05,6.750126481056213379e-01
3.764812648296356201e-01,6.100100930780172348e-03,9.987672456190921366e-06,8.587444201111793518e-03,7.737965461274143308e-06,6.088135242462158203e-01
3.547936379909515381e-01,4.045867826789617538e-03,1.066390905180014670e-05,7.010417524725198746e-03,7.718006600043736398e-06,6.341317296028137207e-01
5.108245015144348145e-01,1.844986341893672943e-03,1.699556014500558376e-05,4.545596893876791000e-03,1.700483517197426409e-05,4.827509224414825439e-01
5.461334586143493652e-01,5.679555470123887062e-04,1.173151667899219319e-05,4.031838849186897278e-03,1.109461027226643637e-05,4.492439925670623779e-01
4.497752487659454346e-01,5.746401147916913033e-04,6.468669653258984908e-06,1.535147661343216896e-03,7.556008768005995080e-06,5.481009483337402344e-01
7.369353175163269043e-01,2.537414897233247757e-03,1.774730480974540114e-05,6.237606517970561981e-03,1.283719393541105092e-05,2.542590498924255371e-01
7.268494963645935059e-01,1.060896669514477253e-03,1.341138795396545902e-05,4.224224016070365906e-03,7.843351340852677822e-06,2.678440809249877930e-01
7.527315020561218262e-01,1.805153675377368927e-03,8.292124221043195575e-06,4.501246847212314606e-03,4.601422460837056860e-06,2.409491986036300659e-01
7.945225238800048828e-01,8.525839075446128845e-04,3.188624077665735967e-06,1.677171560004353523e-03,1.985746166610624641e-06,2.029424160718917847e-01
8.389230370521545410e-01,2.045773202553391457e-03,1.557925133965909481e-05,5.399608518928289413e-03,8.261068614956457168e-06,1.536076515913009644e-01
9.125971794128417969e-01,1.059111789800226688e-03,5.214040356804616749e-06,1.726021757349371910e-03,3.069148533541010693e-06,8.460938185453414917e-02
8.060244321823120117e-01,2.921914681792259216e-03,2.167507409467361867e-05,4.812931641936302185e-03,1.096584492188412696e-05,1.862081587314605713e-01
8.787603974342346191e-01,9.844605810940265656e-03,7.477554754586890340e-05,1.271212194114923477e-02,2.600208063086029142e-05,9.858221560716629028e-02
7.300065755844116211e-01,7.432930171489715576e-03,6.754251080565154552e-05,9.781809523701667786e-03,3.527361695887520909e-05,2.526758909225463867e-01
7.700660824775695801e-01,5.653617437928915024e-03,4.551047823042608798e-05,1.097975764423608780e-02,1.832113412092439830e-05,2.132366448640823364e-01
5.848104953765869141e-01,6.350703537464141846e-03,4.632977652363479137e-05,7.577220909297466278e-03,2.794406645989511162e-05,4.011873006820678711e-01
4.347287416458129883e-01,6.182057317346334457e-03,3.910423401976004243e-05,1.513217948377132416e-02,1.746569432725664228e-05,5.439004898071289062e-01
5.534822344779968262e-01,3.046893980354070663e-03,3.115439903922379017e-05,1.314000319689512253e-02,1.798616540327202529e-05,4.302816987037658691e-01
7.066560387611389160e-01,3.483901266008615494e-03,5.353964297682978213e-05,1.345216017216444016e-02,2.298976869496982545e-05,2.763312757015228271e-01
7.311206459999084473e-01,2.968688262626528740e-03,1.527956628706306219e-04,1.169415842741727829e-02,8.699527097633108497e-05,2.539766728878021240e-01
8.453317284584045410e-01,3.396082669496536255e-03,2.913304488174617290e-04,7.008112967014312744e-03,1.928439742187038064e-04,1.437798589468002319e-01
9.308704733848571777e-01,6.640682462602853775e-03,6.408327026292681694e-04,7.327405270189046860e-03,3.191029536537826061e-04,5.420153215527534485e-02
9.030089974403381348e-01,4.778003320097923279e-03,4.139304219279438257e-04,5.311166867613792419e-03,2.348525304114446044e-04,8.625300973653793335e-02
8.565919995307922363e-01,9.020835161209106445e-03,2.766869438346475363e-04,1.055978983640670776e-02,1.212135612149722874e-04,1.234294921159744263e-01
8.395895361900329590e-01,1.940285414457321167e-02,3.299544041510671377e-04,2.059952728450298309e-02,9.519793820800259709e-05,1.199828907847404480e-01
7.158956527709960938e-01,1.066454499959945679e-02,7.014024595264345407e-05,1.125330571085214615e-02,2.289016993017867208e-05,2.620935440063476562e-01
7.383822202682495117e-01,6.929063796997070312e-02,3.102047194261103868e-04,4.126873239874839783e-02,6.727349682478234172e-05,1.506809741258621216e-01
5.141245126724243164e-01,2.587293982505798340e-01,1.816256321035325527e-03,8.296043425798416138e-02,3.502313047647476196e-04,1.420191228389739990e-01
4.635838866233825684e-01,1.578599512577056885e-01,8.797119953669607639e-04,1.156900152564048767e-01,1.757316058501601219e-04,2.618107199668884277e-01
5.604851841926574707e-01,8.505039662122726440e-02,7.317563868127763271e-04,1.329967379570007324e-01,1.844046782935038209e-04,2.205514758825302124e-01
4.598440229892730713e-01,1.246898900717496872e-02,1.167722002719528973e-04,4.145253077149391174e-02,8.041509863687679172e-05,4.860372841358184814e-01
3.563865721225738525e-01,3.787092864513397217e-03,1.123532638303004205e-05,1.165796071290969849e-02,8.686650289746467024e-06,6.281484961509704590e-01
8.542642742395401001e-02,9.874892421066761017e-04,1.140958829637384042e-06,1.418048515915870667e-03,9.289766467190929689e-07,9.121659398078918457e-01
1.325737535953521729e-01,7.683146744966506958e-03,8.344097295776009560e-06,8.347329683601856232e-03,3.665548092612880282e-06,8.513837456703186035e-01
1.212983727455139160e-01,1.243614219129085541e-02,8.067454473348334432e-06,6.233175750821828842e-03,3.430097194723202847e-06,8.600207567214965820e-01
3.418760001659393311e-01,8.946178853511810303e-02,1.657129905652254820e-04,2.303833700716495514e-02,5.165450056665576994e-05,5.454065799713134766e-01
5.003216862678527832e-01,8.228374272584915161e-02,3.251833550166338682e-04,1.784493401646614075e-02,1.017204485833644867e-04,3.991227746009826660e-01
5.783492922782897949e-01,2.133639901876449585e-02,9.013596718432381749e-05,9.755530394613742828e-03,4.196487498120404780e-05,3.904267251491546631e-01
4.883864521980285645e-01,1.574823111295700073e-01,3.419387212488800287e-04,4.295185580849647522e-02,8.494353096466511488e-05,3.107524812221527100e-01
2.672034800052642822e-01,1.690786778926849365e-01,1.351257815258577466e-04,1.704122871160507202e-02,4.264221206540241838e-05,5.464987754821777344e-01
5.980322360992431641e-01,6.721399724483489990e-02,9.786176815396174788e-05,1.394638791680335999e-02,2.860204585886094719e-05,3.206809163093566895e-01
6.642652153968811035e-01,5.331624299287796021e-02,1.432164717698469758e-04,1.728088781237602234e-02,3.961094989790581167e-05,2.649548053741455078e-01
8.268170356750488281e-01,3.929325565695762634e-02,3.449462819844484329e-04,2.407469786703586578e-02,8.328122930834069848e-05,1.093867048621177673e-01
9.216916561126708984e-01,1.096011232584714890e-02,1.512735470896586776e-04,8.077716454863548279e-03,5.521430284716188908e-05,5.906395986676216125e-02
8.320578336715698242e-01,9.694636799395084381e-03,1.288218481931835413e-04,1.323502697050571442e-02,5.330560088623315096e-05,1.448304504156112671e-01
7.211319804191589355e-01,1.597815565764904022e-02,9.546723595121875405e-05,1.263731159269809723e-02,4.570069722831249237e-05,2.501113712787628174e-01
7.363310456275939941e-01,1.087391003966331482e-02,4.738105053547769785e-05,5.072044674307107925e-03,2.666503496584482491e-05,2.476489394903182983e-01
8.563268780708312988e-01,7.591437082737684250e-03,4.253630686434917152e-05,4.604267887771129608e-03,2.595544538053218275e-05,1.314089149236679077e-01
8.479393720626831055e-01,3.528926754370331764e-03,1.928923666127957404e-05,1.091022789478302002e-02,7.325537808355875313e-06,1.375949680805206299e-01
8.719133138656616211e-01,1.402760855853557587e-02,7.950035069370642304e-05,3.292686864733695984e-02,1.955169500433839858e-05,8.103325217962265015e-02
7.201356291770935059e-01,9.731723926961421967e-03,4.142700709053315222e-05,4.336531460285186768e-02,7.281105808942811564e-06,2.267186492681503296e-01
6.690190434455871582e-01,2.993578650057315826e-02,1.746556372381746769e-04,5.902187526226043701e-02,3.350578481331467628e-05,2.418151050806045532e-01
6.301524043083190918e-01,7.681523263454437256e-02,6.119122845120728016e-04,7.320183515548706055e-02,1.240958954440429807e-04,2.190945446491241455e-01
3.214597105979919434e-01,5.954562872648239136e-02,4.180084506515413523e-04,3.814801201224327087e-02,1.051139770424924791e-04,5.803235173225402832e-01
5.306104421615600586e-01,1.386406421661376953e-01,1.406295457854866982e-03,1.317666023969650269e-01,2.121526777045801282e-04,1.973638087511062622e-01
3.492534458637237549e-01,2.210589647293090820e-01,1.393894897773861885e-03,2.371190786361694336e-01,1.364980416838079691e-04,1.910380870103836060e-01
2.938534617424011230e-01,3.309171795845031738e-01,1.578234252519905567e-03,2.351979166269302368e-01,1.377153821522369981e-04,1.383154988288879395e-01
1.631760895252227783e-01,6.785446405410766602e-01,4.418667871505022049e-03,1.159654557704925537e-01,3.743598063010722399e-04,3.752087429165840149e-02
2.992053925991058350e-01,5.981532931327819824e-01,6.254505366086959839e-03,5.851268395781517029e-02,7.465021335519850254e-04,3.712756559252738953e-02
2.348330467939376831e-01,6.251146793365478516e-01,8.497287519276142120e-03,1.042562127113342285e-01,7.951280567795038223e-04,2.650360576808452606e-02
4.473493993282318115e-01,3.607327044010162354e-01,2.595796482637524605e-03,6.025669723749160767e-02,5.621577729471027851e-04,1.285032182931900024e-01
5.519196391105651855e-01,6.410190463066101074e-02,3.806533059105277061e-04,2.505715191364288330e-02,1.366212090943008661e-04,3.584039807319641113e-01
7.157469987869262695e-01,8.213243447244167328e-03,1.517731652711518109e-05,6.378550082445144653e-03,7.760912922094576061e-06,2.696382105350494385e-01
6.806440949440002441e-01,2.077659126371145248e-03,2.230264726676978171e-06,1.739601022563874722e-03,1.286128622268734034e-06,3.155352175235748291e-01
8.171159029006958008e-01,5.618536844849586487e-03,5.621368927677394822e-06,2.533285878598690033e-03,2.781177045108051971e-06,1.747237741947174072e-01
5.840276479721069336e-01,6.467117927968502045e-03,7.879944860178511590e-06,3.753855358809232712e-03,3.730595153683680110e-06,4.057397544384002686e-01
5.712410807609558105e-01,9.296945482492446899e-02,1.015040834317915142e-04,3.463834524154663086e-02,2.037856211245525628e-05,3.010291457176208496e-01
4.406273365020751953e-01,2.463981695473194122e-02,5.967597098788246512e-05,1.056220941245555878e-02,2.103411497955676168e-05,5.240899324417114258e-01
5.400634407997131348e-01,3.587455675005912781e-02,5.727350799134001136e-05,3.182335197925567627e-02,1.637881905480753630e-05,3.921650946140289307e-01
3.864435255527496338e-01,1.277807354927062988e-02,2.008523915719706565e-05,2.490754052996635437e-02,7.230272331071319059e-06,5.758435130119323730e-01
2.439534962177276611e-01,4.619130399078130722e-03,6.968957222852623090e-06,1.123117469251155853e-02,3.600946683945949189e-06,7.401856184005737305e-01
4.531557261943817139e-01,5.583913996815681458e-03,2.604336441436316818e-05,5.201266333460807800e-02,8.505921869073063135e-06,4.892132580280303955e-01
3.938549757003784180e-01,1.859018346294760704e-03,7.222495696623809636e-06,1.124416943639516830e-02,3.424893975534359924e-06,5.930311083793640137e-01
4.480233490467071533e-01,6.908685434609651566e-03,4.443238867679610848e-05,1.487064827233552933e-02,2.054876676993444562e-05,5.301323533058166504e-01
6.271032691001892090e-01,9.238524362444877625e-03,5.321439675753936172e-05,9.826277382671833038e-03,2.471453990438021719e-05,3.537539839744567871e-01
6.238721609115600586e-01,3.828355344012379646e-03,2.433493500575423241e-05,1.175141334533691406e-02,1.063868239725707099e-05,3.605131506919860840e-01
6.594663262367248535e-01,1.804808969609439373e-03,5.281070843921042979e-05,1.427440717816352844e-02,2.982083969982340932e-05,3.243718445301055908e-01
7.449399828910827637e-01,4.805542121175676584e-04,1.667116521275602281e-05,9.694939479231834412e-03,9.685350050858687609e-06,2.448581308126449585e-01
8.791210055351257324e-01,3.100376343354582787e-04,2.088326073135249317e-05,2.141415327787399292e-02,7.641500815225299448e-06,9.912627190351486206e-02
8.012631535530090332e-01,3.558665339369326830e-04,1.512335256848018616e-05,6.254333537071943283e-03,8.967076610133517534e-06,1.921025216579437256e-01
8.575029373168945312e-01,1.872250461019575596e-03,3.037727583432570100e-05,6.902798078954219818e-03,1.312700169364688918e-05,1.336786746978759766e-01
7.867757678031921387e-01,9.386620484292507172e-03,6.623584340559318662e-05,1.288607623428106308e-02,2.058786412817426026e-05,1.908646970987319946e-01
5.394096970558166504e-01,3.792722895741462708e-02,1.192909621750004590e-04,3.682250529527664185e-02,3.503617699607275426e-05,3.856862485408782959e-01
3.529572784900665283e-01,3.972746804356575012e-02,1.221817510668188334e-04,2.749954350292682648e-02,3.233683310099877417e-05,5.796611309051513672e-01
3.800379633903503418e-01,1.098069921135902405e-01,3.147531533613801003e-04,6.066367030143737793e-02,6.193621084094047546e-05,4.491146206855773926e-01
3.400451242923736572e-01,1.338755637407302856e-01,3.946266660932451487e-04,4.863906651735305786e-02,8.188594802049919963e-05,4.769637882709503174e-01
4.967637360095977783e-01,8.512671291828155518e-02,5.073575302958488464e-04,3.730434179306030273e-02,1.433896832168102264e-04,3.801543712615966797e-01
7.768226265907287598e-01,3.930547833442687988e-02,2.522489521652460098e-04,2.582308650016784668e-02,7.148716395022347569e-05,1.577249765396118164e-01
6.709702014923095703e-01,3.190611675381660461e-02,2.585620677564293146e-04,4.100738093256950378e-02,7.388489029835909605e-05,2.557837963104248047e-01
8.353290557861328125e-01,1.289753243327140808e-02,2.185484481742605567e-04,3.065179288387298584e-02,6.194166780915111303e-05,1.208411157131195068e-01
8.528404831886291504e-01,1.046217698603868484e-02,1.131051467382349074e-04,2.500953152775764465e-02,2.963114638987462968e-05,1.115450635552406311e-01
8.429397940635681152e-01,1.232514437288045883e-02,1.210051341331563890e-04,6.634441018104553223e-02,1.847322164394427091e-05,7.825112342834472656e-02
7.693306207656860352e-01,1.835667528212070465e-02,1.730706426315009594e-04,3.107288852334022522e-02,4.662679930333979428e-05,1.810201853513717651e-01
3.993373811244964600e-01,2.699973806738853455e-02,5.759292253060266376e-05,1.542747858911752701e-02,1.912446350615937263e-05,5.581586956977844238e-01
2.727538943290710449e-01,5.583058670163154602e-02,5.826733467984013259e-05,1.983521133661270142e-02,1.712770608719438314e-05,6.515049338340759277e-01
4.661131799221038818e-01,2.581209130585193634e-02,6.398830737452954054e-05,1.337722036987543106e-02,2.351592775085009634e-05,4.946100413799285889e-01
3.371396958827972412e-01,3.587499633431434631e-02,1.829823449952527881e-04,1.305933482944965363e-02,5.914022040087729692e-05,6.136838793754577637e-01
6.058261394500732422e-01,1.196944620460271835e-02,5.330644125933758914e-05,9.450270794332027435e-03,2.366402077313978225e-05,3.726771175861358643e-01
8.472394943237304688e-01,4.562505055218935013e-03,1.011665590340271592e-04,1.493255421519279480e-02,3.448682400630787015e-05,1.331297606229782104e-01
7.135363817214965820e-01,2.582105994224548340e-02,3.413873782847076654e-04,9.460495412349700928e-02,6.934540579095482826e-05,1.656269133090972900e-01
7.313564419746398926e-01,4.215110465884208679e-02,4.467162943910807371e-04,1.203635856509208679e-01,7.399695459753274918e-05,1.056081503629684448e-01
7.293487787246704102e-01,4.492009803652763367e-02,4.427891399245709181e-04,1.137538701295852661e-01,6.829207995906472206e-05,1.114661395549774170e-01
7.600024938583374023e-01,6.237686425447463989e-02,6.302201072685420513e-04,1.129676029086112976e-01,9.794184006750583649e-05,6.392490863800048828e-02
6.689357161521911621e-01,9.109525382518768311e-02,2.323410881217569113e-04,3.613499179482460022e-02,5.702006819774396718e-05,2.035445421934127808e-01
4.235696792602539062e-01,5.234220251441001892e-02,9.272254828829318285e-05,2.677207812666893005e-02,2.515157211746554822e-05,4.971982836723327637e-01
2.790489792823791504e-01,1.197091639041900635e-01,1.434738951502367854e-04,6.653098016977310181e-02,3.233096867916174233e-05,5.345351099967956543e-01
1.784380078315734863e-01,5.356405675411224365e-02,5.976519241812638938e-05,6.032287701964378357e-02,1.147568218584638089e-05,7.076038122177124023e-01
2.978479862213134766e-01,3.101800754666328430e-02,5.798847269034013152e-05,4.483678191900253296e-02,1.586166581546422094e-05,6.262233257293701172e-01
4.882126152515411377e-01,3.376202285289764404e-02,1.352296094410121441e-04,5.431497842073440552e-02,4.312168675824068487e-05,4.235320389270782471e-01
7.320076227188110352e-01,2.317195991054177284e-03,8.836582310323137790e-06,1.071302220225334167e-02,4.197330326860537753e-06,2.549492120742797852e-01
6.817876696586608887e-01,1.144533162005245686e-03,6.339961601042887196e-06,5.794680677354335785e-03,3.422511781536741182e-06,3.112633228302001953e-01
6.775106787681579590e-01,5.529588554054498672e-03,1.882403739728033543e-05,1.140990573912858963e-02,1.033783428283641115e-05,3.055206537246704102e-01
5.615631341934204102e-01,8.810030412860214710e-04,3.370204240127350204e-06,4.079161211848258972e-03,2.542190713938907720e-06,4.334708154201507568e-01
3.664547801017761230e-01,1.760593731887638569e-03,2.791354745568241924e-06,4.091098904609680176e-03,1.955347897819592617e-06,6.276887655258178711e-01
4.818294346332550049e-01,8.426510728895664215e-03,2.315227175131440163e-05,1.000739261507987976e-02,1.297645212616771460e-05,4.997006058692932129e-01
6.982101202011108398e-01,1.355770602822303772e-02,1.007328464766032994e-04,1.660921238362789154e-02,5.346494435798376799e-05,2.714688181877136230e-01
5.690394043922424316e-01,2.634771354496479034e-02,3.466332564130425453e-04,3.912914544343948364e-02,1.414688449585810304e-04,3.649956881999969482e-01
4.342883825302124023e-01,2.704130299389362335e-02,3.788179601542651653e-04,4.641184583306312561e-02,1.407400122843682766e-04,4.917388260364532471e-01
4.507226347923278809e-01,7.724954932928085327e-02,9.628817206248641014e-04,2.135225385427474976e-01,1.829475077101960778e-04,2.573593854904174805e-01
2.600204646587371826e-01,9.671452641487121582e-02,4.636295197997242212e-04,1.143734976649284363e-01,1.187654052046127617e-04,5.283091068267822266e-01
2.797252535820007324e-01,1.623349450528621674e-02,4.286083640181459486e-05,6.635417044162750244e-02,1.390422494296217337e-05,6.376302838325500488e-01
1.214522048830986023e-01,4.517131019383668900e-03,5.667699952027760446e-06,1.195424608886241913e-02,2.575157395767746493e-06,8.620681762695312500e-01
6.750555336475372314e-02,1.830209977924823761e-03,1.252849187949323095e-06,2.420530887320637703e-03,8.500476837980386335e-07,9.282415509223937988e-01
2.437467873096466064e-01,1.826253719627857208e-03,4.705040282715344802e-06,4.839173518121242523e-03,3.156495722578256391e-06,7.495799064636230469e-01
5.058994889259338379e-01,2.755501540377736092e-03,1.669377343205269426e-05,6.626717280596494675e-03,1.068491110345348716e-05,4.846908748149871826e-01
7.298637032508850098e-01,4.336928483098745346e-03,5.620324009214527905e-05,6.021670997142791748e-03,2.689154280233196914e-05,2.596946656703948975e-01
9.132915139198303223e-01,2.966327127069234848e-03,8.796751353656873107e-05,1.000460144132375717e-02,2.559426866355352104e-05,7.362398505210876465e-02
8.199411630630493164e-01,5.680695921182632446e-02,1.119306427426636219e-03,4.359435290098190308e-02,2.191910607507452369e-04,7.831909507513046265e-02
7.622644305229187012e-01,1.107063740491867065e-01,9.007317130453884602e-04,2.785344980657100677e-02,1.951610611286014318e-04,9.807994216680526733e-02
8.047605156898498535e-01,6.921747326850891113e-02,5.086426972411572933e-04,2.090645208954811096e-02,1.209434849442914128e-04,1.044859439134597778e-01
8.493373990058898926e-01,4.379653185606002808e-02,5.571670481003820896e-04,1.445373054593801498e-02,1.375911379000172019e-04,9.171767532825469971e-02
9.204331636428833008e-01,1.253559999167919159e-02,1.833176065701991320e-04,4.254556261003017426e-03,7.354614353971555829e-05,6.251987069845199585e-02
8.613336682319641113e-01,1.878165872767567635e-03,1.896586400107480586e-05,1.922512776218354702e-03,1.257168150914367288e-05,1.348339766263961792e-01
6.760665774345397949e-01,4.137252457439899445e-03,1.999466803681571037e-05,3.480761079117655754e-03,1.336406876362161711e-05,3.162820041179656982e-01
3.561931848526000977e-01,4.026299342513084412e-03,1.052996231010183692e-05,3.138156142085790634e-03,8.679696293256711215e-06,6.366231441497802734e-01
4.271209537982940674e-01,2.451454522088170052e-03,6.422651495086029172e-06,6.812805309891700745e-03,4.059544608026044443e-06,5.636042356491088867e-01
3.653367459774017334e-01,3.504394087940454483e-03,1.747470014379359782e-05,1.183935999870300293e-02,8.640850865049287677e-06,6.192933917045593262e-01
5.853180289268493652e-01,1.948305033147335052e-02,1.553040783619508147e-04,5.134202539920806885e-02,4.424393046065233648e-05,3.436574339866638184e-01
6.755113601684570312e-01,8.958425372838973999e-03,1.165958383353427052e-04,1.973239704966545105e-02,4.800930764758959413e-05,2.956332862377166748e-01
6.192504167556762695e-01,1.068070344626903534e-02,8.767208782956004143e-05,1.789935491979122162e-02,4.006528615718707442e-05,3.520416617393493652e-01
7.641903758049011230e-01,3.226157976314425468e-03,3.166621172567829490e-05,3.228778950870037079e-03,2.173876964661758393e-05,2.293012142181396484e-01
6.302043795585632324e-01,4.221030976623296738e-03,4.388882371131330729e-05,2.230230951681733131e-03,3.555228613549843431e-05,3.632648885250091553e-01
6.482760906219482422e-01,2.786727994680404663e-02,3.172359720338135958e-04,9.867392480373382568e-03,1.758664584485813975e-04,3.134961426258087158e-01
6.698822379112243652e-01,7.318841665983200073e-02,7.602572441101074219e-04,1.557893119752407074e-02,3.075221029575914145e-04,2.402827143669128418e-01
5.713120102882385254e-01,1.000634878873825073e-01,1.276319148018956184e-03,5.105781555175781250e-02,3.124164941255003214e-04,2.759779691696166992e-01
4.360948503017425537e-01,1.247009187936782837e-01,5.000149831175804138e-04,9.744908660650253296e-02,1.075915497494861484e-04,3.411475419998168945e-01
5.098324418067932129e-01,4.368652403354644775e-02,3.017392009496688843e-04,7.162865996360778809e-02,6.544835196109488606e-05,3.744851052761077881e-01
5.831858515739440918e-01,1.912735775113105774e-02,3.586109960451722145e-04,1.596048772335052490e-01,7.339720468735322356e-05,2.376498728990554810e-01
7.645353674888610840e-01,7.491199765354394913e-03,2.580368018243461847e-04,1.164272055029869080e-01,4.942009036312811077e-05,1.112388595938682556e-01
7.034861445426940918e-01,1.072066370397806168e-03,2.930854861915577203e-05,3.515356406569480896e-02,1.108304695662809536e-05,2.602478265762329102e-01
5.435841679573059082e-01,1.155272126197814941e-03,2.715105802053585649e-05,5.466555058956146240e-02,1.020370200421893969e-05,4.005576372146606445e-01
3.526908457279205322e-01,1.654465333558619022e-03,1.089844045054633170e-05,2.721696719527244568e-02,5.669051915901945904e-06,6.184211373329162598e-01
1.496964395046234131e-01,3.478675382211804390e-03,1.115666691475780681e-05,1.940356753766536713e-02,5.303959369484800845e-06,8.274048566818237305e-01
1.361329406499862671e-01,5.058161914348602295e-03,1.370840163872344419e-05,5.979449953883886337e-03,8.813394742901436985e-06,8.528069257736206055e-01
2.994804978370666504e-01,2.210742235183715820e-02,5.685991709469817579e-05,6.828099023550748825e-03,3.749132883967831731e-05,6.714896559715270996e-01
4.897960722446441650e-01,3.717216849327087402e-02,1.347758225165307522e-04,8.201762102544307709e-03,6.318785744952037930e-05,4.646321237087249756e-01
4.918935894966125488e-01,6.431146524846553802e-03,2.385933294135611504e-05,2.259180648252367973e-03,1.568462539580650628e-05,4.993765950202941895e-01
7.762370705604553223e-01,1.124151144176721573e-02,5.851208334206603467e-05,6.249001249670982361e-03,2.637102261360269040e-05,2.061875760555267334e-01
8.152625560760498047e-01,1.165587082505226135e-02,1.172455158666707575e-04,9.666890837252140045e-03,3.757494050660170615e-05,1.632598787546157837e-01
5.552464127540588379e-01,2.202785573899745941e-02,7.948622805997729301e-05,1.522025559097528458e-02,2.363546991546172649e-05,4.074023067951202393e-01
4.568870365619659424e-01,9.108179807662963867e-02,3.849523200187832117e-04,4.456110671162605286e-02,8.699295722180977464e-05,4.069980382919311523e-01
2.495180517435073853e-01,5.892000719904899597e-02,1.720469153951853514e-04,3.664065152406692505e-02,4.661528873839415610e-05,6.547026634216308594e-01
1.799030303955078125e-01,2.843911014497280121e-02,3.225570981157943606e-05,2.549491450190544128e-02,1.116381736210314557e-05,7.661195397377014160e-01
5.411454439163208008e-01,1.005514804273843765e-02,1.863107718236278743e-05,1.401576120406389236e-02,9.340131327917333692e-06,4.347556233406066895e-01
4.889774620532989502e-01,4.158589988946914673e-03,7.029934749880339950e-06,9.290371090173721313e-03,3.936435859941411763e-06,4.975626170635223389e-01
4.527195990085601807e-01,1.359145622700452805e-02,1.773265648807864636e-05,9.881818667054176331e-03,8.025769602681975812e-06,5.237814188003540039e-01
4.603444337844848633e-01,4.121524468064308167e-02,7.011788693489506841e-05,2.649008855223655701e-02,1.834287286328617483e-05,4.718616902828216553e-01
4.290331900119781494e-01,1.391933262348175049e-01,3.970550023950636387e-04,8.245182037353515625e-02,7.346260827034711838e-05,3.488511741161346436e-01
2.169409692287445068e-01,3.345112502574920654e-01,7.961000083014369011e-04,9.438708424568176270e-02,1.258282864000648260e-04,3.532388210296630859e-01
2.270089089870452881e-01,1.721903234720230103e-01,2.249912067782133818e-04,2.589271403849124908e-02,7.409982208628207445e-05,5.746089220046997070e-01
2.689212262630462646e-01,5.391195788979530334e-02,8.754422015044838190e-05,4.341492895036935806e-03,5.181078813620842993e-05,6.726859807968139648e-01
6.546148657798767090e-01,8.727577328681945801e-02,3.730492899194359779e-04,6.258978042751550674e-03,1.747761707520112395e-04,2.513025701045989990e-01
7.916585803031921387e-01,1.835789903998374939e-02,1.100629888242110610e-04,2.832961035892367363e-03,5.577177944360300899e-05,1.869847625494003296e-01
8.242468237876892090e-01,1.442931033670902252e-02,3.464851179160177708e-04,3.690158715471625328e-03,1.705697795841842890e-04,1.571167111396789551e-01
9.192257523536682129e-01,4.440619144588708878e-03,2.177821734221652150e-04,2.722475910559296608e-03,1.081933514797128737e-04,7.328522950410842896e-02
8.414525389671325684e-01,1.422940171323716640e-03,5.027830047765746713e-05,1.405229559168219566e-03,3.398786429897882044e-05,1.556349992752075195e-01
8.081935048103332520e-01,2.229257021099328995e-03,3.949065649067051709e-05,1.788767753168940544e-03,2.491846680641174316e-05,1.877241581678390503e-01
7.797556519508361816e-01,1.786883687600493431e-03,1.879728733911179006e-05,1.029200386255979538e-03,1.367802997265243903e-05,2.173958420753479004e-01
6.329697966575622559e-01,6.129899993538856506e-03,1.668972799961920828e-05,1.218979130499064922e-03,1.298806000704644248e-05,3.596516847610473633e-01
7.361058592796325684e-01,9.292067028582096100e-03,3.131183621007949114e-05,2.887808950617909431e-03,1.696989056654274464e-05,2.516660392284393311e-01
8.761386871337890625e-01,2.760808914899826050e-02,3.280000237282365561e-04,1.030420698225498199e-02,1.292104134336113930e-04,8.549194782972335815e-02
8.972457647323608398e-01,1.319914497435092926e-02,2.115424867952242494e-04,1.724201999604701996e-02,7.844476203899830580e-05,7.202301174402236938e-02
9.015270471572875977e-01,1.339098997414112091e-02,4.830293764825910330e-04,1.109436061233282089e-02,2.506234159227460623e-04,7.325386255979537964e-02
8.905000090599060059e-01,1.653902046382427216e-02,6.639990024268627167e-04,1.125614158809185028e-02,3.929232771042734385e-04,8.064796775579452515e-02
8.295055627822875977e-01,1.826906017959117889e-02,2.870449097827076912e-04,1.262628473341464996e-02,2.162449090974405408e-04,1.390957683324813843e-01
6.417860984802246094e-01,3.514762967824935913e-02,2.629360824357718229e-04,1.848159544169902802e-02,1.149950840044766665e-04,3.042067587375640869e-01
6.674703955650329590e-01,6.792221218347549438e-02,3.275813069194555283e-04,5.472549051046371460e-02,9.838190453592687845e-05,2.094558924436569214e-01
5.911931395530700684e-01,1.672474294900894165e-02,6.065360139473341405e-05,3.708244487643241882e-02,1.435786998627008870e-05,3.549246490001678467e-01
6.445123553276062012e-01,4.001805186271667480e-02,1.308946084463968873e-04,4.009553045034408569e-02,3.409269993426278234e-05,2.752090096473693848e-01
5.341627597808837891e-01,2.946167252957820892e-02,9.969418897526338696e-05,2.666124887764453888e-02,3.801097045652568340e-05,4.095767140388488770e-01
3.936710357666015625e-01,4.812460765242576599e-02,1.650439953664317727e-04,5.453941226005554199e-02,4.658517354982905090e-05,5.034532546997070312e-01
4.183861911296844482e-01,1.429503411054611206e-01,5.669805686920881271e-04,9.263572096824645996e-02,1.315266126766800880e-04,3.453292250633239746e-01
5.095393061637878418e-01,8.103884011507034302e-02,3.687800199259072542e-04,6.954281777143478394e-02,9.570694965077564120e-05,3.394145369529724121e-01
7.844797372817993164e-01,3.456150367856025696e-02,2.365022810408845544e-04,3.857554122805595398e-02,6.060150917619466782e-05,1.420861929655075073e-01
8.687346577644348145e-01,1.887019351124763489e-02,1.390113757224753499e-04,2.691458165645599365e-02,3.150870179524645209e-05,8.531013131141662598e-02
9.226875901222229004e-01,1.174956094473600388e-02,1.018715847749263048e-04,1.081846468150615692e-02,3.010046566487289965e-05,5.461234971880912781e-02
8.406931161880493164e-01,1.438121125102043152e-02,3.185364766977727413e-05,1.732959225773811340e-02,7.720236681052483618e-06,1.275565326213836670e-01
7.467584609985351562e-01,1.555193122476339340e-02,3.371535422047600150e-05,4.853985831141471863e-02,6.062536613171687350e-06,1.891099661588668823e-01
6.998566389083862305e-01,2.209154888987541199e-03,2.921878603956429288e-06,3.250486915931105614e-03,1.945841404449311085e-06,2.946788668632507324e-01
4.133730828762054443e-01,7.181614171713590622e-03,9.106165634875651449e-06,7.226887159049510956e-03,5.502774911292362958e-06,5.722038745880126953e-01
2.580706775188446045e-01,1.836104877293109894e-02,3.642476804088801146e-05,1.144736725836992264e-02,1.618651549506466836e-05,7.120682597160339355e-01
5.674042701721191406e-01,4.716363549232482910e-02,1.860695047071203589e-04,2.641544491052627563e-02,6.936088175280019641e-05,3.587612211704254150e-01
5.375978946685791016e-01,1.831824630498886108e-01,6.146326777525246143e-04,7.445722818374633789e-02,1.113350808736868203e-04,2.040363252162933350e-01
5.016841292381286621e-01,2.479631602764129639e-01,6.802096613682806492e-04,9.183271229267120361e-02,8.723422070033848286e-05,1.577525287866592407e-01
5.702542662620544434e-01,2.178295850753784180e-01,7.424810319207608700e-04,9.826788306236267090e-02,8.323842484969645739e-05,1.128226369619369507e-01
8.440389037132263184e-01,5.510171130299568176e-02,3.369188343640416861e-04,2.071042172610759735e-02,5.872593465028330684e-05,7.975322008132934570e-02
9.274266362190246582e-01,1.127403229475021362e-02,1.977198844542726874e-04,7.262957748025655746e-03,4.473072112887166440e-05,5.379391461610794067e-02
8.581553697586059570e-01,8.933336474001407623e-03,1.822569756768643856e-04,4.268068820238113403e-03,6.939049490028992295e-05,1.283915787935256958e-01
8.873408436775207520e-01,1.117819920182228088e-03,2.036666228377725929e-05,2.273230580613017082e-03,1.119696116802515462e-05,1.092365309596061707e-01
8.576750755310058594e-01,1.195235643535852432e-03,1.913428604893852025e-05,3.193474607542157173e-03,1.183245421998435631e-05,1.379052847623825073e-01
6.107093095779418945e-01,2.286968985572457314e-03,9.581940503267105669e-06,3.378825029358267784e-03,7.033474503259640187e-06,3.836082816123962402e-01
7.132624983787536621e-01,1.234109979122877121e-03,6.656136974925175309e-06,1.619161339476704597e-03,6.060955001885304227e-06,2.838715612888336182e-01
8.910033106803894043e-01,1.108213909901678562e-03,1.482865536672761664e-05,1.215579919517040253e-03,9.684868018666747957e-06,1.066483333706855774e-01
8.676727414131164551e-01,2.432960271835327148e-02,1.957226049853488803e-04,1.661900989711284637e-02,5.211069947108626366e-05,9.113081544637680054e-02
7.909325957298278809e-01,1.036632731556892395e-01,8.779678610153496265e-04,2.734602428972721100e-02,1.397046435158699751e-04,7.704040408134460449e-02
6.407607793807983398e-01,1.473425626754760742e-01,1.378150423988699913e-03,4.422386363148689270e-02,2.082175633404403925e-04,1.660864204168319702e-01
5.579249858856201172e-01,1.494463980197906494e-01,9.058084106072783470e-04,7.249522954225540161e-02,1.614701759535819292e-04,2.190660387277603149e-01
7.435588240623474121e-01,3.002966009080410004e-02,1.695548999123275280e-04,1.198848802596330643e-02,5.146037437953054905e-05,2.142019271850585938e-01
9.253723025321960449e-01,1.100930199027061462e-02,1.203155043185688555e-04,5.902894772589206696e-03,4.113016257178969681e-05,5.755405873060226440e-02
9.154059290885925293e-01,3.079314250499010086e-03,3.479442602838389575e-05,3.652334213256835938e-03,1.664339288254268467e-05,7.781096547842025757e-02
8.764012455940246582e-01,2.309086499735713005e-03,2.363266685279086232e-05,1.932456390932202339e-03,1.338402398687321693e-05,1.193201541900634766e-01
8.873643279075622559e-01,1.227968651801347733e-02,1.082536618923768401e-04,6.709448061883449554e-03,4.375236676423810422e-05,9.349455684423446655e-02
5.122327804565429688e-01,7.650628220289945602e-03,4.642409476218745112e-05,4.913477692753076553e-03,2.839867738657630980e-05,4.751282632350921631e-01
7.494167685508728027e-01,1.200844533741474152e-02,7.884686056058853865e-05,7.675720844417810440e-03,4.201626143185421824e-05,2.307781726121902466e-01
4.343145787715911865e-01,9.476931765675544739e-03,4.420224649948067963e-05,4.770063329488039017e-03,2.781337207125034183e-05,5.513664484024047852e-01
8.830615878105163574e-02,1.396526931785047054e-03,1.551784521325316746e-06,1.038949470967054367e-03,1.754648224050470162e-06,9.092550277709960938e-01
1.574780493974685669e-01,1.493272371590137482e-03,5.514842200682323892e-07,2.007229486480355263e-03,5.818432669002504554e-07,8.390203118324279785e-01
1.188357248902320862e-01,3.246677806600928307e-03,2.069220954581396654e-06,6.896098610013723373e-03,1.394919195263355505e-06,8.710181117057800293e-01
3.182612955570220947e-01,2.906230837106704712e-02,2.855479215213563293e-05,3.996789082884788513e-02,1.237824835698120296e-05,6.126675605773925781e-01
3.843316733837127686e-01,4.476101323962211609e-02,1.366522774333134294e-04,5.979714170098304749e-02,5.239723759586922824e-05,5.109211802482604980e-01
5.914615988731384277e-01,7.379804551601409912e-02,9.009087807498872280e-04,6.349186599254608154e-02,2.328330883756279945e-04,2.701147496700286865e-01
7.607518434524536133e-01,5.784253031015396118e-02,2.006644383072853088e-03,8.106129616498947144e-02,3.064382763113826513e-04,9.803126007318496704e-02
8.798685073852539062e-01,4.791407287120819092e-02,1.089971745386719704e-03,2.104311808943748474e-02,2.411859313724562526e-04,4.984312877058982849e-02
9.352377057075500488e-01,9.942748583853244781e-03,1.033061707857996225e-04,3.980214241892099380e-03,3.164693043800070882e-05,5.070429295301437378e-02
9.575563073158264160e-01,4.985900130122900009e-03,4.466242899070493877e-05,1.893953536637127399e-03,1.660088673816062510e-05,3.550253808498382568e-02
9.548299312591552734e-01,2.018809784203767776e-03,1.923029958561528474e-05,5.620369920507073402e-04,1.104017792386002839e-05,4.255885258316993713e-02
9.670804738998413086e-01,1.072616549208760262e-03,1.040080223901895806e-05,4.098578065168112516e-04,6.001575002301251516e-06,3.142072260379791260e-02
9.439561367034912109e-01,1.694740145467221737e-03,1.443544806534191594e-05,1.009518047794699669e-03,6.943206699361326173e-06,5.331817641854286194e-02
8.920688629150390625e-01,8.145409636199474335e-03,8.953450014814734459e-05,5.428429692983627319e-03,3.669165744213387370e-05,9.423111379146575928e-02
8.213505744934082031e-01,3.994533047080039978e-02,4.157032235525548458e-04,1.088759303092956543e-02,1.213194482261314988e-04,1.272794604301452637e-01
7.617759108543395996e-01,8.751732110977172852e-02,5.235261633060872555e-04,2.521957457065582275e-02,1.239208795595914125e-04,1.248396709561347961e-01
7.686642408370971680e-01,9.341873973608016968e-02,5.270875990390777588e-04,3.147086128592491150e-02,9.484605106990784407e-05,1.058242842555046082e-01
8.403172492980957031e-01,6.874955445528030396e-02,4.213149950373917818e-04,2.972258813679218292e-02,7.679245754843577743e-05,6.071242317557334900e-02
9.134905338287353516e-01,1.124515105038881302e-02,5.424560367828235030e-05,1.008613687008619308e-02,1.731820520944893360e-05,6.510661542415618896e-02
7.283163666725158691e-01,1.236920943483710289e-03,3.553491069396841340e-06,3.370815655216574669e-03,1.774225097506132443e-06,2.670706212520599365e-01
7.351037263870239258e-01,9.189138072542846203e-04,2.126200342900119722e-06,9.674340835772454739e-04,2.207929810538189486e-06,2.630057036876678467e-01
7.736589312553405762e-01,2.381696598604321480e-03,1.241317750100279227e-05,2.261687070131301880e-03,8.400178558076731861e-06,2.216768711805343628e-01
7.582393288612365723e-01,4.115159623324871063e-03,1.966785748663824052e-05,1.550656277686357498e-03,1.236303887708345428e-05,2.360627502202987671e-01
8.312736749649047852e-01,7.866037078201770782e-03,6.501901225419715047e-05,2.448634942993521690e-03,3.195741010131314397e-05,1.583147644996643066e-01
8.845334053039550781e-01,1.901215873658657074e-02,2.847816504072397947e-04,6.799833383411169052e-03,9.800812404137104750e-05,8.927185088396072388e-02
7.896047830581665039e-01,2.621108293533325195e-02,1.075712425517849624e-04,2.440014481544494629e-02,2.652794137247838080e-05,1.596499234437942505e-01
7.615252733230590820e-01,2.359989657998085022e-02,7.551825547125190496e-05,1.986417546868324280e-02,2.031999792961869389e-05,1.949148029088973999e-01
6.157611012458801270e-01,7.688418775796890259e-02,2.097269316436722875e-04,4.010160267353057861e-02,5.356303154258057475e-05,2.669898867607116699e-01
4.197916388511657715e-01,2.367151528596878052e-01,3.528478846419602633e-04,4.777211323380470276e-02,6.868773198220878839e-05,2.952995300292968750e-01
6.970966458320617676e-01,1.089566797018051147e-01,2.590067160781472921e-04,1.085801888257265091e-02,7.403447671094909310e-05,1.827556192874908447e-01
8.758191466331481934e-01,2.630786411464214325e-02,1.501064980402588844e-04,2.720117103308439255e-03,6.016041515977121890e-05,9.494259953498840332e-02
9.224230051040649414e-01,1.026671845465898514e-02,1.070729485945776105e-04,2.720393938943743706e-03,4.040496060042642057e-05,6.444234400987625122e-02
9.472197294235229492e-01,7.825197535566985607e-04,5.540830898098647594e-06,4.609501629602164030e-04,3.522366341712768190e-06,5.152780190110206604e-02
9.277142286300659180e-01,1.763747190125286579e-03,1.355367203359492123e-05,1.313903252594172955e-03,8.048471499932929873e-06,6.918647140264511108e-02
9.302885532379150391e-01,4.312419332563877106e-03,3.513891715556383133e-05,1.792779541574418545e-03,1.929394602484535426e-05,6.355176866054534912e-02
9.041837453842163086e-01,2.708595944568514824e-03,3.126050796709023416e-05,1.649515470489859581e-03,2.464753742970060557e-05,9.140232950448989868e-02
9.251538515090942383e-01,1.324461656622588634e-03,2.602934364404063672e-05,1.241342280991375446e-03,1.967319803952705115e-05,7.223461568355560303e-02
9.567181468009948730e-01,1.327220379607751966e-04,7.022950740065425634e-06,2.137873088940978050e-04,8.902208719518966973e-06,4.291923716664314270e-02
9.602454304695129395e-01,2.503656432963907719e-04,1.118280215450795367e-05,3.626493271440267563e-04,1.051601611834485084e-05,3.911986947059631348e-02
9.367049932479858398e-01,2.522423863410949707e-03,7.603796257171779871e-05,1.910142716951668262e-03,5.490044713951647282e-05,5.873151123523712158e-02
8.601551651954650879e-01,3.183137159794569016e-03,3.902656317222863436e-05,1.336575602181255817e-03,2.145236067008227110e-05,1.352646499872207642e-01
7.664942145347595215e-01,6.108641158789396286e-03,8.139003330143168569e-05,2.862651599571108818e-03,5.698926179320551455e-05,2.243960648775100708e-01
8.738524913787841797e-01,8.448645472526550293e-03,1.467189140385016799e-04,6.788692902773618698e-03,7.062419899739325047e-05,1.106929033994674683e-01
8.137217760086059570e-01,1.388029288500547409e-02,1.525952247902750969e-04,1.058597303926944733e-02,5.592333764070644975e-05,1.616034656763076782e-01
8.705939650535583496e-01,9.546834044158458710e-03,8.207617065636441112e-05,7.126964628696441650e-03,3.385025411262176931e-05,1.126162260770797729e-01
8.632413148880004883e-01,6.369802635163068771e-03,4.319386789575219154e-05,5.222194362431764603e-03,2.086527092615142465e-05,1.251026093959808350e-01
8.603061437606811523e-01,7.042577955871820450e-03,3.240674777771346271e-05,5.479549523442983627e-03,1.339119717158610001e-05,1.271257847547531128e-01
7.530112266540527344e-01,2.166956197470426559e-03,5.780370884167496115e-06,2.060821047052741051e-03,3.304293613837216981e-06,2.427519559860229492e-01
6.956962347030639648e-01,1.037075184285640717e-02,1.299142240895889699e-05,5.680758040398359299e-03,6.588474207092076540e-06,2.882326841354370117e-01
8.260006308555603027e-01,7.760977838188409805e-03,1.830119799706153572e-05,5.952809937298297882e-03,9.109114216698799282e-06,1.602581143379211426e-01
8.752450942993164062e-01,9.363252669572830200e-03,5.993813101667910814e-05,7.298597134649753571e-03,2.746476820902898908e-05,1.080057471990585327e-01
9.465417861938476562e-01,5.537521094083786011e-03,1.035800232784822583e-04,4.309108480811119080e-03,3.932609251933172345e-05,4.346863180398941040e-02
9.617512822151184082e-01,1.067359698936343193e-03,4.397418160806410015e-05,2.383148763328790665e-03,1.964296461665071547e-05,3.473464399576187134e-02
9.644231200218200684e-01,7.064740639179944992e-04,2.715034133871085942e-05,2.089200075715780258e-03,1.246613737748702988e-05,3.274168074131011963e-02
8.496190309524536133e-01,4.337029531598091125e-04,6.337011200230335817e-06,2.525848103687167168e-03,3.859249318338697776e-06,1.474111378192901611e-01
8.569483160972595215e-01,1.010425854474306107e-03,9.841778592090122402e-06,6.702603306621313095e-03,3.745527465071063489e-06,1.353251188993453979e-01
7.794030308723449707e-01,4.708292894065380096e-03,2.485838558641262352e-05,1.001861784607172012e-02,9.951061656465753913e-06,2.058351784944534302e-01
7.053985595703125000e-01,4.227522015571594238e-02,4.273040976841002703e-04,1.927574723958969116e-02,1.086565753212198615e-04,2.325145751237869263e-01
6.458305120468139648e-01,2.180073559284210205e-01,3.899161936715245247e-03,6.342133879661560059e-02,6.295904750004410744e-04,6.821204721927642822e-02
5.521295666694641113e-01,2.358176708221435547e-01,3.146983450278639793e-03,6.230289489030838013e-02,6.529917009174823761e-04,1.459498256444931030e-01
8.323363065719604492e-01,2.638144791126251221e-02,2.798703499138355255e-04,1.816798001527786255e-02,8.498792158206924796e-05,1.227494478225708008e-01
8.118783235549926758e-01,4.856613930314779282e-03,5.331286592991091311e-05,7.926737889647483826e-03,2.346228211536072195e-05,1.752615123987197876e-01
8.951668143272399902e-01,1.020615454763174057e-03,1.288153362111188471e-05,3.069546306505799294e-03,5.755261554440949112e-06,1.007243543863296509e-01
9.360460638999938965e-01,2.401676902081817389e-04,3.524345856931176968e-06,7.235686061903834343e-04,2.414753680568537675e-06,6.298425793647766113e-02
9.004094600677490234e-01,4.000668704975396395e-04,2.652911462064366788e-06,4.656439996324479580e-04,2.109929937432752922e-06,9.872007369995117188e-02
8.512654304504394531e-01,3.567194333299994469e-03,6.815478627686388791e-06,1.560717937536537647e-03,4.156900104135274887e-06,1.435957103967666626e-01
8.378270864486694336e-01,1.121155731379985809e-02,1.031834563036682084e-05,2.193024614825844765e-03,5.014488579035969451e-06,1.487530767917633057e-01
8.783447742462158203e-01,3.037399612367153168e-02,2.270016739203128964e-05,3.030718304216861725e-03,7.998543878784403205e-06,8.821986615657806396e-02
8.690242767333984375e-01,8.331707864999771118e-02,1.319362345384433866e-04,5.282868165522813797e-03,2.978162592626176775e-05,4.221406579017639160e-02
8.551548123359680176e-01,6.489677727222442627e-02,2.024893474299460649e-04,4.151387605816125870e-03,5.987274926155805588e-05,7.553470134735107422e-02
9.030147790908813477e-01,3.375695645809173584e-02,1.366402575513347983e-04,4.346970003098249435e-03,4.104766776436008513e-05,5.870380252599716187e-02
9.476155042648315430e-01,9.211388416588306427e-03,4.958475255989469588e-05,2.101869555190205574e-03,1.700154280115384609e-05,4.100463166832923889e-02
9.504421353340148926e-01,3.239958081394433975e-03,1.628873360459692776e-05,3.208141308277845383e-03,4.796745542989810929e-06,4.308867827057838440e-02
9.559810757637023926e-01,1.102734589949250221e-03,3.705573817569529638e-06,1.449774368666112423e-03,1.730791950649290811e-06,4.146095737814903259e-02
8.962127566337585449e-01,2.178587252274155617e-03,2.924491354860947467e-06,2.287481212988495827e-03,1.496300342296308372e-06,9.931674599647521973e-02
8.549988865852355957e-01,5.573421251028776169e-03,1.498561050539137796e-05,6.097167264670133591e-03,5.059493560111150146e-06,1.333104372024536133e-01
9.262397289276123047e-01,6.478324066847562790e-03,2.055821641988586634e-05,8.983087725937366486e-03,5.452119694382417947e-06,5.827285721898078918e-02
9.292798042297363281e-01,8.413212373852729797e-03,3.643049421953037381e-05,7.414999417960643768e-03,9.766944458533544093e-06,5.484583973884582520e-02
9.524821043014526367e-01,1.784627325832843781e-02,1.585603749845176935e-04,4.538878798484802246e-03,4.145329512539319694e-05,2.493278682231903076e-02
9.258431196212768555e-01,1.818767748773097992e-02,2.944315783679485321e-04,3.676685271784663200e-03,1.103011309169232845e-04,5.188766494393348694e-02
8.545804023742675781e-01,3.446785360574722290e-02,4.951471928507089615e-04,5.008524749428033829e-03,1.963971008080989122e-04,1.052517592906951904e-01
8.319205641746520996e-01,6.354609876871109009e-02,8.313118014484643936e-04,1.205134764313697815e-02,2.062037383439019322e-04,9.144456684589385986e-02
7.829999923706054688e-01,8.091451972723007202e-02,1.162084168754518032e-03,1.898342370986938477e-02,2.572730300016701221e-04,1.156827807426452637e-01
8.745106458663940430e-01,5.516505613923072815e-02,7.173951016739010811e-04,1.486392877995967865e-02,1.422337954863905907e-04,5.460074171423912048e-02
8.004335761070251465e-01,1.298914253711700439e-01,6.986876833252608776e-04,1.655348762869834900e-02,1.276773546123877168e-04,5.229521542787551880e-02
5.856047868728637695e-01,3.338823914527893066e-01,1.484899898059666157e-03,2.541068941354751587e-02,1.927850535139441490e-04,5.342449247837066650e-02
3.988398909568786621e-01,5.092026591300964355e-01,2.157169161364436150e-03,4.730688780546188354e-02,2.175855042878538370e-04,4.227577149868011475e-02
3.380408287048339844e-01,4.875681400299072266e-01,9.585058433003723621e-04,5.675665289163589478e-02,1.187079033115878701e-04,1.165571734309196472e-01
2.345985323190689087e-01,3.300472199916839600e-01,9.795234072953462601e-04,8.246725797653198242e-02,1.473911543143913150e-04,3.517600595951080322e-01
4.492683112621307373e-01,5.197860300540924072e-02,1.906629186123609543e-04,4.177299514412879944e-02,4.394308416522108018e-05,4.567454457283020020e-01
5.229453444480895996e-01,1.201253104954957962e-02,5.080057235318236053e-05,1.226248312741518021e-02,2.037379636021796614e-05,4.527085125446319580e-01
5.666810870170593262e-01,6.297705229371786118e-03,2.432017390674445778e-05,8.073818869888782501e-03,1.157133829110534862e-05,4.189115166664123535e-01
6.633892059326171875e-01,4.306241869926452637e-03,2.231399776064790785e-05,5.323417950421571732e-03,1.150928983406629413e-05,3.269472718238830566e-01
7.283932566642761230e-01,4.468881990760564804e-03,2.068391222564969212e-05,4.911157302558422089e-03,1.004213299893308431e-05,2.621959149837493896e-01
7.572783231735229492e-01,6.411879789084196091e-03,4.892905417364090681e-05,4.958576522767543793e-03,3.065249984501861036e-05,2.312716841697692871e-01
8.983514308929443359e-01,3.239434445276856422e-03,8.701740443939343095e-05,3.196780104190111160e-03,3.913509499398060143e-05,9.508614242076873779e-02
9.440180063247680664e-01,9.155086241662502289e-03,3.242317761760205030e-04,3.272140165790915489e-03,1.592213811818510294e-04,4.307140409946441650e-02
9.518061280250549316e-01,4.931892268359661102e-03,2.735556627158075571e-04,1.802441198378801346e-03,1.240496785612776875e-04,4.106190800666809082e-02
9.402769207954406738e-01,2.477053925395011902e-02,7.567238062620162964e-04,7.122609764337539673e-03,2.030691975960507989e-04,2.687011845409870148e-02
8.768057823181152344e-01,5.545058846473693848e-02,5.883157718926668167e-04,1.574365794658660889e-02,1.187069428851827979e-04,5.129289999604225159e-02
5.229101181030273438e-01,2.689441740512847900e-01,7.663718424737453461e-04,4.419047757983207703e-02,1.188540118164382875e-04,1.630699634552001953e-01
3.472481071949005127e-01,4.122699201107025146e-01,1.526687410660088062e-03,1.192916929721832275e-01,1.415284932591021061e-04,1.195219382643699646e-01
3.734508454799652100e-01,2.640318572521209717e-01,1.509263529442250729e-03,7.645826041698455811e-02,3.345292061567306519e-04,2.842153012752532959e-01
4.288426339626312256e-01,1.706863492727279663e-01,2.005725633352994919e-03,7.025954127311706543e-02,8.758932235650718212e-04,3.273299038410186768e-01
6.180973052978515625e-01,5.816870182752609253e-02,1.790338545106351376e-03,4.174963012337684631e-02,1.387990778312087059e-03,2.788060903549194336e-01
6.521519422531127930e-01,1.871779933571815491e-02,7.647537859156727791e-04,1.439402252435684204e-02,8.167169871740043163e-04,3.131548166275024414e-01
7.048060894012451172e-01,1.202871184796094894e-02,3.740812535397708416e-04,1.599311828613281250e-02,3.489250666461884975e-04,2.664490938186645508e-01
8.400587439537048340e-01,1.187770627439022064e-02,2.861257817130535841e-04,7.617711555212736130e-03,1.663612783886492252e-04,1.399934291839599609e-01
8.929978013038635254e-01,1.688887737691402435e-02,4.460779309738427401e-04,7.965174503624439240e-03,1.732888486003503203e-04,8.152879029512405396e-02
9.392023682594299316e-01,1.914452947676181793e-02,5.287077510729432106e-04,6.139704491943120956e-03,1.765615161275491118e-04,3.480810299515724182e-02
9.409791231155395508e-01,1.880325004458427429e-02,6.654197932220995426e-04,6.652303971350193024e-03,1.719490246614441276e-04,3.272781148552894592e-02
9.652251005172729492e-01,1.009912323206663132e-02,4.096766060683876276e-04,3.675973741337656975e-03,1.174048738903366029e-04,2.047285623848438263e-02
9.492241740226745605e-01,5.186048801988363266e-03,2.597575949039310217e-04,3.136130981147289276e-03,9.701953240437433124e-05,4.209688678383827209e-02
9.460363984107971191e-01,6.742427591234445572e-03,1.812825503293424845e-04,5.605018232017755508e-03,5.480414984049275517e-05,4.138008877635002136e-02
8.992697000503540039e-01,1.869903691112995148e-02,5.080960690975189209e-04,1.226392481476068497e-02,1.637633104110136628e-04,6.909544765949249268e-02
9.074809551239013672e-01,1.234191004186868668e-02,5.486033041961491108e-04,1.029148977249860764e-02,1.799440942704677582e-04,6.915707141160964966e-02
9.516960978507995605e-01,8.608732372522354126e-03,3.627914702519774437e-04,1.231499295681715012e-02,7.634274516021832824e-05,2.694098278880119324e-02
9.303501248359680176e-01,7.754559163004159927e-03,1.625022996449843049e-04,8.594912476837635040e-03,4.087175693712197244e-05,5.309702828526496887e-02
8.258472084999084473e-01,4.854821600019931793e-03,2.045117253146599978e-05,2.726318547502160072e-03,1.088976750907022506e-05,1.665402501821517944e-01
8.279368281364440918e-01,1.251834165304899216e-02,1.696913932391908020e-05,5.858274642378091812e-03,8.937700840760953724e-06,1.536605507135391235e-01
7.439737319946289062e-01,1.173424627631902695e-02,9.902870260702911764e-06,3.295304952189326286e-03,5.686430995410773903e-06,2.409811764955520630e-01
7.945391535758972168e-01,4.329666867852210999e-02,1.071855222107842565e-04,8.710702881217002869e-03,3.220199505449272692e-05,1.533139944076538086e-01
8.410961031913757324e-01,7.413713634014129639e-02,3.463428583927452564e-04,7.567789405584335327e-03,8.911814802559092641e-05,7.676353305578231812e-02
7.408556938171386719e-01,1.731472909450531006e-01,1.974094193428754807e-03,1.482936926186084747e-02,4.389506066218018532e-04,6.875470280647277832e-02
8.113917708396911621e-01,1.325178593397140503e-01,2.945621730759739876e-03,1.265687309205532074e-02,6.160295451991260052e-04,3.987176716327667236e-02
9.385514855384826660e-01,2.602754719555377960e-02,4.029224801342934370e-04,4.331438802182674408e-03,1.139981104643084109e-04,3.057253174483776093e-02
8.486070632934570312e-01,6.995648890733718872e-02,5.753069417551159859e-04,2.866912819445133209e-02,9.718207729747518897e-05,5.209479853510856628e-02
8.471105694770812988e-01,3.234614059329032898e-02,8.563727897126227617e-05,1.487898360937833786e-02,1.971976780623663217e-05,1.055589616298675537e-01
7.677260637283325195e-01,1.214149128645658493e-02,2.659698111528996378e-05,6.527208257466554642e-03,8.681859071657527238e-06,2.135698646306991577e-01
7.792613506317138672e-01,1.195550058037042618e-02,4.658349644159898162e-05,9.581093676388263702e-03,1.403173973812954500e-05,1.991415172815322876e-01
8.004549741744995117e-01,2.645662287250161171e-03,1.419144518877146766e-05,3.026638180017471313e-03,6.547352313646115363e-06,1.938518583774566650e-01
8.052738904953002930e-01,1.251016557216644287e-02,4.040969361085444689e-05,1.196679938584566116e-02,1.010764663078589365e-05,1.701986938714981079e-01
6.477211117744445801e-01,1.210707705467939377e-02,1.771588176779914647e-05,1.344761345535516739e-02,5.412879545474424958e-06,3.267011642456054688e-01
5.788826942443847656e-01,3.333868086338043213e-02,2.640838829393032938e-05,4.733260348439216614e-02,8.068917850323487073e-06,3.404114544391632080e-01
2.584589719772338867e-01,1.796645969152450562e-01,1.245501916855573654e-04,7.508045434951782227e-02,3.148503674310632050e-05,4.866398274898529053e-01
1.964953094720840454e-01,4.603090584278106689e-01,5.886030266992747784e-04,1.343331784009933472e-01,1.390312536386772990e-04,2.081347256898880005e-01
2.104624658823013306e-01,4.808846116065979004e-01,1.482047606259584427e-03,2.186955213546752930e-01,2.487565507180988789e-04,8.822658658027648926e-02
6.454884260892868042e-02,7.120461463928222656e-01,1.707672374323010445e-03,2.048360705375671387e-01,1.354247215203940868e-04,1.672589220106601715e-02
6.304733455181121826e-02,7.840690612792968750e-01,1.868790714070200920e-03,1.368068009614944458e-01,1.302952005062252283e-04,1.407770160585641861e-02
1.752363145351409912e-01,4.704981148242950439e-01,1.756377518177032471e-03,3.264794051647186279e-01,1.146102295024320483e-04,2.591508813202381134e-02
2.419659346342086792e-01,4.677467048168182373e-01,3.012674162164330482e-03,2.432208955287933350e-01,3.019888536073267460e-04,4.375176504254341125e-02
4.398976564407348633e-01,3.150714337825775146e-01,5.501503124833106995e-03,1.725910604000091553e-01,7.004623184911906719e-04,6.623791158199310303e-02
6.215622425079345703e-01,2.057793885469436646e-01,2.995971124619245529e-03,1.137387305498123169e-01,4.720895376522094011e-04,5.545152351260185242e-02
5.692504048347473145e-01,2.408796101808547974e-01,2.401223871856927872e-03,5.900365486741065979e-02,4.091925802640616894e-04,1.280559301376342773e-01
6.344203352928161621e-01,1.934625804424285889e-01,1.863227691501379013e-03,7.750771194696426392e-02,3.200592182110995054e-04,9.242614358663558960e-02
6.021760702133178711e-01,2.606377303600311279e-01,1.531422487460076809e-03,6.386729329824447632e-02,2.188862126786261797e-04,7.156864553689956665e-02
5.320200324058532715e-01,2.716600298881530762e-01,1.730274409055709839e-03,1.485470682382583618e-01,1.648605975788086653e-04,4.587781429290771484e-02
6.148013472557067871e-01,2.131533026695251465e-01,1.314362627454102039e-03,1.251581609249114990e-01,1.246906467713415623e-04,4.544806480407714844e-02
4.490616917610168457e-01,2.009327858686447144e-01,1.036908011883497238e-03,3.142003118991851807e-01,7.820384780643507838e-05,3.469011932611465454e-02
3.973478972911834717e-01,2.225428372621536255e-01,6.867562769912183285e-04,2.466240376234054565e-01,6.351029878715053201e-05,1.327350139617919922e-01
5.659846067428588867e-01,1.440268009901046753e-01,4.575824132189154625e-04,1.471002995967864990e-01,6.047831629985012114e-05,1.423702836036682129e-01
5.536440014839172363e-01,2.064516767859458923e-02,7.335485861403867602e-05,2.545376494526863098e-02,2.486759512976277620e-05,4.001588523387908936e-01
6.621328592300415039e-01,1.479771826416254044e-02,6.019078864483162761e-05,1.254817657172679901e-02,2.656845208548475057e-05,3.104344308376312256e-01
8.343780040740966797e-01,1.882626907899975777e-03,2.744662015174981207e-05,4.446259234100580215e-03,1.285420876229181886e-05,1.592528671026229858e-01
9.019077420234680176e-01,6.869437638670206070e-04,1.504998181189876050e-05,1.628029276616871357e-03,9.488428986514918506e-06,9.575280547142028809e-02
9.404575824737548828e-01,1.200719038024544716e-03,5.358575435820966959e-05,3.262868849560618401e-03,2.068197500193491578e-05,5.500455200672149658e-02
9.674274325370788574e-01,1.565318903885781765e-03,6.003359521855600178e-05,2.345982939004898071e-03,2.473470885888673365e-05,2.857646159827709198e-02
9.727391600608825684e-01,5.351292202249169350e-04,1.037518995872233063e-05,8.688999805599451065e-04,4.901603006146615371e-06,2.584162726998329163e-02
9.093997478485107422e-01,1.496659358963370323e-03,8.301237357954960316e-06,1.560369273647665977e-03,5.800975486636161804e-06,8.752898126840591431e-02
7.286120653152465820e-01,1.819061464630067348e-03,1.166171568911522627e-05,3.256234107539057732e-03,7.756813829473685473e-06,2.662934064865112305e-01
5.232756733894348145e-01,2.535472158342599869e-03,1.014973440760513768e-05,6.316768936812877655e-03,6.074657449062215164e-06,4.678559303283691406e-01
5.983819365501403809e-01,3.533420851454138756e-03,1.834513568610418588e-05,4.982586950063705444e-03,9.210317330143880099e-06,3.930745422840118408e-01
7.533071637153625488e-01,2.141875959932804108e-02,1.682806469034403563e-04,8.298956789076328278e-03,6.278253567870706320e-05,2.167440056800842285e-01
9.108616709709167480e-01,8.088772185146808624e-03,1.141624670708552003e-04,2.858390100300312042e-03,4.307601921027526259e-05,7.803389430046081543e-02
9.578734040260314941e-01,1.876785536296665668e-03,1.616152258065994829e-05,8.415157208219170570e-04,7.741850822640117258e-06,3.938425704836845398e-02
9.766191840171813965e-01,3.036359790712594986e-03,4.057123442180454731e-05,1.994712511077523232e-03,1.393147431372199208e-05,1.829528063535690308e-02
9.708286523818969727e-01,2.599468454718589783e-03,3.305554855614900589e-05,5.734486039727926254e-03,8.234911547333467752e-06,2.079608477652072906e-02
9.130101203918457031e-01,5.434750579297542572e-03,5.227458314038813114e-05,2.521838806569576263e-02,9.431826583750080317e-06,5.627505108714103699e-02
9.246025085449218750e-01,7.123227231204509735e-03,7.796774298185482621e-05,1.800796203315258026e-02,1.801839607651345432e-05,5.017043277621269226e-02
8.492574691772460938e-01,3.306231228634715080e-03,2.272605706821195781e-05,8.815771900117397308e-03,7.406057648040587083e-06,1.385904103517532349e-01
7.998381257057189941e-01,4.213178530335426331e-03,1.958301072590984404e-05,8.084209635853767395e-03,8.119863196043297648e-06,1.878368556499481201e-01
8.238431215286254883e-01,1.703050569631159306e-03,1.299232189921895042e-05,2.386812586337327957e-03,7.064194051054073498e-06,1.720470041036605835e-01
7.867977619171142578e-01,1.712935231626033783e-02,1.068412166205234826e-04,1.393567305058240891e-02,3.397465479793027043e-05,1.819964200258255005e-01
7.634778022766113281e-01,7.887745648622512817e-02,6.928627262823283672e-04,2.986662834882736206e-02,1.704125024843961000e-04,1.269147992134094238e-01
7.897118926048278809e-01,9.515020996332168579e-02,1.354115433059632778e-03,3.621482849121093750e-02,3.332853666506707668e-04,7.723569869995117188e-02
8.471082448959350586e-01,4.094180464744567871e-02,3.600225027184933424e-04,1.376493927091360092e-02,9.776206570677459240e-05,9.772728383541107178e-02
9.332144856452941895e-01,1.017701625823974609e-02,1.089202123694121838e-04,5.630859173834323883e-03,4.005495065939612687e-05,5.082873627543449402e-02
9.560638070106506348e-01,6.526438053697347641e-03,1.392588164890184999e-04,7.111414335668087006e-03,3.833114533335901797e-05,3.012081421911716461e-02
9.132158160209655762e-01,6.880270317196846008e-03,1.595043140696361661e-04,1.870227791368961334e-02,4.487250771489925683e-05,6.099722161889076233e-02
8.025117516517639160e-01,2.396652102470397949e-02,6.408712361007928848e-04,8.323879539966583252e-02,1.089008801500312984e-04,8.953318744897842407e-02
6.249251365661621094e-01,9.619757533073425293e-02,1.649575773626565933e-03,7.775705307722091675e-02,3.855248796753585339e-04,1.990850865840911865e-01
5.052730441093444824e-01,2.110546678304672241e-01,3.144107526168227196e-03,1.657126694917678833e-01,3.994258586317300797e-04,1.144161298871040344e-01
5.010067820549011230e-01,2.772557735443115234e-01,1.867174752987921238e-03,1.237918585538864136e-01,2.033342752838507295e-04,9.587510675191879272e-02
4.773353338241577148e-01,3.062042295932769775e-01,2.947086235508322716e-03,1.779206693172454834e-01,1.890066632768139243e-04,3.540370613336563110e-02
6.657050848007202148e-01,1.927184015512466431e-01,1.529409666545689106e-03,1.119430363178253174e-01,1.243182487087324262e-04,2.797961421310901642e-02
8.854252099990844727e-01,5.850620195269584656e-02,1.905604382045567036e-03,3.848781064152717590e-02,2.447480510454624891e-04,1.543036382645368576e-02
8.974275588989257812e-01,2.776629850268363953e-02,1.010552863590419292e-03,2.778982184827327728e-02,3.064231132157146931e-04,4.569949582219123840e-02
9.002220034599304199e-01,7.917444221675395966e-03,2.041950065176934004e-04,4.829837940633296967e-03,1.060419235727749765e-04,8.672046661376953125e-02
7.756778001785278320e-01,1.107732579112052917e-02,2.042083942797034979e-04,5.629192572087049484e-03,1.202903004013933241e-04,2.072912752628326416e-01
7.289806604385375977e-01,2.138551324605941772e-02,3.723735280800610781e-04,8.226914331316947937e-03,1.897412294056266546e-04,2.408447712659835815e-01
7.935644388198852539e-01,8.823690935969352722e-03,7.793532131472602487e-05,4.529701080173254013e-03,3.858902346109971404e-05,1.929655671119689941e-01
8.722525238990783691e-01,1.552742719650268555e-02,5.230897295405156910e-05,3.366651246324181557e-03,2.015010431932751089e-05,1.087808161973953247e-01
7.871451377868652344e-01,8.561965823173522949e-02,2.918468962889164686e-04,1.754394732415676117e-02,6.468095671152696013e-05,1.093348115682601929e-01
8.076888322830200195e-01,5.367048457264900208e-02,1.205123699037358165e-04,1.526672393083572388e-02,2.986411345773376524e-05,1.232236251235008240e-01
5.027505159378051758e-01,1.893317103385925293e-01,2.006968861678615212e-04,2.261580340564250946e-02,4.320171865401789546e-05,2.850580513477325439e-01
5.497117638587951660e-01,1.035664752125740051e-01,4.282378067728132010e-04,2.983033657073974609e-02,1.190595285152085125e-04,3.163441121578216553e-01
5.568850040435791016e-01,4.814981669187545776e-02,1.525980478618294001e-04,1.536900177597999573e-02,5.826233245898038149e-05,3.793852925300598145e-01
4.837983548641204834e-01,8.983877487480640411e-03,4.949730282532982528e-05,5.391221493482589722e-03,2.751035754045005888e-05,5.017494559288024902e-01
5.146932005882263184e-01,6.485627498477697372e-03,3.108391319983638823e-05,5.367311649024486542e-03,1.585947939020115882e-05,4.734068810939788818e-01
7.175625562667846680e-01,5.985951982438564301e-03,1.558788244437891990e-05,5.453609861433506012e-03,7.496178113797213882e-06,2.709748148918151855e-01
7.168297171592712402e-01,3.512572729960083961e-03,7.775203812343534082e-06,3.592849243432283401e-03,4.108693246962502599e-06,2.760529518127441406e-01
6.513432264328002930e-01,1.243059290573000908e-03,3.435741518842405640e-06,1.338191796094179153e-03,2.361843826292897575e-06,3.460698127746582031e-01
6.372248530387878418e-01,2.420446136966347694e-03,5.139949280419386923e-06,2.001465996727347374e-03,2.526425987525726669e-06,3.583455085754394531e-01
7.234749197959899902e-01,2.298926562070846558e-02,3.577909592422656715e-05,1.336548477411270142e-02,8.224877092288807034e-06,2.401263713836669922e-01
5.484161972999572754e-01,1.479958891868591309e-01,2.245924551971256733e-04,4.063683748245239258e-02,2.868499541364144534e-05,2.626977562904357910e-01
4.050052165985107422e-01,3.571409583091735840e-01,8.886870346032083035e-04,5.759676173329353333e-02,1.128847943618893623e-04,1.792554855346679688e-01
5.611718893051147461e-01,5.163151398301124573e-02,1.604635617695748806e-04,1.732959412038326263e-02,3.325032594148069620e-05,3.696733415126800537e-01
6.891516447067260742e-01,2.524128742516040802e-02,2.003346162382513285e-04,9.316238574683666229e-03,5.443621557787992060e-05,2.760359644889831543e-01
7.714530229568481445e-01,2.076990716159343719e-02,2.511538332328200340e-04,5.583520047366619110e-03,8.905793947633355856e-05,2.018534094095230103e-01
7.048770189285278320e-01,6.427318789064884186e-03,8.631705713924020529e-05,3.299195785075426102e-03,5.006283026887103915e-05,2.852601110935211182e-01
7.564232349395751953e-01,2.432493865489959717e-02,2.646475913934409618e-04,1.098942570388317108e-02,8.896436338545754552e-05,2.079087495803833008e-01
7.885756492614746094e-01,7.261031307280063629e-03,6.166498496895655990e-05,3.821644699200987816e-03,3.184802699252031744e-05,2.002482265233993530e-01
8.457366228103637695e-01,1.573350396938621998e-03,2.206786848546471447e-05,2.272624988108873367e-03,1.445163434254936874e-05,1.503808796405792236e-01
9.258897900581359863e-01,1.382090733386576176e-03,2.878389204852283001e-05,2.481291303411126137e-03,1.518802127975504845e-05,7.020270824432373047e-02
9.678163528442382812e-01,4.218138346914201975e-04,6.620569365622941405e-06,1.014757086522877216e-03,2.878545501516782679e-06,3.073776327073574066e-02
9.805015921592712402e-01,5.312028224579989910e-04,1.183502081403275952e-05,1.340940361842513084e-03,4.421049197844695300e-06,1.761003956198692322e-02
9.054942131042480469e-01,1.175947021692991257e-03,1.057037388818571344e-05,2.461681608110666275e-03,4.520778475125553086e-06,9.085305035114288330e-02
8.176506161689758301e-01,2.130944048985838890e-03,1.939276990015059710e-05,2.566640265285968781e-03,1.133154819399351254e-05,1.776211857795715332e-01
6.998050212860107422e-01,6.606776732951402664e-03,1.635786975384689867e-05,2.785847987979650497e-03,9.642164513934403658e-06,2.907763719558715820e-01
5.068225860595703125e-01,1.353856921195983887e-02,2.432294604659546167e-05,4.167760256677865982e-03,1.181153584184357896e-05,4.754349291324615479e-01
7.836280465126037598e-01,2.847844548523426056e-02,5.883027552044950426e-05,1.011303253471851349e-02,2.013836274272762239e-05,1.777015477418899536e-01
7.792028188705444336e-01,1.511593535542488098e-02,7.811878458596765995e-05,7.897339761257171631e-03,3.019411815330386162e-05,1.976755261421203613e-01
8.613492250442504883e-01,1.513305120170116425e-02,1.645136217121034861e-04,1.013628486543893814e-02,6.404826126527041197e-05,1.131528615951538086e-01
8.350258469581604004e-01,9.981329552829265594e-03,8.965544111561030149e-05,7.398313842713832855e-03,3.739772728295065463e-05,1.474673449993133545e-01
7.931195497512817383e-01,1.954402588307857513e-02,1.497296761954203248e-04,8.321318775415420532e-03,6.020284854457713664e-05,1.788051724433898926e-01
7.353806495666503906e-01,8.532752841711044312e-02,5.191119853407144547e-04,9.872321970760822296e-03,1.768045913195237517e-04,1.687235087156295776e-01
5.669138431549072266e-01,2.303563952445983887e-01,8.439940866082906723e-04,2.883480116724967957e-02,1.864550285972654819e-04,1.728644073009490967e-01
7.232695817947387695e-01,1.479036659002304077e-01,9.140546899288892746e-04,1.678053103387355804e-02,2.384801919106394053e-04,1.108936294913291931e-01
5.296505689620971680e-01,3.772802948951721191e-01,2.908933209255337715e-03,2.220589481294155121e-02,7.367739453911781311e-04,6.721750646829605103e-02
3.293302953243255615e-01,5.665282607078552246e-01,3.474126337096095085e-03,3.893639519810676575e-02,6.469665677286684513e-04,6.108389794826507568e-02
6.679268479347229004e-01,1.686317026615142822e-01,7.831041584722697735e-04,2.553216740489006042e-02,1.988610601983964443e-04,1.369273364543914795e-01
5.862548351287841797e-01,1.009190976619720459e-01,3.569019027054309845e-04,1.715861447155475616e-02,1.320891024079173803e-04,2.951784729957580566e-01
4.580463767051696777e-01,1.547868456691503525e-02,9.437968401471152902e-05,1.020372938364744186e-02,6.621569627895951271e-05,5.161105990409851074e-01
4.874447286128997803e-01,1.476374105550348759e-03,2.973238770209718496e-05,4.353700671344995499e-03,3.247222412028349936e-05,5.066629648208618164e-01
6.596274375915527344e-01,2.888008486479520798e-03,5.717812746297568083e-05,6.910973694175481796e-03,5.881165634491480887e-05,3.304576575756072998e-01
6.462290883064270020e-01,3.009656677022576332e-03,1.248393236892297864e-04,1.194225903600454330e-02,9.047173807630315423e-05,3.386037051677703857e-01
9.246606230735778809e-01,3.127887845039367676e-03,5.165983384358696640e-05,3.829480381682515144e-03,3.239270881749689579e-05,6.829797476530075073e-02
9.336331486701965332e-01,2.576879924163222313e-03,2.424676677037496120e-05,2.004937268793582916e-03,1.171224084828281775e-05,6.174913048744201660e-02
9.535543918609619141e-01,6.583312642760574818e-04,4.800534497917396948e-06,1.333715976215898991e-03,2.393506747466744855e-06,4.444640129804611206e-02
9.059092998504638672e-01,3.031968604773283005e-03,1.681799221842084080e-05,1.826441381126642227e-03,9.890182809613179415e-06,8.920539170503616333e-02
7.387035489082336426e-01,4.248726181685924530e-03,2.170779953303281218e-05,3.208754118531942368e-03,1.281856202695053071e-05,2.538044452667236328e-01
6.344126462936401367e-01,1.653906330466270447e-02,1.080055517377331853e-04,1.303963549435138702e-02,3.819520861725322902e-05,3.358625173568725586e-01
5.545718073844909668e-01,8.967804908752441406e-02,6.795694353058934212e-04,2.967311441898345947e-02,1.858648611232638359e-04,3.252116739749908447e-01
5.344530344009399414e-01,1.275452226400375366e-01,8.572264341637492180e-04,4.754569754004478455e-02,1.581173128215596080e-04,2.894406318664550781e-01
6.243287920951843262e-01,1.745094805955886841e-01,1.112736412324011326e-03,3.779080882668495178e-02,2.142744488082826138e-04,1.620438694953918457e-01
4.376292228698730469e-01,2.220747917890548706e-01,1.484286156482994556e-03,5.187218263745307922e-02,3.357719106134027243e-04,2.866038382053375244e-01
3.980600237846374512e-01,3.603287413716316223e-02,2.550513891037553549e-04,2.412820234894752502e-02,8.394322503590956330e-05,5.414399504661560059e-01
3.605954945087432861e-01,1.245709042996168137e-02,7.275903772097080946e-05,6.203660741448402405e-03,5.109775520395487547e-05,6.206199526786804199e-01
2.467869967222213745e-01,1.274166442453861237e-02,5.670559403370134532e-05,6.672083865851163864e-03,3.368990292074158788e-05,7.337088584899902344e-01
5.695178508758544922e-01,1.671849004924297333e-02,1.323917240370064974e-04,1.586546562612056732e-02,5.075657099951058626e-05,3.977150619029998779e-01
6.298666596412658691e-01,1.919696852564811707e-02,9.236558980774134398e-05,7.090153172612190247e-03,3.902651587850414217e-05,3.437148630619049072e-01
7.243298888206481934e-01,4.542821645736694336e-02,3.447917406447231770e-04,1.199943851679563522e-02,1.116494167945347726e-04,2.177859991788864136e-01
9.046779274940490723e-01,1.773039810359477997e-02,3.471760137472301722e-04,5.028438288718461990e-03,1.238800032297149301e-04,7.209215313196182251e-02
8.726027607917785645e-01,3.612416330724954605e-03,5.877684088773094118e-05,1.603230251930654049e-03,3.609771738410927355e-05,1.220868229866027832e-01
9.009415507316589355e-01,1.479689381085336208e-03,4.610207543009892106e-05,7.322503370232880116e-04,3.226009357604198158e-05,9.676828235387802124e-02
8.998792767524719238e-01,1.946020405739545822e-03,6.443111487897112966e-05,2.679578028619289398e-03,3.508337613311596215e-05,9.539551287889480591e-02
6.351155638694763184e-01,1.639393158257007599e-03,1.969587356143165380e-05,4.076243378221988678e-03,1.240025358129059896e-05,3.591366410255432129e-01
8.666453361511230469e-01,2.117718802765011787e-03,1.782698564056772739e-05,7.527290377765893936e-03,6.518436748592648655e-06,1.236852034926414490e-01
8.211421370506286621e-01,1.156891044229269028e-02,5.077062814962118864e-05,2.513823658227920532e-02,1.326688743574777618e-05,1.420866549015045166e-01
6.207928061485290527e-01,2.981709316372871399e-02,4.155648275627754629e-05,2.935409918427467346e-02,1.374341263726819307e-05,3.199807107448577881e-01
8.511700630187988281e-01,1.518046949058771133e-02,4.249448102200403810e-05,8.613684214651584625e-03,1.423318917659344152e-05,1.249790415167808533e-01
8.138633370399475098e-01,1.442778483033180237e-02,9.104194032261148095e-05,7.523086387664079666e-03,3.829393244814127684e-05,1.640564203262329102e-01
8.127157092094421387e-01,3.520428203046321869e-03,7.496732723666355014e-05,3.127738833427429199e-03,3.775083678192459047e-05,1.805232912302017212e-01
9.375517964363098145e-01,1.519847312010824680e-03,4.554622137220576406e-05,1.751060248352587223e-03,2.741480057011358440e-05,5.910427495837211609e-02
8.283552527427673340e-01,3.891994478181004524e-03,1.191837509395554662e-04,5.419337656348943710e-03,5.339120616554282606e-05,1.621607244014739990e-01
7.614471912384033203e-01,1.097834669053554535e-02,1.055782267940230668e-04,1.094492059201002121e-02,4.684169834945350885e-05,2.164770811796188354e-01
7.024897933006286621e-01,4.658391233533620834e-03,3.300050593679770827e-05,7.898433133959770203e-03,1.358739245915785432e-05,2.849068045616149902e-01
8.146368265151977539e-01,5.249482579529285431e-03,2.812142884067725390e-05,6.463251542299985886e-03,1.387369593430776149e-05,1.736083775758743286e-01
8.858538269996643066e-01,4.274916369467973709e-03,3.922975156456232071e-05,3.848277730867266655e-03,1.551261084387078881e-05,1.059683561325073242e-01
9.319235086441040039e-01,1.761346706189215183e-03,1.685573806753382087e-05,1.258970471099019051e-03,8.858815817802678794e-06,6.503038108348846436e-02
9.298535585403442383e-01,7.357665454037487507e-04,1.011288350127870217e-05,1.004404039122164249e-03,5.303359102981630713e-06,6.839079409837722778e-02
8.535463213920593262e-01,1.717718085274100304e-03,1.171926578535931185e-05,8.114610682241618633e-04,7.690337952226400375e-06,1.439050287008285522e-01
6.301173567771911621e-01,1.395310554653406143e-02,4.775969864567741752e-05,6.052986718714237213e-03,2.044766733888536692e-05,3.498083949089050293e-01
4.229301810264587402e-01,1.051972620189189911e-02,2.341922845516819507e-05,7.140183821320533752e-03,1.005456670100102201e-05,5.593763589859008789e-01
2.934464216232299805e-01,4.565229639410972595e-02,4.076343248016200960e-05,1.312932930886745453e-02,1.658285691519267857e-05,6.477145552635192871e-01
1.581323295831680298e-01,3.678602352738380432e-02,2.071171365969348699e-05,1.029707957059144974e-02,7.210641342680901289e-06,7.947566509246826172e-01
2.860084474086761475e-01,5.262823775410652161e-02,6.754667265340685844e-05,2.124121226370334625e-02,2.174461951653938740e-05,6.400328278541564941e-01
3.582556247711181641e-01,4.335368424654006958e-02,5.234169657342135906e-05,1.378789637237787247e-02,1.820477336877956986e-05,5.845323204994201660e-01
3.458442389965057373e-01,2.979363314807415009e-02,3.256056152167730033e-05,1.839935965836048126e-02,1.354197229375131428e-05,6.059167385101318359e-01
4.259944856166839600e-01,5.732283741235733032e-02,9.060564480023458600e-05,4.474572092294692993e-02,2.352637602598406374e-05,4.718228280544281006e-01
6.318207979202270508e-01,1.578112877905368805e-02,3.648136043921113014e-05,3.555569425225257874e-02,1.050586070050485432e-05,3.167953491210937500e-01
6.839851140975952148e-01,2.376757329329848289e-03,7.639720934093929827e-06,1.487562339752912521e-02,2.704978214751463383e-06,2.987522780895233154e-01
8.984076380729675293e-01,2.952841576188802719e-03,2.928145840996876359e-05,1.781049743294715881e-02,6.164041678857756779e-06,8.079367876052856445e-02
8.702590465545654297e-01,3.335383487865328789e-03,4.947645720676518977e-05,7.515491917729377747e-03,1.730302938085515052e-05,1.188233792781829834e-01
8.520687222480773926e-01,1.650717668235301971e-02,2.343114028917625546e-04,1.958693936467170715e-02,6.013391976011916995e-05,1.115427389740943909e-01
8.401684165000915527e-01,3.073246218264102936e-02,2.965325547847896814e-04,1.451663393527269363e-02,9.619009506423026323e-05,1.141897812485694885e-01
6.120475530624389648e-01,2.872115001082420349e-02,1.376284926664084196e-04,2.445726282894611359e-02,4.958942008670419455e-05,3.345867693424224854e-01
6.655783653259277344e-01,2.005893364548683167e-02,7.232511416077613831e-05,2.635885775089263916e-02,3.160479172947816551e-05,2.878999114036560059e-01
6.445991396903991699e-01,3.518758807331323624e-03,1.732970122247934341e-05,2.339790016412734985e-02,6.685994776489678770e-06,3.284601867198944092e-01
6.331470608711242676e-01,2.105082850903272629e-03,8.244899618148338050e-06,8.253156207501888275e-03,4.419759989104932174e-06,3.564819991588592529e-01
5.228273272514343262e-01,4.193574935197830200e-02,9.346313891001045704e-05,3.317257389426231384e-02,2.660064092196989805e-05,4.019441604614257812e-01
6.542514562606811523e-01,9.173163026571273804e-02,3.027908969670534134e-04,4.836074635386466980e-02,6.748521991539746523e-05,2.052860409021377563e-01
5.460644960403442383e-01,1.235205754637718201e-01,2.107402251567691565e-04,5.921924114227294922e-02,3.846024264930747449e-05,2.709465026855468750e-01
4.305692315101623535e-01,3.453854620456695557e-01,6.900692824274301529e-04,1.572028100490570068e-01,7.412338163703680038e-05,6.607835739850997925e-02
4.898531734943389893e-01,1.458521932363510132e-01,5.284529179334640503e-04,6.246285513043403625e-02,1.391673868056386709e-04,3.011641800403594971e-01
3.386597633361816406e-01,9.606184437870979309e-03,5.467280061566270888e-05,1.385907735675573349e-02,2.734939698711968958e-05,6.377930045127868652e-01
4.134212434291839600e-01,5.937005858868360519e-03,4.327051647123880684e-05,6.813874002546072006e-03,2.971821231767535210e-05,5.737548470497131348e-01
6.647552251815795898e-01,8.435611613094806671e-03,1.015606394503265619e-04,7.906455546617507935e-03,5.757043254561722279e-05,3.187436163425445557e-01
8.207581043243408203e-01,2.031726576387882233e-02,3.442007291596382856e-04,7.965498603880405426e-03,1.713364035822451115e-04,1.504435837268829346e-01
7.906112670898437500e-01,2.227374166250228882e-02,2.122935984516516328e-04,2.231820300221443176e-02,8.907503797672688961e-05,1.644954681396484375e-01
6.170135140419006348e-01,4.266245290637016296e-02,3.685299307107925415e-04,7.410747557878494263e-02,9.936022252077236772e-05,2.657487094402313232e-01
6.951584815979003906e-01,1.106189377605915070e-02,5.375990804168395698e-05,3.976556286215782166e-02,1.956234336830675602e-05,2.539406418800354004e-01
5.522223711013793945e-01,7.321683224290609360e-03,2.012495133385527879e-05,3.822823986411094666e-02,9.049537766259163618e-06,4.021985530853271484e-01
7.570071220397949219e-01,7.629865780472755432e-03,2.006358772632665932e-05,2.852538414299488068e-02,6.543790732393972576e-06,2.068108916282653809e-01
8.505638837814331055e-01,1.043593510985374451e-02,4.513649764703586698e-05,1.045178249478340149e-02,1.684518611000385135e-05,1.284864395856857300e-01
7.648267745971679688e-01,8.935656398534774780e-03,2.833726284734439105e-05,5.259675905108451843e-03,1.246815099875675514e-05,2.209370583295822144e-01
8.341532349586486816e-01,4.698102828115224838e-03,2.017055339820217341e-05,3.996471408754587173e-03,8.274529136542696506e-06,1.571238040924072266e-01
8.754475712776184082e-01,8.976344950497150421e-03,3.248607026762329042e-05,4.241716582328081131e-03,1.482539573771646246e-05,1.112871095538139343e-01
5.737072825431823730e-01,2.894986653700470924e-03,4.207629444863414392e-06,4.104224033653736115e-03,2.098251570714637637e-06,4.192871153354644775e-01
7.285366058349609375e-01,1.087728235870599747e-02,1.272511599381687120e-05,1.443739421665668488e-02,5.226253506407374516e-06,2.461306899785995483e-01
6.911075115203857422e-01,1.333746500313282013e-02,4.595757491188123822e-05,2.596922963857650757e-02,1.354025607724906877e-05,2.695263624191284180e-01
3.446646034717559814e-01,7.633311673998832703e-03,8.615595106675755233e-06,6.933711934834718704e-03,5.399580004450399429e-06,6.407542824745178223e-01
4.007070064544677734e-01,5.200864281505346298e-03,1.517301825515460223e-05,7.833021692931652069e-03,7.170001936174230650e-06,5.862367153167724609e-01
7.722082138061523438e-01,9.649173356592655182e-03,4.612270276993513107e-05,2.137374319136142731e-02,1.827433152357116342e-05,1.967045217752456665e-01
5.766509771347045898e-01,7.232992444187402725e-03,3.012065644725225866e-05,1.392222382128238678e-02,1.129511747421929613e-05,4.021524488925933838e-01
6.819196343421936035e-01,1.755052059888839722e-02,1.063768213498406112e-04,2.916053496301174164e-02,3.680129157146438956e-05,2.712260782718658447e-01
5.795079469680786133e-01,2.675730176270008087e-02,2.251893602078780532e-04,4.351970180869102478e-02,5.864837658009491861e-05,3.499311506748199463e-01
4.242942631244659424e-01,5.509990081191062927e-02,1.882266224129125476e-04,1.708400435745716095e-02,8.812519808998331428e-05,5.032455325126647949e-01
5.281668305397033691e-01,1.793198287487030029e-02,1.472978910896927118e-04,1.319562830030918121e-02,7.812277908669784665e-05,4.404801130294799805e-01
6.974948048591613770e-01,3.053911775350570679e-02,2.417607320239767432e-04,2.175347693264484406e-02,9.757062071003019810e-05,2.498732507228851318e-01
7.665920853614807129e-01,1.916389726102352142e-02,1.738182763801887631e-04,1.225759647786617279e-02,8.794772293185815215e-05,2.017246633768081665e-01
8.813496828079223633e-01,2.157090930268168449e-03,2.874549863918218762e-05,3.213661024346947670e-03,1.844821053964551538e-05,1.132322996854782104e-01
8.302285671234130859e-01,6.137521937489509583e-03,4.599523163051344454e-05,5.601817276328802109e-03,2.560689245001412928e-05,1.579603701829910278e-01
4.695480763912200928e-01,1.020105462521314621e-02,1.630668339203111827e-05,4.939386155456304550e-03,8.928424904297571629e-06,5.152862071990966797e-01
2.253840118646621704e-01,2.444861829280853271e-02,1.615106157260015607e-05,8.458981290459632874e-03,7.770202500978484750e-06,7.416844964027404785e-01
2.833893299102783203e-01,5.478294938802719116e-02,9.718022192828357220e-05,2.214062958955764771e-02,3.675339030451141298e-05,6.395531892776489258e-01
2.428777366876602173e-01,1.972266659140586853e-02,4.356733188615180552e-05,2.196147665381431580e-02,1.854392940003890544e-05,7.153759598731994629e-01
3.134674727916717529e-01,2.204552106559276581e-02,4.657540193875320256e-05,1.638880185782909393e-02,2.097106698784045875e-05,6.480306982994079590e-01
4.962722659111022949e-01,9.650720283389091492e-03,5.688361852662637830e-05,9.917940944433212280e-03,3.410032149986363947e-05,4.840681552886962891e-01
5.141099691390991211e-01,4.884009249508380890e-03,1.644067197048570961e-05,6.609844509512186050e-03,9.055283044290263206e-06,4.743706583976745605e-01
4.548147022724151611e-01,3.841757541522383690e-03,1.725193033053074032e-05,4.447063896805047989e-03,1.250153036380652338e-05,5.368666648864746094e-01
5.266063213348388672e-01,1.314440090209245682e-02,1.402826892444863915e-04,1.510299183428287506e-02,9.696630877442657948e-05,4.449089467525482178e-01
3.790536522865295410e-01,1.731732673943042755e-02,2.121167926816269755e-04,2.262412384152412415e-02,1.090572332032024860e-04,5.806837081909179688e-01
6.187241673469543457e-01,6.599230319261550903e-02,1.239382778294384480e-03,5.783687159419059753e-02,4.654194635804742575e-04,2.557419240474700928e-01
5.165547132492065430e-01,2.324172258377075195e-01,6.079262122511863708e-03,1.084310859441757202e-01,1.846785424277186394e-03,1.346710026264190674e-01
6.844760775566101074e-01,7.008573412895202637e-02,1.680804300121963024e-03,4.165536910295486450e-02,8.283989154733717442e-04,2.012736797332763672e-01
6.747006177902221680e-01,1.039177924394607544e-01,1.548508647829294205e-03,7.973349094390869141e-02,3.398220869712531567e-04,1.397598236799240112e-01
7.894589304924011230e-01,3.632170706987380981e-02,7.330859079957008362e-04,3.489144518971443176e-02,2.145949110854417086e-04,1.383802741765975952e-01
8.272196650505065918e-01,3.578389436006546021e-02,2.533825463615357876e-04,1.690591312944889069e-02,7.887341780588030815e-05,1.197582632303237915e-01
8.399112820625305176e-01,2.940469607710838318e-02,3.142764326184988022e-04,2.005673199892044067e-02,1.120630913646891713e-04,1.102009937167167664e-01
5.569230914115905762e-01,1.351957954466342926e-02,4.793482366949319839e-05,9.876814670860767365e-03,3.018933057319372892e-05,4.196023344993591309e-01
5.813913345336914062e-01,5.254101473838090897e-03,1.888249971671029925e-05,1.293851062655448914e-02,9.133141247730236501e-06,4.003881514072418213e-01
3.872920274734497070e-01,2.020016079768538475e-03,6.031378688930999488e-06,5.123522132635116577e-03,5.261545084067620337e-06,6.055531501770019531e-01
5.596639513969421387e-01,7.294678362086415291e-04,6.608715011680033058e-06,2.297208877280354500e-03,6.458247753471368924e-06,4.372962713241577148e-01
7.999071478843688965e-01,2.023717621341347694e-03,2.078400211757980287e-05,5.555610172450542450e-03,1.578612864250317216e-05,1.924768090248107910e-01
8.736732006072998047e-01,5.618399940431118011e-03,7.966879638843238354e-05,8.641960099339485168e-03,4.227838144288398325e-05,1.119445413351058960e-01
8.814797401428222656e-01,7.899603806436061859e-03,1.858166797319427133e-04,8.622526191174983978e-03,1.323696924373507500e-04,1.016799956560134888e-01
9.497592449188232422e-01,3.785945707932114601e-03,1.070336729753762484e-04,4.221842158585786819e-03,6.477122224168851972e-05,4.206112772226333618e-02
9.469836950302124023e-01,2.651016227900981903e-03,3.433530218899250031e-05,2.471877960488200188e-03,1.483532651036512107e-05,4.784433543682098389e-02
9.691568613052368164e-01,6.464702892117202282e-04,9.648541890783235431e-06,1.002982142381370068e-03,4.685532530857017264e-06,2.917926013469696045e-02
9.691501259803771973e-01,1.023177057504653931e-03,2.652785406098701060e-05,1.181984436698257923e-03,1.540396078780759126e-05,2.860279940068721771e-02
9.569317102432250977e-01,8.761819917708635330e-04,1.411977609677705914e-05,9.047103812918066978e-04,8.017295840545557439e-06,4.126515984535217285e-02
9.212100505828857422e-01,4.248073790222406387e-03,2.416518145764712244e-05,2.073107985779643059e-03,1.131042790802894160e-05,7.243330776691436768e-02
9.232088327407836914e-01,1.187640242278575897e-02,6.311456672847270966e-05,2.926569664850831032e-03,2.718873656704090536e-05,6.189795583486557007e-02
8.050034642219543457e-01,3.046256490051746368e-02,9.919478907249867916e-05,8.420155383646488190e-03,3.070965976803563535e-05,1.559838652610778809e-01
6.105021834373474121e-01,1.426617950201034546e-01,4.540478694252669811e-04,2.655432000756263733e-02,9.676682384451851249e-05,2.197308540344238281e-01
5.579283833503723145e-01,2.410820722579956055e-01,7.970044971443712711e-04,1.983449049293994904e-02,1.740011939546093345e-04,1.801840662956237793e-01
5.385661125183105469e-01,1.244420334696769714e-01,2.999849384650588036e-04,1.849098689854145050e-02,8.360763604287058115e-05,3.181172609329223633e-01
3.390777111053466797e-01,1.594069153070449829e-01,2.028159797191619873e-04,2.780216746032238007e-02,4.620122126652859151e-05,4.734641015529632568e-01
3.668534755706787109e-01,4.447855427861213684e-02,3.508331792545504868e-05,8.462049998342990875e-03,1.429863004887010902e-05,5.801565051078796387e-01
5.699239969253540039e-01,1.122479885816574097e-02,1.908605554490350187e-05,7.449028082191944122e-03,8.945829904405400157e-06,4.113740026950836182e-01
6.563664674758911133e-01,2.111696824431419373e-02,2.718720315897371620e-05,1.317286118865013123e-02,8.533223990525584668e-06,3.093080520629882812e-01
9.094199538230895996e-01,2.418976509943604469e-03,7.979310794326011091e-06,2.242426155135035515e-03,3.935850600100820884e-06,8.590675890445709229e-02
9.324757456779479980e-01,1.058721798472106457e-03,8.752328540140297264e-06,2.042382955551147461e-03,4.777656613441649824e-06,6.440968811511993408e-02
8.433460593223571777e-01,4.244587384164333344e-03,3.655550244729965925e-05,6.675823591649532318e-03,1.742621316225267947e-05,1.456795781850814819e-01
8.965829014778137207e-01,1.898019690997898579e-03,3.195075260009616613e-05,3.064608667045831680e-03,1.583595258125569671e-05,9.840671718120574951e-02
8.392310738563537598e-01,1.111401827074587345e-03,1.059467194863827899e-05,2.850757678970694542e-03,6.791631221858551726e-06,1.567893326282501221e-01
7.920158505439758301e-01,1.203237194567918777e-02,6.241445953492075205e-05,1.376458257436752319e-02,2.404617043794132769e-05,1.821007579565048218e-01
6.620723009109497070e-01,2.322757430374622345e-02,1.193381322082132101e-04,1.019272208213806152e-02,4.177887603873386979e-05,3.043463826179504395e-01
6.862583756446838379e-01,2.207096666097640991e-02,6.620174826821312308e-05,8.287532255053520203e-03,2.576670885900966823e-05,2.832912206649780273e-01
7.384839653968811035e-01,2.895231358706951141e-02,1.630580809433013201e-04,9.614942595362663269e-03,4.470719795790500939e-05,2.227410376071929932e-01
8.423536419868469238e-01,2.064243331551551819e-02,9.892483649309724569e-05,6.032912060618400574e-03,3.381522765266709030e-05,1.308383643627166748e-01
9.166975021362304688e-01,4.436416085809469223e-03,2.640053025970701128e-05,1.660455018281936646e-03,1.287805753236170858e-05,7.716624438762664795e-02
8.669621944427490234e-01,2.065151929855346680e-03,5.069685357739217579e-06,7.864088984206318855e-04,3.643004447440034710e-06,1.301775872707366943e-01
5.818817019462585449e-01,2.099479781463742256e-03,4.563472884910879657e-06,8.763276273384690285e-04,4.008938049082644284e-06,4.151338934898376465e-01
4.143463373184204102e-01,1.995389116927981377e-03,3.235680878788116388e-06,1.219197642058134079e-03,2.893364808187470771e-06,5.824329257011413574e-01
3.329008519649505615e-01,5.065586883574724197e-03,4.999532848160015419e-06,3.112904727458953857e-03,3.799604655796429142e-06,6.589118242263793945e-01
5.463162064552307129e-01,5.301080644130706787e-03,1.045811495714588091e-05,5.798741709440946579e-03,5.635304205497959629e-06,4.425678253173828125e-01
6.194055080413818359e-01,1.457084901630878448e-03,5.084020813228562474e-06,2.900767372921109200e-03,3.030508196388836950e-06,3.762285709381103516e-01
8.802512884140014648e-01,1.534211332909762859e-03,1.362317925668321550e-05,4.538124892860651016e-03,6.845547886769054458e-06,1.136559396982192993e-01
9.321303367614746094e-01,1.872453140094876289e-03,3.153871512040495872e-05,5.367475096136331558e-03,1.184442407975438982e-05,6.058626994490623474e-02
9.450920820236206055e-01,3.833524184301495552e-03,1.086214324459433556e-04,4.371290560811758041e-03,5.066548692411743104e-05,4.654392227530479431e-02
9.329981803894042969e-01,1.132145058363676071e-02,5.805575056001543999e-04,1.415316294878721237e-02,1.972389873117208481e-04,4.074952751398086548e-02
8.441212773323059082e-01,3.076426126062870026e-02,5.156575934961438179e-04,5.023916810750961304e-02,1.424892689101397991e-04,7.421720772981643677e-02
6.449019312858581543e-01,8.068719506263732910e-02,3.572761779651045799e-04,6.392563879489898682e-02,7.293881208170205355e-05,2.100550383329391479e-01
6.922861337661743164e-01,8.092734217643737793e-02,2.985986066050827503e-04,3.425627574324607849e-02,6.282870890572667122e-05,1.921688914299011230e-01
2.098636776208877563e-01,2.315216809511184692e-01,1.250057684956118464e-04,1.283941883593797684e-02,2.919290091085713357e-05,5.456210374832153320e-01
1.817716360092163086e-01,4.260300695896148682e-01,2.593682147562503815e-04,2.315525896847248077e-02,4.659907062887214124e-05,3.687370717525482178e-01
2.485549449920654297e-01,4.174088835716247559e-01,8.074425859376788139e-04,5.323014780879020691e-02,7.825595093891024590e-05,2.799203395843505859e-01
1.879859268665313721e-01,2.892996370792388916e-01,2.937954559456557035e-04,5.349420383572578430e-02,4.501925650401972234e-05,4.688813388347625732e-01
3.650829493999481201e-01,1.480684578418731689e-01,2.809651778079569340e-04,3.995794802904129028e-02,4.781486859428696334e-05,4.465617835521697998e-01
5.254069566726684570e-01,7.374524325132369995e-02,3.483771870378404856e-04,1.777287945151329041e-02,1.092594757210463285e-04,3.826173543930053711e-01
5.368105769157409668e-01,1.794107854366302490e-01,7.339895237237215042e-04,2.691832557320594788e-02,1.780660968506708741e-04,2.559482455253601074e-01
5.000228881835937500e-01,1.300931721925735474e-01,9.671187726780772209e-04,1.853890903294086456e-02,3.255839983467012644e-04,3.500523567199707031e-01
4.187671244144439697e-01,8.677824586629867554e-02,6.661770166829228401e-04,1.942847110331058502e-02,2.613695105537772179e-04,4.740985631942749023e-01
4.860923290252685547e-01,3.391483798623085022e-02,1.794591371435672045e-04,1.161408610641956329e-02,6.376772944349795580e-05,4.681355059146881104e-01
7.076971530914306641e-01,1.101292483508586884e-02,7.124087278498336673e-05,5.526925437152385712e-03,3.428451600484549999e-05,2.756575942039489746e-01
8.216160535812377930e-01,4.984329920262098312e-03,2.191455496358685195e-05,3.603874938562512398e-03,1.025769415718968958e-05,1.697635203599929810e-01
9.039267301559448242e-01,6.607591640204191208e-03,5.089584374218247831e-05,7.742474321275949478e-03,1.786511529644485563e-05,8.165442943572998047e-02
9.437833428382873535e-01,9.217350743710994720e-03,6.145181396277621388e-05,9.800690226256847382e-03,1.428687755833379924e-05,3.712294250726699829e-02
9.535104036331176758e-01,9.950451552867889404e-03,9.005246101878583431e-05,7.501391693949699402e-03,2.596468038973398507e-05,2.892187610268592834e-02
9.644901752471923828e-01,1.080797519534826279e-02,1.605422148713842034e-04,5.914092063903808594e-03,4.231839920976199210e-05,1.858483813703060150e-02
9.426600933074951172e-01,2.118745632469654083e-02,3.271124442107975483e-04,9.214122779667377472e-03,7.564277620986104012e-05,2.653563022613525391e-02
8.053325414657592773e-01,1.018028110265731812e-01,8.619903819635510445e-04,3.449857607483863831e-02,1.307733473367989063e-04,5.737316980957984924e-02
6.502943634986877441e-01,1.015579104423522949e-01,8.473541820421814919e-04,2.473295666277408600e-02,2.355313190491870046e-04,2.223318517208099365e-01
5.324520468711853027e-01,1.100080162286758423e-01,7.484101224690675735e-04,5.722041800618171692e-02,1.586569851497188210e-04,2.994124591350555420e-01
3.658300638198852539e-01,2.138002216815948486e-01,6.030252552591264248e-04,9.600079059600830078e-02,9.526737994747236371e-05,3.236705362796783447e-01
4.471794068813323975e-01,1.790102869272232056e-01,8.260374306701123714e-04,1.219946295022964478e-01,1.009681291179731488e-04,2.508886456489562988e-01
5.174927115440368652e-01,1.855320632457733154e-01,8.592698723077774048e-04,1.413790136575698853e-01,9.971241524908691645e-05,1.546371877193450928e-01
8.146066069602966309e-01,5.753153562545776367e-02,4.663610889110714197e-04,2.951857261359691620e-02,1.008506878861226141e-04,9.777600318193435669e-02
8.189232349395751953e-01,7.604688405990600586e-02,9.753681370057165623e-04,3.170581161975860596e-02,5.374863976612687111e-04,7.181124389171600342e-02
7.881255149841308594e-01,1.934111677110195160e-02,1.580130192451179028e-04,9.722815826535224915e-03,1.229738409165292978e-04,1.825295239686965942e-01
5.582576394081115723e-01,6.712883245199918747e-03,3.144787115161307156e-05,3.786824410781264305e-03,3.612028012867085636e-05,4.311750233173370361e-01
4.464084506034851074e-01,9.735649451613426208e-03,1.674102531978860497e-05,1.351509708911180496e-02,1.404080285283271223e-05,5.303099751472473145e-01
4.697747528553009033e-01,1.457773731090128422e-03,1.704327019069751259e-06,6.200568284839391708e-03,8.363337542505178135e-07,5.225644111633300781e-01
7.442932128906250000e-01,1.173720229417085648e-03,1.205333433063060511e-06,3.542344551533460617e-03,7.832123856132966466e-07,2.509887218475341797e-01
5.292872190475463867e-01,2.839549677446484566e-03,1.721316493785707280e-06,1.189867127686738968e-02,8.034991765271115582e-07,4.559719860553741455e-01
3.831172585487365723e-01,6.375672761350870132e-03,1.545013219583779573e-06,6.604465655982494354e-03,7.683160561100521591e-07,6.039003133773803711e-01
3.143850266933441162e-01,2.127726934850215912e-02,7.164209364418638870e-06,1.190482918173074722e-02,2.769909769995138049e-06,6.524229645729064941e-01
3.169396817684173584e-01,5.570884421467781067e-02,2.262540692754555494e-05,1.336407102644443512e-02,8.324383088620379567e-06,6.139564514160156250e-01
6.130819916725158691e-01,2.932699210941791534e-02,2.017894439632073045e-05,4.687067586928606033e-03,8.618562787887640297e-06,3.528751432895660400e-01
8.657560944557189941e-01,4.988293629139661789e-03,3.359066613484174013e-05,2.332973526790738106e-03,1.687579606368672103e-05,1.268721371889114380e-01
9.540566802024841309e-01,1.544666127301752567e-03,3.445998299866914749e-05,1.207247609272599220e-03,1.880451964098028839e-05,4.313813894987106323e-02
9.641741514205932617e-01,1.503607607446610928e-03,4.412117414176464081e-05,1.196269760839641094e-03,2.235536521766334772e-05,3.305949270725250244e-02
9.744891524314880371e-01,2.908997004851698875e-03,1.892897707875818014e-04,3.910785540938377380e-03,6.076855424907989800e-05,1.844115369021892548e-02
9.485875368118286133e-01,8.942517451941967010e-03,2.554536331444978714e-04,1.303607132285833359e-02,5.465616777655668557e-05,2.912389300763607025e-02
9.017574787139892578e-01,2.144959010183811188e-02,3.970124525949358940e-04,1.360049284994602203e-02,1.160522660939022899e-04,6.267934292554855347e-02
8.690133094787597656e-01,2.459773793816566467e-02,2.267463423777371645e-04,2.197096496820449829e-02,4.946655099047347903e-05,8.414170891046524048e-02
9.072143435478210449e-01,6.223848089575767517e-03,4.674305091612040997e-05,7.936540991067886353e-03,1.846696250140666962e-05,7.856011390686035156e-02
9.482925534248352051e-01,2.201589290052652359e-03,2.030628820648416877e-05,2.807821379974484444e-03,7.253028798004379496e-06,4.667052626609802246e-02
9.727871417999267578e-01,1.304215053096413612e-03,8.508885912306141108e-06,1.435119658708572388e-03,3.264666247559944168e-06,2.446177043020725250e-02
9.533222913742065430e-01,6.533664418384432793e-04,4.503876880335155874e-06,2.010354306548833847e-03,1.768781771716021467e-06,4.400760307908058167e-02
9.407984018325805664e-01,1.905585522763431072e-03,1.288503426621900871e-05,5.229901056736707687e-03,4.838579116039909422e-06,5.204847455024719238e-02
9.170527458190917969e-01,5.617561750113964081e-03,7.026192179182544351e-05,7.641343865543603897e-03,2.525536183384247124e-05,6.959283351898193359e-02
9.468331933021545410e-01,4.822649527341127396e-03,1.981542882276698947e-04,8.475366048514842987e-03,6.337530066957697272e-05,3.960723429918289185e-02
9.110885262489318848e-01,1.776559278368949890e-02,3.867234045173972845e-04,1.342188566923141479e-02,1.205876615131273866e-04,5.721675232052803040e-02
8.382392525672912598e-01,3.693610802292823792e-02,7.836489821784198284e-04,7.676890585571527481e-03,6.988998502492904663e-04,1.156652197241783142e-01
8.214884400367736816e-01,1.316858734935522079e-02,1.044879900291562080e-04,2.835124265402555466e-03,6.211821892065927386e-05,1.623412072658538818e-01
5.373159050941467285e-01,3.215002128854393959e-03,1.537413845653645694e-05,1.807682565413415432e-03,8.024461749300826341e-06,4.576380252838134766e-01
6.673240661621093750e-01,2.106444211676716805e-03,5.285422503220615909e-06,1.368134748190641403e-03,4.839909252041252330e-06,3.291912674903869629e-01
5.952644348144531250e-01,4.463095392566174269e-04,1.159142698270443361e-06,5.183587200008332729e-04,1.191450337501009926e-06,4.037685096263885498e-01
7.305343747138977051e-01,4.407525993883609772e-04,6.779735031159361824e-07,6.061132298782467842e-04,7.801708079568925314e-07,2.684172689914703369e-01
7.484958171844482422e-01,1.073352177627384663e-03,1.515292638032406103e-06,1.558756572194397449e-03,1.063671561496448703e-06,2.488695830106735229e-01
9.038022160530090332e-01,8.611126686446368694e-04,1.225771256940788589e-06,9.631576831452548504e-04,8.136433393701736350e-07,9.437138587236404419e-02
8.998054265975952148e-01,1.300938543863594532e-03,4.344952230894705281e-06,1.577427727170288563e-03,2.579292413429357111e-06,9.730925410985946655e-02
9.141287207603454590e-01,4.107491113245487213e-03,4.187117883702740073e-05,4.815975669771432877e-03,1.848312604124657810e-05,7.688745856285095215e-02
8.842749595642089844e-01,1.764150569215416908e-03,3.443466630415059626e-05,2.156060654670000076e-03,1.951532976818270981e-05,1.117509230971336365e-01
8.119956254959106445e-01,3.417409956455230713e-03,6.306115392362698913e-05,2.884091576561331749e-03,3.602321885409764946e-05,1.816038489341735840e-01
5.461553335189819336e-01,4.046740941703319550e-03,2.531925565563142300e-05,2.315970370545983315e-03,1.830623114074114710e-05,4.474383294582366943e-01
4.467377364635467529e-01,3.279678057879209518e-03,8.037652150960639119e-06,1.640980946831405163e-03,7.992469363671261817e-06,5.483255386352539062e-01
5.733749270439147949e-01,5.456708371639251709e-03,1.426506696589058265e-05,2.525395248085260391e-03,1.098546181310666725e-05,4.186176359653472900e-01
6.374979019165039062e-01,1.479516737163066864e-02,3.286825449322350323e-05,4.173745866864919662e-03,2.156545997422654182e-05,3.434787094593048096e-01
7.366053462028503418e-01,3.167549846693873405e-03,2.661898543010465801e-05,2.285016234964132309e-03,1.458203769288957119e-05,2.579008936882019043e-01
7.427149415016174316e-01,4.685834981501102448e-03,3.415150786167941988e-05,3.735716221854090691e-03,2.152282468159683049e-05,2.488078325986862183e-01
6.325063705444335938e-01,2.512611914426088333e-03,1.112638892664108425e-05,2.032508840784430504e-03,7.193430519691901281e-06,3.629302978515625000e-01
6.787560582160949707e-01,1.470083720050752163e-03,7.070054380164947361e-06,1.079826499335467815e-03,5.002367743145441636e-06,3.186821043491363525e-01
7.707254290580749512e-01,8.208965882658958435e-04,4.833235834666993469e-06,9.255431941710412502e-04,3.450552412687102333e-06,2.275197505950927734e-01
7.600179910659790039e-01,1.346982782706618309e-03,1.407370018569054082e-05,1.852687913924455643e-03,6.730788300046697259e-06,2.367615997791290283e-01
8.868430852890014648e-01,5.073582287877798080e-03,1.653342915233224630e-04,1.447517517954111099e-02,2.861157918232493103e-05,9.341415762901306152e-02
8.181249499320983887e-01,1.917195692658424377e-02,9.293828043155372143e-04,5.939954146742820740e-02,1.244799641426652670e-04,1.022496744990348816e-01
7.236290574073791504e-01,1.136471927165985107e-01,5.426723510026931763e-03,1.029343456029891968e-01,8.803834789432585239e-04,5.348226800560951233e-02
5.920957922935485840e-01,2.705814242362976074e-01,2.307687699794769287e-02,9.227978438138961792e-02,3.834658768028020859e-03,1.813153363764286041e-02
6.063888669013977051e-01,3.119033873081207275e-01,3.276326879858970642e-02,1.858350448310375214e-02,1.623562723398208618e-02,1.412527449429035187e-02
4.847199022769927979e-01,4.357978403568267822e-01,3.190288320183753967e-02,2.192773297429084778e-02,1.346192695200443268e-02,1.218966860324144363e-02
4.784730672836303711e-01,4.444385170936584473e-01,3.080388903617858887e-02,1.979406923055648804e-02,1.395947393029928207e-02,1.253105700016021729e-02
4.784607291221618652e-01,4.444516897201538086e-01,3.080357797443866730e-02,1.979336515069007874e-02,1.395964715629816055e-02,1.253104768693447113e-02
4.784609973430633545e-01,4.444513320922851562e-01,3.080359660089015961e-02,1.979336701333522797e-02,1.395965833216905594e-02,1.253105234354734421e-02
4.784609377384185791e-01,4.444513320922851562e-01,3.080359846353530884e-02,1.979336515069007874e-02,1.395966298878192902e-02,1.253105048090219498e-02
4.784609079360961914e-01,4.444514214992523193e-01,3.080361150205135345e-02,1.979335770010948181e-02,1.395966950803995132e-02,1.253104954957962036e-02
4.784609079360961914e-01,4.444514811038970947e-01,3.080361150205135345e-02,1.979335211217403412e-02,1.395967230200767517e-02,1.253104303032159805e-02
4.784609079360961914e-01,4.444514811038970947e-01,3.080361150205135345e-02,1.979335211217403412e-02,1.395967509597539902e-02,1.253103837370872498e-02
4.784609079360961914e-01,4.444514214992523193e-01,3.080361895263195038e-02,1.979335770010948181e-02,1.395967882126569748e-02,1.253103185445070267e-02
4.785358905792236328e-01,4.443742334842681885e-01,3.080153651535511017e-02,1.980064809322357178e-02,1.395588926970958710e-02,1.253169216215610504e-02
4.735213220119476318e-01,4.485017061233520508e-01,3.175710886716842651e-02,1.979963667690753937e-02,1.410660427063703537e-02,1.231357827782630920e-02
6.290771365165710449e-01,2.683523595333099365e-01,3.695441409945487976e-02,1.323024742305278778e-02,3.773674368858337402e-02,1.464923471212387085e-02
5.398724079132080078e-01,3.828237354755401611e-01,3.044765815138816833e-02,1.293671876192092896e-02,2.200884930789470673e-02,1.191064249724149704e-02
5.172631740570068359e-01,4.258817732334136963e-01,2.040620334446430206e-02,2.034113183617591858e-02,7.903491146862506866e-03,8.204355835914611816e-03
8.781870007514953613e-01,9.028415381908416748e-02,2.481882693246006966e-03,2.053041569888591766e-02,8.627511560916900635e-04,7.653942797333002090e-03
8.879572749137878418e-01,7.369064539670944214e-02,1.059247180819511414e-03,3.152383863925933838e-02,1.430858101230114698e-04,5.625887308269739151e-03
9.527498483657836914e-01,2.925808914005756378e-02,2.195774868596345186e-04,1.300873607397079468e-02,3.348104291944764555e-05,4.730255343019962311e-03
9.774466156959533691e-01,9.972003288567066193e-03,1.446218084311112761e-04,8.290206082165241241e-03,1.948947283381130546e-05,4.127192776650190353e-03
9.134911894798278809e-01,4.345359653234481812e-02,1.138887251727283001e-03,3.459641709923744202e-02,1.286051265196874738e-04,7.191347423940896988e-03
6.909281015396118164e-01,1.441472172737121582e-01,3.578389063477516174e-03,1.384360194206237793e-01,3.699910012073814869e-04,2.254022471606731415e-02
4.738070070743560791e-01,1.417264640331268311e-01,3.285487880930304527e-03,3.153813481330871582e-01,4.200353869237005711e-04,6.537961214780807495e-02
5.218108892440795898e-01,5.302797257900238037e-02,1.023142016492784023e-03,1.527801305055618286e-01,2.195269917137920856e-04,2.711383700370788574e-01
5.354390740394592285e-01,1.024388074874877930e-01,1.683688489720225334e-03,8.626685291528701782e-02,7.335602422244846821e-04,2.734380364418029785e-01
4.762721955776214600e-01,1.525363177061080933e-01,1.713710022158920765e-03,5.232347175478935242e-02,6.592332501895725727e-04,3.164950907230377197e-01
6.750000119209289551e-01,6.549345701932907104e-02,5.747666582465171814e-04,2.217649668455123901e-02,2.220946480520069599e-04,2.365331649780273438e-01
7.377762794494628906e-01,1.288609206676483154e-01,1.111502759158611298e-03,2.081234194338321686e-02,4.545881820376962423e-04,1.109842658042907715e-01
7.876841425895690918e-01,4.734014719724655151e-02,4.803144547622650862e-04,1.076828036457300186e-02,1.843571080826222897e-04,1.535427719354629517e-01
8.811412453651428223e-01,1.054422929883003235e-02,1.015675879898481071e-04,3.188106231391429901e-03,4.841340705752372742e-05,1.049764975905418396e-01
9.373351931571960449e-01,1.600849442183971405e-02,1.879538467619568110e-04,6.460929755121469498e-03,5.855493145645596087e-05,3.994883969426155090e-02
9.151378273963928223e-01,2.328771352767944336e-02,3.776585217565298080e-04,9.021543897688388824e-03,1.188940732390619814e-04,5.205634981393814087e-02
9.012379050254821777e-01,3.180574253201484680e-02,5.536014214158058167e-04,1.416693162173032761e-02,1.474903256166726351e-04,5.208823829889297485e-02
9.201120138168334961e-01,3.383237496018409729e-02,8.360287174582481384e-04,1.788267865777015686e-02,1.765041088219732046e-04,2.716044709086418152e-02
9.571084976196289062e-01,1.129126921296119690e-02,5.070694605819880962e-04,7.086785044521093369e-03,1.915433822432532907e-04,2.381484210491180420e-02
8.849562406539916992e-01,3.741691261529922485e-02,9.184216032736003399e-04,1.948026008903980255e-02,2.208278892794623971e-04,5.700739100575447083e-02
9.242529869079589844e-01,1.157573238015174866e-02,2.758141199592500925e-04,9.743189439177513123e-03,1.056624678312800825e-04,5.404670163989067078e-02
9.270664453506469727e-01,1.787430420517921448e-02,6.144472281448543072e-04,1.039231009781360626e-02,1.512324379291385412e-04,4.390129446983337402e-02
8.811153769493103027e-01,2.531453967094421387e-02,2.910481125582009554e-04,1.066139899194240570e-02,7.517555786762386560e-05,8.254235982894897461e-02
9.003001451492309570e-01,1.967396587133407593e-02,3.326766018290072680e-04,1.170356199145317078e-02,8.642995817353948951e-05,6.790316849946975708e-02
7.225992679595947266e-01,5.559961870312690735e-02,5.076167290098965168e-04,2.122551575303077698e-02,1.307372876908630133e-04,1.999371796846389771e-01
6.750165224075317383e-01,2.044105716049671173e-02,3.768479291466064751e-05,1.602444238960742950e-02,1.330936629528878257e-05,2.884670495986938477e-01
6.120595335960388184e-01,4.692243412137031555e-03,3.521503913361812010e-06,3.844860708341002464e-03,1.930990720211411826e-06,3.793979585170745850e-01
5.323840379714965820e-01,3.325165482237935066e-03,2.313863205927191302e-06,2.557731233537197113e-03,1.611218181096774060e-06,4.617292284965515137e-01
6.035524010658264160e-01,1.310796476900577545e-03,9.790335298021091148e-07,6.933078402653336525e-04,1.043536258293897845e-06,3.944414854049682617e-01
6.014864444732666016e-01,1.651651458814740181e-03,1.573622739670099691e-06,8.913564961403608322e-04,1.575848386892175768e-06,3.959673643112182617e-01
5.513651371002197266e-01,3.404502756893634796e-03,5.878238425793824717e-06,3.175258869305253029e-03,3.776641733566066250e-06,4.420455098152160645e-01
5.266866683959960938e-01,5.579310003668069839e-03,5.250228696240810677e-06,3.228804329410195351e-03,3.923814801964908838e-06,4.644960165023803711e-01
5.633721351623535156e-01,2.953180577605962753e-03,5.615094323729863390e-06,2.710479311645030975e-03,3.762490678127505817e-06,4.309547841548919678e-01
7.556350231170654297e-01,5.408092867583036423e-03,1.131410681409761310e-05,2.601082436740398407e-03,7.995016858330927789e-06,2.363364100456237793e-01
8.028019666671752930e-01,1.090218126773834229e-02,4.661652928916737437e-05,3.428668947890400887e-03,2.131475594069343060e-05,1.827991455793380737e-01
9.630470871925354004e-01,7.038539275527000427e-03,9.198085899697616696e-05,2.360308310016989708e-03,3.302760887891054153e-05,2.742909826338291168e-02
9.315949082374572754e-01,1.061879284679889679e-02,1.260231365449726582e-04,6.159527227282524109e-03,3.691853635245934129e-05,5.146374925971031189e-02
8.206063508987426758e-01,4.195063188672065735e-02,2.646366192493587732e-04,1.422605570405721664e-02,6.373389624059200287e-05,1.228886544704437256e-01
7.140092849731445312e-01,1.606732234358787537e-02,1.333468972006812692e-04,9.288912639021873474e-03,4.953368625137954950e-05,2.604514956474304199e-01
7.439419627189636230e-01,1.246518921107053757e-02,1.070814541890285909e-04,1.626597717404365540e-02,3.693711187224835157e-05,2.271829694509506226e-01
7.427462339401245117e-01,8.549739606678485870e-03,1.665959571255370975e-04,1.079137809574604034e-02,5.508961112354882061e-05,2.376909703016281128e-01
8.924948573112487793e-01,2.440049545839428902e-03,6.841147842351347208e-05,4.775329027324914932e-03,2.680659963516518474e-05,1.001945361495018005e-01
9.436119198799133301e-01,2.028810558840632439e-03,7.501657819375395775e-05,3.720457898452877998e-03,2.626838067953940481e-05,5.053756013512611389e-02
8.685704469680786133e-01,4.947994835674762726e-03,1.099277069442905486e-04,1.740048639476299286e-02,2.720605698414146900e-05,1.089439913630485535e-01
8.891509771347045898e-01,7.234666962176561356e-03,1.688293705228716135e-04,3.046482056379318237e-02,3.924017437384463847e-05,7.294148206710815430e-02
8.653761148452758789e-01,1.168536767363548279e-02,2.446562575642019510e-04,2.434505149722099304e-02,5.292515925248153508e-05,9.829592704772949219e-02
7.735626697540283203e-01,2.542109927162528038e-03,1.195719505631132051e-05,2.741513540968298912e-03,7.301372079382417724e-06,2.211344242095947266e-01
8.565915822982788086e-01,1.370943733491003513e-03,3.821286099991993979e-06,1.187304616905748844e-03,2.968571379824425094e-06,1.408434659242630005e-01
7.787566781044006348e-01,4.307372961193323135e-03,9.738101653056219220e-06,2.031390788033604622e-03,7.377173460554331541e-06,2.148874253034591675e-01
8.740870952606201172e-01,1.868343912065029144e-03,2.708620286284713075e-06,2.175179077312350273e-03,1.817396309888863470e-06,1.218649148941040039e-01
7.717033624649047852e-01,2.161744516342878342e-03,4.892566721537150443e-06,5.632701795548200607e-03,2.116921450578956865e-06,2.204951196908950806e-01
8.935364484786987305e-01,4.343701060861349106e-03,1.918701491376850754e-05,8.163900114595890045e-03,6.942027994227828458e-06,9.392987936735153198e-02
8.130069971084594727e-01,4.484636243432760239e-03,1.001733107841573656e-05,8.023137226700782776e-03,3.705197059389320202e-06,1.744716167449951172e-01
8.624466657638549805e-01,5.224813707172870636e-03,1.089792203856632113e-05,1.149699557572603226e-02,3.699516582855721936e-06,1.208169981837272644e-01
8.537812232971191406e-01,1.071903295814990997e-02,3.283498881501145661e-05,8.648682385683059692e-03,1.365777370665455237e-05,1.268045604228973389e-01
6.852450370788574219e-01,7.806553505361080170e-03,1.971902383957058191e-05,4.128378815948963165e-03,1.275960130442399532e-05,3.027875721454620361e-01
8.320315480232238770e-01,6.341268774121999741e-03,5.278948083287104964e-05,6.764787714928388596e-03,2.240896901639644057e-05,1.547872126102447510e-01
9.320856928825378418e-01,2.092582639306783676e-03,1.547711872262880206e-05,2.255439758300781250e-03,7.461787845386425033e-06,6.354337930679321289e-02
7.409183382987976074e-01,1.714736106805503368e-03,4.517096385825425386e-06,1.259061391465365887e-03,3.103965809714281932e-06,2.561002075672149658e-01
8.675046563148498535e-01,8.006390184164047241e-03,1.731881457089912146e-05,4.517260007560253143e-03,8.048867130128201097e-06,1.199463978409767151e-01
6.491239070892333984e-01,6.028195843100547791e-03,1.044037162500899285e-05,4.169347696006298065e-03,6.176513579703168944e-06,3.406619727611541748e-01
6.991707086563110352e-01,1.442838460206985474e-02,3.349938197061419487e-05,1.354116387665271759e-02,1.379995410388801247e-05,2.728123664855957031e-01
7.631500363349914551e-01,4.916512873023748398e-03,3.504573760437779129e-05,1.828631199896335602e-02,1.023763707053149119e-05,2.136017978191375732e-01
7.656440138816833496e-01,2.325063804164528847e-03,3.222791201551444829e-05,9.044849313795566559e-03,1.142780820373445749e-05,2.229424268007278442e-01
8.935225009918212891e-01,1.066859229467809200e-03,1.235743093275232241e-05,5.125340539962053299e-03,5.356376277632080019e-06,1.002676337957382202e-01
8.127254843711853027e-01,2.784618642181158066e-03,1.011596305033890530e-05,1.026345137506723404e-02,4.157521743763936684e-06,1.742121726274490356e-01
8.052822351455688477e-01,4.309405107051134109e-03,1.877278009487781674e-05,6.934707518666982651e-03,7.951085535751190037e-06,1.834468543529510498e-01
8.577490448951721191e-01,6.587452255189418793e-03,1.224045990966260433e-05,1.904096268117427826e-02,3.926916633645305410e-06,1.166063696146011353e-01
6.723030805587768555e-01,1.322880666702985764e-02,3.008253588632214814e-05,3.574179112911224365e-02,1.029264240060001612e-05,2.786860466003417969e-01
6.699477434158325195e-01,9.387733042240142822e-02,3.898098366335034370e-04,1.151384040713310242e-01,7.019819167908281088e-05,1.205765232443809509e-01
6.383562088012695312e-01,7.546725124120712280e-02,6.332274060696363449e-04,1.361499428749084473e-01,1.051909421221353114e-04,1.492881178855895996e-01
5.915712714195251465e-01,1.556630134582519531e-01,1.571406843140721321e-03,1.652030348777770996e-01,2.596442645881325006e-04,8.573163300752639771e-02
3.879894018173217773e-01,2.716457247734069824e-01,1.351322862319648266e-03,2.158005684614181519e-01,2.071878116112202406e-04,1.230057626962661743e-01
5.474854707717895508e-01,1.449852585792541504e-01,1.343023846857249737e-03,8.256284892559051514e-02,3.845659666694700718e-04,2.232388257980346680e-01
4.496039450168609619e-01,4.487308114767074585e-02,2.625811612233519554e-04,2.274649776518344879e-02,1.136447899625636637e-04,4.824002683162689209e-01
4.206309616565704346e-01,9.286532178521156311e-03,9.246186527889221907e-05,6.502162199467420578e-03,3.530029425746761262e-05,5.634525418281555176e-01
7.676829099655151367e-01,1.989850029349327087e-02,2.899389655794948339e-04,9.948586113750934601e-03,1.050565624609589577e-04,2.020750641822814941e-01
5.048347711563110352e-01,9.782625362277030945e-03,1.311316154897212982e-04,5.838009528815746307e-03,6.355853111017495394e-05,4.793499410152435303e-01
6.595664024353027344e-01,1.007327903062105179e-02,1.145953938248567283e-04,7.734403945505619049e-03,5.651381070492789149e-05,3.224548399448394775e-01
7.648473381996154785e-01,3.287147358059883118e-02,6.947937072254717350e-04,2.021188475191593170e-02,2.974477538373321295e-04,1.810770481824874878e-01
6.369690299034118652e-01,1.947042346000671387e-02,4.995832932763732970e-05,1.006238069385290146e-02,2.494758518878370523e-05,3.334232270717620850e-01
3.827344179153442383e-01,1.920762471854686737e-02,2.615691846585832536e-05,1.180119160562753677e-02,1.223399249283829704e-05,5.862183570861816406e-01
4.532536566257476807e-01,8.260449394583702087e-03,1.458311089663766325e-05,2.705675316974520683e-03,1.173214877780992538e-05,5.357539057731628418e-01
5.989236235618591309e-01,1.256180228665471077e-03,1.058047814694873523e-06,7.302877493202686310e-04,1.110509401769377291e-06,3.990876972675323486e-01
6.923812031745910645e-01,1.795972813852131367e-03,2.799526100716320798e-06,1.154662109911441803e-03,2.330825736862607300e-06,3.046631217002868652e-01
8.053311109542846680e-01,1.376106985844671726e-03,5.349469574866816401e-06,2.222532406449317932e-03,3.293158215456060134e-06,1.910615712404251099e-01
5.895079374313354492e-01,3.090543439611792564e-03,1.103675094782374799e-05,5.476708523929119110e-03,6.666268745902925730e-06,4.019071161746978760e-01
4.666611850261688232e-01,1.555495336651802063e-02,3.278607255197130144e-05,4.258292168378829956e-02,9.655160283728037030e-06,4.751585125923156738e-01
2.595261931419372559e-01,5.157804861664772034e-02,5.721080742659978569e-05,9.070046246051788330e-02,1.245591010956559330e-05,5.981255769729614258e-01
4.561927914619445801e-01,1.221648156642913818e-01,1.739565486786887050e-04,1.138518303632736206e-01,3.422063673497177660e-05,3.075824081897735596e-01
6.572661399841308594e-01,3.014679811894893646e-02,8.169790089596062899e-05,1.660736650228500366e-02,2.395924457232467830e-05,2.958739995956420898e-01
6.958703994750976562e-01,7.677468471229076385e-03,5.673594569088891149e-05,3.260388737544417381e-03,2.901544030464719981e-05,2.931059598922729492e-01
7.113724946975708008e-01,2.106451662257313728e-03,1.837204581534024328e-05,1.311805681325495243e-03,1.412439178238855675e-05,2.851766943931579590e-01
6.017002463340759277e-01,1.474969205446541309e-03,4.122794052818790078e-06,4.977338248863816261e-04,5.372226496547227725e-06,3.963176310062408447e-01
6.382188200950622559e-01,2.986435778439044952e-03,7.998047294677235186e-06,6.549298414029181004e-04,8.116060598695185035e-06,3.581237196922302246e-01
7.349250316619873047e-01,4.305917769670486450e-03,5.988345947116613388e-06,9.368818718940019608e-04,4.537455879471963271e-06,2.598215341567993164e-01
7.398790121078491211e-01,1.909269578754901886e-02,1.533392969577107579e-05,3.829494351521134377e-03,6.702693099214229733e-06,2.371767461299896240e-01
9.054280519485473633e-01,1.770507171750068665e-02,4.395826545078307390e-05,3.936752211302518845e-03,1.563131991133559495e-05,7.287055999040603638e-02
7.476019263267517090e-01,2.105839736759662628e-02,5.756621249020099640e-05,5.640397313982248306e-03,2.339952879992779344e-05,2.256182730197906494e-01
5.926079750061035156e-01,1.064970903098583221e-02,5.589496504398994148e-05,4.967143293470144272e-03,2.245663745270576328e-05,3.916968405246734619e-01
7.252961397171020508e-01,4.323244560509920120e-03,8.710785186849534512e-05,3.064236603677272797e-03,4.800241003977134824e-05,2.671813368797302246e-01
8.626109957695007324e-01,1.535366289317607880e-03,4.405121217132546008e-05,1.104328781366348267e-03,2.542365109547972679e-05,1.346798986196517944e-01
9.520399570465087891e-01,5.159224965609610081e-04,1.375727606500731781e-05,7.725026225671172142e-04,5.696994776371866465e-06,4.665216431021690369e-02
9.697572588920593262e-01,4.807412915397435427e-04,9.556347322359215468e-06,7.168002193793654442e-04,5.421931746241170913e-06,2.903017774224281311e-02
9.741111397743225098e-01,1.110525219701230526e-03,1.912238803924992681e-05,1.109190518036484718e-03,9.057705938175786287e-06,2.364089526236057281e-02
8.350681066513061523e-01,4.074656870216131210e-03,2.940677222795784473e-05,3.808963112533092499e-03,1.580666503286920488e-05,1.570029854774475098e-01
5.894423127174377441e-01,5.925455596297979355e-03,3.238201315980404615e-05,5.708855111151933670e-03,2.281026900163851678e-05,3.988682031631469727e-01
5.806807875633239746e-01,3.669473528861999512e-02,4.126435087528079748e-04,2.240160480141639709e-02,1.686419855104759336e-04,3.596416413784027100e-01
2.458549290895462036e-01,1.180298719555139542e-02,7.106245902832597494e-05,8.971916511654853821e-03,3.845461833407171071e-05,7.332606315612792969e-01
4.234491884708404541e-01,3.117752447724342346e-02,1.915662724059075117e-04,2.025574073195457458e-02,6.692964234389364719e-05,5.248591303825378418e-01
6.924169063568115234e-01,1.984388940036296844e-02,1.046632532961666584e-04,1.603527925908565521e-02,2.973143818962853402e-05,2.715695202350616455e-01
7.922620773315429688e-01,4.618685692548751831e-02,2.129632193828001618e-04,2.121393382549285889e-02,4.015359809272922575e-05,1.400840580463409424e-01
8.500359058380126953e-01,7.915747910737991333e-02,6.459942087531089783e-04,2.734112180769443512e-02,1.145581773016601801e-04,4.270492121577262878e-02
8.373258709907531738e-01,5.619306117296218872e-02,4.309643409214913845e-04,3.732302412390708923e-02,6.741332617821171880e-05,6.865960359573364258e-02
6.793858408927917480e-01,1.642137616872787476e-01,1.117947627790272236e-03,5.779319256544113159e-02,1.657244865782558918e-04,9.732355177402496338e-02
6.584597826004028320e-01,2.028894573450088501e-01,3.366670804098248482e-03,5.406998097896575928e-02,4.570247838273644447e-04,8.075700700283050537e-02
7.496321797370910645e-01,9.867491573095321655e-02,1.318980124779045582e-03,2.530354075133800507e-02,3.431304940022528172e-04,1.247272118926048279e-01
8.566190004348754883e-01,2.769981138408184052e-02,5.036163493059575558e-04,1.063603162765502930e-02,1.528959401184692979e-04,1.043886542320251465e-01
8.236308693885803223e-01,8.874026127159595490e-03,1.416405575582757592e-04,2.733912551775574684e-03,6.926742935320362449e-05,1.645503193140029907e-01
7.254348397254943848e-01,2.122371690347790718e-03,1.969476761587429792e-05,1.805841340683400631e-03,1.200800397782586515e-05,2.706052362918853760e-01
7.629168629646301270e-01,1.082296832464635372e-03,1.000370320980437100e-05,2.284122165292501450e-03,6.349165687424829230e-06,2.337003648281097412e-01
7.190623879432678223e-01,1.062363269738852978e-03,1.101698126149130985e-05,2.707969630137085915e-03,5.434254035208141431e-06,2.771508097648620605e-01
7.314117550849914551e-01,2.767204539850354195e-03,1.268002688448177651e-05,5.517516750842332840e-03,7.569590707134921104e-06,2.602832913398742676e-01
8.021326065063476562e-01,1.987885916605591774e-03,1.188190799439325929e-05,7.171009667217731476e-03,5.669987331202719361e-06,1.886910200119018555e-01
7.126525640487670898e-01,1.723318709991872311e-03,1.262636942556127906e-05,1.181844808161258698e-02,5.510899427463300526e-06,2.737874090671539307e-01
7.278499007225036621e-01,7.902702200226485729e-04,8.673680895299185067e-06,5.161403212696313858e-03,5.447837793326471001e-06,2.661842703819274902e-01
6.278570294380187988e-01,4.267246986273676157e-04,4.120750418223906308e-06,8.020738139748573303e-03,1.725152401377272326e-06,3.636896908283233643e-01
9.196734428405761719e-01,5.182750173844397068e-04,3.729731588464346714e-06,2.516930457204580307e-03,1.881420757854357362e-06,7.728576660156250000e-02
8.320819735527038574e-01,6.088288966566324234e-03,3.536276926752179861e-05,7.246042601764202118e-03,1.032331510941730812e-05,1.545379608869552612e-01
8.299912810325622559e-01,1.589751243591308594e-02,5.326619066181592643e-05,4.486109130084514618e-03,2.219133602920919657e-05,1.495497375726699829e-01
8.889239430427551270e-01,1.203654799610376358e-02,1.124560440075583756e-04,5.981425289064645767e-03,3.996508166892454028e-05,9.290565550327301025e-02
9.448478817939758301e-01,1.374675985425710678e-02,1.555592025397345424e-04,3.925938624888658524e-03,4.060392529936507344e-05,3.728325664997100830e-02
9.049458503723144531e-01,3.443191060796380043e-03,2.674930328794289380e-05,2.699788892641663551e-03,1.228325163538102061e-05,8.887220919132232666e-02
9.281203746795654297e-01,1.323106815107166767e-03,6.072923497413285077e-06,1.974578946828842163e-03,3.115038225587341003e-06,6.857274472713470459e-02
9.201466441154479980e-01,1.120913424529135227e-03,3.015695028807385825e-06,2.420167671516537666e-03,1.591798763911356218e-06,7.630766183137893677e-02
9.342706799507141113e-01,9.451554506085813046e-04,2.692869429665734060e-06,2.247177297249436378e-03,1.275198883377015591e-06,6.253310292959213257e-02
9.236982464790344238e-01,1.222715480253100395e-03,2.795089130813721567e-06,1.623510150238871574e-03,1.466849994358199183e-06,7.345138490200042725e-02
9.011458158493041992e-01,9.078104048967361450e-04,3.220157168470905162e-06,7.020232151262462139e-04,2.630402377690188587e-06,9.723852574825286865e-02
9.173947572708129883e-01,2.584833651781082153e-03,3.026475496881175786e-05,1.037593116052448750e-03,1.789789166650734842e-05,7.893455773591995239e-02
9.136790633201599121e-01,2.240961417555809021e-03,2.928096182586159557e-05,7.228591712191700935e-04,2.003097324632108212e-05,8.330775797367095947e-02
9.579041600227355957e-01,3.317248076200485229e-03,1.615471410332247615e-04,1.740293810144066811e-03,6.503892655018717051e-05,3.681161627173423767e-02
9.295837283134460449e-01,1.352415047585964203e-02,3.170844574924558401e-04,6.760002113878726959e-03,9.059012518264353275e-05,4.972444102168083191e-02
6.509925723075866699e-01,3.057344816625118256e-02,1.368408557027578354e-04,8.839447051286697388e-03,5.514794247574172914e-05,3.094024956226348877e-01
6.179893016815185547e-01,1.813392713665962219e-02,2.424992271699011326e-05,6.242782808840274811e-03,9.468733878748025745e-06,3.576001226902008057e-01
6.421175599098205566e-01,6.051651760935783386e-02,6.183244840940460563e-05,2.220523543655872345e-02,2.096666867146268487e-05,2.750778198242187500e-01
3.748054802417755127e-01,1.010906249284744263e-01,1.378284650854766369e-04,2.711805701255798340e-02,4.855049337493255734e-05,4.967994689941406250e-01
2.854870557785034180e-01,2.074583917856216431e-01,2.489390899427235126e-04,4.219087585806846619e-02,7.315124821616336703e-05,4.645415544509887695e-01
4.437291026115417480e-01,1.440660804510116577e-01,9.120758622884750366e-04,9.322165697813034058e-02,2.318203332833945751e-04,3.178392350673675537e-01
5.667697191238403320e-01,9.587634354829788208e-02,1.010345877148211002e-03,6.698836386203765869e-02,2.455819339957088232e-04,2.691096365451812744e-01
7.378957271575927734e-01,3.895964846014976501e-02,2.554875100031495094e-04,3.134029731154441833e-02,5.503461943590082228e-05,1.914938539266586304e-01
8.399587869644165039e-01,3.036878816783428192e-02,2.833160688169300556e-04,1.800566539168357849e-02,4.979301229468546808e-05,1.113337725400924683e-01
9.510368108749389648e-01,2.036723867058753967e-02,1.792183611541986465e-04,7.313116919249296188e-03,3.316265792818740010e-05,2.107042074203491211e-02
9.759909510612487793e-01,1.077081356197595596e-02,1.641143462620675564e-04,1.878401380963623524e-03,4.721411096397787333e-05,1.114843040704727173e-02
9.458485841751098633e-01,1.250462420284748077e-02,1.622156996745616198e-04,2.341969870030879974e-03,5.723221329390071332e-05,3.908526524901390076e-02
9.464367628097534180e-01,2.835210645571351051e-03,2.779269743768963963e-05,1.258614007383584976e-03,1.552207686472684145e-05,4.942610114812850952e-02
8.166992068290710449e-01,8.902285248041152954e-03,1.046226971084252000e-04,3.575988113880157471e-03,5.105949094286188483e-05,1.706668138504028320e-01
9.264102578163146973e-01,6.567471660673618317e-03,6.178624607855454087e-05,2.784575102850794792e-03,2.728723666223231703e-05,6.414868682622909546e-02
8.590164184570312500e-01,2.768537402153015137e-02,2.487770980224013329e-04,1.839983277022838593e-02,5.381516166380606592e-05,9.459576010704040527e-02
8.078043460845947266e-01,2.236004360020160675e-02,2.151902299374341965e-04,1.074094139039516449e-02,7.649464532732963562e-05,1.588029414415359497e-01
8.695329427719116211e-01,5.274182185530662537e-03,4.168556552031077445e-05,3.668978810310363770e-03,1.535894261905923486e-05,1.214668154716491699e-01
9.084371924400329590e-01,3.045931691303849220e-03,2.636509270814713091e-05,2.591117983683943748e-03,9.826158020587172359e-06,8.588963747024536133e-02
9.277860522270202637e-01,1.735982601530849934e-03,1.815255018300376832e-05,8.682553889229893684e-04,8.083510692813433707e-06,6.958350539207458496e-02
8.997642397880554199e-01,6.583483773283660412e-04,1.916510700539220124e-05,5.502928979694843292e-04,1.134841022576438263e-05,9.899665415287017822e-02
9.130429625511169434e-01,9.124191710725426674e-04,2.425787170068360865e-05,1.279972493648529053e-03,1.387374959449516609e-05,8.472649008035659790e-02
7.354506254196166992e-01,2.174387918785214424e-03,2.275958831887692213e-05,3.819098696112632751e-03,1.230571706400951371e-05,2.585208415985107422e-01
5.023359060287475586e-01,9.426566772162914276e-03,2.004211455641780049e-05,1.456386968493461609e-02,9.366346603201236576e-06,4.736441969871520996e-01
3.465599119663238525e-01,7.471518125385046005e-03,9.529332601232454181e-06,6.935459561645984650e-03,4.047908532811561599e-06,6.390195488929748535e-01
2.770241498947143555e-01,8.592885732650756836e-02,2.599689833004958928e-05,3.628291934728622437e-02,6.584589755220804363e-06,6.007314324378967285e-01
3.451350927352905273e-01,1.250976920127868652e-01,8.384938701055943966e-05,7.146055996417999268e-02,1.133808837039396167e-05,4.582114517688751221e-01
6.158389449119567871e-01,1.071173176169395447e-01,3.335374349262565374e-04,8.527464419603347778e-02,4.476483445614576340e-05,1.913907676935195923e-01
7.089670300483703613e-01,8.361264318227767944e-02,7.481933571398258209e-04,6.807381659746170044e-02,1.106363051803782582e-04,1.384876370429992676e-01
8.254961967468261719e-01,6.536474078893661499e-02,1.334295957349240780e-03,3.579242154955863953e-02,2.941442653536796570e-04,7.171820104122161865e-02
9.020906686782836914e-01,3.649218007922172546e-02,7.008076645433902740e-04,1.763188466429710388e-02,2.085728483507409692e-04,4.287581145763397217e-02
8.156617283821105957e-01,3.160466998815536499e-02,2.437306684441864491e-04,6.306534633040428162e-03,1.217022145283408463e-04,1.460614651441574097e-01
9.002785086631774902e-01,4.410281311720609665e-03,3.619825292844325304e-05,2.036753110587596893e-03,2.413509173493366688e-05,9.321408718824386597e-02
8.820989727973937988e-01,1.137500978074967861e-03,5.864778358954936266e-06,2.803700044751167297e-03,3.025082150998059660e-06,1.139508858323097229e-01
6.700358986854553223e-01,1.007287180982530117e-03,2.902110281866043806e-06,1.944657997228205204e-03,2.213344941992545500e-06,3.270070552825927734e-01
7.466681599617004395e-01,1.956812338903546333e-03,1.023351342155365273e-05,1.285065803676843643e-02,3.979463599534938112e-06,2.385100722312927246e-01
6.393299698829650879e-01,1.209581177681684494e-02,3.621789437602274120e-05,2.553604915738105774e-02,1.445524412702070549e-05,3.229875266551971436e-01
6.470752358436584473e-01,8.659289218485355377e-03,3.689255026984028518e-05,1.231234148144721985e-02,1.576206159370485693e-05,3.319005966186523438e-01
6.803114414215087891e-01,8.214950561523437500e-03,3.563487189239822328e-05,8.597456850111484528e-03,1.593624619999900460e-05,3.028245866298675537e-01
7.526384592056274414e-01,1.198262721300125122e-02,4.282277950551360846e-05,1.095729600638151169e-02,2.012282129726372659e-05,2.243586480617523193e-01
8.412355184555053711e-01,5.386487580835819244e-03,4.737634299090132117e-05,4.828264005482196808e-03,2.444373967591673136e-05,1.484779566526412964e-01
8.700799942016601562e-01,2.135375700891017914e-02,1.641268609091639519e-04,1.266683358699083328e-02,5.124813469592481852e-05,9.568408876657485962e-02
8.050054907798767090e-01,1.902474090456962585e-02,7.862757047405466437e-05,6.407895591109991074e-03,2.986988511111121625e-05,1.694535166025161743e-01
9.355763792991638184e-01,5.630961619317531586e-03,8.164864993887022138e-05,2.702311147004365921e-03,3.787937021115794778e-05,5.597065761685371399e-02
9.011901617050170898e-01,5.978527013212442398e-03,6.328207382466644049e-05,2.906070090830326080e-03,2.633678377605974674e-05,8.983562886714935303e-02
9.633068442344665527e-01,1.213509356603026390e-03,1.538741162221413106e-05,1.507755834609270096e-03,6.802079042245168239e-06,3.394979238510131836e-02
9.806473255157470703e-01,7.782663451507687569e-04,1.659732151892967522e-05,1.641422510147094727e-03,5.990978479530895129e-06,1.691044680774211884e-02
8.694015741348266602e-01,5.344473756849765778e-04,3.535510813890141435e-06,8.546127937734127045e-04,2.278434749314328656e-06,1.292035579681396484e-01
9.399639964103698730e-01,1.308178034378215671e-04,1.086138468053832185e-06,3.618679475039243698e-04,8.620814924142905511e-07,5.954143777489662170e-02
8.630622029304504395e-01,2.882616245187819004e-04,1.913815594889456406e-06,3.902136522810906172e-04,2.003705731112859212e-06,1.362553834915161133e-01
8.527990579605102539e-01,7.386528304778039455e-04,6.100747214077273384e-06,6.444017635658383369e-04,7.087709946063114330e-06,1.458046436309814453e-01
9.220734238624572754e-01,2.066281158477067947e-03,4.703152080764994025e-05,1.272635883651673794e-03,4.907323818770237267e-05,7.449158281087875366e-02
9.185579419136047363e-01,6.835500244051218033e-03,1.452242431696504354e-04,1.621785573661327362e-03,1.324437325820326805e-04,7.270708680152893066e-02
9.266093373298645020e-01,1.064937282353639603e-02,1.587685692356899381e-04,1.362837501801550388e-03,1.463566877646371722e-04,6.107333675026893616e-02
9.327543973922729492e-01,6.911746226251125336e-03,5.833693649037741125e-05,9.726059506647288799e-04,4.667333269026130438e-05,5.925614014267921448e-02
9.234139323234558105e-01,2.777428831905126572e-03,3.699255103128962219e-05,1.372876460663974285e-03,3.375805681571364403e-05,7.236498594284057617e-02
9.669345617294311523e-01,3.317559370771050453e-03,4.904832530883140862e-05,1.919106813147664070e-03,2.214729465777054429e-05,2.775759063661098480e-02
9.712402820587158203e-01,3.635555505752563477e-03,1.093100217985920608e-04,3.100960748270153999e-03,4.287730553187429905e-05,2.187116444110870361e-02
9.146943688392639160e-01,2.990538999438285828e-02,5.527217872440814972e-04,1.368823833763599396e-02,1.519912621006369591e-04,4.100728407502174377e-02
8.970863819122314453e-01,1.622916944324970245e-02,1.792658003978431225e-04,4.323879722505807877e-03,5.937531750532798469e-05,8.212208002805709839e-02
8.991656899452209473e-01,6.578618660569190979e-03,4.588552474160678685e-05,2.965977648273110390e-03,1.918110865517519414e-05,9.122467041015625000e-02
8.281698822975158691e-01,1.306863222271203995e-02,8.521866402588784695e-05,1.181609276682138443e-02,2.295031663379631937e-05,1.468373239040374756e-01
8.892984390258789062e-01,4.347589798271656036e-03,9.011112706502899528e-05,5.676588974893093109e-03,3.819167250185273588e-05,1.005491763353347778e-01
7.592642307281494141e-01,3.003205917775630951e-02,3.151985292788594961e-04,2.055268362164497375e-02,8.694411371834576130e-05,1.897489130496978760e-01
7.054002881050109863e-01,6.126242503523826599e-02,8.949694456532597542e-04,3.207160905003547668e-02,2.262306225020438433e-04,2.001445293426513672e-01
7.746306061744689941e-01,2.931159548461437225e-02,4.150426539126783609e-04,9.937095455825328827e-03,1.590865576872602105e-04,1.855465471744537354e-01
7.736532092094421387e-01,9.361275471746921539e-03,1.219846380990929902e-04,8.774828165769577026e-03,4.655766679206863046e-05,2.080421298742294312e-01
8.966470360755920410e-01,9.611868299543857574e-04,4.543981049209833145e-05,4.515440203249454498e-03,2.571735785750206560e-05,9.780523926019668579e-02
9.676968455314636230e-01,7.236859528347849846e-04,5.119323031976819038e-05,3.562407800927758217e-03,2.717845927691087127e-05,2.793867141008377075e-02
9.737782478332519531e-01,4.261664289515465498e-04,5.758796396548859775e-05,2.432723296806216240e-03,3.762198684853501618e-05,2.326769940555095673e-02
9.666620492935180664e-01,6.275255000218749046e-04,5.459135354612953961e-05,3.494967939332127571e-03,2.932477400463540107e-05,2.913160249590873718e-02
9.784734845161437988e-01,1.540239434689283371e-03,6.910126103321090341e-05,2.145526697859168053e-03,3.001505865540821105e-05,1.774162985384464264e-02
9.452472329139709473e-01,2.002860885113477707e-03,4.031050775665789843e-05,1.124688307754695415e-03,2.287026836711447686e-05,5.156203359365463257e-02
8.262629508972167969e-01,5.855176597833633423e-03,6.281639070948585868e-05,3.571979003027081490e-03,3.271236710133962333e-05,1.642144918441772461e-01
9.002131223678588867e-01,7.410075981169939041e-03,1.105639021261595190e-04,4.937622696161270142e-03,5.770182906417176127e-05,8.727087080478668213e-02
7.787651419639587402e-01,2.944747917354106903e-02,1.921411167131736875e-04,8.539707399904727936e-03,9.130057878792285919e-05,1.829642206430435181e-01
7.721408009529113770e-01,4.258434474468231201e-02,4.585870774462819099e-04,2.791095711290836334e-02,1.298485149163752794e-04,1.567754745483398438e-01
7.954797148704528809e-01,4.183420911431312561e-02,1.965364062925800681e-04,2.415162138640880585e-02,5.046274236519820988e-05,1.382874399423599243e-01
6.559606194496154785e-01,1.037111133337020874e-01,8.043656707741320133e-04,5.890577286481857300e-02,1.502277737017720938e-04,1.804679632186889648e-01
6.171850562095642090e-01,5.207002535462379456e-02,4.924860550090670586e-04,8.113672584295272827e-02,1.157245060312561691e-04,2.489999383687973022e-01
6.251776814460754395e-01,1.913885585963726044e-02,2.764303935691714287e-04,2.922872826457023621e-02,9.709441656013950706e-05,3.260812163352966309e-01
6.873909831047058105e-01,4.568879958242177963e-03,7.205512520158663392e-05,8.497143164277076721e-03,3.030610605492256582e-05,2.994406521320343018e-01
7.239392995834350586e-01,1.884039840660989285e-03,1.166411402664380148e-05,2.953995950520038605e-03,8.289668585348408669e-06,2.712028026580810547e-01
6.462107896804809570e-01,5.282153724692761898e-04,2.895002580771688372e-06,8.918366511352360249e-04,2.753655962806078605e-06,3.523634970188140869e-01
8.097406029701232910e-01,9.953910484910011292e-04,3.174879111611517146e-06,6.900095613673329353e-04,3.124041995761217549e-06,1.885677129030227661e-01
7.638922333717346191e-01,6.200199713930487633e-04,2.255808340123621747e-06,4.716573457699269056e-04,2.009168383665382862e-06,2.350117862224578857e-01
7.789592742919921875e-01,6.253963802009820938e-04,2.175378767788060941e-06,4.234673397149890661e-04,1.936520220624515787e-06,2.199878096580505371e-01
8.456034660339355469e-01,2.483260352164506912e-03,7.309713510039728135e-06,1.205042703077197075e-03,5.238319317868445069e-06,1.506956666707992554e-01
8.216435313224792480e-01,1.576844602823257446e-03,5.411542588262818754e-06,9.666158584877848625e-04,4.355655619292519987e-06,1.758033335208892822e-01
8.775795102119445801e-01,1.727751689031720161e-03,1.058404814102686942e-05,2.151970518752932549e-03,5.571037945628631860e-06,1.185247376561164856e-01
9.128866791725158691e-01,7.630043663084506989e-03,8.963864820543676615e-05,8.304729126393795013e-03,2.149879401258658618e-05,7.106736302375793457e-02
9.034926891326904297e-01,2.107128500938415527e-02,4.893267760053277016e-04,2.285051718354225159e-02,7.642858690815046430e-05,5.201976373791694641e-02
8.825412988662719727e-01,3.495220094919204712e-02,1.049513346515595913e-03,2.353219315409660339e-02,1.978513755602762103e-04,5.772681906819343567e-02
5.454001426696777344e-01,3.418392837047576904e-01,3.386676311492919922e-03,7.933715730905532837e-02,3.143161884509027004e-04,2.972249686717987061e-02
2.979481816291809082e-01,5.683433413505554199e-01,2.124136779457330704e-03,9.141180664300918579e-02,1.848508982220664620e-04,3.998766094446182251e-02
6.664137840270996094e-01,1.836297810077667236e-01,5.619587609544396400e-04,4.455636814236640930e-02,8.714880095794796944e-05,1.047509610652923584e-01
3.276932835578918457e-01,5.076416134834289551e-01,6.883675814606249332e-04,8.508769422769546509e-02,5.547760520130395889e-05,7.883354276418685913e-02
6.244210600852966309e-01,2.190454006195068359e-01,2.320802159374579787e-04,2.819992788136005402e-02,3.772985655814409256e-05,1.280637383460998535e-01
7.444753050804138184e-01,6.818206608295440674e-02,1.554381742607802153e-04,3.628560528159141541e-02,2.929635047621559352e-05,1.508723199367523193e-01
5.907079577445983887e-01,1.163815259933471680e-01,4.096235497854650021e-04,4.096674919128417969e-02,8.797778718871995807e-05,2.514462172985076904e-01
3.925880193710327148e-01,2.521123886108398438e-01,7.024913793429732323e-04,7.135061174631118774e-02,9.961384785128757358e-05,2.831469178199768066e-01
1.853584796190261841e-01,3.723447024822235107e-01,5.809009307995438576e-04,1.294881999492645264e-01,7.348410872509703040e-05,3.121542334556579590e-01
1.613536626100540161e-01,3.963791429996490479e-01,6.319871172308921814e-04,1.138072535395622253e-01,8.152273949235677719e-05,3.277465105056762695e-01
1.884578615427017212e-01,5.439454317092895508e-01,7.997275097295641899e-04,7.257680594921112061e-02,1.033187145367264748e-04,1.941168755292892456e-01
2.098203599452972412e-01,8.240629732608795166e-02,1.024969824356958270e-04,2.932809107005596161e-02,2.044313077931292355e-05,6.783223152160644531e-01
1.788623780012130737e-01,2.287842147052288055e-02,3.013693276443518698e-05,9.688111022114753723e-03,1.013050314213614911e-05,7.885308265686035156e-01
3.927714824676513672e-01,2.165349200367927551e-02,4.532441016635857522e-05,1.366691384464502335e-02,1.819816316128708422e-05,5.718445777893066406e-01
4.695090949535369873e-01,7.965548895299434662e-03,5.636647983919829130e-05,1.943782716989517212e-02,1.816770782170351595e-05,5.030129551887512207e-01
3.860948979854583740e-01,5.235435441136360168e-03,4.581223038258031011e-05,1.294354069977998734e-02,2.456639231240842491e-05,5.956557393074035645e-01
4.664807915687561035e-01,5.296404939144849777e-03,4.188838283880613744e-05,1.419651415199041367e-02,2.240012145193759352e-05,5.139619708061218262e-01
6.004509925842285156e-01,1.500534545630216599e-02,1.232912763953208923e-04,5.248624086380004883e-02,3.421752262511290610e-05,3.318999111652374268e-01
6.288323998451232910e-01,2.792181260883808136e-02,8.747540414333343506e-05,5.333334580063819885e-02,2.145038888556882739e-05,2.898035347461700439e-01
7.076420187950134277e-01,1.961545832455158234e-02,3.211207149433903396e-05,1.700610667467117310e-02,1.082012931874487549e-05,2.556934654712677002e-01
4.869571924209594727e-01,3.717007860541343689e-02,8.578586130170151591e-05,4.339541867375373840e-02,2.696014598768670112e-05,4.323646128177642822e-01
4.825833737850189209e-01,2.332985214889049530e-02,6.164810474729165435e-05,1.632990129292011261e-02,2.509604564693290740e-05,4.776700735092163086e-01
7.041878700256347656e-01,1.431382726877927780e-02,9.274142939830198884e-05,1.053991541266441345e-02,7.764808106003329158e-05,2.707879245281219482e-01
6.152420639991760254e-01,4.567204974591732025e-03,1.460623607272282243e-04,6.858623586595058441e-03,1.719512656563892961e-04,3.730140626430511475e-01
6.845473051071166992e-01,1.257081632502377033e-03,3.853473026538267732e-05,5.151871591806411743e-03,6.730068707838654518e-05,3.089379370212554932e-01
6.065267920494079590e-01,1.123162917792797089e-03,2.289657459186855704e-05,6.366426125168800354e-03,3.427774936426430941e-05,3.859263956546783447e-01
5.620878338813781738e-01,5.579686840064823627e-04,9.223434972227551043e-06,4.290932789444923401e-03,1.100136159948306158e-05,4.330430924892425537e-01
7.384136915206909180e-01,8.166531915776431561e-04,5.391604645410552621e-06,9.874529205262660980e-03,2.061351779047981836e-06,2.508877217769622803e-01
5.656383633613586426e-01,8.951827767305076122e-04,1.171017515844141599e-06,6.038549821823835373e-03,5.658805548591772094e-07,4.274262189865112305e-01
6.106058359146118164e-01,4.402892664074897766e-03,5.342205895431106910e-06,1.194829866290092468e-02,2.066489969365647994e-06,3.730355799198150635e-01
7.602154016494750977e-01,1.305425073951482773e-03,1.955960215127561241e-06,8.912245742976665497e-03,8.399381954404816497e-07,2.295641750097274780e-01
5.210520625114440918e-01,3.727434377651661634e-04,6.625326705034240149e-07,1.093814242631196976e-02,2.638068394844594877e-07,4.676361083984375000e-01
7.854981422424316406e-01,1.285920152440667152e-03,6.864862371003255248e-06,1.776151359081268311e-02,2.045949258899781853e-06,1.954455971717834473e-01
8.606350421905517578e-01,1.646069576963782310e-03,3.690526136779226363e-05,2.551818825304508209e-02,1.030553539749234915e-05,1.121534779667854309e-01
8.793026804924011230e-01,2.010032301768660545e-03,5.613342364085838199e-05,1.163988839834928513e-02,2.102309190377127379e-05,1.069702357053756714e-01
9.057643413543701172e-01,4.599962383508682251e-03,4.996612915419973433e-05,7.861034013330936432e-03,1.456323207094101235e-05,8.171004801988601685e-02
8.213430047035217285e-01,1.125673484057188034e-02,4.692182483267970383e-05,1.278591342270374298e-02,1.552676076244097203e-05,1.545519232749938965e-01
7.986927628517150879e-01,5.312854889780282974e-03,1.272254939976846799e-05,7.233342621475458145e-03,4.685553903982508928e-06,1.887435466051101685e-01
7.281897664070129395e-01,1.434410642832517624e-02,1.483648520661517978e-05,1.859458535909652710e-02,4.156027898716274649e-06,2.388525903224945068e-01
6.765071749687194824e-01,8.133925497531890869e-03,1.904688724607694894e-05,2.633446082472801208e-02,5.993717422825284302e-06,2.889994084835052490e-01
7.134718298912048340e-01,3.445399226620793343e-03,8.962499123299494386e-06,8.133786730468273163e-03,3.893359917128691450e-06,2.749361097812652588e-01
6.055063605308532715e-01,4.858719184994697571e-03,1.483172218286199495e-05,8.450921624898910522e-03,7.606227882206439972e-06,3.811616599559783936e-01
6.519673466682434082e-01,1.924541196785867214e-03,7.762245331832673401e-06,3.216928802430629730e-03,6.092226158216362819e-06,3.428774178028106689e-01
7.810069322586059570e-01,5.910816602408885956e-03,2.791955921566113830e-05,9.399306960403919220e-03,1.302616874454542994e-05,2.036419659852981567e-01
8.848512768745422363e-01,5.158634390681982040e-03,6.501042662421241403e-05,5.617171991616487503e-03,3.180197745678015053e-05,1.042761504650115967e-01
8.670738339424133301e-01,3.300322219729423523e-03,8.916845399653539062e-05,1.375115849077701569e-02,3.687485514092259109e-05,1.157486513257026672e-01
7.863835096359252930e-01,7.074424531310796738e-03,1.476357283536344767e-04,2.222102880477905273e-02,6.464370380854234099e-05,1.841086298227310181e-01
5.966137051582336426e-01,1.076897326856851578e-02,1.058799971360713243e-04,2.219240739941596985e-02,4.975518095307052135e-05,3.702692091464996338e-01
4.931323230266571045e-01,1.499011646956205368e-02,7.331508095376193523e-05,3.979114070534706116e-02,3.503367042867466807e-05,4.519780576229095459e-01
4.284357726573944092e-01,1.192192919552326202e-02,3.953553095925599337e-05,3.099320083856582642e-02,1.445014277123846114e-05,5.285950899124145508e-01
5.215203762054443359e-01,2.254498749971389771e-02,5.742295616073533893e-05,3.405086696147918701e-02,1.696980871201958507e-05,4.218093454837799072e-01
2.681230008602142334e-01,1.830001920461654663e-02,3.383317016414366663e-05,1.938400976359844208e-02,9.673676686361432076e-06,6.941494345664978027e-01
5.342548489570617676e-01,2.503193914890289307e-02,3.051294152101036161e-05,1.540241297334432602e-02,1.055469056154834107e-05,4.252696931362152100e-01
4.789794087409973145e-01,7.960525900125503540e-02,7.088002894306555390e-05,5.289551243185997009e-02,1.535369301564060152e-05,3.884335160255432129e-01
4.546365439891815186e-01,5.261698365211486816e-02,6.305173883447423577e-05,2.646117657423019409e-02,1.846693157858680934e-05,4.662037789821624756e-01
6.701534986495971680e-01,2.061645686626434326e-02,4.587183502735570073e-05,1.265212241560220718e-02,2.021871841861866415e-05,2.965118885040283203e-01
6.815472245216369629e-01,6.564684212207794189e-03,4.547952630673535168e-05,1.064506266266107559e-02,2.070090886263642460e-05,3.011768758296966553e-01
7.709920406341552734e-01,2.782248193398118019e-03,2.258777385577559471e-05,7.851323112845420837e-03,1.235844320035539567e-05,2.183393090963363647e-01
8.590018749237060547e-01,1.338565140031278133e-03,9.920943739416543394e-06,5.050348117947578430e-03,4.939684004057198763e-06,1.345943510532379150e-01
6.845749020576477051e-01,1.590870879590511322e-02,2.189560473198071122e-05,4.109893366694450378e-02,6.282715276029193774e-06,2.583893537521362305e-01
4.724273979663848877e-01,7.499518990516662598e-02,7.615300273755565286e-05,9.175367653369903564e-02,1.397411779180401936e-05,3.607335984706878662e-01
2.298727631568908691e-01,2.412610054016113281e-01,1.727541384752839804e-04,8.996590226888656616e-02,3.246853520977310836e-05,4.386951625347137451e-01
3.637511730194091797e-01,1.676061898469924927e-01,3.230997535865753889e-04,8.352015167474746704e-02,5.888165105716325343e-05,3.847404718399047852e-01
5.377029776573181152e-01,1.452021598815917969e-01,5.694183055311441422e-04,7.403454929590225220e-02,1.053460146067664027e-04,2.423856109380722046e-01
6.691181659698486328e-01,1.271172761917114258e-01,1.351727289147675037e-03,5.304428935050964355e-02,2.799945068545639515e-04,1.490886509418487549e-01
8.712046146392822266e-01,3.335107490420341492e-02,6.129692192189395428e-04,1.517439074814319611e-02,2.138017589459195733e-04,7.944316416978836060e-02
8.370179533958435059e-01,1.238385587930679321e-02,3.244675463065505028e-04,9.902153164148330688e-03,1.531993621028959751e-04,1.402183771133422852e-01
8.082943558692932129e-01,2.357316762208938599e-02,4.174520145170390606e-04,9.302115999162197113e-03,1.556290371809154749e-04,1.582573354244232178e-01
9.232666492462158203e-01,1.206523738801479340e-02,1.528653665445744991e-04,8.383680135011672974e-03,4.395332143758423626e-05,5.608766153454780579e-02
9.529994726181030273e-01,1.560223288834095001e-03,3.031169944733846933e-05,2.250373596325516701e-03,1.207865898322779685e-05,4.314752668142318726e-02
9.757618308067321777e-01,1.480500213801860809e-03,4.262392758391797543e-05,1.005930127575993538e-03,2.111287358275149018e-05,2.168795280158519745e-02
9.820747971534729004e-01,1.012872788123786449e-03,4.542122042039409280e-05,3.855433606076985598e-04,2.999348907906096429e-05,1.645142585039138794e-02
9.626137614250183105e-01,8.555280510336160660e-04,4.646282104658894241e-05,3.352785715833306313e-04,5.336365211405791342e-05,3.609566390514373779e-02
9.173806905746459961e-01,9.705951088108122349e-04,4.462206561584025621e-05,1.673192717134952545e-03,4.107548011234030128e-05,7.988980412483215332e-02
6.602544188499450684e-01,1.089833793230354786e-03,2.168546780012547970e-05,4.975517280399799347e-03,1.748965951264835894e-05,3.336410820484161377e-01
5.526158213615417480e-01,1.110389828681945801e-03,2.529705625420319848e-06,6.052762735635042191e-03,1.834363615671463776e-06,4.402166604995727539e-01
1.960229575634002686e-01,4.049892595503479242e-04,3.662457572772837011e-07,1.465000561438500881e-03,2.844259938683535438e-07,8.021063804626464844e-01
4.984689354896545410e-01,1.584245706908404827e-03,8.763121854826749768e-07,1.949546742253005505e-03,7.450155976584937889e-07,4.979957044124603271e-01
6.111842393875122070e-01,2.196522895246744156e-03,1.335291472059907392e-06,9.738611406646668911e-04,1.298571874031040352e-06,3.856427669525146484e-01
7.206593155860900879e-01,4.261713940650224686e-03,8.502870514348614961e-06,2.369791967794299126e-03,5.663587671733694151e-06,2.726949453353881836e-01
8.306978940963745117e-01,6.895082537084817886e-03,2.562694135122001171e-05,7.621464785188436508e-03,1.060709382727509364e-05,1.547493040561676025e-01
8.011016845703125000e-01,1.566672697663307190e-02,5.147204865352250636e-05,2.807917259633541107e-02,1.517664713901467621e-05,1.550857424736022949e-01
6.995694041252136230e-01,2.814248763024806976e-02,2.667031367309391499e-04,1.184054017066955566e-01,4.643199281417764723e-05,1.535696387290954590e-01
7.151268124580383301e-01,2.141478098928928375e-02,1.754169643390923738e-04,6.896635890007019043e-02,4.695697498391382396e-05,1.942696720361709595e-01
6.992280483245849609e-01,2.713039051741361618e-03,4.113223621970973909e-05,3.527419641613960266e-02,1.277105275221401826e-05,2.627309262752532959e-01
6.289662122726440430e-01,1.697713159956037998e-03,4.052828444400802255e-05,1.434633135795593262e-02,1.693129888735711575e-05,3.549322187900543213e-01
6.188665628433227539e-01,2.224834403023123741e-03,6.478531577158719301e-05,1.670830138027667999e-02,2.871276956284418702e-05,3.621068298816680908e-01
6.587188243865966797e-01,5.099318455904722214e-03,8.331966091645881534e-05,2.257487364113330841e-02,2.576847873569931835e-05,3.134979605674743652e-01
7.271996140480041504e-01,1.511796191334724426e-02,1.850219850894063711e-04,5.043815076351165771e-02,4.317728598834946752e-05,2.070161104202270508e-01
6.047430634498596191e-01,3.829228505492210388e-02,5.192150711081922054e-04,8.889434486627578735e-02,1.260634162463247776e-04,2.674250900745391846e-01
6.698197126388549805e-01,5.729322135448455811e-02,1.053150859661400318e-03,1.150515004992485046e-01,2.025651047006249428e-04,1.565798223018646240e-01
7.301031351089477539e-01,4.796143621206283569e-02,8.101626299321651459e-04,8.548066765069961548e-02,1.887976250145584345e-04,1.354559063911437988e-01
7.284377813339233398e-01,6.789068132638931274e-02,1.002281671389937401e-03,1.360313892364501953e-01,1.414114522049203515e-04,6.649649143218994141e-02
7.359498143196105957e-01,5.907160416245460510e-02,4.456209135241806507e-04,3.433275595307350159e-02,1.102019668905995786e-04,1.700899899005889893e-01
7.627650499343872070e-01,1.822936162352561951e-02,1.359398156637325883e-04,1.787693053483963013e-02,5.206622518016956747e-05,2.009405344724655151e-01
7.536947727203369141e-01,1.978954859077930450e-02,2.017468650592491031e-04,2.329068630933761597e-02,6.871033838251605630e-05,2.029545754194259644e-01
6.397054791450500488e-01,7.129991054534912109e-02,6.126147345639765263e-04,5.337450280785560608e-02,1.962352398550137877e-04,2.348114252090454102e-01
5.939562320709228516e-01,6.451445817947387695e-02,7.876888266764581203e-04,3.838045522570610046e-02,3.092864062637090683e-04,3.020518720149993896e-01
6.414576768875122070e-01,9.328580647706985474e-02,7.771688397042453289e-04,3.029234707355499268e-02,3.174455196131020784e-04,2.338696420192718506e-01
5.134110450744628906e-01,2.467322349548339844e-02,1.278954587178304791e-04,1.666098646819591522e-02,7.140640809666365385e-05,4.450553953647613525e-01
4.647425115108489990e-01,4.007303155958652496e-03,8.478142262902110815e-06,5.234045442193746567e-03,5.536306616704678163e-06,5.260021090507507324e-01
3.551754057407379150e-01,7.044085301458835602e-03,1.273814541491447017e-05,1.037634629756212234e-02,5.425491053756559268e-06,6.273859739303588867e-01
4.258807003498077393e-01,1.089106500148773193e-02,1.991742647078353912e-05,3.535259515047073364e-02,6.471282176789827645e-06,5.278491973876953125e-01
5.984153747558593750e-01,3.233301639556884766e-02,7.056948379613459110e-05,4.851157590746879578e-02,1.778582918632309884e-05,3.206517994403839111e-01
8.455219864845275879e-01,1.088285539299249649e-02,7.198222738225013018e-05,1.526356767863035202e-02,2.115920506184920669e-05,1.282384395599365234e-01
8.278626203536987305e-01,5.008853506296873093e-03,5.930922998231835663e-05,8.247239515185356140e-03,2.701071207411587238e-05,1.587949544191360474e-01
7.917852997779846191e-01,7.111657876521348953e-03,7.787651702528819442e-05,5.595560185611248016e-03,4.204505967209115624e-05,1.953876316547393799e-01
6.941897869110107422e-01,1.248998194932937622e-02,9.201800276059657335e-05,9.745147079229354858e-03,4.372632974991574883e-05,2.834393680095672607e-01
3.241993784904479980e-01,6.845993548631668091e-02,3.768468450289219618e-04,4.296837747097015381e-02,1.581085671205073595e-04,5.638374090194702148e-01
2.295690923929214478e-01,1.933128684759140015e-01,4.014805599581450224e-04,5.801818147301673889e-02,1.188523019663989544e-04,5.185795426368713379e-01
2.004843950271606445e-01,3.142963945865631104e-01,5.417049978859722614e-04,1.297342330217361450e-01,9.119442984228953719e-05,3.548520207405090332e-01
4.122513234615325928e-01,2.514886260032653809e-01,1.058492460288107395e-03,8.375734835863113403e-02,1.905261888168752193e-04,2.512536048889160156e-01
6.234917044639587402e-01,7.933572679758071899e-02,4.166344006080180407e-04,3.559632226824760437e-02,9.648293780628591776e-05,2.610630989074707031e-01
7.311095595359802246e-01,1.484035328030586243e-02,2.215149434050545096e-04,2.533694542944431305e-02,7.504055247409269214e-05,2.284165173768997192e-01
7.936770319938659668e-01,4.829275421798229218e-03,6.273312465054914355e-05,1.109689380973577499e-02,2.429189953545574099e-05,1.903098523616790771e-01
6.952130794525146484e-01,1.299749477766454220e-03,8.435909876425284892e-06,3.489219350740313530e-03,6.570375262526795268e-06,2.999829649925231934e-01
5.624263882637023926e-01,3.405409865081310272e-03,8.746003004489466548e-06,8.761652745306491852e-03,4.800812803296139464e-06,4.253929853439331055e-01
7.415862083435058594e-01,7.167161442339420319e-03,1.104949024011148140e-05,7.520563900470733643e-03,6.457433755713282153e-06,2.437086403369903564e-01
8.161829710006713867e-01,1.661665923893451691e-02,3.222991654183715582e-05,5.810568574815988541e-03,1.694069942459464073e-05,1.613405942916870117e-01
9.011775851249694824e-01,1.187142170965671539e-02,3.454722900642082095e-05,2.016248647123575211e-03,2.172554559365380555e-05,8.487847447395324707e-02
8.997201919555664062e-01,4.214651882648468018e-03,1.942466042237356305e-05,1.809702371247112751e-03,1.199514554173219949e-05,9.422395378351211548e-02
9.099940061569213867e-01,5.059385206550359726e-03,2.348581983824260533e-05,2.117352560162544250e-03,1.207285004056757316e-05,8.279380947351455688e-02
8.232492804527282715e-01,6.459533236920833588e-03,2.649614543770439923e-05,8.754821494221687317e-03,1.001944838208146393e-05,1.614999324083328247e-01
7.508934736251831055e-01,6.122023798525333405e-03,3.784366344916634262e-05,1.086359471082687378e-02,1.506830813013948500e-05,2.320680320262908936e-01
6.793906092643737793e-01,9.871875867247581482e-03,6.546314398292452097e-05,2.178887650370597839e-02,2.234383646282367408e-05,2.888607382774353027e-01
5.488247275352478027e-01,5.975473206490278244e-03,9.790437616175040603e-05,1.533055584877729416e-02,4.090516085852868855e-05,4.297304153442382812e-01
3.771993219852447510e-01,1.170341670513153076e-02,1.975202467292547226e-04,1.934668421745300293e-02,9.546482760924845934e-05,5.914576053619384766e-01
7.653617262840270996e-01,1.215756498277187347e-02,3.862420562654733658e-04,7.055536843836307526e-03,2.567517221905291080e-04,2.147822082042694092e-01
8.548465371131896973e-01,1.212876569479703903e-02,4.586935392580926418e-04,1.115614362061023712e-02,2.714106813073158264e-04,1.211385056376457214e-01
9.173335433006286621e-01,1.943700574338436127e-02,2.451334439683705568e-04,7.515400182455778122e-03,1.294953399337828159e-04,5.533938854932785034e-02
8.453990221023559570e-01,1.345264911651611328e-02,1.042903313646093011e-04,9.312523528933525085e-03,5.975591557216830552e-05,1.316717267036437988e-01
8.914946317672729492e-01,1.543984632007777691e-03,2.021994805545546114e-05,3.990911878645420074e-03,1.733544741000514477e-05,1.029329299926757812e-01
8.823689222335815430e-01,1.182741485536098480e-03,6.170766482682665810e-06,5.807207431644201279e-03,3.179602344971499406e-06,1.106317788362503052e-01
7.624214887619018555e-01,3.510970273055136204e-04,2.161439397241338156e-06,1.159283914603292942e-03,2.101652626151917502e-06,2.360638678073883057e-01
5.107864737510681152e-01,6.049745134077966213e-04,2.458780500091961585e-06,1.574091496877372265e-03,1.925202013808302581e-06,4.870301783084869385e-01
6.600711941719055176e-01,7.174556958489120007e-04,1.811353968150797300e-06,8.570596110075712204e-04,1.816003191379422788e-06,3.383506536483764648e-01
6.143964529037475586e-01,6.777759408578276634e-04,1.667242713665473275e-06,7.446603849530220032e-04,1.422585455657099374e-06,3.841780424118041992e-01
7.156594395637512207e-01,2.084913197904825211e-03,8.379478458664380014e-06,1.262019970454275608e-03,5.759295618190662935e-06,2.809794843196868896e-01
8.980401158332824707e-01,1.364982919767498970e-03,1.493053696322022006e-05,1.629328122362494469e-03,1.130062901211204007e-05,9.893932193517684937e-02
8.144171237945556641e-01,1.485766377300024033e-03,2.861043503799010068e-05,2.434404799714684486e-03,1.927259836520534009e-05,1.816146522760391235e-01
9.491706490516662598e-01,1.535664778202772141e-03,2.273009340569842607e-05,2.222612500190734863e-03,1.025440451485337690e-05,4.703800380229949951e-02
9.839173555374145508e-01,4.607709415722638369e-04,1.502768373029539362e-05,1.323310425505042076e-03,5.273583155940286815e-06,1.427836157381534576e-02
9.327314496040344238e-01,8.711412083357572556e-04,1.525645075162174180e-05,1.375349122099578381e-03,8.061473636189475656e-06,6.499867141246795654e-02
9.483159780502319336e-01,2.141389995813369751e-03,2.537605723773594946e-05,2.129568718373775482e-03,1.077463548426749185e-05,4.737692698836326599e-02
8.609845638275146484e-01,1.949484110809862614e-03,1.066238746716408059e-05,2.547661308199167252e-03,5.945008979324484244e-06,1.345016062259674072e-01
5.702637434005737305e-01,2.553046448156237602e-03,6.497487902379361913e-06,2.476575085893273354e-03,4.540201643976615742e-06,4.246955811977386475e-01
5.288272500038146973e-01,2.857462270185351372e-03,3.680690952023724094e-06,3.616041503846645355e-03,2.388474513281835243e-06,4.646932184696197510e-01
2.723491787910461426e-01,5.949225276708602905e-03,3.138084139209240675e-06,4.343833774328231812e-03,2.105118937834049575e-06,7.173525691032409668e-01
3.092713952064514160e-01,2.868324331939220428e-02,2.660130667209159583e-05,7.530803792178630829e-03,1.261266606888966635e-05,6.544754505157470703e-01
4.568422734737396240e-01,1.368887424468994141e-01,3.447947674430906773e-04,6.422089785337448120e-02,1.361991598969325423e-04,3.415671586990356445e-01
5.673246979713439941e-01,6.466452777385711670e-02,2.294275182066485286e-04,2.331580407917499542e-02,1.765229244483634830e-04,3.442890644073486328e-01
4.891867041587829590e-01,2.129103615880012512e-02,6.932430551387369633e-05,1.529367268085479736e-02,4.299151987652294338e-05,4.741162359714508057e-01
3.716610372066497803e-01,2.630652673542499542e-02,5.062771015218459070e-05,3.174953907728195190e-02,2.825549927365500480e-05,5.702039599418640137e-01
1.214274466037750244e-01,2.343117818236351013e-02,9.681763003754895180e-06,1.207773387432098389e-02,3.194765668013133109e-06,8.430507779121398926e-01
2.152123153209686279e-01,2.835886925458908081e-02,2.184147706429939717e-05,8.792413398623466492e-03,1.131345743488054723e-05,7.476032376289367676e-01
6.435537338256835938e-01,3.758616745471954346e-02,1.883179356809705496e-04,2.299457415938377380e-02,6.364042928908020258e-05,2.956135571002960205e-01
5.241115093231201172e-01,1.711141131818294525e-02,6.656625191681087017e-05,5.877172108739614487e-03,3.862727680825628340e-05,4.527947604656219482e-01
8.616284728050231934e-01,2.903382061049342155e-03,4.634494325728155673e-05,3.221549792215228081e-03,3.034802284673787653e-05,1.321700066328048706e-01
7.233446836471557617e-01,5.571442190557718277e-03,5.451225661090575159e-05,7.062030490487813950e-03,3.436287806835025549e-05,2.639330029487609863e-01
6.746210455894470215e-01,2.522116526961326599e-03,1.026605696097249165e-05,4.578929860144853592e-03,6.541441962326643988e-06,3.182611465454101562e-01
7.222511768341064453e-01,8.851505117490887642e-04,3.520868631312623620e-06,1.971468096598982811e-03,2.431333541608182713e-06,2.748861908912658691e-01
9.214559793472290039e-01,1.174175762571394444e-03,8.685255124873947352e-06,2.592717064544558525e-03,4.980854100722353905e-06,7.476361840963363647e-02
8.895449638366699219e-01,1.709024945739656687e-04,1.952240609170985408e-06,5.424083210527896881e-04,1.581156539032235742e-06,1.097381785511970520e-01
9.165497422218322754e-01,3.416399413254112005e-04,3.598484681788249873e-06,5.369914579205214977e-04,3.163059773214627057e-06,8.256483078002929688e-02
9.286650419235229492e-01,6.953800329938530922e-04,1.535659794171806425e-05,2.159965457394719124e-03,7.949653991090599447e-06,6.845625489950180054e-02
7.722857594490051270e-01,3.433032194152474403e-03,4.274600723874755204e-05,7.508918642997741699e-03,1.987206815101671964e-05,2.167097181081771851e-01
7.394747734069824219e-01,1.126703806221485138e-02,8.473762136418372393e-05,1.292451843619346619e-02,2.688635868253186345e-05,2.362220138311386108e-01
8.778574466705322266e-01,8.886098861694335938e-03,1.294457615585997701e-04,7.936530746519565582e-03,4.987252395949326456e-05,1.051404997706413269e-01
8.898851275444030762e-01,9.372019208967685699e-03,7.183836714830249548e-05,3.610159503296017647e-03,3.174456651322543621e-05,9.702912718057632446e-02
9.598973393440246582e-01,4.956659860908985138e-03,3.711272802320308983e-05,2.683711005374789238e-03,1.229293047799728811e-05,3.241297602653503418e-02
9.827733039855957031e-01,5.669693346135318279e-04,7.075177109072683379e-06,1.099859946407377720e-03,3.155566218993044458e-06,1.554968021810054779e-02
9.435768723487854004e-01,1.807535882107913494e-03,2.193545697082299739e-05,3.068337915465235710e-03,1.353397055936511606e-05,5.151187255978584290e-02
8.144572377204895020e-01,2.385186962783336639e-03,3.211974762962199748e-05,7.507239468395709991e-03,1.844990219979081303e-05,1.755997538566589355e-01
7.042756676673889160e-01,1.066311169415712357e-02,4.693769005825743079e-05,2.251072973012924194e-02,2.227817640232387930e-05,2.624813020229339600e-01
6.715689301490783691e-01,1.219540089368820190e-02,9.873437375063076615e-05,1.651376485824584961e-02,5.015912392991594970e-05,2.995730340480804443e-01
7.352085113525390625e-01,9.851654060184955597e-03,6.595420563826337457e-05,8.936796337366104126e-03,3.112023478024639189e-05,2.459059357643127441e-01
8.467097878456115723e-01,5.553970579057931900e-03,3.781663690460845828e-05,9.823817759752273560e-03,1.335821161774219945e-05,1.378612220287322998e-01
9.558245539665222168e-01,1.976795960217714310e-03,1.834699833125341684e-05,4.879918880760669708e-03,6.115452833910239860e-06,3.729419410228729248e-02
9.422240853309631348e-01,2.047957619652152061e-03,2.067493005597498268e-05,3.783580381423234940e-03,7.795842975610867143e-06,5.191591382026672363e-02
9.588488340377807617e-01,4.501971881836652756e-03,4.270663339411839843e-05,4.020013380795717239e-03,1.389099179505137727e-05,3.257248923182487488e-02
9.067716598510742188e-01,6.061749998480081558e-03,2.493082138244062662e-05,3.315557958558201790e-03,1.134583271777955815e-05,8.381474018096923828e-02
8.912932872772216797e-01,6.923591252416372299e-03,5.745737507822923362e-05,1.540887053124606609e-03,3.296304203104227781e-05,1.001518443226814270e-01
9.210546016693115234e-01,2.735846443101763725e-03,1.953161699930205941e-05,3.002566751092672348e-03,9.257777492166496813e-06,7.317826151847839355e-02
8.852167725563049316e-01,8.182860910892486572e-04,1.025050823955098167e-05,1.226261490955948830e-03,6.585536539205349982e-06,1.127220466732978821e-01
9.360052347183227539e-01,2.158117480576038361e-03,4.609791358234360814e-05,2.407983178272843361e-03,2.047669113380834460e-05,5.936205759644508362e-02
9.254784584045410156e-01,2.583788940683007240e-03,9.345069702249020338e-05,2.761775860562920570e-03,4.563084075925871730e-05,6.903680413961410522e-02
8.915124535560607910e-01,4.474020563066005707e-03,6.550132820848375559e-05,3.264249768108129501e-03,3.018973256985191256e-05,1.006536111235618591e-01
9.051327109336853027e-01,8.067543618381023407e-03,4.708968481281772256e-05,4.116509575396776199e-03,1.864747900981456041e-05,8.261752128601074219e-02
9.018148779869079590e-01,6.761067081242799759e-03,3.169080810039304197e-05,5.305727012455463409e-03,1.198665358970174566e-05,8.607477694749832153e-02
8.411912918090820312e-01,4.286445211619138718e-03,1.693066406005527824e-05,3.886538324877619743e-03,1.017576869344338775e-05,1.506085246801376343e-01
9.200728535652160645e-01,2.147066406905651093e-03,2.078197576338425279e-05,2.936419099569320679e-03,1.088453882402973250e-05,7.481203973293304443e-02
9.141714572906494141e-01,1.375791989266872406e-02,1.986928255064412951e-04,8.675981312990188599e-03,7.128283323254436255e-05,6.312476098537445068e-02
9.485003352165222168e-01,7.864193990826606750e-03,2.432427136227488518e-04,5.625367630273103714e-03,8.754291047807782888e-05,3.767929971218109131e-02
9.258356690406799316e-01,4.343852400779724121e-03,7.695719978073611856e-05,5.385682918131351471e-03,2.966771899082232267e-05,6.432819366455078125e-02
8.772767782211303711e-01,1.512288115918636322e-03,1.454991888749646023e-05,1.718816463835537434e-03,9.038334610522724688e-06,1.194686889648437500e-01
7.408878803253173828e-01,1.014085602946579456e-03,3.669323859867290594e-06,1.931735547259449959e-03,2.196539071519509889e-06,2.561603784561157227e-01
6.358197331428527832e-01,2.616479468997567892e-04,3.957287333378189942e-07,9.441193542443215847e-04,3.463342466147878440e-07,3.629737794399261475e-01
6.585851907730102539e-01,9.015842224471271038e-04,7.451176315953489393e-07,2.454882953315973282e-03,5.547196337829518598e-07,3.380570709705352783e-01
3.758005201816558838e-01,1.631772611290216446e-03,8.642062994113075547e-07,3.993773367255926132e-03,5.913332756790623534e-07,6.185724735260009766e-01
6.231460571289062500e-01,5.875361151993274689e-03,5.632202373817563057e-06,6.160467863082885742e-03,3.451174279689439572e-06,3.648091554641723633e-01
5.280701518058776855e-01,1.287412736564874649e-02,1.958110624400433153e-05,1.113979239016771317e-02,8.826401426631491631e-06,4.478874504566192627e-01
5.207803249359130859e-01,1.171623263508081436e-02,3.581387500162236392e-05,1.721391454339027405e-02,1.273498583032051101e-05,4.502409398555755615e-01
6.547440886497497559e-01,6.502410396933555603e-03,2.678676901268772781e-05,1.616422273218631744e-02,8.011276804609224200e-06,3.225544393062591553e-01
5.474064946174621582e-01,1.371662784367799759e-02,6.227008998394012451e-05,3.031235560774803162e-02,1.454334596928674728e-05,4.084877073764801025e-01
4.876641333103179932e-01,5.065218545496463776e-03,9.785023394215386361e-06,1.086890324950218201e-02,4.432267360243713483e-06,4.963874220848083496e-01
5.964725017547607422e-01,1.514520845375955105e-03,6.861954716441687196e-06,3.108753822743892670e-03,4.447746960067888722e-06,3.988927900791168213e-01
5.999263525009155273e-01,1.475177612155675888e-02,5.421040259534493089e-05,3.761765547096729279e-03,2.860323911590967327e-05,3.814773261547088623e-01
8.140658140182495117e-01,1.964268647134304047e-02,2.034004864981397986e-04,1.242507155984640121e-02,1.113410253310576081e-04,1.535516381263732910e-01
8.920204043388366699e-01,1.991379633545875549e-02,3.398889384698122740e-04,1.237518992274999619e-02,1.235837698914110661e-04,7.522725313901901245e-02
9.177073836326599121e-01,1.021670270711183548e-02,3.333791391924023628e-04,1.043056137859821320e-02,2.052735071629285812e-04,6.110678240656852722e-02
9.298661351203918457e-01,4.191468935459852219e-03,6.966765795368701220e-05,6.324967835098505020e-03,3.391686550457961857e-05,5.951388180255889893e-02
8.059027791023254395e-01,1.061087241396307945e-03,4.276116214896319434e-06,3.041357966139912605e-03,2.624070475576445460e-06,1.899879276752471924e-01
4.631502926349639893e-01,1.811715308576822281e-03,5.340718416846357286e-06,3.894674591720104218e-03,4.691623416874790564e-06,5.311332941055297852e-01
2.971211969852447510e-01,1.224679639562964439e-03,2.600724656076636165e-06,2.367428038269281387e-03,2.273865675306296907e-06,6.992817521095275879e-01
4.329455792903900146e-01,1.887216116301715374e-03,3.479548013274325058e-06,3.056373214349150658e-03,3.052444753848249093e-06,5.621043443679809570e-01
4.801321327686309814e-01,2.086269203573465347e-03,3.638179350673453882e-06,2.278803382068872452e-03,2.719247731874929741e-06,5.154965519905090332e-01
8.200969099998474121e-01,1.084632356651127338e-03,3.688888909891829826e-06,1.167370821349322796e-03,3.145656819469877519e-06,1.776443123817443848e-01
9.365696310997009277e-01,1.746706198900938034e-03,7.283247214218135923e-06,1.554432907141745090e-03,4.199234808766050264e-06,6.011766567826271057e-02
7.763304710388183594e-01,2.203530166298151016e-03,7.626951173733687028e-06,2.031299984082579613e-03,4.414359864313155413e-06,2.194226831197738647e-01
8.967651128768920898e-01,1.339891226962208748e-03,1.658285327721387148e-05,1.824935316108167171e-03,7.215332516352646053e-06,1.000462621450424194e-01
8.572042584419250488e-01,6.523016840219497681e-03,7.336244743783026934e-05,7.824451662600040436e-03,2.223446972493547946e-05,1.283526718616485596e-01
8.542948961257934570e-01,1.157119311392307281e-02,1.335752604063600302e-04,9.649285115301609039e-03,3.596339593059383333e-05,1.243150606751441956e-01
9.331842660903930664e-01,1.797286607325077057e-02,2.727053361013531685e-04,1.595859043300151825e-02,4.681215068558230996e-05,3.256490081548690796e-02
5.941369533538818359e-01,2.348892390727996826e-01,2.338590566068887711e-03,1.122655794024467468e-01,2.833533217199146748e-04,5.608636513352394104e-02
5.432420969009399414e-01,1.715234816074371338e-01,7.209472241811454296e-04,6.080449745059013367e-02,1.345765922451391816e-04,2.235743701457977295e-01
4.386571943759918213e-01,1.316240876913070679e-01,6.515571731142699718e-04,7.043211162090301514e-02,1.326104829786345363e-04,3.585025370121002197e-01
4.793372452259063721e-01,6.061590835452079773e-02,4.262794973328709602e-04,4.909427464008331299e-02,1.174803546746261418e-04,4.104088544845581055e-01
5.751318931579589844e-01,9.654645808041095734e-03,7.712836668360978365e-05,1.784723810851573944e-02,3.131533230771310627e-05,3.972577154636383057e-01
6.262519955635070801e-01,2.603102242574095726e-03,1.304262332268990576e-05,3.185253590345382690e-03,1.034268552757566795e-05,3.679362535476684570e-01
8.012278676033020020e-01,2.819199115037918091e-03,2.019401654251851141e-05,3.957287874072790146e-03,1.085597887140465900e-05,1.919646412134170532e-01
8.828856945037841797e-01,1.283639483153820038e-02,6.798055983381345868e-05,3.085970180109143257e-03,3.590785854612477124e-05,1.010880172252655029e-01
8.198980093002319336e-01,1.784960180521011353e-02,5.716391024179756641e-05,3.260711207985877991e-03,2.293371107953134924e-05,1.589115560054779053e-01
8.115826845169067383e-01,4.717017710208892822e-02,2.001120155910030007e-04,7.333030924201011658e-03,5.890738611924462020e-05,1.336550861597061157e-01
8.128594756126403809e-01,6.053597107529640198e-02,2.159454306820407510e-04,7.674132473766803741e-03,7.124561670934781432e-05,1.186432018876075745e-01
8.088739514350891113e-01,2.049853466451168060e-02,8.288900426123291254e-05,7.526893168687820435e-03,3.254224793636240065e-05,1.629851758480072021e-01
7.488707900047302246e-01,2.200698852539062500e-02,5.078476897324435413e-05,1.080881990492343903e-02,1.855650771176442504e-05,2.182440310716629028e-01
7.709152698516845703e-01,1.867345161736011505e-02,3.178591214236803353e-05,7.072309032082557678e-03,1.418418924004072323e-05,2.032929807901382446e-01
8.507272601127624512e-01,1.256472803652286530e-02,3.357727109687402844e-05,6.203744560480117798e-03,1.394181526848115027e-05,1.304567754268646240e-01
8.421354293823242188e-01,9.014096111059188843e-03,3.217224002582952380e-05,6.641609594225883484e-03,1.335290835413616151e-05,1.421633660793304443e-01
9.342939853668212891e-01,8.474554633721709251e-04,5.917518592468695715e-06,9.217918850481510162e-04,3.658396508399164304e-06,6.392726302146911621e-02
9.516902565956115723e-01,1.672298763878643513e-03,1.773658186721149832e-05,4.173976834863424301e-03,5.711082394554978237e-06,4.244018718600273132e-02
9.539802670478820801e-01,2.037944737821817398e-03,2.341604340472258627e-05,1.051072962582111359e-02,5.599563792202388868e-06,3.344209864735603333e-02
9.566373229026794434e-01,1.347770099528133869e-03,1.419719137629726902e-05,6.038840860128402710e-03,3.609267650972469710e-06,3.595828637480735779e-02
9.188634157180786133e-01,1.009525824338197708e-02,7.964067481225356460e-05,2.032314240932464600e-02,1.370579138892935589e-05,5.062479898333549500e-02
9.148582816123962402e-01,1.667041331529617310e-02,1.948106510099023581e-04,2.564433589577674866e-02,3.893661050824448466e-05,4.259324818849563599e-02
8.061552643775939941e-01,6.675159186124801636e-02,5.033334018662571907e-04,4.052257910370826721e-02,9.638187475502490997e-05,8.597080409526824951e-02
8.162848353385925293e-01,3.864170238375663757e-02,2.064047585008665919e-04,1.779201999306678772e-02,6.293963087955489755e-05,1.270120888948440552e-01
8.438384532928466797e-01,1.202672068029642105e-02,3.943548654206097126e-05,1.529330015182495117e-02,1.317002625000895932e-05,1.287889480590820312e-01
7.862865924835205078e-01,1.359574147500097752e-03,2.387952235949342139e-06,2.792746061459183693e-03,1.463602529838681221e-06,2.095571607351303101e-01
8.703074455261230469e-01,1.959637738764286041e-03,3.251863745390437543e-06,1.783054089173674583e-03,1.985789367608958855e-06,1.259447932243347168e-01
9.140068888664245605e-01,3.626526100561022758e-03,1.584400888532400131e-05,3.940485417842864990e-03,4.816052296519046649e-06,7.840553671121597290e-02
7.213359475135803223e-01,2.718589641153812408e-02,6.400721031241118908e-05,9.045043028891086578e-03,1.872492430265992880e-05,2.423504590988159180e-01
6.433798670768737793e-01,1.043759584426879883e-01,1.820078759919852018e-04,1.704360544681549072e-02,4.368247027741745114e-05,2.349748760461807251e-01
3.413055241107940674e-01,2.972645759582519531e-01,6.130420952104032040e-04,4.969269782304763794e-02,9.212867007590830326e-05,3.110320270061492920e-01
4.562206864356994629e-01,1.118807047605514526e-01,1.535906631033867598e-04,2.636605128645896912e-02,3.685732735903002322e-05,4.053420722484588623e-01
6.575969457626342773e-01,5.905734375119209290e-02,7.853159331716597080e-05,1.860382594168186188e-02,2.520608722988981754e-05,2.646380364894866943e-01
7.782426476478576660e-01,2.838399261236190796e-02,1.422621135134249926e-04,1.286584418267011642e-02,5.649294689646922052e-05,1.803087294101715088e-01
8.890850543975830078e-01,7.195687852799892426e-03,8.663161861477419734e-05,3.764192108064889908e-03,5.289643013384193182e-05,9.981553256511688232e-02
8.788106441497802734e-01,7.108111865818500519e-03,8.830732986098155379e-05,3.052443033084273338e-03,5.422969115898013115e-05,1.108862012624740601e-01
8.853226900100708008e-01,1.518902461975812912e-02,2.888404414989054203e-04,1.087530702352523804e-02,9.516457794234156609e-05,8.822891861200332642e-02
7.815461754798889160e-01,3.796426579356193542e-02,2.578560088295489550e-04,1.654246449470520020e-02,6.652330921497195959e-05,1.636226773262023926e-01
5.703072547912597656e-01,2.068340592086315155e-02,4.689348861575126648e-05,1.104371156543493271e-02,1.774391785147599876e-05,3.979009985923767090e-01
5.571781992912292480e-01,1.554482802748680115e-02,1.324252389167668298e-05,1.605435833334922791e-02,4.689438810601131991e-06,4.112046957015991211e-01
6.620178818702697754e-01,6.414606701582670212e-03,8.198082468879874796e-06,6.536608096212148666e-03,3.615489276853622869e-06,3.250190913677215576e-01
8.370075225830078125e-01,2.304123947396874428e-03,2.962850885523948818e-06,2.230953657999634743e-03,1.834547674661735073e-06,1.584526598453521729e-01
8.399260044097900391e-01,1.357327098958194256e-03,4.724873633676907048e-06,1.613950124010443687e-03,3.134563712592353113e-06,1.570949107408523560e-01
8.926085233688354492e-01,6.819353438913822174e-04,4.044388333568349481e-06,9.673800086602568626e-04,2.444652182020945475e-06,1.057356595993041992e-01
9.457373619079589844e-01,6.798906251788139343e-04,7.826985893188975751e-06,1.328664016909897327e-03,3.983765054726973176e-06,5.224233493208885193e-02
9.438596963882446289e-01,1.135958940722048283e-03,2.812939965224359185e-05,4.143278580158948898e-03,9.358648640045430511e-06,5.082355067133903503e-02
9.476552009582519531e-01,1.589253894053399563e-03,2.464751742081716657e-05,5.202211439609527588e-03,8.547281140636187047e-06,4.552008956670761108e-02
8.836034536361694336e-01,2.492712344974279404e-03,1.679829438216984272e-05,4.190688487142324448e-03,7.683173862460535020e-06,1.096886917948722839e-01
8.409041166305541992e-01,5.635014269500970840e-03,1.141400571214035153e-05,2.548682503402233124e-03,7.540125807281583548e-06,1.508932858705520630e-01
7.510221600532531738e-01,1.667921245098114014e-02,1.781266837497241795e-05,2.678919350728392601e-03,1.100367171602556482e-05,2.295909672975540161e-01
6.413965821266174316e-01,1.156663894653320312e-02,1.542999598314054310e-05,2.075579715892672539e-03,1.019411138258874416e-05,3.449355959892272949e-01
7.643464803695678711e-01,1.435883343219757080e-02,5.409554796642623842e-05,4.765968769788742065e-03,2.518883957236539572e-05,2.164494991302490234e-01
8.518919348716735840e-01,2.048442885279655457e-02,1.135046331910416484e-04,5.055816844105720520e-03,4.513253588811494410e-05,1.224091947078704834e-01
7.188314795494079590e-01,8.644662797451019287e-03,3.667364944703876972e-05,2.662729471921920776e-03,1.970095763681456447e-05,2.698047757148742676e-01
7.165670990943908691e-01,4.141464829444885254e-03,1.035744389810133725e-05,9.761630208231508732e-04,8.165377948898822069e-06,2.782966792583465576e-01
6.782292127609252930e-01,7.875346345826983452e-04,1.849346176641120110e-06,3.884432371705770493e-04,1.961293492058757693e-06,3.205910325050354004e-01
6.796315908432006836e-01,5.900924443267285824e-04,1.569139271850872319e-06,3.593222936615347862e-04,1.845913516262953635e-06,3.194155991077423096e-01
7.491641044616699219e-01,3.217641788069158792e-04,2.793728526739869267e-06,3.555184230208396912e-04,2.882356056943535805e-06,2.501529157161712646e-01
8.071075677871704102e-01,6.704924744553864002e-04,1.451450771128293127e-05,1.431606011465191841e-03,1.197610799863468856e-05,1.907638907432556152e-01
7.566609382629394531e-01,2.877128310501575470e-03,1.039647904690355062e-04,3.936387598514556885e-03,1.060375652741640806e-04,2.363154888153076172e-01
4.684131443500518799e-01,5.471786949783563614e-03,9.921198216034099460e-05,6.257779896259307861e-03,9.817945101531222463e-05,5.196599364280700684e-01
4.455776810646057129e-01,7.543789688497781754e-03,1.589706662343814969e-04,1.290729083120822906e-02,1.253712835023179650e-04,5.336869359016418457e-01
2.302579879760742188e-01,2.073399163782596588e-02,6.520745228044688702e-05,1.294398773461580276e-02,1.942568633239716291e-05,7.359794378280639648e-01
3.533657789230346680e-01,3.572433814406394958e-02,4.114815237699076533e-05,1.949679851531982422e-02,1.384685583616374061e-05,5.913581252098083496e-01
6.241571307182312012e-01,6.020278483629226685e-02,1.580252574058249593e-04,4.312703013420104980e-02,4.204169817967340350e-05,2.723129689693450928e-01
5.776609182357788086e-01,2.992544323205947876e-02,7.578645454486832023e-05,5.987243354320526123e-02,1.455054007237777114e-05,3.324509263038635254e-01
7.251146435737609863e-01,1.111683342605829239e-02,5.551338836085051298e-05,5.327801778912544250e-02,1.603837154107168317e-05,2.104189246892929077e-01
7.914236783981323242e-01,1.960878027603030205e-03,2.952571230707690120e-05,1.922026276588439941e-02,1.101969246519729495e-05,1.873546242713928223e-01
7.309644818305969238e-01,1.807222142815589905e-03,6.902007953613065183e-06,2.068703435361385345e-02,2.870870048354845494e-06,2.465315312147140503e-01
8.579101562500000000e-01,2.685686806216835976e-03,1.288460862269857898e-05,1.159128360450267792e-02,4.763251581607619300e-06,1.277950853109359741e-01
8.497896194458007812e-01,2.728546969592571259e-03,6.803079486417118460e-06,2.731921616941690445e-03,3.241810645704390481e-06,1.447397917509078979e-01
9.091174006462097168e-01,1.916595385409891605e-03,9.847340152191463858e-06,9.059194126166403294e-04,7.350143278017640114e-06,8.804287761449813843e-02
9.288998842239379883e-01,8.347527123987674713e-03,1.072631421266123652e-04,1.819176366552710533e-03,5.480796244228258729e-05,6.077132374048233032e-02
9.450762271881103516e-01,1.706015877425670624e-02,2.529801276978105307e-04,3.624592209234833717e-03,9.651987784309312701e-05,3.388953581452369690e-02
9.531680345535278320e-01,1.805956661701202393e-02,1.513066963525488973e-04,4.244050011038780212e-03,5.301380224409513175e-05,2.432388067245483398e-02
8.635121583938598633e-01,2.645865827798843384e-02,1.590436440892517567e-04,5.431509576737880707e-03,6.650557043030858040e-05,1.043721362948417664e-01
8.155452609062194824e-01,5.204525310546159744e-03,2.100422170769888908e-05,2.678612712770700455e-03,1.047841487888945267e-05,1.765401214361190796e-01
5.992140173912048340e-01,2.038051141425967216e-03,8.238173904828727245e-06,3.400774672627449036e-03,6.066517471481347457e-06,3.953328728675842285e-01
8.091661930084228516e-01,9.344597347080707550e-04,5.987789336359128356e-06,3.029245417565107346e-03,4.483270004129735753e-06,1.868596971035003662e-01
6.275109648704528809e-01,4.913562443107366562e-04,4.645618446375010535e-06,2.331004478037357330e-03,3.384539240869344212e-06,3.696587085723876953e-01
6.431081891059875488e-01,1.731999363983049989e-04,3.389188805158482864e-06,1.311587169766426086e-03,2.487199935785611160e-06,3.554011881351470947e-01
7.570863366127014160e-01,4.109710862394422293e-04,6.957694495213218033e-06,1.462789368815720081e-03,5.484690973389660940e-06,2.410274296998977661e-01
6.150048375129699707e-01,5.798517959192395210e-04,4.630416242434876040e-06,1.161880558356642723e-03,4.626704139809589833e-06,3.832442462444305420e-01
7.440693378448486328e-01,6.357164238579571247e-04,5.479005267261527479e-06,8.739833720028400421e-04,5.553236405830830336e-06,2.544099390506744385e-01
8.716289997100830078e-01,9.919246658682823181e-04,1.187069665320450440e-05,1.470121438615024090e-03,8.761855497141368687e-06,1.258883476257324219e-01
7.124472856521606445e-01,5.090885097160935402e-04,8.039175554586108774e-06,1.056222477927803993e-03,6.766727437934605405e-06,2.859726250171661377e-01
8.596670031547546387e-01,2.354239841224625707e-04,3.219902509954408742e-06,5.882533150725066662e-04,2.838672116922680289e-06,1.395034044981002808e-01
8.935669064521789551e-01,2.498950925655663013e-04,4.074590378877473995e-06,4.917571204714477062e-04,3.260856601627892815e-06,1.056840196251869202e-01
9.479745626449584961e-01,1.327788631897419691e-04,1.244066652361652814e-06,4.389990936033427715e-04,7.807996666997496504e-07,5.145156383514404297e-02
9.824569821357727051e-01,1.050434875651262701e-04,6.116786721577227581e-07,3.192998992744833231e-04,3.134687176498118788e-07,1.711774244904518127e-02
9.303686022758483887e-01,1.289000501856207848e-03,6.338740604405757040e-06,1.865188358351588249e-03,2.728953404584899545e-06,6.646814197301864624e-02
8.025262355804443359e-01,2.522801747545599937e-03,9.460023647989146411e-06,2.874044235795736313e-03,4.092884864803636447e-06,1.920632719993591309e-01
7.640308737754821777e-01,3.056490560993552208e-03,8.936134690884500742e-06,4.847688134759664536e-03,4.142784746363759041e-06,2.280520200729370117e-01
7.355552315711975098e-01,5.549577996134757996e-03,2.183143988077063113e-05,8.210466243326663971e-03,7.465255293936934322e-06,2.506554126739501953e-01
8.547857999801635742e-01,2.149985870346426964e-03,1.533179238322190940e-05,3.307015402242541313e-03,8.644604349683504552e-06,1.397333443164825439e-01
8.967197537422180176e-01,9.517565486021339893e-04,8.704257197678089142e-06,1.068517216481268406e-03,5.918468104937346652e-06,1.012454628944396973e-01
9.204706549644470215e-01,3.803386818617582321e-03,5.525386222871020436e-05,2.922026207670569420e-03,2.377363853156566620e-05,7.272474467754364014e-02
9.504656195640563965e-01,5.778256803750991821e-03,1.076107801054604352e-04,4.646481480449438095e-03,3.304496567579917610e-05,3.896887972950935364e-02
9.327780008316040039e-01,4.837840795516967773e-03,1.201098566525615752e-04,2.898812061175704002e-03,4.090825314051471651e-05,5.932444706559181213e-02
8.805419802665710449e-01,5.697140935808420181e-03,7.178813393693417311e-05,8.222885429859161377e-03,2.307261820533312857e-05,1.054431721568107605e-01
9.130652546882629395e-01,1.392805832438170910e-03,1.896576577564701438e-05,2.347799483686685562e-03,8.884421731636393815e-06,8.316628634929656982e-02
9.503579139709472656e-01,7.535801269114017487e-04,1.469368453399511054e-05,1.900113886222243309e-03,7.072701009747106582e-06,4.696656763553619385e-02
8.641983866691589355e-01,1.020547002553939819e-03,1.173431883216835558e-05,1.668294542469084263e-03,6.021289664204232395e-06,1.330949962139129639e-01
9.051581025123596191e-01,1.464043511077761650e-03,1.277041701541747898e-05,1.144112902693450451e-03,8.151853762683458626e-06,9.221279621124267578e-02
9.236838817596435547e-01,3.681917674839496613e-03,2.614933328004553914e-05,1.717681414447724819e-03,1.272585268452530727e-05,7.087764889001846313e-02
8.518911600112915039e-01,4.729430191218852997e-03,1.184787652164231986e-05,1.004811725579202175e-03,7.185243703133892268e-06,1.423554867506027222e-01
8.267495632171630859e-01,2.461246401071548462e-02,3.317157461424358189e-05,3.602490760385990143e-03,1.475507451687008142e-05,1.449874788522720337e-01
7.744382023811340332e-01,2.568921446800231934e-02,9.456525731366127729e-05,6.914489436894655228e-03,3.504201231407932937e-05,1.928284466266632080e-01
7.625910043716430664e-01,3.470938652753829956e-02,6.062997636036016047e-05,1.241618953645229340e-02,2.086422682623378932e-05,1.902018636465072632e-01
7.523340582847595215e-01,1.502496004104614258e-02,9.599729673936963081e-05,1.051401253789663315e-02,3.075646600336767733e-05,2.220003008842468262e-01
9.193988442420959473e-01,1.703546196222305298e-02,2.833681937772780657e-04,9.701992385089397430e-03,8.165362669387832284e-05,5.349866673350334167e-02
9.534960985183715820e-01,1.006184332072734833e-02,4.081931256223469973e-04,5.299901124089956284e-03,1.372607366647571325e-04,3.059673868119716644e-02
9.278125166893005371e-01,2.438400685787200928e-02,1.606137724593281746e-03,1.368169207125902176e-02,4.786684294231235981e-04,3.203684836626052856e-02
8.921985626220703125e-01,2.432606182992458344e-02,2.252144506201148033e-03,2.264196984469890594e-02,1.140167238190770149e-03,5.744105204939842224e-02
8.233769536018371582e-01,1.823297888040542603e-02,3.017759008798748255e-04,2.486689388751983643e-02,1.596185029484331608e-04,1.330617517232894897e-01
8.681762218475341797e-01,1.438483409583568573e-02,6.801381096011027694e-05,9.932050481438636780e-03,3.417181142140179873e-05,1.074046939611434937e-01
8.551332950592041016e-01,3.462399588897824287e-03,1.521484682598384097e-05,4.887548275291919708e-03,1.200578481075353920e-05,1.364895552396774292e-01
7.631417512893676758e-01,4.390071611851453781e-03,5.800105554953915998e-06,4.926828201860189438e-03,3.442421757426927797e-06,2.275320589542388916e-01
7.486294507980346680e-01,3.708017291501164436e-03,3.946920514863450080e-06,2.758204005658626556e-03,2.891428721341071650e-06,2.448976039886474609e-01
7.768234014511108398e-01,7.847680710256099701e-03,9.179821063298732042e-06,4.890641197562217712e-03,4.860130047745769843e-06,2.104243636131286621e-01
8.653044104576110840e-01,7.496044505387544632e-03,2.115449569828342646e-05,5.297334399074316025e-03,8.811864972813054919e-06,1.218723282217979431e-01
9.066902995109558105e-01,4.830083344131708145e-03,1.713255915092304349e-05,5.441669374704360962e-03,6.523918273160234094e-06,8.301435410976409912e-02
9.435740113258361816e-01,4.308808594942092896e-03,2.156757000193465501e-05,3.888271050527691841e-03,8.156451258400920779e-06,4.819912090897560120e-02
8.803966641426086426e-01,1.524976361542940140e-02,1.659595727687701583e-04,2.082906290888786316e-02,4.199474278721027076e-05,8.331657201051712036e-02
7.926223874092102051e-01,6.604798883199691772e-02,5.530216731131076813e-04,2.798200398683547974e-02,2.382289676461368799e-04,1.125563383102416992e-01
7.559717893600463867e-01,9.676724672317504883e-02,1.138063031248748302e-03,3.404589742422103882e-02,3.853902162518352270e-04,1.116916388273239136e-01
9.095062613487243652e-01,3.969908878207206726e-02,1.094808918423950672e-03,2.064636163413524628e-02,3.323448472656309605e-04,2.872106060385704041e-02
9.598444700241088867e-01,1.794130355119705200e-02,1.334223663434386253e-03,5.729721859097480774e-03,5.841613165102899075e-04,1.456608343869447708e-02
9.734447002410888672e-01,2.095996635034680367e-03,2.829786681104451418e-04,1.751342439092695713e-03,1.954126055352389812e-04,2.222952991724014282e-02
9.649314880371093750e-01,1.990688266232609749e-03,2.095630479743704200e-04,7.654912304133176804e-03,9.445017349207773805e-05,2.511884085834026337e-02
9.180014133453369141e-01,8.874990046024322510e-03,4.170743923168629408e-04,3.393520042300224304e-02,9.475700062466785312e-05,3.867644071578979492e-02
8.917713761329650879e-01,7.667930331081151962e-03,2.344996028114110231e-04,3.597220405936241150e-02,4.584752969094552100e-05,6.430812925100326538e-02
9.142730832099914551e-01,6.342364940792322159e-03,1.462771906517446041e-04,2.165933698415756226e-02,2.616684469103347510e-05,5.755281075835227966e-02
9.370151758193969727e-01,3.414798062294721603e-03,8.605719631304964423e-05,7.128421682864427567e-03,2.229102210549172014e-05,5.233325436711311340e-02
8.540059328079223633e-01,1.050369464792311192e-03,1.303545832342933863e-05,1.760677550919353962e-03,8.335448001162149012e-06,1.431617140769958496e-01
7.994109988212585449e-01,8.398825884796679020e-04,1.021691605274099857e-05,1.278008217923343182e-03,7.282144906639587134e-06,1.984536498785018921e-01
7.752338051795959473e-01,5.989936646074056625e-03,3.924472912331111729e-05,5.327493883669376373e-03,2.082934588543139398e-05,2.133886814117431641e-01
6.097248196601867676e-01,3.250453993678092957e-02,1.114495389629155397e-04,1.745456643402576447e-02,3.269627632107585669e-05,3.401719927787780762e-01
8.195412755012512207e-01,4.197465628385543823e-02,2.389947185292840004e-04,1.337355934083461761e-02,5.988502380205318332e-05,1.248116791248321533e-01
7.633924484252929688e-01,4.212825000286102295e-02,1.374621351715177298e-04,7.445011287927627563e-03,4.263555456418544054e-05,1.868541240692138672e-01
7.940083742141723633e-01,2.147210948169231415e-02,9.065048652701079845e-05,6.978156510740518570e-03,2.891161602747160941e-05,1.774218529462814331e-01
8.270086050033569336e-01,5.367777310311794281e-03,2.428763036732561886e-05,2.958040917292237282e-03,1.221485945279709995e-05,1.646291464567184448e-01
8.599661588668823242e-01,1.537049654871225357e-03,5.586486622632946819e-06,1.543635036796331406e-03,3.238808403693838045e-06,1.369442790746688843e-01
8.734758496284484863e-01,1.085744425654411316e-02,1.966140553122386336e-05,4.099172540009021759e-03,7.991935490281321108e-06,1.115398481488227844e-01
8.260545730590820312e-01,1.207166258245706558e-02,1.879368755908217281e-05,4.108206834644079208e-03,7.463431302312528715e-06,1.577393114566802979e-01
8.792546391487121582e-01,2.228188887238502502e-02,3.731372271431609988e-05,3.593004541471600533e-03,1.370497557218186557e-05,9.481954574584960938e-02
6.745839118957519531e-01,8.609220385551452637e-02,1.732742966851219535e-04,7.329319138079881668e-03,5.286407395033165812e-05,2.317683994770050049e-01
5.242173075675964355e-01,3.268306702375411987e-02,1.169370589195750654e-04,5.620719399303197861e-03,5.874919952475465834e-05,4.373032450675964355e-01
5.657885074615478516e-01,5.601359903812408447e-02,3.217334160581231117e-04,1.283482741564512253e-02,1.025646415655501187e-04,3.649388253688812256e-01
6.482251882553100586e-01,7.537708431482315063e-02,3.129757824353873730e-04,1.628367044031620026e-02,9.337335359305143356e-05,2.597078084945678711e-01
5.778973102569580078e-01,3.707952424883842468e-02,7.005212682997807860e-05,8.690208196640014648e-03,2.529140328988432884e-05,3.762375712394714355e-01
5.431725978851318359e-01,6.657847762107849121e-02,4.138773510931059718e-05,9.506192989647388458e-03,1.736754165904130787e-05,3.806839883327484131e-01
4.968398213386535645e-01,4.844565317034721375e-02,3.053255932172760367e-05,1.047607883810997009e-02,1.001967848424101248e-05,4.441978633403778076e-01
5.684009790420532227e-01,1.715096831321716309e-02,5.256440090306568891e-06,4.099252168089151382e-03,2.767111027424107306e-06,4.103408157825469971e-01
8.996372222900390625e-01,4.292016848921775818e-03,4.180994437774643302e-06,1.714650890789926052e-03,2.120502813340863213e-06,9.434977173805236816e-02
9.210908412933349609e-01,9.532834403216838837e-03,3.417431798879988492e-05,6.432473659515380859e-03,9.969746315618976951e-06,6.289970129728317261e-02
9.739616513252258301e-01,2.673646202310919762e-03,2.475350447639357299e-05,2.746629528701305389e-03,7.226786692626774311e-06,2.058619074523448944e-02
9.782441854476928711e-01,3.643773263320326805e-03,6.606031820410862565e-05,3.695789491757750511e-03,1.716500992188230157e-05,1.433311123400926590e-02
9.698561429977416992e-01,4.167855717241764069e-03,8.946900197770446539e-05,1.329449471086263657e-02,1.398624590365216136e-05,1.257790811359882355e-02
9.389737844467163086e-01,1.296284887939691544e-02,1.412244018865749240e-04,1.152587868273258209e-02,3.956834552809596062e-05,3.635659813880920410e-02
9.436560869216918945e-01,3.123922506347298622e-03,4.371349132270552218e-05,4.172389861196279526e-03,1.445093857910251245e-05,4.898949712514877319e-02
9.617623686790466309e-01,4.021602217108011246e-03,5.763695662608370185e-05,4.132848698645830154e-03,1.974431143025867641e-05,3.000576421618461609e-02
9.139633774757385254e-01,5.109186284244060516e-03,5.333205626811832190e-05,3.486744826659560204e-03,2.740488525887485594e-05,7.735993713140487671e-02
9.260388612747192383e-01,7.741631707176566124e-04,7.394125987048028037e-06,7.242385763674974442e-04,5.422922640718752518e-06,7.244990766048431396e-02
8.934201002120971680e-01,1.395739847794175148e-03,1.714121754048392177e-05,1.618340960703790188e-03,1.182346477435203269e-05,1.035368591547012329e-01
7.531683444976806641e-01,2.008937066420912743e-03,1.274620262847747654e-05,3.905012737959623337e-03,7.878902579250279814e-06,2.408971190452575684e-01
8.371104598045349121e-01,1.595637178979814053e-03,1.028676433634245768e-05,3.395709209144115448e-03,5.930442057433538139e-06,1.578820198774337769e-01
9.016432762145996094e-01,1.761288265697658062e-03,1.747675014485139400e-05,3.276393981650471687e-03,9.976667570299468935e-06,9.329149127006530762e-02
8.154575824737548828e-01,3.110624616965651512e-03,1.380851244903169572e-05,2.895262558013200760e-03,7.920975804154295474e-06,1.785148084163665771e-01
9.615737795829772949e-01,1.084696617908775806e-03,5.826587766932789236e-06,1.653544371947646141e-03,2.836003886841353960e-06,3.567926585674285889e-02
9.007815122604370117e-01,7.731120102107524872e-03,4.743426688946783543e-05,8.073928765952587128e-03,1.560363125463481992e-05,8.335039019584655762e-02
8.499229550361633301e-01,1.090752892196178436e-02,5.993965169182047248e-05,2.027507312595844269e-02,1.377124499413184822e-05,1.188205704092979431e-01
8.119648694992065430e-01,8.871251717209815979e-03,1.224278821609914303e-04,5.004095286130905151e-02,2.261653389723505825e-05,1.289778649806976318e-01
8.233464956283569336e-01,6.867704447358846664e-03,6.219296483322978020e-05,2.397849783301353455e-02,1.518228873464977369e-05,1.457298994064331055e-01
7.662982344627380371e-01,3.652396146208047867e-03,2.800229958666022867e-05,1.302495691925287247e-02,9.189190677716396749e-06,2.169871628284454346e-01
7.757518291473388672e-01,5.013200920075178146e-03,2.781502735160756856e-05,8.730796165764331818e-03,1.130850250774528831e-05,2.104650288820266724e-01
8.539801836013793945e-01,7.249992806464433670e-03,3.221056977054104209e-05,3.384027630090713501e-03,1.592971966601908207e-05,1.353378146886825562e-01
9.119474887847900391e-01,9.455602616071701050e-03,1.146405702456831932e-04,8.698196150362491608e-03,3.362592906341888011e-05,6.975042074918746948e-02
9.161250591278076172e-01,2.703331224620342255e-02,4.429330292623490095e-04,2.308538183569908142e-02,7.608121813973411918e-05,3.323717415332794189e-02
9.713549613952636719e-01,9.015293791890144348e-03,2.336389734409749508e-04,5.924367811530828476e-03,5.332279397407546639e-05,1.341844070702791214e-02
9.756130576133728027e-01,4.146458115428686142e-03,8.227120270021259785e-05,8.186812512576580048e-03,1.515997428214177489e-05,1.195635087788105011e-02
9.692502617835998535e-01,5.469501949846744537e-03,4.227617682772688568e-05,6.521542556583881378e-03,8.662864274810999632e-06,1.870781742036342621e-02
9.251133799552917480e-01,5.817142780870199203e-03,1.144968518929090351e-05,4.986052401363849640e-03,3.685948968268348835e-06,6.406830996274948120e-02
9.179651737213134766e-01,2.742919372394680977e-03,6.006143394188256934e-06,4.615567624568939209e-03,2.295927288287202828e-06,7.466802000999450684e-02
9.106263518333435059e-01,6.373212672770023346e-03,1.496587810834171250e-05,7.577976211905479431e-03,5.082132247480330989e-06,7.540239393711090088e-02
7.509515285491943359e-01,1.808552630245685577e-02,2.233212944702245295e-05,9.586052037775516510e-03,8.699752470420207828e-06,2.213458716869354248e-01
7.691344022750854492e-01,6.858636625111103058e-03,6.272299742704490200e-06,2.047404414042830467e-03,3.777426400120020844e-06,2.219495922327041626e-01
8.175570368766784668e-01,3.637894522398710251e-03,6.042269887984730303e-06,1.151119591668248177e-03,4.370692749944282696e-06,1.776434630155563354e-01
7.022569775581359863e-01,2.343827392905950546e-03,5.500600764207774773e-06,1.502937055192887783e-03,4.468750830710632727e-06,2.938862442970275879e-01
8.524002432823181152e-01,2.483434509485960007e-03,1.816381518437992781e-05,1.867143088020384312e-03,1.187133875646395609e-05,1.432190537452697754e-01
9.368370771408081055e-01,2.943896222859621048e-03,3.771827323362231255e-05,2.364273648709058762e-03,1.692578007350675762e-05,5.780009925365447998e-02
8.625094294548034668e-01,5.494403187185525894e-03,2.226263677584938705e-05,2.130649052560329437e-03,1.500009057053830475e-05,1.298281997442245483e-01
7.835911512374877930e-01,9.813102893531322479e-03,3.014111644006334245e-05,3.010455053299665451e-03,1.789708039723336697e-05,2.035371810197830200e-01
6.531798243522644043e-01,8.070398122072219849e-03,1.543604048492852598e-05,3.417233237996697426e-03,1.082927428797120228e-05,3.353062570095062256e-01
6.129522323608398438e-01,1.511666271835565567e-02,2.727509672695305198e-05,7.568815723061561584e-03,9.976269211620092392e-06,3.643250763416290283e-01
6.122927665710449219e-01,1.347796432673931122e-02,4.916701436741277575e-05,6.519162096083164215e-03,1.859319490904454142e-05,3.676422834396362305e-01
7.816194295883178711e-01,8.595849387347698212e-03,3.579217082005925477e-05,5.160205997526645660e-03,1.592100124980788678e-05,2.045727521181106567e-01
8.506084680557250977e-01,3.300747135654091835e-03,1.117005285777850077e-05,2.163975965231657028e-03,5.064508059149375185e-06,1.439105272293090820e-01
9.076535701751708984e-01,8.593936800025403500e-04,8.407052519032731652e-06,7.433206774294376373e-04,6.022935394867090508e-06,9.072913974523544312e-02
9.473854899406433105e-01,5.121760768815875053e-04,1.043829252012073994e-05,1.014063367620110512e-03,7.497162641811883077e-06,5.107042193412780762e-02
9.306294322013854980e-01,4.309519135858863592e-04,3.029505205631721765e-05,8.976054959930479527e-04,2.348945781704969704e-05,6.798817962408065796e-02
9.404153227806091309e-01,1.795492717064917088e-03,7.069899584166705608e-05,2.810991834849119186e-03,3.551221016095951200e-05,5.487199127674102783e-02
8.489801287651062012e-01,8.757908828556537628e-03,1.754436379997059703e-04,5.678839050233364105e-03,7.413655112031847239e-05,1.363333910703659058e-01
8.590234518051147461e-01,9.835934266448020935e-03,6.164895603433251381e-05,3.094114130362868309e-03,3.249595101806335151e-05,1.279523223638534546e-01
7.958139777183532715e-01,7.940400391817092896e-03,4.938574056723155081e-05,7.741595618426799774e-03,1.679110209806822240e-05,1.884378343820571899e-01
8.347027897834777832e-01,4.919357597827911377e-02,3.140069020446389914e-04,2.526535652577877045e-02,9.373955253977328539e-05,9.043047577142715454e-02
9.028159976005554199e-01,1.395604200661182404e-02,1.288998319068923593e-04,9.255067445337772369e-03,5.110667916596867144e-05,7.379288226366043091e-02
8.747007846832275391e-01,6.511547137051820755e-03,4.537402492132969201e-05,7.237378042191267014e-03,2.430388121865689754e-05,1.114807501435279846e-01
8.294910192489624023e-01,3.349679522216320038e-03,1.356517259409883991e-05,3.263055114075541496e-03,9.292776667280122638e-06,1.638734638690948486e-01
8.376202583312988281e-01,1.578293042257428169e-03,6.407020919141359627e-06,1.437715603969991207e-03,3.831934009213000536e-06,1.593536138534545898e-01
8.978030085563659668e-01,8.124812156893312931e-04,4.555259693006519228e-06,1.053169951774179935e-03,2.672913296919432469e-06,1.003241389989852905e-01
7.289518117904663086e-01,3.412882331758737564e-03,1.462003729102434590e-05,2.119788900017738342e-03,8.545703167328611016e-06,2.654924690723419189e-01
6.028084754943847656e-01,1.701979199424386024e-03,8.928335773816797882e-06,1.623583026230335236e-03,6.321243745333049446e-06,3.938506543636322021e-01
3.891415596008300781e-01,1.064744312316179276e-03,6.279122771957190707e-06,9.479782311245799065e-04,5.254134521237574518e-06,6.088341474533081055e-01
4.771791100502014160e-01,8.564357995055615902e-04,6.362201929732691497e-06,1.181375351734459400e-03,5.960428097750991583e-06,5.207707881927490234e-01
6.810612082481384277e-01,3.820399753749370575e-03,4.001247725682333112e-05,3.781328210607171059e-03,3.038034810742828995e-05,3.112666904926300049e-01
7.963675856590270996e-01,1.080347225069999695e-02,8.030177559703588486e-05,7.391959894448518753e-03,4.891113349003717303e-05,1.853078007698059082e-01
6.933798789978027344e-01,5.537223815917968750e-02,1.607717567821964622e-04,3.661241009831428528e-02,7.178346277214586735e-05,2.144030481576919556e-01
6.409109830856323242e-01,9.155808389186859131e-02,2.528251206967979670e-04,2.875215373933315277e-02,7.946548430481925607e-05,2.384465336799621582e-01
5.045692324638366699e-01,1.315068453550338745e-01,1.041765281115658581e-04,5.048659816384315491e-02,1.947940290847327560e-05,3.133136630058288574e-01
4.961544275283813477e-01,5.712910741567611694e-02,2.315759775228798389e-05,1.260485313832759857e-02,7.372932032012613490e-06,4.340810179710388184e-01
6.225622296333312988e-01,1.337531059980392456e-01,2.701211778912693262e-04,3.915710747241973877e-02,4.049138442496769130e-05,2.042168974876403809e-01
7.097996473312377930e-01,1.151789426803588867e-01,2.607910428196191788e-04,3.118230029940605164e-02,4.606639049598015845e-05,1.435323357582092285e-01
7.475556135177612305e-01,5.489974468946456909e-02,1.798078883439302444e-04,2.296276576817035675e-02,4.443102079676464200e-05,1.743575483560562134e-01
7.599188089370727539e-01,1.138723734766244888e-02,8.660206367494538426e-05,1.104999054223299026e-02,3.477777863736264408e-05,2.175225019454956055e-01
7.827686071395874023e-01,1.840268610976636410e-03,6.710379693686263636e-06,1.548206550069153309e-03,6.566308456967817619e-06,2.138297408819198608e-01
6.489561796188354492e-01,7.355785928666591644e-04,1.276731950383691583e-06,8.282546768896281719e-04,1.427109168616880197e-06,3.494773507118225098e-01
7.068621516227722168e-01,1.077077118679881096e-03,1.092949332814896479e-06,6.262435927055776119e-04,1.094079721042362507e-06,2.914323508739471436e-01
4.341078996658325195e-01,1.504930318333208561e-03,5.979468369332607836e-07,6.014954997226595879e-04,7.523136673626140691e-07,5.637843608856201172e-01
5.467762351036071777e-01,3.509425325319170952e-03,4.180928954156115651e-06,1.492725918069481850e-03,3.312124817966832779e-06,4.482141137123107910e-01
5.890009999275207520e-01,2.120734192430973053e-02,3.362895222380757332e-05,4.393531940877437592e-03,2.022548505919985473e-05,3.853442966938018799e-01
5.103796720504760742e-01,1.857622712850570679e-02,4.060313221998512745e-05,4.017489496618509293e-03,2.612901698739733547e-05,4.669598937034606934e-01
5.543922185897827148e-01,1.123781315982341766e-02,3.750929681700654328e-05,4.284644033759832382e-03,2.210289494541939348e-05,4.300257265567779541e-01
6.267585754394531250e-01,3.327437490224838257e-02,3.344304568599909544e-04,1.083627622574567795e-02,1.304002798860892653e-04,3.286659419536590576e-01
7.635973095893859863e-01,3.330425173044204712e-02,3.047003410756587982e-04,1.077965740114450455e-02,1.021364660118706524e-04,1.919120550155639648e-01
8.691738247871398926e-01,1.265850011259317398e-02,1.820370089262723923e-04,4.720859229564666748e-03,6.238157220650464296e-05,1.132024005055427551e-01
9.260714650154113770e-01,2.610910311341285706e-02,2.268774260301142931e-04,4.187256097793579102e-03,7.046604150673374534e-05,4.333494231104850769e-02
9.221581220626831055e-01,1.166051160544157028e-02,1.153587290900759399e-04,2.553055528551340103e-03,4.137816358706913888e-05,6.347168236970901489e-02
8.559140563011169434e-01,2.575067616999149323e-02,2.373338647885248065e-04,3.749177325516939163e-03,9.575566218700259924e-05,1.142530590295791626e-01
9.164999127388000488e-01,2.267816476523876190e-02,3.596889437176287174e-04,2.610200317576527596e-03,1.593402703292667866e-04,5.769277364015579224e-02
9.534114599227905273e-01,7.544363383203744888e-03,2.317055768799036741e-04,2.368090907111763954e-03,1.150340758613310754e-04,3.632934391498565674e-02
9.263818264007568359e-01,2.879619225859642029e-02,7.932427688501775265e-04,8.792824111878871918e-03,2.039413375314325094e-04,3.503195941448211670e-02
9.054989814758300781e-01,4.069099202752113342e-02,7.478681509383022785e-04,6.832122337073087692e-03,2.450897882226854563e-04,4.598493874073028564e-02
7.730960845947265625e-01,9.349138289690017700e-02,9.322916739620268345e-04,2.309913001954555511e-02,1.879738993011415005e-04,1.091931089758872986e-01
7.839819192886352539e-01,8.147990703582763672e-02,7.179317763075232506e-04,1.088380441069602966e-02,2.019954554270952940e-04,1.227345019578933716e-01
8.594349622726440430e-01,2.392947115004062653e-02,3.595127782318741083e-04,6.347415503114461899e-03,1.293339155381545424e-04,1.097993031144142151e-01
8.183548450469970703e-01,7.255647797137498856e-03,2.508068282622843981e-04,6.272521801292896271e-03,1.561390527058392763e-04,1.677099466323852539e-01
8.397728204727172852e-01,1.770954928360879421e-03,8.349445852218195796e-05,1.865635858848690987e-03,6.121746991993859410e-05,1.564458608627319336e-01
7.789520621299743652e-01,5.535538308322429657e-03,2.828323922585695982e-04,5.349945742636919022e-03,2.580418949946761131e-04,2.096215039491653442e-01
7.713407874107360840e-01,4.417886212468147278e-02,7.484069792553782463e-04,1.701598986983299255e-02,3.161949280183762312e-04,1.663997471332550049e-01
6.607300043106079102e-01,1.420908272266387939e-01,1.661359216086566448e-03,2.524063363671302795e-02,5.261673359200358391e-04,1.697509735822677612e-01
5.327711105346679688e-01,1.133553013205528259e-01,8.062632987275719643e-04,2.611923776566982269e-02,2.734748995862901211e-04,3.266746401786804199e-01
6.841240525245666504e-01,3.692642599344253540e-02,3.623793600127100945e-04,2.074535936117172241e-02,1.037523106788285077e-04,2.577381134033203125e-01
6.099541187286376953e-01,2.208062633872032166e-02,6.058024591766297817e-04,1.819601282477378845e-02,3.506543580442667007e-04,3.488127589225769043e-01
7.842500805854797363e-01,2.237803069874644279e-03,2.519866684451699257e-04,6.437860429286956787e-03,2.786428085528314114e-04,2.065436691045761108e-01
8.479350805282592773e-01,1.751933479681611061e-03,1.724467001622542739e-04,4.963761661201715469e-03,1.726909249555319548e-04,1.450041830539703369e-01
8.637294769287109375e-01,2.772354055196046829e-03,2.330201969016343355e-04,3.086914541199803352e-03,3.420298162382096052e-04,1.298362314701080322e-01
9.058768153190612793e-01,1.623487914912402630e-03,5.432645775726996362e-05,1.459756749682128429e-03,6.308293086476624012e-05,9.092251956462860107e-02
7.889738082885742188e-01,5.572916124947369099e-04,7.552116130682406947e-06,1.072014099918305874e-03,8.406430424656718969e-06,2.093809694051742554e-01
6.450536847114562988e-01,6.684297113679349422e-04,4.197477665002224967e-06,1.533741946332156658e-03,4.192344931652769446e-06,3.527355790138244629e-01
5.837467908859252930e-01,9.690290316939353943e-04,4.245646778144873679e-06,1.865400117821991444e-03,4.975906449544709176e-06,4.134095907211303711e-01
6.542118787765502930e-01,1.698129926808178425e-03,6.161898454593028873e-06,3.154692240059375763e-03,4.235887445247499272e-06,3.409250080585479736e-01
7.014020085334777832e-01,3.408018965274095535e-03,1.374139628751436248e-05,4.737898241728544235e-03,9.576239790476392955e-06,2.904287278652191162e-01
6.163308620452880859e-01,2.319203689694404602e-03,9.279698133468627930e-06,4.462833981961011887e-03,6.741081506334012374e-06,3.768710196018218994e-01
6.689181327819824219e-01,3.488558111712336540e-03,6.565767307620262727e-06,4.472806584089994431e-03,5.710011009796289727e-06,3.231081664562225342e-01
5.226349234580993652e-01,1.644068513996899128e-03,6.834210125816753134e-06,4.030150827020406723e-03,5.846546628163196146e-06,4.716781675815582275e-01
5.789098143577575684e-01,2.464953111484646797e-03,5.682517894456395879e-06,8.933938108384609222e-03,3.136368604828021489e-06,4.096825420856475830e-01
4.308792352676391602e-01,2.339828526601195335e-03,5.228134341450640932e-06,1.044852752238512039e-02,2.775455186565523036e-06,5.563243627548217773e-01
2.720474600791931152e-01,4.102901555597782135e-03,7.389002348645590246e-06,1.379191037267446518e-02,3.197554406142444350e-06,7.100471854209899902e-01
3.737123012542724609e-01,4.166749492287635803e-02,8.988488116301596165e-05,9.670635312795639038e-02,2.226394462923053652e-05,4.878017008304595947e-01
3.153093159198760986e-01,1.979262195527553558e-02,9.629296255297958851e-05,4.768052697181701660e-02,2.691784720809664577e-05,6.170942783355712891e-01
4.949845373630523682e-01,1.165382638573646545e-01,5.987944896332919598e-04,7.204366475343704224e-02,1.400983455823734403e-04,3.156946301460266113e-01
5.805968642234802246e-01,1.520293056964874268e-01,1.378591288812458515e-03,9.394244104623794556e-02,2.577763807494193316e-04,1.717950850725173950e-01
5.850078463554382324e-01,1.792051792144775391e-01,2.205253345891833305e-03,1.166076511144638062e-01,3.104925563093274832e-04,1.166636049747467041e-01
4.020643234252929688e-01,3.353443741798400879e-01,2.847321098670363426e-03,9.714207798242568970e-02,3.296491340734064579e-04,1.622722297906875610e-01
2.999663352966308594e-01,4.451194405555725098e-01,2.970534842461347580e-03,7.609260082244873047e-02,3.918978618457913399e-04,1.754591166973114014e-01
2.625721395015716553e-01,1.130391955375671387e-01,2.246199146611616015e-04,2.460632286965847015e-02,5.088729085400700569e-05,5.995068550109863281e-01
3.858764767646789551e-01,1.941336877644062042e-02,4.077739504282362759e-05,4.311879631131887436e-03,2.188002508773934096e-05,5.903355479240417480e-01
2.558843493461608887e-01,1.739534898661077023e-03,2.727940227487124503e-06,1.073251944035291672e-03,2.676182475624955259e-06,7.412974834442138672e-01
3.807907998561859131e-01,3.562086494639515877e-04,3.147578354401048273e-06,7.687864708714187145e-04,4.313535555411363021e-06,6.180768013000488281e-01
7.238140702247619629e-01,5.428556352853775024e-03,5.844131010235287249e-05,1.202633790671825409e-02,2.694315116968937218e-05,2.586456239223480225e-01
7.895309329032897949e-01,8.904600515961647034e-03,2.093859802698716521e-04,3.010622039437294006e-02,5.537081233342178166e-05,1.711934506893157959e-01
8.796624541282653809e-01,3.345423564314842224e-02,8.793449378572404385e-04,4.290475696325302124e-02,1.537824718980118632e-04,4.294547066092491150e-02
8.478435277938842773e-01,6.655041128396987915e-02,1.358341891318559647e-03,5.510243773460388184e-02,1.630282204132527113e-04,2.898222021758556366e-02
6.831669211387634277e-01,1.891733109951019287e-01,2.696989569813013077e-03,7.464905828237533569e-02,3.232770250178873539e-04,4.999035224318504333e-02
6.824567914009094238e-01,1.745265722274780273e-01,4.522061441093683243e-03,4.798071086406707764e-02,8.612006204202771187e-04,8.965268731117248535e-02
6.127504706382751465e-01,6.621227413415908813e-02,9.608755935914814472e-04,2.508637495338916779e-02,2.419801603537052870e-04,2.947479784488677979e-01
5.948565602302551270e-01,2.069452032446861267e-02,3.196863690391182899e-04,1.488626934587955475e-02,1.213903015013784170e-04,3.691215515136718750e-01
7.304176092147827148e-01,1.659402740187942982e-03,5.346203761291690171e-05,3.292463254183530807e-03,2.668897650437429547e-05,2.645502686500549316e-01
7.559362649917602539e-01,9.104471537284553051e-04,7.870269655541051179e-06,2.738685114309191704e-03,4.522136805462650955e-06,2.404023259878158569e-01
8.770430684089660645e-01,8.529115468263626099e-03,9.530994429951533675e-05,1.016701478511095047e-02,2.639767262735404074e-05,1.041391715407371521e-01
8.812894225120544434e-01,1.908962987363338470e-02,2.975005481857806444e-04,1.114990003407001495e-02,8.129353955155238509e-05,8.809222280979156494e-02
8.211899995803833008e-01,7.867144048213958740e-02,8.630431257188320160e-04,1.752895861864089966e-02,2.389854635111987591e-04,8.150753378868103027e-02
6.406886577606201172e-01,2.287612706422805786e-01,4.124514758586883545e-03,3.334765508770942688e-02,1.055848086252808571e-03,9.202209115028381348e-02
4.344792068004608154e-01,1.757385432720184326e-01,1.563125173561275005e-03,3.594501316547393799e-02,5.760196945630013943e-04,3.516981005668640137e-01
3.848974108695983887e-01,1.359028220176696777e-01,7.300820434466004372e-04,4.307819157838821411e-02,2.414068585494533181e-04,4.351500570774078369e-01
2.368484437465667725e-01,6.045721936970949173e-03,3.270820889156311750e-05,5.095151718705892563e-03,2.157940252800472081e-05,7.519564628601074219e-01
5.295981764793395996e-01,7.902153767645359039e-03,6.336670048767700791e-05,7.572980131953954697e-03,3.279051816207356751e-05,4.548304975032806396e-01
7.703826427459716797e-01,3.612119005993008614e-03,6.988665700191631913e-05,8.338764309883117676e-03,3.332206688355654478e-05,2.175632268190383911e-01
7.227786183357238770e-01,1.822455320507287979e-03,7.159572123782709241e-05,2.621525526046752930e-02,2.980404133268166333e-05,2.490821927785873413e-01
9.284114837646484375e-01,1.712312921881675720e-03,8.272910781670361757e-05,2.769484557211399078e-02,2.093811235681641847e-05,4.207772761583328247e-02
9.254685640335083008e-01,2.405223902314901352e-03,1.992046454688534141e-04,4.859525337815284729e-02,3.812471186392940581e-05,2.329354919493198395e-02
9.643513560295104980e-01,1.970927929505705833e-03,1.536642375867813826e-04,2.300224453210830688e-02,2.395648334641009569e-05,1.049773581326007843e-02
9.551437497138977051e-01,2.640117425471544266e-03,1.604894205229356885e-04,1.370368804782629013e-02,4.367373185232281685e-05,2.830829471349716187e-02
9.578511118888854980e-01,6.604776717722415924e-03,4.390820686239749193e-04,1.134175714105367661e-02,1.189327012980356812e-04,2.364433929324150085e-02
8.141177892684936523e-01,9.067764505743980408e-03,3.468892828095704317e-04,1.687502302229404449e-02,1.349198864772915840e-04,1.594576388597488403e-01
7.836881875991821289e-01,8.803515695035457611e-03,2.807105192914605141e-04,3.052530251443386078e-02,1.061551156453788280e-04,1.765961647033691406e-01
7.232516407966613770e-01,2.755975117906928062e-03,6.198132905410602689e-05,1.214878167957067490e-02,2.350529757677577436e-05,2.617580890655517578e-01
5.909243226051330566e-01,4.318240564316511154e-03,9.823968139244243503e-05,2.808804810047149658e-02,5.156581391929648817e-05,3.765194714069366455e-01
3.308654725551605225e-01,1.561760785989463329e-03,1.382067330268910155e-05,7.129494566470384598e-03,1.206887009175261483e-05,6.604173779487609863e-01
1.737609654664993286e-01,6.568216485902667046e-04,1.108014430428738706e-06,8.233263506554067135e-04,1.733504745971004013e-06,8.247559666633605957e-01
1.350440382957458496e-01,6.906872731633484364e-04,2.286258222738979384e-06,9.951599640771746635e-04,2.838697810148005374e-06,8.632649779319763184e-01
1.444458961486816406e-01,4.547278513200581074e-04,9.229568149748956785e-07,4.766216152347624302e-04,1.542653194519516546e-06,8.546203374862670898e-01
5.271625518798828125e-01,1.370275043882429600e-03,1.218881516251713037e-05,1.630428596399724483e-03,1.311883352173026651e-05,4.698113799095153809e-01
8.316221833229064941e-01,3.993625286966562271e-03,1.285388425458222628e-04,5.140115041285753250e-03,8.463551057502627373e-05,1.590307056903839111e-01
9.244233965873718262e-01,4.076909739524126053e-03,1.703956077108159661e-04,5.784645210951566696e-03,8.786871330812573433e-05,6.545680761337280273e-02
8.964808583259582520e-01,3.713848534971475601e-03,1.827188825700432062e-04,2.327662706375122070e-02,7.154139166232198477e-05,7.627440989017486572e-02
7.847440838813781738e-01,1.274338830262422562e-02,4.948928835801780224e-04,5.914904922246932983e-02,1.903934171423316002e-04,1.426782160997390747e-01
5.590841174125671387e-01,8.583629503846168518e-03,1.509455032646656036e-04,4.790006577968597412e-02,7.999913214007392526e-05,3.842011988162994385e-01
2.298961132764816284e-01,3.430379787459969521e-03,3.098919842159375548e-05,2.806658297777175903e-02,1.853681715147104114e-05,7.385573983192443848e-01
3.251761794090270996e-01,2.487909747287631035e-03,4.928123598801903427e-05,1.229714229702949524e-02,3.519839083310216665e-05,6.599541902542114258e-01
2.219607234001159668e-01,3.037927905097603798e-03,3.126206138404086232e-05,3.654999192804098129e-03,3.374836160219274461e-05,7.712813615798950195e-01
5.628763437271118164e-01,2.337218495085835457e-03,3.972695049014873803e-05,5.241555627435445786e-03,2.733811743382830173e-05,4.294778704643249512e-01
5.829192399978637695e-01,1.285464386455714703e-03,1.796969081624411047e-05,1.883964869193732738e-03,1.422490640834439546e-05,4.138790071010589600e-01
7.380608916282653809e-01,2.904784167185425758e-03,7.218359678518027067e-05,3.691444639116525650e-03,6.343832501443102956e-05,2.552073001861572266e-01
8.086991310119628906e-01,8.344152942299842834e-03,2.785591350402683020e-04,5.666620563715696335e-03,1.971078308997675776e-04,1.768143177032470703e-01
7.869598269462585449e-01,3.835618961602449417e-03,1.528517605038359761e-04,3.727878443896770477e-03,1.563907426316291094e-04,2.051674723625183105e-01
7.677134871482849121e-01,1.221564132720232010e-02,1.971381279872730374e-04,6.472982000559568405e-03,1.379852183163166046e-04,2.132627516984939575e-01
6.924988031387329102e-01,9.195183403789997101e-03,2.611019008327275515e-04,8.917264640331268311e-03,3.533613344188779593e-04,2.887742817401885986e-01
6.373180747032165527e-01,6.374511402100324631e-03,1.693990197964012623e-04,9.142214432358741760e-03,1.917756599141284823e-04,3.468039929866790771e-01
7.862251996994018555e-01,6.591686047613620758e-03,1.492021547164767981e-04,9.386727586388587952e-03,8.173264359356835485e-05,1.975654363632202148e-01
8.632244467735290527e-01,4.907725378870964050e-02,2.157031325623393059e-03,1.308629382401704788e-02,9.684767574071884155e-04,7.148649543523788452e-02
8.919891715049743652e-01,3.126726672053337097e-02,1.450091600418090820e-03,7.037487812340259552e-03,6.548984092660248280e-04,6.760113686323165894e-02
7.744190096855163574e-01,1.011488307267427444e-02,1.171978074125945568e-04,3.789321053773164749e-03,6.567483069375157356e-05,2.114939540624618530e-01
6.377871632575988770e-01,1.076397765427827835e-02,1.385060459142550826e-04,7.040108554065227509e-03,6.212791049620136619e-05,3.442081212997436523e-01
7.097287774085998535e-01,3.241749713197350502e-03,1.732540295051876456e-05,2.439297037199139595e-03,1.263398371520452201e-05,2.845602035522460938e-01
7.331904768943786621e-01,2.268676878884434700e-03,1.960580630111508071e-05,3.648299258202314377e-03,1.056196379067841917e-05,2.608624994754791260e-01
8.412265181541442871e-01,7.670780760236084461e-04,4.640780389308929443e-06,1.064236741513013840e-03,3.730091975739924237e-06,1.569339185953140259e-01
8.477812409400939941e-01,3.466884372755885124e-04,5.336870344763156027e-06,8.191208471544086933e-04,4.606039055943256244e-06,1.510429829359054565e-01
8.057903051376342773e-01,6.004688329994678497e-04,9.194951417157426476e-06,1.403785427100956440e-03,8.518924005329608917e-06,1.921876966953277588e-01
7.339730858802795410e-01,1.349612255580723286e-03,2.266379487991798669e-05,2.842617221176624298e-03,2.676344774954486638e-05,2.617852389812469482e-01
8.387731313705444336e-01,5.794785916805267334e-03,1.344516203971579671e-04,1.255491003394126892e-02,8.391610754188150167e-05,1.426587849855422974e-01
4.921893179416656494e-01,3.221333725377917290e-03,4.044090746901929379e-05,8.002361282706260681e-03,3.562263373169116676e-05,4.965108335018157959e-01
5.385715365409851074e-01,1.010072231292724609e-02,6.223964737728238106e-05,1.379223912954330444e-02,4.581689790938980877e-05,4.374275505542755127e-01
3.881222605705261230e-01,1.170259085483849049e-03,1.559034171805251390e-05,4.956091754138469696e-03,1.425880054739536718e-05,6.057214736938476562e-01
4.875189960002899170e-01,2.486672485247254372e-03,2.979033888550475240e-05,9.819938801229000092e-03,3.078388908761553466e-05,5.001138448715209961e-01
7.632276415824890137e-01,1.201653387397527695e-02,3.472506359685212374e-04,7.956564426422119141e-02,1.150711686932481825e-04,1.447278857231140137e-01
7.982380390167236328e-01,1.689799316227436066e-02,4.997311043553054333e-04,7.918319851160049438e-02,1.490778668085113168e-04,1.050318852066993713e-01
6.008734703063964844e-01,3.515883907675743103e-02,1.388716511428356171e-03,2.169646173715591431e-01,4.148692241869866848e-04,1.451994776725769043e-01
5.371216535568237305e-01,5.257606506347656250e-02,1.619264367036521435e-03,1.508425176143646240e-01,7.371113752014935017e-04,2.571033537387847900e-01
4.118280708789825439e-01,3.256849572062492371e-02,5.871760658919811249e-04,4.500205814838409424e-02,2.910896437242627144e-04,5.097231864929199219e-01
3.159305751323699951e-01,4.844872280955314636e-03,7.452198042301461101e-05,1.137268356978893280e-02,7.662068674108013511e-05,6.677006483078002930e-01
4.271629452705383301e-01,1.228772802278399467e-03,2.164727266062982380e-05,2.634334843605756760e-03,1.923166382766794413e-05,5.689330697059631348e-01
6.103282570838928223e-01,8.254350395873188972e-04,5.944398708379594609e-06,2.211739076301455498e-03,4.623925178748322651e-06,3.866239488124847412e-01
8.026310205459594727e-01,5.210958188399672508e-04,4.145318598602898419e-06,1.366193289868533611e-03,2.765749741229228675e-06,1.954747885465621948e-01
5.603393316268920898e-01,3.443776513449847698e-04,1.994785861825221218e-06,8.556609391234815121e-04,1.930190592247527093e-06,4.384565949440002441e-01
5.589728355407714844e-01,8.453428163193166256e-04,5.131670604896498844e-06,3.543090773746371269e-03,3.525166675899527036e-06,4.366301000118255615e-01
6.574662327766418457e-01,1.048732898198068142e-03,1.511860591563163325e-05,6.407117936760187149e-03,8.187258572434075177e-06,3.350545763969421387e-01
6.080042719841003418e-01,8.650234667584300041e-04,3.673922401503659785e-05,5.011923145502805710e-03,2.484601282048970461e-05,3.860571682453155518e-01
7.998381853103637695e-01,2.955072326585650444e-03,1.252376678166911006e-04,7.415608502924442291e-03,6.989484245423227549e-05,1.895961016416549683e-01
8.569633960723876953e-01,2.813546685501933098e-03,4.585596616379916668e-04,6.268574856221675873e-03,3.390710335224866867e-04,1.331568658351898193e-01
8.635416626930236816e-01,3.437946084886789322e-03,4.922580556012690067e-04,4.457603208720684052e-03,3.936570137739181519e-04,1.276768445968627930e-01
6.016698479652404785e-01,7.846501655876636505e-03,3.727871808223426342e-04,3.937263507395982742e-03,4.635592340491712093e-04,3.857100605964660645e-01
6.187112331390380859e-01,1.265981700271368027e-02,2.745419915299862623e-04,8.817087858915328979e-03,2.614243712741881609e-04,3.592759668827056885e-01
6.446981430053710938e-01,1.303120423108339310e-02,2.284960064571350813e-04,8.221668191254138947e-03,1.722827000776305795e-04,3.336481451988220215e-01
7.480044364929199219e-01,1.587956398725509644e-02,1.877318281913176179e-04,1.104780100286006927e-02,7.309117063414305449e-05,2.248073518276214600e-01
8.549594879150390625e-01,3.309909021481871605e-03,9.644126112107187510e-05,3.356848610565066338e-03,6.258500798139721155e-05,1.382147669792175293e-01
9.163943529129028320e-01,6.215195171535015106e-04,2.116264658980071545e-05,1.863706856966018677e-03,1.099589644582010806e-05,8.108827471733093262e-02
6.967438459396362305e-01,3.713012265507131815e-04,3.815036052401410416e-06,9.392272913828492165e-04,4.515655291470466182e-06,3.019373416900634766e-01
5.971186161041259766e-01,3.618541231844574213e-04,6.704226962028769776e-06,8.465825230814516544e-04,8.902959962142631412e-06,4.016573727130889893e-01
3.931367397308349609e-01,1.139126761700026691e-04,6.962272891541942954e-07,2.281800989294424653e-04,1.579010131536051631e-06,6.065189242362976074e-01
4.442786872386932373e-01,2.192015381297096610e-04,2.955390527858980931e-06,3.254636831115931273e-04,6.147110070742201060e-06,5.551675558090209961e-01
7.846398353576660156e-01,2.165426994906738400e-04,1.199355574499350041e-05,5.323509685695171356e-04,2.075854899885598570e-05,2.145785838365554810e-01
7.086060643196105957e-01,1.747555652400478721e-04,5.951956609351327643e-06,4.078232159372419119e-04,9.212321856466587633e-06,2.907962501049041748e-01
8.854230642318725586e-01,3.074341511819511652e-04,2.903825406974647194e-05,8.215575944632291794e-04,3.307908627903088927e-05,1.133858263492584229e-01
7.598430514335632324e-01,2.151120133930817246e-04,1.096747473638970405e-05,1.724294270388782024e-03,7.996352906047832221e-06,2.381986230611801147e-01
2.383141368627548218e-01,1.589621679158881307e-04,4.729472493636421859e-06,1.571523840539157391e-03,3.694109636853681877e-06,7.599469423294067383e-01
2.330691665410995483e-01,9.801428532227873802e-04,1.256899486179463565e-05,4.396004602313041687e-03,8.867757060215808451e-06,7.615332603454589844e-01
3.533361852169036865e-01,2.357002580538392067e-03,2.570408469182439148e-05,1.022206991910934448e-02,1.427389270247658715e-05,6.340448260307312012e-01
5.480227470397949219e-01,4.549175035208463669e-03,6.469366780947893858e-05,3.609889373183250427e-02,2.320613566553220153e-05,4.112414419651031494e-01
2.920619845390319824e-01,2.244083443656563759e-03,2.028056587732862681e-05,1.921995170414447784e-02,9.650844731368124485e-06,6.864440441131591797e-01
3.047106862068176270e-01,1.545114675536751747e-03,1.862240424088668078e-05,8.732858113944530487e-03,8.950682968134060502e-06,6.849837303161621094e-01
4.029162526130676270e-01,1.524906605482101440e-03,2.212952676927670836e-05,1.416449155658483505e-02,1.136435093940235674e-05,5.813608765602111816e-01
2.068516463041305542e-01,9.084558114409446716e-04,1.424940273864194751e-05,5.000046454370021820e-03,1.012467419059248641e-05,7.872155308723449707e-01
5.270413756370544434e-01,3.211552975699305534e-03,4.781109964824281633e-05,1.153619028627872467e-02,2.377528471697587520e-05,4.581393301486968994e-01
6.440311074256896973e-01,2.661172300577163696e-03,5.480508480104617774e-05,1.568001694977283478e-02,2.266981391585431993e-05,3.375502526760101318e-01
7.799695730209350586e-01,3.173475852236151695e-03,5.315395173965953290e-05,2.013066597282886505e-02,1.553686888655647635e-05,1.966575682163238525e-01
5.134548544883728027e-01,1.169107155874371529e-03,5.339871677279006690e-06,4.598147701472043991e-03,3.584548494472983293e-06,4.807689189910888672e-01
2.544185519218444824e-01,5.741113563999533653e-04,2.722491672102478333e-06,2.355054253712296486e-03,1.648697093514783774e-06,7.426479458808898926e-01
3.480409681797027588e-01,7.452778518199920654e-04,1.666252614995755721e-06,1.171519281342625618e-03,1.724902858768473379e-06,6.500388979911804199e-01
1.470859199762344360e-01,4.046122485306113958e-04,1.502874397374398541e-06,7.886087987571954727e-04,1.471181690249068197e-06,8.517178893089294434e-01
4.497802555561065674e-01,7.828630623407661915e-04,3.808684141404228285e-06,2.122636651620268822e-03,2.790710595945711248e-06,5.473076105117797852e-01
6.107355356216430664e-01,9.995811851695179939e-04,1.212850929732667282e-05,4.026591312140226364e-03,7.490365987905533984e-06,3.842186331748962402e-01
7.161650061607360840e-01,1.628066762350499630e-03,2.290337033628020436e-05,7.197637576609849930e-03,1.314373366767540574e-05,2.749732434749603271e-01
7.921231389045715332e-01,9.961824398487806320e-04,1.518704993941355497e-05,5.623578559607267380e-03,9.139562280324753374e-06,2.012326419353485107e-01
8.354179859161376953e-01,1.288927160203456879e-03,7.397591616609133780e-06,4.924997687339782715e-03,4.567061296256724745e-06,1.583561599254608154e-01
8.603945970535278320e-01,1.805043895728886127e-03,1.640582559048198164e-05,3.097064327448606491e-03,9.372251952299848199e-06,1.346774846315383911e-01
9.331005215644836426e-01,1.963031711056828499e-03,4.440051270648837090e-05,2.693083835765719414e-03,3.362093775649555027e-05,6.216537579894065857e-02
9.506272077560424805e-01,8.417769568040966988e-04,3.574202855816110969e-05,1.118769519962370396e-03,3.309050953248515725e-05,4.734356701374053955e-02
9.543721079826354980e-01,7.544630207121372223e-04,6.278587534325197339e-05,1.007505576126277447e-03,7.487922994187101722e-05,4.372828826308250427e-02
9.696176052093505859e-01,4.997940850444138050e-04,3.598642797442153096e-05,1.238766708411276340e-03,2.810918340401258320e-05,2.857976406812667847e-02
9.267626404762268066e-01,3.819628618657588959e-04,1.147526199929416180e-05,2.199076116085052490e-03,9.643677003623452038e-06,7.063526660203933716e-02
7.570455074310302734e-01,1.291161286644637585e-03,8.420757694693747908e-06,5.345675162971019745e-03,5.782349035143852234e-06,2.363034337759017944e-01
6.375938653945922852e-01,7.573217153549194336e-03,2.561051769589539617e-05,1.713915541768074036e-02,1.085657186195021495e-05,3.376573324203491211e-01
4.051355421543121338e-01,4.239146597683429718e-03,1.424129277438623831e-05,1.671718992292881012e-02,9.142458111455198377e-06,5.738847851753234863e-01
5.632485151290893555e-01,2.129591070115566254e-02,1.210925038321875036e-04,5.095800757408142090e-02,6.793969077989459038e-05,3.643084764480590820e-01
7.046341896057128906e-01,6.080116331577301025e-02,1.055287779308855534e-03,5.105303227901458740e-02,4.141242243349552155e-04,1.820422112941741943e-01
6.634415388107299805e-01,6.918445974588394165e-02,1.474623801186680794e-03,5.414829775691032410e-02,4.969768924638628960e-04,2.112541198730468750e-01
6.268402338027954102e-01,1.247215792536735535e-01,2.062798710539937019e-03,1.053392514586448669e-01,5.668321391567587852e-04,1.404693126678466797e-01
7.219378352165222168e-01,8.372682332992553711e-02,1.433103694580495358e-03,7.778976857662200928e-02,3.647767589427530766e-04,1.147476285696029663e-01
7.608571052551269531e-01,8.855098858475685120e-03,1.291999651584774256e-04,3.654217347502708435e-02,4.384335625218227506e-05,1.935726702213287354e-01
6.340417265892028809e-01,2.729244064539670944e-03,1.738828905217815191e-05,1.392191927880048752e-02,6.971037237235577777e-06,3.492828011512756348e-01
4.717678427696228027e-01,1.629608683288097382e-03,1.263392823602771387e-05,1.069475151598453522e-02,9.688671525509562343e-06,5.158855319023132324e-01
1.389795243740081787e-01,7.597296498715877533e-04,2.778706402750685811e-06,3.197113052010536194e-03,3.542510967236012220e-06,8.570573329925537109e-01
1.309012025594711304e-01,2.072392497211694717e-03,4.938368874718435109e-06,6.165537051856517792e-03,4.905595687887398526e-06,8.608510494232177734e-01
2.602842152118682861e-01,1.352110411971807480e-02,6.066779315005987883e-05,1.636599376797676086e-02,5.309509288053959608e-05,7.097148895263671875e-01
2.847028374671936035e-01,6.712265312671661377e-03,3.168249531881883740e-05,1.141763851046562195e-02,1.652108585403766483e-05,6.971190571784973145e-01
6.234467625617980957e-01,1.158567238599061966e-02,6.848123302916064858e-05,2.270203083753585815e-02,2.616769234009552747e-05,3.421708643436431885e-01
6.997600197792053223e-01,1.491214428097009659e-02,9.354262874694541097e-05,1.807874254882335663e-02,3.103250492131337523e-05,2.671246528625488281e-01
6.934484243392944336e-01,1.740680076181888580e-02,9.701356611913070083e-05,2.165828458964824677e-02,4.350842937128618360e-05,2.673459649085998535e-01
4.305499494075775146e-01,1.756025850772857666e-02,6.130536348791792989e-05,2.004558779299259186e-02,2.559339009167160839e-05,5.317573547363281250e-01
5.550557971000671387e-01,1.132891476154327393e-01,4.444243677426129580e-04,4.277767613530158997e-02,1.259729615412652493e-04,2.883069515228271484e-01
3.979153931140899658e-01,1.609536446630954742e-02,7.710479258093982935e-05,1.524069625884294510e-02,3.306884536868892610e-05,5.706384181976318359e-01
2.593958973884582520e-01,1.341671030968427658e-02,3.352940620970912278e-05,1.779553107917308807e-02,1.708315903670154512e-05,7.093412280082702637e-01
3.409415185451507568e-01,2.352223964408040047e-03,1.592613625689409673e-05,3.098643617704510689e-03,1.628474819881375879e-05,6.535753607749938965e-01
4.254671931266784668e-01,3.222831757739186287e-03,1.538812648504972458e-05,5.311210639774799347e-03,1.019084447761997581e-05,5.659732222557067871e-01
6.687847971916198730e-01,6.049398332834243774e-03,3.777253732550889254e-05,2.409051917493343353e-02,1.444192730559734628e-05,3.010229766368865967e-01
8.726331591606140137e-01,3.622345160692930222e-03,3.388346158317290246e-05,7.932472042739391327e-03,1.570383756188675761e-05,1.157623231410980225e-01
8.137829303741455078e-01,9.636577218770980835e-03,6.349095929181203246e-05,1.414491981267929077e-02,2.785664946713950485e-05,1.623443067073822021e-01
5.969563722610473633e-01,6.092912983149290085e-03,2.407580177532508969e-05,1.081298384815454483e-02,1.434902060282183811e-05,3.860992789268493652e-01
4.517879784107208252e-01,7.405747659504413605e-03,2.225485877715982497e-05,6.256143096834421158e-03,2.153656168957240880e-05,5.345062613487243652e-01
2.816796600818634033e-01,3.576207207515835762e-03,1.591412910784129053e-05,5.328855477273464203e-03,1.286341557715786621e-05,7.093864679336547852e-01
2.462273538112640381e-01,4.264363553375005722e-03,1.380330741085344926e-05,6.186331622302532196e-03,1.323986907664220780e-05,7.432949542999267578e-01
4.266506135463714600e-01,1.518947887234389782e-03,2.825496949299122207e-06,4.528450313955545425e-03,3.069046670134412125e-06,5.672960877418518066e-01
5.223079323768615723e-01,7.938477210700511932e-04,1.558920189381751698e-06,2.727916231378912926e-03,1.535600517854618374e-06,4.741671979427337646e-01
3.041470944881439209e-01,4.123829421587288380e-04,5.123463893141888548e-07,1.712880446575582027e-03,5.750075047217251267e-07,6.937265396118164062e-01
6.223202943801879883e-01,4.880533670075237751e-04,2.147896566384588368e-06,2.639000304043292999e-03,1.694850311650952790e-06,3.745487630367279053e-01
5.654367208480834961e-01,2.015590202063322067e-03,7.620890755788423121e-06,4.540264606475830078e-03,5.128720658831298351e-06,4.279946684837341309e-01
6.999519467353820801e-01,8.193841204047203064e-03,5.294676157063804567e-05,9.426281787455081940e-03,2.708486317715141922e-05,2.823477685451507568e-01
8.854256272315979004e-01,7.597764022648334503e-03,6.308316369540989399e-05,6.845974363386631012e-03,2.716621747822500765e-05,1.000404283404350281e-01
7.266865372657775879e-01,4.757044371217489243e-03,2.486388802935834974e-05,8.906427770853042603e-03,1.122881349147064611e-05,2.596138119697570801e-01
6.983535885810852051e-01,2.143738325685262680e-03,5.183022949495352805e-06,4.477786365896463394e-03,2.892803649956476875e-06,2.950167655944824219e-01
6.180882453918457031e-01,5.575809045694768429e-04,3.164105692121665925e-06,4.885157570242881775e-03,2.154442654500599019e-06,3.764637112617492676e-01
3.326362669467926025e-01,6.740250391885638237e-04,4.199916475045029074e-06,6.486899685114622116e-03,2.783020590868545696e-06,6.601957678794860840e-01
4.335305094718933105e-01,2.251963829621672630e-03,8.677653568156529218e-06,1.472340803593397141e-02,4.185887064522830769e-06,5.494812130928039551e-01
2.750487327575683594e-01,1.513800700195133686e-03,1.310455627390183508e-05,2.171384729444980621e-02,4.717321189673384652e-06,7.017058134078979492e-01
1.562640219926834106e-01,7.923298981040716171e-04,6.221333933353889734e-06,8.019307628273963928e-03,3.538290684446110390e-06,8.349145650863647461e-01
2.042255848646163940e-01,7.305940962396562099e-04,1.987211817322531715e-06,6.664444692432880402e-03,1.376248064843821339e-06,7.883760333061218262e-01
8.904340118169784546e-02,1.201972263515926898e-04,2.644817982400127221e-07,1.194251701235771179e-03,2.513125707537255948e-07,9.096416831016540527e-01
2.226706594228744507e-01,2.893617493100464344e-04,6.291924137258320116e-07,2.759231021627783775e-03,5.294260176924581174e-07,7.742795944213867188e-01
2.154369205236434937e-01,4.587793664541095495e-04,1.368680614177719690e-06,2.382566221058368683e-03,1.242744360752112698e-06,7.817191481590270996e-01
5.589907765388488770e-01,1.766474335454404354e-03,7.805646419001277536e-06,4.507577512413263321e-03,4.939004156767623499e-06,4.347224235534667969e-01
4.139424264430999756e-01,1.612411462701857090e-03,6.823740932304644957e-06,2.231673337519168854e-03,5.095046162750804797e-06,5.822015404701232910e-01
4.274531900882720947e-01,6.254206411540508270e-03,4.105325933778658509e-05,9.102758020162582397e-03,1.906677607621531934e-05,5.571297407150268555e-01
3.835820853710174561e-01,7.036304567009210587e-03,3.220162761863321066e-05,1.311428379267454147e-02,1.544844781165011227e-05,5.962196588516235352e-01
3.126034438610076904e-01,1.960399793460965157e-03,6.535731699841562659e-06,7.946346886456012726e-03,4.525848453340586275e-06,6.774787306785583496e-01
2.563448548316955566e-01,9.015798568725585938e-04,3.570760327420430258e-06,3.494699951261281967e-03,3.200454557372722775e-06,7.392521500587463379e-01
3.576386570930480957e-01,1.329847378656268120e-03,4.068763701070565730e-06,1.041119452565908432e-02,2.898699449360719882e-06,6.306133270263671875e-01
2.560318112373352051e-01,3.974270075559616089e-04,1.348452997262938879e-06,9.327234700322151184e-03,8.581733368373534176e-07,7.342412471771240234e-01
3.068344891071319580e-01,2.642177569214254618e-04,1.384165784656943288e-06,8.005461655557155609e-03,7.471231242561771069e-07,6.848936676979064941e-01
5.434418916702270508e-01,8.342487271875143051e-04,1.116449766414007172e-05,3.935353830456733704e-02,4.753698249260196462e-06,4.163543879985809326e-01
4.283412396907806396e-01,1.267327228561043739e-03,1.868211802502628416e-05,4.028948396444320679e-02,7.630973414052277803e-06,5.300756096839904785e-01
4.564361274242401123e-01,1.728888368234038353e-03,1.032172895065741614e-05,1.799979433417320251e-02,5.985854386381106451e-06,5.238189101219177246e-01
2.764251828193664551e-01,8.565412135794758797e-04,4.747392722492804751e-06,5.260060075670480728e-03,3.174108542225440033e-06,7.174502611160278320e-01
3.021910190582275391e-01,1.004824996925890446e-03,3.039274133698199876e-06,2.677801297977566719e-03,2.756740968834492378e-06,6.941205859184265137e-01
7.168122529983520508e-01,4.078414931427687407e-04,2.167931825169944204e-06,1.431995537132024765e-03,1.797822051230468787e-06,2.813439667224884033e-01
9.168555140495300293e-01,1.050019171088933945e-03,9.687215424492023885e-06,3.842078149318695068e-03,4.844210707233287394e-06,7.823789864778518677e-02
9.311141967773437500e-01,1.928604906424880028e-03,1.529768633190542459e-05,3.745809197425842285e-03,7.410257694573374465e-06,6.318859755992889404e-02
9.065949320793151855e-01,1.253264141269028187e-03,1.314302789978682995e-05,2.774850931018590927e-03,8.966690984379965812e-06,8.935486525297164917e-02
9.212532639503479004e-01,3.385045798495411873e-03,1.150983443949371576e-04,6.536455359309911728e-03,6.206905527506023645e-05,6.864801049232482910e-02
5.204698443412780762e-01,3.905412554740905762e-02,4.128442960791289806e-04,3.423091024160385132e-02,1.703039743006229401e-04,4.056620299816131592e-01
2.655339539051055908e-01,7.933959364891052246e-02,2.948651381302624941e-04,6.497474014759063721e-02,8.213730325223878026e-05,5.897747278213500977e-01
3.590991497039794922e-01,1.067488044500350952e-01,9.208073606714606285e-04,9.296151250600814819e-02,2.492612111382186413e-04,4.400205016136169434e-01
4.411740005016326904e-01,7.079105079174041748e-02,3.586522361729294062e-04,1.206800714135169983e-01,8.246295328717678785e-05,3.669137358665466309e-01
3.935627043247222900e-01,2.499406971037387848e-02,1.047537443810142577e-04,4.282616823911666870e-02,3.491080497042275965e-05,5.384774208068847656e-01
2.361726462841033936e-01,1.945065334439277649e-02,1.444651388737838715e-05,3.918156772851943970e-02,5.936351044510956854e-06,7.051747441291809082e-01
2.674030959606170654e-01,3.196025267243385315e-02,5.572815280174836516e-05,6.343707442283630371e-02,1.659956251387484372e-05,6.371272802352905273e-01
1.461412161588668823e-01,3.336462378501892090e-02,2.936038254119921476e-05,5.702080950140953064e-02,7.991508937266189605e-06,7.634360194206237793e-01
2.554862201213836670e-01,7.555117364972829819e-03,6.897902039781911299e-06,1.464862376451492310e-02,2.751767397057847120e-06,7.223003506660461426e-01
4.395001530647277832e-01,3.007376566529273987e-03,9.220601896231528372e-06,1.219125278294086456e-02,4.072930096299387515e-06,5.452879071235656738e-01
4.154411852359771729e-01,4.503861127886921167e-04,1.728541860757104587e-06,2.473689150065183640e-03,1.277921796827286016e-06,5.816317200660705566e-01
2.744622528553009033e-01,6.911606760695576668e-04,1.050658170242968481e-06,1.079217996448278427e-03,1.268563096346042585e-06,7.237650752067565918e-01
3.476080596446990967e-01,1.382577931508421898e-03,6.031484190316405147e-06,2.050447510555386543e-03,5.346162652131170034e-06,6.489474773406982422e-01
7.135162353515625000e-01,2.373463474214076996e-03,1.751460513332858682e-05,3.271070308983325958e-03,1.296742993872612715e-05,2.808087468147277832e-01
8.229171633720397949e-01,4.710753448307514191e-03,3.986142837675288320e-05,7.475861813873052597e-03,2.145888720406219363e-05,1.648348718881607056e-01
9.054449796676635742e-01,3.030141582712531090e-03,7.983690011315047741e-05,7.101017981767654419e-03,3.979417670052498579e-05,8.430423587560653687e-02
7.267802357673645020e-01,1.477759215049445629e-03,1.559210431878454983e-05,4.713262896984815598e-03,9.245861292583867908e-06,2.670038938522338867e-01
7.481462955474853516e-01,6.299127708189189434e-04,2.161307065762230195e-06,1.587949227541685104e-03,2.037447984548634849e-06,2.496317178010940552e-01
7.367624640464782715e-01,4.402626364026218653e-04,1.130417331296484917e-06,1.358986250124871731e-03,1.012055577120918315e-06,2.614361047744750977e-01
6.672437787055969238e-01,1.225791493197903037e-04,1.634510198300631600e-07,3.655878244899213314e-04,2.161402505862497492e-07,3.322676718235015869e-01
7.204095125198364258e-01,8.250630926340818405e-04,1.016383862406655680e-06,2.411629306152462959e-03,6.450592309192870744e-07,2.763520479202270508e-01
6.134141683578491211e-01,6.692600902169942856e-03,8.927620910981204361e-06,1.510483026504516602e-02,3.588731260606436990e-06,3.647758662700653076e-01
4.985313117504119873e-01,6.652829702943563461e-03,2.156530354113783687e-05,1.788894645869731903e-02,8.056174010562244803e-06,4.768972396850585938e-01
3.197311758995056152e-01,1.128833275288343430e-02,2.309810588485561311e-05,2.166057564318180084e-02,9.468168173043522984e-06,6.472874283790588379e-01
4.973930716514587402e-01,1.087428629398345947e-02,9.089477680390700698e-05,3.205715492367744446e-02,4.238447581883519888e-05,4.595421552658081055e-01
6.568096280097961426e-01,2.640451770275831223e-03,2.939381738542579114e-05,2.632917463779449463e-02,1.854300899140071124e-05,3.141728043556213379e-01
3.995057046413421631e-01,2.336828736588358879e-03,1.580582465976476669e-05,1.368232350796461105e-02,1.298209008382400498e-05,5.844463109970092773e-01
3.726657927036285400e-01,9.017510339617729187e-03,5.082811549073085189e-05,8.535344898700714111e-02,3.149600161123089492e-05,5.328809022903442383e-01
1.365497112274169922e-01,1.469916850328445435e-02,9.308433618571143597e-06,3.739476203918457031e-02,4.003503818239551038e-06,8.113430738449096680e-01
1.162029728293418884e-01,9.747902862727642059e-03,2.310504669367219321e-06,1.913165487349033356e-02,1.314478595304535702e-06,8.549138307571411133e-01
1.262484788894653320e-01,4.123694449663162231e-02,1.320150386163732037e-05,4.312204197049140930e-02,4.547812750388402492e-06,7.893748283386230469e-01
1.228185594081878662e-01,1.280318107455968857e-02,5.674237399944104254e-06,1.103346422314643860e-02,2.797434490275918506e-06,8.533362746238708496e-01
4.286368787288665771e-01,2.077009342610836029e-02,3.133238715236075222e-05,4.860405251383781433e-02,1.000948668661294505e-05,5.019475817680358887e-01
4.569616615772247314e-01,5.125102587044239044e-03,1.462353702663676813e-05,3.199183940887451172e-02,5.367128778743790463e-06,5.059013962745666504e-01
5.587395429611206055e-01,3.174037439748644829e-03,1.191178034787299111e-05,1.990091800689697266e-02,5.209263690630905330e-06,4.181683957576751709e-01
5.850223898887634277e-01,9.242090745829045773e-04,3.619599510784610175e-06,4.343882203102111816e-03,2.455509502397035249e-06,4.097034633159637451e-01
4.903528094291687012e-01,2.544577931985259056e-03,8.654678822495043278e-06,1.277658995240926743e-02,4.656486908061197028e-06,4.943127632141113281e-01
3.237140476703643799e-01,1.783486455678939819e-02,3.348473182995803654e-05,4.455860704183578491e-02,1.277288356504868716e-05,6.138461828231811523e-01
3.915397822856903076e-01,6.135536357760429382e-02,1.250572095159441233e-04,5.748017132282257080e-02,3.368225952726788819e-05,4.894659221172332764e-01
2.643812298774719238e-01,3.675217926502227783e-01,1.319554517976939678e-03,1.494609266519546509e-01,2.510104095563292503e-04,2.170653790235519409e-01
2.925823032855987549e-01,1.268811672925949097e-01,7.023315993137657642e-04,4.471451789140701294e-02,2.386187843512743711e-04,5.348810553550720215e-01
4.774367213249206543e-01,8.948793262243270874e-02,1.420375891029834747e-03,3.288504853844642639e-02,5.348791601136326790e-04,3.982350826263427734e-01
7.152957320213317871e-01,5.815958976745605469e-02,1.793123316019773483e-03,2.434304170310497284e-02,7.302482263185083866e-04,1.996782422065734863e-01
5.169081687927246094e-01,5.552086513489484787e-03,9.842964936979115009e-05,9.662440046668052673e-03,6.094582204241305590e-05,4.677178859710693359e-01
3.436753451824188232e-01,9.316304698586463928e-03,3.123853821307420731e-05,1.157653983682394028e-02,1.564746889926027507e-05,6.353849768638610840e-01
3.164277076721191406e-01,3.110161237418651581e-02,6.068466973374597728e-05,4.006132110953330994e-02,1.688358315732330084e-05,6.123317480087280273e-01
2.108873575925827026e-01,4.476454854011535645e-02,5.027103179600089788e-05,4.527647793292999268e-02,1.467426409362815320e-05,6.990066766738891602e-01
1.550551503896713257e-01,3.517694771289825439e-02,3.095146166742779315e-05,2.456918172538280487e-02,1.114495989895658568e-05,7.851565480232238770e-01
2.192547619342803955e-01,6.034302711486816406e-02,1.236134412465617061e-04,1.051915585994720459e-01,2.472905362083110958e-05,6.150622963905334473e-01
2.434140592813491821e-01,1.954236067831516266e-02,2.615054836496710777e-05,2.816219069063663483e-02,1.133796467911452055e-05,7.088439464569091797e-01
2.861212491989135742e-01,1.762858475558459759e-03,5.295936261973110959e-06,3.920092713087797165e-03,4.593087396642658859e-06,7.081859111785888672e-01
4.830844998359680176e-01,4.438074771314859390e-03,1.670133133302442729e-05,1.348116714507341385e-02,1.024499579216353595e-05,4.989692866802215576e-01
1.573830246925354004e-01,1.678104163147509098e-03,4.626179361366666853e-06,6.201213225722312927e-03,3.064046268264064565e-06,8.347299695014953613e-01
3.503431975841522217e-01,1.324585545808076859e-02,5.790875366074033082e-05,4.067409783601760864e-02,2.057525125565007329e-05,5.956583619117736816e-01
4.448542296886444092e-01,1.923234201967716217e-02,1.230816269526258111e-04,5.697070807218551636e-02,3.110507532255724072e-05,4.787886142730712891e-01
4.413920044898986816e-01,1.899799145758152008e-02,6.770193431293591857e-05,4.698386043310165405e-02,1.906703619170002639e-05,4.925392866134643555e-01
5.536980032920837402e-01,6.010906398296356201e-02,3.204055246897041798e-04,1.674319058656692505e-01,5.012740803067572415e-05,2.183905243873596191e-01
7.058410644531250000e-01,5.397933069616556168e-03,7.394991553155705333e-05,1.310553122311830521e-02,2.831476012943312526e-05,2.755531072616577148e-01
4.370850324630737305e-01,2.250749431550502777e-02,1.758299767971038818e-04,2.504047192633152008e-02,8.159832214005291462e-05,5.151095390319824219e-01
2.385399639606475830e-01,1.045288797467947006e-02,7.684953743591904640e-05,1.359155960381031036e-02,4.239871850586496294e-05,7.372963428497314453e-01
2.704750299453735352e-01,9.309772402048110962e-03,7.665042357984930277e-05,1.411706395447254181e-02,4.751596134155988693e-05,7.059739232063293457e-01
1.422448605298995972e-01,6.145654711872339249e-03,2.556954495958052576e-05,1.146443746984004974e-02,1.666006210143677890e-05,8.401027917861938477e-01
1.100885644555091858e-01,1.695657381787896156e-03,3.745525191334309056e-06,5.378619302064180374e-03,2.615626044644159265e-06,8.828307986259460449e-01
2.043071538209915161e-01,4.837227752432227135e-04,1.074495571629086044e-06,1.447879592888057232e-03,1.161392333415278699e-06,7.937589883804321289e-01
4.179450869560241699e-01,2.731461427174508572e-04,2.030750920312129892e-06,2.524395938962697983e-03,1.492807768954662606e-06,5.792538523674011230e-01
5.836771130561828613e-01,3.494520788080990314e-04,3.785635499298223294e-06,2.309212926775217056e-03,3.254430339438840747e-06,4.136572182178497314e-01
7.643985748291015625e-01,3.158352046739310026e-04,8.845027878123801202e-06,1.405147137120366096e-03,5.536291155294748023e-06,2.338660210371017456e-01
8.914569616317749023e-01,1.406391616910696030e-03,5.038629024056717753e-05,5.584132857620716095e-03,1.693628837529104203e-05,1.014852598309516907e-01
7.738420963287353516e-01,5.533858202397823334e-03,5.105480158817954361e-05,1.624164730310440063e-02,1.611781954125035554e-05,2.043151557445526123e-01
6.172878742218017578e-01,6.981472019106149673e-03,4.333637843956239522e-05,2.821351587772369385e-02,1.056852852343581617e-05,3.474631905555725098e-01
6.088720560073852539e-01,1.815918646752834320e-02,6.805379962315782905e-05,3.703055530786514282e-02,2.087736720568500459e-05,3.358492851257324219e-01
6.407694816589355469e-01,2.117047272622585297e-02,1.089776560547761619e-04,4.248976707458496094e-02,2.562389454396907240e-05,2.954357564449310303e-01
8.605947494506835938e-01,6.100473459810018539e-03,8.474665082758292556e-05,1.861757785081863403e-02,3.543208731571212411e-05,1.145670637488365173e-01
8.960894346237182617e-01,2.093453705310821533e-02,9.439494460821151733e-04,4.994149878621101379e-02,1.823371567297726870e-04,3.190808743238449097e-02
8.758178353309631348e-01,1.272636838257312775e-02,3.107238444499671459e-04,3.544772788882255554e-02,8.515782246831804514e-05,7.561212033033370972e-02
8.580145835876464844e-01,8.479233831167221069e-03,3.655373875517398119e-04,5.363383889198303223e-02,9.813609358388930559e-05,7.940874993801116943e-02
8.783293366432189941e-01,1.310242805629968643e-02,3.002636949531733990e-04,2.937506698071956635e-02,9.266571578336879611e-05,7.880012691020965576e-02
8.446834683418273926e-01,1.232020091265439987e-02,2.528368786443024874e-04,2.515387162566184998e-02,8.648422226542606950e-05,1.175030469894409180e-01
8.186752796173095703e-01,3.366212546825408936e-02,2.197718858951702714e-04,4.105436801910400391e-02,5.427884025266394019e-05,1.063342019915580750e-01
7.160364985466003418e-01,2.344791404902935028e-02,7.119916699593886733e-05,1.593304798007011414e-02,3.139059845125302672e-05,2.444800138473510742e-01
6.188671588897705078e-01,1.663678511977195740e-02,3.336786903673782945e-05,1.131090987473726273e-02,1.560925556987058371e-05,3.531362116336822510e-01
4.559497833251953125e-01,1.483374647796154022e-02,6.688334451609989628e-06,8.589593693614006042e-03,3.988275238953065127e-06,5.206161737442016602e-01
4.979849457740783691e-01,2.453006990253925323e-02,1.122405501519097015e-05,7.961821742355823517e-03,5.371296083467314020e-06,4.695066213607788086e-01
7.600396871566772461e-01,7.988882251083850861e-03,9.229872375726699829e-06,5.833130795508623123e-03,5.138691903994185850e-06,2.261238694190979004e-01
5.504936575889587402e-01,1.246208325028419495e-02,1.969997902051545680e-05,1.056670863181352615e-02,9.937364666257053614e-06,4.264480769634246826e-01
6.808223128318786621e-01,1.877783238887786865e-02,9.472259262111037970e-05,1.129644736647605896e-02,4.986201383871957660e-05,2.889588773250579834e-01
7.269738912582397461e-01,1.120188366621732712e-02,3.394911182112991810e-04,1.030112896114587784e-02,7.386456127278506756e-04,2.504449486732482910e-01
6.450031995773315430e-01,6.502455566078424454e-03,3.208982525393366814e-04,9.619133546948432922e-03,7.508153212256729603e-04,3.378034830093383789e-01
5.441097617149353027e-01,5.554011557251214981e-03,1.908213162096217275e-04,8.449865505099296570e-03,6.342835258692502975e-04,4.410611987113952637e-01
4.998595416545867920e-01,2.523924224078655243e-03,3.449814903433434665e-05,8.880761452019214630e-03,9.069180669030174613e-05,4.886105656623840332e-01
4.237794876098632812e-01,1.154374098405241966e-03,3.597757768147857860e-06,4.525996744632720947e-03,3.128186790490872227e-06,5.705333948135375977e-01
4.794494509696960449e-01,7.905944949015974998e-04,1.565574848427786492e-06,1.468526781536638737e-03,1.771110987647261936e-06,5.182880759239196777e-01
6.503285765647888184e-01,1.492468989454209805e-03,4.782869382324861363e-06,1.532249734736979008e-03,3.896742327924584970e-06,3.466380238533020020e-01
8.589057922363281250e-01,2.977019175887107849e-03,1.688468546490184963e-05,6.708524655550718307e-03,7.274225481523899361e-06,1.313844770193099976e-01
8.033352494239807129e-01,4.801522009074687958e-03,2.754636443569324911e-05,1.154762972146272659e-02,1.189488921227166429e-05,1.802761107683181763e-01
7.369825839996337891e-01,4.811163526028394699e-03,2.446131293254438788e-05,6.903356406837701797e-03,1.260531462321523577e-05,2.512658834457397461e-01
5.631748437881469727e-01,3.302600933238863945e-03,7.938610906421672553e-06,7.913655601441860199e-03,3.853911493933992460e-06,4.255971014499664307e-01
3.233057260513305664e-01,3.768102498725056648e-03,3.307621682324679568e-06,4.732679575681686401e-03,2.536452711865422316e-06,6.681876778602600098e-01
2.304800450801849365e-01,2.848277799785137177e-03,1.965619048860389739e-06,4.034334793686866760e-03,1.074161104952509049e-06,7.626342773437500000e-01
4.197222292423248291e-01,2.828593365848064423e-03,1.471902805860736407e-06,3.137474413961172104e-03,1.283508026972413063e-06,5.743089318275451660e-01
2.310860753059387207e-01,1.935180858708918095e-03,1.211750259244581684e-06,2.054193988442420959e-03,8.658873866806970909e-07,7.649224996566772461e-01
2.379558831453323364e-01,1.562586287036538124e-03,7.678902989027847070e-07,8.905017166398465633e-04,8.889149398783047218e-07,7.595893740653991699e-01
3.048141598701477051e-01,2.349995775148272514e-03,2.108657099597621709e-06,2.400769386440515518e-03,1.730340841277211439e-06,6.904312372207641602e-01
2.196277976036071777e-01,1.142034865915775299e-02,1.148188493971247226e-05,3.935211338102817535e-03,7.617952178406994790e-06,7.649975419044494629e-01
1.186564341187477112e-01,5.871664732694625854e-03,5.591857188846915960e-06,3.993040416389703751e-03,3.524732846926781349e-06,8.714697360992431641e-01
3.237057328224182129e-01,3.483792068436741829e-03,4.234293101035291329e-06,3.515640739351511002e-03,3.042311391254770570e-06,6.692875623703002930e-01
5.692114233970642090e-01,1.464921864680945873e-03,3.934058440790977329e-06,1.597710186615586281e-03,2.825640649462002330e-06,4.277191460132598877e-01
7.399296760559082031e-01,4.948044661432504654e-04,1.802586439225706272e-06,7.576835341751575470e-04,1.373569602947100066e-06,2.588146030902862549e-01
7.248545289039611816e-01,3.544555802363902330e-04,1.568677703289722558e-06,1.361181493848562241e-03,1.172534666693536565e-06,2.734270691871643066e-01
7.442663908004760742e-01,1.930287573486566544e-03,1.001651071419473737e-05,6.380010861903429031e-03,4.016169896203791723e-06,2.474092692136764526e-01
6.931195259094238281e-01,1.321423891931772232e-02,3.130247569060884416e-05,2.881956100463867188e-02,9.000757927424274385e-06,2.648063302040100098e-01
2.559342384338378906e-01,5.241544172167778015e-02,5.891418550163507462e-05,1.067281290888786316e-01,1.224980587721802294e-05,5.848510861396789551e-01
4.977981746196746826e-01,2.869603596627712250e-02,3.949193705921061337e-05,4.017312824726104736e-02,1.047813202603720129e-05,4.332827329635620117e-01
4.028192162513732910e-01,1.206335984170436859e-02,7.973332685651257634e-06,8.817716501653194427e-03,4.315226760809309781e-06,5.762873291969299316e-01
2.769675850868225098e-01,6.415910087525844574e-03,3.491236384434159845e-06,4.997218493372201920e-03,1.925618335008039139e-06,7.116138339042663574e-01
4.265863001346588135e-01,4.344520624727010727e-03,3.305785867269150913e-06,4.201763775199651718e-03,2.280997705383924767e-06,5.648618340492248535e-01
2.058691978454589844e-01,1.320462767034769058e-02,4.113742761546745896e-06,1.109540928155183792e-02,2.142483708666986786e-06,7.698245048522949219e-01
2.701156735420227051e-01,4.434299468994140625e-02,1.640051777940243483e-05,2.783530391752719879e-02,5.042533757659839466e-06,6.576845645904541016e-01
1.997976601123809814e-01,4.959193617105484009e-02,1.302897635468980297e-05,3.126124292612075806e-02,4.159718628216069192e-06,7.193319797515869141e-01
4.027010202407836914e-01,4.128135368227958679e-02,4.475519745028577745e-05,5.434107407927513123e-02,1.094195886253146455e-05,5.016208887100219727e-01
5.782327651977539062e-01,9.983827359974384308e-03,1.337365301878890023e-05,1.256973203271627426e-02,4.913482371193822473e-06,3.991954326629638672e-01
7.923859357833862305e-01,9.527183137834072113e-04,7.338522209465736523e-06,2.911251969635486603e-03,3.232697963539976627e-06,2.037395089864730835e-01
9.176639914512634277e-01,9.465832845307886600e-04,1.908573540276847780e-05,4.339980427175760269e-03,7.726085641479585320e-06,7.702260464429855347e-02
9.032995700836181641e-01,1.354302628897130489e-03,3.468132126727141440e-05,4.352853167802095413e-03,1.645148222451098263e-05,9.094212204217910767e-02
9.193283319473266602e-01,1.807989901863038540e-03,9.917639545165002346e-05,3.981654066592454910e-03,6.348396709654480219e-05,7.471950352191925049e-02
8.907445073127746582e-01,7.783753680996596813e-04,2.711921297304797918e-05,1.796570257283747196e-03,1.864137448137626052e-05,1.066348701715469360e-01
8.345363140106201172e-01,5.701715126633644104e-04,1.765883462212514132e-05,1.307756872847676277e-03,1.379538116452749819e-05,1.635542958974838257e-01
8.265157938003540039e-01,5.196427227929234505e-04,1.326885740127181634e-05,2.590418793261051178e-03,8.993009032565169036e-06,1.703518778085708618e-01
6.270153522491455078e-01,2.939629135653376579e-03,1.878265538834966719e-05,1.098749414086341858e-02,1.042003077600384131e-05,3.590283989906311035e-01
6.257222890853881836e-01,6.510969717055559158e-03,3.117675441899336874e-05,1.777467131614685059e-02,1.293794957746285945e-05,3.499479889869689941e-01
6.441533565521240234e-01,2.386848814785480499e-02,8.235562563640996814e-05,5.584518611431121826e-02,2.476903864589985460e-05,2.760258913040161133e-01
5.055869221687316895e-01,5.361375212669372559e-02,1.203670035465620458e-04,1.021141111850738525e-01,2.620839586597867310e-05,3.385386168956756592e-01
3.421235978603363037e-01,4.924320057034492493e-02,1.695467799436300993e-04,9.106471389532089233e-02,5.245151260169222951e-05,5.173465013504028320e-01
2.392095476388931274e-01,8.844360709190368652e-03,1.235098352481145412e-05,1.997984014451503754e-02,6.024275535310152918e-06,7.319478988647460938e-01
1.141900941729545593e-01,3.203598549589514732e-03,1.044438931785407476e-06,2.659549005329608917e-03,9.545005923428107053e-07,8.799447417259216309e-01
2.248337119817733765e-01,2.054172568023204803e-03,1.664700221226667054e-06,1.315424102358520031e-03,1.501722749708278570e-06,7.717935442924499512e-01
2.732892632484436035e-01,1.619714777916669846e-03,8.525868224751320668e-07,1.322327065281569958e-03,9.847103683569002897e-07,7.237668037414550781e-01
4.007325470447540283e-01,2.637691097334027290e-03,3.613045691963634454e-06,7.330718915909528732e-03,1.380594198963080999e-06,5.892940759658813477e-01
