9.493361115455627441e-01,1.305439881980419159e-02,1.003804267384111881e-03,4.881362430751323700e-03,2.401237143203616142e-04,3.148429468274116516e-02
8.563628792762756348e-01,3.424940165132284164e-03,6.582984235137701035e-03,1.189419440925121307e-02,1.961424248293042183e-03,1.197737231850624084e-01
6.652643084526062012e-01,1.610022503882646561e-03,2.255690097808837891e-02,1.701983809471130371e-02,8.591988123953342438e-03,2.849569320678710938e-01
6.215057373046875000e-01,1.661464571952819824e-03,4.387855529785156250e-02,9.389164857566356659e-03,2.274106256663799286e-02,3.008241057395935059e-01
6.797808408737182617e-01,2.214555162936449051e-03,4.624913632869720459e-02,8.033011108636856079e-03,4.551933705806732178e-02,2.182030677795410156e-01
7.444654107093811035e-01,4.469559527933597565e-03,5.196100845932960510e-02,5.448734387755393982e-03,9.352219104766845703e-02,1.001330912113189697e-01
7.331689000129699707e-01,5.166118033230304718e-03,4.314735159277915955e-02,3.096420550718903542e-03,1.324938237667083740e-01,8.292729407548904419e-02
6.940863132476806641e-01,6.211758591234683990e-03,3.135406598448753357e-02,3.311027074232697487e-03,1.275131404399871826e-01,1.375236213207244873e-01
7.094480395317077637e-01,8.997458033263683319e-03,6.827085465192794800e-02,8.249259553849697113e-03,8.981297165155410767e-02,1.152214109897613525e-01
6.548687219619750977e-01,1.024070009589195251e-02,7.081989198923110962e-02,5.937973968684673309e-03,1.324833482503890991e-01,1.256494373083114624e-01
6.054742932319641113e-01,1.104720961302518845e-02,6.860812753438949585e-02,7.696615066379308701e-03,1.463875621557235718e-01,1.607861816883087158e-01
6.318314075469970703e-01,9.667964652180671692e-03,6.485672295093536377e-02,7.003777660429477692e-03,1.147203817963600159e-01,1.719197332859039307e-01
5.340154170989990234e-01,6.722681690007448196e-03,2.862576767802238464e-02,4.305223003029823303e-03,1.497260928153991699e-01,2.766048312187194824e-01
5.316931605339050293e-01,3.877135459333658218e-03,3.768443688750267029e-02,7.050604559481143951e-03,1.118368133902549744e-01,3.078578412532806396e-01
4.404847621917724609e-01,2.828317461535334587e-03,3.358080610632896423e-02,8.614597842097282410e-03,6.144405528903007507e-02,4.530474841594696045e-01
5.550982952117919922e-01,4.027420189231634140e-03,7.015126198530197144e-02,1.477785129100084305e-02,8.230073004961013794e-02,2.736444175243377686e-01
6.203253865242004395e-01,6.464213132858276367e-03,1.508869230747222900e-01,1.800603047013282776e-02,9.147781878709793091e-02,1.128396093845367432e-01
5.196999311447143555e-01,1.107521634548902512e-02,1.580219864845275879e-01,1.054605655372142792e-02,2.060713022947311401e-01,9.458544105291366577e-02
6.116749644279479980e-01,9.148614481091499329e-03,1.288940161466598511e-01,9.541898034512996674e-03,1.775799095630645752e-01,6.316067278385162354e-02
5.787504911422729492e-01,6.196569185703992844e-03,5.414966866374015808e-02,1.017556991428136826e-02,1.727621853351593018e-01,1.779655963182449341e-01
5.276610851287841797e-01,4.015443380922079086e-03,2.436679601669311523e-02,4.328050184994935989e-03,2.164656966924667358e-01,2.231629341840744019e-01
5.793749094009399414e-01,5.996264051645994186e-03,3.936042264103889465e-02,5.289030261337757111e-03,2.012176811695098877e-01,1.687616705894470215e-01
5.824630856513977051e-01,9.566053748130798340e-03,5.550625920295715332e-02,5.841636564582586288e-03,2.070764899253845215e-01,1.395464837551116943e-01
5.605113506317138672e-01,8.046046830713748932e-03,8.327471464872360229e-02,6.234580185264348984e-03,2.453461885452270508e-01,9.658703953027725220e-02
5.939578413963317871e-01,7.832347415387630463e-03,9.668313711881637573e-02,8.768789470195770264e-03,1.676232963800430298e-01,1.251345425844192505e-01
6.114863157272338867e-01,3.431858262047171593e-03,4.490477591753005981e-02,8.752577006816864014e-03,9.036274999380111694e-02,2.410616427659988403e-01
5.714740157127380371e-01,5.407749209553003311e-03,4.868499562144279480e-02,8.123011328279972076e-03,9.616491198539733887e-02,2.701452970504760742e-01
4.414103329181671143e-01,3.508520545437932014e-03,2.303336001932621002e-02,6.596853025257587433e-03,5.427964404225349426e-02,4.711713194847106934e-01
3.847762048244476318e-01,4.243659786880016327e-03,1.980529539287090302e-02,6.672325078397989273e-03,3.937141224741935730e-02,5.451311469078063965e-01
3.280459940433502197e-01,9.656187146902084351e-03,1.899273321032524109e-02,4.988197237253189087e-03,9.043143689632415771e-02,5.478854775428771973e-01
3.380967080593109131e-01,5.232045426964759827e-03,2.262960188090801239e-02,7.034097332507371902e-03,5.605221539735794067e-02,5.709553360939025879e-01
4.024494290351867676e-01,6.901431828737258911e-03,3.741817176342010498e-02,1.675457879900932312e-02,5.165170505642890930e-02,4.848247170448303223e-01
4.287320971488952637e-01,5.663422401994466782e-03,3.133320808410644531e-02,1.434520166367292404e-02,7.268425822257995605e-02,4.472417831420898438e-01
4.794627428054809570e-01,4.140665754675865173e-03,2.760957367718219757e-02,2.488029561936855316e-02,4.004929587244987488e-02,4.238575398921966553e-01
4.935493767261505127e-01,4.193929489701986313e-03,3.032360412180423737e-02,1.752432622015476227e-02,5.513444170355796814e-02,3.992743194103240967e-01
5.043204426765441895e-01,5.749170202761888504e-03,4.227213189005851746e-02,1.557784434407949448e-02,6.420420855283737183e-02,3.678761720657348633e-01
6.163092851638793945e-01,1.119011081755161285e-02,1.083145514130592346e-01,2.597430907189846039e-02,7.336906343698501587e-02,1.648426800966262817e-01
5.348191857337951660e-01,1.207137852907180786e-02,2.520152032375335693e-01,2.887728810310363770e-02,8.663397282361984253e-02,8.558295667171478271e-02
5.383642911911010742e-01,9.839664213359355927e-03,2.466047704219818115e-01,2.098341286182403564e-02,1.276232302188873291e-01,5.658473819494247437e-02
4.314388930797576904e-01,2.162496373057365417e-02,3.492541909217834473e-01,2.712442725896835327e-02,1.245992332696914673e-01,4.595826193690299988e-02
6.535801887512207031e-01,1.291274931281805038e-02,1.568339616060256958e-01,3.786229342222213745e-02,5.992291867733001709e-02,7.888801395893096924e-02
6.969245076179504395e-01,1.371859200298786163e-02,9.020435810089111328e-02,3.228535503149032593e-02,5.154313519597053528e-02,1.153240352869033813e-01
7.462498545646667480e-01,1.576596871018409729e-02,8.106216788291931152e-02,3.375732898712158203e-02,3.523259237408638000e-02,8.793204277753829956e-02
7.662166953086853027e-01,1.007383596152067184e-02,4.614988341927528381e-02,1.808626204729080200e-02,5.847373232245445251e-02,1.009995192289352417e-01
7.395252585411071777e-01,1.267237961292266846e-02,3.531352803111076355e-02,6.633108016103506088e-03,1.223662942647933960e-01,8.348938822746276855e-02
6.683989167213439941e-01,9.321798570454120636e-03,4.265953600406646729e-02,5.253357347100973129e-03,1.836022734642028809e-01,9.076420217752456665e-02
6.291586160659790039e-01,1.574694551527500153e-02,4.802496358752250671e-02,5.222727078944444656e-03,1.972375959157943726e-01,1.046091467142105103e-01
6.607866287231445312e-01,8.949846960604190826e-03,4.701818153262138367e-02,6.977667100727558136e-03,1.159809753298759460e-01,1.602867692708969116e-01
5.986053347587585449e-01,5.451855249702930450e-03,4.244118928909301758e-02,4.611445125192403793e-03,1.696881204843521118e-01,1.792020797729492188e-01
5.735481381416320801e-01,7.255943492054939270e-03,4.122994095087051392e-02,6.994786672294139862e-03,1.234519928693771362e-01,2.475192993879318237e-01
6.462218165397644043e-01,1.275389827787876129e-02,5.029446631669998169e-02,5.618210881948471069e-03,1.534827202558517456e-01,1.316288709640502930e-01
6.616563200950622559e-01,1.095349621027708054e-02,7.691416889429092407e-02,6.369066424667835236e-03,1.434266120195388794e-01,1.006803661584854126e-01
7.087608575820922852e-01,1.367287244647741318e-02,8.041988313198089600e-02,7.994621060788631439e-03,1.030103936791419983e-01,8.614138513803482056e-02
7.513834834098815918e-01,8.620488457381725311e-03,6.612384319305419922e-02,8.222323842346668243e-03,8.227489143610000610e-02,8.337496221065521240e-02
6.795845627784729004e-01,3.808747744187712669e-03,4.712132364511489868e-02,8.655687794089317322e-03,1.003533378243446350e-01,1.604764461517333984e-01
6.895003914833068848e-01,3.261270932853221893e-03,3.466023132205009460e-02,1.303244289010763168e-02,6.017807871103286743e-02,1.993676275014877319e-01
7.121310830116271973e-01,6.176813505589962006e-03,3.425907343626022339e-02,1.515550259500741959e-02,5.552539974451065063e-02,1.767520308494567871e-01
7.552340626716613770e-01,7.370772771537303925e-03,3.248493000864982605e-02,1.150802243500947952e-02,5.591904744505882263e-02,1.374832689762115479e-01
7.226177453994750977e-01,8.344148285686969757e-03,3.227749839425086975e-02,8.378716185688972473e-03,8.496536314487457275e-02,1.434165984392166138e-01
7.256571054458618164e-01,9.908931329846382141e-03,4.974320903420448303e-02,4.608630668371915817e-03,1.162315905094146729e-01,9.385053813457489014e-02
6.538521051406860352e-01,1.245028991252183914e-02,7.149656116962432861e-02,4.551196005195379257e-03,1.688677668571472168e-01,8.878204226493835449e-02
6.284765601158142090e-01,1.545202266424894333e-02,5.786498636007308960e-02,6.072089076042175293e-03,1.739827543497085571e-01,1.181516945362091064e-01
6.476333141326904297e-01,2.029983140528202057e-02,1.175309792160987854e-01,9.645176120102405548e-03,1.316376775503158569e-01,7.325296103954315186e-02
6.240344047546386719e-01,1.191927865147590637e-02,5.822477117180824280e-02,1.087850611656904221e-02,1.397410631179809570e-01,1.552019864320755005e-01
6.236576437950134277e-01,1.318467874079942703e-02,7.558687776327133179e-02,1.261630095541477203e-02,1.480516642332077026e-01,1.269028186798095703e-01
5.637834072113037109e-01,1.772324368357658386e-02,8.036052435636520386e-02,8.376815356314182281e-03,2.543341517448425293e-01,7.542190700769424438e-02
6.211877465248107910e-01,1.196934562176465988e-02,6.141272187232971191e-02,7.180555723607540131e-03,1.979048103094100952e-01,1.003448665142059326e-01
7.044347524642944336e-01,9.887595660984516144e-03,6.554980576038360596e-02,7.849437184631824493e-03,1.193295717239379883e-01,9.294881671667098999e-02
7.028107643127441406e-01,8.838118053972721100e-03,4.714107885956764221e-02,5.726356990635395050e-03,9.650924801826477051e-02,1.389744132757186890e-01
7.221323251724243164e-01,3.637233283370733261e-03,2.708131074905395508e-02,7.018051110208034515e-03,5.483910813927650452e-02,1.852920502424240112e-01
7.127029895782470703e-01,4.101824481040239334e-03,3.339885175228118896e-02,6.819918751716613770e-03,7.251961529254913330e-02,1.704568415880203247e-01
5.931416749954223633e-01,4.560602363198995590e-03,2.636475488543510437e-02,6.359003949910402298e-03,9.897179901599884033e-02,2.706021964550018311e-01
5.931939482688903809e-01,6.668339017778635025e-03,6.115914508700370789e-02,1.062910445034503937e-02,1.458057910203933716e-01,1.825435459613800049e-01
5.696410536766052246e-01,9.564670734107494354e-03,8.249625563621520996e-02,1.294763386249542236e-02,1.923829317092895508e-01,1.329673677682876587e-01
5.661206245422363281e-01,7.601446006447076797e-03,8.920685946941375732e-02,1.113502215594053268e-02,1.544651538133621216e-01,1.714709550142288208e-01
5.283370614051818848e-01,6.336729042232036591e-03,8.958307653665542603e-02,9.749040007591247559e-03,1.815959662199020386e-01,1.843981593847274780e-01
5.325797200202941895e-01,5.916942376643419266e-03,7.276939600706100464e-02,6.340338382869958878e-03,2.476378530263900757e-01,1.347557455301284790e-01
4.315031170845031738e-01,3.859315300360321999e-03,3.592693805694580078e-02,6.322944536805152893e-03,1.701133102178573608e-01,3.522743284702301025e-01
5.063614845275878906e-01,5.090134683996438980e-03,4.682438075542449951e-02,6.802816409617662430e-03,2.153572887182235718e-01,2.195640057325363159e-01
4.454079270362854004e-01,5.368585698306560516e-03,5.872521176934242249e-02,6.131433416157960892e-03,3.295801281929016113e-01,1.547867655754089355e-01
5.283084511756896973e-01,5.359095521271228790e-03,5.605912208557128906e-02,7.338477764278650284e-03,2.481631189584732056e-01,1.547717899084091187e-01
4.211378097534179688e-01,6.851547863334417343e-03,3.190394490957260132e-02,2.095295116305351257e-03,4.493320584297180176e-01,8.867935091257095337e-02
5.064867734909057617e-01,7.345012854784727097e-03,5.533800274133682251e-02,2.925840904936194420e-03,3.689204156398773193e-01,5.898395180702209473e-02
5.457747578620910645e-01,1.484842691570520401e-02,7.304064929485321045e-02,4.480098374187946320e-03,3.084727525711059570e-01,5.338323488831520081e-02
6.350088119506835938e-01,1.446200534701347351e-02,5.818008631467819214e-02,4.498984664678573608e-03,2.269084006547927856e-01,6.094167754054069519e-02
7.202956676483154297e-01,1.123735308647155762e-02,6.294500827789306641e-02,8.117944933474063873e-03,1.218641325831413269e-01,7.553996890783309937e-02
7.024258375167846680e-01,1.579262688755989075e-02,3.866761550307273865e-02,6.316905375570058823e-03,1.454815268516540527e-01,9.131542593240737915e-02
7.096649408340454102e-01,1.023764908313751221e-02,4.019748046994209290e-02,6.882986985146999359e-03,1.003616526722908020e-01,1.326553672552108765e-01
6.645959615707397461e-01,1.420544553548097610e-02,5.298025533556938171e-02,7.000652607530355453e-03,1.282548457384109497e-01,1.329627633094787598e-01
7.240675687789916992e-01,1.766634173691272736e-02,4.367624223232269287e-02,7.901250384747982025e-03,1.111219152808189392e-01,9.556673467159271240e-02
7.248765826225280762e-01,1.179220993071794510e-02,7.330797612667083740e-02,8.942464366555213928e-03,1.111709475517272949e-01,6.990985572338104248e-02
6.800099611282348633e-01,9.953463450074195862e-03,8.773977309465408325e-02,6.993525195866823196e-03,1.621375083923339844e-01,5.316585302352905273e-02
7.034637331962585449e-01,7.768772542476654053e-03,8.984409272670745850e-02,7.276298943907022476e-03,1.455410122871398926e-01,4.610610380768775940e-02
6.599756479263305664e-01,6.484820507466793060e-03,8.287534117698669434e-02,5.450599361211061478e-03,1.840806454420089722e-01,6.113293021917343140e-02
7.026877999305725098e-01,7.804414257407188416e-03,7.193329930305480957e-02,8.232478983700275421e-03,1.293583065271377563e-01,7.998372614383697510e-02
7.094996571540832520e-01,9.117795154452323914e-03,8.288938552141189575e-02,1.608040556311607361e-02,1.026663035154342651e-01,7.974648475646972656e-02
6.769998669624328613e-01,1.276593841612339020e-02,6.623015552759170532e-02,1.595514081418514252e-02,1.098349839448928833e-01,1.182139590382575989e-01
6.567904949188232422e-01,1.534582488238811493e-02,6.141355261206626892e-02,1.428195554763078690e-02,1.247081682085990906e-01,1.274599283933639526e-01
6.596916913986206055e-01,1.292257569730281830e-02,8.688034862279891968e-02,1.170144043862819672e-02,1.437469869852066040e-01,8.505693823099136353e-02
6.564828157424926758e-01,1.148703787475824356e-02,5.495009198784828186e-02,7.419985719025135040e-03,1.570637971162796021e-01,1.125962287187576294e-01
6.929233074188232422e-01,9.806325659155845642e-03,7.770292460918426514e-02,1.060083601623773575e-02,1.099246889352798462e-01,9.904195368289947510e-02
7.087718844413757324e-01,9.432283230125904083e-03,6.335818767547607422e-02,1.733162812888622284e-02,5.100644379854202271e-02,1.500996053218841553e-01
7.276739478111267090e-01,7.316451985388994217e-03,4.238544404506683350e-02,9.848305024206638336e-03,6.829152256250381470e-02,1.444842964410781860e-01
7.309157252311706543e-01,1.215803623199462891e-02,4.850954934954643250e-02,1.477063447237014771e-02,4.919008910655975342e-02,1.444559842348098755e-01
6.781191229820251465e-01,1.834570989012718201e-02,6.373622268438339233e-02,7.608862128108739853e-03,1.191504895687103271e-01,1.130395606160163879e-01
7.004866600036621094e-01,2.165360189974308014e-02,6.500795483589172363e-02,7.152977399528026581e-03,1.311030983924865723e-01,7.459565252065658569e-02
7.294808626174926758e-01,1.771618425846099854e-02,6.546892225742340088e-02,7.530441042035818100e-03,1.178186014294624329e-01,6.198493763804435730e-02
7.179614901542663574e-01,1.765510626137256622e-02,5.250775068998336792e-02,8.640485815703868866e-03,1.079909577965736389e-01,9.524419158697128296e-02
7.121243476867675781e-01,1.415679324418306351e-02,4.131628572940826416e-02,5.938813555985689163e-03,1.315410137176513672e-01,9.492281824350357056e-02
7.100629806518554688e-01,1.272161863744258881e-02,5.781174451112747192e-02,6.904168520122766495e-03,1.178956851363182068e-01,9.460375458002090454e-02
6.401692628860473633e-01,2.719417028129100800e-02,4.729352146387100220e-02,6.402260158210992813e-03,1.459378749132156372e-01,1.330028623342514038e-01
6.668758988380432129e-01,4.606208577752113342e-02,5.506781488656997681e-02,5.291152745485305786e-03,1.637394726276397705e-01,6.296359002590179443e-02
6.899645328521728516e-01,3.682355582714080811e-02,4.609296470880508423e-02,8.398424834012985229e-03,1.210732534527778625e-01,9.764729440212249756e-02
7.152434587478637695e-01,2.172154188156127930e-02,3.790817782282829285e-02,1.405234169214963913e-02,7.467982918024063110e-02,1.363947689533233643e-01
7.642567753791809082e-01,1.483869366347789764e-02,7.132530957460403442e-02,1.842530816793441772e-02,5.978714674711227417e-02,7.136676460504531860e-02
7.607787251472473145e-01,1.127941347658634186e-02,7.807174324989318848e-02,2.724954672157764435e-02,4.316870495676994324e-02,7.945185899734497070e-02
7.360256314277648926e-01,8.672943338751792908e-03,6.495520472526550293e-02,1.723476871848106384e-02,5.651735514402389526e-02,1.165940463542938232e-01
8.012860417366027832e-01,1.028441917151212692e-02,5.319285392761230469e-02,1.281512994319200516e-02,4.425494000315666199e-02,7.816661149263381958e-02
7.957061529159545898e-01,7.007577922195196152e-03,3.423168510198593140e-02,7.581765297800302505e-03,4.666547849774360657e-02,1.088073104619979858e-01
7.949686646461486816e-01,8.108165115118026733e-03,5.009822919964790344e-02,1.072910428047180176e-02,3.332351148128509521e-02,1.027722954750061035e-01
8.098106384277343750e-01,1.029934361577033997e-02,3.960907459259033203e-02,8.038389496505260468e-03,4.069359228014945984e-02,9.154901653528213501e-02
7.417415976524353027e-01,8.628770709037780762e-03,3.060413710772991180e-02,5.104592069983482361e-03,9.507296234369277954e-02,1.188477948307991028e-01
6.299464106559753418e-01,7.686978206038475037e-03,3.706875815987586975e-02,5.792039446532726288e-03,1.452241688966751099e-01,1.742815971374511719e-01
5.537139773368835449e-01,6.249981001019477844e-03,2.093212120234966278e-02,3.508481895551085472e-03,2.058750540018081665e-01,2.097204774618148804e-01
4.433625340461730957e-01,6.736523006111383438e-03,2.325722947716712952e-02,2.131771761924028397e-03,3.981778621673583984e-01,1.263340860605239868e-01
4.647540450096130371e-01,6.599828600883483887e-03,2.510170638561248779e-02,2.788517391309142113e-03,3.355866968631744385e-01,1.651691645383834839e-01
5.902910828590393066e-01,9.173813275992870331e-03,3.499069437384605408e-02,4.414435476064682007e-03,2.023114114999771118e-01,1.588184833526611328e-01
5.712169408798217773e-01,1.299982983618974686e-02,4.371025413274765015e-02,5.179855506867170334e-03,2.268749326467514038e-01,1.400181502103805542e-01
6.215544342994689941e-01,1.515258755534887314e-02,5.856087803840637207e-02,7.639746647328138351e-03,1.584290415048599243e-01,1.386633515357971191e-01
6.504866480827331543e-01,9.844631887972354889e-03,5.728081986308097839e-02,1.086502615362405777e-02,6.690425425767898560e-02,2.046187520027160645e-01
6.631995439529418945e-01,1.026715338230133057e-02,9.176782518625259399e-02,1.122852973639965057e-02,6.104249507188796997e-02,1.624944806098937988e-01
7.278299331665039062e-01,1.423011161386966705e-02,9.784377366304397583e-02,9.305513463914394379e-03,6.937791407108306885e-02,8.141278475522994995e-02
7.060281038284301758e-01,1.034146454185247421e-02,9.704629331827163696e-02,7.543174084275960922e-03,9.047757834196090698e-02,8.856334537267684937e-02
6.608614921569824219e-01,1.270281430333852768e-02,9.671186655759811401e-02,6.027073133736848831e-03,1.631387919187545776e-01,6.055797636508941650e-02
5.671307444572448730e-01,1.302272640168666840e-02,6.959032267332077026e-02,3.588129766285419464e-03,2.979012727737426758e-01,4.876677691936492920e-02
5.449668169021606445e-01,8.609323762357234955e-03,5.517644435167312622e-02,5.400844383984804153e-03,2.735446393489837646e-01,1.123019307851791382e-01
5.427200198173522949e-01,1.737247966229915619e-02,6.312002241611480713e-02,8.010732941329479218e-03,2.296386510133743286e-01,1.391380578279495239e-01
5.602171421051025391e-01,1.542501989752054214e-02,5.334540084004402161e-02,5.420430563390254974e-03,2.336628586053848267e-01,1.319291293621063232e-01
6.610714793205261230e-01,1.279372442513704300e-02,4.810199886560440063e-02,8.949697017669677734e-03,1.129924356937408447e-01,1.560906767845153809e-01
7.426813244819641113e-01,1.338338572531938553e-02,4.013626277446746826e-02,9.409959428012371063e-03,6.022007018327713013e-02,1.341688781976699829e-01
8.067407608032226562e-01,6.592226214706897736e-03,3.368360921740531921e-02,1.068824622780084610e-02,3.011279925704002380e-02,1.121823713183403015e-01
7.531545162200927734e-01,4.780041519552469254e-03,3.093915432691574097e-02,1.250761467963457108e-02,3.027953766286373138e-02,1.683392077684402466e-01
7.118812203407287598e-01,5.881464108824729919e-03,4.073163121938705444e-02,1.021430362015962601e-02,4.577237740159034729e-02,1.855190396308898926e-01
6.692062020301818848e-01,9.769516065716743469e-03,8.057069778442382812e-02,8.160857483744621277e-03,1.064973324537277222e-01,1.257954686880111694e-01
6.001080870628356934e-01,1.251509319990873337e-02,1.124978736042976379e-01,7.121595088392496109e-03,1.954881250858306885e-01,7.226920872926712036e-02
5.928767323493957520e-01,1.518839690834283829e-02,1.720786392688751221e-01,9.638511575758457184e-03,1.551747173070907593e-01,5.504306405782699585e-02
6.299000382423400879e-01,1.286935433745384216e-02,1.603495329618453979e-01,1.558016426861286163e-02,1.255361288785934448e-01,5.576481670141220093e-02
6.421023607254028320e-01,1.040453743189573288e-02,1.464965641498565674e-01,2.141749486327171326e-02,1.107466891407966614e-01,6.883238255977630615e-02
6.974360942840576172e-01,4.421247635036706924e-03,6.545304507017135620e-02,2.102270349860191345e-02,5.856777355074882507e-02,1.530991345643997192e-01
6.743606925010681152e-01,5.352266598492860794e-03,4.901565238833427429e-02,1.444848813116550446e-02,8.885718882083892822e-02,1.679656505584716797e-01
7.269095778465270996e-01,9.973658248782157898e-03,4.551374912261962891e-02,1.068552024662494659e-02,6.980902701616287231e-02,1.371084600687026978e-01
7.105503082275390625e-01,2.077312581241130829e-02,6.958424299955368042e-02,8.796326816082000732e-03,1.140714213252067566e-01,7.622452080249786377e-02
6.848442554473876953e-01,5.153636261820793152e-02,4.915623366832733154e-02,4.780187271535396576e-03,1.545104384422302246e-01,5.517260357737541199e-02
6.706947684288024902e-01,4.373053461313247681e-02,8.254799991846084595e-02,5.754522979259490967e-03,1.502474993467330933e-01,4.702461883425712585e-02
4.856835007667541504e-01,2.870193123817443848e-02,1.024995371699333191e-01,3.257209435105323792e-03,3.419932126998901367e-01,3.786458820104598999e-02
4.811390340328216553e-01,2.070100232958793640e-02,6.944372504949569702e-02,4.289106000214815140e-03,3.096981048583984375e-01,1.147289648652076721e-01
4.850164651870727539e-01,1.313356496393680573e-02,7.340043783187866211e-02,7.354381028562784195e-03,2.223686426877975464e-01,1.987265050411224365e-01
4.748905897140502930e-01,1.339990273118019104e-02,3.556302934885025024e-02,5.744644906371831894e-03,2.195051163434982300e-01,2.508966922760009766e-01
5.004526376724243164e-01,1.634570769965648651e-02,3.028078004717826843e-02,6.479145493358373642e-03,1.487085223197937012e-01,2.977331280708312988e-01
6.151805520057678223e-01,1.798062399029731750e-02,3.431739658117294312e-02,1.040413603186607361e-02,7.622216641902923584e-02,2.458951622247695923e-01
6.550185084342956543e-01,2.309047244489192963e-02,3.651471808552742004e-02,9.515368379652500153e-03,8.551869541406631470e-02,1.903422474861145020e-01
7.578809261322021484e-01,1.647172868251800537e-02,4.023868963122367859e-02,1.041464321315288544e-02,6.257438659667968750e-02,1.124196499586105347e-01
7.206281423568725586e-01,2.204509451985359192e-02,8.396717160940170288e-02,2.560597844421863556e-02,5.558648705482482910e-02,9.216716885566711426e-02
6.873119473457336426e-01,1.428549643605947495e-02,9.596147388219833374e-02,2.205238863825798035e-02,7.289510220289230347e-02,1.074935868382453918e-01
6.493813395500183105e-01,1.434098463505506516e-02,9.666892141103744507e-02,3.038884699344635010e-02,6.162001565098762512e-02,1.475998908281326294e-01
6.353526711463928223e-01,1.227362267673015594e-02,1.075111851096153259e-01,2.580498531460762024e-02,6.607757508754730225e-02,1.529799699783325195e-01
6.432795524597167969e-01,1.424203068017959595e-02,8.214332163333892822e-02,1.578797027468681335e-02,1.046845167875289917e-01,1.398626267910003662e-01
7.135154008865356445e-01,1.227053068578243256e-02,4.161691665649414062e-02,5.772286094725131989e-03,1.306187808513641357e-01,9.620607644319534302e-02
6.718346476554870605e-01,1.188839972019195557e-02,5.595999956130981445e-02,5.595632828772068024e-03,1.806638687849044800e-01,7.405746728181838989e-02
7.195152044296264648e-01,7.947394624352455139e-03,4.952472820878028870e-02,6.973015610128641129e-03,1.501957625150680542e-01,6.584399193525314331e-02
7.370807528495788574e-01,5.172291770577430725e-03,5.130095779895782471e-02,8.420223370194435120e-03,9.669842571020126343e-02,1.013273075222969055e-01
7.163165807723999023e-01,7.389301434159278870e-03,1.152529790997505188e-01,2.203794755041599274e-02,6.444903463125228882e-02,7.455419749021530151e-02
6.331526041030883789e-01,7.641142699867486954e-03,1.388148069381713867e-01,5.574223399162292480e-02,3.179840371012687683e-02,1.328507661819458008e-01
6.217277646064758301e-01,8.570752106606960297e-03,1.213301345705986023e-01,3.772123157978057861e-02,4.461592808365821838e-02,1.660342067480087280e-01
6.141199469566345215e-01,1.370525639504194260e-02,9.152286499738693237e-02,3.779142349958419800e-02,5.994657799601554871e-02,1.829139888286590576e-01
4.921265542507171631e-01,7.091309875249862671e-03,5.987874418497085571e-02,2.162432670593261719e-02,6.111947819590568542e-02,3.581596910953521729e-01
6.006680727005004883e-01,6.851573940366506577e-03,4.098986461758613586e-02,1.436657551676034927e-02,5.647770315408706665e-02,2.806462943553924561e-01
6.434580087661743164e-01,8.411969989538192749e-03,5.652341246604919434e-02,1.584332995116710663e-02,9.049647301435470581e-02,1.852667033672332764e-01
7.030813097953796387e-01,8.266186341643333435e-03,8.312591165304183960e-02,2.069722115993499756e-02,6.803981214761734009e-02,1.167895793914794922e-01
7.456944584846496582e-01,5.597038194537162781e-03,8.687583357095718384e-02,2.046448737382888794e-02,4.972792416810989380e-02,9.164029359817504883e-02
7.281222343444824219e-01,1.871481910347938538e-02,9.588288515806198120e-02,1.287508010864257812e-02,8.462351560592651367e-02,5.978158488869667053e-02
6.821823716163635254e-01,2.978365868330001831e-02,9.175477921962738037e-02,8.538293652236461639e-03,1.332953274250030518e-01,5.444556102156639099e-02
6.671574115753173828e-01,5.648828670382499695e-02,8.210712671279907227e-02,1.016557961702346802e-02,1.196620091795921326e-01,6.441953778266906738e-02
5.420027375221252441e-01,8.630816638469696045e-02,6.682346761226654053e-02,5.380394868552684784e-03,2.566525936126708984e-01,4.283268377184867859e-02
5.701148509979248047e-01,5.279977619647979736e-02,6.719367206096649170e-02,7.197265978902578354e-03,2.360664308071136475e-01,6.662797927856445312e-02
6.647764444351196289e-01,4.783129692077636719e-02,4.740743711590766907e-02,6.820315960794687271e-03,1.570460647344589233e-01,7.611846178770065308e-02
7.729675769805908203e-01,2.342569269239902496e-02,4.513864219188690186e-02,1.148701738566160202e-02,7.387606799602508545e-02,7.310488820075988770e-02
8.431424498558044434e-01,1.640390232205390930e-02,3.484825417399406433e-02,2.672314643859863281e-02,1.820381917059421539e-02,6.067844480276107788e-02
8.374999165534973145e-01,2.189715579152107239e-02,3.715929761528968811e-02,2.431398257613182068e-02,2.190985530614852905e-02,5.721968412399291992e-02
8.061119318008422852e-01,2.784492447972297668e-02,3.329865634441375732e-02,1.699187979102134705e-02,3.960137069225311279e-02,7.615132629871368408e-02
7.414602041244506836e-01,3.277156502008438110e-02,4.822747036814689636e-02,1.200572773814201355e-02,8.123555779457092285e-02,8.429953455924987793e-02
6.664261221885681152e-01,2.289257571101188660e-02,4.508763179183006287e-02,6.070257630199193954e-03,1.646241247653961182e-01,9.489923715591430664e-02
6.014193296432495117e-01,3.036692738533020020e-02,4.902410134673118591e-02,3.573059337213635445e-03,2.457518875598907471e-01,6.986473500728607178e-02
6.584267020225524902e-01,1.282122544944286346e-02,3.684847429394721985e-02,3.804645966738462448e-03,1.932162940502166748e-01,9.488256275653839111e-02
5.935893654823303223e-01,1.410993561148643494e-02,6.994338333606719971e-02,4.009766969829797745e-03,2.421537786722183228e-01,7.619381695985794067e-02
5.125973224639892578e-01,1.856348663568496704e-02,1.722493320703506470e-01,9.170252829790115356e-03,2.155583649873733521e-01,7.186128944158554077e-02
4.759389758110046387e-01,1.250988803803920746e-02,2.513830065727233887e-01,9.191641584038734436e-03,1.975086778402328491e-01,5.346785858273506165e-02
4.845276474952697754e-01,1.099076680839061737e-02,2.508087456226348877e-01,9.950594976544380188e-03,1.870225816965103149e-01,5.669962242245674133e-02
4.817164242267608643e-01,1.727643795311450958e-02,1.790413856506347656e-01,9.730488061904907227e-03,2.389844059944152832e-01,7.325080782175064087e-02
5.249374508857727051e-01,1.015306264162063599e-02,5.553162470459938049e-02,3.960225731134414673e-03,3.044744133949279785e-01,1.009431853890419006e-01
6.877833008766174316e-01,1.213863119482994080e-02,4.974491894245147705e-02,9.659614413976669312e-03,1.307799071073532104e-01,1.098936721682548523e-01
7.105107307434082031e-01,1.274034660309553146e-02,4.119519144296646118e-02,1.207292359322309494e-02,7.949206233024597168e-02,1.439887583255767822e-01
7.500954866409301758e-01,8.763998746871948242e-03,2.787219174206256866e-02,8.109931834042072296e-03,7.066649943590164185e-02,1.344919055700302124e-01
6.604761481285095215e-01,7.340313866734504700e-03,2.568307146430015564e-02,8.302710019052028656e-03,8.648854494094848633e-02,2.117092311382293701e-01
6.275157928466796875e-01,5.472663324326276779e-03,2.098525501787662506e-02,5.988082848489284515e-03,1.163096055388450623e-01,2.237286865711212158e-01
6.649440526962280273e-01,5.054735578596591949e-03,3.008843027055263519e-02,7.102283183485269547e-03,1.230708733201026917e-01,1.697395592927932739e-01
6.145024299621582031e-01,5.739203188568353653e-03,3.225300833582878113e-02,7.776610087603330612e-03,1.189977973699569702e-01,2.207308858633041382e-01
6.715112924575805664e-01,6.527942605316638947e-03,3.646634891629219055e-02,9.023047983646392822e-03,7.831443101167678833e-02,1.981569379568099976e-01
6.063098311424255371e-01,8.831300772726535797e-03,4.867227002978324890e-02,1.882268860936164856e-02,5.460531264543533325e-02,2.627584934234619141e-01
6.321217417716979980e-01,1.886525191366672516e-02,8.584080636501312256e-02,2.395072393119335175e-02,5.382922664284706116e-02,1.853923946619033813e-01
5.748385190963745117e-01,1.656184531748294830e-02,1.625470966100692749e-01,1.607567630708217621e-02,1.148944273591041565e-01,1.150823980569839478e-01
6.641398072242736816e-01,1.275775302201509476e-02,1.125846877694129944e-01,1.935882866382598877e-02,8.568292111158370972e-02,1.054760515689849854e-01
6.916884779930114746e-01,6.288796197623014450e-03,1.219595521688461304e-01,1.815326884388923645e-02,6.490467488765716553e-02,9.700513631105422974e-02
6.882518529891967773e-01,7.717285305261611938e-03,7.832589000463485718e-02,1.094938069581985474e-02,1.096180602908134460e-01,1.051376089453697205e-01
6.851431727409362793e-01,8.400867693126201630e-03,7.230117917060852051e-02,7.639265153557062149e-03,1.380629986524581909e-01,8.845247328281402588e-02
6.288228631019592285e-01,1.738934963941574097e-02,9.084557741880416870e-02,4.965364467352628708e-03,1.898594051599502563e-01,6.811743229627609253e-02
4.044031500816345215e-01,2.553402818739414215e-02,8.197017759084701538e-02,2.111668931320309639e-03,4.499417245388031006e-01,3.603930398821830750e-02
3.932090699672698975e-01,2.471364475786685944e-02,7.394461333751678467e-02,2.201910130679607391e-03,4.658209085464477539e-01,4.010988399386405945e-02
5.453369617462158203e-01,1.915850862860679626e-02,6.793418526649475098e-02,5.443292204290628433e-03,2.337707281112670898e-01,1.283563822507858276e-01
6.134229898452758789e-01,1.351839210838079453e-02,3.876366466283798218e-02,9.975014254450798035e-03,8.309118449687957764e-02,2.412288039922714233e-01
5.851426720619201660e-01,6.940713617950677872e-03,3.158892691135406494e-02,1.189913414418697357e-02,3.967282176017761230e-02,3.247556388378143311e-01
6.126098632812500000e-01,6.409316789358854294e-03,2.227984741330146790e-02,1.449961680918931961e-02,1.611705124378204346e-02,3.280843794345855713e-01
6.982399225234985352e-01,7.434823084622621536e-03,2.977698855102062225e-02,1.559826638549566269e-02,1.955115981400012970e-02,2.293988019227981567e-01
7.383536100387573242e-01,8.563875220715999603e-03,3.015025146305561066e-02,8.111996576189994812e-03,5.189692601561546326e-02,1.629234552383422852e-01
7.748921513557434082e-01,8.553486317396163940e-03,7.587683200836181641e-02,9.981993585824966431e-03,6.526540964841842651e-02,6.543014943599700928e-02
6.886292099952697754e-01,1.179613266140222549e-02,6.615759432315826416e-02,4.638725891709327698e-03,1.885765492916107178e-01,4.020178690552711487e-02
5.236079096794128418e-01,8.787919767200946808e-03,6.806004792451858521e-02,2.527272561565041542e-03,3.633985817432403564e-01,3.361835703253746033e-02
4.331843852996826172e-01,7.547829765826463699e-03,5.161058902740478516e-02,3.093755571171641350e-03,4.536961317062377930e-01,5.086725205183029175e-02
4.405133724212646484e-01,5.588142666965723038e-03,5.532529205083847046e-02,3.243830986320972443e-03,4.025240242481231689e-01,9.280531108379364014e-02
6.261308193206787109e-01,8.658384904265403748e-03,8.187574148178100586e-02,7.790800184011459351e-03,1.669518500566482544e-01,1.085924133658409119e-01
6.942220926284790039e-01,7.144211791455745697e-03,5.570061877369880676e-02,9.140636771917343140e-03,8.869735896587371826e-02,1.450950652360916138e-01
7.140906453132629395e-01,1.019937079399824142e-02,5.696707963943481445e-02,7.913663983345031738e-03,8.716034144163131714e-02,1.236688345670700073e-01
6.968160867691040039e-01,1.100159343332052231e-02,4.152052104473114014e-02,9.699506685137748718e-03,6.101547181606292725e-02,1.799468994140625000e-01
6.653072834014892578e-01,4.983971361070871353e-03,2.990619838237762451e-02,1.210617180913686752e-02,3.249594941735267639e-02,2.552005052566528320e-01
6.608388423919677734e-01,4.484535660594701767e-03,3.657998889684677124e-02,1.454299129545688629e-02,3.133555501699447632e-02,2.522180080413818359e-01
7.332469820976257324e-01,4.145864862948656082e-03,3.914864733815193176e-02,1.767287775874137878e-02,1.814623549580574036e-02,1.876394450664520264e-01
7.583054900169372559e-01,7.865931838750839233e-03,5.330219119787216187e-02,1.951882243156433105e-02,2.577798999845981598e-02,1.352296620607376099e-01
7.243997454643249512e-01,2.031920850276947021e-02,7.114714384078979492e-02,1.726493611931800842e-02,4.793204739689826965e-02,1.189369112253189087e-01
6.659726500511169434e-01,3.020445071160793304e-02,5.444333702325820923e-02,1.218846440315246582e-02,6.663569808006286621e-02,1.705553829669952393e-01
5.942289829254150391e-01,5.245321244001388550e-02,5.138197541236877441e-02,8.487821556627750397e-03,1.288448870182037354e-01,1.646031141281127930e-01
6.108644604682922363e-01,2.304610982537269592e-02,3.133386000990867615e-02,6.997686345130205154e-03,1.411310732364654541e-01,1.866268515586853027e-01
5.264030098915100098e-01,2.085147425532341003e-02,2.853777818381786346e-02,6.238430272787809372e-03,2.132866382598876953e-01,2.046826481819152832e-01
5.318795442581176758e-01,1.166822575032711029e-02,2.303284406661987305e-02,3.699441906064748764e-03,2.965739667415618896e-01,1.331460028886795044e-01
4.573397636413574219e-01,1.593677513301372528e-02,3.082662262022495270e-02,2.815497340634465218e-03,4.027920067310333252e-01,9.028942137956619263e-02
5.313756465911865234e-01,1.246432866901159286e-02,5.644143372774124146e-02,5.290728528052568436e-03,2.827430963516235352e-01,1.116848066449165344e-01
5.481938719749450684e-01,1.256783306598663330e-02,6.137205660343170166e-02,4.751276690512895584e-03,2.837060987949371338e-01,8.940893411636352539e-02
5.830427408218383789e-01,1.476620230823755264e-02,7.494989037513732910e-02,7.794789504259824753e-03,2.043320089578628540e-01,1.151142865419387817e-01
6.023045778274536133e-01,8.280172012746334076e-03,5.190952122211456299e-02,9.042882360517978668e-03,1.541217118501663208e-01,1.743411123752593994e-01
6.403408050537109375e-01,8.121644146740436554e-03,4.722515493631362915e-02,1.266588922590017319e-02,1.065618097782135010e-01,1.850846856832504272e-01
6.680209040641784668e-01,1.271109841763973236e-02,3.742430731654167175e-02,1.134681142866611481e-02,9.921047836542129517e-02,1.712865680456161499e-01
7.002040743827819824e-01,1.107523962855339050e-02,3.542334213852882385e-02,1.891292072832584381e-02,3.389719128608703613e-02,2.004872709512710571e-01
6.760451197624206543e-01,1.413500215858221054e-02,3.749841824173927307e-02,2.760315686464309692e-02,2.188008092343807220e-02,2.228381335735321045e-01
7.052329778671264648e-01,2.493149787187576294e-02,2.825502119958400726e-02,2.563532255589962006e-02,2.088719233870506287e-02,1.950580775737762451e-01
6.634180545806884766e-01,3.327286988496780396e-02,3.133232891559600830e-02,1.424147561192512512e-02,4.514821991324424744e-02,2.125870585441589355e-01
7.713347673416137695e-01,2.733468636870384216e-02,3.888719528913497925e-02,1.730795949697494507e-02,3.280794993042945862e-02,1.123274937272071838e-01
7.833633422851562500e-01,2.671799808740615845e-02,3.901518508791923523e-02,1.067971065640449524e-02,4.281744360923767090e-02,9.740635752677917480e-02
7.953728437423706055e-01,3.753336146473884583e-02,4.110584035515785217e-02,8.120515383780002594e-03,5.681841075420379639e-02,6.104918941855430603e-02
7.832544445991516113e-01,3.905513882637023926e-02,4.223381727933883667e-02,8.318851701915264130e-03,6.178156286478042603e-02,6.535618752241134644e-02
6.703885793685913086e-01,8.451972901821136475e-02,3.260484337806701660e-02,4.216591361910104752e-03,1.344294399023056030e-01,7.384081184864044189e-02
6.213238835334777832e-01,1.076604127883911133e-01,3.747481480240821838e-02,3.578487318009138107e-03,1.772791892290115356e-01,5.268321931362152100e-02
6.842319369316101074e-01,4.316454380750656128e-02,3.713514655828475952e-02,3.652485087513923645e-03,1.598687171936035156e-01,7.194717228412628174e-02
6.798965930938720703e-01,4.476786404848098755e-02,3.832559287548065186e-02,3.692641621455550194e-03,1.580852568149566650e-01,7.523194700479507446e-02
6.813258528709411621e-01,5.491915345191955566e-02,5.320940911769866943e-02,4.378676414489746094e-03,1.540520936250686646e-01,5.211480334401130676e-02
7.033887505531311035e-01,6.350918859243392944e-02,4.314965009689331055e-02,5.461315158754587173e-03,1.330153346061706543e-01,5.147573351860046387e-02
7.308364510536193848e-01,5.838361382484436035e-02,4.400626942515373230e-02,1.079261861741542816e-02,1.074746251106262207e-01,4.850644990801811218e-02
7.555615901947021484e-01,6.108611077070236206e-02,4.978194832801818848e-02,2.126643992960453033e-02,6.678677350282669067e-02,4.551722481846809387e-02
7.894822359085083008e-01,4.330568760633468628e-02,4.739912971854209900e-02,3.054499998688697815e-02,4.329766705632209778e-02,4.597026482224464417e-02
7.903302311897277832e-01,2.864021994173526764e-02,4.382200166583061218e-02,3.826710581779479980e-02,2.786599844694137573e-02,7.107445597648620605e-02
7.588003873825073242e-01,3.003719076514244080e-02,4.750480502843856812e-02,2.927765063941478729e-02,4.040872678160667419e-02,9.397131204605102539e-02
7.115317583084106445e-01,2.763766609132289886e-02,5.176199600100517273e-02,2.155226469039916992e-02,6.271114200353622437e-02,1.248051822185516357e-01
6.785354614257812500e-01,3.097996488213539124e-02,5.213826522231101990e-02,1.153461821377277374e-02,9.730423241853713989e-02,1.295074224472045898e-01
6.406068205833435059e-01,1.648393832147121429e-02,3.935187682509422302e-02,9.678105823695659637e-03,8.203397691249847412e-02,2.118452489376068115e-01
6.399165391921997070e-01,1.517303474247455597e-02,3.935913369059562683e-02,8.075785823166370392e-03,8.199631422758102417e-02,2.154791504144668579e-01
5.310871005058288574e-01,9.371709078550338745e-03,2.835744060575962067e-02,6.862232927232980728e-03,6.239372491836547852e-02,3.619278669357299805e-01
5.886825323104858398e-01,8.102030493319034576e-03,2.489636279642581940e-02,6.884581409394741058e-03,4.071423411369323730e-02,3.307203352451324463e-01
6.006295084953308105e-01,8.466550149023532867e-03,2.321772649884223938e-02,5.461450200527906418e-03,5.594474077224731445e-02,3.062800467014312744e-01
6.312089562416076660e-01,1.460903603583574295e-02,2.814360149204730988e-02,5.930648650974035263e-03,9.224937856197357178e-02,2.278583794832229614e-01
6.820636987686157227e-01,2.212624438107013702e-02,2.935354411602020264e-02,6.698895245790481567e-03,8.462274074554443359e-02,1.751347929239273071e-01
7.104200720787048340e-01,1.430081389844417572e-02,2.655435726046562195e-02,7.627329789102077484e-03,7.333562523126602173e-02,1.677618473768234253e-01
6.906250119209289551e-01,1.758374832570552826e-02,4.611737281084060669e-02,1.160120870918035507e-02,6.651253253221511841e-02,1.675601005554199219e-01
7.405124306678771973e-01,1.482511684298515320e-02,6.078316271305084229e-02,1.248371694236993790e-02,5.670103058218955994e-02,1.146943941712379456e-01
7.414556145668029785e-01,9.425242431461811066e-03,6.881169229745864868e-02,9.750619530677795410e-03,6.715703755617141724e-02,1.033997088670730591e-01
7.200427651405334473e-01,8.749479427933692932e-03,6.603464484214782715e-02,1.025961991399526596e-02,5.625430494546890259e-02,1.386591345071792603e-01
7.225663661956787109e-01,6.949740462005138397e-03,7.883690297603607178e-02,1.215895824134349823e-02,5.185163766145706177e-02,1.276363879442214966e-01
7.697178125381469727e-01,5.876629613339900970e-03,4.792518913745880127e-02,1.707906462252140045e-02,3.075587190687656403e-02,1.286454498767852783e-01
7.406054139137268066e-01,4.625692497938871384e-03,4.210389778017997742e-02,1.973459310829639435e-02,2.585551701486110687e-02,1.670748144388198853e-01
7.519701719284057617e-01,6.368469446897506714e-03,4.974941164255142212e-02,1.674387603998184204e-02,4.290296509861946106e-02,1.322651058435440063e-01
7.278051972389221191e-01,1.029797922819852829e-02,3.967344388365745544e-02,7.432268466800451279e-03,1.092701479792594910e-01,1.055208817124366760e-01
6.821160912513732910e-01,1.554514840245246887e-02,4.437353461980819702e-02,4.986518993973731995e-03,1.650660336017608643e-01,8.791258186101913452e-02
6.551834344863891602e-01,2.171004749834537506e-02,7.882404327392578125e-02,6.070167757570743561e-03,1.845888495445251465e-01,5.362333729863166809e-02
6.398063302040100098e-01,3.884291648864746094e-02,7.446569949388504028e-02,5.921330768615007401e-03,1.969522386789321899e-01,4.401145502924919128e-02
6.414996385574340820e-01,3.159978613257408142e-02,8.175139129161834717e-02,7.304995320737361908e-03,1.890741288661956787e-01,4.877010360360145569e-02
6.427597403526306152e-01,3.767988085746765137e-02,9.603488445281982422e-02,9.262017905712127686e-03,1.751968264579772949e-01,3.906664252281188965e-02
5.638403296470642090e-01,5.308550968766212463e-02,2.224242687225341797e-01,1.001666020601987839e-02,1.318790316581726074e-01,1.875427737832069397e-02
6.014650464057922363e-01,3.677897155284881592e-02,2.288942188024520874e-01,1.599133759737014771e-02,8.888664096593856812e-02,2.798374183475971222e-02
5.444459915161132812e-01,2.190861664712429047e-02,3.341749608516693115e-01,3.125430643558502197e-02,4.789683222770690918e-02,2.031934820115566254e-02
4.994939863681793213e-01,1.416002307087182999e-02,3.415187299251556396e-01,6.447933614253997803e-02,4.609475284814834595e-02,3.425317630171775818e-02
5.569067001342773438e-01,1.166039705276489258e-02,2.651270627975463867e-01,6.669953465461730957e-02,4.333823919296264648e-02,5.626802146434783936e-02
6.011042594909667969e-01,1.926481723785400391e-02,1.987603157758712769e-01,4.619079455733299255e-02,5.654671043157577515e-02,7.813312113285064697e-02
5.299671888351440430e-01,1.610545441508293152e-02,2.366512417793273926e-01,7.263591140508651733e-02,5.280943959951400757e-02,9.183073043823242188e-02
6.485697627067565918e-01,8.489391766488552094e-03,1.137583777308464050e-01,6.121491268277168274e-02,2.780948020517826080e-02,1.401581019163131714e-01
7.033259272575378418e-01,9.052336215972900391e-03,9.595856070518493652e-02,6.140245124697685242e-02,1.553787477314472198e-02,1.147227734327316284e-01
7.377691864967346191e-01,7.465003058314323425e-03,5.272046476602554321e-02,2.119652554392814636e-02,3.842427581548690796e-02,1.424245536327362061e-01
6.807217001914978027e-01,4.997184034436941147e-03,4.526491463184356689e-02,1.740692369639873505e-02,5.778149515390396118e-02,1.938277035951614380e-01
6.572346687316894531e-01,7.371658924967050552e-03,7.230693101882934570e-02,2.764513343572616577e-02,6.184400245547294617e-02,1.735976785421371460e-01
5.625973939895629883e-01,9.800421074032783508e-03,8.076766878366470337e-02,1.120995543897151947e-02,2.044547200202941895e-01,1.311698555946350098e-01
5.219293236732482910e-01,1.319595519453287125e-02,1.137836724519729614e-01,1.144922524690628052e-02,2.452950775623321533e-01,9.434677660465240479e-02
5.864310860633850098e-01,1.445784606039524078e-02,9.112627804279327393e-02,1.203452236950397491e-02,1.976674050092697144e-01,9.828291088342666626e-02
5.023461580276489258e-01,2.445304766297340393e-02,9.378062188625335693e-02,6.562822498381137848e-03,3.161333799362182617e-01,5.672385171055793762e-02
5.506263375282287598e-01,2.425534650683403015e-02,9.846765547990798950e-02,1.026903465390205383e-02,2.079999595880508423e-01,1.083817034959793091e-01
4.336183965206146240e-01,1.896774396300315857e-02,2.052261531352996826e-01,2.312080003321170807e-02,2.149336487054824829e-01,1.041332632303237915e-01
4.976997077465057373e-01,1.754966191947460175e-02,2.732571959495544434e-01,3.858537226915359497e-02,1.012564226984977722e-01,7.165167480707168579e-02
5.702259540557861328e-01,1.348372269421815872e-02,1.604288816452026367e-01,3.776250034570693970e-02,9.633632749319076538e-02,1.217626929283142090e-01
6.296479105949401855e-01,1.067388989031314850e-02,2.104587852954864502e-01,4.078067839145660400e-02,5.559987947344779968e-02,5.283878743648529053e-02
6.041147708892822266e-01,2.249111793935298920e-02,2.550756335258483887e-01,6.973730772733688354e-02,2.653258666396141052e-02,2.204857207834720612e-02
5.974020957946777344e-01,2.352288179099559784e-02,2.261445969343185425e-01,5.360786616802215576e-02,3.769584745168685913e-02,6.162668019533157349e-02
6.541059613227844238e-01,1.882500573992729187e-02,1.519862860441207886e-01,8.329995721578598022e-02,2.321163006126880646e-02,6.857115775346755981e-02
6.239622235298156738e-01,1.502685155719518661e-02,1.050529852509498596e-01,6.771756708621978760e-02,2.929438091814517975e-02,1.589460670948028564e-01
5.916791558265686035e-01,1.083883177489042282e-02,1.163435131311416626e-01,3.777492046356201172e-02,5.579256638884544373e-02,1.875710189342498779e-01
6.686610579490661621e-01,8.159984834492206573e-03,7.955254614353179932e-02,1.592562161386013031e-02,7.556736469268798828e-02,1.521334648132324219e-01
5.787991881370544434e-01,1.428826339542865753e-02,2.107118219137191772e-01,2.029590867459774017e-02,1.104767844080924988e-01,6.542798131704330444e-02
4.706652164459228516e-01,2.257985621690750122e-02,3.433317840099334717e-01,9.696498513221740723e-03,1.397151052951812744e-01,1.401148363947868347e-02
6.001020669937133789e-01,2.723011188209056854e-02,1.899392604827880859e-01,9.199677035212516785e-03,1.369060873985290527e-01,3.662278503179550171e-02
5.956171154975891113e-01,2.057322114706039429e-02,1.960513293743133545e-01,1.646509207785129547e-02,1.097505167126655579e-01,6.154263392090797424e-02
6.167666912078857422e-01,1.689103990793228149e-02,6.750074028968811035e-02,1.222349889576435089e-02,9.894436597824096680e-02,1.876735985279083252e-01
5.231533646583557129e-01,1.107733696699142456e-02,4.064834117889404297e-02,1.484161335974931717e-02,6.707832217216491699e-02,3.432009816169738770e-01
5.872858762741088867e-01,9.648816660046577454e-03,2.871764078736305237e-02,8.334415033459663391e-03,9.066537022590637207e-02,2.753479182720184326e-01
6.740743517875671387e-01,1.521708723157644272e-02,4.807197675108909607e-02,5.340962670743465424e-03,1.608353704214096069e-01,9.646027535200119019e-02
7.182739973068237305e-01,1.667762547731399536e-02,6.402073800563812256e-02,4.221900366246700287e-03,1.490709930658340454e-01,4.773478582501411438e-02
7.418614029884338379e-01,1.199666596949100494e-02,6.229946389794349670e-02,6.431170273572206497e-03,1.099200844764709473e-01,6.749126315116882324e-02
7.321833968162536621e-01,9.908183477818965912e-03,5.158131197094917297e-02,1.040863711386919022e-02,7.860403507947921753e-02,1.173143461346626282e-01
6.499337553977966309e-01,8.337645791471004486e-03,1.536135971546173096e-01,3.137961030006408691e-02,4.857950657606124878e-02,1.081558838486671448e-01
6.340093612670898438e-01,1.030335575342178345e-02,1.758008897304534912e-01,4.517554119229316711e-02,3.757645934820175171e-02,9.713433682918548584e-02
5.716417431831359863e-01,1.181929744780063629e-02,2.076573967933654785e-01,7.257981598377227783e-02,4.519493132829666138e-02,9.110686928033828735e-02
5.571178197860717773e-01,1.743346638977527618e-02,2.004447728395462036e-01,6.179073825478553772e-02,5.170619487762451172e-02,1.115070059895515442e-01
6.745651364326477051e-01,1.155214197933673859e-02,6.456555426120758057e-02,3.172140568494796753e-02,4.629784077405929565e-02,1.712979525327682495e-01
6.864665746688842773e-01,8.203315548598766327e-03,6.749107688665390015e-02,2.191215194761753082e-02,6.880944967269897461e-02,1.471173763275146484e-01
6.440528631210327148e-01,7.318171672523021698e-03,7.149658352136611938e-02,1.852562837302684784e-02,8.636151254177093506e-02,1.722452491521835327e-01
6.552864909172058105e-01,6.491033826023340225e-03,8.016815781593322754e-02,1.990352943539619446e-02,1.000467762351036072e-01,1.381040364503860474e-01
6.393372416496276855e-01,6.325700785964727402e-03,1.711716502904891968e-01,3.457449004054069519e-02,7.982139289379119873e-02,6.876945495605468750e-02
6.260712146759033203e-01,6.309312302619218826e-03,1.614817678928375244e-01,4.458072409033775330e-02,7.681776583194732666e-02,8.473917841911315918e-02
6.440896391868591309e-01,7.918996736407279968e-03,1.932952105998992920e-01,4.337558895349502563e-02,6.055648252367973328e-02,5.076408758759498596e-02
6.912726759910583496e-01,8.285815827548503876e-03,1.637832373380661011e-01,2.890416420996189117e-02,6.351193785667419434e-02,4.424201324582099915e-02
7.439528107643127441e-01,8.477887138724327087e-03,1.136811375617980957e-01,2.476555109024047852e-02,3.932785987854003906e-02,6.979479640722274780e-02
7.534013986587524414e-01,5.766505375504493713e-03,3.891171514987945557e-02,1.805812306702136993e-02,3.134622052311897278e-02,1.525159925222396851e-01
7.105952501296997070e-01,4.756445996463298798e-03,3.668317198753356934e-02,2.896643057465553284e-02,2.300081215798854828e-02,1.959979236125946045e-01
6.663076877593994141e-01,4.815422464162111282e-03,4.000600427389144897e-02,1.527373120188713074e-02,4.982126876711845398e-02,2.237758785486221313e-01
6.997741460800170898e-01,4.945969209074974060e-03,4.814777895808219910e-02,1.609264127910137177e-02,5.036348477005958557e-02,1.806760281324386597e-01
6.061828732490539551e-01,7.501710206270217896e-03,5.354460328817367554e-02,9.637990966439247131e-03,1.399834156036376953e-01,1.831495016813278198e-01
5.604794621467590332e-01,9.435193613171577454e-03,6.442485004663467407e-02,1.134896837174892426e-02,1.450843662023544312e-01,2.092271596193313599e-01
5.539253354072570801e-01,1.187420915812253952e-02,8.870571851730346680e-02,2.505467459559440613e-02,1.264813393354415894e-01,1.939587891101837158e-01
5.576034784317016602e-01,8.968313224613666534e-03,1.108386591076850891e-01,5.466659367084503174e-02,5.504885315895080566e-02,2.128740996122360229e-01
5.350880622863769531e-01,9.727248921990394592e-03,1.233178973197937012e-01,4.579720273613929749e-02,5.928771942853927612e-02,2.267818599939346313e-01
5.637638568878173828e-01,1.263543125241994858e-02,1.975088715553283691e-01,7.363373041152954102e-02,3.625847771763801575e-02,1.161995530128479004e-01
5.388215780258178711e-01,1.229457370936870575e-02,2.656850814819335938e-01,2.048578299582004547e-02,1.000903695821762085e-01,6.262263655662536621e-02
4.133915007114410400e-01,1.365686953067779541e-02,4.068453311920166016e-01,1.521941553801298141e-02,1.246980652213096619e-01,2.618886344134807587e-02
3.748378455638885498e-01,1.447545085102319717e-02,3.576262593269348145e-01,5.298420786857604980e-03,2.360592931509017944e-01,1.170277316123247147e-02
3.756633996963500977e-01,1.128991600126028061e-02,4.074985682964324951e-01,7.681281305849552155e-03,1.876313835382461548e-01,1.023537665605545044e-02
2.774481475353240967e-01,1.195053290575742722e-02,5.254753232002258301e-01,6.811636965721845627e-03,1.730525493621826172e-01,5.261848680675029755e-03
3.877345919609069824e-01,1.429064758121967316e-02,4.112844169139862061e-01,6.715977098792791367e-03,1.729782968759536743e-01,6.996042560786008835e-03
4.207313060760498047e-01,1.002663187682628632e-02,3.878260254859924316e-01,8.930470794439315796e-03,1.565671712160110474e-01,1.591841131448745728e-02
6.375561952590942383e-01,2.142364904284477234e-02,2.121226638555526733e-01,2.654460631310939789e-02,7.033422589302062988e-02,3.201868012547492981e-02
7.278024554252624512e-01,1.196886040270328522e-02,7.517392188310623169e-02,2.467177435755729675e-02,8.181853592395782471e-02,7.856453955173492432e-02
7.363420724868774414e-01,8.976574987173080444e-03,4.687254503369331360e-02,2.412952482700347900e-02,4.239027202129364014e-02,1.412889957427978516e-01
7.535815834999084473e-01,8.566097356379032135e-03,3.669184818863868713e-02,1.922651566565036774e-02,3.792205080389976501e-02,1.440118402242660522e-01
7.670934796333312988e-01,1.008341182023286819e-02,2.702873572707176208e-02,6.994023453444242477e-03,5.518027767539024353e-02,1.336200535297393799e-01
8.567920923233032227e-01,2.089146152138710022e-02,3.637575730681419373e-02,7.213422562927007675e-03,3.132210299372673035e-02,4.740512371063232422e-02
9.011036157608032227e-01,2.013796381652355194e-02,3.037455677986145020e-02,5.636779125779867172e-03,1.650604233145713806e-02,2.624093554913997650e-02
8.760586977005004883e-01,2.557632885873317719e-02,2.893478237092494965e-02,6.807832047343254089e-03,2.481253817677497864e-02,3.780984878540039062e-02
8.302628397941589355e-01,1.613645255565643311e-02,3.776509687304496765e-02,9.348629042506217957e-03,4.552016407251358032e-02,6.096670404076576233e-02
7.316536307334899902e-01,8.311129175126552582e-03,5.046383291482925415e-02,1.178187783807516098e-02,8.852211385965347290e-02,1.092674210667610168e-01
5.077255368232727051e-01,8.773501031100749969e-03,5.094420164823532104e-02,1.075126603245735168e-02,1.959332078695297241e-01,2.258722782135009766e-01
5.044425725936889648e-01,8.791746571660041809e-03,1.024242937564849854e-01,1.064005587249994278e-02,2.503787279129028320e-01,1.233225837349891663e-01
5.092157721519470215e-01,7.480690721422433853e-03,1.514577716588973999e-01,1.496091112494468689e-02,2.097097486257553101e-01,1.071750149130821228e-01
5.586168766021728516e-01,6.743354722857475281e-03,1.821844875812530518e-01,2.751889452338218689e-02,1.254470050334930420e-01,9.948939085006713867e-02
4.806990921497344971e-01,7.884340360760688782e-03,3.108608722686767578e-01,7.817692309617996216e-02,6.403505802154541016e-02,5.834375694394111633e-02
4.768035113811492920e-01,9.802559390664100647e-03,2.697776556015014648e-01,6.737569719552993774e-02,1.132898926734924316e-01,6.295062601566314697e-02
4.061377048492431641e-01,8.679169230163097382e-03,4.323120117187500000e-01,4.972749575972557068e-02,7.198086380958557129e-02,3.116279654204845428e-02
3.131663799285888672e-01,2.301801741123199463e-02,3.573697507381439209e-01,9.640451520681381226e-03,2.816949188709259033e-01,1.511050388216972351e-02
3.656799793243408203e-01,1.343136653304100037e-02,2.669700086116790771e-01,3.091256367042660713e-03,3.350038826465606689e-01,1.582353562116622925e-02
4.707956612110137939e-01,1.426944602280855179e-02,9.261211007833480835e-02,2.167811850085854530e-03,3.920303285121917725e-01,2.812455222010612488e-02
4.363816976547241211e-01,1.399963442236185074e-02,6.794820725917816162e-02,2.799507696181535721e-03,4.236221313476562500e-01,5.524886772036552429e-02
4.879558384418487549e-01,1.472121756523847580e-02,9.414232522249221802e-02,6.666163448244333267e-03,2.840135693550109863e-01,1.125008836388587952e-01
4.708075523376464844e-01,7.714511360973119736e-03,1.306371390819549561e-01,1.230400800704956055e-02,2.320620417594909668e-01,1.464746296405792236e-01
5.108918547630310059e-01,9.396550245583057404e-03,1.541826277971267700e-01,1.259109750390052795e-02,2.176760286092758179e-01,9.526181966066360474e-02
5.817486047744750977e-01,9.259684942662715912e-03,1.358264982700347900e-01,1.310911308974027634e-02,1.609182059764862061e-01,9.913787245750427246e-02
6.041910648345947266e-01,5.845563486218452454e-03,1.288699358701705933e-01,1.807980053126811981e-02,1.401193141937255859e-01,1.028943210840225220e-01
6.123625636100769043e-01,7.979792542755603790e-03,7.279914617538452148e-02,8.679484017193317413e-03,2.121782898902893066e-01,8.600078523159027100e-02
6.038753986358642578e-01,8.226316422224044800e-03,8.298200368881225586e-02,1.003201771527528763e-02,2.139414399862289429e-01,8.094272017478942871e-02
6.051802635192871094e-01,9.705297648906707764e-03,9.772286564111709595e-02,9.515637531876564026e-03,2.292983531951904297e-01,4.857763648033142090e-02
5.868595838546752930e-01,1.003509666770696640e-02,1.124422922730445862e-01,6.574709434062242508e-03,2.457203716039657593e-01,3.836803138256072998e-02
5.497950315475463867e-01,8.239229209721088409e-03,1.408840566873550415e-01,7.671281695365905762e-03,2.591765224933624268e-01,3.423380479216575623e-02
5.033628940582275391e-01,5.696974229067564011e-03,1.177931949496269226e-01,6.252774503082036972e-03,3.016579151153564453e-01,6.523623317480087280e-02
4.528468847274780273e-01,4.549456294625997543e-03,9.357879310846328735e-02,4.625085275620222092e-03,3.536022305488586426e-01,9.079758822917938232e-02
3.532020151615142822e-01,7.485372480005025864e-03,5.842822045087814331e-02,2.626873785629868507e-03,5.142039060592651367e-01,6.405368447303771973e-02
4.325513839721679688e-01,7.064695935696363449e-03,8.542769402265548706e-02,2.994544571265578270e-03,4.079542160034179688e-01,6.400746852159500122e-02
4.422675073146820068e-01,9.826516732573509216e-03,1.293090283870697021e-01,3.099249675869941711e-03,3.820373117923736572e-01,3.346034511923789978e-02
4.382635951042175293e-01,6.094289477914571762e-03,1.099726781249046326e-01,4.016080871224403381e-03,3.814687728881835938e-01,6.018456444144248962e-02
3.437256515026092529e-01,1.174418255686759949e-02,1.936289817094802856e-01,5.684385076165199280e-03,3.941183686256408691e-01,5.109838396310806274e-02
3.666777014732360840e-01,8.435551077127456665e-03,1.460651010274887085e-01,4.048631992191076279e-03,4.033209681510925293e-01,7.145205885171890259e-02
3.183859884738922119e-01,1.170399598777294159e-02,8.637229353189468384e-02,2.714396687224507332e-03,5.178220272064208984e-01,6.300131231546401978e-02
2.663722932338714600e-01,8.275033906102180481e-03,9.823945164680480957e-02,1.177375088445842266e-03,6.072465777397155762e-01,1.868928410112857819e-02
2.438036054372787476e-01,7.342217024415731430e-03,5.003235489130020142e-02,5.283692153170704842e-04,6.868250966072082520e-01,1.146828290075063705e-02
3.426284790039062500e-01,3.925900906324386597e-03,3.606946021318435669e-02,7.920650532469153404e-04,5.911062955856323242e-01,2.547782473266124725e-02
3.665521144866943359e-01,4.173844121396541595e-03,3.829994052648544312e-02,1.151449396274983883e-03,5.442899465560913086e-01,4.553268477320671082e-02
4.072023928165435791e-01,4.990915302187204361e-03,4.494637995958328247e-02,2.039618557319045067e-03,4.603552818298339844e-01,8.046530932188034058e-02
4.815463125705718994e-01,3.799249650910496712e-03,3.341906145215034485e-02,3.271411638706922531e-03,3.255381286144256592e-01,1.524259746074676514e-01
5.046355724334716797e-01,4.990632645785808563e-03,3.581042587757110596e-02,4.032447468489408493e-03,3.109180331230163574e-01,1.396127939224243164e-01
5.598922371864318848e-01,4.916218109428882599e-03,7.018614560365676880e-02,5.848873406648635864e-03,2.409953325986862183e-01,1.181611940264701843e-01
6.451660990715026855e-01,5.465681664645671844e-03,6.735537201166152954e-02,6.579451262950897217e-03,1.707306206226348877e-01,1.047028005123138428e-01
5.472807884216308594e-01,7.402999792248010635e-03,5.570761486887931824e-02,4.602056927978992462e-03,2.171515822410583496e-01,1.678550243377685547e-01
5.720691680908203125e-01,1.374024990946054459e-02,5.995267629623413086e-02,5.229372065514326096e-03,1.978096961975097656e-01,1.511987596750259399e-01
4.969541430473327637e-01,1.575103402137756348e-02,4.842191189527511597e-02,3.471658565104007721e-03,3.097064197063446045e-01,1.256947666406631470e-01
4.965231716632843018e-01,9.530339390039443970e-03,1.801269501447677612e-02,2.574790967628359795e-03,3.238961696624755859e-01,1.494628638029098511e-01
4.967416226863861084e-01,1.214780751615762711e-02,2.235147543251514435e-02,2.440287265926599503e-03,3.879326581954956055e-01,7.838616520166397095e-02
4.098597764968872070e-01,5.521608516573905945e-03,1.868750527501106262e-02,1.234902418218553066e-03,5.122852921485900879e-01,5.241085588932037354e-02
3.934645950794219971e-01,6.042813416570425034e-03,1.870494335889816284e-02,1.260276301763951778e-03,5.199279785156250000e-01,6.059941649436950684e-02
4.207255542278289795e-01,6.445419974625110626e-03,2.802004665136337280e-02,1.906412187963724136e-03,4.598067700862884521e-01,8.309587091207504272e-02
4.355159699916839600e-01,5.358291324228048325e-03,3.349829837679862976e-02,3.175270045176148415e-03,4.200891256332397461e-01,1.023630127310752869e-01
4.639159440994262695e-01,4.109447821974754333e-03,3.214970603585243225e-02,6.568733137100934982e-03,2.551240622997283936e-01,2.381321787834167480e-01
4.826363623142242432e-01,3.329133149236440659e-03,4.070959240198135376e-02,9.036034345626831055e-03,2.093195319175720215e-01,2.549692690372467041e-01
5.216588377952575684e-01,3.052114974707365036e-03,3.079012036323547363e-02,6.294020917266607285e-03,2.107112109661102295e-01,2.274936884641647339e-01
6.203865408897399902e-01,5.150640383362770081e-03,5.066518113017082214e-02,8.797319605946540833e-03,1.365835517644882202e-01,1.784167587757110596e-01
6.088372468948364258e-01,5.987690296024084091e-03,6.113119795918464661e-02,6.658685859292745590e-03,1.854275315999984741e-01,1.319575905799865723e-01
6.643038988113403320e-01,4.120527952909469604e-02,1.033125370740890503e-01,1.347774639725685120e-02,1.132870763540267944e-01,6.441345810890197754e-02
5.853012800216674805e-01,1.051941812038421631e-01,1.116558760404586792e-01,3.277097269892692566e-02,9.664985537528991699e-02,6.842786818742752075e-02
5.705294609069824219e-01,8.202043175697326660e-02,1.522141396999359131e-01,8.567754924297332764e-02,6.106758490204811096e-02,4.849074408411979675e-02
5.197059512138366699e-01,9.406672418117523193e-02,2.117903083562850952e-01,6.810963153839111328e-02,6.269633769989013672e-02,4.363101348280906677e-02
4.459474682807922363e-01,2.900824137032032013e-02,3.143250942230224609e-01,7.040018588304519653e-02,7.958479225635528564e-02,6.073416396975517273e-02
4.961927533149719238e-01,1.271899510174989700e-02,3.189088702201843262e-01,3.937961161136627197e-02,8.082018792629241943e-02,5.197954550385475159e-02
6.154261231422424316e-01,4.503133241087198257e-03,1.914730519056320190e-01,2.637325413525104523e-02,6.065208837389945984e-02,1.015724241733551025e-01
7.040021419525146484e-01,2.906635403633117676e-03,1.103720143437385559e-01,1.940152980387210846e-02,5.140475928783416748e-02,1.119128242135047913e-01
6.741588711738586426e-01,2.514856867492198944e-03,6.108521297574043274e-02,3.084146045148372650e-02,3.513545170426368713e-02,1.962640732526779175e-01
7.437252402305603027e-01,2.562201116234064102e-03,4.464421048760414124e-02,3.327397257089614868e-02,2.152777649462223053e-02,1.542664915323257446e-01
7.377402186393737793e-01,3.718867432326078415e-03,6.528364121913909912e-02,2.288525365293025970e-02,6.344839185476303101e-02,1.069236621260643005e-01
6.676706075668334961e-01,3.671738086268305779e-03,9.009803831577301025e-02,4.665466025471687317e-02,4.229491204023361206e-02,1.496100425720214844e-01
6.580057740211486816e-01,6.232029758393764496e-03,1.284982264041900635e-01,2.382823079824447632e-02,1.102800443768501282e-01,7.315560430288314819e-02
6.504964828491210938e-01,4.346169531345367432e-03,1.094003468751907349e-01,2.402965165674686432e-02,1.069893017411231995e-01,1.047381162643432617e-01
5.268324613571166992e-01,6.082375068217515945e-03,2.877173721790313721e-01,2.553941868245601654e-02,9.481378644704818726e-02,5.901464447379112244e-02
4.640722572803497314e-01,6.344246678054332733e-03,3.919871151447296143e-01,3.215815499424934387e-02,6.222312152385711670e-02,4.321513697504997253e-02
5.734343528747558594e-01,1.106642745435237885e-02,2.054324448108673096e-01,1.956847310066223145e-02,1.136421859264373779e-01,7.685600221157073975e-02
5.389267206192016602e-01,9.769639000296592712e-03,1.702869236469268799e-01,9.089267812669277191e-03,2.190582901239395142e-01,5.286911875009536743e-02
5.962026119232177734e-01,1.112237013876438141e-02,1.138129979372024536e-01,7.754301652312278748e-03,2.062747031450271606e-01,6.483303755521774292e-02
5.947844386100769043e-01,6.475877948105335236e-03,3.972112014889717102e-02,5.740933120250701904e-03,1.837022006511688232e-01,1.695754379034042358e-01
6.879582405090332031e-01,1.201222371309995651e-02,4.768517985939979553e-02,1.361073646694421768e-02,9.293746203184127808e-02,1.457960158586502075e-01
7.155659794807434082e-01,6.871287245303392410e-03,4.239746555685997009e-02,2.712146006524562836e-02,4.623275250196456909e-02,1.618111133575439453e-01
7.017511725425720215e-01,3.877049311995506287e-03,4.625770822167396545e-02,3.690173476934432983e-02,2.564650028944015503e-02,1.855657845735549927e-01
7.115885615348815918e-01,3.447044175118207932e-03,3.419262915849685669e-02,2.438964881002902985e-02,4.261562228202819824e-02,1.837664693593978882e-01
7.148332595825195312e-01,2.644883003085851669e-03,5.981536582112312317e-02,2.192297205328941345e-02,6.630629301071166992e-02,1.344772428274154663e-01
6.643176674842834473e-01,2.828149124979972839e-03,6.442587077617645264e-02,1.206432469189167023e-02,1.070257127285003662e-01,1.493383049964904785e-01
6.807624101638793945e-01,3.306603059172630310e-03,7.491616904735565186e-02,1.259992457926273346e-02,8.024419099092483521e-02,1.481707543134689331e-01
6.357166171073913574e-01,6.685343571007251740e-03,1.128388941287994385e-01,7.603145670145750046e-03,1.241606324911117554e-01,1.129954382777214050e-01
5.945789217948913574e-01,1.157262641936540604e-02,1.151853203773498535e-01,7.126079406589269638e-03,1.509663015604019165e-01,1.205708086490631104e-01
5.862382054328918457e-01,7.161270361393690109e-03,1.256945729255676270e-01,1.021750271320343018e-02,1.069404408335685730e-01,1.637480109930038452e-01
4.808423221111297607e-01,7.399689871817827225e-03,2.867094576358795166e-01,1.074244920164346695e-02,1.449496746063232422e-01,6.935640424489974976e-02
5.304145812988281250e-01,8.933826349675655365e-03,1.980538517236709595e-01,1.627276837825775146e-02,1.428891718387603760e-01,1.034358367323875427e-01
5.267047882080078125e-01,5.560936406254768372e-03,1.958903968334197998e-01,2.926759980618953705e-02,1.019795686006546021e-01,1.405966132879257202e-01
4.877423346042633057e-01,6.399556528776884079e-03,1.499257683753967285e-01,1.538290921598672867e-02,2.529601156711578369e-01,8.758930861949920654e-02
5.057491064071655273e-01,4.398415796458721161e-03,5.784476548433303833e-02,1.361748576164245605e-02,2.024326622486114502e-01,2.159575670957565308e-01
4.999563694000244141e-01,5.079341121017932892e-03,6.980284303426742554e-02,1.410959754139184952e-02,2.346295565366744995e-01,1.764222234487533569e-01
5.134661197662353516e-01,3.763452405110001564e-03,4.994837939739227295e-02,1.082943938672542572e-02,1.626903116703033447e-01,2.593023478984832764e-01
5.382728576660156250e-01,5.831145215779542923e-03,7.204629480838775635e-02,1.194555871188640594e-02,1.548645198345184326e-01,2.170396596193313599e-01
6.545782089233398438e-01,7.460817229002714157e-03,8.729742467403411865e-02,1.311568822711706161e-02,1.017536446452140808e-01,1.357941776514053345e-01
6.007616519927978516e-01,9.242969565093517303e-03,2.036126106977462769e-01,1.887526921927928925e-02,1.035582721233367920e-01,6.394920498132705688e-02
5.329967141151428223e-01,7.426086813211441040e-03,2.910473048686981201e-01,1.859566941857337952e-02,1.109412908554077148e-01,3.899294883012771606e-02
5.567808151245117188e-01,1.124501321464776993e-02,1.686441004276275635e-01,1.540905050933361053e-02,1.707560420036315918e-01,7.716494798660278320e-02
5.104842185974121094e-01,8.555183187127113342e-03,8.697965741157531738e-02,1.103201229125261307e-02,2.220525890588760376e-01,1.608964055776596069e-01
5.544615387916564941e-01,7.844577543437480927e-03,2.753716334700584412e-02,5.143397953361272812e-03,1.950790137052536011e-01,2.099343091249465942e-01
5.890938639640808105e-01,1.525720767676830292e-02,3.467391058802604675e-02,4.610484000295400620e-03,2.248868495225906372e-01,1.314776986837387085e-01
6.946775317192077637e-01,1.605961844325065613e-02,6.311248987913131714e-02,6.775050889700651169e-03,1.245292201638221741e-01,9.484599530696868896e-02
7.359043359756469727e-01,2.136940322816371918e-02,1.495677679777145386e-01,9.028792381286621094e-03,5.818318575620651245e-02,2.594649232923984528e-02
7.332799434661865234e-01,1.216152962297201157e-02,1.310416013002395630e-01,1.865420676767826080e-02,4.682530090212821960e-02,5.803751200437545776e-02
6.356605887413024902e-01,5.076560191810131073e-03,1.272562444210052490e-01,1.981416530907154083e-02,8.467500656843185425e-02,1.275174170732498169e-01
5.683467984199523926e-01,3.503610612824559212e-03,7.852426171302795410e-02,1.900718547403812408e-02,1.136795729398727417e-01,2.169385701417922974e-01
5.184973478317260742e-01,3.382384777069091797e-03,4.134357348084449768e-02,1.141832582652568817e-02,1.628350913524627686e-01,2.625232934951782227e-01
4.611942172050476074e-01,3.383292350918054581e-03,3.842651844024658203e-02,7.422296795994043350e-03,2.349260151386260986e-01,2.546476721763610840e-01
5.103014111518859863e-01,4.386078100651502609e-03,3.319391980767250061e-02,3.207161324098706245e-03,3.010494410991668701e-01,1.478620320558547974e-01
5.871409773826599121e-01,4.176540300250053406e-03,4.310802370309829712e-02,5.753158591687679291e-03,1.934087872505187988e-01,1.664125174283981323e-01
4.851971268653869629e-01,3.148818155750632286e-03,2.973256446421146393e-02,3.150455188006162643e-03,3.362836241722106934e-01,1.424874216318130493e-01
5.526660680770874023e-01,4.919865168631076813e-03,9.560235589742660522e-02,1.259271800518035889e-02,2.153601944446563721e-01,1.188587322831153870e-01
4.741758108139038086e-01,4.819225519895553589e-03,7.035891711711883545e-02,9.559194557368755341e-03,2.868921160697937012e-01,1.541947275400161743e-01
5.722057819366455078e-01,1.054876670241355896e-02,1.014370843768119812e-01,1.731704361736774445e-02,1.722985506057739258e-01,1.261928826570510864e-01
5.121113657951354980e-01,1.272375043481588364e-02,9.518529474735260010e-02,1.313085760921239853e-02,2.004965245723724365e-01,1.663522124290466309e-01
5.428925752639770508e-01,1.305713877081871033e-02,7.364360243082046509e-02,7.134840358048677444e-03,2.020140737295150757e-01,1.612577438354492188e-01
5.826346874237060547e-01,1.274964492768049240e-02,9.878601878881454468e-02,8.575526997447013855e-03,1.932778656482696533e-01,1.039762943983078003e-01
5.626558661460876465e-01,7.088319398462772369e-03,9.678906202316284180e-02,8.415412157773971558e-03,1.885220110416412354e-01,1.365294009447097778e-01
5.777153372764587402e-01,4.996553994715213776e-03,7.880452275276184082e-02,1.031889114528894424e-02,1.593691110610961914e-01,1.687955558300018311e-01
6.041830778121948242e-01,3.415672807022929192e-03,4.373347759246826172e-02,1.128703262656927109e-02,9.509170800447463989e-02,2.422889918088912964e-01
6.060070395469665527e-01,3.447174327448010445e-03,7.315244525671005249e-02,1.303843967616558075e-02,1.305808871984481812e-01,1.737740039825439453e-01
6.240984797477722168e-01,3.034002147614955902e-03,1.171587333083152771e-01,1.861629448831081390e-02,1.121997758746147156e-01,1.248926818370819092e-01
5.968522429466247559e-01,4.303908441215753555e-03,1.662046462297439575e-01,1.709859445691108704e-02,1.403181552886962891e-01,7.522255182266235352e-02
4.695544838905334473e-01,7.018551230430603027e-03,2.237029671669006348e-01,9.486305527389049530e-03,2.495042830705642700e-01,4.073347523808479309e-02
5.425723195075988770e-01,4.521566908806562424e-03,1.523115336894989014e-01,1.133673265576362610e-02,2.192750722169876099e-01,6.998281925916671753e-02
5.980979204177856445e-01,4.218985792249441147e-03,9.993370622396469116e-02,1.569489017128944397e-02,1.549340784549713135e-01,1.271204799413681030e-01
6.674454808235168457e-01,3.854384878650307655e-03,7.861772924661636353e-02,1.964391581714153290e-02,1.076520979404449463e-01,1.227864250540733337e-01
6.007566452026367188e-01,2.226263983175158501e-03,4.837971925735473633e-02,2.113733626902103424e-02,8.562774956226348877e-02,2.418722063302993774e-01
5.808716416358947754e-01,2.489063190296292305e-03,5.470965057611465454e-02,1.741202361881732941e-02,1.056333184242248535e-01,2.388842254877090454e-01
5.274140834808349609e-01,3.647652221843600273e-03,6.396144628524780273e-02,1.029432378709316254e-02,2.494860738515853882e-01,1.451964378356933594e-01
5.837215185165405273e-01,6.791245192289352417e-03,7.772108912467956543e-02,1.226933673024177551e-02,1.718585789203643799e-01,1.476383060216903687e-01
5.207624435424804688e-01,8.819472044706344604e-03,1.955224424600601196e-01,1.746991835534572601e-02,1.804059296846389771e-01,7.701979577541351318e-02
4.557937085628509521e-01,9.957747533917427063e-03,2.940902411937713623e-01,9.240726009011268616e-03,2.124467194080352783e-01,1.847082749009132385e-02
5.203719735145568848e-01,1.261701434850692749e-02,2.524123191833496094e-01,1.138266734778881073e-02,1.749357581138610840e-01,2.828035689890384674e-02
5.319275259971618652e-01,7.460863329470157623e-03,1.925807148218154907e-01,7.424139417707920074e-03,2.264368087053298950e-01,3.416991233825683594e-02
4.721326828002929688e-01,7.699592038989067078e-03,2.088594734668731689e-01,4.802395123988389969e-03,2.796685993671417236e-01,2.683738805353641510e-02
5.536351799964904785e-01,7.413799874484539032e-03,1.334698796272277832e-01,5.048971623182296753e-03,2.615974247455596924e-01,3.883477300405502319e-02
5.438470840454101562e-01,6.358162034302949905e-03,1.458035558462142944e-01,7.129480596631765366e-03,2.398445308208465576e-01,5.701723322272300720e-02
5.820722579956054688e-01,9.205360896885395050e-03,1.358915269374847412e-01,7.188705261796712875e-03,2.077255398035049438e-01,5.791658908128738403e-02
5.667923688888549805e-01,8.163670077919960022e-03,1.844784021377563477e-01,1.263808459043502808e-02,1.417872458696365356e-01,8.614028990268707275e-02
6.897426843643188477e-01,8.545759133994579315e-03,7.282758504152297974e-02,7.139772176742553711e-03,1.288221031427383423e-01,9.292205423116683960e-02
6.352396607398986816e-01,8.047952316701412201e-03,5.942990630865097046e-02,6.212324835360050201e-03,2.027232050895690918e-01,8.834692090749740601e-02
6.332926154136657715e-01,1.314328052103519440e-02,7.322228699922561646e-02,5.913523025810718536e-03,2.131503671407699585e-01,6.127787008881568909e-02
6.482427716255187988e-01,1.127061620354652405e-02,1.087717339396476746e-01,1.782054826617240906e-02,1.355211883783340454e-01,7.837320119142532349e-02
6.759710907936096191e-01,1.339372713118791580e-02,9.863559901714324951e-02,1.540562137961387634e-02,1.074066832661628723e-01,8.918734639883041382e-02
6.583364009857177734e-01,9.299471974372863770e-03,9.764883667230606079e-02,2.638763189315795898e-02,5.993569269776344299e-02,1.483919471502304077e-01
6.304391026496887207e-01,4.780423361808061600e-03,4.089698940515518188e-02,1.419884059578180313e-02,5.969802290201187134e-02,2.499866634607315063e-01
6.385563015937805176e-01,4.497914575040340424e-03,3.781813755631446838e-02,6.900035776197910309e-03,1.172873005270957947e-01,1.949402689933776855e-01
5.385740995407104492e-01,4.123442340642213821e-03,3.657917305827140808e-02,5.313125438988208771e-03,1.741708070039749146e-01,2.412394136190414429e-01
5.389282107353210449e-01,3.933842293918132782e-03,4.558195918798446655e-02,5.824980791658163071e-03,2.236157655715942383e-01,1.821152269840240479e-01
6.068799495697021484e-01,5.181383341550827026e-03,6.877681612968444824e-02,7.459096610546112061e-03,1.824673712253570557e-01,1.292353719472885132e-01
5.984972119331359863e-01,4.064263310283422470e-03,6.059885397553443909e-02,1.656027324497699738e-02,1.009753420948982239e-01,2.193040847778320312e-01
6.560786962509155273e-01,5.667530465871095657e-03,5.955453589558601379e-02,1.963254995644092560e-02,9.138276427984237671e-02,1.676839441061019897e-01
6.379865407943725586e-01,6.455505732446908951e-03,9.731549024581909180e-02,1.435348205268383026e-02,1.233831942081451416e-01,1.205057650804519653e-01
5.416556596755981445e-01,1.600681059062480927e-02,1.286835670471191406e-01,9.347426705062389374e-03,2.347056269645690918e-01,6.960103660821914673e-02
5.900048613548278809e-01,1.474553905427455902e-02,1.491044163703918457e-01,7.349601481109857559e-03,2.038396000862121582e-01,3.495592996478080750e-02
5.856510400772094727e-01,1.353892311453819275e-02,1.599905639886856079e-01,1.406645961105823517e-02,1.818954646587371826e-01,4.485755041241645813e-02
6.352142691612243652e-01,1.496963016688823700e-02,1.656039059162139893e-01,2.169784158468246460e-02,1.040338724851608276e-01,5.848044902086257935e-02
6.388401985168457031e-01,6.912708748131990433e-03,1.085251048207283020e-01,3.814518079161643982e-02,6.548564136028289795e-02,1.420911252498626709e-01
5.844956040382385254e-01,6.582640577107667923e-03,7.262019813060760498e-02,1.468234509229660034e-02,1.326084882020950317e-01,1.890107691287994385e-01
5.718809366226196289e-01,5.975534208118915558e-03,8.867581188678741455e-02,1.268324442207813263e-02,1.506605595350265503e-01,1.701239198446273804e-01
4.902924597263336182e-01,8.116660639643669128e-03,8.577305078506469727e-02,9.367261081933975220e-03,2.303876876831054688e-01,1.760628521442413330e-01
4.456215500831604004e-01,5.772099830210208893e-03,8.890644460916519165e-02,4.707116633653640747e-03,3.512466847896575928e-01,1.037462651729583740e-01
4.711821377277374268e-01,9.821149520576000214e-03,1.338455080986022949e-01,6.304689217358827591e-03,3.052786886692047119e-01,7.356788963079452515e-02
6.567863821983337402e-01,9.712214581668376923e-03,7.058351486921310425e-02,6.448137108236551285e-03,1.843476891517639160e-01,7.212198525667190552e-02
6.051781773567199707e-01,1.334020867943763733e-02,1.339600533246994019e-01,7.464441005140542984e-03,2.049135416746139526e-01,3.514360263943672180e-02
6.828579306602478027e-01,1.086819451302289963e-02,9.523232281208038330e-02,6.975636351853609085e-03,1.596670448780059814e-01,4.439880698919296265e-02
6.254262924194335938e-01,1.435957755893468857e-02,8.904574066400527954e-02,1.191942580044269562e-02,1.637817472219467163e-01,9.546719491481781006e-02
5.648023486137390137e-01,9.298545308411121368e-03,9.608401358127593994e-02,1.089291460812091827e-02,1.709203124046325684e-01,1.480018645524978638e-01
5.030953288078308105e-01,7.370811887085437775e-03,8.917358517646789551e-02,1.027969270944595337e-02,2.137029767036437988e-01,1.763776391744613647e-01
4.677350223064422607e-01,4.686870146542787552e-03,5.019794404506683350e-02,8.514704182744026184e-03,1.051224395632743835e-01,3.637429475784301758e-01
4.722788333892822266e-01,8.995437063276767731e-03,1.209940984845161438e-01,8.613115176558494568e-03,1.811721175909042358e-01,2.079464048147201538e-01
5.000562071800231934e-01,1.039476413279771805e-02,9.864145517349243164e-02,6.712368689477443695e-03,1.758465468883514404e-01,2.083486616611480713e-01
5.749630928039550781e-01,1.176902279257774353e-02,9.334003180265426636e-02,9.757282212376594543e-03,1.160639077425003052e-01,1.941067278385162354e-01
5.909013152122497559e-01,1.605150476098060608e-02,1.236552670598030090e-01,8.139031007885932922e-03,1.484218984842300415e-01,1.128309890627861023e-01
6.523662805557250977e-01,2.192285843193531036e-02,9.021072834730148315e-02,1.226408034563064575e-02,1.289064586162567139e-01,9.432953596115112305e-02
6.779193282127380371e-01,1.619490608572959900e-02,8.906745910644531250e-02,2.136516943573951721e-02,6.431113928556442261e-02,1.311419606208801270e-01
6.665781736373901367e-01,1.268318668007850647e-02,1.054703667759895325e-01,2.882768027484416962e-02,6.375240534543991089e-02,1.226882487535476685e-01
5.909889936447143555e-01,1.602556556463241577e-02,2.290309369564056396e-01,4.295075312256813049e-02,4.978243634104728699e-02,7.122133672237396240e-02
5.185342431068420410e-01,1.804454997181892395e-02,2.987375557422637939e-01,2.463047206401824951e-02,9.525615721940994263e-02,4.479718953371047974e-02
3.996845781803131104e-01,1.080063637346029282e-02,4.674789607524871826e-01,3.791986033320426941e-02,5.933174118399620056e-02,2.478426136076450348e-02
3.859148323535919189e-01,1.700543425977230072e-02,4.933363199234008789e-01,3.733928129076957703e-02,5.476583167910575867e-02,1.163830794394016266e-02
5.251035094261169434e-01,1.786834374070167542e-02,2.703549861907958984e-01,1.700139977037906647e-02,1.439932882785797119e-01,2.567845955491065979e-02
5.369331836700439453e-01,2.007536403834819794e-02,2.677240073680877686e-01,1.981007307767868042e-02,1.304199993610382080e-01,2.503737248480319977e-02
6.559566259384155273e-01,1.556218042969703674e-02,2.082154154777526855e-01,3.429928421974182129e-02,5.219651013612747192e-02,3.376990556716918945e-02
7.062476277351379395e-01,1.836525835096836090e-02,1.542562246322631836e-01,2.587701566517353058e-02,6.614563614130020142e-02,2.910825610160827637e-02
6.866229772567749023e-01,1.209387369453907013e-02,1.692842990159988403e-01,7.266713678836822510e-02,2.429821342229843140e-02,3.503356873989105225e-02
7.097951173782348633e-01,8.631313219666481018e-03,1.592577844858169556e-01,6.260103732347488403e-02,2.177059836685657501e-02,3.794416412711143494e-02
7.217524051666259766e-01,1.305789127945899963e-02,1.520236581563949585e-01,2.725093811750411987e-02,4.711278155446052551e-02,3.880224749445915222e-02
6.403222084045410156e-01,8.345655165612697601e-03,1.846492588520050049e-01,2.324688248336315155e-02,8.195035159587860107e-02,6.148573011159896851e-02
6.799889206886291504e-01,8.359214290976524353e-03,1.531748920679092407e-01,2.705446630716323853e-02,7.442081719636917114e-02,5.700167641043663025e-02
6.219854950904846191e-01,5.998399108648300171e-03,1.136880889534950256e-01,1.770519465208053589e-02,1.449482589960098267e-01,9.567458182573318481e-02
5.609198808670043945e-01,5.295600742101669312e-03,1.653722971677780151e-01,5.641499906778335571e-02,9.105452895164489746e-02,1.209427565336227417e-01
4.487071037292480469e-01,7.455560844391584396e-03,3.188094496726989746e-01,1.322879940271377563e-01,4.185964539647102356e-02,5.088026821613311768e-02
3.468503057956695557e-01,7.870491594076156616e-03,4.788430929183959961e-01,8.896113187074661255e-02,4.812419414520263672e-02,2.935079298913478851e-02
3.806765079498291016e-01,1.078724674880504608e-02,4.604535996913909912e-01,4.473222419619560242e-02,8.167222142219543457e-02,2.167815528810024261e-02
3.872721791267395020e-01,8.617437444627285004e-03,3.962357044219970703e-01,9.913998655974864960e-03,1.759931594133377075e-01,2.196751162409782410e-02
4.582827985286712646e-01,6.958188954740762711e-03,2.383389174938201904e-01,4.941721446812152863e-03,2.662267386913299561e-01,2.525161765515804291e-02
4.604872465133666992e-01,7.405295968055725098e-03,1.869291365146636963e-01,2.772786188870668411e-03,3.164252340793609619e-01,2.598030120134353638e-02
5.317608714103698730e-01,6.663042586296796799e-03,1.322204023599624634e-01,3.145972965285181999e-03,2.838218808174133301e-01,4.238786548376083374e-02
5.709655880928039551e-01,7.169893942773342133e-03,1.145137101411819458e-01,5.073420237749814987e-03,2.135297209024429321e-01,8.874756097793579102e-02
5.928893685340881348e-01,6.233374588191509247e-03,8.300409466028213501e-02,7.276361808180809021e-03,1.593721508979797363e-01,1.512246727943420410e-01
6.078774333000183105e-01,7.124011870473623276e-03,1.009331047534942627e-01,1.036811433732509613e-02,1.476788222789764404e-01,1.260185390710830688e-01
6.516951918601989746e-01,8.165373466908931732e-03,1.058902293443679810e-01,1.423559337854385376e-02,1.067700088024139404e-01,1.132435873150825500e-01
6.089824438095092773e-01,1.145363412797451019e-02,2.230219542980194092e-01,1.938395388424396515e-02,9.370540827512741089e-02,4.345270991325378418e-02
6.379931569099426270e-01,2.017407491803169250e-02,2.120247483253479004e-01,2.620797976851463318e-02,7.403839379549026489e-02,2.956162951886653900e-02
6.696359515190124512e-01,1.541919540613889694e-02,1.133037731051445007e-01,1.567646116018295288e-02,1.218649670481681824e-01,6.409957259893417358e-02
6.859003305435180664e-01,1.108131464570760727e-02,1.241189911961555481e-01,1.378086768090724945e-02,9.862150251865386963e-02,6.649691611528396606e-02
6.260206699371337891e-01,1.173900160938501358e-02,8.190753310918807983e-02,1.032969541847705841e-02,1.276335567235946655e-01,1.423695236444473267e-01
5.594466328620910645e-01,7.395813241600990295e-03,6.449940055608749390e-02,9.784908965229988098e-03,1.019457206130027771e-01,2.569274306297302246e-01
5.687781572341918945e-01,5.376672372221946716e-03,4.122703149914741516e-02,1.255212444812059402e-02,4.323199763894081116e-02,3.288338780403137207e-01
4.800498485565185547e-01,6.926813162863254547e-03,5.410773307085037231e-02,2.471376955509185791e-02,2.745050191879272461e-02,4.067513942718505859e-01
4.968728423118591309e-01,1.437984313815832138e-02,1.185815408825874329e-01,2.948221191763877869e-02,5.132459849119186401e-02,2.893590331077575684e-01
5.139564871788024902e-01,1.550368685275316238e-02,2.466439902782440186e-01,6.895137578248977661e-02,4.000326991081237793e-02,1.149412170052528381e-01
4.707750678062438965e-01,2.153378538787364960e-02,3.386602401733398438e-01,6.882134079933166504e-02,2.933944389224052429e-02,7.087016105651855469e-02
6.098654866218566895e-01,1.300414837896823883e-02,1.993690282106399536e-01,2.323742769658565521e-02,9.490782022476196289e-02,5.961612239480018616e-02
6.559953689575195312e-01,1.110570505261421204e-02,1.165314018726348877e-01,1.217711158096790314e-02,1.544960886240005493e-01,4.969437792897224426e-02
7.014619112014770508e-01,8.193775080144405365e-03,7.380949705839157104e-02,6.403753068298101425e-03,1.599372178316116333e-01,5.019397288560867310e-02
6.661750674247741699e-01,1.378268375992774963e-02,8.059665560722351074e-02,4.650830756872892380e-03,1.911424547433853149e-01,4.365243762731552124e-02
6.740600466728210449e-01,1.446793507784605026e-02,1.094717979431152344e-01,1.276850979775190353e-02,9.779030829668045044e-02,9.144139289855957031e-02
6.783584952354431152e-01,9.427176788449287415e-03,8.714470267295837402e-02,1.585102826356887817e-02,8.136205375194549561e-02,1.278566420078277588e-01
5.182503461837768555e-01,8.176772855222225189e-03,6.577017158269882202e-02,1.673740521073341370e-02,7.630757987499237061e-02,3.147577941417694092e-01
5.840073227882385254e-01,5.027316045016050339e-03,4.715943709015846252e-02,1.188467163592576981e-02,8.635909110307693481e-02,2.655621469020843506e-01
5.983507037162780762e-01,3.918462898582220078e-03,4.702838137745857239e-02,8.646640926599502563e-03,1.356974244117736816e-01,2.063584029674530029e-01
6.784473061561584473e-01,5.476870108395814896e-03,5.516351759433746338e-02,1.785621792078018188e-02,6.638130545616149902e-02,1.766748279333114624e-01
7.250087857246398926e-01,6.045659072697162628e-03,6.852219998836517334e-02,1.543040294200181961e-02,7.331917434930801392e-02,1.116738766431808472e-01
7.389971613883972168e-01,6.161346565932035446e-03,7.816363871097564697e-02,2.271937206387519836e-02,3.419032320380210876e-02,1.197681948542594910e-01
6.782612800598144531e-01,9.705845266580581665e-03,9.173916280269622803e-02,2.949620410799980164e-02,2.981545962393283844e-02,1.609820276498794556e-01
6.028547883033752441e-01,7.132486440241336823e-03,5.002658069133758545e-02,1.939740031957626343e-02,3.825857862830162048e-02,2.823302149772644043e-01
5.093839764595031738e-01,5.656446795910596848e-03,3.568350523710250854e-02,1.568043604493141174e-02,6.744351983070373535e-02,3.661520481109619141e-01
4.893189370632171631e-01,6.068279966711997986e-03,3.732712939381599426e-02,3.778190538287162781e-02,2.681788615882396698e-02,4.026857912540435791e-01
6.317250728607177734e-01,6.955486256629228592e-03,6.313694268465042114e-02,6.028907001018524170e-02,2.698229067027568817e-02,2.109110653400421143e-01
7.433376312255859375e-01,8.177096024155616760e-03,5.668962001800537109e-02,2.798948623239994049e-02,4.778431355953216553e-02,1.160217821598052979e-01
7.257866859436035156e-01,1.073603052645921707e-02,8.614831417798995972e-02,1.429255772382020950e-02,1.061623170971870422e-01,5.687402188777923584e-02
5.899791717529296875e-01,1.003746781498193741e-02,6.541327387094497681e-02,4.604048095643520355e-03,2.619031667709350586e-01,6.806284189224243164e-02
5.596491098403930664e-01,8.988638408482074738e-03,6.207568943500518799e-02,4.044127650558948517e-03,3.093363940715789795e-01,5.590593814849853516e-02
5.613068938255310059e-01,7.109103258699178696e-03,3.832612186670303345e-02,5.437304731458425522e-03,2.734035849571228027e-01,1.144170612096786499e-01
5.858271121978759766e-01,4.555432591587305069e-03,3.043999709188938141e-02,6.143860518932342529e-03,2.238192260265350342e-01,1.492143571376800537e-01
6.367171406745910645e-01,5.955323576927185059e-03,2.893197350203990936e-02,4.795822314918041229e-03,1.587931066751480103e-01,1.648066639900207520e-01
5.489166975021362305e-01,4.916737787425518036e-03,2.164829894900321960e-02,5.442244000732898712e-03,1.124108880758285522e-01,3.066650927066802979e-01
5.844691991806030273e-01,6.082814652472734451e-03,4.296614974737167358e-02,8.667208254337310791e-03,1.676538139581680298e-01,1.901608556509017944e-01
6.851806044578552246e-01,8.195033296942710876e-03,5.109566450119018555e-02,2.012370154261589050e-02,7.668277621269226074e-02,1.587221920490264893e-01
6.989981532096862793e-01,7.869862020015716553e-03,7.407236844301223755e-02,1.874217577278614044e-02,9.447922557592391968e-02,1.058383211493492126e-01
6.725663542747497559e-01,6.823021452873945236e-03,1.072302460670471191e-01,7.962931692600250244e-02,3.254091367125511169e-02,1.012102141976356506e-01
7.108111381530761719e-01,5.678164772689342499e-03,8.591708540916442871e-02,2.556330338120460510e-02,8.425443619489669800e-02,8.777586370706558228e-02
6.914938092231750488e-01,6.041597109287977219e-03,9.990836679935455322e-02,3.436589613556861877e-02,6.912735849618911743e-02,9.906310588121414185e-02
6.542148590087890625e-01,1.046143937855958939e-02,1.502463668584823608e-01,2.496062777936458588e-02,9.251472353935241699e-02,6.760201603174209595e-02
7.312236428260803223e-01,1.181498728692531586e-02,8.833458274602890015e-02,9.811147116124629974e-03,1.025366783142089844e-01,5.627889931201934814e-02
6.825111508369445801e-01,1.513387728482484818e-02,5.116462707519531250e-02,5.385785363614559174e-03,1.218428835272789001e-01,1.239616200327873230e-01
6.081178188323974609e-01,8.850804530084133148e-03,2.906168252229690552e-02,6.869502831250429153e-03,1.097563207149505615e-01,2.373438328504562378e-01
6.206141114234924316e-01,8.393713273108005524e-03,3.616531565785408020e-02,7.608579471707344055e-03,1.011665314435958862e-01,2.260517627000808716e-01
6.185168623924255371e-01,5.840483587235212326e-03,3.838685899972915649e-02,6.606632843613624573e-03,1.370124071836471558e-01,1.936367303133010864e-01
6.536259651184082031e-01,7.213298231363296509e-03,4.370914027094841003e-02,4.441185854375362396e-03,1.989436149597167969e-01,9.206688404083251953e-02
6.419900655746459961e-01,1.539798453450202942e-02,5.766309797763824463e-02,4.654473625123500824e-03,2.216264158487319946e-01,5.866799503564834595e-02
6.783792972564697266e-01,1.228763349354267120e-02,6.926985830068588257e-02,4.562248010188341141e-03,1.707229614257812500e-01,6.477800011634826660e-02
6.243776679039001465e-01,1.646281592547893524e-02,8.655437082052230835e-02,4.780093207955360413e-03,1.934870630502700806e-01,7.433798909187316895e-02
6.128571629524230957e-01,2.085934951901435852e-02,1.195570901036262512e-01,7.268782239407300949e-03,1.401222348213195801e-01,9.933536499738693237e-02
5.872560739517211914e-01,1.720458455383777618e-02,1.085623577237129211e-01,6.085956469178199768e-03,1.629108935594558716e-01,1.179802864789962769e-01
5.757912993431091309e-01,2.538662217557430267e-02,1.121474057435989380e-01,5.202996544539928436e-03,1.923702359199523926e-01,8.910139650106430054e-02
5.596598386764526367e-01,2.533034235239028931e-02,8.613126724958419800e-02,3.748868592083454132e-03,2.553265094757080078e-01,6.980325281620025635e-02
5.415566563606262207e-01,3.286768868565559387e-02,7.661776244640350342e-02,6.671616807579994202e-03,2.266028672456741333e-01,1.156833991408348083e-01
5.612086057662963867e-01,2.072101086378097534e-02,1.096609160304069519e-01,1.324322260916233063e-02,1.681279987096786499e-01,1.270383298397064209e-01
5.984769463539123535e-01,3.364099562168121338e-02,1.963864415884017944e-01,3.071464784443378448e-02,6.985232979059219360e-02,7.092863321304321289e-02
4.564728140830993652e-01,2.185024321079254150e-02,3.730739355087280273e-01,6.308102607727050781e-02,4.732943326234817505e-02,3.819262608885765076e-02
4.950117766857147217e-01,1.814044639468193054e-02,3.265607953071594238e-01,5.942152440547943115e-02,4.561225324869155884e-02,5.525318533182144165e-02
5.375689268112182617e-01,1.496810000389814377e-02,2.510765194892883301e-01,3.080878779292106628e-02,1.144983619451522827e-01,5.107929557561874390e-02
5.726251602172851562e-01,8.675319142639636993e-03,2.079301029443740845e-01,3.007250651717185974e-02,1.120240613818168640e-01,6.867285817861557007e-02
5.448961853981018066e-01,9.748802520334720612e-03,1.460234224796295166e-01,1.444866321980953217e-02,1.777169853448867798e-01,1.071659326553344727e-01
5.511508584022521973e-01,7.343104574829339981e-03,1.382767856121063232e-01,7.558514829725027084e-03,2.149818241596221924e-01,8.068886399269104004e-02
5.160941481590270996e-01,1.208493392914533615e-02,1.729360371828079224e-01,1.147320494055747986e-02,2.186849564313888550e-01,6.872673332691192627e-02
5.239653587341308594e-01,1.824610680341720581e-02,1.511811316013336182e-01,9.573915973305702209e-03,2.417607009410858154e-01,5.527286976575851440e-02
4.481858313083648682e-01,2.439135313034057617e-02,2.949920892715454102e-01,1.900750398635864258e-02,1.742346435785293579e-01,3.918867930769920349e-02
4.837243258953094482e-01,1.954488269984722137e-02,3.476107120513916016e-01,3.531007841229438782e-02,7.925567030906677246e-02,3.455429896712303162e-02
5.162237882614135742e-01,1.423048879951238632e-02,2.575121521949768066e-01,2.523071318864822388e-02,1.256226748228073120e-01,6.118017807602882385e-02
5.313652753829956055e-01,9.960977360606193542e-03,1.285269558429718018e-01,2.820839174091815948e-02,1.173993572592735291e-01,1.845390349626541138e-01
4.798623323440551758e-01,8.635417558252811432e-03,4.477814957499504089e-02,3.756289603188633919e-03,3.528571426868438721e-01,1.101106479763984680e-01
5.019078254699707031e-01,1.003381609916687012e-02,4.965841770172119141e-02,5.002827849239110947e-03,3.214579522609710693e-01,1.119391471147537231e-01
5.462791919708251953e-01,1.579651795327663422e-02,1.352934986352920532e-01,1.270300056785345078e-02,2.246238142251968384e-01,6.530398875474929810e-02
5.518839955329895020e-01,2.209911309182643890e-02,1.997818648815155029e-01,1.732200011610984802e-02,1.516225934028625488e-01,5.729049071669578552e-02
6.371536254882812500e-01,8.783818222582340240e-03,1.404467374086380005e-01,2.396520227193832397e-02,9.635289013385772705e-02,9.329765290021896362e-02
6.333127021789550781e-01,6.217987276613712311e-03,7.370945811271667480e-02,3.066068142652511597e-02,3.436241298913955688e-02,2.217367291450500488e-01
5.833452343940734863e-01,5.853943526744842529e-03,7.815716415643692017e-02,1.946903578937053680e-02,5.634925141930580139e-02,2.568253874778747559e-01
6.064788103103637695e-01,9.003303013741970062e-03,7.903757691383361816e-02,1.560818310827016830e-02,8.268056809902191162e-02,2.071915417909622192e-01
5.477265715599060059e-01,8.643812499940395355e-03,1.182155981659889221e-01,1.844104193150997162e-02,9.879050403833389282e-02,2.081824839115142822e-01
5.425093770027160645e-01,1.216348912566900253e-02,1.801389902830123901e-01,1.235992647707462311e-02,1.447249054908752441e-01,1.081033423542976379e-01
5.195612311363220215e-01,1.427033357322216034e-02,1.619870215654373169e-01,7.361576426774263382e-03,2.115305513143539429e-01,8.528932183980941772e-02
6.204190850257873535e-01,7.581764366477727890e-03,6.772898882627487183e-02,9.413812309503555298e-03,1.418676376342773438e-01,1.529887765645980835e-01
6.379238367080688477e-01,1.315012015402317047e-02,1.259616464376449585e-01,2.538536116480827332e-02,1.044301539659500122e-01,9.314882010221481323e-02
6.598697900772094727e-01,9.659993462264537811e-03,1.006696671247482300e-01,2.898195758461952209e-02,1.125435903668403625e-01,8.827490359544754028e-02
6.370016336441040039e-01,1.206911355257034302e-02,8.186593651771545410e-02,3.061881102621555328e-02,1.482247114181518555e-01,9.021981060504913330e-02
6.068977713584899902e-01,7.907708175480365753e-03,7.451375573873519897e-02,3.423270583152770996e-02,1.267782300710678101e-01,1.496698409318923950e-01
6.003989577293395996e-01,1.246727257966995239e-02,8.629279583692550659e-02,1.818403601646423340e-02,1.806029975414276123e-01,1.020539924502372742e-01
6.387302875518798828e-01,1.008304767310619354e-02,1.312532871961593628e-01,3.154163807630538940e-02,9.579592943191528320e-02,9.259591996669769287e-02
6.335838437080383301e-01,1.587131060659885406e-02,2.001553475856781006e-01,4.548205435276031494e-02,4.300402849912643433e-02,6.190349534153938293e-02
6.276132464408874512e-01,1.535441167652606964e-02,1.958581656217575073e-01,2.164395339787006378e-02,6.735137104988098145e-02,7.217884063720703125e-02
6.986429095268249512e-01,1.137884333729743958e-02,8.791495114564895630e-02,7.990403100848197937e-03,1.199113801121711731e-01,7.416153699159622192e-02
6.033156514167785645e-01,7.004132494330406189e-03,4.880534112453460693e-02,4.876330494880676270e-03,1.821719855070114136e-01,1.538265496492385864e-01
5.753291249275207520e-01,3.384445561096072197e-03,2.880887873470783234e-02,3.162157488986849785e-03,2.441162019968032837e-01,1.451991647481918335e-01
5.766502022743225098e-01,2.982279751449823380e-03,2.724954858422279358e-02,5.135111976414918900e-03,2.103950381278991699e-01,1.775877624750137329e-01
6.196494102478027344e-01,2.460199175402522087e-03,2.997932024300098419e-02,8.502067066729068756e-03,1.039915084838867188e-01,2.354175001382827759e-01
5.763887763023376465e-01,4.984718747437000275e-03,5.496274679899215698e-02,9.660807438194751740e-03,1.391919553279876709e-01,2.148110121488571167e-01
5.889823436737060547e-01,8.414507843554019928e-03,6.429926306009292603e-02,1.410152390599250793e-02,1.211684569716453552e-01,2.030339688062667847e-01
5.601956248283386230e-01,1.371968537569046021e-02,9.479263424873352051e-02,1.079880911856889725e-02,1.329365521669387817e-01,1.875567436218261719e-01
5.425365567207336426e-01,2.223394252359867096e-02,1.408388316631317139e-01,8.328089490532875061e-03,1.732785254716873169e-01,1.127841100096702576e-01
5.287485122680664062e-01,2.377330325543880463e-02,2.243092358112335205e-01,9.107034653425216675e-03,1.495901793241500854e-01,6.447176635265350342e-02
5.955395698547363281e-01,1.886609755456447601e-02,1.858032196760177612e-01,8.546914905309677124e-03,1.390367746353149414e-01,5.220742151141166687e-02
6.820200085639953613e-01,1.871192641556262970e-02,1.498577445745468140e-01,1.198414620012044907e-02,7.344605773687362671e-02,6.398012489080429077e-02
6.842195391654968262e-01,1.811599545180797577e-02,1.299387365579605103e-01,8.269571699202060699e-03,1.125766858458518982e-01,4.687954485416412354e-02
7.124077677726745605e-01,1.255148835480213165e-02,1.130905821919441223e-01,1.344884000718593597e-02,1.024990901350975037e-01,4.600216075778007507e-02
6.718875169754028320e-01,1.495393272489309311e-02,1.757111996412277222e-01,1.058673765510320663e-02,9.939499944448471069e-02,2.746565639972686768e-02
6.463852524757385254e-01,1.849549077451229095e-02,1.905196607112884521e-01,1.442685816437005997e-02,1.030110120773315430e-01,2.716180123388767242e-02
6.112861037254333496e-01,1.579703390598297119e-02,1.624549180269241333e-01,1.155690755695104599e-02,1.654328703880310059e-01,3.347218036651611328e-02
5.751386880874633789e-01,1.605935953557491302e-02,1.026885211467742920e-01,7.675301283597946167e-03,2.514645159244537354e-01,4.697351530194282532e-02
4.910686910152435303e-01,1.508680824190378189e-02,4.999160394072532654e-02,4.076168406754732132e-03,3.790227472782135010e-01,6.075393408536911011e-02
3.822421431541442871e-01,1.364169083535671234e-02,3.953118994832038879e-02,3.043888602405786514e-03,4.904257655143737793e-01,7.111535221338272095e-02
3.774314522743225098e-01,1.774010621011257172e-02,5.042888596653938293e-02,2.071362920105457306e-03,5.143411159515380859e-01,3.798704966902732849e-02
4.374941885471343994e-01,2.011778950691223145e-02,7.973703742027282715e-02,2.341872546821832657e-03,4.227795898914337158e-01,3.752955794334411621e-02
4.107899367809295654e-01,1.685775630176067352e-02,1.160107254981994629e-01,2.064201980829238892e-03,4.345075488090515137e-01,1.976983249187469482e-02
3.934926688671112061e-01,1.665181666612625122e-02,6.757546961307525635e-02,1.260647783055901527e-03,5.036103725433349609e-01,1.740903034806251526e-02
3.864411413669586182e-01,1.113392971456050873e-02,1.051051244139671326e-01,1.735249999910593033e-03,4.789027571678161621e-01,1.668184064328670502e-02
4.970046877861022949e-01,1.065193582326173782e-02,1.120400503277778625e-01,5.364989396184682846e-03,3.327284157276153564e-01,4.220995679497718811e-02
4.691435098648071289e-01,9.467491880059242249e-03,1.301108300685882568e-01,8.317872881889343262e-03,3.231867849826812744e-01,5.977350845932960510e-02
5.892809629440307617e-01,7.553711999207735062e-03,1.299115568399429321e-01,2.408852241933345795e-02,1.425408869981765747e-01,1.066242903470993042e-01
6.024155616760253906e-01,6.356344092637300491e-03,1.067608147859573364e-01,2.378219366073608398e-02,9.797672927379608154e-02,1.627084314823150635e-01
5.406927466392517090e-01,3.416965249925851822e-03,2.823392860591411591e-02,1.109756622463464737e-02,1.085301116108894348e-01,3.080287277698516846e-01
5.633691549301147461e-01,4.258621018379926682e-03,2.660199254751205444e-02,3.623248543590307236e-03,2.164882570505142212e-01,1.856587678194046021e-01
4.758431315422058105e-01,4.449177533388137817e-03,2.939471416175365448e-02,2.311322139576077461e-03,3.195403516292572021e-01,1.684613525867462158e-01
5.478626489639282227e-01,4.983217921108007431e-03,5.859831348061561584e-02,5.844143684953451157e-03,2.438412755727767944e-01,1.388703733682632446e-01
6.251826882362365723e-01,5.367951933294534683e-03,1.005002409219741821e-01,8.560641668736934662e-03,1.847829818725585938e-01,7.560565322637557983e-02
7.106797695159912109e-01,4.141134209930896759e-03,5.867100134491920471e-02,1.352104078978300095e-02,8.155277371406555176e-02,1.314343959093093872e-01
6.494395732879638672e-01,6.946543231606483459e-03,7.542763650417327881e-02,1.172578614205121994e-02,1.254141926765441895e-01,1.310462653636932373e-01
6.274408698081970215e-01,7.495570462197065353e-03,6.190980598330497742e-02,8.471990935504436493e-03,1.578848809003829956e-01,1.367969661951065063e-01
4.961957633495330811e-01,5.937671754509210587e-03,2.759397588670253754e-02,6.272271275520324707e-03,1.431165188550949097e-01,3.208838701248168945e-01
5.474056601524353027e-01,8.979364298284053802e-03,3.612437099218368530e-02,6.959551479667425156e-03,1.074222847819328308e-01,2.931088209152221680e-01
4.669690132141113281e-01,7.742731831967830658e-03,6.007777526974678040e-02,1.118734851479530334e-02,7.597548514604568481e-02,3.780476450920104980e-01
5.402613878250122070e-01,6.920642685145139694e-03,7.331920415163040161e-02,1.228542532771825790e-02,6.922551989555358887e-02,2.979878187179565430e-01
6.178455352783203125e-01,8.471461012959480286e-03,1.039716377854347229e-01,8.081451058387756348e-03,1.186897978186607361e-01,1.429401636123657227e-01
5.598784685134887695e-01,9.332037530839443207e-03,9.025283902883529663e-02,5.624231416732072830e-03,1.877810209989547729e-01,1.471313834190368652e-01
4.629878401756286621e-01,5.314882844686508179e-03,5.669270828366279602e-02,3.344882512465119362e-03,3.135317862033843994e-01,1.581278592348098755e-01
5.185243487358093262e-01,8.588092401623725891e-03,5.155542492866516113e-02,5.294009111821651459e-03,2.663677632808685303e-01,1.496702730655670166e-01
5.451536774635314941e-01,4.976162221282720566e-03,4.893695563077926636e-02,6.965822074562311172e-03,1.736921817064285278e-01,2.202753275632858276e-01
5.138993859291076660e-01,5.453805439174175262e-03,1.252416074275970459e-01,1.393673755228519440e-02,1.776871383190155029e-01,1.637812107801437378e-01
6.394676566123962402e-01,6.602011620998382568e-03,1.772910505533218384e-01,1.523419190198183060e-02,9.632424265146255493e-02,6.508079171180725098e-02
6.359230875968933105e-01,4.303055349737405777e-03,1.828554421663284302e-01,1.586042903363704681e-02,8.068314194679260254e-02,8.037473261356353760e-02
4.634067118167877197e-01,7.490468677133321762e-03,4.098125398159027100e-01,1.919688843190670013e-02,7.508641481399536133e-02,2.500694058835506439e-02
5.000116825103759766e-01,1.169469673186540604e-02,3.311889171600341797e-01,1.993985101580619812e-02,1.071436181664466858e-01,3.002129308879375458e-02
5.769464969635009766e-01,1.551003288477659225e-02,2.155911922454833984e-01,2.148661762475967407e-02,1.279224008321762085e-01,4.254319891333580017e-02
5.290105342864990234e-01,1.297783851623535156e-02,1.732910126447677612e-01,1.239150855690240860e-02,2.168148010969161987e-01,5.551437288522720337e-02
4.265478849411010742e-01,1.053463295102119446e-02,7.911733537912368774e-02,3.994955681264400482e-03,4.348854124546051025e-01,4.491975158452987671e-02
4.226096272468566895e-01,1.111667882651090622e-02,7.470854371786117554e-02,3.312158631160855293e-03,4.439282119274139404e-01,4.432476311922073364e-02
4.363845586776733398e-01,7.209394592791795731e-03,5.820784345269203186e-02,2.900206483900547028e-03,4.439053535461425781e-01,5.139263346791267395e-02
4.573092758655548096e-01,1.058706082403659821e-02,9.416921436786651611e-02,4.842301364988088608e-03,3.928161263465881348e-01,4.027598723769187927e-02
5.684159398078918457e-01,1.013010833412408829e-02,1.202002242207527161e-01,8.145882748067378998e-03,2.217036783695220947e-01,7.140412181615829468e-02
6.273609995841979980e-01,7.601811550557613373e-03,8.313211798667907715e-02,6.630633026361465454e-03,1.680442392826080322e-01,1.072302907705307007e-01
6.993228197097778320e-01,7.010214962065219879e-03,1.254311501979827881e-01,1.009847875684499741e-02,8.397489041090011597e-02,7.416240125894546509e-02
7.244755029678344727e-01,7.872000336647033691e-03,1.357521265745162964e-01,1.465854886919260025e-02,5.626511573791503906e-02,6.097674742341041565e-02
7.372965216636657715e-01,5.265849642455577850e-03,1.080728843808174133e-01,2.752855047583580017e-02,2.379577420651912689e-02,9.804040193557739258e-02
7.361626625061035156e-01,9.416974149644374847e-03,9.143763780593872070e-02,2.724276110529899597e-02,3.159518167376518250e-02,1.041446998715400696e-01
7.453075647354125977e-01,6.276501808315515518e-03,7.204439491033554077e-02,2.120806649327278137e-02,4.566038027405738831e-02,1.095031797885894775e-01
7.138192653656005859e-01,7.616057991981506348e-03,6.087968870997428894e-02,1.242698077112436295e-02,6.770169734954833984e-02,1.375563442707061768e-01
7.441625595092773438e-01,5.755418445914983749e-03,6.576582789421081543e-02,1.430295407772064209e-02,4.679113999009132385e-02,1.232222095131874084e-01
6.870739459991455078e-01,4.203264135867357254e-03,1.000050455331802368e-01,2.048838138580322266e-02,3.937256708741188049e-02,1.488569080829620361e-01
6.730496287345886230e-01,3.131234087049961090e-03,8.761874586343765259e-02,3.487602993845939636e-02,2.163977175951004028e-02,1.796846091747283936e-01
6.413514614105224609e-01,4.269584082067012787e-03,8.301863074302673340e-02,2.443326637148857117e-02,4.011199995875358582e-02,2.068151384592056274e-01
7.061045169830322266e-01,6.682884879410266876e-03,9.459857642650604248e-02,1.341978460550308228e-02,6.707049906253814697e-02,1.121236681938171387e-01
6.671602129936218262e-01,5.328195635229349136e-03,6.188013777136802673e-02,9.486571885645389557e-03,1.041621342301368713e-01,1.519828289747238159e-01
6.183896660804748535e-01,6.264342926442623138e-03,5.587364360690116882e-02,4.629387054592370987e-03,1.568348556756973267e-01,1.580080687999725342e-01
6.358028054237365723e-01,7.865985855460166931e-03,8.017448335886001587e-02,5.305242724716663361e-03,1.641941666603088379e-01,1.066573262214660645e-01
6.256911754608154297e-01,9.250617586076259613e-03,9.885535389184951782e-02,5.626410711556673050e-03,1.740383803844451904e-01,8.653809130191802979e-02
6.294859647750854492e-01,1.180527638643980026e-02,9.101372212171554565e-02,5.887020844966173172e-03,1.743379831314086914e-01,8.747002482414245605e-02
6.537672281265258789e-01,1.432888209819793701e-02,9.062929451465606689e-02,6.201797164976596832e-03,1.816113889217376709e-01,5.346149951219558716e-02
6.044082641601562500e-01,9.690352715551853180e-03,1.901076138019561768e-01,1.912793144583702087e-02,1.020758897066116333e-01,7.458994537591934204e-02
6.025524139404296875e-01,1.297398842871189117e-02,2.497458308935165405e-01,4.055977240204811096e-02,3.861153125762939453e-02,5.555646494030952454e-02
5.985799431800842285e-01,1.042680256068706512e-02,1.800953745841979980e-01,5.393552407622337341e-02,3.065556287765502930e-02,1.263067722320556641e-01
5.942142605781555176e-01,1.160088926553726196e-02,2.231854349374771118e-01,5.063093081116676331e-02,2.646897733211517334e-02,9.389951080083847046e-02
6.545918583869934082e-01,1.296150870621204376e-02,8.376791328191757202e-02,2.692343480885028839e-02,3.718268126249313354e-02,1.845725923776626587e-01
6.616026759147644043e-01,5.735016427934169769e-03,5.376116186380386353e-02,2.705165185034275055e-02,3.314044326543807983e-02,2.187090069055557251e-01
6.460494995117187500e-01,7.473250851035118103e-03,6.791766732931137085e-02,1.527827233076095581e-02,9.447120130062103271e-02,1.688101142644882202e-01
6.963170170783996582e-01,9.577628225088119507e-03,9.419375658035278320e-02,2.128681540489196777e-02,7.265318930149078369e-02,1.059715002775192261e-01
6.653462052345275879e-01,5.365984514355659485e-03,1.088441535830497742e-01,1.481879875063896179e-02,9.618735313415527344e-02,1.094374731183052063e-01
4.717750251293182373e-01,1.491134986281394958e-02,3.230875134468078613e-01,1.122117973864078522e-02,1.484107226133346558e-01,3.059425577521324158e-02
4.118282496929168701e-01,1.504376903176307678e-02,4.227327406406402588e-01,1.624698936939239502e-02,1.038100048899650574e-01,3.033806569874286652e-02
4.335970580577850342e-01,1.367435231804847717e-02,4.309407770633697510e-01,1.346939709037542343e-02,8.729171752929687500e-02,2.102665603160858154e-02
5.091132521629333496e-01,1.628210954368114471e-02,3.312311470508575439e-01,1.561188139021396637e-02,1.008731052279472351e-01,2.688845247030258179e-02
5.459932088851928711e-01,1.266073808073997498e-02,2.056922316551208496e-01,1.576301455497741699e-02,1.846373379230499268e-01,3.525353223085403442e-02
6.132670044898986816e-01,1.149847917258739471e-02,1.722147017717361450e-01,1.944296248257160187e-02,1.445761024951934814e-01,3.900059312582015991e-02
5.046733617782592773e-01,1.270442083477973938e-02,3.122967481613159180e-01,2.744317427277565002e-02,1.211291700601577759e-01,2.175324782729148865e-02
5.067327618598937988e-01,1.124645303934812546e-02,2.228321582078933716e-01,1.699011027812957764e-02,2.114113718271255493e-01,3.078714199364185333e-02
5.708085894584655762e-01,1.383655238896608353e-02,1.549464911222457886e-01,1.155648194253444672e-02,1.814811527729034424e-01,6.737066805362701416e-02
5.863198637962341309e-01,8.521925657987594604e-03,1.198211088776588440e-01,1.060691662132740021e-02,1.885367184877395630e-01,8.619344979524612427e-02
5.957620739936828613e-01,4.297095816582441330e-03,3.763347864151000977e-02,6.810409016907215118e-03,1.741305589675903320e-01,1.813662797212600708e-01
6.654275655746459961e-01,6.290877237915992737e-03,6.327094882726669312e-02,1.136355195194482803e-02,1.239180564880371094e-01,1.297290474176406860e-01
6.186370253562927246e-01,9.648106060922145844e-03,5.539289861917495728e-02,6.018842570483684540e-03,2.399195730686187744e-01,7.038352638483047485e-02
6.400231719017028809e-01,8.155280724167823792e-03,5.382560938596725464e-02,7.560160476714372635e-03,1.913741230964660645e-01,9.906166791915893555e-02
6.857383251190185547e-01,1.104528084397315979e-02,4.824619740247726440e-02,4.663591273128986359e-03,1.716230660676956177e-01,7.868351787328720093e-02
6.541435718536376953e-01,8.402878418564796448e-03,4.062253609299659729e-02,2.885868307203054428e-03,1.822456121444702148e-01,1.116995140910148621e-01
6.196191906929016113e-01,5.685743875801563263e-03,4.777469485998153687e-02,3.331313142552971840e-03,2.176125347614288330e-01,1.059765815734863281e-01
6.376186013221740723e-01,9.744958952069282532e-03,6.923910230398178101e-02,5.071780644357204437e-03,2.290015071630477905e-01,4.932408407330513000e-02
5.801023840904235840e-01,7.689264137297868729e-03,7.051609456539154053e-02,4.829039331525564194e-03,2.725959718227386475e-01,6.426718086004257202e-02
5.506119132041931152e-01,8.829888887703418732e-03,1.280397176742553711e-01,7.394958753138780594e-03,2.612406909465789795e-01,4.388276487588882446e-02
4.754507243633270264e-01,2.051274105906486511e-02,2.067688107490539551e-01,9.314622730016708374e-03,2.425118386745452881e-01,4.544135928153991699e-02
5.666530728340148926e-01,1.645435020327568054e-02,1.154992282390594482e-01,1.130750216543674469e-02,1.838331669569015503e-01,1.062526628375053406e-01
6.820906400680541992e-01,1.833877898752689362e-02,1.052529439330101013e-01,1.716450974345207214e-02,6.743398308753967285e-02,1.097191274166107178e-01
6.630029082298278809e-01,1.141725946217775345e-02,6.102925539016723633e-02,1.414670422673225403e-02,8.220738917589187622e-02,1.681964993476867676e-01
6.772961616516113281e-01,7.284665014594793320e-03,6.531274318695068359e-02,2.544039674103260040e-02,2.966091409325599670e-02,1.950052082538604736e-01
6.951643228530883789e-01,7.901763543486595154e-03,9.469495713710784912e-02,2.166253328323364258e-02,4.673823341727256775e-02,1.338381618261337280e-01
6.481483578681945801e-01,8.290749974548816681e-03,8.513909578323364258e-02,1.568980515003204346e-02,8.462245762348175049e-02,1.581096202135086060e-01
6.556513309478759766e-01,8.422519080340862274e-03,6.624805927276611328e-02,1.215664297342300415e-02,7.454788684844970703e-02,1.829736232757568359e-01
6.424285769462585449e-01,7.384610362350940704e-03,1.221296265721321106e-01,2.357336692512035370e-02,5.142910778522491455e-02,1.530547291040420532e-01
6.567271947860717773e-01,1.209044083952903748e-02,1.224560290575027466e-01,4.611368477344512939e-02,3.048889338970184326e-02,1.321239024400711060e-01
6.877542138099670410e-01,7.228845264762639999e-03,1.118924766778945923e-01,6.249959394335746765e-02,1.832224428653717041e-02,1.123026981949806213e-01
7.366694211959838867e-01,7.292286492884159088e-03,9.104011952877044678e-02,4.846967384219169617e-02,2.908823266625404358e-02,8.744022250175476074e-02
7.156769037246704102e-01,6.851464044302701950e-03,1.137104108929634094e-01,5.223850533366203308e-02,2.102905511856079102e-02,9.049361199140548706e-02
6.304302215576171875e-01,5.125014111399650574e-03,1.096047461032867432e-01,1.796184480190277100e-02,8.741337805986404419e-02,1.494647711515426636e-01
6.268934011459350586e-01,4.126763902604579926e-03,1.210829466581344604e-01,1.939486712217330933e-02,8.179400861263275146e-02,1.467080712318420410e-01
6.117667555809020996e-01,6.598331034183502197e-03,1.264273673295974731e-01,1.576345041394233704e-02,1.100691407918930054e-01,1.293749660253524780e-01
5.295078754425048828e-01,1.070159208029508591e-02,1.406541466712951660e-01,1.439253333956003189e-02,1.888688057661056519e-01,1.158750131726264954e-01
5.562845468521118164e-01,8.973161689937114716e-03,9.008937329053878784e-02,1.162170059978961945e-02,2.103853970766067505e-01,1.226458102464675903e-01
5.050774216651916504e-01,1.672085002064704895e-02,1.304889321327209473e-01,1.343023125082254410e-02,2.605322599411010742e-01,7.375029474496841431e-02
5.956256985664367676e-01,1.262103859335184097e-02,1.274569481611251831e-01,1.188834570348262787e-02,1.656153947114944458e-01,8.679260313510894775e-02
6.022529006004333496e-01,7.221874315291643143e-03,1.284865140914916992e-01,2.414317987859249115e-02,1.005000248551368713e-01,1.373955607414245605e-01
6.786093115806579590e-01,7.468818221241235733e-03,1.063391938805580139e-01,3.575859963893890381e-02,6.586370617151260376e-02,1.059603244066238403e-01
6.357284784317016602e-01,4.766740370541810989e-03,1.080172061920166016e-01,4.135177284479141235e-02,5.342456325888633728e-02,1.567112952470779419e-01
6.327005028724670410e-01,1.023942138999700546e-02,1.036267802119255066e-01,3.119907341897487640e-02,9.895683825016021729e-02,1.232773661613464355e-01
6.260644793510437012e-01,8.117254823446273804e-03,5.633129552006721497e-02,1.896013692021369934e-02,8.663078397512435913e-02,2.038960605859756470e-01
5.561212301254272461e-01,8.569007739424705505e-03,2.355815470218658447e-02,7.306687999516725540e-03,9.525579214096069336e-02,3.091892600059509277e-01
6.128736138343811035e-01,9.889665059745311737e-03,2.180856466293334961e-02,7.271615322679281235e-03,8.124774694442749023e-02,2.669088542461395264e-01
5.283069610595703125e-01,7.836369797587394714e-03,2.663395367562770844e-02,1.025646366178989410e-02,9.398926794528961182e-02,3.329770565032958984e-01
5.950901508331298828e-01,9.773443453013896942e-03,9.067840874195098877e-02,1.434745918959379196e-02,8.695457130670547485e-02,2.031560093164443970e-01
5.780816078186035156e-01,1.072874199599027634e-02,1.438951939344406128e-01,1.905991323292255402e-02,1.198658943176269531e-01,1.283686161041259766e-01
5.667973160743713379e-01,1.880745775997638702e-02,1.669418364763259888e-01,1.645863242447376251e-02,1.401765644550323486e-01,9.081814438104629517e-02
6.190301775932312012e-01,1.697529479861259460e-02,9.569562971591949463e-02,2.473602257668972015e-02,7.414136081933975220e-02,1.694214344024658203e-01
6.413819789886474609e-01,1.347335707396268845e-02,4.883850365877151489e-02,1.454348117113113403e-02,1.133239045739173889e-01,1.684387475252151489e-01
6.375395059585571289e-01,6.894661579281091690e-03,2.620460838079452515e-02,8.506027981638908386e-03,9.803281724452972412e-02,2.228224277496337891e-01
6.491895914077758789e-01,4.820798058062791824e-03,3.739938884973526001e-02,1.109606493264436722e-02,5.016232281923294067e-02,2.473317384719848633e-01
6.587951183319091797e-01,6.664196494966745377e-03,5.963335186243057251e-02,1.139222178608179092e-02,8.001601696014404297e-02,1.834990978240966797e-01
6.307341456413269043e-01,5.660829134285449982e-03,4.435938596725463867e-02,7.872751913964748383e-03,8.341751247644424438e-02,2.279552817344665527e-01
5.933680534362792969e-01,6.976008880883455276e-03,5.730307847261428833e-02,1.088233105838298798e-02,1.049704700708389282e-01,2.265000343322753906e-01
5.955228209495544434e-01,7.153709419071674347e-03,4.507885873317718506e-02,8.902897126972675323e-03,1.041654199361801147e-01,2.391763031482696533e-01
5.660815834999084473e-01,4.136038944125175476e-03,3.879567608237266541e-02,1.102301198989152908e-02,6.906356662511825562e-02,3.109000325202941895e-01
5.036165714263916016e-01,4.894760902971029282e-03,3.764074668288230896e-02,1.227207388728857040e-02,6.048465520143508911e-02,3.810911774635314941e-01
5.925087928771972656e-01,4.630425013601779938e-03,3.807901591062545776e-02,1.761116832494735718e-02,3.463000059127807617e-02,3.125405609607696533e-01
5.244680047035217285e-01,4.669832997024059296e-03,2.765011414885520935e-02,1.354371011257171631e-02,3.745855763554573059e-02,3.922097384929656982e-01
5.620393157005310059e-01,5.509913899004459381e-03,2.632560208439826965e-02,1.216262858361005783e-02,3.969121724367141724e-02,3.542712032794952393e-01
5.278669595718383789e-01,4.921060986816883087e-03,1.768346875905990601e-02,1.061839237809181213e-02,2.542505413293838501e-02,4.134851694107055664e-01
6.265238523483276367e-01,8.575218729674816132e-03,6.671981513500213623e-02,1.608526892960071564e-02,3.445954993367195129e-02,2.476363331079483032e-01
6.260712146759033203e-01,1.093000639230012894e-02,1.117310971021652222e-01,1.404081657528877258e-02,5.647377297282218933e-02,1.807532012462615967e-01
6.189390420913696289e-01,1.392715703696012497e-02,2.321569472551345825e-01,1.255130767822265625e-02,5.993525683879852295e-02,6.249020621180534363e-02
4.874895513057708740e-01,1.575698889791965485e-02,3.706965446472167969e-01,8.425043895840644836e-03,8.834194391965866089e-02,2.928995899856090546e-02
6.051737070083618164e-01,1.098856050521135330e-02,2.597767710685729980e-01,1.294924691319465637e-02,5.998555943369865417e-02,5.112618207931518555e-02
3.852002620697021484e-01,1.319427322596311569e-02,5.082096457481384277e-01,1.592476479709148407e-02,5.961022898554801941e-02,1.786080375313758850e-02
4.234811365604400635e-01,1.335920300334692001e-02,4.652727842330932617e-01,1.749614998698234558e-02,5.860011279582977295e-02,2.179060317575931549e-02
4.046051502227783203e-01,1.026876550167798996e-02,4.932380616664886475e-01,2.483235672116279602e-02,4.841724038124084473e-02,1.863844692707061768e-02
4.970907270908355713e-01,1.305853761732578278e-02,3.609982132911682129e-01,1.383339799940586090e-02,8.758602291345596313e-02,2.743306197226047516e-02
6.281167268753051758e-01,1.653422042727470398e-02,1.516401767730712891e-01,1.537354569882154465e-02,1.286134570837020874e-01,5.972192063927650452e-02
5.960828065872192383e-01,1.037966087460517883e-02,5.639044195413589478e-02,9.970125742256641388e-03,1.993488520383834839e-01,1.278282850980758667e-01
6.298521757125854492e-01,7.278607692569494247e-03,4.890987649559974670e-02,8.764551952481269836e-03,1.590066999197006226e-01,1.461881250143051147e-01
5.644756555557250977e-01,1.101489737629890442e-02,4.123861715197563171e-02,6.271156016737222672e-03,2.232577949762344360e-01,1.537419557571411133e-01
5.811328887939453125e-01,7.564846426248550415e-03,5.222715809941291809e-02,7.181324996054172516e-03,1.985665410757064819e-01,1.533271819353103638e-01
6.268194317817687988e-01,7.638943381607532501e-03,8.758717030286788940e-02,5.775886122137308121e-03,1.991783231496810913e-01,7.300017029047012329e-02
6.310946941375732422e-01,1.043936703354120255e-02,6.373652815818786621e-02,4.534758161753416061e-03,2.104378789663314819e-01,7.975671440362930298e-02
6.467936635017395020e-01,9.000309742987155914e-03,6.530207395553588867e-02,8.436354808509349823e-03,1.459991931915283203e-01,1.244682818651199341e-01
6.535233855247497559e-01,1.545970514416694641e-02,6.991595029830932617e-02,8.599890395998954773e-03,1.549906581640243530e-01,9.751040488481521606e-02
5.249254107475280762e-01,1.577722840011119843e-02,9.754317998886108398e-02,1.023934688419103622e-02,2.481786012649536133e-01,1.033362150192260742e-01
5.636810064315795898e-01,1.373857352882623672e-02,1.477745175361633301e-01,1.913350448012351990e-02,1.519973278045654297e-01,1.036751121282577515e-01
4.530320167541503906e-01,1.275216881185770035e-02,8.342751115560531616e-02,6.331803742796182632e-03,3.665729165077209473e-01,7.788352668285369873e-02
4.385925531387329102e-01,9.880696423351764679e-03,8.933473378419876099e-02,7.098409347236156464e-03,3.762677907943725586e-01,7.882584631443023682e-02
5.344972610473632812e-01,1.232022233307361603e-02,1.198222115635871887e-01,6.773952860385179520e-03,2.767882943153381348e-01,4.979809001088142395e-02
5.719479918479919434e-01,1.676647178828716278e-02,1.209887042641639709e-01,6.160742137581110001e-03,2.235773652791976929e-01,6.055878102779388428e-02
5.223176479339599609e-01,3.168918564915657043e-02,1.613563448190689087e-01,5.732823163270950317e-03,2.406822443008422852e-01,3.822172805666923523e-02
5.721158385276794434e-01,4.094852507114410400e-02,1.288754343986511230e-01,5.125098396092653275e-03,2.259229719638824463e-01,2.701219916343688965e-02
6.648308038711547852e-01,2.472851052880287170e-02,7.800088077783584595e-02,9.123203344643115997e-03,1.290705949068069458e-01,9.424600005149841309e-02
6.275144815444946289e-01,2.883193269371986389e-02,1.112426891922950745e-01,8.270514197647571564e-03,1.622602194547653198e-01,6.188023090362548828e-02
5.790925025939941406e-01,1.410416234284639359e-02,7.766100019216537476e-02,5.351293366402387619e-03,2.273445427417755127e-01,9.644649177789688110e-02
5.474526286125183105e-01,1.623247005045413971e-02,1.284609884023666382e-01,6.293640006333589554e-03,2.101614475250244141e-01,9.139885753393173218e-02
4.808898568153381348e-01,2.752372808754444122e-02,1.757675856351852417e-01,5.733384750783443451e-03,2.551393508911132812e-01,5.494616553187370300e-02
5.588471293449401855e-01,1.786675862967967987e-02,1.578945964574813843e-01,6.870459765195846558e-03,1.917766034603118896e-01,6.674455106258392334e-02
6.713808178901672363e-01,1.897374540567398071e-02,1.550985872745513916e-01,1.364599820226430893e-02,6.678651273250579834e-02,7.411427050828933716e-02
7.027654051780700684e-01,9.186997078359127045e-03,6.056078895926475525e-02,1.510206237435340881e-02,3.210424259305000305e-02,1.802805215120315552e-01
7.028488516807556152e-01,7.260467391461133957e-03,4.710868000984191895e-02,1.406965684145689011e-02,2.937888354063034058e-02,1.993334442377090454e-01
6.476916670799255371e-01,4.599284380674362183e-03,5.074698105454444885e-02,8.859212510287761688e-03,5.282782390713691711e-02,2.352750152349472046e-01
5.574812889099121094e-01,3.259046003222465515e-03,5.005116015672683716e-02,5.365060176700353622e-03,1.688655465841293335e-01,2.149778455495834351e-01
5.838703513145446777e-01,5.378162488341331482e-03,9.238116443157196045e-02,6.633121520280838013e-03,1.842405200004577637e-01,1.274966597557067871e-01
5.855483412742614746e-01,4.492154344916343689e-03,6.960531324148178101e-02,7.150332909077405930e-03,1.613441556692123413e-01,1.718596518039703369e-01
6.068730950355529785e-01,4.145427141338586807e-03,5.908963456749916077e-02,9.483314119279384613e-03,1.117536500096321106e-01,2.086548209190368652e-01
6.929705142974853516e-01,4.876169841736555099e-03,8.279713988304138184e-02,1.767597533762454987e-02,3.826837986707687378e-02,1.634118705987930298e-01
7.276318073272705078e-01,8.317125961184501648e-03,8.347675949335098267e-02,1.794360950589179993e-02,2.985628880560398102e-02,1.327743977308273315e-01
7.205392122268676758e-01,7.624526042491197586e-03,6.351449340581893921e-02,1.332794222980737686e-02,4.506310820579528809e-02,1.499306559562683105e-01
7.364717125892639160e-01,1.244280766695737839e-02,5.947486311197280884e-02,8.387609384953975677e-03,9.508119523525238037e-02,8.814186602830886841e-02
7.232071161270141602e-01,7.995421998202800751e-03,3.184965252876281738e-02,6.668624002486467361e-03,9.580295532941818237e-02,1.344762295484542847e-01
6.185763478279113770e-01,5.577504169195890427e-03,2.540819346904754639e-02,5.917223636060953140e-03,1.233845874667167664e-01,2.211361825466156006e-01
6.962199807167053223e-01,5.180863663554191589e-03,6.481558084487915039e-02,7.546988781541585922e-03,1.029284074902534485e-01,1.233081743121147156e-01
6.385666728019714355e-01,6.959951948374509811e-03,7.258504629135131836e-02,9.016636759042739868e-03,1.253957450389862061e-01,1.474759876728057861e-01
6.144582629203796387e-01,6.211361847817897797e-03,8.695687353610992432e-02,8.504239842295646667e-03,1.248736232519149780e-01,1.589956879615783691e-01
6.194625496864318848e-01,5.141964182257652283e-03,6.203561276197433472e-02,9.099823422729969025e-03,1.017039567232131958e-01,2.025560140609741211e-01
7.118381261825561523e-01,5.382929462939500809e-03,3.777403011918067932e-02,9.040055796504020691e-03,8.800199627876281738e-02,1.479628533124923706e-01
7.235854268074035645e-01,5.246963817626237869e-03,6.676520407199859619e-02,1.345145516097545624e-02,6.352391093969345093e-02,1.274270713329315186e-01
7.238158583641052246e-01,9.619171731173992157e-03,1.110451519489288330e-01,1.218743808567523956e-02,9.677931666374206543e-02,4.655316472053527832e-02
6.433602571487426758e-01,1.103372685611248016e-02,1.967143863439559937e-01,2.164502255618572235e-02,8.559487760066986084e-02,4.165164381265640259e-02
5.678942203521728516e-01,1.182158757001161575e-02,2.277215123176574707e-01,2.705110609531402588e-02,9.923230856657028198e-02,6.627925485372543335e-02
5.819908976554870605e-01,1.942808926105499268e-02,1.330813765525817871e-01,1.286421343684196472e-02,1.837255060672760010e-01,6.890994310379028320e-02
5.187141299247741699e-01,3.521338477730751038e-02,2.461375296115875244e-01,1.425474509596824646e-02,1.452597081661224365e-01,4.042056202888488770e-02
3.775363862514495850e-01,3.614784032106399536e-02,4.049350917339324951e-01,1.056304015219211578e-02,1.530765593051910400e-01,1.774105243384838104e-02
4.552211761474609375e-01,2.115270681679248810e-02,3.645811378955841064e-01,1.580565795302391052e-02,1.144685968756675720e-01,2.877084910869598389e-02
5.237167477607727051e-01,1.959905773401260376e-02,3.033642172813415527e-01,2.417767047882080078e-02,8.352205157279968262e-02,4.562024399638175964e-02
6.962801814079284668e-01,1.076012756675481796e-02,7.922868430614471436e-02,1.275114342570304871e-02,1.199433803558349609e-01,8.103644102811813354e-02
7.354274988174438477e-01,5.212977528572082520e-03,4.207335785031318665e-02,1.124953385442495346e-02,9.023381024599075317e-02,1.158028841018676758e-01
7.520992159843444824e-01,5.527521017938852310e-03,5.948431044816970825e-02,1.365642156451940536e-02,9.605774283409118652e-02,7.317475229501724243e-02
7.246353030204772949e-01,7.521488238126039505e-03,7.001597434282302856e-02,1.016224920749664307e-02,1.544372588396072388e-01,3.322779387235641479e-02
7.064005136489868164e-01,8.152740076184272766e-03,1.112936064600944519e-01,1.145211607217788696e-02,1.308346837759017944e-01,3.186625614762306213e-02
6.869067549705505371e-01,9.216932579874992371e-03,1.291176080703735352e-01,9.613968431949615479e-03,1.296115964651107788e-01,3.553321957588195801e-02
5.822408199310302734e-01,8.680534549057483673e-03,1.913296729326248169e-01,6.586531177163124084e-03,1.810139715671539307e-01,3.014849498867988586e-02
5.828500986099243164e-01,4.655033815652132034e-03,1.637526154518127441e-01,8.997100405395030975e-03,1.777127981185913086e-01,6.203226372599601746e-02
4.603891968727111816e-01,5.729220807552337646e-03,3.057112395763397217e-01,8.614636026322841644e-03,1.825948804616928101e-01,3.696079552173614502e-02
5.000280737876892090e-01,6.227969191968441010e-03,2.493305802345275879e-01,1.152672339230775833e-02,1.900801658630371094e-01,4.280653223395347595e-02
4.747178554534912109e-01,7.540262304246425629e-03,2.050450444221496582e-01,8.452306501567363739e-03,2.496212422847747803e-01,5.462335422635078430e-02
5.267423391342163086e-01,1.328003220260143280e-02,1.880311816930770874e-01,1.261023711413145065e-02,1.972413808107376099e-01,6.209485232830047607e-02
6.800544261932373047e-01,1.038177218288183212e-02,9.625263512134552002e-02,1.487652119249105453e-02,1.023035198450088501e-01,9.613115340471267700e-02
7.001554369926452637e-01,1.124945841729640961e-02,8.321250230073928833e-02,1.060796435922384262e-02,1.119113117456436157e-01,8.286336809396743774e-02
6.752902865409851074e-01,1.150818727910518646e-02,6.844437122344970703e-02,9.734010323882102966e-03,1.393850296735763550e-01,9.563814848661422729e-02
6.537525057792663574e-01,1.185043156147003174e-02,9.906020015478134155e-02,1.248722616583108902e-02,1.495155543088912964e-01,7.333413511514663696e-02
5.405251383781433105e-01,1.583776809275150299e-02,1.310312300920486450e-01,7.096705492585897446e-03,2.522863149642944336e-01,5.322286859154701233e-02
6.321833729743957520e-01,1.104667503386735916e-02,1.277283728122711182e-01,2.062323875725269318e-02,1.217321678996086121e-01,8.668623864650726318e-02
6.714969873428344727e-01,1.756044849753379822e-02,1.562231928110122681e-01,4.377507418394088745e-02,4.214499890804290771e-02,6.879934668540954590e-02
7.263358831405639648e-01,1.611730083823204041e-02,1.187593638896942139e-01,2.260955981910228729e-02,4.463447630405426025e-02,7.154342532157897949e-02
7.271483540534973145e-01,1.926854997873306274e-02,5.399924889206886292e-02,7.673931308090686798e-03,1.278038620948791504e-01,6.410605460405349731e-02
5.692940354347229004e-01,1.452616509050130844e-02,4.672782868146896362e-02,2.212770283222198486e-03,3.212429881095886230e-01,4.599629342555999756e-02
4.798358380794525146e-01,9.562817402184009552e-03,4.030809551477432251e-02,1.818264601752161980e-03,4.224246442317962646e-01,4.605032503604888916e-02
4.964503645896911621e-01,1.265169214457273483e-02,5.159645900130271912e-02,3.008642001077532768e-03,3.721653223037719727e-01,6.412748992443084717e-02
4.074237644672393799e-01,4.922175314277410507e-03,4.074455425143241882e-02,2.850845456123352051e-03,4.271067976951599121e-01,1.169519275426864624e-01
4.128527045249938965e-01,4.491243511438369751e-03,3.428224101662635803e-02,3.778721671551465988e-03,3.326387107372283936e-01,2.119563221931457520e-01
3.547473847866058350e-01,4.312206525355577469e-03,3.101202845573425293e-02,2.564591821283102036e-03,4.452263712882995605e-01,1.621373742818832397e-01
4.401263892650604248e-01,5.196795798838138580e-03,3.345057368278503418e-02,2.230632584542036057e-03,4.284062385559082031e-01,9.058932960033416748e-02
5.900570154190063477e-01,5.021368153393268585e-03,3.819312527775764465e-02,4.126385785639286041e-03,2.423577457666397095e-01,1.202443391084671021e-01
6.625968217849731445e-01,6.699010729789733887e-03,9.518329054117202759e-02,9.400574490427970886e-03,1.429389566183090210e-01,8.318135142326354980e-02
6.949645876884460449e-01,9.429585188627243042e-03,1.522546410560607910e-01,2.871287986636161804e-02,5.718225613236427307e-02,5.745610967278480530e-02
6.929174065589904785e-01,7.887337356805801392e-03,1.770384907722473145e-01,3.301020711660385132e-02,4.460607096552848816e-02,4.454046115279197693e-02
5.774378180503845215e-01,7.099561858922243118e-03,3.033536076545715332e-01,5.205047875642776489e-02,2.892576158046722412e-02,3.113285079598426819e-02
6.633354425430297852e-01,6.179258227348327637e-03,1.314987093210220337e-01,3.718268871307373047e-02,6.967563927173614502e-02,9.212826937437057495e-02
6.063177585601806641e-01,4.626635927706956863e-03,1.432223618030548096e-01,2.360248379409313202e-02,1.172756552696228027e-01,1.049551367759704590e-01
5.376914143562316895e-01,3.132664365693926811e-03,7.533980160951614380e-02,1.021838095039129257e-02,2.037557065486907959e-01,1.698620021343231201e-01
5.218859910964965820e-01,4.159563686698675156e-03,1.217328757047653198e-01,2.085014991462230682e-02,1.991049349308013916e-01,1.322664618492126465e-01
5.406928062438964844e-01,7.869824767112731934e-03,2.377360314130783081e-01,1.367886550724506378e-02,1.479562520980834961e-01,5.206614732742309570e-02
6.292329430580139160e-01,9.827423840761184692e-03,2.075120657682418823e-01,3.023131936788558960e-02,4.187254980206489563e-02,8.132376521825790405e-02
6.451597809791564941e-01,1.109399925917387009e-02,1.991612315177917480e-01,2.583335153758525848e-02,4.118551313877105713e-02,7.756623625755310059e-02
7.384540438652038574e-01,1.577193848788738251e-02,8.049023151397705078e-02,1.041636895388364792e-02,6.211078166961669922e-02,9.275664389133453369e-02
6.911146044731140137e-01,1.052352599799633026e-02,6.748012453317642212e-02,7.612715009599924088e-03,9.015493094921112061e-02,1.331141144037246704e-01
7.004418969154357910e-01,1.674450002610683441e-02,6.000613421201705933e-02,7.445186842232942581e-03,1.406833082437515259e-01,7.467887550592422485e-02
6.850750446319580078e-01,1.620574109256267548e-02,6.101386621594429016e-02,5.561817437410354614e-03,1.605468243360519409e-01,7.159675657749176025e-02
6.923308968544006348e-01,7.831685245037078857e-03,2.647382579743862152e-02,5.426368210464715958e-03,8.669230341911315918e-02,1.812449991703033447e-01
7.675591707229614258e-01,2.179677970707416534e-02,3.118808940052986145e-02,1.020303927361965179e-02,4.566078633069992065e-02,1.235921084880828857e-01
6.632064580917358398e-01,3.151837363839149475e-02,3.434510529041290283e-02,1.606822758913040161e-02,4.295773804187774658e-02,2.119041234254837036e-01
7.112361192703247070e-01,3.170142322778701782e-02,4.551429301500320435e-02,2.773663029074668884e-02,1.926498860120773315e-02,1.645466536283493042e-01
6.901742219924926758e-01,2.249532192945480347e-02,3.824678063392639160e-02,3.191319480538368225e-02,1.879331842064857483e-02,1.983771324157714844e-01
4.992203414440155029e-01,1.069832779467105865e-02,3.198894113302230835e-02,2.178436145186424255e-02,3.178350627422332764e-02,4.045244753360748291e-01
5.589986443519592285e-01,7.949220016598701477e-03,5.600407347083091736e-02,1.453575398772954941e-02,8.941087871789932251e-02,2.731012701988220215e-01
5.919012427330017090e-01,7.887719199061393738e-03,8.900302648544311523e-02,2.716973610222339630e-02,8.319517225027084351e-02,2.008430510759353638e-01
6.039927601814270020e-01,1.259319763630628586e-02,1.752713918685913086e-01,3.916119784116744995e-02,8.228501677513122559e-02,8.669640123844146729e-02
6.331399083137512207e-01,8.626601658761501312e-03,1.485133767127990723e-01,2.251988463103771210e-02,1.148740798234939575e-01,7.232604920864105225e-02
7.104154825210571289e-01,8.165976032614707947e-03,1.232170537114143372e-01,5.167115852236747742e-02,4.196020960807800293e-02,6.457009166479110718e-02
7.848572731018066406e-01,7.194620557129383087e-03,6.222753971815109253e-02,2.687165327370166779e-02,2.899803407490253448e-02,8.985080569982528687e-02
7.278696894645690918e-01,4.376870114356279373e-03,4.138956218957901001e-02,2.647096477448940277e-02,2.591332048177719116e-02,1.739794611930847168e-01
7.408002614974975586e-01,3.742439206689596176e-03,3.414012864232063293e-02,2.781402692198753357e-02,1.208297163248062134e-02,1.814201772212982178e-01
7.456830143928527832e-01,5.143613088876008987e-03,5.380696803331375122e-02,2.369115687906742096e-02,3.243256732821464539e-02,1.392427235841751099e-01
7.155294418334960938e-01,5.263918545097112656e-03,1.010001227259635925e-01,2.287503704428672791e-02,4.184825718402862549e-02,1.134831756353378296e-01
6.330398917198181152e-01,8.495072834193706512e-03,1.610799133777618408e-01,1.379171852022409439e-02,9.817877411842346191e-02,8.541462570428848267e-02
3.688181638717651367e-01,1.306173671036958694e-02,4.868052005767822266e-01,1.332464162260293961e-02,8.784435689449310303e-02,3.014580719172954559e-02
3.166726529598236084e-01,1.386396493762731552e-02,5.724634528160095215e-01,1.962760090827941895e-02,5.381229519844055176e-02,2.355998381972312927e-02
4.255251884460449219e-01,1.623930409550666809e-02,4.120139479637145996e-01,1.840262301266193390e-02,7.758871465921401978e-02,5.023029074072837830e-02
5.158097743988037109e-01,1.006714906543493271e-02,2.210458517074584961e-01,1.465669833123683929e-02,1.057752072811126709e-01,1.326452791690826416e-01
5.788472294807434082e-01,1.320912316441535950e-02,1.236164644360542297e-01,8.557274937629699707e-03,1.416159421205520630e-01,1.341539025306701660e-01
5.380620956420898438e-01,8.303212933242321014e-03,4.254640638828277588e-02,4.597314167767763138e-03,1.452584713697433472e-01,2.612325251102447510e-01
4.310486614704132080e-01,5.900117103010416031e-03,6.132678315043449402e-02,1.074534188956022263e-02,8.879105001688003540e-02,4.021880328655242920e-01
5.275394916534423828e-01,5.904261022806167603e-03,1.343784481287002563e-01,1.316906232386827469e-02,1.186868622899055481e-01,2.003219723701477051e-01
4.729172587394714355e-01,6.286969408392906189e-03,3.297253847122192383e-01,2.806341089308261871e-02,8.270268142223358154e-02,8.030424267053604126e-02
4.638882875442504883e-01,6.591779645532369614e-03,3.617236912250518799e-01,3.430053964257240295e-02,5.519547685980796814e-02,7.830017060041427612e-02
5.660898089408874512e-01,8.253195323050022125e-03,2.589896619319915771e-01,2.272194810211658478e-02,8.592805266380310059e-02,5.801736935973167419e-02
6.451571583747863770e-01,1.114762946963310242e-02,1.551562398672103882e-01,2.162492088973522186e-02,6.833161413669586182e-02,9.858245402574539185e-02
7.147780656814575195e-01,8.087524212896823883e-03,4.247119277715682983e-02,1.465704385191202164e-02,5.215942487120628357e-02,1.678467541933059692e-01
6.901009082794189453e-01,1.049726735800504684e-02,7.058295607566833496e-02,1.378013845533132553e-02,8.325094729661941528e-02,1.317878067493438721e-01
7.300183773040771484e-01,9.648393839597702026e-03,6.181367859244346619e-02,1.278102677315473557e-02,7.235671579837799072e-02,1.133818700909614563e-01
7.442437410354614258e-01,1.111605018377304077e-02,9.642464667558670044e-02,2.285997010767459869e-02,5.771817266941070557e-02,6.763736158609390259e-02
7.197549343109130859e-01,8.561471477150917053e-03,9.645889699459075928e-02,8.922359906136989594e-03,1.064741462469100952e-01,5.982823297381401062e-02
6.795632839202880859e-01,9.467004798352718353e-03,6.092036142945289612e-02,5.631534382700920105e-03,1.681321114301681519e-01,7.628572732210159302e-02
5.789924263954162598e-01,1.190184988081455231e-02,9.922891110181808472e-02,5.533840507268905640e-03,2.560640275478363037e-01,4.827896133065223694e-02
5.731403231620788574e-01,9.420324116945266724e-03,8.036266267299652100e-02,8.737240917980670929e-03,2.208576500415802002e-01,1.074818447232246399e-01
5.216789245605468750e-01,1.037067919969558716e-02,7.831809669733047485e-02,8.360616862773895264e-03,2.248367667198181152e-01,1.564348042011260986e-01
5.019968748092651367e-01,1.243715174496173859e-02,9.869036823511123657e-02,1.152437459677457809e-02,2.554529905319213867e-01,1.198981627821922302e-01
5.997303128242492676e-01,1.480996236205101013e-02,9.914883226156234741e-02,1.143075432628393173e-02,1.841108500957489014e-01,9.076936542987823486e-02
5.404374599456787109e-01,1.453158911317586899e-02,7.841639965772628784e-02,5.587817169725894928e-03,2.827638685703277588e-01,7.826291024684906006e-02
6.157479882240295410e-01,1.165170501917600632e-02,6.941793113946914673e-02,6.271477323025465012e-03,2.004928588867187500e-01,9.641810506582260132e-02
6.730307936668395996e-01,1.054595503956079483e-02,6.760819256305694580e-02,9.286867454648017883e-03,1.249417439103126526e-01,1.145863905549049377e-01
5.995013117790222168e-01,6.095774006098508835e-03,1.399094611406326294e-01,1.994938775897026062e-02,7.716760039329528809e-02,1.573764234781265259e-01
6.141301989555358887e-01,1.607721857726573944e-02,1.245563030242919922e-01,9.647692553699016571e-03,1.600461602210998535e-01,7.554239779710769653e-02
6.019143462181091309e-01,1.098803896456956863e-02,9.656089544296264648e-02,1.062503177672624588e-02,1.664343625307083130e-01,1.134774759411811829e-01
5.771637558937072754e-01,8.336451835930347443e-03,8.716090768575668335e-02,7.583943195641040802e-03,2.273158580064773560e-01,9.243910759687423706e-02
5.726279020309448242e-01,9.388082660734653473e-03,1.106658950448036194e-01,1.091568730771541595e-02,2.147849202156066895e-01,8.161751180887222290e-02
5.675309896469116211e-01,4.730872809886932373e-03,6.102335825562477112e-02,1.762171462178230286e-02,1.795014739036560059e-01,1.695916354656219482e-01
5.764701366424560547e-01,3.936220891773700714e-03,5.729711055755615234e-02,1.508607622236013412e-02,1.540167331695556641e-01,1.931936591863632202e-01
5.511397123336791992e-01,7.163573056459426880e-03,7.724892348051071167e-02,9.198828600347042084e-03,2.335216253995895386e-01,1.217273548245429993e-01
6.608439087867736816e-01,8.395219221711158752e-03,6.439423561096191406e-02,6.356792058795690536e-03,1.852217465639114380e-01,7.478813081979751587e-02
5.151050090789794922e-01,8.866328746080398560e-03,9.635474532842636108e-02,3.844253253191709518e-03,3.184874355792999268e-01,5.734225362539291382e-02
4.913487136363983154e-01,1.069686654955148697e-02,1.318957954645156860e-01,3.181386739015579224e-03,3.205494582653045654e-01,4.232773929834365845e-02
4.779020547866821289e-01,1.427901443094015121e-02,1.417938470840454102e-01,3.614389570429921150e-03,3.246732056140899658e-01,3.773755952715873718e-02
3.893814384937286377e-01,2.020956203341484070e-02,1.018933653831481934e-01,2.383545972406864166e-03,4.583921730518341064e-01,2.773989550769329071e-02
4.329527914524078369e-01,1.371151488274335861e-02,5.980426445603370667e-02,3.127805655822157860e-03,4.391676485538482666e-01,5.123599246144294739e-02
4.317561089992523193e-01,1.313517801463603973e-02,4.905845969915390015e-02,2.689742948859930038e-03,4.491859972476959229e-01,5.417449772357940674e-02
4.893534183502197266e-01,1.000048965215682983e-02,6.580642610788345337e-02,4.846853669732809067e-03,3.341077566146850586e-01,9.588498622179031372e-02
5.141116380691528320e-01,5.758515559136867523e-03,1.106299534440040588e-01,1.043216325342655182e-02,2.436258047819137573e-01,1.154418736696243286e-01
5.361635684967041016e-01,9.365847334265708923e-03,1.055141761898994446e-01,6.365684792399406433e-03,2.876434028148651123e-01,5.494732409715652466e-02
4.814034402370452881e-01,1.204857323318719864e-02,2.454527020454406738e-01,8.975668810307979584e-03,2.032152712345123291e-01,4.890425130724906921e-02
5.578948259353637695e-01,2.175132371485233307e-02,2.386397719383239746e-01,1.065480522811412811e-02,1.370329707860946655e-01,3.402626886963844299e-02
5.965754389762878418e-01,2.870430797338485718e-02,1.247495561838150024e-01,5.017363000661134720e-03,1.983795762062072754e-01,4.657384380698204041e-02
5.809646248817443848e-01,2.261925674974918365e-02,1.772171407938003540e-01,9.276857599616050720e-03,1.432348936796188354e-01,6.668722629547119141e-02
6.878727674484252930e-01,2.203644812107086182e-02,8.981370925903320312e-02,1.062305644154548645e-02,9.891548007726669312e-02,9.073860943317413330e-02
6.137075424194335938e-01,1.224000565707683563e-02,7.373663038015365601e-02,7.850227877497673035e-03,1.719905436038970947e-01,1.204749792814254761e-01
5.780305266380310059e-01,8.995995856821537018e-03,8.493940532207489014e-02,8.945367299020290375e-03,2.048492133617401123e-01,1.142394766211509705e-01
5.631397962570190430e-01,4.639648832380771637e-03,3.165079280734062195e-02,4.115612246096134186e-03,2.106419652700424194e-01,1.858121007680892944e-01
5.358896255493164062e-01,5.552602000534534454e-03,5.066378042101860046e-02,4.644381348043680191e-03,3.038960695266723633e-01,9.935356676578521729e-02
6.167752742767333984e-01,8.182945661246776581e-03,1.139114722609519958e-01,7.237874902784824371e-03,1.972877532243728638e-01,5.660463497042655945e-02
6.907385587692260742e-01,7.989152334630489349e-03,1.025934293866157532e-01,1.224460173398256302e-02,1.089180558919906616e-01,7.751623541116714478e-02
7.389343380928039551e-01,3.984476439654827118e-03,6.737354397773742676e-02,1.236500497907400131e-02,6.914991885423660278e-02,1.081927642226219177e-01
7.538355588912963867e-01,7.158944383263587952e-03,4.065179452300071716e-02,1.171834021806716919e-02,5.899259075522422791e-02,1.276427954435348511e-01
7.319543957710266113e-01,5.432735197246074677e-03,2.887027151882648468e-02,1.157423853874206543e-02,4.265360161662101746e-02,1.795147508382797241e-01
7.383057475090026855e-01,3.633768064901232719e-03,3.976726159453392029e-02,1.239449996501207352e-02,3.712104260921478271e-02,1.687776893377304077e-01
7.385801672935485840e-01,8.585591800510883331e-03,7.956223189830780029e-02,1.383845694363117218e-02,6.656248867511749268e-02,9.287101030349731445e-02
6.971229910850524902e-01,9.654334746301174164e-03,9.560860693454742432e-02,1.607722789049148560e-02,8.732416480779647827e-02,9.421265125274658203e-02
6.408845186233520508e-01,4.393784329295158386e-03,6.200019642710685730e-02,1.468605548143386841e-02,8.169171959161758423e-02,1.963437795639038086e-01
5.741131901741027832e-01,3.827130654826760292e-03,6.317988783121109009e-02,1.767112687230110168e-02,7.340434193611145020e-02,2.678042352199554443e-01
5.665256977081298828e-01,2.937600016593933105e-03,3.488499671220779419e-02,1.582304760813713074e-02,5.915779992938041687e-02,3.206708729267120361e-01
6.256930828094482422e-01,2.280859975144267082e-03,4.161023721098899841e-02,1.893568783998489380e-02,6.247892603278160095e-02,2.490012347698211670e-01
7.683165073394775391e-01,2.980733057484030724e-03,3.357760235667228699e-02,2.571696601808071136e-02,2.834992855787277222e-02,1.410583108663558960e-01
8.205112814903259277e-01,2.472591586410999298e-03,2.536142989993095398e-02,3.449684008955955505e-02,1.089802291244268417e-02,1.062598228454589844e-01
8.076381683349609375e-01,1.649080542847514153e-03,1.859643682837486267e-02,2.853587642312049866e-02,9.927247650921344757e-03,1.336533278226852417e-01
7.041471600532531738e-01,2.028394257649779320e-03,2.146426774561405182e-02,3.045199811458587646e-02,1.410500612109899521e-02,2.278030961751937866e-01
6.493971943855285645e-01,2.878317842260003090e-03,2.450197935104370117e-02,9.377485141158103943e-03,4.894344508647918701e-02,2.649015784263610840e-01
5.152445435523986816e-01,2.441942691802978516e-03,2.845751121640205383e-02,6.755279842764139175e-03,6.297238171100616455e-02,3.841282427310943604e-01
5.900200009346008301e-01,7.127411663532257080e-03,3.934789076447486877e-02,5.816270131617784500e-03,1.048644110560417175e-01,2.528238892555236816e-01
5.083519220352172852e-01,7.180881686508655548e-03,5.097066983580589294e-02,4.842864815145730972e-03,1.835551261901855469e-01,2.450985461473464966e-01
5.529816746711730957e-01,1.456027105450630188e-02,9.269209206104278564e-02,7.919592782855033875e-03,1.381881386041641235e-01,1.936582475900650024e-01
5.474016070365905762e-01,1.113249454647302628e-02,9.108102321624755859e-02,6.204398814588785172e-03,1.870924532413482666e-01,1.570879667997360229e-01
6.104606986045837402e-01,8.102571591734886169e-03,9.490647912025451660e-02,1.040321774780750275e-02,1.552706509828567505e-01,1.208563968539237976e-01
6.633405089378356934e-01,8.026213385164737701e-03,9.658234566450119019e-02,6.543583702296018600e-03,1.584306806325912476e-01,6.707663834095001221e-02
6.279278397560119629e-01,3.132162382826209068e-03,4.443766549229621887e-02,5.933042615652084351e-03,1.266171634197235107e-01,1.919521093368530273e-01
6.219094991683959961e-01,3.851145273074507713e-03,4.792165011167526245e-02,7.792276330292224884e-03,1.205723434686660767e-01,1.979531496763229370e-01
6.389261484146118164e-01,3.445477457717061043e-03,5.207598209381103516e-02,1.261137984693050385e-02,7.428137212991714478e-02,2.186597138643264771e-01
6.431570649147033691e-01,4.720818251371383667e-03,5.027670040726661682e-02,1.411324646323919296e-02,8.020026236772537231e-02,2.075319141149520874e-01
6.979077458381652832e-01,4.996700678020715714e-03,5.549520626664161682e-02,1.562137901782989502e-02,9.526529163122177124e-02,1.307136416435241699e-01
6.871790885925292969e-01,4.080765414983034134e-03,8.335197716951370239e-02,1.710790582001209259e-02,1.036498770117759705e-01,1.046304479241371155e-01
6.984950900077819824e-01,4.768342245370149612e-03,1.151650846004486084e-01,1.720774732530117035e-02,9.104840457439422607e-02,7.331538200378417969e-02
5.987082123756408691e-01,4.662917461246252060e-03,2.129025012254714966e-01,1.523388270288705826e-02,1.002927720546722412e-01,6.819968670606613159e-02
5.547524094581604004e-01,4.674749914556741714e-03,2.187079787254333496e-01,9.583684615790843964e-03,1.441779881715774536e-01,6.810321658849716187e-02
5.688096284866333008e-01,6.975946482270956039e-03,1.686545610427856445e-01,6.916915066540241241e-03,1.897987723350524902e-01,5.884410813450813293e-02
5.579837560653686523e-01,5.694536492228507996e-03,6.918364018201828003e-02,5.184805952012538910e-03,2.418473213911056519e-01,1.201059818267822266e-01
6.489913463592529297e-01,6.449917796999216080e-03,4.705882817506790161e-02,4.284799098968505859e-03,2.013021260499954224e-01,9.191292524337768555e-02
5.902246236801147461e-01,7.727762218564748764e-03,3.257548063993453979e-02,2.269370248541235924e-03,3.087589442729949951e-01,5.844374746084213257e-02
5.075098872184753418e-01,6.314755417406558990e-03,2.920350432395935059e-02,1.569883315823972225e-03,3.991801738739013672e-01,5.622176453471183777e-02
4.547809958457946777e-01,7.524890359491109848e-03,2.906197309494018555e-02,1.292283413931727409e-03,4.638447463512420654e-01,4.349518939852714539e-02
4.923640489578247070e-01,5.015060305595397949e-03,2.859893068671226501e-02,1.711972057819366455e-03,4.080609381198883057e-01,6.424901634454727173e-02
5.572500228881835938e-01,4.307392053306102753e-03,4.133489727973937988e-02,3.440421773120760918e-03,2.935512065887451172e-01,1.001160144805908203e-01
6.048598885536193848e-01,4.028770606964826584e-03,6.465339660644531250e-02,5.124813411384820938e-03,1.907737553119659424e-01,1.305594146251678467e-01
6.476060748100280762e-01,5.908656399697065353e-03,6.287436932325363159e-02,7.132844068109989166e-03,1.248845532536506653e-01,1.515934616327285767e-01
6.619831919670104980e-01,6.473266985267400742e-03,8.146388828754425049e-02,1.260213647037744522e-02,6.299044936895370483e-02,1.744870841503143311e-01
6.102077960968017578e-01,1.201820746064186096e-02,1.006721854209899902e-01,1.508317142724990845e-02,6.703138351440429688e-02,1.949873119592666626e-01
6.619576215744018555e-01,1.154989842325448990e-02,5.055638402700424194e-02,7.518010679632425308e-03,9.301904588937759399e-02,1.753990948200225830e-01
6.406426429748535156e-01,1.355476863682270050e-02,6.829021126031875610e-02,8.776615373790264130e-03,1.394535005092620850e-01,1.292823255062103271e-01
6.440761089324951172e-01,9.323150850832462311e-03,6.451194733381271362e-02,5.353773478418588638e-03,1.797998547554016113e-01,9.693513065576553345e-02
6.991989016532897949e-01,1.500824932008981705e-02,6.369973719120025635e-02,6.840860005468130112e-03,1.400072723627090454e-01,7.524492591619491577e-02
7.223799824714660645e-01,8.994460105895996094e-03,6.736045330762863159e-02,7.183366920799016953e-03,1.069549173116683960e-01,8.712676912546157837e-02
7.398760318756103516e-01,1.244061160832643509e-02,6.751755625009536743e-02,9.253107942640781403e-03,8.683066070079803467e-02,8.408199250698089600e-02
6.465191245079040527e-01,1.103696599602699280e-02,6.402961909770965576e-02,9.705909527838230133e-03,1.200019642710685730e-01,1.487063616514205933e-01
5.516446232795715332e-01,9.703557007014751434e-03,6.638030707836151123e-02,9.488547220826148987e-03,1.650506407022476196e-01,1.977322846651077271e-01
4.572698473930358887e-01,7.707878481596708298e-03,5.608729645609855652e-02,9.195899590849876404e-03,1.971175372600555420e-01,2.726215422153472900e-01
3.902811706066131592e-01,7.940572686493396759e-03,5.341991037130355835e-02,8.539884351193904877e-03,2.036736011505126953e-01,3.361448347568511963e-01
4.661073088645935059e-01,1.174144353717565536e-02,4.202421382069587708e-02,9.557153098285198212e-03,1.790848374366760254e-01,2.914850413799285889e-01
6.129525899887084961e-01,1.209722738713026047e-02,4.409486800432205200e-02,2.143510989844799042e-02,4.691267386078834534e-02,2.625074684619903564e-01
6.991469264030456543e-01,9.697143919765949249e-03,6.064228340983390808e-02,3.125384449958801270e-02,3.260137513279914856e-02,1.666583865880966187e-01
7.578935623168945312e-01,1.574992761015892029e-02,6.965187191963195801e-02,2.657584846019744873e-02,4.152404889464378357e-02,8.860480785369873047e-02
7.649529576301574707e-01,1.193746738135814667e-02,7.958731055259704590e-02,1.932270824909210205e-02,5.371063575148582458e-02,7.048906385898590088e-02
6.976777911186218262e-01,1.055367570370435715e-02,9.856047481298446655e-02,1.367179863154888153e-02,1.153103560209274292e-01,6.422597914934158325e-02
6.843900680541992188e-01,1.590090803802013397e-02,1.186626702547073364e-01,1.206951029598712921e-02,1.283054202795028687e-01,4.067144170403480530e-02
7.027339935302734375e-01,1.277328375726938248e-02,9.013299643993377686e-02,2.120792120695114136e-02,8.539008349180221558e-02,8.776175975799560547e-02
6.970851421356201172e-01,5.985544063150882721e-03,7.592401653528213501e-02,3.682739660143852234e-02,4.142726957798004150e-02,1.427506655454635620e-01
5.939342975616455078e-01,7.226597517728805542e-03,3.977767005562782288e-02,1.944184303283691406e-02,6.202758103609085083e-02,2.775919735431671143e-01
5.243349671363830566e-01,1.058259513229131699e-02,3.764962032437324524e-02,8.955265395343303680e-03,1.647853255271911621e-01,2.536922693252563477e-01
5.242813229560852051e-01,8.062488399446010590e-03,3.221007436513900757e-02,6.385661661624908447e-03,1.575652956962585449e-01,2.714951634407043457e-01
5.610941648483276367e-01,9.098441340029239655e-03,5.512177199125289917e-02,5.714104045182466507e-03,1.913048923015594482e-01,1.776667088270187378e-01
5.478105545043945312e-01,8.487362414598464966e-03,4.501467570662498474e-02,5.166079383343458176e-03,2.491558641195297241e-01,1.443653851747512817e-01
6.078097820281982422e-01,5.586585495620965958e-03,5.407763645052909851e-02,8.937556296586990356e-03,1.417358219623565674e-01,1.818525195121765137e-01
6.063088774681091309e-01,6.023580208420753479e-03,3.061939403414726257e-02,6.984324660152196884e-03,1.077169552445411682e-01,2.423468232154846191e-01
6.036001443862915039e-01,3.918142057955265045e-03,2.673814445734024048e-02,1.101110316812992096e-02,6.182749941945075989e-02,2.929049432277679443e-01
6.255533695220947266e-01,5.010979250073432922e-03,3.353509306907653809e-02,1.093437895178794861e-02,7.326769083738327026e-02,2.516985237598419189e-01
6.319332718849182129e-01,5.065644159913063049e-03,4.274135455489158630e-02,1.585884951055049896e-02,4.656473919749259949e-02,2.578361928462982178e-01
5.823026895523071289e-01,4.814176354557275772e-03,4.206832498311996460e-02,1.654128916561603546e-02,4.197597131133079529e-02,3.122974634170532227e-01
6.986384987831115723e-01,9.933035820722579956e-03,5.929541960358619690e-02,1.157326437532901764e-02,1.028579920530319214e-01,1.177017986774444580e-01
6.406140923500061035e-01,1.127264555543661118e-02,7.207921892404556274e-02,8.162817917764186859e-03,1.715074926614761353e-01,9.636370837688446045e-02
6.387940645217895508e-01,1.181714702397584915e-02,5.364047735929489136e-02,4.311370197683572769e-03,2.313396036624908447e-01,6.009726226329803467e-02
4.927301704883575439e-01,7.539191748946905136e-03,3.559904545545578003e-02,2.323023974895477295e-03,4.028490781784057617e-01,5.895951017737388611e-02
4.411349892616271973e-01,7.053256034851074219e-03,4.178155958652496338e-02,1.533685019239783287e-03,4.686997830867767334e-01,3.979666531085968018e-02
5.411200523376464844e-01,5.682019051164388657e-03,5.379622802138328552e-02,2.413902431726455688e-03,3.204295039176940918e-01,7.655821740627288818e-02
5.909745097160339355e-01,5.858623422682285309e-03,4.356842488050460815e-02,2.683034166693687439e-03,2.375760525465011597e-01,1.193393990397453308e-01
5.818744301795959473e-01,7.536860648542642593e-03,4.234360903501510620e-02,2.490266226232051849e-03,2.488347291946411133e-01,1.169201284646987915e-01
5.789020657539367676e-01,4.687805194407701492e-03,3.290957584977149963e-02,3.547945059835910797e-03,1.901965588331222534e-01,1.897560805082321167e-01
6.340898275375366211e-01,3.393012098968029022e-03,2.405303344130516052e-02,5.079233553260564804e-03,8.257813006639480591e-02,2.508068084716796875e-01
6.490383744239807129e-01,3.970538731664419174e-03,2.585115842521190643e-02,5.464402958750724792e-03,1.488835662603378296e-01,1.667919754981994629e-01
6.869826912879943848e-01,3.102305112406611443e-03,3.962761908769607544e-02,1.830463111400604248e-02,6.496313214302062988e-02,1.870195865631103516e-01
6.442627906799316406e-01,6.063045468181371689e-03,1.107797920703887939e-01,1.010989919304847717e-01,3.229628130793571472e-02,1.054990515112876892e-01
5.473661422729492188e-01,7.919127121567726135e-03,2.342731356620788574e-01,1.125806942582130432e-01,3.505333513021469116e-02,6.280744820833206177e-02
4.892704188823699951e-01,8.373966440558433533e-03,3.336689770221710205e-01,1.250953823328018188e-01,2.332004718482494354e-02,2.027114853262901306e-02
4.498766660690307617e-01,1.206152886152267456e-02,4.153908789157867432e-01,8.385522663593292236e-02,2.324066683650016785e-02,1.557510159909725189e-02
6.645830273628234863e-01,2.163533680140972137e-02,1.454456746578216553e-01,2.751440554857254028e-02,6.860993802547454834e-02,7.221163064241409302e-02
6.920086145401000977e-01,1.351306494325399399e-02,9.835860133171081543e-02,2.276934869587421417e-02,5.073263496160507202e-02,1.226176843047142029e-01
7.169884443283081055e-01,1.311998348683118820e-02,4.862659424543380737e-02,2.273379638791084290e-02,4.308133944869041443e-02,1.554498523473739624e-01
7.431624531745910645e-01,1.267005503177642822e-02,6.199785321950912476e-02,2.937823720276355743e-02,4.053946584463119507e-02,1.122520565986633301e-01
7.748717665672302246e-01,1.327957771718502045e-02,7.116344571113586426e-02,1.984831504523754120e-02,5.468134209513664246e-02,6.615561246871948242e-02
6.996880769729614258e-01,1.190042588859796524e-02,1.348137259483337402e-01,1.826932840049266815e-02,8.323979377746582031e-02,5.208864063024520874e-02
6.653530001640319824e-01,1.102527696639299393e-02,1.182587966322898865e-01,1.492196135222911835e-02,9.843252599239349365e-02,9.200850874185562134e-02
6.420110464096069336e-01,1.590219698846340179e-02,9.745047241449356079e-02,1.087860018014907837e-02,1.383301913738250732e-01,9.542755782604217529e-02
6.588913202285766602e-01,1.345694251358509064e-02,1.418209373950958252e-01,1.974858343601226807e-02,8.317670226097106934e-02,8.290546387434005737e-02
6.886338591575622559e-01,1.420009415596723557e-02,1.188298761844635010e-01,1.379758864641189575e-02,7.731407880783081055e-02,8.722440898418426514e-02
7.038316726684570312e-01,1.352360937744379044e-02,1.013778224587440491e-01,2.290650084614753723e-02,4.075720906257629395e-02,1.176031678915023804e-01
7.019637227058410645e-01,1.038970705121755600e-02,1.009109839797019958e-01,1.915838569402694702e-02,5.491591617465019226e-02,1.126612573862075806e-01
6.120426058769226074e-01,9.767587296664714813e-03,4.620448499917984009e-02,1.031940244138240814e-02,1.002867594361305237e-01,2.213792353868484497e-01
6.114576458930969238e-01,1.150097977370023727e-02,5.610033869743347168e-02,7.303541060537099838e-03,1.876620650291442871e-01,1.259754151105880737e-01
4.344914853572845459e-01,5.864502396434545517e-03,4.834067448973655701e-02,3.055533859878778458e-03,3.902796208858489990e-01,1.179682314395904541e-01
4.863284826278686523e-01,7.693718653172254562e-03,6.208995729684829712e-02,3.980079200118780136e-03,3.303631544113159180e-01,1.095445826649665833e-01
5.864524841308593750e-01,4.839707165956497192e-03,5.044745653867721558e-02,4.676654469221830368e-03,2.244304418563842773e-01,1.291532069444656372e-01
5.825470089912414551e-01,6.080026738345623016e-03,9.522246569395065308e-02,9.513115510344505310e-03,1.455862671136856079e-01,1.610510945320129395e-01
6.404113769531250000e-01,6.448837928473949432e-03,5.923736467957496643e-02,8.083662018179893494e-03,1.101446896791458130e-01,1.756740510463714600e-01
6.407583355903625488e-01,8.238727226853370667e-03,5.225541815161705017e-02,7.603303063660860062e-03,1.226521655917167664e-01,1.684919893741607666e-01
6.440246701240539551e-01,9.730108082294464111e-03,5.376771092414855957e-02,1.008665561676025391e-02,8.823741972446441650e-02,1.941534280776977539e-01
6.779606938362121582e-01,1.416752953082323074e-02,5.572900548577308655e-02,1.383054163306951523e-02,6.489276885986328125e-02,1.734195053577423096e-01
6.435477137565612793e-01,1.055952161550521851e-02,5.009526759386062622e-02,1.412531081587076187e-02,5.316478759050369263e-02,2.285073250532150269e-01
6.459904909133911133e-01,1.286678574979305267e-02,5.252788215875625610e-02,1.821673288941383362e-02,3.274492174386978149e-02,2.376531660556793213e-01
6.054058074951171875e-01,8.504710160195827484e-03,2.579026296734809875e-02,1.325126457959413528e-02,2.968974784016609192e-02,3.173581659793853760e-01
5.635619163513183594e-01,4.265001043677330017e-03,1.835483685135841370e-02,9.223117493093013763e-03,2.598901651799678802e-02,3.786062002182006836e-01
7.006807923316955566e-01,6.881914567202329636e-03,2.554025687277317047e-02,1.006949134171009064e-02,4.196319729089736938e-02,2.148642539978027344e-01
6.883412003517150879e-01,5.069276317954063416e-03,3.946657851338386536e-02,1.496195606887340546e-02,3.906724601984024048e-02,2.130936980247497559e-01
6.451413035392761230e-01,4.289274103939533234e-03,4.119861125946044922e-02,1.117554586380720139e-02,8.530418574810028076e-02,2.128910422325134277e-01
5.817180275917053223e-01,6.520134862512350082e-03,4.394093900918960571e-02,8.575686253607273102e-03,1.487157493829727173e-01,2.105294913053512573e-01
5.007593035697937012e-01,4.306793678551912308e-03,2.735898271203041077e-02,3.619162132963538170e-03,2.621667385101318359e-01,2.017890214920043945e-01
3.807515799999237061e-01,3.002160228788852692e-03,2.465728484094142914e-02,1.832633744925260544e-03,4.445257484912872314e-01,1.452305465936660767e-01
4.993510842323303223e-01,4.066425841301679611e-03,2.827133238315582275e-02,3.056949470192193985e-03,2.233958542346954346e-01,2.418582588434219360e-01
5.141196846961975098e-01,7.063192315399646759e-03,4.508218169212341309e-02,4.059524741023778915e-03,1.988462805747985840e-01,2.308292239904403687e-01
4.989674091339111328e-01,1.157357450574636459e-02,5.508897826075553894e-02,5.329112056642770767e-03,1.635469794273376465e-01,2.654939591884613037e-01
5.232201814651489258e-01,1.078725419938564301e-02,5.097106844186782837e-02,1.055216602981090546e-02,6.152399256825447083e-02,3.429452776908874512e-01
5.450827479362487793e-01,6.951614283025264740e-03,4.321452230215072632e-02,6.858236622065305710e-03,6.195238232612609863e-02,3.359403610229492188e-01
5.982324481010437012e-01,8.976263925433158875e-03,3.238021954894065857e-02,9.886836633086204529e-03,5.488151684403419495e-02,2.956427335739135742e-01
4.901486635208129883e-01,3.147763432934880257e-03,1.868316158652305603e-02,6.704791449010372162e-03,5.544294789433479309e-02,4.258727133274078369e-01
5.905807614326477051e-01,4.307561554014682770e-03,2.715102396905422211e-02,5.643051583319902420e-03,7.514430582523345947e-02,2.971732318401336670e-01
5.280860066413879395e-01,8.196670562028884888e-03,3.536549955606460571e-02,3.049354301765561104e-03,2.627455592155456543e-01,1.625569611787796021e-01
5.073115825653076172e-01,5.845976527780294418e-03,4.652517661452293396e-02,3.907339647412300110e-03,2.167978584766387939e-01,2.196120321750640869e-01
5.409125685691833496e-01,5.676337052136659622e-03,5.807655677199363708e-02,5.530873313546180725e-03,2.127015590667724609e-01,1.771021187305450439e-01
4.546918570995330811e-01,4.473552573472261429e-03,3.918834775686264038e-02,5.000546574592590332e-03,2.036880254745483398e-01,2.929576635360717773e-01
4.257245957851409912e-01,3.509883768856525421e-03,3.936941549181938171e-02,5.405024159699678421e-03,2.339160740375518799e-01,2.920749485492706299e-01
3.958004117012023926e-01,5.472651217132806778e-03,4.215018078684806824e-02,3.315197536721825600e-03,4.077222347259521484e-01,1.455393135547637939e-01
5.724787116050720215e-01,7.410197984427213669e-03,5.897965282201766968e-02,5.284569226205348969e-03,2.402094602584838867e-01,1.156373918056488037e-01
5.797208547592163086e-01,7.707707583904266357e-03,3.686066716909408569e-02,5.330347456037998199e-03,1.709559261798858643e-01,1.994245052337646484e-01
6.520268917083740234e-01,8.557165041565895081e-03,5.246665701270103455e-02,9.136225096881389618e-03,8.559426665306091309e-02,1.922187805175781250e-01
6.604425907135009766e-01,7.992620579898357391e-03,4.218309000134468079e-02,1.015183888375759125e-02,5.384143069386482239e-02,2.253884524106979370e-01
6.303482651710510254e-01,6.868673954159021378e-03,4.361852630972862244e-02,8.577019907534122467e-03,6.594201922416687012e-02,2.446454912424087524e-01
6.229700446128845215e-01,7.234373595565557480e-03,7.827142626047134399e-02,1.021965965628623962e-02,1.116873025894165039e-01,1.696171760559082031e-01
6.084843873977661133e-01,7.418426219373941422e-03,8.302337676286697388e-02,6.814850959926843643e-03,2.134826928377151489e-01,8.077634125947952271e-02
6.687188744544982910e-01,4.607548471540212631e-03,9.324444830417633057e-02,1.396939344704151154e-02,1.130402833223342896e-01,1.064195334911346436e-01
6.760829091072082520e-01,5.433234851807355881e-03,1.097108274698257446e-01,9.988546371459960938e-03,1.139159649610519409e-01,8.486841619014739990e-02
7.214865088462829590e-01,4.593380726873874664e-03,7.429995387792587280e-02,7.965962402522563934e-03,1.071419790387153625e-01,8.451218158006668091e-02
7.229917645454406738e-01,4.416930489242076874e-03,4.198405519127845764e-02,1.051169540733098984e-02,4.089811071753501892e-02,1.791974604129791260e-01
7.636064887046813965e-01,7.921474985778331757e-03,4.276218637824058533e-02,1.279735844582319260e-02,3.624538704752922058e-02,1.366671472787857056e-01
7.452784180641174316e-01,1.314947661012411118e-02,4.469297826290130615e-02,1.020150538533926010e-02,6.521362066268920898e-02,1.214640289545059204e-01
7.410343289375305176e-01,1.623905822634696960e-02,4.603936523199081421e-02,7.567720487713813782e-03,7.158785313367843628e-02,1.175316870212554932e-01
6.729525923728942871e-01,2.274792827665805817e-02,6.084915995597839355e-02,4.028096329420804977e-03,1.834485381841659546e-01,5.597357451915740967e-02
5.543661117553710938e-01,1.508112903684377670e-02,5.413411930203437805e-02,2.293001394718885422e-03,3.121331036090850830e-01,6.199244409799575806e-02
5.886749029159545898e-01,1.173175219446420670e-02,6.677518784999847412e-02,3.590089036151766777e-03,2.594368457794189453e-01,6.979123502969741821e-02
5.793547034263610840e-01,1.877436786890029907e-02,5.956161394715309143e-02,5.078982096165418625e-03,2.386342585086822510e-01,9.859603643417358398e-02
6.292590498924255371e-01,1.662284694612026215e-02,4.674350842833518982e-02,6.243561394512653351e-03,2.132434248924255371e-01,8.788768202066421509e-02
6.287206411361694336e-01,1.697507686913013458e-02,4.537773504853248596e-02,6.509827915579080582e-03,1.950049698352813721e-01,1.074117571115493774e-01
5.879043340682983398e-01,1.674433797597885132e-02,5.601888522505760193e-02,4.281759262084960938e-03,2.381847798824310303e-01,9.686583280563354492e-02
5.270196795463562012e-01,1.508250925689935684e-02,5.778403952717781067e-02,3.289561253041028976e-03,3.228536844253540039e-01,7.397048920392990112e-02
5.286390781402587891e-01,8.682798594236373901e-03,7.885856181383132935e-02,3.388999029994010925e-03,3.096949458122253418e-01,7.073565572500228882e-02
4.903022646903991699e-01,1.208793930709362030e-02,9.015764296054840088e-02,3.849815577268600464e-03,2.954739034175872803e-01,1.081284508109092712e-01
5.188313126564025879e-01,1.081139780580997467e-02,1.003576368093490601e-01,3.954292275011539459e-03,2.742518484592437744e-01,9.179349243640899658e-02
4.960651099681854248e-01,1.346741802990436554e-02,9.041272103786468506e-02,3.607049118727445602e-03,3.254575133323669434e-01,7.099015265703201294e-02
4.818397760391235352e-01,2.293361909687519073e-02,1.152022704482078552e-01,3.410158446058630943e-03,3.308559954166412354e-01,4.575822129845619202e-02
4.924235343933105469e-01,2.318185754120349884e-02,7.238305360078811646e-02,2.783630043268203735e-03,3.500354588031768799e-01,5.919245630502700806e-02
4.950150847434997559e-01,2.454843558371067047e-02,8.632456511259078979e-02,2.746406476944684982e-03,3.425368964672088623e-01,4.882863536477088928e-02
4.441297054290771484e-01,1.414564438164234161e-02,5.431937798857688904e-02,1.880359835922718048e-03,4.396112859249114990e-01,4.591362178325653076e-02
4.706913828849792480e-01,8.172383531928062439e-03,5.417819693684577942e-02,2.650650450959801674e-03,4.015320241451263428e-01,6.277530640363693237e-02
4.621120393276214600e-01,9.803414344787597656e-03,5.926083773374557495e-02,2.795683220028877258e-03,4.032229483127593994e-01,6.280513852834701538e-02
5.017515420913696289e-01,8.030543103814125061e-03,5.735350027680397034e-02,3.426079172641038895e-03,3.518252670764923096e-01,7.761313021183013916e-02
6.388316154479980469e-01,6.151615642011165619e-03,7.180210202932357788e-02,7.614889647811651230e-03,1.786978691816329956e-01,9.690191596746444702e-02
7.250295281410217285e-01,8.893723599612712860e-03,6.309866160154342651e-02,7.697926834225654602e-03,1.080600097775459290e-01,8.722016215324401855e-02
7.096195220947265625e-01,7.478571031242609024e-03,8.152149617671966553e-02,8.275880478322505951e-03,1.142483279109001160e-01,7.885633409023284912e-02
7.000232934951782227e-01,9.848335757851600647e-03,8.080771565437316895e-02,8.093614131212234497e-03,1.262816935777664185e-01,7.494540512561798096e-02
5.820245146751403809e-01,8.414171636104583740e-03,8.951561897993087769e-02,4.463775083422660828e-03,2.728650271892547607e-01,4.271680861711502075e-02
5.123975872993469238e-01,5.601651966571807861e-03,1.714593023061752319e-01,7.401044480502605438e-03,2.616063356399536133e-01,4.153407737612724304e-02
4.579741954803466797e-01,4.800613038241863251e-03,1.936620771884918213e-01,7.232409901916980743e-03,3.010909557342529297e-01,3.523970767855644226e-02
4.472770094871520996e-01,4.507648292928934097e-03,2.219272553920745850e-01,1.363238971680402756e-02,2.516128420829772949e-01,6.104293465614318848e-02
4.232537448406219482e-01,5.112508777529001236e-03,9.885229170322418213e-02,5.182418972253799438e-03,3.938462138175964355e-01,7.375283539295196533e-02
4.114364385604858398e-01,6.137702614068984985e-03,7.190047204494476318e-02,3.593166358768939972e-03,4.457589685916900635e-01,6.117315590381622314e-02
4.065341651439666748e-01,5.913383327424526215e-03,5.741696059703826904e-02,3.445254871621727943e-03,4.665051996707916260e-01,6.018491089344024658e-02
2.809491455554962158e-01,9.602638892829418182e-03,1.040725111961364746e-01,2.147780498489737511e-03,5.894557833671569824e-01,1.377211697399616241e-02
3.218224942684173584e-01,8.596702478826045990e-03,8.074837177991867065e-02,2.174413064494729042e-03,5.703317523002624512e-01,1.632627099752426147e-02
3.769120275974273682e-01,8.976542390882968903e-03,1.589467078447341919e-01,4.794315900653600693e-03,4.247686862945556641e-01,2.560177259147167206e-02
3.785284757614135742e-01,1.012583822011947632e-02,4.039584398269653320e-01,1.215474959462881088e-02,1.683009415864944458e-01,2.693163231015205383e-02
2.933092117309570312e-01,9.735317900776863098e-03,5.031127333641052246e-01,9.022236801683902740e-03,1.704785972833633423e-01,1.434184331446886063e-02
3.781616985797882080e-01,6.794658955186605453e-03,4.215063154697418213e-01,1.931154355406761169e-02,1.314557641744613647e-01,4.277002811431884766e-02
3.219771683216094971e-01,7.111744023859500885e-03,4.188964366912841797e-01,1.017095893621444702e-02,2.105826735496520996e-01,3.126104176044464111e-02
4.498521089553833008e-01,9.652899578213691711e-03,1.288185268640518188e-01,7.112709805369377136e-03,3.415462672710418701e-01,6.301750987768173218e-02
6.056421995162963867e-01,1.143204886466264725e-02,1.116008758544921875e-01,1.032544486224651337e-02,2.085736542940139771e-01,5.242573469877243042e-02
6.593391895294189453e-01,1.025989651679992676e-02,6.722272932529449463e-02,8.779873140156269073e-03,1.685375869274139404e-01,8.586070686578750610e-02
6.088861823081970215e-01,1.107770577073097229e-02,4.800687730312347412e-02,7.111319806426763535e-03,2.256152182817459106e-01,9.930279850959777832e-02
6.559420228004455566e-01,1.066826283931732178e-02,4.472598433494567871e-02,8.718116208910942078e-03,1.500124037265777588e-01,1.299330890178680420e-01
6.428686380386352539e-01,9.456191211938858032e-03,3.790433704853057861e-02,7.583448197692632675e-03,1.560225635766983032e-01,1.461648195981979370e-01
6.004079580307006836e-01,8.442017249763011932e-03,3.922783210873603821e-02,6.429297383874654770e-03,1.398395299911499023e-01,2.056533098220825195e-01
6.449656486511230469e-01,1.626666076481342316e-02,3.905843570828437805e-02,7.057446055114269257e-03,1.299285739660263062e-01,1.627233177423477173e-01
6.706580519676208496e-01,1.789504289627075195e-02,5.426919087767601013e-02,8.708657696843147278e-03,1.101278439164161682e-01,1.383411735296249390e-01
6.932922601699829102e-01,1.490240078419446945e-02,4.775962606072425842e-02,6.127905566245317459e-03,1.204888597130775452e-01,1.174289062619209290e-01
6.944413781166076660e-01,2.480396069586277008e-02,1.106566861271858215e-01,1.847105100750923157e-02,7.826180756092071533e-02,7.336511462926864624e-02
7.377628087997436523e-01,1.240771729499101639e-02,1.042135879397392273e-01,2.083022333681583405e-02,4.368602484464645386e-02,8.109957724809646606e-02
6.983744502067565918e-01,1.028494909405708313e-02,5.418264120817184448e-02,1.530438568443059921e-02,4.013747349381446838e-02,1.817161589860916138e-01
6.725085377693176270e-01,6.729781161993741989e-03,6.462386250495910645e-02,2.003772743046283722e-02,3.456611186265945435e-02,2.015338689088821411e-01
6.078001260757446289e-01,6.171972956508398056e-03,3.390322625637054443e-02,8.931275457143783569e-03,5.794738978147506714e-02,2.852460145950317383e-01
6.036530733108520508e-01,4.650703631341457367e-03,3.112140111625194550e-02,6.141739897429943085e-03,9.481665492057800293e-02,2.596164047718048096e-01
5.625724792480468750e-01,9.904415346682071686e-03,4.160010069608688354e-02,3.508402267470955849e-03,2.830303013324737549e-01,9.938427805900573730e-02
5.864116549491882324e-01,1.751906797289848328e-02,5.629957094788551331e-02,4.929491784423589706e-03,2.380432039499282837e-01,9.679704904556274414e-02
5.757275223731994629e-01,1.863526552915573120e-02,5.192922055721282959e-02,3.458768827840685844e-03,2.587341070175170898e-01,9.151512384414672852e-02
5.920178890228271484e-01,1.287495624274015427e-02,4.859022423624992371e-02,5.226864013820886612e-03,1.913218945264816284e-01,1.499681770801544189e-01
6.895728111267089844e-01,1.899148523807525635e-02,6.534446775913238525e-02,1.179706957191228867e-02,7.943139970302581787e-02,1.348627209663391113e-01
6.699582934379577637e-01,1.389854215085506439e-02,4.701818153262138367e-02,8.515634573996067047e-03,1.108564361929893494e-01,1.497529745101928711e-01
6.889826059341430664e-01,9.875503368675708771e-03,5.943472310900688171e-02,9.415586479008197784e-03,7.813437283039093018e-02,1.541571170091629028e-01
7.763151526451110840e-01,1.279390882700681686e-02,8.612138777971267700e-02,1.263228897005319595e-02,4.810803383588790894e-02,6.402915716171264648e-02
7.517480850219726562e-01,1.672053337097167969e-02,9.211881458759307861e-02,9.394453838467597961e-03,6.035220995545387268e-02,6.966593861579895020e-02
7.461448311805725098e-01,9.682517498731613159e-03,1.049867197871208191e-01,1.361993048340082169e-02,5.254177004098892212e-02,7.302416861057281494e-02
7.521926760673522949e-01,1.184156537055969238e-02,9.223915636539459229e-02,1.462736073881387711e-02,4.060131683945655823e-02,8.849787712097167969e-02
7.286257147789001465e-01,1.254204846918582916e-02,7.163150608539581299e-02,1.225090585649013519e-02,5.303815007209777832e-02,1.219116002321243286e-01
6.305464506149291992e-01,7.389191538095474243e-03,4.835483431816101074e-02,1.034776214510202408e-02,4.825561866164207458e-02,2.551060318946838379e-01
5.640789866447448730e-01,9.495413862168788910e-03,7.846133410930633545e-02,2.009554207324981689e-02,3.599866852164268494e-02,2.918700873851776123e-01
6.384158730506896973e-01,1.942417956888675690e-02,8.091612160205841064e-02,2.115416526794433594e-02,4.093779250979423523e-02,1.991519033908843994e-01
5.851842761039733887e-01,2.084756456315517426e-02,8.850982040166854858e-02,1.779677718877792358e-02,6.747992336750030518e-02,2.201815247535705566e-01
6.379292011260986328e-01,1.689004153013229370e-02,8.606141060590744019e-02,1.687631197273731232e-02,8.431917428970336914e-02,1.579238325357437134e-01
6.421385407447814941e-01,1.268257759511470795e-02,3.964415192604064941e-02,8.489698171615600586e-03,1.167562156915664673e-01,1.802888810634613037e-01
6.755163073539733887e-01,8.837894536554813385e-03,5.383307859301567078e-02,1.297133788466453552e-02,1.013836860656738281e-01,1.474576145410537720e-01
6.738903522491455078e-01,5.430126562714576721e-03,3.771291673183441162e-02,1.236857846379280090e-02,4.992229864001274109e-02,2.206757664680480957e-01
7.519052624702453613e-01,8.970914408564567566e-03,5.852942168712615967e-02,1.528040505945682526e-02,4.039655625820159912e-02,1.249173656105995178e-01
7.818939685821533203e-01,8.798453956842422485e-03,5.603341013193130493e-02,8.972215466201305389e-03,6.341113150119781494e-02,8.089079707860946655e-02
6.822376251220703125e-01,1.266442332416772842e-02,6.370322406291961670e-02,4.969839937984943390e-03,1.589021384716033936e-01,7.752273231744766235e-02
6.424547433853149414e-01,2.170635014772415161e-02,5.381798744201660156e-02,4.112298134714365005e-03,2.196449339389801025e-01,5.826366692781448364e-02
4.983802735805511475e-01,1.387418899685144424e-02,4.541657119989395142e-02,3.320640651509165764e-03,3.223716020584106445e-01,1.166368126869201660e-01
4.548186063766479492e-01,1.016281452029943466e-02,4.012179374694824219e-02,3.259533783420920372e-03,3.546994328498840332e-01,1.369378417730331421e-01
5.112024545669555664e-01,6.750076543539762497e-03,4.487739503383636475e-02,5.515641998499631882e-03,2.244175225496292114e-01,2.072369456291198730e-01
5.021391510963439941e-01,4.274655133485794067e-03,4.100503399968147278e-02,5.402302835136651993e-03,1.468058377504348755e-01,3.003730475902557373e-01
4.766145050525665283e-01,2.453051274642348289e-03,3.738361597061157227e-02,4.900028463453054428e-03,1.922607421875000000e-01,2.863880693912506104e-01
5.552040338516235352e-01,3.193871118128299713e-03,6.012038514018058777e-02,5.495620891451835632e-03,1.809253990650177002e-01,1.950606703758239746e-01
5.020945072174072266e-01,4.078647121787071228e-03,5.473317578434944153e-02,3.933382686227560043e-03,3.133468925952911377e-01,1.218134090304374695e-01
4.673847258090972900e-01,3.920540213584899902e-03,6.024245545268058777e-02,2.930676564574241638e-03,3.936859071254730225e-01,7.183559238910675049e-02
5.255838632583618164e-01,4.422707483172416687e-03,4.847586154937744141e-02,3.554104594513773918e-03,3.277742266654968262e-01,9.018923342227935791e-02
5.037222504615783691e-01,4.157053772360086441e-03,3.043196722865104675e-02,3.698892891407012939e-03,2.773499190807342529e-01,1.806399077177047729e-01
5.210754871368408203e-01,3.673336934298276901e-03,3.788183629512786865e-02,8.062919601798057556e-03,1.350885033607482910e-01,2.942178249359130859e-01
4.498051702976226807e-01,3.836234565824270248e-03,2.724055573344230652e-02,1.529944874346256256e-02,6.277244538068771362e-02,4.410461485385894775e-01
5.368241071701049805e-01,5.445674061775207520e-03,5.042971670627593994e-02,1.894001662731170654e-02,7.834816724061965942e-02,3.100123107433319092e-01
6.029573678970336914e-01,6.661106366664171219e-03,5.922606214880943298e-02,1.847809180617332458e-02,9.883125871419906616e-02,2.138461768627166748e-01
6.467005014419555664e-01,5.387310869991779327e-03,8.330608159303665161e-02,2.348528057336807251e-02,8.442308008670806885e-02,1.566977351903915405e-01
6.517580151557922363e-01,5.804309621453285217e-03,6.682271510362625122e-02,9.563858620822429657e-03,1.643550992012023926e-01,1.016959771513938904e-01
6.967525482177734375e-01,3.924824763089418411e-03,5.068987235426902771e-02,1.542648207396268845e-02,7.196701318025588989e-02,1.612392812967300415e-01
6.788541078567504883e-01,4.611910320818424225e-03,4.777140170335769653e-02,1.741002313792705536e-02,5.684959888458251953e-02,1.945030391216278076e-01
7.122632265090942383e-01,6.363932043313980103e-03,4.464829713106155396e-02,1.701766438782215118e-02,5.415525659918785095e-02,1.655515581369400024e-01
6.903139352798461914e-01,5.198170896619558334e-03,5.017990991473197937e-02,1.659015007317066193e-02,6.413903087377548218e-02,1.735788434743881226e-01
6.786772012710571289e-01,1.055080629885196686e-02,7.989256829023361206e-02,1.223461050540208817e-02,1.347162276506423950e-01,8.392859995365142822e-02
6.509867310523986816e-01,9.295210242271423340e-03,1.604796499013900757e-01,1.991474069654941559e-02,1.052424460649490356e-01,5.408122017979621887e-02
7.076292634010314941e-01,6.829591002315282822e-03,1.388646811246871948e-01,2.400061115622520447e-02,7.415535300970077515e-02,4.852048680186271667e-02
5.436462759971618652e-01,1.186710316687822342e-02,3.274741768836975098e-01,2.563866972923278809e-02,6.842786818742752075e-02,2.294581383466720581e-02
5.718914866447448730e-01,8.595606312155723572e-03,2.643206715583801270e-01,8.628339320421218872e-02,2.100581675767898560e-02,4.790309444069862366e-02
4.743227660655975342e-01,8.098563179373741150e-03,3.695405423641204834e-01,8.512049168348312378e-02,1.860573701560497284e-02,4.431184753775596619e-02
5.009254217147827148e-01,1.413474790751934052e-02,3.033939301967620850e-01,7.639539986848831177e-02,3.216775134205818176e-02,7.298274338245391846e-02
5.765132308006286621e-01,8.929948322474956512e-03,1.403304636478424072e-01,2.753016166388988495e-02,6.533492356538772583e-02,1.813612282276153564e-01
5.656760334968566895e-01,6.263618357479572296e-03,1.258258074522018433e-01,2.651706337928771973e-02,8.449572324752807617e-02,1.912216991186141968e-01
6.384320855140686035e-01,4.774622153490781784e-03,7.496304810047149658e-02,4.872770607471466064e-02,2.614067308604717255e-02,2.069617807865142822e-01
5.895312428474426270e-01,1.513326773419976234e-03,2.633605897426605225e-02,4.226574674248695374e-02,1.286727096885442734e-02,3.274863660335540771e-01
6.040126681327819824e-01,1.534658251330256462e-03,2.167959697544574738e-02,5.305352434515953064e-02,6.442361976951360703e-03,3.132772147655487061e-01
6.392642855644226074e-01,2.609059913083910942e-03,6.643503904342651367e-02,1.155689060688018799e-01,1.047058403491973877e-02,1.656521856784820557e-01
6.525072455406188965e-01,4.598103463649749756e-03,9.882508963346481323e-02,1.142001822590827942e-01,1.499784272164106369e-02,1.148716136813163757e-01
6.729617118835449219e-01,5.325847305357456207e-03,1.002139598131179810e-01,3.474722430109977722e-02,4.606965184211730957e-02,1.406815350055694580e-01
6.009368896484375000e-01,5.440020468086004257e-03,2.444770485162734985e-01,3.692767024040222168e-02,6.428354978561401367e-02,4.793485999107360840e-02
6.702009439468383789e-01,5.268013104796409607e-03,1.353114098310470581e-01,1.610200293362140656e-02,8.527621626853942871e-02,8.784133940935134888e-02
6.389225721359252930e-01,7.567000575363636017e-03,1.251027733087539673e-01,1.240863092243671417e-02,1.434862613677978516e-01,7.251278311014175415e-02
5.536009073257446289e-01,7.591676898300647736e-03,1.150538772344589233e-01,7.776438258588314056e-03,2.343754321336746216e-01,8.160168677568435669e-02
5.718201994895935059e-01,2.015461027622222900e-02,1.134448871016502380e-01,7.986580953001976013e-03,2.145517021417617798e-01,7.204209268093109131e-02
5.787472128868103027e-01,3.707113862037658691e-02,7.232876121997833252e-02,7.636312860995531082e-03,1.915976405143737793e-01,1.126189753413200378e-01
6.519069075584411621e-01,4.133925214409828186e-02,9.120228886604309082e-02,1.924662850797176361e-02,1.128416210412979126e-01,8.346325159072875977e-02
6.637795567512512207e-01,4.013456404209136963e-02,5.177893117070198059e-02,1.538595836609601974e-02,1.022829934954643250e-01,1.266379207372665405e-01
6.696493029594421387e-01,3.438270837068557739e-02,4.795087501406669617e-02,1.913989335298538208e-02,9.005974978208541870e-02,1.388173848390579224e-01
7.120898962020874023e-01,1.337834354490041733e-02,8.135759830474853516e-02,1.763974502682685852e-02,8.885192126035690308e-02,8.668251335620880127e-02
6.962919831275939941e-01,1.400069985538721085e-02,4.816234856843948364e-02,7.812701165676116943e-03,1.336425989866256714e-01,1.000896766781806946e-01
7.213101387023925781e-01,2.005807310342788696e-02,6.407383829355239868e-02,8.294168859720230103e-03,1.203494369983673096e-01,6.591431796550750732e-02
7.112121582031250000e-01,1.625536940991878510e-02,7.572642713785171509e-02,6.294875871390104294e-03,1.230163276195526123e-01,6.749482452869415283e-02
7.095593214035034180e-01,2.950206398963928223e-02,7.383591681718826294e-02,8.784955367445945740e-03,1.087381020188331604e-01,6.957963854074478149e-02
6.825968623161315918e-01,3.793462365865707397e-02,1.187675297260284424e-01,1.309811696410179138e-02,7.518353313207626343e-02,7.241933792829513550e-02
5.787047147750854492e-01,4.437038302421569824e-02,1.738062649965286255e-01,1.168197859078645706e-02,1.265988051891326904e-01,6.483791023492813110e-02
6.634958982467651367e-01,2.584762126207351685e-02,1.247948855161666870e-01,1.231690123677253723e-02,7.125522196292877197e-02,1.022894382476806641e-01
6.199650168418884277e-01,1.844732649624347687e-02,1.278121173381805420e-01,1.552107557654380798e-02,7.500317692756652832e-02,1.432513147592544556e-01
7.024948596954345703e-01,9.729080833494663239e-03,6.198741123080253601e-02,1.275544520467519760e-02,5.499120429158210754e-02,1.580418944358825684e-01
7.193213105201721191e-01,6.579074542969465256e-03,5.673838406801223755e-02,2.854131720960140228e-02,2.100969292223453522e-02,1.678101718425750732e-01
7.208490371704101562e-01,7.723269518464803696e-03,5.577328428626060486e-02,1.991309411823749542e-02,4.291959851980209351e-02,1.528216749429702759e-01
6.362097859382629395e-01,8.054334670305252075e-03,5.566931143403053284e-02,1.143519859760999680e-02,1.060348004102706909e-01,1.825965344905853271e-01
6.290998458862304688e-01,8.244005963206291199e-03,4.897608980536460876e-02,7.538111414760351181e-03,1.572388559579849243e-01,1.489031165838241577e-01
5.413241386413574219e-01,7.421637885272502899e-03,5.688058584928512573e-02,4.717282019555568695e-03,2.861236631870269775e-01,1.035327613353729248e-01
5.919325351715087891e-01,5.385671276599168777e-03,4.443506151437759399e-02,3.432556521147489548e-03,2.589583694934844971e-01,9.585583209991455078e-02
6.938768625259399414e-01,6.902941968291997910e-03,5.568020790815353394e-02,5.580299999564886093e-03,1.603214442729949951e-01,7.763822376728057861e-02
6.424804925918579102e-01,7.191220764070749283e-03,6.422818452119827271e-02,5.060336552560329437e-03,2.252935469150543213e-01,5.574623122811317444e-02
5.368052721023559570e-01,1.169436238706111908e-02,5.362057313323020935e-02,3.533090930432081223e-03,3.510984480381011963e-01,4.324824735522270203e-02
5.028335452079772949e-01,9.515155106782913208e-03,8.465062826871871948e-02,5.006897263228893280e-03,3.444290161132812500e-01,5.356474965810775757e-02
4.336063861846923828e-01,1.048532966524362564e-02,6.270952522754669189e-02,4.733588080853223801e-03,4.113871753215789795e-01,7.707788795232772827e-02
3.581280708312988281e-01,8.049257099628448486e-03,7.824969291687011719e-02,4.170313943177461624e-03,4.885097444057464600e-01,6.289290636777877808e-02
4.904324710369110107e-01,8.976876735687255859e-03,6.968778371810913086e-02,5.662349518388509750e-03,3.320766687393188477e-01,9.316381067037582397e-02
5.657227635383605957e-01,9.993978776037693024e-03,1.223186850547790527e-01,6.853803060948848724e-03,2.470654696226119995e-01,4.804523289203643799e-02
5.967889428138732910e-01,1.043452974408864975e-02,1.051337271928787231e-01,6.327438168227672577e-03,2.352735400199890137e-01,4.604186490178108215e-02
5.825378298759460449e-01,7.176707033067941666e-03,7.236806303262710571e-02,3.534337040036916733e-03,2.801990509033203125e-01,5.418404564261436462e-02
6.072371602058410645e-01,1.040930487215518951e-02,7.823903858661651611e-02,5.002270918339490891e-03,2.271925806999206543e-01,7.191966474056243896e-02
6.435721516609191895e-01,9.501492604613304138e-03,1.327352523803710938e-01,1.122577674686908722e-02,1.482930183410644531e-01,5.467219278216362000e-02
6.699014306068420410e-01,1.027357019484043121e-02,9.839878976345062256e-02,1.070480979979038239e-02,1.311360746622085571e-01,7.958537340164184570e-02
6.543177962303161621e-01,6.058673840016126633e-03,1.681772023439407349e-01,1.908038929104804993e-02,7.799679040908813477e-02,7.436915487051010132e-02
6.119003295898437500e-01,6.758194882422685623e-03,1.762977987527847290e-01,2.588584087789058685e-02,1.019890233874320984e-01,7.716871798038482666e-02
6.120080947875976562e-01,4.504683893173933029e-03,9.969872981309890747e-02,3.486190736293792725e-02,5.665059387683868408e-02,1.922760307788848877e-01
6.038506627082824707e-01,6.026488263159990311e-03,1.024220958352088928e-01,5.834681540727615356e-02,4.389872401952743530e-02,1.854551881551742554e-01
5.892475843429565430e-01,1.103054918348789215e-02,2.137173861265182495e-01,5.014690756797790527e-02,5.830967426300048828e-02,7.754795998334884644e-02
5.632594823837280273e-01,9.050430729985237122e-03,1.824434250593185425e-01,8.798248320817947388e-02,2.642394788563251495e-02,1.308401376008987427e-01
5.987005233764648438e-01,1.040331367403268814e-02,1.813565045595169067e-01,2.521043829619884491e-02,1.082936003804206848e-01,7.603566348552703857e-02
6.333234310150146484e-01,1.167368330061435699e-02,1.420373171567916870e-01,1.144799124449491501e-02,1.219091415405273438e-01,7.960842549800872803e-02
6.049454808235168457e-01,8.906329050660133362e-03,7.022271305322647095e-02,6.197669077664613724e-03,1.805858314037322998e-01,1.291418820619583130e-01
5.894798040390014648e-01,6.601966917514801025e-03,6.120154261589050293e-02,3.966228570789098740e-03,2.432374507188796997e-01,9.551297873258590698e-02
5.771588683128356934e-01,8.707597851753234863e-03,6.599339097738265991e-02,5.348358768969774246e-03,2.419743388891220093e-01,1.008174568414688110e-01
4.547398686408996582e-01,9.816457517445087433e-03,1.643117964267730713e-01,6.767725106328725815e-03,2.972955405712127686e-01,6.706860661506652832e-02
4.438042044639587402e-01,8.448739536106586456e-03,1.338837891817092896e-01,6.553776562213897705e-03,3.525175750255584717e-01,5.479190498590469360e-02
5.563603043556213379e-01,7.683107629418373108e-03,1.585532724857330322e-01,1.267655380070209503e-02,1.869472265243530273e-01,7.777960598468780518e-02
5.985237360000610352e-01,7.074801716953516006e-03,1.107579097151756287e-01,1.394897885620594025e-02,1.526743620634078979e-01,1.170202642679214478e-01
6.215072274208068848e-01,7.435460109263658524e-03,5.736824497580528259e-02,8.361886255443096161e-03,1.866032779216766357e-01,1.187238469719886780e-01
6.289339661598205566e-01,7.958507165312767029e-03,7.894326001405715942e-02,2.172095328569412231e-02,1.229759454727172852e-01,1.394674181938171387e-01
6.172735691070556641e-01,1.096427440643310547e-02,1.186795532703399658e-01,3.628454357385635376e-02,8.489691466093063354e-02,1.319011151790618896e-01
6.801970601081848145e-01,8.469436317682266235e-03,7.689209282398223877e-02,1.918247155845165253e-02,9.401641786098480225e-02,1.212425604462623596e-01
6.253515481948852539e-01,6.787259131669998169e-03,1.048459932208061218e-01,2.562081441283226013e-02,7.313251495361328125e-02,1.642619371414184570e-01
6.392838358879089355e-01,9.316368028521537781e-03,9.127890318632125854e-02,1.675594598054885864e-02,9.789878875017166138e-02,1.454661935567855835e-01
6.654492616653442383e-01,1.053158193826675415e-02,1.247557923197746277e-01,1.120861992239952087e-02,1.178355962038040161e-01,7.021920382976531982e-02
6.283783912658691406e-01,1.370498444885015488e-02,1.879259198904037476e-01,1.535788457840681076e-02,1.047359034419059753e-01,4.989697411656379700e-02
6.146220564842224121e-01,1.209431793540716171e-02,1.432408243417739868e-01,1.521491352468729019e-02,1.304401755332946777e-01,8.438767492771148682e-02
5.168863534927368164e-01,1.062306761741638184e-02,1.121263876557350159e-01,1.049800403416156769e-02,2.238410860300064087e-01,1.260250806808471680e-01
4.880617260932922363e-01,5.948766134679317474e-03,5.036284029483795166e-02,5.136299412697553635e-03,2.564272880554199219e-01,1.940630525350570679e-01
5.073506832122802734e-01,6.090150214731693268e-03,4.419689252972602844e-02,8.356745354831218719e-03,1.594129353761672974e-01,2.745925784111022949e-01
5.883557200431823730e-01,6.904058158397674561e-03,3.990273922681808472e-02,6.103024818003177643e-03,1.942568570375442505e-01,1.644775867462158203e-01
6.107044816017150879e-01,6.947517860680818558e-03,3.829841688275337219e-02,5.047081038355827332e-03,2.100480049848556519e-01,1.289544999599456787e-01
6.734249591827392578e-01,8.868100121617317200e-03,5.226859077811241150e-02,6.482171360403299332e-03,1.620855182409286499e-01,9.687067568302154541e-02
6.171720027923583984e-01,9.112029336392879486e-03,6.550567597150802612e-02,5.520519800484180450e-03,2.181966453790664673e-01,8.449307829141616821e-02
5.904238224029541016e-01,6.218361202627420425e-03,8.283621072769165039e-02,8.146818727254867554e-03,1.763814836740493774e-01,1.359933465719223022e-01
6.483380198478698730e-01,7.865978404879570007e-03,6.013294309377670288e-02,6.154225207865238190e-03,1.861959248781204224e-01,9.131296724081039429e-02
6.338356137275695801e-01,5.380493588745594025e-03,5.132429674267768860e-02,6.664081010967493057e-03,1.430698335170745850e-01,1.597257405519485474e-01
6.309133172035217285e-01,4.985350184142589569e-03,3.040237911045551300e-02,7.726300507783889771e-03,1.260840594768524170e-01,1.998886018991470337e-01
6.231030821800231934e-01,6.715443916618824005e-03,3.643429651856422424e-02,6.127113010734319687e-03,1.690291613340377808e-01,1.585908979177474976e-01
6.813759803771972656e-01,5.636643152683973312e-03,3.823721408843994141e-02,7.740014232695102692e-03,1.263248920440673828e-01,1.406852900981903076e-01
6.543928384780883789e-01,4.870971199125051498e-03,4.023632779717445374e-02,8.408650755882263184e-03,1.353168338537216187e-01,1.567743718624114990e-01
6.188741922378540039e-01,6.347652990370988846e-03,5.632251501083374023e-02,8.619472384452819824e-03,1.784560531377792358e-01,1.313801109790802002e-01
6.191499829292297363e-01,4.496720153838396072e-03,4.472222551703453064e-02,1.126965694129467010e-02,1.065612882375717163e-01,2.138001173734664917e-01
6.117506027221679688e-01,4.232837818562984467e-03,4.353870078921318054e-02,2.157893963158130646e-02,6.751346588134765625e-02,2.513854503631591797e-01
6.086561083793640137e-01,6.969670299440622330e-03,6.933046132326126099e-02,1.871870830655097961e-02,9.917170554399490356e-02,1.971533149480819702e-01
6.603594422340393066e-01,8.010353893041610718e-03,1.041118726134300232e-01,1.709587872028350830e-02,9.402299672365188599e-02,1.163994744420051575e-01
5.898377895355224609e-01,7.669727317988872528e-03,2.187351584434509277e-01,2.637186832726001740e-02,8.977908641099929810e-02,6.760641932487487793e-02
5.844205021858215332e-01,1.073790807276964188e-02,2.223608642816543579e-01,1.540420576930046082e-02,1.239900514483451843e-01,4.308652877807617188e-02
6.783049106597900391e-01,7.462549023330211639e-03,1.234729364514350891e-01,2.854212746024131775e-02,6.481377780437469482e-02,9.740378707647323608e-02
6.227717399597167969e-01,7.641875650733709335e-03,1.508348584175109863e-01,2.605450712144374847e-02,7.104468345642089844e-02,1.216523945331573486e-01
6.479614377021789551e-01,1.082399487495422363e-02,7.729655504226684570e-02,1.366705726832151413e-02,1.192372664809226990e-01,1.310136765241622925e-01
6.257873177528381348e-01,7.560607511550188065e-03,6.246139109134674072e-02,1.423245947808027267e-02,1.258605718612670898e-01,1.640975326299667358e-01
6.414067149162292480e-01,8.247653953731060028e-03,9.032379835844039917e-02,1.498401910066604614e-02,1.334414482116699219e-01,1.115963086485862732e-01
6.852771043777465820e-01,7.740762550383806229e-03,9.480888396501541138e-02,1.356481853872537613e-02,1.325496286153793335e-01,6.605874001979827881e-02
6.711464524269104004e-01,5.252397619187831879e-03,8.221793919801712036e-02,1.681497506797313690e-02,1.075526773929595947e-01,1.170155033469200134e-01
6.472100019454956055e-01,8.252477273344993591e-03,1.259321868419647217e-01,1.864638552069664001e-02,1.000905111432075500e-01,9.986853599548339844e-02
5.819191932678222656e-01,9.919498115777969360e-03,8.953096717596054077e-02,9.620437398552894592e-03,1.875135749578475952e-01,1.214962229132652283e-01
5.890887379646301270e-01,1.115403603762388229e-02,8.688822388648986816e-02,6.085318978875875473e-03,2.191615104675292969e-01,8.762214332818984985e-02
5.175632834434509277e-01,1.180867664515972137e-02,6.196870282292366028e-02,2.883853623643517494e-03,3.459921777248382568e-01,5.978329479694366455e-02
6.373772025108337402e-01,9.514923207461833954e-03,4.797066375613212585e-02,2.974559552967548370e-03,2.340834736824035645e-01,6.807920336723327637e-02
6.422994136810302734e-01,1.009178627282381058e-02,4.500541090965270996e-02,2.576414728537201881e-03,2.468073368072509766e-01,5.321952700614929199e-02
6.128357052803039551e-01,8.768801577389240265e-03,5.148627609014511108e-02,2.809047466143965721e-03,2.607946991920471191e-01,6.330543756484985352e-02
6.138520240783691406e-01,7.852851413190364838e-03,1.125037670135498047e-01,5.638025701045989990e-03,1.944333016872406006e-01,6.571999192237854004e-02
6.342576742172241211e-01,8.146091364324092865e-03,8.759989589452743530e-02,6.437000818550586700e-03,1.879081279039382935e-01,7.565114647150039673e-02
5.286661386489868164e-01,8.357189595699310303e-03,8.232223987579345703e-02,4.403181839734315872e-03,3.032823204994201660e-01,7.296892255544662476e-02
6.373485922813415527e-01,6.200104951858520508e-03,6.223432719707489014e-02,7.828732952475547791e-03,1.367044448852539062e-01,1.496837437152862549e-01
6.654245257377624512e-01,6.792577449232339859e-03,8.974578231573104858e-02,9.745277464389801025e-03,1.096826195716857910e-01,1.186091527342796326e-01
6.105923056602478027e-01,4.338688217103481293e-03,5.623614415526390076e-02,6.059203296899795532e-03,1.459509879350662231e-01,1.768226772546768188e-01
5.633882284164428711e-01,3.254402894526720047e-03,4.428261145949363708e-02,5.675240419805049896e-03,1.845773309469223022e-01,1.988221257925033569e-01
6.506197452545166016e-01,5.264917854219675064e-03,5.084638297557830811e-02,7.592563517391681671e-03,1.497938185930252075e-01,1.358825564384460449e-01
6.382604241371154785e-01,4.559016786515712738e-03,2.981291152536869049e-02,5.766966380178928375e-03,1.689301431179046631e-01,1.526704281568527222e-01
6.042368412017822266e-01,5.600697826594114304e-03,3.058939613401889801e-02,5.296766292303800583e-03,1.884690523147583008e-01,1.658072620630264282e-01
6.306582689285278320e-01,4.034632351249456406e-03,2.796420641243457794e-02,7.624789141118526459e-03,9.734027832746505737e-02,2.323777526617050171e-01
5.219185948371887207e-01,4.905103705823421478e-03,3.599042445421218872e-02,4.990141838788986206e-03,2.328045517206192017e-01,1.993910819292068481e-01
4.585170447826385498e-01,4.619345534592866898e-03,4.307281598448753357e-02,2.856088103726506233e-03,3.539214134216308594e-01,1.370133310556411743e-01
5.279015898704528809e-01,3.861878765746951103e-03,3.581166639924049377e-02,4.771285690367221832e-03,2.366240918636322021e-01,1.910294145345687866e-01
4.275468289852142334e-01,3.932727500796318054e-03,3.501779213547706604e-02,3.586526960134506226e-03,3.762562572956085205e-01,1.536598652601242065e-01
4.835073053836822510e-01,3.960705827921628952e-03,3.766684234142303467e-02,4.828446544706821442e-03,2.955698370933532715e-01,1.744668036699295044e-01
5.503556728363037109e-01,6.591764744371175766e-03,4.254309460520744324e-02,7.117157336324453354e-03,2.396386414766311646e-01,1.537536084651947021e-01
5.585620403289794922e-01,6.488872226327657700e-03,5.718320608139038086e-02,5.961318966001272202e-03,2.247164398431777954e-01,1.470881849527359009e-01
5.435534715652465820e-01,1.018246170133352280e-02,5.739779770374298096e-02,4.461958073079586029e-03,2.458932101726531982e-01,1.385110616683959961e-01
5.513446331024169922e-01,7.736074738204479218e-03,4.108176007866859436e-02,5.814622156322002411e-03,1.597978472709655762e-01,2.342251092195510864e-01
6.273228526115417480e-01,2.437659166753292084e-02,6.177605316042900085e-02,1.066436991095542908e-02,9.288143366575241089e-02,1.829786002635955811e-01
5.884271860122680664e-01,3.210050985217094421e-02,7.696013152599334717e-02,8.740327320992946625e-03,1.893899887800216675e-01,1.043819487094879150e-01
6.403053998947143555e-01,3.663301840424537659e-02,8.726599067449569702e-02,8.716232143342494965e-03,1.682867258787155151e-01,5.879257619380950928e-02
6.668170690536499023e-01,5.403926968574523926e-02,1.274705976247787476e-01,2.018726803362369537e-02,8.974307030439376831e-02,4.174268618226051331e-02
6.627079248428344727e-01,1.676415093243122101e-02,1.872790157794952393e-01,1.806986518204212189e-02,9.160783141851425171e-02,2.357118204236030579e-02
6.774077415466308594e-01,9.257348254323005676e-03,1.715830713510513306e-01,3.456407040357589722e-02,7.023436576128005981e-02,3.695343062281608582e-02
6.556381583213806152e-01,1.326836366206407547e-02,2.045042216777801514e-01,4.403967410326004028e-02,5.103529989719390869e-02,3.151432052254676819e-02
6.890698075294494629e-01,7.227011490613222122e-03,1.184905096888542175e-01,1.945787854492664337e-02,9.950646758079528809e-02,6.624829769134521484e-02
6.126652359962463379e-01,7.524560205638408661e-03,6.559023261070251465e-02,9.515928104519844055e-03,1.844350248575210571e-01,1.202690675854682922e-01
5.666618943214416504e-01,7.153037004172801971e-03,5.861407890915870667e-02,1.435212232172489166e-02,1.528833061456680298e-01,2.003355920314788818e-01
5.809295177459716797e-01,1.067712996155023575e-02,1.113001778721809387e-01,1.470246817916631699e-02,1.513929516077041626e-01,1.309976577758789062e-01
5.536807775497436523e-01,1.235596369951963425e-02,1.374981254339218140e-01,8.982644416391849518e-03,2.237938493490219116e-01,6.368860602378845215e-02
4.740090966224670410e-01,1.337137259542942047e-02,2.843716740608215332e-01,1.458918489515781403e-02,1.694568693637847900e-01,4.420177638530731201e-02
5.051487684249877930e-01,1.121999137103557587e-02,3.262756466865539551e-01,1.387615874409675598e-02,1.087860614061355591e-01,3.469329699873924255e-02
5.991796255111694336e-01,1.022002100944519043e-02,2.412753701210021973e-01,2.047385275363922119e-02,6.713666766881942749e-02,6.171449273824691772e-02
6.029524803161621094e-01,4.915720317512750626e-03,1.280846595764160156e-01,1.983561925590038300e-02,1.081056296825408936e-01,1.361058801412582397e-01
6.376450657844543457e-01,7.616935297846794128e-03,8.073513954877853394e-02,1.275810319930315018e-02,1.442839652299880981e-01,1.169607564806938171e-01
5.939995050430297852e-01,5.926239304244518280e-03,6.775047630071640015e-02,1.308218576014041901e-02,2.031606584787368774e-01,1.160808876156806946e-01
6.022527217864990234e-01,7.027751300483942032e-03,6.399288773536682129e-02,1.062488369643688202e-02,2.245128750801086426e-01,9.158889204263687134e-02
5.839769244194030762e-01,5.326663143932819366e-03,8.292626589536666870e-02,1.017701905220746994e-02,1.901349723339080811e-01,1.274581402540206909e-01
5.750989317893981934e-01,6.274514831602573395e-03,8.520593494176864624e-02,9.127906523644924164e-03,1.825713366270065308e-01,1.417213827371597290e-01
5.064668059349060059e-01,8.726401254534721375e-03,7.676982134580612183e-02,5.285589024424552917e-03,2.641231715679168701e-01,1.386282145977020264e-01
6.188766956329345703e-01,8.802867494523525238e-03,6.172060221433639526e-02,8.481703698635101318e-03,1.412982195615768433e-01,1.608199179172515869e-01
6.838032603263854980e-01,2.107289433479309082e-02,4.864460602402687073e-02,1.109177805483341217e-02,1.158162057399749756e-01,1.195713132619857788e-01
6.771726012229919434e-01,1.404849439859390259e-02,3.458421677350997925e-02,2.021556720137596130e-02,4.759668558835983276e-02,2.063824981451034546e-01
7.152479887008666992e-01,1.278763730078935623e-02,5.298880860209465027e-02,2.891570329666137695e-02,3.273515775799751282e-02,1.573246270418167114e-01
6.562836766242980957e-01,1.282695587724447250e-02,9.235652536153793335e-02,3.816902637481689453e-02,3.164863586425781250e-02,1.687151640653610229e-01
6.660687327384948730e-01,8.409228175878524780e-03,1.107891574501991272e-01,3.942868486046791077e-02,3.576524183154106140e-02,1.395388841629028320e-01
6.648404598236083984e-01,1.278714090585708618e-02,1.973446756601333618e-01,3.028027527034282684e-02,4.135999083518981934e-02,5.338744446635246277e-02
7.353624701499938965e-01,1.487418916076421738e-02,1.311762630939483643e-01,1.978748664259910583e-02,5.616926401853561401e-02,4.263019561767578125e-02
7.024927139282226562e-01,3.040052019059658051e-02,1.159089356660842896e-01,1.098588388413190842e-02,1.035960763692855835e-01,3.661578893661499023e-02
6.926477551460266113e-01,2.788829058408737183e-02,1.159074008464813232e-01,9.161951951682567596e-03,1.208350807428359985e-01,3.355952352285385132e-02
6.898431181907653809e-01,1.792146638035774231e-02,9.477182477712631226e-02,4.678367171436548233e-03,1.648989915847778320e-01,2.788631431758403778e-02
6.711482405662536621e-01,2.303124964237213135e-02,8.613933622837066650e-02,3.714629914611577988e-03,1.828441321849822998e-01,3.312239050865173340e-02
7.251782417297363281e-01,1.738766580820083618e-02,7.782438397407531738e-02,4.283973481506109238e-03,1.405287235975265503e-01,3.479702770709991455e-02
6.397444009780883789e-01,1.762064173817634583e-02,7.543644309043884277e-02,3.674380481243133545e-03,2.217866182327270508e-01,4.173746705055236816e-02
5.959939956665039062e-01,1.678871363401412964e-02,8.833677321672439575e-02,3.886400023475289345e-03,2.496486753225326538e-01,4.534548148512840271e-02
6.770990490913391113e-01,9.008239954710006714e-03,8.420355618000030518e-02,7.632426917552947998e-03,1.315500587224960327e-01,9.050673991441726685e-02
6.600725650787353516e-01,6.976228207349777222e-03,6.070386990904808044e-02,9.422296658158302307e-03,7.426252216100692749e-02,1.885625571012496948e-01
6.424915790557861328e-01,5.430999677628278732e-03,5.907374992966651917e-02,1.255855336785316467e-02,5.839178338646888733e-02,2.220532894134521484e-01
6.779389381408691406e-01,4.977757111191749573e-03,6.563551723957061768e-02,2.716535702347755432e-02,1.788077875971794128e-02,2.064016908407211304e-01
7.426781654357910156e-01,7.034365553408861160e-03,6.081846356391906738e-02,2.117034792900085449e-02,2.104051969945430756e-02,1.472580730915069580e-01
7.437210083007812500e-01,1.494434662163257599e-02,1.053089648485183716e-01,1.594474911689758301e-02,6.315397471189498901e-02,5.692687630653381348e-02
6.922434568405151367e-01,3.175202384591102600e-02,9.603343904018402100e-02,7.379540242254734039e-03,1.329589337110519409e-01,3.963269293308258057e-02
4.814474880695343018e-01,3.478028252720832825e-02,2.090300023555755615e-01,6.103448104113340378e-03,2.309270799160003662e-01,3.771167993545532227e-02
4.024753272533416748e-01,1.954154856503009796e-02,1.564588993787765503e-01,5.095426924526691437e-03,3.442640006542205811e-01,7.216475158929824829e-02
4.175300598144531250e-01,9.278980083763599396e-03,1.068067923188209534e-01,4.414334427565336227e-03,3.438385725021362305e-01,1.181313768029212952e-01
4.120861887931823730e-01,5.635835696011781693e-03,1.115589663386344910e-01,5.189381074160337448e-03,3.058510422706604004e-01,1.596784889698028564e-01
5.563392043113708496e-01,4.821597598493099213e-03,4.421278834342956543e-02,6.963972002267837524e-03,1.709970384836196899e-01,2.166655212640762329e-01
5.175690054893493652e-01,6.355361081659793854e-03,3.048424050211906433e-02,5.204600747674703598e-03,1.510589122772216797e-01,2.893278300762176514e-01
6.311904788017272949e-01,1.299566589295864105e-02,4.979140311479568481e-02,8.243608288466930389e-03,9.576758742332458496e-02,2.020112127065658569e-01
6.006340980529785156e-01,2.744141779839992523e-02,4.801757261157035828e-02,6.608666852116584778e-03,1.575077921152114868e-01,1.597903966903686523e-01
5.313707590103149414e-01,2.686960808932781219e-02,5.548367276787757874e-02,5.156524479389190674e-03,1.803324818611145020e-01,2.007869631052017212e-01
4.905522465705871582e-01,1.595178060233592987e-02,4.900716617703437805e-02,2.775460714474320412e-03,3.423411846160888672e-01,9.937226027250289917e-02
4.602431058883666992e-01,9.870370849967002869e-03,4.008198529481887817e-02,2.195218345150351524e-03,3.864786922931671143e-01,1.011306568980216980e-01
4.224912524223327637e-01,7.472199387848377228e-03,4.208474978804588318e-02,2.674992894753813744e-03,4.056411087512969971e-01,1.196357458829879761e-01
4.602961242198944092e-01,8.893270976841449738e-03,9.616327285766601562e-02,3.832771209999918938e-03,3.571946024894714355e-01,7.361993193626403809e-02
4.275758564472198486e-01,1.192225608974695206e-02,6.845407187938690186e-02,2.704553771764039993e-03,4.147841930389404297e-01,7.455909252166748047e-02
5.286213755607604980e-01,1.284156180918216705e-02,1.316370964050292969e-01,7.179472595453262329e-03,2.390499562025070190e-01,8.067058026790618896e-02
5.787079334259033203e-01,9.611804038286209106e-03,1.001646220684051514e-01,4.453652072697877884e-03,1.956377476453781128e-01,1.114242225885391235e-01
4.978168308734893799e-01,7.640218362212181091e-03,5.938722938299179077e-02,3.519440768286585808e-03,2.572611272335052490e-01,1.743751317262649536e-01
5.739019513130187988e-01,1.141034159809350967e-02,6.400244683027267456e-02,4.668678157031536102e-03,1.975777447223663330e-01,1.484388411045074463e-01
5.677568316459655762e-01,1.075889356434345245e-02,5.432154983282089233e-02,5.792483687400817871e-03,1.528439968824386597e-01,2.085262686014175415e-01
5.702337026596069336e-01,9.436613880097866058e-03,4.124061763286590576e-02,5.675919353961944580e-03,1.190525144338607788e-01,2.543606162071228027e-01
6.012036800384521484e-01,2.203473821282386780e-02,4.747576639056205750e-02,9.216759353876113892e-03,9.804832190275192261e-02,2.220207601785659790e-01
6.345499157905578613e-01,1.873741298913955688e-02,2.917756512761116028e-02,9.327946230769157410e-03,6.032351404428482056e-02,2.478836923837661743e-01
5.558729171752929688e-01,1.094614621251821518e-02,3.158659487962722778e-02,8.003287017345428467e-03,5.333026871085166931e-02,3.402607440948486328e-01
7.362304329872131348e-01,1.743293926119804382e-02,5.395735055208206177e-02,9.445211850106716156e-03,5.160643532872200012e-02,1.313275396823883057e-01
7.717843055725097656e-01,1.706824637949466705e-02,7.834614813327789307e-02,1.428234856575727463e-02,3.388584777712821960e-02,8.463306725025177002e-02
7.460931539535522461e-01,1.936486735939979553e-02,9.345402568578720093e-02,1.328204199671745300e-02,4.627662897109985352e-02,8.152926713228225708e-02
7.429416179656982422e-01,3.602601215243339539e-02,1.275942027568817139e-01,1.741438731551170349e-02,4.225723817944526672e-02,3.376659378409385681e-02
7.639595866203308105e-01,3.746030479669570923e-02,7.526294142007827759e-02,1.585403271019458771e-02,5.135390162467956543e-02,5.610923841595649719e-02
7.478601336479187012e-01,1.899256370961666107e-02,4.118634760379791260e-02,9.503527544438838959e-03,8.434450626373291016e-02,9.811291843652725220e-02
7.460100650787353516e-01,8.344961330294609070e-03,3.681714087724685669e-02,9.597158990800380707e-03,5.698211118578910828e-02,1.422485113143920898e-01
7.175036668777465820e-01,8.980255573987960815e-03,3.008951433002948761e-02,9.772353805601596832e-03,4.866891726851463318e-02,1.849852204322814941e-01
6.745495796203613281e-01,1.199707016348838806e-02,5.419517308473587036e-02,1.038954779505729675e-02,9.395200014114379883e-02,1.549165695905685425e-01
6.691541671752929688e-01,1.079092640429735184e-02,9.242490679025650024e-02,2.155006490647792816e-02,6.354977190494537354e-02,1.425300240516662598e-01
6.131767034530639648e-01,1.484191510826349258e-02,1.152815371751785278e-01,1.665715873241424561e-02,1.224502548575401306e-01,1.175924763083457947e-01
6.903850436210632324e-01,1.283388119190931320e-02,1.373254507780075073e-01,3.759229928255081177e-02,5.290526896715164185e-02,6.895790994167327881e-02
6.685485243797302246e-01,8.127785287797451019e-03,8.930859714746475220e-02,3.122561052441596985e-02,7.024656981229782104e-02,1.325429975986480713e-01
7.280932068824768066e-01,7.116862572729587555e-03,6.099956482648849487e-02,2.644828893244266510e-02,4.236611723899841309e-02,1.349759399890899658e-01
6.963015198707580566e-01,7.928810082376003265e-03,4.431921243667602539e-02,2.313978411257266998e-02,4.242337495088577271e-02,1.858874112367630005e-01
5.426471829414367676e-01,5.349566228687763214e-03,1.789975352585315704e-02,1.051753573119640350e-02,3.844614699482917786e-02,3.851397931575775146e-01
4.936088621616363525e-01,5.959248170256614685e-03,2.077380008995532990e-02,9.090638719499111176e-03,4.387272149324417114e-02,4.266946911811828613e-01
3.645468056201934814e-01,3.941840492188930511e-03,1.516899373382329941e-02,5.221273284405469894e-03,5.588685721158981323e-02,5.552343130111694336e-01
3.561175465583801270e-01,3.468529321253299713e-03,1.855539716780185699e-02,4.617980215698480606e-03,6.255733221769332886e-02,5.546832084655761719e-01
4.255574047565460205e-01,3.778866259381175041e-03,2.733856439590454102e-02,8.513330481946468353e-03,7.377611845731735229e-02,4.610356986522674561e-01
5.910086631774902344e-01,7.162357214838266373e-03,3.534831106662750244e-02,8.561450988054275513e-03,7.007119059562683105e-02,2.878480553627014160e-01
6.813654899597167969e-01,7.605836261063814163e-03,3.545165061950683594e-02,1.338681485503911972e-02,4.580064490437507629e-02,2.163895517587661743e-01
6.896308660507202148e-01,1.040694955736398697e-02,5.223895236849784851e-02,1.274548098444938660e-02,6.190483644604682922e-02,1.730729192495346069e-01
6.950075626373291016e-01,1.671884022653102875e-02,4.859308898448944092e-02,8.530780673027038574e-03,8.073712140321731567e-02,1.504125446081161499e-01
6.120325922966003418e-01,2.047780714929103851e-02,3.990665078163146973e-02,6.192780099809169769e-03,1.264600902795791626e-01,1.949301064014434814e-01
6.542665362358093262e-01,1.769235730171203613e-02,5.779385566711425781e-02,8.881503716111183167e-03,1.429209858179092407e-01,1.184447109699249268e-01
6.303926110267639160e-01,1.584745198488235474e-02,4.410185292363166809e-02,1.009082142263650894e-02,1.272983998060226440e-01,1.722689718008041382e-01
6.065139770507812500e-01,2.817414514720439911e-02,5.631382763385772705e-02,7.061238400638103485e-03,1.994771361351013184e-01,1.024595946073532104e-01
7.476624250411987305e-01,1.195073872804641724e-02,5.215178430080413818e-02,1.035133842378854752e-02,8.370519429445266724e-02,9.417838603258132935e-02
7.532412409782409668e-01,8.483472280204296112e-03,4.503987729549407959e-02,1.185534801334142685e-02,4.826053231954574585e-02,1.331195384263992310e-01
7.804836034774780273e-01,9.222832508385181427e-03,4.323510453104972839e-02,1.300405245274305344e-02,3.702808544039726257e-02,1.170263960957527161e-01
7.362357378005981445e-01,5.006342660635709763e-03,3.475160151720046997e-02,1.759014651179313660e-02,1.579867117106914520e-02,1.906174570322036743e-01
6.929229497909545898e-01,6.297518033534288406e-03,5.328083410859107971e-02,1.541888806968927383e-02,4.428730159997940063e-02,1.877924501895904541e-01
7.080785632133483887e-01,3.671217942610383034e-03,4.970474913716316223e-02,1.181496307253837585e-02,3.871801495552062988e-02,1.880125552415847778e-01
7.229186892509460449e-01,4.277721978724002838e-03,6.063174456357955933e-02,1.289852149784564972e-02,3.423697128891944885e-02,1.650363653898239136e-01
7.167044878005981445e-01,7.746725808829069138e-03,7.000119239091873169e-02,8.814699016511440277e-03,8.057445287704467773e-02,1.161584556102752686e-01
7.338463664054870605e-01,9.947014041244983673e-03,7.128899544477462769e-02,9.225198999047279358e-03,7.086715102195739746e-02,1.048253551125526428e-01
7.094317078590393066e-01,1.869750954210758209e-02,7.591956108808517456e-02,6.646283902227878571e-03,1.099602058529853821e-01,7.934469729661941528e-02
7.344204187393188477e-01,1.443032268434762955e-02,6.000635027885437012e-02,7.883171550929546356e-03,1.166582033038139343e-01,6.660163402557373047e-02
7.391431927680969238e-01,1.017730683088302612e-02,4.970270395278930664e-02,7.415443658828735352e-03,1.090369224548339844e-01,8.452432602643966675e-02
7.157503366470336914e-01,5.898903589695692062e-03,4.946232587099075317e-02,1.056460943073034286e-02,6.591619551181793213e-02,1.524077206850051880e-01
7.435148358345031738e-01,3.428614931181073189e-03,5.051678419113159180e-02,1.620642095804214478e-02,3.330480307340621948e-02,1.530285328626632690e-01
7.743187546730041504e-01,5.230710376054048538e-03,4.836333915591239929e-02,1.313624810427427292e-02,4.610484093427658081e-02,1.128460988402366638e-01
7.149540185928344727e-01,8.505398407578468323e-03,4.621289670467376709e-02,1.436798088252544403e-02,4.441541433334350586e-02,1.715442836284637451e-01
7.224027514457702637e-01,1.245914772152900696e-02,6.448182463645935059e-02,1.316196192055940628e-02,6.760630756616592407e-02,1.198879480361938477e-01
6.677889823913574219e-01,1.417008042335510254e-02,4.667890816926956177e-02,8.972577750682830811e-03,1.028361618518829346e-01,1.595533937215805054e-01
5.427989363670349121e-01,1.234407629817724228e-02,3.507073968648910522e-02,7.109954021871089935e-03,1.195285618305206299e-01,2.831476628780364990e-01
4.979352653026580811e-01,1.231576502323150635e-02,6.420245766639709473e-02,7.081917021423578262e-03,2.293547987937927246e-01,1.891098022460937500e-01
4.752314090728759766e-01,6.824373267590999603e-03,5.597393214702606201e-02,9.130127727985382080e-03,1.826974749565124512e-01,2.701427042484283447e-01
4.983371496200561523e-01,9.490243159234523773e-03,1.248118132352828979e-01,1.470430474728345871e-02,1.835139691829681396e-01,1.691425144672393799e-01
5.584350228309631348e-01,1.035303715616464615e-02,1.828240007162094116e-01,1.709933392703533173e-02,1.588341593742370605e-01,7.245442271232604980e-02
5.142679810523986816e-01,1.691077090799808502e-02,1.692779809236526489e-01,1.081489399075508118e-02,2.428888678550720215e-01,4.583955928683280945e-02
5.494117736816406250e-01,2.060574665665626526e-02,1.626424789428710938e-01,6.211364641785621643e-03,2.304643690586090088e-01,3.066432103514671326e-02
4.683361649513244629e-01,3.912371024489402771e-02,1.094817891716957092e-01,3.660661634057760239e-03,3.547461032867431641e-01,2.465150505304336548e-02
4.117625653743743896e-01,2.448547445237636566e-02,5.876083672046661377e-02,1.529856235720217228e-03,4.809370636940002441e-01,2.252417616546154022e-02
4.608522057533264160e-01,2.041165158152580261e-02,8.869597315788269043e-02,2.445567864924669266e-03,3.975751698017120361e-01,3.001946955919265747e-02
6.083028912544250488e-01,1.689855381846427917e-02,1.016373038291931152e-01,4.831688944250345230e-03,2.308719754219055176e-01,3.745762258768081665e-02
6.531294584274291992e-01,1.091388985514640808e-02,8.097741752862930298e-02,4.446691833436489105e-03,2.065792977809906006e-01,4.395320266485214233e-02
6.805193424224853516e-01,1.017935480922460556e-02,1.497777998447418213e-01,1.272592972964048386e-02,1.066204756498336792e-01,4.017712920904159546e-02
6.549474000930786133e-01,1.239164918661117554e-02,2.174677699804306030e-01,2.763938531279563904e-02,4.935603961348533630e-02,3.819781541824340820e-02
6.919409036636352539e-01,1.063316874206066132e-02,1.672369241714477539e-01,3.996233269572257996e-02,3.632405772805213928e-02,5.390257388353347778e-02
6.448325514793395996e-01,7.655633613467216492e-03,2.203774154186248779e-01,4.414565488696098328e-02,3.334330394864082336e-02,4.964532703161239624e-02
7.275776267051696777e-01,7.381843868643045425e-03,1.226445287466049194e-01,3.883524239063262939e-02,3.703387454152107239e-02,6.652689725160598755e-02
6.685945391654968262e-01,9.156919084489345551e-03,1.663847416639328003e-01,2.371437102556228638e-02,7.152199745178222656e-02,6.062754243612289429e-02
6.200860738754272461e-01,1.207367423921823502e-02,2.152754217386245728e-01,5.128401890397071838e-02,5.077739432454109192e-02,5.050348863005638123e-02
4.572058320045471191e-01,1.856561377644538879e-02,3.842273056507110596e-01,2.737472392618656158e-02,8.628588169813156128e-02,2.634058147668838501e-02
5.174087285995483398e-01,1.593932695686817169e-02,2.670896649360656738e-01,2.805280871689319611e-02,1.286316961050033569e-01,4.287775605916976929e-02
5.459423661231994629e-01,1.401955913752317429e-02,2.485730350017547607e-01,1.875549741089344025e-02,1.264083832502365112e-01,4.630118981003761292e-02
6.781991124153137207e-01,1.036955509334802628e-02,1.158524900674819946e-01,1.143354829400777817e-02,1.286049485206604004e-01,5.554038286209106445e-02
7.220171093940734863e-01,4.655108321458101273e-03,4.545690491795539856e-02,1.189974788576364517e-02,9.338828921318054199e-02,1.225828081369400024e-01
7.342427968978881836e-01,3.404823131859302521e-03,3.291032463312149048e-02,1.092231646180152893e-02,6.561760604381561279e-02,1.529020518064498901e-01
7.245527505874633789e-01,6.048197392374277115e-03,6.931427121162414551e-02,1.331984903663396835e-02,9.232535958290100098e-02,9.443967044353485107e-02
6.696191430091857910e-01,8.060127496719360352e-03,1.400979161262512207e-01,1.671831682324409485e-02,1.014733761548995972e-01,6.403112411499023438e-02
6.253059506416320801e-01,1.150623150169849396e-02,2.201652824878692627e-01,2.062456496059894562e-02,8.563614636659622192e-02,3.676187992095947266e-02
4.949819743633270264e-01,1.081854663789272308e-02,2.614351511001586914e-01,1.291304081678390503e-02,1.849837303161621094e-01,3.486758843064308167e-02
4.566562771797180176e-01,1.205429434776306152e-02,3.801113665103912354e-01,1.692583784461021423e-02,1.148410663008689880e-01,1.941119879484176636e-02
4.883711040019989014e-01,1.072966214269399643e-02,2.342194616794586182e-01,8.919647894799709320e-03,2.274900525808334351e-01,3.027016296982765198e-02
5.173515677452087402e-01,9.215811267495155334e-03,1.868173480033874512e-01,1.135031040757894516e-02,2.283180356025695801e-01,4.694692790508270264e-02
5.351861119270324707e-01,8.021906018257141113e-03,1.997677832841873169e-01,1.104700751602649689e-02,1.946966201066970825e-01,5.128050222992897034e-02
5.839673280715942383e-01,8.344218134880065918e-03,2.163238823413848877e-01,2.281804941594600677e-02,9.815558791160583496e-02,7.039093226194381714e-02
5.544603466987609863e-01,7.308480329811573029e-03,8.679641038179397583e-02,1.514347922056913376e-02,1.372193247079849243e-01,1.990719288587570190e-01
5.557380318641662598e-01,1.104087568819522858e-02,7.172135263681411743e-02,1.006735768169164658e-02,1.503073275089263916e-01,2.011249661445617676e-01
5.405640602111816406e-01,1.626296527683734894e-02,5.880591645836830139e-02,1.419396512210369110e-02,1.127821877598762512e-01,2.573908865451812744e-01
5.383400321006774902e-01,2.015870064496994019e-02,5.822823941707611084e-02,1.133444719016551971e-02,1.609243452548980713e-01,2.110142856836318970e-01
5.994459390640258789e-01,2.749388478696346283e-02,5.281338468194007874e-02,1.231542509049177170e-02,1.547404229640960693e-01,1.531908959150314331e-01
7.213569879531860352e-01,2.000806108117103577e-02,3.910285234451293945e-02,1.186090707778930664e-02,8.073119074106216431e-02,1.269399821758270264e-01
7.693740725517272949e-01,1.749327778816223145e-02,4.691050574183464050e-02,1.045612432062625885e-02,8.220140635967254639e-02,7.356457412242889404e-02
7.025766968727111816e-01,1.837364211678504944e-02,3.887455165386199951e-02,8.861641399562358856e-03,1.100768819451332092e-01,1.212366297841072083e-01
6.609283685684204102e-01,1.557079236954450607e-02,5.489809811115264893e-02,7.450069766491651535e-03,1.498036682605743408e-01,1.113490536808967590e-01
6.315139532089233398e-01,1.577009819447994232e-02,3.469540923833847046e-02,7.560423109680414200e-03,1.565246284008026123e-01,1.539354026317596436e-01
6.688503026962280273e-01,6.316466722637414932e-03,4.317256435751914978e-02,1.715615205466747284e-02,6.518976390361785889e-02,1.993147581815719604e-01
7.477661371231079102e-01,4.864199087023735046e-03,3.559557348489761353e-02,2.678723074495792389e-02,2.987574972212314606e-02,1.551110744476318359e-01
6.707253456115722656e-01,2.942493418231606483e-03,2.790575474500656128e-02,3.548544272780418396e-02,2.684061229228973389e-02,2.361004203557968140e-01
6.128419637680053711e-01,4.700747318565845490e-03,3.757928684353828430e-02,2.984199114143848419e-02,5.276389047503471375e-02,2.622721195220947266e-01
5.112277269363403320e-01,4.259028006345033646e-03,3.409264981746673584e-02,1.099438685923814774e-02,1.267144978046417236e-01,3.127116858959197998e-01
4.631464779376983643e-01,4.766572266817092896e-03,3.316445276141166687e-02,8.693886920809745789e-03,1.825259327888488770e-01,3.077026307582855225e-01
5.319604277610778809e-01,5.116974469274282455e-03,4.270042106509208679e-02,9.607283398509025574e-03,1.182293817400932312e-01,2.923855483531951904e-01
5.683831572532653809e-01,7.404507603496313095e-03,8.229353278875350952e-02,1.245661731809377670e-02,1.582198143005371094e-01,1.712424159049987793e-01
6.109996438026428223e-01,9.116495959460735321e-03,6.724432855844497681e-02,8.298918604850769043e-03,1.418122947216033936e-01,1.625283956527709961e-01
6.494672298431396484e-01,1.057596877217292786e-02,9.621353447437286377e-02,8.145837113261222839e-03,1.448221951723098755e-01,9.077528119087219238e-02
5.691713094711303711e-01,9.203873574733734131e-03,6.895240396261215210e-02,3.696586005389690399e-03,2.667115628719329834e-01,8.226437866687774658e-02
6.016583442687988281e-01,8.308068849146366119e-03,1.309443414211273193e-01,5.333038978278636932e-03,1.855458766222000122e-01,6.821033358573913574e-02
5.982007980346679688e-01,7.329218089580535889e-03,9.932976216077804565e-02,6.348407361656427383e-03,1.993506997823715210e-01,8.944109827280044556e-02
5.614812970161437988e-01,7.438159082084894180e-03,1.207701936364173889e-01,8.482270874083042145e-03,2.042600661516189575e-01,9.756805002689361572e-02
5.667544603347778320e-01,7.267256267368793488e-03,9.381346404552459717e-02,6.784268654882907867e-03,1.787144988775253296e-01,1.466659903526306152e-01
5.580248832702636719e-01,5.215308163315057755e-03,7.376398891210556030e-02,7.955433800816535950e-03,1.883396357297897339e-01,1.667008250951766968e-01
5.888061523437500000e-01,4.232021979987621307e-03,4.070708900690078735e-02,8.075295016169548035e-03,1.153038665652275085e-01,2.428756356239318848e-01
6.000393629074096680e-01,1.178597006946802139e-02,5.024070292711257935e-02,5.649880040436983109e-03,1.879195272922515869e-01,1.443645209074020386e-01
5.838313698768615723e-01,7.218931335955858231e-03,6.743112951517105103e-02,7.486393675208091736e-03,1.883527040481567383e-01,1.456794291734695435e-01
6.524342298507690430e-01,1.096772588789463043e-02,7.672780007123947144e-02,7.539064157754182816e-03,1.464817523956298828e-01,1.058493703603744507e-01
6.276738047599792480e-01,1.008159108459949493e-02,6.293165683746337891e-02,5.921565461903810501e-03,1.634443700313568115e-01,1.299470961093902588e-01
6.981213688850402832e-01,6.578764412552118301e-03,6.661118566989898682e-02,1.026951707899570465e-02,9.136851131916046143e-02,1.270507276058197021e-01
6.514066457748413086e-01,8.172495290637016296e-03,8.676102012395858765e-02,4.850554279983043671e-03,1.806915998458862305e-01,6.811772286891937256e-02
5.817624330520629883e-01,7.823146879673004150e-03,7.321063429117202759e-02,3.766099456697702408e-03,2.534461021423339844e-01,7.999161630868911743e-02
5.594357848167419434e-01,7.867122069001197815e-03,6.298086792230606079e-02,2.500632312148809433e-03,3.129172921180725098e-01,5.429833754897117615e-02
4.967280328273773193e-01,5.888269282877445221e-03,4.410729557275772095e-02,2.020502695813775063e-03,3.873099684715270996e-01,6.394600123167037964e-02
5.089771151542663574e-01,8.714678697288036346e-03,6.661412864923477173e-02,2.815945772454142570e-03,3.576180338859558105e-01,5.526008456945419312e-02
6.472361087799072266e-01,8.850465528666973114e-03,7.336025685071945190e-02,5.228776484727859497e-03,1.820795238018035889e-01,8.324488252401351929e-02
6.790887713432312012e-01,1.467574667185544968e-02,5.756995454430580139e-02,5.133503582328557968e-03,1.803813576698303223e-01,6.315056979656219482e-02
6.735911369323730469e-01,1.309551671147346497e-02,6.508523970842361450e-02,3.354724263772368431e-03,1.969682127237319946e-01,4.790514335036277771e-02
6.102257370948791504e-01,1.030870713293552399e-02,6.591083854436874390e-02,2.754629356786608696e-03,2.735151350498199463e-01,3.728504478931427002e-02
4.887337684631347656e-01,1.483804825693368912e-02,1.360680013895034790e-01,2.354566706344485283e-03,3.422408998012542725e-01,1.576466672122478485e-02
4.617660343647003174e-01,2.241062372922897339e-02,1.619597971439361572e-01,2.289568539708852768e-03,3.390626907348632812e-01,1.251123473048210144e-02
4.375838637351989746e-01,2.341581694781780243e-02,2.302690148353576660e-01,3.641508752480149269e-03,2.838640809059143066e-01,2.122569642961025238e-02
4.949988424777984619e-01,1.734003052115440369e-02,2.081103920936584473e-01,3.923162352293729782e-03,2.473185062408447266e-01,2.830900251865386963e-02
5.828727483749389648e-01,1.770363748073577881e-02,1.693645119667053223e-01,7.518386002629995346e-03,1.529548913240432739e-01,6.958582997322082520e-02
6.931908130645751953e-01,8.379869163036346436e-03,6.123001873493194580e-02,7.771390955895185471e-03,9.450022876262664795e-02,1.349276602268218994e-01
6.841629147529602051e-01,7.985869422554969788e-03,4.020174965262413025e-02,7.316674571484327316e-03,1.267521530389785767e-01,1.335805058479309082e-01
6.903647184371948242e-01,6.166079081594944000e-03,4.472908377647399902e-02,7.644140161573886871e-03,1.245134547352790833e-01,1.265825182199478149e-01
6.503588557243347168e-01,1.057622209191322327e-02,6.466186046600341797e-02,5.992366001009941101e-03,2.021758705377578735e-01,6.623477488756179810e-02
4.420404136180877686e-01,6.740034557878971100e-03,5.829735845327377319e-02,3.421042812988162041e-03,4.113854765892028809e-01,7.811564952135086060e-02
5.275305509567260742e-01,6.617989856749773026e-03,6.658662110567092896e-02,5.627185106277465820e-03,3.009321391582489014e-01,9.270557761192321777e-02
4.740133285522460938e-01,6.065495777875185013e-03,5.721351876854896545e-02,4.396951291710138321e-03,3.485122919082641602e-01,1.097984611988067627e-01
4.862130284309387207e-01,4.692227579653263092e-03,3.707531094551086426e-02,3.839225275442004204e-03,2.957802116870880127e-01,1.723999828100204468e-01
5.495079159736633301e-01,4.817974753677845001e-03,3.938616067171096802e-02,4.705962259322404861e-03,2.368755638599395752e-01,1.647063046693801880e-01
5.351592898368835449e-01,5.264065694063901901e-03,4.639122635126113892e-02,3.813283983618021011e-03,2.883959114551544189e-01,1.209762766957283020e-01
5.769900679588317871e-01,5.171799566596746445e-03,5.847692117094993591e-02,5.543347448110580444e-03,2.218993157148361206e-01,1.319184154272079468e-01
6.619988083839416504e-01,4.951851908117532730e-03,1.308347582817077637e-01,1.631734892725944519e-02,1.091742813587188721e-01,7.672296464443206787e-02
5.708074569702148438e-01,7.756527513265609741e-03,2.107385843992233276e-01,1.159719284623861313e-02,1.606188565492630005e-01,3.848139569163322449e-02
6.352456212043762207e-01,7.997892796993255615e-03,1.565658003091812134e-01,2.362832799553871155e-02,9.545076638460159302e-02,8.111163973808288574e-02
6.262985467910766602e-01,7.485096808522939682e-03,1.106990724802017212e-01,1.803221553564071655e-02,1.214668899774551392e-01,1.160181835293769836e-01
6.516333222389221191e-01,1.308676321059465408e-02,4.462346062064170837e-02,9.432313963770866394e-03,1.604187935590744019e-01,1.208053082227706909e-01
7.292797565460205078e-01,1.455062441527843475e-02,3.703273460268974304e-02,1.429937127977609634e-02,7.764447480440139771e-02,1.271930783987045288e-01
7.787818908691406250e-01,1.302391476929187775e-02,3.161934018135070801e-02,1.195976696908473969e-02,5.785602703690528870e-02,1.067591235041618347e-01
7.901761531829833984e-01,1.935996301472187042e-02,3.010145016014575958e-02,1.261326391249895096e-02,4.832574352622032166e-02,9.942340850830078125e-02
7.698985338211059570e-01,1.331429183483123779e-02,2.866009809076786041e-02,1.178241800516843796e-02,5.129666998982429504e-02,1.250479519367218018e-01
7.014594674110412598e-01,9.385338053107261658e-03,3.548796847462654114e-02,1.675306446850299835e-02,5.261472612619400024e-02,1.842994689941406250e-01
6.902464628219604492e-01,8.553085848689079285e-03,4.008828848600387573e-02,1.611267589032649994e-02,5.703765153884887695e-02,1.879618912935256958e-01
7.039102911949157715e-01,9.234962053596973419e-03,6.617974489927291870e-02,2.074014395475387573e-02,5.792131274938583374e-02,1.420136094093322754e-01
6.118976473808288574e-01,5.990403704345226288e-03,7.999405264854431152e-02,2.113254554569721222e-02,9.283660352230072021e-02,1.881486475467681885e-01
6.009131669998168945e-01,6.390988826751708984e-03,9.383631497621536255e-02,2.337182499468326569e-02,9.932615607976913452e-02,1.761615425348281860e-01
5.995178222656250000e-01,8.505707606673240662e-03,5.196460708975791931e-02,1.254814211279153824e-02,1.447301208972930908e-01,1.827336251735687256e-01
5.963154435157775879e-01,1.504154130816459656e-02,4.548793286085128784e-02,1.103851571679115295e-02,1.480333060026168823e-01,1.840832978487014771e-01
6.239154934883117676e-01,3.121789917349815369e-02,3.736864402890205383e-02,1.348126493394374847e-02,1.305843591690063477e-01,1.634323447942733765e-01
6.545639634132385254e-01,4.173328354954719543e-02,4.128408059477806091e-02,6.274779792875051498e-03,1.732648313045501709e-01,8.287901431322097778e-02
6.111114025115966797e-01,3.321417421102523804e-02,5.908276885747909546e-02,9.212369099259376526e-03,1.793718189001083374e-01,1.080075129866600037e-01
6.265929341316223145e-01,2.052141726016998291e-02,6.357919424772262573e-02,1.319755800068378448e-02,1.388839781284332275e-01,1.372249573469161987e-01
6.115731596946716309e-01,1.920154504477977753e-02,9.869880974292755127e-02,1.011423021554946899e-02,1.742752790451049805e-01,8.613698929548263550e-02
6.117343306541442871e-01,1.192425377666950226e-02,8.838770538568496704e-02,1.039600651711225510e-02,1.694729626178741455e-01,1.080846637487411499e-01
6.884030103683471680e-01,1.171813346445560455e-02,9.610362350940704346e-02,1.003278139978647232e-02,1.336981207132339478e-01,6.004417687654495239e-02
5.880021452903747559e-01,1.441723387688398361e-02,2.311508357524871826e-01,9.421465918421745300e-03,1.379620730876922607e-01,1.904628239572048187e-02
5.478610396385192871e-01,1.419892534613609314e-02,3.018812239170074463e-01,1.166684273630380630e-02,1.097294539213180542e-01,1.466254144906997681e-02
5.005492568016052246e-01,1.529063377529382706e-02,2.456268221139907837e-01,6.291446741670370102e-03,2.166760861873626709e-01,1.556586846709251404e-02
5.360754132270812988e-01,1.550430897623300552e-02,2.301100343465805054e-01,9.226871654391288757e-03,1.759627908468246460e-01,3.312060981988906860e-02
6.353471875190734863e-01,1.597004383802413940e-02,1.346839517354965210e-01,1.155054289847612381e-02,1.400709450244903564e-01,6.237733736634254456e-02
5.974314808845520020e-01,9.069765917956829071e-03,5.187778174877166748e-02,1.075518131256103516e-02,1.736221760511398315e-01,1.572436541318893433e-01
5.003482699394226074e-01,6.377197802066802979e-03,3.316176682710647583e-02,5.290370900183916092e-03,2.024198472499847412e-01,2.524024844169616699e-01
5.758716464042663574e-01,1.417813822627067566e-02,4.240191727876663208e-02,5.521045997738838196e-03,2.032655179500579834e-01,1.587617844343185425e-01
4.823815226554870605e-01,2.195378392934799194e-02,1.095732003450393677e-01,5.010810215026140213e-03,3.196172714233398438e-01,6.146337464451789856e-02
4.882873594760894775e-01,3.968350961804389954e-02,2.511408329010009766e-01,7.632372435182332993e-03,1.884563416242599487e-01,2.479951083660125732e-02
4.799089729785919189e-01,3.142891451716423035e-02,2.359184026718139648e-01,5.769203417003154755e-03,2.201313227415084839e-01,2.684315852820873260e-02
5.522003173828125000e-01,2.259302325546741486e-02,1.796217113733291626e-01,5.440551787614822388e-03,2.136668115854263306e-01,2.647759020328521729e-02
5.308779478073120117e-01,1.211883686482906342e-02,1.084473580121994019e-01,3.229079535230994225e-03,3.021524250507354736e-01,4.317443072795867920e-02
5.343000888824462891e-01,8.738023228943347931e-03,6.455823034048080444e-02,2.169907093048095703e-03,3.377345502376556396e-01,5.249918997287750244e-02
6.154017448425292969e-01,6.443197838962078094e-03,4.684192687273025513e-02,3.160361666232347488e-03,2.347254604101181030e-01,9.342741221189498901e-02
6.617485880851745605e-01,1.025541406124830246e-02,6.906951218843460083e-02,6.427014712244272232e-03,1.512825638055801392e-01,1.012169048190116882e-01
6.898353695869445801e-01,6.652483250945806503e-03,1.013756617903709412e-01,1.323495060205459595e-02,8.240369707345962524e-02,1.064978316426277161e-01
7.001044750213623047e-01,6.238175090402364731e-03,8.332573622465133667e-02,1.648203097283840179e-02,6.986553966999053955e-02,1.239839568734169006e-01
7.007154226303100586e-01,4.576095379889011383e-03,7.762072980403900146e-02,1.385975629091262817e-02,5.153151229023933411e-02,1.516963541507720947e-01
6.847205162048339844e-01,3.415700513869524002e-03,5.609227344393730164e-02,9.066903963685035706e-03,8.640751987695693970e-02,1.602970957756042480e-01
6.292330026626586914e-01,6.264338269829750061e-03,4.532768949866294861e-02,4.613094963133335114e-03,1.632037013769149780e-01,1.513582020998001099e-01
5.555251240730285645e-01,6.755706388503313065e-03,4.053522273898124695e-02,6.391329225152730942e-03,1.668005585670471191e-01,2.239921540021896362e-01
4.871007800102233887e-01,1.079321186989545822e-02,8.469536900520324707e-02,5.611030850559473038e-03,2.724655568599700928e-01,1.393340528011322021e-01
5.375232100486755371e-01,2.114880084991455078e-02,1.208954006433486938e-01,9.056593291461467743e-03,2.166065573692321777e-01,9.476941078901290894e-02
6.623469591140747070e-01,1.453449297696352005e-02,1.092020869255065918e-01,9.386420249938964844e-03,1.389015167951583862e-01,6.562849879264831543e-02
7.182860970497131348e-01,2.069362252950668335e-02,8.784089982509613037e-02,8.785714395344257355e-03,8.434394747018814087e-02,8.004977554082870483e-02
7.511262297630310059e-01,2.398560382425785065e-02,4.259869828820228577e-02,7.241190876811742783e-03,8.576790988445281982e-02,8.928029239177703857e-02
7.223940491676330566e-01,1.345340441912412643e-02,3.011732362210750580e-02,3.070842009037733078e-03,1.675666570663452148e-01,6.339776515960693359e-02
6.158220171928405762e-01,2.463037706911563873e-02,3.239424154162406921e-02,2.340474864467978477e-03,2.698397338390350342e-01,5.497321113944053650e-02
4.873201847076416016e-01,2.838002145290374756e-02,2.872583270072937012e-02,1.841587596572935581e-03,4.112180769443511963e-01,4.251430928707122803e-02
4.453333914279937744e-01,1.731322333216667175e-02,2.435099333524703979e-02,1.554326736368238926e-03,4.684602916240692139e-01,4.298774898052215576e-02
5.423284769058227539e-01,1.333777979016304016e-02,2.929762192070484161e-02,2.704728161916136742e-03,3.253806233406066895e-01,8.695071190595626831e-02
6.366214156150817871e-01,1.472884323447942734e-02,3.201839327812194824e-02,5.045299883931875229e-03,1.837496012449264526e-01,1.278365105390548706e-01
6.777436733245849609e-01,7.957233116030693054e-03,5.957004800438880920e-02,9.555939584970474243e-03,1.127265766263008118e-01,1.324464976787567139e-01
7.062119245529174805e-01,9.156477637588977814e-03,7.459212094545364380e-02,1.709066703915596008e-02,5.167722329497337341e-02,1.412715464830398560e-01
7.132359147071838379e-01,8.855558931827545166e-03,1.033654808998107910e-01,1.974311284720897675e-02,7.159671932458877563e-02,8.320325613021850586e-02
6.754940152168273926e-01,7.052922621369361877e-03,1.254780441522598267e-01,1.787034608423709869e-02,9.139991551637649536e-02,8.270467072725296021e-02
6.587191820144653320e-01,6.868814118206501007e-03,6.816420704126358032e-02,8.070233277976512909e-03,1.435747146606445312e-01,1.146029084920883179e-01
6.853297948837280273e-01,6.491957232356071472e-03,4.037835821509361267e-02,6.951170973479747772e-03,1.222179159522056580e-01,1.386308670043945312e-01
7.177333235740661621e-01,8.536097593605518341e-03,5.798512324690818787e-02,9.770047850906848907e-03,8.536230027675628662e-02,1.206130906939506531e-01
7.151479125022888184e-01,6.993080023676156998e-03,3.447365388274192810e-02,1.276470441371202469e-02,3.703937307000160217e-02,1.935812085866928101e-01
7.348124384880065918e-01,1.375378016382455826e-02,5.246171727776527405e-02,1.690908521413803101e-02,4.141698032617568970e-02,1.406459361314773560e-01
7.387251853942871094e-01,1.372622605413198471e-02,4.345516860485076904e-02,9.604852646589279175e-03,8.400964736938476562e-02,1.104789674282073975e-01
6.398004293441772461e-01,1.160046271979808807e-02,4.192773625254631042e-02,6.607922725379467010e-03,1.435149312019348145e-01,1.565484255552291870e-01
5.624641180038452148e-01,1.297036185860633850e-02,3.137002885341644287e-02,3.673623315989971161e-03,2.515401840209960938e-01,1.379816085100173950e-01
6.381279826164245605e-01,9.554923512041568756e-03,3.970211371779441833e-02,5.336438771337270737e-03,1.853471845388412476e-01,1.219313368201255798e-01
6.640212535858154297e-01,1.026866585016250610e-02,4.788054898381233215e-02,6.805703975260257721e-03,1.501420140266418457e-01,1.208818256855010986e-01
7.541502714157104492e-01,1.282194722443819046e-02,5.977680906653404236e-02,9.627549909055233002e-03,9.705767035484313965e-02,6.656575947999954224e-02
7.569898962974548340e-01,2.394811809062957764e-02,7.272356003522872925e-02,1.439946703612804413e-02,6.822387129068374634e-02,6.371513754129409790e-02
7.644739747047424316e-01,3.257393091917037964e-02,9.315399825572967529e-02,2.071685902774333954e-02,3.781837970018386841e-02,5.126290395855903625e-02
7.190237641334533691e-01,3.356011584401130676e-02,9.885231405496597290e-02,1.620861887931823730e-02,7.253897935152053833e-02,5.981617793440818787e-02
7.108439207077026367e-01,3.507253900170326233e-02,9.926050901412963867e-02,1.180045027285814285e-02,8.605092763900756836e-02,5.697160959243774414e-02
6.855565905570983887e-01,2.608855068683624268e-02,1.185562983155250549e-01,1.334242243319749832e-02,8.760087192058563232e-02,6.885522603988647461e-02
6.341094970703125000e-01,2.279675006866455078e-02,9.491248428821563721e-02,8.467763662338256836e-03,1.427989304065704346e-01,9.691454470157623291e-02
6.609802246093750000e-01,2.207845263183116913e-02,5.956305190920829773e-02,1.191018149256706238e-02,8.071246743202209473e-02,1.647556871175765991e-01
6.737096309661865234e-01,3.131167963147163391e-02,5.341609939932823181e-02,1.174218673259019852e-02,8.287204802036285400e-02,1.469483673572540283e-01
6.785547733306884766e-01,4.773785918951034546e-02,5.920836329460144043e-02,1.117013581097126007e-02,8.748254925012588501e-02,1.158463656902313232e-01
7.375388741493225098e-01,5.901831388473510742e-02,4.501076042652130127e-02,1.254644803702831268e-02,5.196176841855049133e-02,9.392371773719787598e-02
6.825529336929321289e-01,3.915594518184661865e-02,3.763030841946601868e-02,1.085597183555364609e-02,6.176368519663810730e-02,1.680412888526916504e-01
6.629301309585571289e-01,3.235841915011405945e-02,3.306063264608383179e-02,1.075625140219926834e-02,5.722381547093391418e-02,2.036707103252410889e-01
6.153401732444763184e-01,1.583246141672134399e-02,3.118591383099555969e-02,1.072174776345491409e-02,5.192507430911064148e-02,2.749945819377899170e-01
6.457993984222412109e-01,2.597013488411903381e-02,3.657989948987960815e-02,1.044467836618423462e-02,7.928036898374557495e-02,2.019255608320236206e-01
6.214356422424316406e-01,2.790678478777408600e-02,3.844535723328590393e-02,8.016433566808700562e-03,1.361535042524337769e-01,1.680423170328140259e-01
6.099355816841125488e-01,1.036791130900382996e-01,5.292840674519538879e-02,7.301560137420892715e-03,1.513639688491821289e-01,7.479136437177658081e-02
5.514590740203857422e-01,1.136950030922889709e-01,1.027148142457008362e-01,7.500125095248222351e-03,1.821714341640472412e-01,4.245952516794204712e-02
5.258841514587402344e-01,1.476180851459503174e-01,1.083446592092514038e-01,7.014978211373090744e-03,1.704993396997451782e-01,4.063876345753669739e-02
5.602682828903198242e-01,1.253731101751327515e-01,1.172905266284942627e-01,7.049448788166046143e-03,1.534062772989273071e-01,3.661232069134712219e-02
6.156954169273376465e-01,6.770394742488861084e-02,9.843830764293670654e-02,5.552010145038366318e-03,1.756054013967514038e-01,3.700487688183784485e-02
6.525055170059204102e-01,5.647042393684387207e-02,7.640559226274490356e-02,7.934159599244594574e-03,1.334839314222335815e-01,7.320025563240051270e-02
6.283558011054992676e-01,5.190643668174743652e-02,5.204355344176292419e-02,6.982259918004274368e-03,1.536709368228912354e-01,1.070410311222076416e-01
6.415564417839050293e-01,4.257825389504432678e-02,5.538299679756164551e-02,8.616157807409763336e-03,1.460044085979461670e-01,1.058617532253265381e-01
5.396083593368530273e-01,2.928628772497177124e-02,4.638233780860900879e-02,8.279140107333660126e-03,1.412591338157653809e-01,2.351847440004348755e-01
5.915352106094360352e-01,2.855007350444793701e-02,4.962626844644546509e-02,9.586681611835956573e-03,1.037229299545288086e-01,2.169788628816604614e-01
6.548056602478027344e-01,1.670359820127487183e-02,4.049862176179885864e-02,9.126204997301101685e-03,9.606843441724777222e-02,1.827975213527679443e-01
6.565770506858825684e-01,1.550154387950897217e-02,2.689641900360584259e-02,5.875939503312110901e-03,1.267915666103363037e-01,1.683573722839355469e-01
6.619910001754760742e-01,8.742590434849262238e-03,2.472268044948577881e-02,4.936144687235355377e-03,1.333291828632354736e-01,1.662783622741699219e-01
5.827895998954772949e-01,1.091291755437850952e-02,2.883064001798629761e-02,3.520621918141841888e-03,2.625699639320373535e-01,1.113762333989143372e-01
5.209989547729492188e-01,7.310498505830764771e-03,2.525285072624683380e-02,2.133128466084599495e-03,3.220433294773101807e-01,1.222613006830215454e-01
5.430812835693359375e-01,9.602739475667476654e-03,3.160229697823524475e-02,3.999264445155858994e-03,2.455264329910278320e-01,1.661880761384963989e-01
5.224070549011230469e-01,1.413138583302497864e-02,4.017223790287971497e-02,3.392444690689444542e-03,2.927484512329101562e-01,1.271483749151229858e-01
5.977768898010253906e-01,1.545382291078567505e-02,4.885845631361007690e-02,5.057313013821840286e-03,2.217401564121246338e-01,1.111133471131324768e-01
5.473929047584533691e-01,2.548051811754703522e-02,4.744430631399154663e-02,4.883791320025920868e-03,2.733192145824432373e-01,1.014792919158935547e-01
6.366879940032958984e-01,2.361862547695636749e-02,5.021101608872413635e-02,5.964735988527536392e-03,2.031506001949310303e-01,8.036708831787109375e-02
6.915830373764038086e-01,2.589325234293937683e-02,4.876890406012535095e-02,1.264392677694559097e-02,1.000535935163497925e-01,1.210574433207511902e-01
7.137157917022705078e-01,1.960203424096107483e-02,3.446893021464347839e-02,7.214759010821580887e-03,1.036522686481475830e-01,1.213462278246879578e-01
7.106732726097106934e-01,2.109975181519985199e-02,3.301999717950820923e-02,8.210643194615840912e-03,1.068264842033386230e-01,1.201699078083038330e-01
6.449449658393859863e-01,8.333116769790649414e-03,3.825169429183006287e-02,6.129716988652944565e-03,1.676651984453201294e-01,1.346753984689712524e-01
5.695541501045227051e-01,9.622025303542613983e-03,5.089563503861427307e-02,5.462660919874906540e-03,2.458059936761856079e-01,1.186595335602760315e-01
6.072210073471069336e-01,1.005737204104661942e-02,6.709086894989013672e-02,8.404820226132869720e-03,1.890301704406738281e-01,1.181956380605697632e-01
6.425889730453491211e-01,1.550289615988731384e-02,9.200219810009002686e-02,1.184652000665664673e-02,1.484207361936569214e-01,8.963865786790847778e-02
6.052933335304260254e-01,1.786446012556552887e-02,9.397763013839721680e-02,1.072704885154962540e-02,1.728350222110748291e-01,9.930254518985748291e-02
6.215887665748596191e-01,2.153157815337181091e-02,1.338310986757278442e-01,1.938121020793914795e-02,1.061080470681190491e-01,9.755932539701461792e-02
6.286676526069641113e-01,1.925568468868732452e-02,8.865934610366821289e-02,1.055567804723978043e-02,1.410817950963973999e-01,1.117798462510108948e-01
5.542523860931396484e-01,1.353344414383172989e-02,1.044956073164939880e-01,1.482120715081691742e-02,1.476955562829971313e-01,1.652017533779144287e-01
6.241511702537536621e-01,1.299484074115753174e-02,7.324555516242980957e-02,1.500654406845569611e-02,1.047814339399337769e-01,1.698205024003982544e-01
6.161064505577087402e-01,1.901502348482608795e-02,5.779889598488807678e-02,7.627542596310377121e-03,1.561876088380813599e-01,1.432644724845886230e-01
5.607041120529174805e-01,2.265263535082340240e-02,5.624316632747650146e-02,5.405249074101448059e-03,2.576032876968383789e-01,9.739156067371368408e-02
5.482182502746582031e-01,1.940017938613891602e-02,5.524664744734764099e-02,6.505560129880905151e-03,2.266568839550018311e-01,1.439723819494247437e-01
5.610654950141906738e-01,8.888242766261100769e-03,3.123593330383300781e-02,5.600911099463701248e-03,1.761236935853958130e-01,2.170857489109039307e-01
6.184405088424682617e-01,7.764004636555910110e-03,2.496236376464366913e-02,7.647062186151742935e-03,1.090392395853996277e-01,2.321467548608779907e-01
6.189023256301879883e-01,5.761326290667057037e-03,2.277325652539730072e-02,8.399565704166889191e-03,7.503679394721984863e-02,2.691267430782318115e-01
6.693765521049499512e-01,1.324759609997272491e-02,2.685637772083282471e-02,1.151685323566198349e-02,6.817319244146347046e-02,2.108295112848281860e-01
6.723052859306335449e-01,2.375078573822975159e-02,3.121768869459629059e-02,1.227603293955326080e-02,9.072788059711456299e-02,1.697222590446472168e-01
6.388064026832580566e-01,1.532641146332025528e-02,5.102982372045516968e-02,9.349429979920387268e-03,1.520714461803436279e-01,1.334164142608642578e-01
6.246181726455688477e-01,2.202324569225311279e-02,1.194308400154113770e-01,1.119731273502111435e-02,1.473479419946670532e-01,7.538241147994995117e-02
6.419821977615356445e-01,1.705357059836387634e-02,1.262135505676269531e-01,1.648804731667041779e-02,1.107570454478263855e-01,8.750571310520172119e-02
6.566638350486755371e-01,2.161087095737457275e-02,1.678123325109481812e-01,1.816470548510551453e-02,7.882057130336761475e-02,5.692765489220619202e-02
7.122220993041992188e-01,2.985269948840141296e-02,1.135849729180335999e-01,2.028662897646427155e-02,5.216586217284202576e-02,7.188766449689865112e-02
7.485365867614746094e-01,2.243898622691631317e-02,4.141269251704216003e-02,1.229395251721143723e-02,5.787156894803047180e-02,1.174462288618087769e-01
6.971279382705688477e-01,1.873856969177722931e-02,3.460016846656799316e-02,5.068869795650243759e-03,1.520224064588546753e-01,9.244210273027420044e-02
6.116290092468261719e-01,1.832999847829341888e-02,3.949734196066856384e-02,3.401161404326558113e-03,2.661785185337066650e-01,6.096391007304191589e-02
6.240438818931579590e-01,9.531307965517044067e-03,4.591742530465126038e-02,3.769739530980587006e-03,2.642517089843750000e-01,5.248601362109184265e-02
6.633419990539550781e-01,1.145215239375829697e-02,5.385114997625350952e-02,4.989311564713716507e-03,1.958304941654205322e-01,7.053495198488235474e-02
7.176382541656494141e-01,1.795110478997230530e-02,4.455672949552536011e-02,8.694344200193881989e-03,1.166866794228553772e-01,9.447286278009414673e-02
6.706594228744506836e-01,2.325227670371532440e-02,3.731773421168327332e-02,1.598040945827960968e-02,6.386027485132217407e-02,1.889300048351287842e-01
5.976791381835937500e-01,5.597264319658279419e-02,2.978082187473773956e-02,8.135961368680000305e-03,1.026053875684738159e-01,2.058260291814804077e-01
5.262853503227233887e-01,8.083847165107727051e-02,3.271779045462608337e-02,7.523010484874248505e-03,1.547806262969970703e-01,1.978547722101211548e-01
4.754779338836669922e-01,5.039686709642410278e-02,2.916718460619449615e-02,7.814769633114337921e-03,1.163018643856048584e-01,3.208414018154144287e-01
4.947767853736877441e-01,4.263826087117195129e-02,3.539486974477767944e-02,1.020280085504055023e-02,1.038135066628456116e-01,3.131738305091857910e-01
5.108664035797119141e-01,2.172257564961910248e-02,4.127275198698043823e-02,1.301503460854291916e-02,7.559750974178314209e-02,3.375258147716522217e-01
5.455478429794311523e-01,4.127693176269531250e-02,5.593691766262054443e-02,1.267641596496105194e-02,1.075591072440147400e-01,2.370027154684066772e-01
5.575293898582458496e-01,2.279832027852535248e-02,4.645630717277526855e-02,7.250602822750806808e-03,1.500133872032165527e-01,2.159520089626312256e-01
5.388151407241821289e-01,2.827299386262893677e-02,5.450101941823959351e-02,4.431901965290307999e-03,2.649475336074829102e-01,1.090314090251922607e-01
5.709373354911804199e-01,2.307064831256866455e-02,4.104772582650184631e-02,3.836037358269095421e-03,2.378155291080474854e-01,1.232926994562149048e-01
6.279126405715942383e-01,3.695919737219810486e-02,5.011545494198799133e-02,4.657893907278776169e-03,1.955278068780899048e-01,8.482710272073745728e-02
6.231063604354858398e-01,2.626110240817070007e-02,5.368373170495033264e-02,4.316983278840780258e-03,2.169929891824722290e-01,7.563877105712890625e-02
5.898703336715698242e-01,4.132077470421791077e-02,7.780911028385162354e-02,5.123274400830268860e-03,2.278586626052856445e-01,5.801787227392196655e-02
6.270458698272705078e-01,2.150999754667282104e-02,7.172502577304840088e-02,6.998568307608366013e-03,1.812245398759841919e-01,9.149596095085144043e-02
6.627130508422851562e-01,1.080457307398319244e-02,7.247983664274215698e-02,5.880373064428567886e-03,1.656811088323593140e-01,8.244106918573379517e-02
7.556176781654357910e-01,7.311533205211162567e-03,6.256897002458572388e-02,9.905976243317127228e-03,8.671065419912338257e-02,7.788524776697158813e-02
8.011009097099304199e-01,5.686937831342220306e-03,8.074303716421127319e-02,1.946093328297138214e-02,3.475314751267433167e-02,5.825507268309593201e-02
8.285628557205200195e-01,9.129728190600872040e-03,6.488247960805892944e-02,1.225545257329940796e-02,4.282507300376892090e-02,4.234443232417106628e-02
8.069012761116027832e-01,7.800471503287553787e-03,4.792211949825286865e-02,1.130654662847518921e-02,5.361346900463104248e-02,7.245606929063796997e-02
7.356052994728088379e-01,8.601605892181396484e-03,5.281645432114601135e-02,7.732653990387916565e-03,1.008794009685516357e-01,9.436454623937606812e-02
7.163438796997070312e-01,9.025749750435352325e-03,4.427827522158622742e-02,5.183674860745668411e-03,1.281436681747436523e-01,9.702485799789428711e-02
6.588035225868225098e-01,1.059170253574848175e-02,4.336789250373840332e-02,4.356232006102800369e-03,1.963769942522048950e-01,8.650368452072143555e-02
7.421923875808715820e-01,9.827932342886924744e-03,5.953243002295494080e-02,7.849583402276039124e-03,1.137585490942001343e-01,6.683898717164993286e-02
7.450595498085021973e-01,1.311508566141128540e-02,9.320047497749328613e-02,1.489672902971506119e-02,8.569920808076858521e-02,4.802909493446350098e-02
6.513875722885131836e-01,1.188222039490938187e-02,1.165916100144386292e-01,1.021625567227602005e-02,1.684396415948867798e-01,4.148267954587936401e-02
6.178377866744995117e-01,8.746443316340446472e-03,1.758792847394943237e-01,1.305109821259975433e-02,1.578261107206344604e-01,2.665932476520538330e-02
5.669919252395629883e-01,8.250976912677288055e-03,2.184181064367294312e-01,1.657238788902759552e-02,1.573519408702850342e-01,3.241471946239471436e-02
4.878721833229064941e-01,1.067924033850431442e-02,1.661182641983032227e-01,1.025389786809682846e-02,2.798932194709777832e-01,4.518318176269531250e-02
4.628449380397796631e-01,1.397136226296424866e-02,2.753593027591705322e-01,1.390934269875288010e-02,2.006002217531204224e-01,3.331477567553520203e-02
4.760813117027282715e-01,1.687198877334594727e-02,3.038390576839447021e-01,9.178039617836475372e-03,1.725992411375045776e-01,2.143037132918834686e-02
5.239298939704895020e-01,1.360140182077884674e-02,2.306685894727706909e-01,5.880469456315040588e-03,2.092552483081817627e-01,1.666438020765781403e-02
6.265624761581420898e-01,1.315560378134250641e-02,1.042386963963508606e-01,3.387182019650936127e-03,2.351231426000595093e-01,1.753284782171249390e-02
6.382697224617004395e-01,1.632520928978919983e-02,1.220352426171302795e-01,5.197674036026000977e-03,1.939441114664077759e-01,2.422796003520488739e-02
6.428887248039245605e-01,2.038057707250118256e-02,8.077921718358993530e-02,4.648494999855756760e-03,2.168214619159698486e-01,3.448145464062690735e-02
5.688830614089965820e-01,2.587568759918212891e-02,7.939139008522033691e-02,3.542038844898343086e-03,2.916575968265533447e-01,3.065027855336666107e-02
5.615485310554504395e-01,2.353664487600326538e-02,1.028351783752441406e-01,4.021332133561372757e-03,2.808263599872589111e-01,2.723190374672412872e-02
6.166729331016540527e-01,2.146989665925502777e-02,7.215700298547744751e-02,5.376019049435853958e-03,2.487755268812179565e-01,3.554871305823326111e-02
6.596093773841857910e-01,1.696426607668399811e-02,1.103177890181541443e-01,7.020781282335519791e-03,1.770501881837844849e-01,2.903756871819496155e-02
6.372634172439575195e-01,1.497661881148815155e-02,1.705496609210968018e-01,1.119813043624162674e-02,1.401280462741851807e-01,2.588419429957866669e-02
6.166906356811523438e-01,1.885040663182735443e-02,1.611380428075790405e-01,8.725996129214763641e-03,1.689967215061187744e-01,2.559831738471984863e-02
5.979792475700378418e-01,1.626596413552761078e-02,8.596647530794143677e-02,4.298932850360870361e-03,2.478034794330596924e-01,4.768591374158859253e-02
5.770457983016967773e-01,1.335334405303001404e-02,6.013593077659606934e-02,3.607074497267603874e-03,2.843976616859436035e-01,6.146004050970077515e-02
6.613522768020629883e-01,1.457016821950674057e-02,9.418120980262756348e-02,7.425872609019279480e-03,1.577990055084228516e-01,6.467155367136001587e-02
6.081107258796691895e-01,1.398703921586275101e-02,1.027237251400947571e-01,1.029606070369482040e-02,1.581902951002120972e-01,1.066920384764671326e-01
6.293128132820129395e-01,1.341226603835821152e-02,1.713881790637969971e-01,3.320577740669250488e-02,7.281164079904556274e-02,7.986932247877120972e-02
6.343739628791809082e-01,8.666990324854850769e-03,1.508844196796417236e-01,2.479603514075279236e-02,5.722812563180923462e-02,1.240505278110504150e-01
6.528993248939514160e-01,8.947045542299747467e-03,1.523487865924835205e-01,3.053589724004268646e-02,4.954708367586135864e-02,1.057217866182327271e-01
6.803142428398132324e-01,6.495783571153879166e-03,1.506590098142623901e-01,3.266726806759834290e-02,3.867543861269950867e-02,9.118824452161788940e-02
6.817715167999267578e-01,6.777450907975435257e-03,1.366081088781356812e-01,4.220658540725708008e-02,3.210055083036422729e-02,1.005357950925827026e-01
6.822371482849121094e-01,6.219972390681505203e-03,1.426593959331512451e-01,3.664367645978927612e-02,4.894257709383964539e-02,8.329725265502929688e-02
5.472002029418945312e-01,8.209669962525367737e-03,2.189501076936721802e-01,5.688257515430450439e-02,7.503921538591384888e-02,9.371814131736755371e-02
6.629031896591186523e-01,9.499041363596916199e-03,1.177064925432205200e-01,1.157499924302101135e-01,2.394140511751174927e-02,7.019983977079391479e-02
7.326512932777404785e-01,1.579499803483486176e-02,4.330056905746459961e-02,1.774981915950775146e-01,5.158605054020881653e-03,2.559642121195793152e-02
6.636061072349548340e-01,3.474031016230583191e-02,2.669156342744827271e-02,2.562223374843597412e-01,2.364276675507426262e-03,1.637523993849754333e-02
6.952145695686340332e-01,2.452212572097778320e-02,1.991306059062480927e-02,2.524525523185729980e-01,7.579508819617331028e-04,7.139692548662424088e-03
8.235991001129150391e-01,5.062810704112052917e-02,2.561287023127079010e-02,7.504592090845108032e-02,3.702715737745165825e-03,2.141119912266731262e-02
7.705835103988647461e-01,8.902096748352050781e-02,4.353016242384910583e-02,2.409179508686065674e-02,2.261706441640853882e-02,5.015668272972106934e-02
7.074597477912902832e-01,7.925525307655334473e-02,6.184978410601615906e-02,1.322314608842134476e-02,5.611286684870719910e-02,8.209919184446334839e-02
5.977950692176818848e-01,6.615756452083587646e-02,3.256725147366523743e-02,9.890901856124401093e-03,1.245457753539085388e-01,1.690433770418167114e-01
6.159922480583190918e-01,4.553731530904769897e-02,3.455540165305137634e-02,1.042633596807718277e-02,1.309499442577362061e-01,1.625387221574783325e-01
6.762381792068481445e-01,2.359008044004440308e-02,4.235311970114707947e-02,9.543045423924922943e-03,1.315069496631622314e-01,1.167685315012931824e-01
6.680102348327636719e-01,1.515427697449922562e-02,5.031959712505340576e-02,5.857900716364383698e-03,1.739748120307922363e-01,8.668313920497894287e-02
5.868287086486816406e-01,1.445138361304998398e-02,6.895081698894500732e-02,3.460599109530448914e-03,2.770510315895080566e-01,4.925744980573654175e-02
6.040841341018676758e-01,1.099755428731441498e-02,1.113665997982025146e-01,5.467697512358427048e-03,2.259717136621475220e-01,4.211236536502838135e-02
6.558260917663574219e-01,1.006444729864597321e-02,1.380615830421447754e-01,1.355181727558374405e-02,1.445637643337249756e-01,3.793234750628471375e-02
6.798880100250244141e-01,6.661930587142705917e-03,1.074584275484085083e-01,1.377620268613100052e-02,1.208091601729393005e-01,7.140623778104782104e-02
6.643367409706115723e-01,7.880061864852905273e-03,8.411481231451034546e-02,1.388483587652444839e-02,1.442987024784088135e-01,8.548486232757568359e-02
6.536200046539306641e-01,1.144236791878938675e-02,7.275269180536270142e-02,7.584318984299898148e-03,1.980183273553848267e-01,5.658230558037757874e-02
6.252260804176330566e-01,1.882113143801689148e-02,5.975348502397537231e-02,6.305312737822532654e-03,2.145348936319351196e-01,7.535894215106964111e-02
5.882824063301086426e-01,2.645038627088069916e-02,5.847526341676712036e-02,5.355963017791509628e-03,2.526180148124694824e-01,6.881800293922424316e-02
6.390774250030517578e-01,3.403868153691291809e-02,5.966547131538391113e-02,8.017607964575290680e-03,1.815123409032821655e-01,7.768850028514862061e-02
6.346949338912963867e-01,3.543990850448608398e-02,6.644526124000549316e-02,1.713888719677925110e-02,9.433071315288543701e-02,1.519502699375152588e-01
6.440314650535583496e-01,3.058620356023311615e-02,4.786765575408935547e-02,9.298096410930156708e-03,1.140094026923179626e-01,1.542071253061294556e-01
6.713416576385498047e-01,5.496717616915702820e-02,4.978866130113601685e-02,1.120328716933727264e-02,1.036574989557266235e-01,1.090417280793190002e-01
6.124261021614074707e-01,2.523165754973888397e-02,3.184217959642410278e-02,7.081565912812948227e-03,1.126969531178474426e-01,2.107214927673339844e-01
6.933388710021972656e-01,3.142572194337844849e-02,4.146129265427589417e-02,8.247315883636474609e-03,9.753692150115966797e-02,1.279899328947067261e-01
7.436169981956481934e-01,1.527730841189622879e-02,5.161999166011810303e-02,8.714469149708747864e-03,9.025591611862182617e-02,9.051524102687835693e-02
6.731641888618469238e-01,1.034653838723897934e-02,7.584337890148162842e-02,4.719037562608718872e-03,1.806479692459106445e-01,5.527888610959053040e-02
5.884354710578918457e-01,8.804060518741607666e-03,9.933575987815856934e-02,4.162366036325693130e-03,2.515821456909179688e-01,4.768019542098045349e-02
6.166290640830993652e-01,8.266798220574855804e-03,8.774978667497634888e-02,5.657216534018516541e-03,2.264591902494430542e-01,5.523792654275894165e-02
6.505511403083801270e-01,6.576875224709510803e-03,8.672764152288436890e-02,8.148206397891044617e-03,1.425281316041946411e-01,1.054679602384567261e-01
6.347790360450744629e-01,7.318049669265747070e-03,1.658725887537002563e-01,2.008599415421485901e-02,6.916291266679763794e-02,1.027814447879791260e-01
6.489164233207702637e-01,1.032555289566516876e-02,1.799193024635314941e-01,2.378403954207897186e-02,6.202543154358863831e-02,7.502925395965576172e-02
6.498539447784423828e-01,1.181837636977434158e-02,1.709015071392059326e-01,1.463254541158676147e-02,9.570980817079544067e-02,5.708386003971099854e-02
6.111339926719665527e-01,1.433320250362157822e-02,1.353414356708526611e-01,9.347273036837577820e-03,1.744105815887451172e-01,5.543353781104087830e-02
6.647763848304748535e-01,9.252149611711502075e-03,8.182074129581451416e-02,7.157526910305023193e-03,1.701298505067825317e-01,6.686329096555709839e-02
6.736491918563842773e-01,8.072830736637115479e-03,7.982622832059860229e-02,1.191529817879199982e-02,1.210451945662498474e-01,1.054912135004997253e-01
6.709780693054199219e-01,7.993658073246479034e-03,1.176044568419456482e-01,2.033513598144054413e-02,7.615352421998977661e-02,1.069351881742477417e-01
6.307214498519897461e-01,9.260736405849456787e-03,1.351968646049499512e-01,9.765725582838058472e-03,1.551929563283920288e-01,5.986231565475463867e-02
5.612286925315856934e-01,1.928366534411907196e-02,1.722904443740844727e-01,5.799561273306608200e-03,2.187535762786865234e-01,2.264412119984626770e-02
5.297268033027648926e-01,2.528820931911468506e-02,1.504377722740173340e-01,4.280389286577701569e-03,2.619422078132629395e-01,2.832463942468166351e-02
5.941253900527954102e-01,3.601362183690071106e-02,8.189121633768081665e-02,4.096262156963348389e-03,2.542634904384613037e-01,2.960997447371482849e-02
7.190541625022888184e-01,1.991469599306583405e-02,5.105970427393913269e-02,4.784783348441123962e-03,1.546119749546051025e-01,5.057473853230476379e-02
6.937550902366638184e-01,2.650047093629837036e-02,3.426670655608177185e-02,4.455251153558492661e-03,1.660531759262084961e-01,7.496932893991470337e-02
6.936817169189453125e-01,2.014209702610969543e-02,3.134755045175552368e-02,4.103094339370727539e-03,1.680914163589477539e-01,8.263409137725830078e-02
6.899622678756713867e-01,1.439730729907751083e-02,2.679685689508914948e-02,4.149660933762788773e-03,1.601739525794982910e-01,1.045199930667877197e-01
6.527560353279113770e-01,1.721153780817985535e-02,2.632617205381393433e-02,5.977819208055734634e-03,1.279357373714447021e-01,1.697927564382553101e-01
6.143560409545898438e-01,1.064806152135133743e-02,2.621015906333923340e-02,3.532410599291324615e-03,1.943035274744033813e-01,1.509497165679931641e-01
6.093928217887878418e-01,1.510409917682409286e-02,3.021738305687904358e-02,3.594166366383433342e-03,2.144993841648101807e-01,1.271921247243881226e-01
5.569525957107543945e-01,1.693071797490119934e-02,3.148178756237030029e-02,2.246881136670708656e-03,2.989031374454498291e-01,9.348484873771667480e-02
4.213402569293975830e-01,1.532989367842674255e-02,3.295241668820381165e-02,1.217124401591718197e-03,4.863664805889129639e-01,4.279384389519691467e-02
4.704958498477935791e-01,1.287331059575080872e-02,3.814804553985595703e-02,2.482041716575622559e-03,4.042346775531768799e-01,7.176609337329864502e-02
6.093957424163818359e-01,1.361318212002515793e-02,3.792071342468261719e-02,4.521170165389776230e-03,2.317985445261001587e-01,1.027505397796630859e-01
5.961188673973083496e-01,1.278840936720371246e-02,3.281621634960174561e-02,5.273687653243541718e-03,2.019383311271667480e-01,1.510644406080245972e-01
6.357913613319396973e-01,1.600055769085884094e-02,2.685186825692653656e-02,8.192704059183597565e-03,1.276547312736511230e-01,1.855088174343109131e-01
7.322013378143310547e-01,1.508707832545042038e-02,2.541571296751499176e-02,8.882550522685050964e-03,7.157996296882629395e-02,1.468333750963211060e-01
7.163580060005187988e-01,2.547734975814819336e-02,3.021070547401905060e-02,8.240466006100177765e-03,8.678370714187622070e-02,1.329297274351119995e-01
7.524467706680297852e-01,2.614160254597663879e-02,3.926108404994010925e-02,7.390043698251247406e-03,1.020342856645584106e-01,7.272624224424362183e-02
7.412717342376708984e-01,3.328636288642883301e-02,4.863748326897621155e-02,7.156839128583669662e-03,1.125792637467384338e-01,5.706842988729476929e-02
7.210238575935363770e-01,4.499090462923049927e-02,5.915053933858871460e-02,6.525584030896425247e-03,1.166901439428329468e-01,5.161896347999572754e-02
7.718404531478881836e-01,3.219649195671081543e-02,5.602579936385154724e-02,1.217286475002765656e-02,7.107084989547729492e-02,5.669348686933517456e-02
7.593867778778076172e-01,5.037612840533256531e-02,5.395073443651199341e-02,1.314835250377655029e-02,7.355483621358871460e-02,4.958305880427360535e-02
7.604944109916687012e-01,2.388986200094223022e-02,7.122941315174102783e-02,1.536204572767019272e-02,6.991848349571228027e-02,5.910573527216911316e-02
7.126856446266174316e-01,1.487047504633665085e-02,1.304889768362045288e-01,1.836028322577476501e-02,7.204287499189376831e-02,5.155167356133460999e-02
5.165113806724548340e-01,1.414555590599775314e-02,3.362201452255249023e-01,1.679660938680171967e-02,9.407629817724227905e-02,2.224990352988243103e-02
5.366188883781433105e-01,9.433487430214881897e-03,2.752016484737396240e-01,1.350713800638914108e-02,1.363980919122695923e-01,2.884087897837162018e-02
5.113146901130676270e-01,1.322043500840663910e-02,3.003366589546203613e-01,1.244775671511888504e-02,1.255551129579544067e-01,3.712534531950950623e-02
5.726263523101806641e-01,2.266357094049453735e-02,1.863699406385421753e-01,1.151356473565101624e-02,1.531326025724411011e-01,5.369396135210990906e-02
5.689947605133056641e-01,3.724726662039756775e-02,5.502705648541450500e-02,4.877203144133090973e-03,2.343608140945434570e-01,9.949293732643127441e-02
5.707995295524597168e-01,6.173715740442276001e-02,4.497141018509864807e-02,5.704544484615325928e-03,2.146084755659103394e-01,1.021789088845252991e-01
4.857718646526336670e-01,6.421668082475662231e-02,3.627938032150268555e-02,2.880898304283618927e-03,3.644027411937713623e-01,4.644840210676193237e-02
5.012903809547424316e-01,2.655990608036518097e-02,3.415628150105476379e-02,2.272991929203271866e-03,3.791860044002532959e-01,5.653442069888114929e-02
5.212367177009582520e-01,1.466264948248863220e-02,4.074236378073692322e-02,1.840182812884449959e-03,3.790104389190673828e-01,4.250764101743698120e-02
5.979605317115783691e-01,9.676968678832054138e-03,4.652652889490127563e-02,2.801622496917843819e-03,2.712353169918060303e-01,7.179901748895645142e-02
5.338320732116699219e-01,9.741827845573425293e-03,4.166321456432342529e-02,3.800998209044337273e-03,2.436801344156265259e-01,1.672817468643188477e-01
5.538607835769653320e-01,1.256538182497024536e-02,3.669690340757369995e-02,7.032445631921291351e-03,1.200482845306396484e-01,2.697962820529937744e-01
5.829355120658874512e-01,1.057233102619647980e-02,3.989033028483390808e-02,9.390120394527912140e-03,8.366292715072631836e-02,2.735488712787628174e-01
6.711791157722473145e-01,9.635482914745807648e-03,4.288232699036598206e-02,1.397357601672410965e-02,5.310446023941040039e-02,2.092250883579254150e-01
7.123873829841613770e-01,7.188091520220041275e-03,4.113334044814109802e-02,1.258778572082519531e-02,5.650221556425094604e-02,1.702011823654174805e-01
7.491848468780517578e-01,4.015516024082899094e-03,4.695060104131698608e-02,8.541023358702659607e-03,7.293224334716796875e-02,1.183757111430168152e-01
7.549588680267333984e-01,4.988583736121654510e-03,6.382562220096588135e-02,1.033833529800176620e-02,7.042118906974792480e-02,9.546741843223571777e-02
7.369275093078613281e-01,6.145895924419164658e-03,7.984890043735504150e-02,1.061964128166437149e-02,8.070405572652816772e-02,8.575398474931716919e-02
7.421871423721313477e-01,5.896309856325387955e-03,7.033102959394454956e-02,1.114329602569341660e-02,7.195759564638137817e-02,9.848469495773315430e-02
7.271275520324707031e-01,1.049372833222150803e-02,6.512107700109481812e-02,1.150515209883451462e-02,6.592652201652526855e-02,1.198259964585304260e-01
7.645865082740783691e-01,1.537985354661941528e-02,4.274069517850875854e-02,1.136074401438236237e-02,6.189165264368057251e-02,1.040404662489891052e-01
7.091909646987915039e-01,2.034485526382923126e-02,4.223158210515975952e-02,8.105976507067680359e-03,8.856470137834548950e-02,1.315619796514511108e-01
6.820440292358398438e-01,4.515800252556800842e-02,5.559216439723968506e-02,8.415764197707176208e-03,1.050673201680183411e-01,1.037227734923362732e-01
6.565806269645690918e-01,5.299443751573562622e-02,6.790169328451156616e-02,1.215361896902322769e-02,1.041479632258415222e-01,1.062215939164161682e-01
6.468648314476013184e-01,4.936837032437324524e-02,7.482107728719711304e-02,1.364594418555498123e-02,9.325303882360458374e-02,1.220467314124107361e-01
6.437926888465881348e-01,3.996353223919868469e-02,7.172802835702896118e-02,1.553254015743732452e-02,7.891409844160079956e-02,1.500691026449203491e-01
7.059092521667480469e-01,2.608618140220642090e-02,1.021653935313224792e-01,3.504257276654243469e-02,4.226827993988990784e-02,8.852827548980712891e-02
6.460422873497009277e-01,1.571819745004177094e-02,1.754863411188125610e-01,4.574529081583023071e-02,4.776420444250106812e-02,6.924355030059814453e-02
6.752119064331054688e-01,1.064033620059490204e-02,1.712473183870315552e-01,3.256503492593765259e-02,5.238722264766693115e-02,5.794818699359893799e-02
6.285588145256042480e-01,2.442598156630992889e-02,2.177129834890365601e-01,4.607875272631645203e-02,3.773707523941993713e-02,4.548629745841026306e-02
6.252271533012390137e-01,9.491144865751266479e-02,1.920298784971237183e-01,2.980606444180011749e-02,3.011375479400157928e-02,2.791165187954902649e-02
7.104675769805908203e-01,1.557776331901550293e-01,7.458771765232086182e-02,1.936515420675277710e-02,1.623508334159851074e-02,2.356675267219543457e-02
7.679085731506347656e-01,1.440056860446929932e-01,5.126065760850906372e-02,1.097647566348314285e-02,1.069621462374925613e-02,1.515239477157592773e-02
8.431603312492370605e-01,7.734634727239608765e-02,3.464215621352195740e-02,7.567015476524829865e-03,1.418142486363649368e-02,2.310283295810222626e-02
8.533953428268432617e-01,2.042424306273460388e-02,3.712884336709976196e-02,5.818706937134265900e-03,2.970179915428161621e-02,5.353110656142234802e-02
7.531895637512207031e-01,8.347717113792896271e-03,4.614106938242912292e-02,4.877373576164245605e-03,8.688814193010330200e-02,1.005561575293540955e-01
6.364559531211853027e-01,6.172331981360912323e-03,4.498436674475669861e-02,5.232388619333505630e-03,1.548539996147155762e-01,1.523010581731796265e-01
6.350556612014770508e-01,6.593515165150165558e-03,4.410968720912933350e-02,6.160052958875894547e-03,1.498427689075469971e-01,1.582382768392562866e-01
6.757522225379943848e-01,1.123908720910549164e-02,5.960737541317939758e-02,1.163593307137489319e-02,1.122731119394302368e-01,1.294922828674316406e-01
7.360129952430725098e-01,1.667355932295322418e-02,5.477418005466461182e-02,1.342429965734481812e-02,7.847033441066741943e-02,1.006446331739425659e-01
7.584065794944763184e-01,3.140830248594284058e-02,4.245454818010330200e-02,1.860045082867145538e-02,4.746962338685989380e-02,1.016604006290435791e-01
6.954492330551147461e-01,4.263970628380775452e-02,3.561352565884590149e-02,1.603646762669086456e-02,6.781306117773056030e-02,1.424480974674224854e-01
6.523295640945434570e-01,3.156061843037605286e-02,3.171015530824661255e-02,9.865671396255493164e-03,1.383059322834014893e-01,1.362280100584030151e-01
6.300139427185058594e-01,2.523683756589889526e-02,5.653679370880126953e-02,1.280812732875347137e-02,1.574878692626953125e-01,1.179163828492164612e-01
5.272453427314758301e-01,1.321310456842184067e-02,7.692475616931915283e-02,9.042453952133655548e-03,2.906813323497772217e-01,8.289304375648498535e-02
5.493604540824890137e-01,9.891086257994174957e-03,1.157334521412849426e-01,1.059227995574474335e-02,2.222779691219329834e-01,9.214473515748977661e-02
6.124055385589599609e-01,1.666875928640365601e-02,1.126184016466140747e-01,1.191243994981050491e-02,1.753153800964355469e-01,7.107953727245330811e-02
6.531206965446472168e-01,1.145437918603420258e-02,8.428183943033218384e-02,1.990006305277347565e-02,1.038947403430938721e-01,1.273482590913772583e-01
6.806343197822570801e-01,8.325724862515926361e-03,4.205664619803428650e-02,2.698044292628765106e-02,4.091246426105499268e-02,2.010903656482696533e-01
7.277655601501464844e-01,9.986083954572677612e-03,5.706670135259628296e-02,2.035470679402351379e-02,5.953565239906311035e-02,1.252912729978561401e-01
6.562874317169189453e-01,5.087403114885091782e-03,9.848234057426452637e-02,2.650832943618297577e-02,8.299991488456726074e-02,1.306345462799072266e-01
6.365432739257812500e-01,4.533344414085149765e-03,8.246842026710510254e-02,7.295979186892509460e-03,1.939425468444824219e-01,7.521644234657287598e-02
5.992650985717773438e-01,6.060942541807889938e-03,1.695719808340072632e-01,1.285598799586296082e-02,1.534713059663772583e-01,5.877462774515151978e-02
6.444459557533264160e-01,5.071048159152269363e-03,1.379731595516204834e-01,1.816155202686786652e-02,1.442716419696807861e-01,5.007655918598175049e-02
5.198300480842590332e-01,5.465277470648288727e-03,3.006545901298522949e-01,2.427271753549575806e-02,1.136429682374000549e-01,3.613438829779624939e-02
5.965626239776611328e-01,9.836578741669654846e-03,2.362421452999114990e-01,3.372816741466522217e-02,7.311711460351943970e-02,5.051345005631446838e-02
6.024011969566345215e-01,1.361326780170202255e-02,1.925123631954193115e-01,1.764757186174392700e-02,1.116513609886169434e-01,6.217424944043159485e-02
6.520996093750000000e-01,1.232487894594669342e-02,1.783399283885955811e-01,1.090552192181348801e-02,9.869478642940521240e-02,4.763523489236831665e-02
6.470130681991577148e-01,1.358159072697162628e-02,6.294678151607513428e-02,4.843745846301317215e-03,2.050165534019470215e-01,6.659825891256332397e-02
6.933009028434753418e-01,8.129366673529148102e-03,3.925792500376701355e-02,5.000902805477380753e-03,1.499821245670318604e-01,1.043287813663482666e-01
6.933689713478088379e-01,1.341646164655685425e-02,3.320889174938201904e-02,6.855706684291362762e-03,1.439835876226425171e-01,1.091663986444473267e-01
6.367726325988769531e-01,1.315071992576122284e-02,3.607200458645820618e-02,8.328830823302268982e-03,1.391245573759078979e-01,1.665512621402740479e-01
6.613603234291076660e-01,1.938408054411411285e-02,7.224394381046295166e-02,1.524495705962181091e-02,9.302160143852233887e-02,1.387451440095901489e-01
6.182017922401428223e-01,1.791315153241157532e-02,8.899520337581634521e-02,1.164487097412347794e-02,1.145183891057968140e-01,1.487266272306442261e-01
6.317052841186523438e-01,1.602426543831825256e-02,9.397863596677780151e-02,1.345641352236270905e-02,9.037594497203826904e-02,1.544594466686248779e-01
6.524164676666259766e-01,1.306103263050317764e-02,7.263321429491043091e-02,1.540872082114219666e-02,4.841611906886100769e-02,1.980644762516021729e-01
6.707767844200134277e-01,1.652842387557029724e-02,4.756055772304534912e-02,1.085834763944149017e-02,7.484174519777297974e-02,1.794342398643493652e-01
7.123406529426574707e-01,2.812729403376579285e-02,4.347216710448265076e-02,8.957292884588241577e-03,7.546774297952651978e-02,1.316349655389785767e-01
7.408905029296875000e-01,2.186851948499679565e-02,4.373586922883987427e-02,8.154942654073238373e-03,9.149173647165298462e-02,9.385842829942703247e-02
7.232384085655212402e-01,2.104657329618930817e-02,3.869936242699623108e-02,5.952680949121713638e-03,1.497846841812133789e-01,6.127835065126419067e-02
7.141461372375488281e-01,1.591960899531841278e-02,3.949060663580894470e-02,4.965310916304588318e-03,1.746944338083267212e-01,5.078400671482086182e-02
6.737517118453979492e-01,1.306214090436697006e-02,3.229681774973869324e-02,6.315780803561210632e-03,1.725456714630126953e-01,1.020278483629226685e-01
6.982436180114746094e-01,1.268165744841098785e-02,2.880051918327808380e-02,7.535585202276706696e-03,1.231617853045463562e-01,1.295767128467559814e-01
7.292958498001098633e-01,1.083483174443244934e-02,4.317052662372589111e-02,9.649882093071937561e-03,1.029891595244407654e-01,1.040597707033157349e-01
7.136634588241577148e-01,1.009468082338571548e-02,4.530965164303779602e-02,1.321072876453399658e-02,7.824155688285827637e-02,1.394798755645751953e-01
6.912181377410888672e-01,2.264531143009662628e-02,5.282858014106750488e-02,1.243286300450563431e-02,9.796963632106781006e-02,1.229054629802703857e-01
7.063564658164978027e-01,2.499877102673053741e-02,6.845198571681976318e-02,1.441228948533535004e-02,7.831589877605438232e-02,1.074644774198532104e-01
6.373841762542724609e-01,2.444522455334663391e-02,4.447812959551811218e-02,1.244882680475711823e-02,7.813582569360733032e-02,2.031078636646270752e-01
5.832937955856323242e-01,2.092318795621395111e-02,3.873246908187866211e-02,9.646603837609291077e-03,9.903012961149215698e-02,2.483737617731094360e-01
6.740177869796752930e-01,7.991772145032882690e-03,4.507664963603019714e-02,1.150157861411571503e-02,6.403326988220214844e-02,1.973790973424911499e-01
6.258113384246826172e-01,8.734109811484813690e-03,6.687425076961517334e-02,8.710286580026149750e-03,1.242517307400703430e-01,1.656183451414108276e-01
6.368261575698852539e-01,1.285206433385610580e-02,1.033348292112350464e-01,1.152210962027311325e-02,1.390204578638076782e-01,9.644448757171630859e-02
5.861960649490356445e-01,1.461636368185281754e-02,2.185585796833038330e-01,1.636890321969985962e-02,1.208318397402763367e-01,4.342829436063766479e-02
5.828153491020202637e-01,2.338727749884128571e-02,2.347961813211441040e-01,2.385311201214790344e-02,8.384422212839126587e-02,5.130386725068092346e-02
6.427858471870422363e-01,2.154869399964809418e-02,1.928707063198089600e-01,3.132497891783714294e-02,5.290346220135688782e-02,5.856625363230705261e-02
7.021781802177429199e-01,2.842642180621623993e-02,1.142263710498809814e-01,2.283373661339282990e-02,5.976089462637901306e-02,7.257445901632308960e-02
7.115403413772583008e-01,2.369067259132862091e-02,8.207817375659942627e-02,1.457194797694683075e-02,8.476798981428146362e-02,8.335090428590774536e-02
6.785393357276916504e-01,2.784450910985469818e-02,7.202576845884323120e-02,1.201243139803409576e-02,9.159084409475326538e-02,1.179871186614036560e-01
5.957137942314147949e-01,2.573543600738048553e-02,6.370565295219421387e-02,7.767545524984598160e-03,1.516676843166351318e-01,1.554098427295684814e-01
5.199507474899291992e-01,1.928534172475337982e-02,3.721479326486587524e-02,5.656925495713949203e-03,1.289349645376205444e-01,2.889572381973266602e-01
4.870527088642120361e-01,1.541524659842252731e-02,3.120296448469161987e-02,8.091624826192855835e-03,7.140639424324035645e-02,3.868310451507568359e-01
6.156740784645080566e-01,2.171991579234600067e-02,3.663988038897514343e-02,6.989093497395515442e-03,8.267117291688919067e-02,2.363058328628540039e-01
5.837262272834777832e-01,2.105682343244552612e-02,3.167296573519706726e-02,8.071743883192539215e-03,7.989102602005004883e-02,2.755812108516693115e-01
5.838053226470947266e-01,1.862446218729019165e-02,2.975219115614891052e-02,7.568552158772945404e-03,8.779209852218627930e-02,2.724573314189910889e-01
6.275154948234558105e-01,3.874270990490913391e-02,3.603698685765266418e-02,7.251338567584753036e-03,1.241108477115631104e-01,1.663426309823989868e-01
6.342353820800781250e-01,6.647209823131561279e-02,4.079363495111465454e-02,6.860185414552688599e-03,1.404090821743011475e-01,1.112296283245086670e-01
7.126767635345458984e-01,6.246956065297126770e-02,4.653540626168251038e-02,8.642349392175674438e-03,8.943402767181396484e-02,8.024197816848754883e-02
6.584393382072448730e-01,1.389308571815490723e-01,8.419366925954818726e-02,8.452141657471656799e-03,7.898540794849395752e-02,3.099866583943367004e-02
6.784764528274536133e-01,1.080568134784698486e-01,1.168735846877098083e-01,1.191877759993076324e-02,5.323516950011253357e-02,3.143926709890365601e-02
7.305355668067932129e-01,6.709881126880645752e-02,1.006618440151214600e-01,1.188162434846162796e-02,5.227311700582504272e-02,3.754888847470283508e-02
6.305688619613647461e-01,7.755946367979049683e-02,1.177836507558822632e-01,8.314063772559165955e-03,1.191188693046569824e-01,4.665508866310119629e-02
5.854397416114807129e-01,6.293681263923645020e-02,8.144070208072662354e-02,4.239803180098533630e-03,2.146785110235214233e-01,5.126442760229110718e-02
4.728039503097534180e-01,4.975080862641334534e-02,4.624883458018302917e-02,2.033880446106195450e-03,3.851073682308197021e-01,4.405500367283821106e-02
4.264672696590423584e-01,4.454357177019119263e-02,4.588450118899345398e-02,1.600770861841738224e-03,4.404545426368713379e-01,4.104937985539436340e-02
5.196149349212646484e-01,3.640189766883850098e-02,4.303751140832901001e-02,2.489073434844613075e-03,3.370300233364105225e-01,6.142670288681983948e-02
5.027085542678833008e-01,6.172682717442512512e-02,4.287800565361976624e-02,5.254837218672037125e-03,2.629944086074829102e-01,1.244373247027397156e-01
5.638646483421325684e-01,4.017992317676544189e-02,3.729629516601562500e-02,8.933511562645435333e-03,1.222918406128883362e-01,2.274336963891983032e-01
5.354339480400085449e-01,4.223801940679550171e-02,6.499135494232177734e-02,1.479670312255620956e-02,9.711658209562301636e-02,2.454234212636947632e-01
5.749732851982116699e-01,5.087094381451606750e-02,1.190469488501548767e-01,1.234737690538167953e-02,1.223566532135009766e-01,1.204048171639442444e-01
6.561021804809570312e-01,3.060406818985939026e-02,1.088384911417961121e-01,1.009203959256410599e-02,9.078747034072875977e-02,1.035757288336753845e-01
5.858821272850036621e-01,2.332237362861633301e-02,1.307559013366699219e-01,4.238752182573080063e-03,2.092236429452896118e-01,4.657724499702453613e-02
5.695286989212036133e-01,2.609137818217277527e-02,1.003446429967880249e-01,2.786322729662060738e-03,2.761760354042053223e-01,2.507291175425052643e-02
6.086849570274353027e-01,1.038177870213985443e-02,8.350426703691482544e-02,3.587821498513221741e-03,2.407445162534713745e-01,5.309664830565452576e-02
6.598487496376037598e-01,1.021959632635116577e-02,6.803357601165771484e-02,5.386411212384700775e-03,1.817087531089782715e-01,7.480289787054061890e-02
6.362448930740356445e-01,1.514828670769929886e-02,9.010898321866989136e-02,7.073656190186738968e-03,1.936928480863571167e-01,5.773131176829338074e-02
6.704689264297485352e-01,1.547317299991846085e-02,4.751861467957496643e-02,8.810482919216156006e-03,1.096693724393844604e-01,1.480594724416732788e-01
5.692651271820068359e-01,4.157556220889091492e-02,7.907135039567947388e-02,7.558731362223625183e-03,2.045797109603881836e-01,9.794955700635910034e-02
6.172147989273071289e-01,2.302004583179950714e-02,5.271953344345092773e-02,5.944006145000457764e-03,1.494815498590469360e-01,1.516200304031372070e-01
5.803900361061096191e-01,2.138280309736728668e-02,5.162245780229568481e-02,6.167993415147066116e-03,1.695731878280639648e-01,1.708635389804840088e-01
5.371699929237365723e-01,1.710492372512817383e-02,4.949266090989112854e-02,4.608954302966594696e-03,2.606683373451232910e-01,1.309551447629928589e-01
6.145839691162109375e-01,1.121305115520954132e-02,3.499272465705871582e-02,4.245470277965068817e-03,2.169218361377716064e-01,1.180429607629776001e-01
5.196746587753295898e-01,9.571000002324581146e-03,2.706669829785823822e-02,2.927555469796061516e-03,3.246247172355651855e-01,1.161353662610054016e-01
6.641183495521545410e-01,1.051457878202199936e-02,2.928905934095382690e-02,6.532568484544754028e-03,1.585621386766433716e-01,1.309832185506820679e-01
6.795928478240966797e-01,8.578781969845294952e-03,2.826536074280738831e-02,7.250013295561075211e-03,1.329865157604217529e-01,1.433264464139938354e-01
6.440734267234802246e-01,6.360660307109355927e-03,2.326658368110656738e-02,9.529578499495983124e-03,7.718826085329055786e-02,2.395815551280975342e-01
6.513888835906982422e-01,7.779448293149471283e-03,2.761218138039112091e-02,7.975026033818721771e-03,1.020936593413352966e-01,2.031507343053817749e-01
5.611156225204467773e-01,1.638298854231834412e-02,3.850105777382850647e-02,3.710160730406641960e-03,2.578725516796112061e-01,1.224176660180091858e-01
5.006073713302612305e-01,1.067360024899244308e-02,4.269643872976303101e-02,3.733152290806174278e-03,2.747178971767425537e-01,1.675715595483779907e-01
4.302317202091217041e-01,1.529332250356674194e-02,4.807201772928237915e-02,1.882274518720805645e-03,4.399393200874328613e-01,6.458132714033126831e-02
5.645660161972045898e-01,1.642492786049842834e-02,5.956402793526649475e-02,4.021818749606609344e-03,2.711613774299621582e-01,8.426187187433242798e-02
5.805380940437316895e-01,2.069088444113731384e-02,1.235776767134666443e-01,1.186107844114303589e-02,1.934365481138229370e-01,6.989572197198867798e-02
6.608893275260925293e-01,1.853061653673648834e-02,1.270874142646789551e-01,1.050931867212057114e-02,1.472793817520141602e-01,3.570395335555076599e-02
7.068059444427490234e-01,2.041747607290744781e-02,1.446412056684494019e-01,2.076452411711215973e-02,6.596444547176361084e-02,4.140646383166313171e-02
6.661529541015625000e-01,3.250890597701072693e-02,1.445387452840805054e-01,1.522922329604625702e-02,9.870087355375289917e-02,4.286926612257957458e-02
7.271618247032165527e-01,2.659902907907962799e-02,7.123308628797531128e-02,7.224490400403738022e-03,1.191931515932083130e-01,4.858841747045516968e-02
7.106690406799316406e-01,2.643902786076068878e-02,8.081553131341934204e-02,1.312050409615039825e-02,9.111635386943817139e-02,7.783955335617065430e-02
6.588852405548095703e-01,1.902140676975250244e-02,1.352952718734741211e-01,1.874050498008728027e-02,8.708579093217849731e-02,8.097179979085922241e-02
5.639886260032653809e-01,1.422997470945119858e-02,2.804307639598846436e-01,2.337291091680526733e-02,7.821069657802581787e-02,3.976703807711601257e-02
5.652298331260681152e-01,9.422091767191886902e-03,2.612769305706024170e-01,3.670656681060791016e-02,6.349962204694747925e-02,6.386484950780868530e-02
4.931239187717437744e-01,1.648714952170848846e-02,3.292320072650909424e-01,2.954739332199096680e-02,8.404389768838882446e-02,4.756562411785125732e-02
5.142375230789184570e-01,2.093633636832237244e-02,2.335916161537170410e-01,1.366789080202579498e-02,1.817544996738433838e-01,3.581224754452705383e-02
5.627133846282958984e-01,1.741527952253818512e-02,1.287777572870254517e-01,7.588147651404142380e-03,2.433063983917236328e-01,4.019896686077117920e-02
5.419136285781860352e-01,1.997822523117065430e-02,1.056340187788009644e-01,3.418494015932083130e-03,3.000897765159606934e-01,2.896576374769210815e-02
5.749734044075012207e-01,2.003939636051654816e-02,6.274537742137908936e-02,2.445753663778305054e-03,2.994784712791442871e-01,4.031760618090629578e-02
7.288369536399841309e-01,1.650523208081722260e-02,6.567170470952987671e-02,4.958501551300287247e-03,1.318121999502182007e-01,5.221548676490783691e-02
7.180477380752563477e-01,9.641354903578758240e-03,5.349202826619148254e-02,1.036278903484344482e-02,6.373953819274902344e-02,1.447164565324783325e-01
7.277689576148986816e-01,1.623724028468132019e-02,5.225491896271705627e-02,1.334652863442897797e-02,5.795386433601379395e-02,1.324384659528732300e-01
6.702694892883300781e-01,9.862663224339485168e-03,3.927174955606460571e-02,1.118959207087755203e-02,7.862372696399688721e-02,1.907827854156494141e-01
6.545150876045227051e-01,1.856440678238868713e-02,4.546543955802917480e-02,8.341927081346511841e-03,1.326570361852645874e-01,1.404560059309005737e-01
6.134597659111022949e-01,1.484732609242200851e-02,3.510821238160133362e-02,4.759624600410461426e-03,2.095427066087722778e-01,1.222824454307556152e-01
5.754027962684631348e-01,1.268997415900230408e-02,5.517859011888504028e-02,5.110271275043487549e-03,2.212547659873962402e-01,1.303635090589523315e-01
5.982828736305236816e-01,3.474430739879608154e-02,4.852331057190895081e-02,6.022872868925333023e-03,2.018714696168899536e-01,1.105551123619079590e-01
6.383923292160034180e-01,4.935674369335174561e-02,5.829900503158569336e-02,9.993609972298145294e-03,1.388799399137496948e-01,1.050783619284629822e-01
6.807041168212890625e-01,4.672164842486381531e-02,6.519824266433715820e-02,8.715542964637279510e-03,1.409071981906890869e-01,5.775325372815132141e-02
6.920502781867980957e-01,7.644508779048919678e-02,8.786567300558090210e-02,1.037273276597261429e-02,1.020240783691406250e-01,3.124213963747024536e-02
7.190880775451660156e-01,3.825178742408752441e-02,9.130518883466720581e-02,1.322645042091608047e-02,9.146259725093841553e-02,4.666585475206375122e-02
7.066129446029663086e-01,1.798619702458381653e-02,9.468799829483032227e-02,1.556226890534162521e-02,7.531525939702987671e-02,8.983530849218368530e-02
6.350250244140625000e-01,1.661974936723709106e-02,1.585761010646820068e-01,3.798929601907730103e-02,5.810538679361343384e-02,9.368453174829483032e-02
6.648410558700561523e-01,8.782699704170227051e-03,8.013227581977844238e-02,3.023261576890945435e-02,3.000111877918243408e-02,1.860102564096450806e-01
6.696297526359558105e-01,1.497809588909149170e-02,1.033726185560226440e-01,2.849454805254936218e-02,4.474935308098793030e-02,1.387755721807479858e-01
6.245085000991821289e-01,1.112234871834516525e-02,8.803677558898925781e-02,1.455831062048673630e-02,5.934683606028556824e-02,2.024272233247756958e-01
6.476200222969055176e-01,1.005605049431324005e-02,3.919977322220802307e-02,8.017390035092830658e-03,7.255794852972030640e-02,2.225487828254699707e-01
6.121669411659240723e-01,7.433924823999404907e-03,2.785152196884155273e-02,6.457285955548286438e-03,9.171759337186813354e-02,2.543728053569793701e-01
5.245537161827087402e-01,4.794799722731113434e-03,2.961479499936103821e-02,8.003016933798789978e-03,9.327536076307296753e-02,3.397583365440368652e-01
5.850498080253601074e-01,6.633624900132417679e-03,4.401876404881477356e-02,1.438259147107601166e-02,1.038758978247642517e-01,2.460392713546752930e-01
5.667715668678283691e-01,5.531807430088520050e-03,5.828864872455596924e-02,2.026098407804965973e-02,7.429620623588562012e-02,2.748508155345916748e-01
5.695437192916870117e-01,5.789614282548427582e-03,7.166669517755508423e-02,2.339143678545951843e-02,7.089627534151077271e-02,2.587123513221740723e-01
5.756832361221313477e-01,1.225681044161319733e-02,1.985573172569274902e-01,2.509378455579280853e-02,9.112573415040969849e-02,9.728305786848068237e-02
5.729604959487915039e-01,6.681398488581180573e-03,1.715647727251052856e-01,1.296925824135541916e-02,1.181173250079154968e-01,1.177067011594772339e-01
5.675830841064453125e-01,7.780816871672868729e-03,1.139499992132186890e-01,8.241930976510047913e-03,1.868101060390472412e-01,1.156340241432189941e-01
6.475492715835571289e-01,9.082233533263206482e-03,1.317684948444366455e-01,1.752490364015102386e-02,1.123267933726310730e-01,8.174824714660644531e-02
7.676800489425659180e-01,8.293281309306621552e-03,5.584321171045303345e-02,1.134424377232789993e-02,7.825782150030136108e-02,7.858145982027053833e-02
7.561216354370117188e-01,6.412000395357608795e-03,5.522317066788673401e-02,1.743508502840995789e-02,4.440660402178764343e-02,1.204015463590621948e-01
7.545111179351806641e-01,9.702019393444061279e-03,5.418416485190391541e-02,1.945230923593044281e-02,3.584118932485580444e-02,1.263092011213302612e-01
6.918346285820007324e-01,1.107001304626464844e-02,8.465311676263809204e-02,1.449155621230602264e-02,6.221146881580352783e-02,1.357392221689224243e-01
5.773810744285583496e-01,1.039350312203168869e-02,6.549495458602905273e-02,1.037045847624540329e-02,9.812997281551361084e-02,2.382300347089767456e-01
5.679694414138793945e-01,1.243779622018337250e-02,6.232931464910507202e-02,1.026478502899408340e-02,1.158659085631370544e-01,2.311327904462814331e-01
5.772246718406677246e-01,6.295803934335708618e-03,6.658486276865005493e-02,8.736999705433845520e-03,1.195416077971458435e-01,2.216160446405410767e-01
5.902932286262512207e-01,7.031541783362627029e-03,5.641984939575195312e-02,1.206042058765888214e-02,9.514470398426055908e-02,2.390502393245697021e-01
6.898392438888549805e-01,7.338647730648517609e-03,7.863493263721466064e-02,2.128953672945499420e-02,6.338603049516677856e-02,1.395116150379180908e-01
5.669258832931518555e-01,9.359827265143394470e-03,1.992767453193664551e-01,2.013241313397884369e-02,1.374221891164779663e-01,6.688299775123596191e-02
6.114269495010375977e-01,1.123168226331472397e-02,2.177691608667373657e-01,2.367640472948551178e-02,9.393312036991119385e-02,4.196271672844886780e-02
5.499628782272338867e-01,1.164480019360780716e-02,2.278324961662292480e-01,1.932320371270179749e-02,1.409024149179458618e-01,5.033411830663681030e-02
5.353150963783264160e-01,9.626945480704307556e-03,1.431044340133666992e-01,1.219988148659467697e-02,2.331166118383407593e-01,6.663703173398971558e-02
6.372243762016296387e-01,6.407089997082948685e-03,5.260968208312988281e-02,9.175233542919158936e-03,1.579322963953018188e-01,1.366513222455978394e-01
5.664169788360595703e-01,7.633306551724672318e-03,5.376433953642845154e-02,8.185270242393016815e-03,1.904185861349105835e-01,1.735816299915313721e-01
5.641328096389770508e-01,9.689733386039733887e-03,9.102701395750045776e-02,8.260807953774929047e-03,2.488997280597686768e-01,7.798988372087478638e-02
6.472304463386535645e-01,9.584182873368263245e-03,1.193440780043601990e-01,2.651462517678737640e-02,9.113290905952453613e-02,1.061938256025314331e-01
5.774583220481872559e-01,1.079446543008089066e-02,1.471190750598907471e-01,1.663541421294212341e-02,1.739636212587356567e-01,7.402908802032470703e-02
5.204499363899230957e-01,1.050976850092411041e-02,1.162763908505439758e-01,1.407886482775211334e-02,2.596462965011596680e-01,7.903873920440673828e-02
6.407419443130493164e-01,9.299129247665405273e-03,7.602414488792419434e-02,1.489028893411159515e-02,1.680478751659393311e-01,9.099659323692321777e-02
5.636948943138122559e-01,1.010435819625854492e-02,5.099149793386459351e-02,4.453218542039394379e-03,2.943223714828491211e-01,7.643371075391769409e-02
5.851329565048217773e-01,9.725499898195266724e-03,8.072749525308609009e-02,4.813057370483875275e-03,2.626511752605438232e-01,5.694987624883651733e-02
6.522060036659240723e-01,9.805479086935520172e-03,1.064895614981651306e-01,8.377309888601303101e-03,1.447841525077819824e-01,7.833746820688247681e-02
5.276283621788024902e-01,1.599868945777416229e-02,2.206613570451736450e-01,1.238480396568775177e-02,1.575334519147872925e-01,6.579342484474182129e-02
5.454376935958862305e-01,1.707453839480876923e-02,1.986252963542938232e-01,1.784330792725086212e-02,1.120559498667716980e-01,1.089632734656333923e-01
6.530671715736389160e-01,1.610023528337478638e-02,1.075501814484596252e-01,1.452497206628322601e-02,7.790124416351318359e-02,1.308562010526657104e-01
6.681682467460632324e-01,1.397599931806325912e-02,1.044245883822441101e-01,1.972309127449989319e-02,7.341160625219345093e-02,1.202964931726455688e-01
6.573719382286071777e-01,4.171631764620542526e-03,2.971467003226280212e-02,1.087991893291473389e-02,6.443403661251068115e-02,2.334278672933578491e-01
6.645674109458923340e-01,3.204818814992904663e-03,4.078322649002075195e-02,1.081351563334465027e-02,1.000160202383995056e-01,1.806150078773498535e-01
5.974459052085876465e-01,2.178689464926719666e-03,2.232727408409118652e-02,6.658465601503849030e-03,1.091785505414009094e-01,2.622111439704895020e-01
6.323819756507873535e-01,3.980706911534070969e-03,5.799340829253196716e-02,8.734655566513538361e-03,1.655646562576293945e-01,1.313446611166000366e-01
6.714863777160644531e-01,6.136248819530010223e-03,7.374518364667892456e-02,7.967951707541942596e-03,1.488027125597000122e-01,9.186150133609771729e-02
6.668713688850402832e-01,6.648655980825424194e-03,5.504586175084114075e-02,6.599656306207180023e-03,1.180867850780487061e-01,1.467476636171340942e-01
6.730038523674011230e-01,8.681399747729301453e-03,7.426477968692779541e-02,1.098150480538606644e-02,9.528508782386779785e-02,1.377833485603332520e-01
7.072488665580749512e-01,1.554315257817506790e-02,6.233937293291091919e-02,9.882962331175804138e-03,8.935300260782241821e-02,1.156325861811637878e-01
6.808899044990539551e-01,1.139369886368513107e-02,3.628008812665939331e-02,6.427720189094543457e-03,9.537796676158905029e-02,1.696305721998214722e-01
6.629989147186279297e-01,1.309692859649658203e-02,5.522152781486511230e-02,5.425945855677127838e-03,1.465905904769897461e-01,1.166660264134407043e-01
6.715444326400756836e-01,1.261794567108154297e-02,1.208037286996841431e-01,1.882608048617839813e-02,8.673241734504699707e-02,8.947546780109405518e-02
6.277781128883361816e-01,7.192958146333694458e-03,1.518881916999816895e-01,2.794486843049526215e-02,9.089919924736022949e-02,9.429672360420227051e-02
5.888675451278686523e-01,9.494775906205177307e-03,2.151994407176971436e-01,3.441332653164863586e-02,8.459860086441040039e-02,6.742627918720245361e-02
6.217064261436462402e-01,1.430387422442436218e-02,1.681690216064453125e-01,2.626893110573291779e-02,1.003191173076629639e-01,6.923278421163558960e-02
6.122342348098754883e-01,1.295023038983345032e-02,1.354604512453079224e-01,1.367632951587438583e-02,1.509079039096832275e-01,7.477091997861862183e-02
6.210392713546752930e-01,1.069768425077199936e-02,7.056634873151779175e-02,5.933103151619434357e-03,1.985189765691757202e-01,9.324455261230468750e-02
6.691139340400695801e-01,1.098111458122730255e-02,6.972829252481460571e-02,9.395350702106952667e-03,1.186118721961975098e-01,1.221694722771644592e-01
6.036728024482727051e-01,4.629981238394975662e-03,5.554668605327606201e-02,5.318560637533664703e-03,2.086885273456573486e-01,1.221435070037841797e-01
6.090944409370422363e-01,5.569134373217821121e-03,7.732567936182022095e-02,6.125604733824729919e-03,2.229730784893035889e-01,7.891202718019485474e-02
5.973898768424987793e-01,8.355806581676006317e-03,4.163767024874687195e-02,3.527613123878836632e-03,2.679262757301330566e-01,8.116269856691360474e-02
5.458061099052429199e-01,7.838475517928600311e-03,4.891688749194145203e-02,3.012297675013542175e-03,3.251537680625915527e-01,6.927248835563659668e-02
6.055713891983032227e-01,9.109127335250377655e-03,5.889180302619934082e-02,3.976352978497743607e-03,2.525997161865234375e-01,6.985160708427429199e-02
6.518576145172119141e-01,8.277996443212032318e-03,4.797088354825973511e-02,4.831930156797170639e-03,1.758127361536026001e-01,1.112488284707069397e-01
5.916531682014465332e-01,7.769812829792499542e-03,8.656758815050125122e-02,6.529044825583696365e-03,1.909227818250656128e-01,1.165577620267868042e-01
6.097369790077209473e-01,5.087881349027156830e-03,9.571307152509689331e-02,1.372915320098400116e-02,1.447862833738327026e-01,1.309466063976287842e-01
5.902496576309204102e-01,4.537911619991064072e-03,1.104967147111892700e-01,1.822470128536224365e-02,9.358897805213928223e-02,1.829020380973815918e-01
6.215551495552062988e-01,6.290765013545751572e-03,7.437928766012191772e-02,1.067869085818529129e-02,1.438397318124771118e-01,1.432564109563827515e-01
5.540676712989807129e-01,8.352798409759998322e-03,1.849003285169601440e-01,2.794374339282512665e-02,8.691307902336120605e-02,1.378223150968551636e-01
6.230739355087280273e-01,8.247381076216697693e-03,1.539897322654724121e-01,2.405869215726852417e-02,8.011119812726974487e-02,1.105190813541412354e-01
5.863018631935119629e-01,1.175756379961967468e-02,9.788496047258377075e-02,1.172837987542152405e-02,1.598176658153533936e-01,1.325095593929290771e-01
5.038131475448608398e-01,1.324313972145318985e-02,1.967420130968093872e-01,1.818033680319786072e-02,1.703954041004180908e-01,9.762600809335708618e-02
5.033001899719238281e-01,8.892298676073551178e-03,2.421370893716812134e-01,2.119649946689605713e-02,1.640603840351104736e-01,6.041358783841133118e-02
5.132872462272644043e-01,6.216091103851795197e-03,3.102858066558837891e-01,4.846375435590744019e-02,7.670735567808151245e-02,4.503977298736572266e-02
4.859724640846252441e-01,9.850611910223960876e-03,3.935332596302032471e-01,5.775026604533195496e-02,3.800804167985916138e-02,1.488528866320848465e-02
5.338141918182373047e-01,2.046509087085723877e-02,3.382255733013153076e-01,4.724001139402389526e-02,4.624617099761962891e-02,1.400899142026901245e-02
6.103687882423400879e-01,2.253797836601734161e-02,2.450803220272064209e-01,2.550387568771839142e-02,8.199164271354675293e-02,1.451742742210626602e-02
6.298407912254333496e-01,3.318952396512031555e-02,1.144619807600975037e-01,7.780622225254774094e-03,1.884543299674987793e-01,2.627274021506309509e-02
5.940132737159729004e-01,2.673204988241195679e-02,9.530106186866760254e-02,7.543282117694616318e-03,2.434229403734207153e-01,3.298740461468696594e-02
6.092026829719543457e-01,9.030131623148918152e-03,8.266851305961608887e-02,7.348807062953710556e-03,2.323596626520156860e-01,5.939021334052085876e-02
5.358055830001831055e-01,5.594761576503515244e-03,8.292581886053085327e-02,6.045861169695854187e-03,2.881883680820465088e-01,8.143965154886245728e-02
5.607197284698486328e-01,5.411881022155284882e-03,6.301575899124145508e-02,4.147072788327932358e-03,2.741912007331848145e-01,9.251438826322555542e-02
5.412260293960571289e-01,6.481192540377378464e-03,5.922361835837364197e-02,4.286148119717836380e-03,2.886374890804290771e-01,1.001455560326576233e-01
5.746200084686279297e-01,7.740221917629241943e-03,8.214806765317916870e-02,6.941221654415130615e-03,2.296009212732315063e-01,9.894953668117523193e-02
6.267501711845397949e-01,1.045284140855073929e-02,1.123073101043701172e-01,8.030729368329048157e-03,1.792219579219818115e-01,6.323698163032531738e-02
6.987068653106689453e-01,1.132658310234546661e-02,8.162157982587814331e-02,1.463331561535596848e-02,9.423332661390304565e-02,9.947841614484786987e-02
6.796805262565612793e-01,6.329650990664958954e-03,7.378120720386505127e-02,1.355787646025419235e-02,9.112730622291564941e-02,1.355234682559967041e-01
6.447991728782653809e-01,4.884515888988971710e-03,8.136327564716339111e-02,2.390922419726848602e-02,5.777371674776077271e-02,1.872699856758117676e-01
6.405311226844787598e-01,5.255255382508039474e-03,8.472368866205215454e-02,1.913888193666934967e-02,9.007637202739715576e-02,1.602747440338134766e-01
5.665382742881774902e-01,8.397690951824188232e-03,2.355796396732330322e-01,1.904898323118686676e-02,9.613465517759323120e-02,7.430066168308258057e-02
5.096800327301025391e-01,1.088900305330753326e-02,2.083828002214431763e-01,1.401210390031337738e-02,1.943059861660003662e-01,6.273006647825241089e-02
5.501862764358520508e-01,1.840042881667613983e-02,1.922081708908081055e-01,1.344600226730108261e-02,1.514616906642913818e-01,7.429736107587814331e-02
6.104066967964172363e-01,1.940304040908813477e-02,1.013511717319488525e-01,8.907142095267772675e-03,1.494026482105255127e-01,1.105293259024620056e-01
6.007165908813476562e-01,1.264859829097986221e-02,6.327819824218750000e-02,8.384299464523792267e-03,1.378165483474731445e-01,1.771557927131652832e-01
7.007273435592651367e-01,8.439062163233757019e-03,3.092618659138679504e-02,8.136047050356864929e-03,6.365831941366195679e-02,1.881130933761596680e-01
7.095919251441955566e-01,8.527308702468872070e-03,4.202520474791526794e-02,6.421134341508150101e-03,1.158947423100471497e-01,1.175396293401718140e-01
6.856068372726440430e-01,9.213265962898731232e-03,2.947069145739078522e-02,6.940577644854784012e-03,1.436160206794738770e-01,1.251525580883026123e-01
6.351578235626220703e-01,1.833227463066577911e-02,3.927671909332275391e-02,5.811274051666259766e-03,2.170968502759933472e-01,8.432498574256896973e-02
6.694450974464416504e-01,1.819076575338840485e-02,3.514919430017471313e-02,1.103489380329847336e-02,1.245946064591407776e-01,1.415854543447494507e-01
6.509935259819030762e-01,1.065789442509412766e-02,2.582025527954101562e-02,1.291591208428144455e-02,6.452077627182006836e-02,2.350916564464569092e-01
6.828615069389343262e-01,8.895267732441425323e-03,2.480564452707767487e-02,1.176437269896268845e-02,5.324847623705863953e-02,2.184247076511383057e-01
6.179375648498535156e-01,4.525683354586362839e-03,1.837692409753799438e-02,1.067306753247976303e-02,4.475631192326545715e-02,3.037304282188415527e-01
6.424118280410766602e-01,7.915009744465351105e-03,6.449038535356521606e-02,2.242903597652912140e-02,5.567743256688117981e-02,2.070763260126113892e-01
6.295234560966491699e-01,8.263872005045413971e-03,9.562283009290695190e-02,2.423727139830589294e-02,9.560027718544006348e-02,1.467521935701370239e-01
6.191127300262451172e-01,8.636312559247016907e-03,1.436532735824584961e-01,2.723293751478195190e-02,9.687203168869018555e-02,1.044927462935447693e-01
5.952168107032775879e-01,6.917932536453008652e-03,1.955112665891647339e-01,2.660608664155006409e-02,8.189627528190612793e-02,9.385169297456741333e-02
5.777282714843750000e-01,7.732502184808254242e-03,7.078364491462707520e-02,5.890911445021629333e-03,2.424411177635192871e-01,9.542353451251983643e-02
6.021383404731750488e-01,1.177048031240701675e-02,5.517693981528282166e-02,6.778234615921974182e-03,2.131445705890655518e-01,1.109913438558578491e-01
6.168395280838012695e-01,3.128222748637199402e-02,4.808786883950233459e-02,8.229998871684074402e-03,1.767580360174179077e-01,1.188022866845130920e-01
6.158114075660705566e-01,3.051309473812580109e-02,4.767094925045967102e-02,7.946400903165340424e-03,1.891800463199615479e-01,1.088781058788299561e-01
6.290529370307922363e-01,3.799859061837196350e-02,5.844241753220558167e-02,1.056090742349624634e-02,1.521198898553848267e-01,1.118253245949745178e-01
6.101251244544982910e-01,3.847078606486320496e-02,5.481231212615966797e-02,5.809007212519645691e-03,2.114185690879821777e-01,7.936416566371917725e-02
6.529002785682678223e-01,1.677981950342655182e-02,4.585471749305725098e-02,5.410782061517238617e-03,1.652645915746688843e-01,1.137898564338684082e-01
6.879288554191589355e-01,1.443490665405988693e-02,3.698346763849258423e-02,4.831656347960233688e-03,1.342804431915283203e-01,1.215407252311706543e-01
7.353910803794860840e-01,1.344882603734731674e-02,3.997863829135894775e-02,5.899736657738685608e-03,8.895341306924819946e-02,1.163283661007881165e-01
7.662424445152282715e-01,1.102916151285171509e-02,3.303522616624832153e-02,7.222881540656089783e-03,5.627540126442909241e-02,1.261949539184570312e-01
7.316904067993164062e-01,1.123444456607103348e-02,3.553779423236846924e-02,5.661732517182826996e-03,9.201979637145996094e-02,1.238558590412139893e-01
7.148460149765014648e-01,7.341859862208366394e-03,4.335531592369079590e-02,1.631811447441577911e-02,6.145846471190452576e-02,1.566801071166992188e-01
7.836322784423828125e-01,6.074377335608005524e-03,3.421600535511970520e-02,1.860192976891994476e-02,3.470578417181968689e-02,1.227694973349571228e-01
6.911238431930541992e-01,6.859416607767343521e-03,5.328228697180747986e-02,1.845207437872886658e-02,5.407147482037544250e-02,1.762109100818634033e-01
6.790599822998046875e-01,5.820733960717916489e-03,5.035167187452316284e-02,2.940799482166767120e-02,2.813034690916538239e-02,2.072291970252990723e-01
6.654331684112548828e-01,7.059039548039436340e-03,5.011954903602600098e-02,2.071125619113445282e-02,4.467853903770446777e-02,2.119984775781631470e-01
6.127042174339294434e-01,1.120714377611875534e-02,7.357449829578399658e-02,1.360920909792184830e-02,7.310574501752853394e-02,2.157992720603942871e-01
6.358454227447509766e-01,9.507385082542896271e-03,7.248701155185699463e-02,1.755090989172458649e-02,5.660767853260040283e-02,2.080016583204269409e-01
5.929089188575744629e-01,1.503514312207698822e-02,5.586953833699226379e-02,8.381078951060771942e-03,1.159057691693305969e-01,2.118995338678359985e-01
6.238190531730651855e-01,1.645047962665557861e-02,7.187193632125854492e-02,2.292961440980434418e-02,4.550534486770629883e-02,2.194234281778335571e-01
6.076430082321166992e-01,6.682479288429021835e-03,2.332291007041931152e-02,9.919313713908195496e-03,4.318759590387344360e-02,3.092446327209472656e-01
6.194146871566772461e-01,1.035294402390718460e-02,3.876707330346107483e-02,1.374745368957519531e-02,6.414037942886352539e-02,2.535774707794189453e-01
6.382914781570434570e-01,1.291138306260108948e-02,4.283462837338447571e-02,1.070722006261348724e-02,9.307724982500076294e-02,2.021780610084533691e-01
6.802104711532592773e-01,1.988134533166885376e-02,3.804139792919158936e-02,1.009669993072748184e-02,1.056249439716339111e-01,1.461451500654220581e-01
7.071141004562377930e-01,1.414958667010068893e-02,3.917273133993148804e-02,9.427144192159175873e-03,8.250974863767623901e-02,1.476266384124755859e-01
6.831899285316467285e-01,2.065093256533145905e-02,5.938211455941200256e-02,8.564937859773635864e-03,1.076550334692001343e-01,1.205571293830871582e-01
6.504655480384826660e-01,1.796960830688476562e-02,6.456092000007629395e-02,1.098882872611284256e-02,6.242448836565017700e-02,1.935906112194061279e-01
6.576642394065856934e-01,1.182296685874462128e-02,1.066903918981552124e-01,1.820615865290164948e-02,4.862765222787857056e-02,1.569886207580566406e-01
5.692412853240966797e-01,9.983542375266551971e-03,1.383902877569198608e-01,1.624987646937370300e-02,8.302716910839080811e-02,1.831077933311462402e-01
5.623211264610290527e-01,7.795537821948528290e-03,9.583537280559539795e-02,1.670501939952373505e-02,6.656998395919799805e-02,2.507730424404144287e-01
6.109251976013183594e-01,7.735340856015682220e-03,7.225637882947921753e-02,1.315416209399700165e-02,6.728616356849670410e-02,2.286427319049835205e-01
5.870030522346496582e-01,7.059624884277582169e-03,3.019852936267852783e-02,8.992445655167102814e-03,6.336548179388046265e-02,3.033809363842010498e-01
6.114660501480102539e-01,1.920416019856929779e-02,3.701447322964668274e-02,6.914355326443910599e-03,1.008365750312805176e-01,2.245643883943557739e-01
7.104881405830383301e-01,1.603767275810241699e-02,3.892434388399124146e-02,5.360851529985666275e-03,9.527635574340820312e-02,1.339125931262969971e-01
7.164133191108703613e-01,4.047463089227676392e-02,5.146066471934318542e-02,7.974360138177871704e-03,9.413782507181167603e-02,8.953930437564849854e-02
6.952689886093139648e-01,8.282662928104400635e-02,7.321514934301376343e-02,8.044623769819736481e-03,9.881879389286041260e-02,4.182581603527069092e-02
6.538971066474914551e-01,8.175555616617202759e-02,1.024877876043319702e-01,6.391093600541353226e-03,1.273468434810638428e-01,2.812168560922145844e-02
6.124662756919860840e-01,1.150731742382049561e-01,8.984593302011489868e-02,5.403967108577489853e-03,1.486976444721221924e-01,2.851301059126853943e-02
5.806021094322204590e-01,9.358216077089309692e-02,9.628501534461975098e-02,4.568355157971382141e-03,1.979940831661224365e-01,2.696834877133369446e-02
6.351063847541809082e-01,4.530561342835426331e-02,5.813770741224288940e-02,3.881823737174272537e-03,1.916216760873794556e-01,6.594688445329666138e-02
5.780423283576965332e-01,3.399728611111640930e-02,4.084817320108413696e-02,3.558896249160170555e-03,2.342919707298278809e-01,1.092613860964775085e-01
5.505874156951904297e-01,2.544650435447692871e-02,4.492968693375587463e-02,3.255418734624981880e-03,2.814053893089294434e-01,9.437557309865951538e-02
6.181824803352355957e-01,1.777902618050575256e-02,6.467994302511215210e-02,3.833922324702143669e-03,2.087640464305877686e-01,8.676048368215560913e-02
5.643535256385803223e-01,2.918006293475627899e-02,7.005135715007781982e-02,2.860412001609802246e-03,2.860246002674102783e-01,4.753014072775840759e-02
5.501995682716369629e-01,2.308069728314876556e-02,8.439778536558151245e-02,2.766334218904376030e-03,3.032236397266387939e-01,3.633207082748413086e-02
6.046802997589111328e-01,1.761733181774616241e-02,7.252176851034164429e-02,3.847300074994564056e-03,2.305579930543899536e-01,7.077517360448837280e-02
5.367961525917053223e-01,2.264193072915077209e-02,5.892489105463027954e-02,3.502183593809604645e-03,2.888492643833160400e-01,8.928564190864562988e-02
4.847494661808013916e-01,1.643508300185203552e-02,4.414499178528785706e-02,4.569055512547492981e-03,2.782616019248962402e-01,1.718397587537765503e-01
4.849503934383392334e-01,9.958994574844837189e-03,3.135306015610694885e-02,5.209855735301971436e-03,2.238968759775161743e-01,2.446309030055999756e-01
4.997774064540863037e-01,7.194910198450088501e-03,3.219617158174514771e-02,5.305910017341375351e-03,1.937464028596878052e-01,2.617791295051574707e-01
5.853298306465148926e-01,7.266295608133077621e-03,5.278620868921279907e-02,7.724721450358629227e-03,1.581431180238723755e-01,1.887499690055847168e-01
5.754705667495727539e-01,3.591621294617652893e-03,4.490274190902709961e-02,6.846660748124122620e-03,1.266255229711532593e-01,2.425629645586013794e-01
5.399379134178161621e-01,3.363767638802528381e-03,6.175877153873443604e-02,1.082554645836353302e-02,1.323576122522354126e-01,2.517564892768859863e-01
5.568847060203552246e-01,3.618516726419329643e-03,6.122503802180290222e-02,9.281282313168048859e-03,1.675872951745986938e-01,2.014032304286956787e-01
5.452035665512084961e-01,3.203848842531442642e-03,4.890689626336097717e-02,1.038657408207654953e-02,1.307492256164550781e-01,2.615498602390289307e-01
5.736392140388488770e-01,4.716814029961824417e-03,4.593919217586517334e-02,1.156171318143606186e-02,1.006672605872154236e-01,2.634758055210113525e-01
5.453781485557556152e-01,4.478732589632272720e-03,4.597310721874237061e-02,1.407707761973142624e-02,7.359872013330459595e-02,3.164941668510437012e-01
6.024132370948791504e-01,4.261038266122341156e-03,8.278262615203857422e-02,2.710125409066677094e-02,4.054460674524307251e-02,2.428972125053405762e-01
6.482375860214233398e-01,6.093828473240137100e-03,1.042481213808059692e-01,2.084019593894481659e-02,5.320219695568084717e-02,1.673781424760818481e-01
6.873405575752258301e-01,8.415795862674713135e-03,1.138796955347061157e-01,1.838760450482368469e-02,6.894703954458236694e-02,1.030293330550193787e-01
6.162093281745910645e-01,1.868018694221973419e-02,1.684358566999435425e-01,1.183158252388238907e-02,1.363618075847625732e-01,4.848131537437438965e-02
5.391811728477478027e-01,2.570915967226028442e-02,8.647720515727996826e-02,6.269977428019046783e-03,2.867786586284637451e-01,5.558381602168083191e-02
5.227072238922119141e-01,2.329874597489833832e-02,6.442767381668090820e-02,3.899079281836748123e-03,3.323984742164611816e-01,5.326886475086212158e-02
6.255155801773071289e-01,2.151738107204437256e-02,1.006213873624801636e-01,6.877502426505088806e-03,2.050852626562118530e-01,4.038292169570922852e-02
6.040236949920654297e-01,1.912654750049114227e-02,2.155469506978988647e-01,1.494503207504749298e-02,1.160659715533256531e-01,3.029180131852626801e-02
5.327455401420593262e-01,1.512769516557455063e-02,3.471351861953735352e-01,2.275523170828819275e-02,6.105365976691246033e-02,2.118252404034137726e-02
6.101736426353454590e-01,1.643829420208930969e-02,2.756481468677520752e-01,3.863062709569931030e-02,2.834485471248626709e-02,3.076450526714324951e-02
6.475204229354858398e-01,1.313767582178115845e-02,2.210578173398971558e-01,3.041827119886875153e-02,3.901965543627738953e-02,4.884613677859306335e-02
6.413312554359436035e-01,1.187882013618946075e-02,1.954843997955322266e-01,2.019209228456020355e-02,6.774405390024185181e-02,6.336933374404907227e-02
6.471127271652221680e-01,7.338974159210920334e-03,1.540966778993606567e-01,2.022769115865230560e-02,8.798181265592575073e-02,8.324207365512847900e-02
6.447375416755676270e-01,6.868151482194662094e-03,1.465128064155578613e-01,2.793872356414794922e-02,8.219564706087112427e-02,9.174709767103195190e-02
6.011765599250793457e-01,1.013523247092962265e-02,1.824663281440734863e-01,2.749571576714515686e-02,9.703069180250167847e-02,8.169539272785186768e-02
5.946345925331115723e-01,9.369342587888240814e-03,2.446220219135284424e-01,4.444262012839317322e-02,4.479687288403511047e-02,6.213452666997909546e-02
6.195137500762939453e-01,9.997572749853134155e-03,1.685988157987594604e-01,2.695884928107261658e-02,8.762776851654052734e-02,8.730331063270568848e-02
6.212919354438781738e-01,7.283594924956560135e-03,1.750924140214920044e-01,3.783102706074714661e-02,6.132655963301658630e-02,9.717451781034469604e-02
5.097112655639648438e-01,6.080739665776491165e-03,3.308390080928802490e-01,7.781863957643508911e-02,3.659620881080627441e-02,3.895408660173416138e-02
6.340224146842956543e-01,6.129551678895950317e-03,1.934814304113388062e-01,4.575591534376144409e-02,5.857440084218978882e-02,6.203624978661537170e-02
6.345044374465942383e-01,6.744226440787315369e-03,2.058469355106353760e-01,6.909735500812530518e-02,3.062781319022178650e-02,5.317917093634605408e-02
6.131585240364074707e-01,1.051470916718244553e-02,2.657826840877532959e-01,3.010924905538558960e-02,5.501816421747207642e-02,2.541660889983177185e-02
6.783073544502258301e-01,1.308496855199337006e-02,1.671423763036727905e-01,1.917122118175029755e-02,8.142197877168655396e-02,4.087216034531593323e-02
7.508361935615539551e-01,1.357480604201555252e-02,9.140057116746902466e-02,1.825379393994808197e-02,6.744513660669326782e-02,5.848933383822441101e-02
6.798140406608581543e-01,7.506942842155694962e-03,7.321506738662719727e-02,9.896321222186088562e-03,1.498723924160003662e-01,7.969530671834945679e-02
7.153953313827514648e-01,8.150991983711719513e-03,7.386219501495361328e-02,1.184636913239955902e-02,1.133326515555381775e-01,7.741247117519378662e-02
7.344106435775756836e-01,5.792438518255949020e-03,8.113206177949905396e-02,2.064750902354717255e-02,7.311776280403137207e-02,8.489955961704254150e-02
6.970806717872619629e-01,7.083248347043991089e-03,1.414525508880615234e-01,1.755194365978240967e-02,9.137116372585296631e-02,4.546038433909416199e-02
6.854988932609558105e-01,6.270976271480321884e-03,1.763952374458312988e-01,1.747886091470718384e-02,7.730518281459808350e-02,3.705091401934623718e-02
7.278639674186706543e-01,5.975614301860332489e-03,1.280436217784881592e-01,9.482787922024726868e-03,9.400922805070877075e-02,3.462470322847366333e-02
6.708313226699829102e-01,6.074516102671623230e-03,1.556161791086196899e-01,6.545185577124357224e-03,1.364889591932296753e-01,2.444380335509777069e-02
6.315184235572814941e-01,9.683928452432155609e-03,1.204716935753822327e-01,4.370165523141622543e-03,2.084770500659942627e-01,2.547872811555862427e-02
6.195631027221679688e-01,1.437985897064208984e-02,1.656645089387893677e-01,8.394119329750537872e-03,1.683435291051864624e-01,2.365493401885032654e-02
6.095748543739318848e-01,1.337802875787019730e-02,2.057049423456192017e-01,1.183539535850286484e-02,1.346043795347213745e-01,2.490242384374141693e-02
7.031054496765136719e-01,1.120853796601295471e-02,1.079617068171501160e-01,1.575865596532821655e-02,8.040733635425567627e-02,8.155823498964309692e-02
6.549921631813049316e-01,2.387589402496814728e-02,1.218812093138694763e-01,1.672334596514701843e-02,1.095652282238006592e-01,7.296215742826461792e-02
6.044961810111999512e-01,1.698715239763259888e-02,1.076291650533676147e-01,9.168195538222789764e-03,1.436692178249359131e-01,1.180501058697700500e-01
5.451129078865051270e-01,1.642921380698680878e-02,1.034652814269065857e-01,7.520843297243118286e-03,2.195965498685836792e-01,1.078752279281616211e-01
4.719788730144500732e-01,1.686237566173076630e-02,7.680990546941757202e-02,4.691930022090673447e-03,3.272482156753540039e-01,1.024086698889732361e-01
5.711148977279663086e-01,8.484086021780967712e-03,5.496329814195632935e-02,5.943802651017904282e-03,1.642531603574752808e-01,1.952407807111740112e-01
5.965176820755004883e-01,6.508249789476394653e-03,5.248014256358146667e-02,7.434849161654710770e-03,1.524515450000762939e-01,1.846074759960174561e-01
6.978930234909057617e-01,5.592890549451112747e-03,6.201399117708206177e-02,1.554322149604558945e-02,6.231875345110893250e-02,1.566380858421325684e-01
6.809962987899780273e-01,8.746124804019927979e-03,1.047265008091926575e-01,2.544517628848552704e-02,6.164168193936347961e-02,1.184441968798637390e-01
6.375963687896728516e-01,8.753850124776363373e-03,1.033952236175537109e-01,2.298086509108543396e-02,8.725856244564056396e-02,1.400151252746582031e-01
6.320126652717590332e-01,1.330596487969160080e-02,1.221542879939079285e-01,1.955381408333778381e-02,1.108276844024658203e-01,1.021456345915794373e-01
5.832316279411315918e-01,1.591770350933074951e-02,6.404697149991989136e-02,1.262314990162849426e-02,1.193613559007644653e-01,2.048191875219345093e-01
6.112569570541381836e-01,1.027602516114711761e-02,3.941076621413230896e-02,8.477458730340003967e-03,8.520027995109558105e-02,2.453785240650177002e-01
5.860062241554260254e-01,1.833368092775344849e-02,6.988364458084106445e-02,5.691939964890480042e-03,1.972489356994628906e-01,1.228355169296264648e-01
5.033037662506103516e-01,1.425209455192089081e-02,5.568812415003776550e-02,3.695448162034153938e-03,3.147705197334289551e-01,1.082900911569595337e-01
5.628091096878051758e-01,9.808564558625221252e-03,7.794057577848434448e-02,3.341871313750743866e-03,3.001022636890411377e-01,4.599756374955177307e-02
5.481228232383728027e-01,1.464813016355037689e-02,1.248759329319000244e-01,7.411950733512639999e-03,2.723603844642639160e-01,3.258082643151283264e-02
6.118234992027282715e-01,1.187474466860294342e-02,1.140579730272293091e-01,1.092762500047683716e-02,2.023768424987792969e-01,4.893929511308670044e-02
6.359539031982421875e-01,6.812834180891513824e-03,1.362085938453674316e-01,1.683552004396915436e-02,1.402795016765594482e-01,6.390967220067977905e-02
6.793476343154907227e-01,6.454490590840578079e-03,7.885819673538208008e-02,1.147251669317483902e-02,1.436506211757659912e-01,8.021649718284606934e-02
6.376889348030090332e-01,7.673280313611030579e-03,5.471364036202430725e-02,3.695129416882991791e-03,2.360561937093734741e-01,6.017276644706726074e-02
6.883898973464965820e-01,8.028689771890640259e-03,6.566248834133148193e-02,5.245991516858339310e-03,1.582752615213394165e-01,7.439763844013214111e-02
7.192196249961853027e-01,7.527206558734178543e-03,5.383620411157608032e-02,5.640090443193912506e-03,1.284292936325073242e-01,8.534763753414154053e-02
7.378241419792175293e-01,7.486106362193822861e-03,4.901316389441490173e-02,7.414447143673896790e-03,7.353591173887252808e-02,1.247262656688690186e-01
6.969914436340332031e-01,6.236819084733724594e-03,3.890107572078704834e-02,1.032410003244876862e-02,3.501939773559570312e-02,2.125272005796432495e-01
5.527111887931823730e-01,4.780853632837533951e-03,3.330558165907859802e-02,6.431912537664175034e-03,6.094776093959808350e-02,3.418228328227996826e-01
6.130325794219970703e-01,9.017799049615859985e-03,8.290443569421768188e-02,1.327942311763763428e-02,7.927477359771728516e-02,2.024909406900405884e-01
5.849174857139587402e-01,7.993665523827075958e-03,1.529754698276519775e-01,2.685996331274509430e-02,6.417405605316162109e-02,1.630794256925582886e-01
6.088415384292602539e-01,6.885287817567586899e-03,1.411508917808532715e-01,2.760973013937473297e-02,5.774120613932609558e-02,1.577713638544082642e-01
6.647556424140930176e-01,7.352548185735940933e-03,1.706686317920684814e-01,2.826860547065734863e-02,4.498302564024925232e-02,8.397153764963150024e-02
6.733271479606628418e-01,6.008895579725503922e-03,9.171309322118759155e-02,1.504694763571023941e-02,7.656294852495193481e-02,1.373409777879714966e-01
6.614472270011901855e-01,7.120066322386264801e-03,6.471682339906692505e-02,1.051531173288822174e-02,9.621098637580871582e-02,1.599896103143692017e-01
6.601626276969909668e-01,1.510026585310697556e-02,7.003277540206909180e-02,9.924363344907760620e-03,1.172030642628669739e-01,1.275769621133804321e-01
6.965224146842956543e-01,1.180572248995304108e-02,9.811884909868240356e-02,1.090997271239757538e-02,1.028944104909896851e-01,7.974859327077865601e-02
7.194550037384033203e-01,1.307266857475042343e-02,9.619928151369094849e-02,1.257431972771883011e-02,7.279217988252639771e-02,8.590657263994216919e-02
7.198445200920104980e-01,2.583776041865348816e-02,9.005821496248245239e-02,1.482076477259397507e-02,5.343076214194297791e-02,9.600794315338134766e-02
7.164069414138793945e-01,1.564582437276840210e-02,5.043391510844230652e-02,9.807167574763298035e-03,6.938340514898300171e-02,1.383226662874221802e-01
7.028985023498535156e-01,9.248545393347740173e-03,4.748801887035369873e-02,1.289414986968040466e-02,5.123496055603027344e-02,1.762357801198959351e-01
7.054864764213562012e-01,9.733024984598159790e-03,5.490617454051971436e-02,1.501164399087429047e-02,6.681270152330398560e-02,1.480500847101211548e-01
6.976322531700134277e-01,5.467407871037721634e-03,7.325849682092666626e-02,2.339106425642967224e-02,4.443415626883506775e-02,1.558167338371276855e-01
6.910404562950134277e-01,5.605220794677734375e-03,1.342393010854721069e-01,4.389885812997817993e-02,3.026559762656688690e-02,9.495056420564651489e-02
6.694590449333190918e-01,5.788797046989202499e-03,1.204614341259002686e-01,5.133261531591415405e-02,2.740143239498138428e-02,1.255567073822021484e-01
6.212131977081298828e-01,7.977276109158992767e-03,1.381972730159759521e-01,3.134812787175178528e-02,5.663936212658882141e-02,1.446247398853302002e-01
6.539586782455444336e-01,7.463237270712852478e-03,1.113063395023345947e-01,4.079787805676460266e-02,4.976427555084228516e-02,1.367095410823822021e-01
6.161257028579711914e-01,8.735345676541328430e-03,1.287451684474945068e-01,5.679967254400253296e-02,5.434008687734603882e-02,1.352540701627731323e-01
6.319341063499450684e-01,1.763520017266273499e-02,9.689322859048843384e-02,1.566069759428501129e-02,1.284180730581283569e-01,1.094587147235870361e-01
6.581364870071411133e-01,2.232120372354984283e-02,1.108484789729118347e-01,2.301988191902637482e-02,9.376703947782516479e-02,9.190696477890014648e-02
6.649562716484069824e-01,2.321560494601726532e-02,7.809891551733016968e-02,2.520967088639736176e-02,5.351180210709571838e-02,1.550078392028808594e-01
7.028460502624511719e-01,4.852804169058799744e-02,5.430263280868530273e-02,1.192909479141235352e-02,6.819898635149002075e-02,1.141951680183410645e-01
6.968836784362792969e-01,4.539566487073898315e-02,3.844730928540229797e-02,1.879889890551567078e-02,3.658261895179748535e-02,1.638919860124588013e-01
7.216929197311401367e-01,2.716721966862678528e-02,3.345318883657455444e-02,1.939934119582176208e-02,2.382937818765640259e-02,1.744577735662460327e-01
7.898871898651123047e-01,1.621700264513492584e-02,3.066428750753402710e-02,2.888111397624015808e-02,1.386488042771816254e-02,1.204855069518089294e-01
7.798681259155273438e-01,6.419475190341472626e-03,2.221760340034961700e-02,2.960418164730072021e-02,9.668629616498947144e-03,1.522219181060791016e-01
8.008512258529663086e-01,6.391528528183698654e-03,3.865129128098487854e-02,3.151921555399894714e-02,1.500159595161676407e-02,1.075851619243621826e-01
7.419412136077880859e-01,8.006765507161617279e-03,1.346113979816436768e-01,3.547437489032745361e-02,2.476687729358673096e-02,5.519922077655792236e-02
6.314067244529724121e-01,9.810393676161766052e-03,2.585611343383789062e-01,3.122198209166526794e-02,3.605602681636810303e-02,3.294379264116287231e-02
6.010040044784545898e-01,1.110051106661558151e-02,2.738883793354034424e-01,1.553619559854269028e-02,6.484801322221755981e-02,3.362288326025009155e-02
5.370096564292907715e-01,1.124508958309888840e-02,2.968043684959411621e-01,2.516547404229640961e-02,7.451371103525161743e-02,5.526170879602432251e-02
5.867599248886108398e-01,1.156631857156753540e-02,2.202245593070983887e-01,3.252611681818962097e-02,6.430473178625106812e-02,8.461839705705642700e-02
6.081322431564331055e-01,1.321227476000785828e-02,2.156496644020080566e-01,3.970440477132797241e-02,5.159028619527816772e-02,7.171101868152618408e-02
5.922566056251525879e-01,9.140894748270511627e-03,1.488438844680786133e-01,2.390432544052600861e-02,8.113051950931549072e-02,1.447237432003021240e-01
6.219429373741149902e-01,9.398677386343479156e-03,1.233672276139259338e-01,1.688017509877681732e-02,1.127597242593765259e-01,1.156513690948486328e-01
5.456950068473815918e-01,7.558961398899555206e-03,6.214017421007156372e-02,1.039636787027120590e-02,1.435254067182540894e-01,2.306840568780899048e-01
4.473546445369720459e-01,3.233945230022072792e-03,3.889190778136253357e-02,1.012494321912527084e-02,7.298449426889419556e-02,4.274100661277770996e-01
5.146023035049438477e-01,4.238789435476064682e-03,4.542472586035728455e-02,1.321079954504966736e-02,6.725563853979110718e-02,3.552677631378173828e-01
6.276112198829650879e-01,8.217191323637962341e-03,6.234612688422203064e-02,1.038172002881765366e-02,1.012264192104339600e-01,1.902174204587936401e-01
7.131595611572265625e-01,7.398618850857019424e-03,6.430161744356155396e-02,1.047464087605476379e-02,7.250048965215682983e-02,1.321650445461273193e-01
7.076177597045898438e-01,1.280428003519773483e-02,4.965492337942123413e-02,5.415446590632200241e-03,1.554916948080062866e-01,6.901590526103973389e-02
6.176045536994934082e-01,1.315485220402479172e-02,4.217899218201637268e-02,3.792837727814912796e-03,2.205123454332351685e-01,1.027563363313674927e-01
6.416220068931579590e-01,1.797801628708839417e-02,4.342293739318847656e-02,4.580426029860973358e-03,1.953583061695098877e-01,9.703829139471054077e-02
6.015522480010986328e-01,1.581566408276557922e-02,4.297134652733802795e-02,4.981229547411203384e-03,2.030818462371826172e-01,1.315975636243820190e-01
5.419211387634277344e-01,1.346700452268123627e-02,3.749361261725425720e-02,5.635367706418037415e-03,2.140558958053588867e-01,1.874269247055053711e-01
6.587067246437072754e-01,9.014677256345748901e-03,5.383913964033126831e-02,7.418833207339048386e-03,1.335709989070892334e-01,1.374495625495910645e-01
6.544708013534545898e-01,6.675904151052236557e-03,4.717804491519927979e-02,9.090847335755825043e-03,1.025915890932083130e-01,1.799928992986679077e-01
6.319563984870910645e-01,6.084325257688760757e-03,4.383169114589691162e-02,8.776016533374786377e-03,8.779489994049072266e-02,2.215567082166671753e-01
6.294141411781311035e-01,8.094873279333114624e-03,5.469365417957305908e-02,1.065333373844623566e-02,1.138499006628990173e-01,1.832940280437469482e-01
6.605766415596008301e-01,1.280145347118377686e-02,6.838619709014892578e-02,1.013850979506969452e-02,1.213365569710731506e-01,1.267605870962142944e-01
5.708222985267639160e-01,1.596695557236671448e-02,1.004268899559974670e-01,9.109664708375930786e-03,1.916260421276092529e-01,1.120482161641120911e-01
6.072283983230590820e-01,1.815661787986755371e-02,1.368605643510818481e-01,8.345389738678932190e-03,1.575962901115417480e-01,7.181279361248016357e-02
6.422362923622131348e-01,2.183590084314346313e-02,1.381352543830871582e-01,8.928901515901088715e-03,1.232949867844581604e-01,6.556869298219680786e-02
6.756019592285156250e-01,2.286375500261783600e-02,7.462698966264724731e-02,8.996491320431232452e-03,8.564099669456481934e-02,1.322696805000305176e-01
7.135722041130065918e-01,1.583515666425228119e-02,3.432044014334678650e-02,9.098569862544536591e-03,3.274312987923622131e-02,1.944303810596466064e-01
7.255242466926574707e-01,1.867230236530303955e-02,2.307273447513580322e-02,1.015753485262393951e-02,3.176184371113777161e-02,1.908112615346908569e-01
7.700227499008178711e-01,1.265008561313152313e-02,2.582642436027526855e-02,1.809351518750190735e-02,1.341477874666452408e-02,1.599925011396408081e-01
7.072197794914245605e-01,1.824573799967765808e-02,5.483480542898178101e-02,1.366498135030269623e-02,5.338210612535476685e-02,1.526525467634201050e-01
6.671428084373474121e-01,1.662131957709789276e-02,5.874071270227432251e-02,1.287051197141408920e-02,9.687753766775131226e-02,1.477470248937606812e-01
5.758246183395385742e-01,8.630628697574138641e-03,5.717434734106063843e-02,1.439737901091575623e-02,8.196524530649185181e-02,2.620077729225158691e-01
4.966148138046264648e-01,1.036008819937705994e-02,5.288971215486526489e-02,6.673454307019710541e-03,1.859310865402221680e-01,2.475307732820510864e-01
5.270963311195373535e-01,7.946948520839214325e-03,3.554731607437133789e-02,7.920594885945320129e-03,1.270214021205902100e-01,2.944674193859100342e-01
5.642921328544616699e-01,8.915983140468597412e-03,1.313622295856475830e-01,1.217450201511383057e-02,1.348181813955307007e-01,1.484370380640029907e-01
6.257922053337097168e-01,1.393189653754234314e-02,1.785280853509902954e-01,1.719878613948822021e-02,1.129755973815917969e-01,5.157349258661270142e-02
6.586940884590148926e-01,5.889636930078268051e-03,1.771500706672668457e-01,2.899784222245216370e-02,5.136669054627418518e-02,7.790159434080123901e-02
6.858500838279724121e-01,5.789343733340501785e-03,7.486850023269653320e-02,2.180859819054603577e-02,3.677509352564811707e-02,1.749083697795867920e-01
6.523362994194030762e-01,6.375506985932588577e-03,2.949559129774570465e-02,2.359032258391380310e-02,1.892717927694320679e-02,2.692750096321105957e-01
5.522537827491760254e-01,5.609740037471055984e-03,2.028639800846576691e-02,2.874047309160232544e-02,1.264444552361965179e-02,3.804651796817779541e-01
5.440678596496582031e-01,7.176978513598442078e-03,2.737743407487869263e-02,1.828115433454513550e-02,3.346423059701919556e-02,3.696323037147521973e-01
6.025876402854919434e-01,5.847640801221132278e-03,3.284602612257003784e-02,1.766034215688705444e-02,3.921310603618621826e-02,3.018451929092407227e-01
6.974018216133117676e-01,7.146826945245265961e-03,4.774095118045806885e-02,9.037331677973270416e-03,1.015755459666252136e-01,1.370975673198699951e-01
6.759957075119018555e-01,9.541288949549198151e-03,4.938196390867233276e-02,6.061175838112831116e-03,1.372005194425582886e-01,1.218192875385284424e-01
6.178305745124816895e-01,8.972880430519580841e-03,5.577506124973297119e-02,3.698101034387946129e-03,2.086582332849502563e-01,1.050652265548706055e-01
5.902184844017028809e-01,1.307858154177665710e-02,5.164820700883865356e-02,3.046871395781636238e-03,2.536961436271667480e-01,8.831182867288589478e-02
4.248677194118499756e-01,1.107210293412208557e-02,3.696409985423088074e-02,1.354988082312047482e-03,4.731827676296234131e-01,5.255833640694618225e-02
3.798782229423522949e-01,1.073126681149005890e-02,4.099686071276664734e-02,1.614612177945673466e-03,5.174515843391418457e-01,4.932751879096031189e-02
3.830968439579010010e-01,8.558820001780986786e-03,2.953673154115676880e-02,1.310265855863690376e-03,5.148836970329284668e-01,6.261366605758666992e-02
4.428786635398864746e-01,8.320205844938755035e-03,4.682261124253273010e-02,2.710453234612941742e-03,4.289761781692504883e-01,7.029189914464950562e-02
4.498715996742248535e-01,8.047880604863166809e-03,5.912006646394729614e-02,4.386792425066232681e-03,3.658606708049774170e-01,1.127130240201950073e-01
5.753752589225769043e-01,8.413660340011119843e-03,4.414808377623558044e-02,6.453543435782194138e-03,2.105727344751358032e-01,1.550367027521133423e-01
5.641615390777587891e-01,8.305407129228115082e-03,4.040361195802688599e-02,7.029233500361442566e-03,1.798029690980911255e-01,2.002971917390823364e-01
5.621557235717773438e-01,9.998983703553676605e-03,3.406979888677597046e-02,8.450190536677837372e-03,1.513068228960037231e-01,2.340184599161148071e-01
6.481531858444213867e-01,1.914270594716072083e-02,3.604118898510932922e-02,8.121981285512447357e-03,1.396408826112747192e-01,1.489000767469406128e-01
6.408622860908508301e-01,2.348255738615989685e-02,3.795157745480537415e-02,6.681100465357303619e-03,1.771020442247390747e-01,1.139203682541847229e-01
6.593800187110900879e-01,2.937821112573146820e-02,4.063804447650909424e-02,7.628864143043756485e-03,1.408601105213165283e-01,1.221147850155830383e-01
6.163780093193054199e-01,1.983381807804107666e-02,4.870308190584182739e-02,6.157933734357357025e-03,1.945384740829467773e-01,1.143886074423789978e-01
6.314921379089355469e-01,1.315940450876951218e-02,5.697661265730857849e-02,5.863239523023366928e-03,1.900153905153274536e-01,1.024932190775871277e-01
6.090845465660095215e-01,8.729493245482444763e-03,1.032867878675460815e-01,8.532428182661533356e-03,1.324742436408996582e-01,1.378924846649169922e-01
6.118457913398742676e-01,7.052793167531490326e-03,1.186568886041641235e-01,6.630814168602228165e-03,1.524194628000259399e-01,1.033941954374313354e-01
6.152380108833312988e-01,8.082204498350620270e-03,9.181527048349380493e-02,7.687230594456195831e-03,1.312814652919769287e-01,1.458958387374877930e-01
5.862352848052978516e-01,7.138119544833898544e-03,7.369454205036163330e-02,9.023614227771759033e-03,1.286691725254058838e-01,1.952393651008605957e-01
5.511105060577392578e-01,6.555314641445875168e-03,3.883629664778709412e-02,7.309753447771072388e-03,1.557743698358535767e-01,2.404138296842575073e-01
5.083110332489013672e-01,7.157451938837766647e-03,3.452837839722633362e-02,7.605141028761863708e-03,1.418697834014892578e-01,3.005281686782836914e-01
4.578248858451843262e-01,4.586074966937303543e-03,2.409235388040542603e-02,6.041674409061670303e-03,9.383863955736160278e-02,4.136163890361785889e-01
5.466451048851013184e-01,1.129432395100593567e-02,3.051697835326194763e-02,6.679771468043327332e-03,1.170045360922813416e-01,2.878593206405639648e-01
6.600203514099121094e-01,1.438738871365785599e-02,5.807086452841758728e-02,1.886914111673831940e-02,4.650898650288581848e-02,2.021431624889373779e-01
6.905391216278076172e-01,2.361106500029563904e-02,1.264317035675048828e-01,5.942220985889434814e-02,2.260281331837177277e-02,7.739302515983581543e-02
6.965501308441162109e-01,2.179418876767158508e-02,1.378380358219146729e-01,4.159013181924819946e-02,3.567574545741081238e-02,6.655186414718627930e-02
6.389272212982177734e-01,1.947610825300216675e-02,1.892121583223342896e-01,4.206347465515136719e-02,4.560505598783493042e-02,6.471600383520126343e-02
6.986851096153259277e-01,2.132836170494556427e-02,1.116238906979560852e-01,1.412635389715433121e-02,9.155008196830749512e-02,6.268608570098876953e-02
6.378534436225891113e-01,1.856007054448127747e-02,5.796007812023162842e-02,4.718785639852285385e-03,1.809497922658920288e-01,9.995780140161514282e-02
6.337740421295166016e-01,1.600307412445545197e-02,3.507141023874282837e-02,3.701145295053720474e-03,2.007065117359161377e-01,1.107437238097190857e-01
6.305167078971862793e-01,2.153930254280567169e-02,2.962547168135643005e-02,4.405041690915822983e-03,1.788963377475738525e-01,1.350172013044357300e-01
5.237113237380981445e-01,2.167893014848232269e-02,3.721851482987403870e-02,4.005554597824811935e-03,2.548314929008483887e-01,1.585542410612106323e-01
4.725863337516784668e-01,1.919204741716384888e-02,8.252140879631042480e-02,5.470821168273687363e-03,3.012163043022155762e-01,1.190130561590194702e-01
5.284658074378967285e-01,1.243287045508623123e-02,1.277171820402145386e-01,1.016489788889884949e-02,2.005256414413452148e-01,1.206936463713645935e-01
5.330162048339843750e-01,1.073299814015626907e-02,1.635346561670303345e-01,9.511506184935569763e-03,1.833848804235458374e-01,9.981973469257354736e-02
5.037486553192138672e-01,1.919064670801162720e-02,2.255942672491073608e-01,1.208298187702894211e-02,1.676467955112457275e-01,7.173667848110198975e-02
5.694282650947570801e-01,2.626731991767883301e-02,1.069483309984207153e-01,5.435849539935588837e-03,2.160396724939346313e-01,7.588054984807968140e-02
5.026888847351074219e-01,3.209344670176506042e-02,9.326063096523284912e-02,3.394769737496972084e-03,3.236837685108184814e-01,4.487852379679679871e-02
4.738574326038360596e-01,4.517654702067375183e-02,4.606580361723899841e-02,2.415059832856059074e-03,3.920649886131286621e-01,4.042017459869384766e-02
5.691002011299133301e-01,5.579246208071708679e-02,8.892801403999328613e-02,6.155978422611951828e-03,2.323742508888244629e-01,4.764904826879501343e-02
5.647745728492736816e-01,3.052679263055324554e-02,1.162773892283439636e-01,6.365835200995206833e-03,2.404276728630065918e-01,4.162773489952087402e-02
5.632798671722412109e-01,2.346529439091682434e-02,1.606361865997314453e-01,1.200603414326906204e-02,1.956195682287216187e-01,4.499304667115211487e-02
6.077405810356140137e-01,1.879911497235298157e-02,1.525290906429290771e-01,1.326683908700942993e-02,1.507104784250259399e-01,5.695392191410064697e-02
5.274301767349243164e-01,1.759459078311920166e-02,1.407489329576492310e-01,9.912458248436450958e-03,2.418588101863861084e-01,6.245507299900054932e-02
4.858570694923400879e-01,1.203469093888998032e-02,6.381668150424957275e-02,5.883969366550445557e-03,3.379243314266204834e-01,9.448335319757461548e-02
4.622982144355773926e-01,1.107971090823411942e-02,3.890307992696762085e-02,3.706142771989107132e-03,3.299773633480072021e-01,1.540355533361434937e-01
4.700115323066711426e-01,1.212691888213157654e-02,4.295764490962028503e-02,3.508447902277112007e-03,3.380217254161834717e-01,1.333736628293991089e-01
5.953285098075866699e-01,8.347861468791961670e-03,5.257256701588630676e-02,4.804382100701332092e-03,2.181210219860076904e-01,1.208257004618644714e-01
5.679528117179870605e-01,6.113389041274785995e-03,5.518490448594093323e-02,5.369233898818492889e-03,2.196836024522781372e-01,1.456960588693618774e-01
6.979454755783081055e-01,7.978593930602073669e-03,9.191557019948959351e-02,9.938501752912998199e-03,1.194340437650680542e-01,7.278781384229660034e-02
7.031267285346984863e-01,7.390835322439670563e-03,1.192951425909996033e-01,1.630484499037265778e-02,8.806787431240081787e-02,6.581455469131469727e-02
6.393086314201354980e-01,1.138019189238548279e-02,1.152662783861160278e-01,1.183524262160062790e-02,1.743655204772949219e-01,4.784417152404785156e-02
5.543307662010192871e-01,2.001671865582466125e-02,1.978044211864471436e-01,1.382294669747352600e-02,1.814525127410888672e-01,3.257254138588905334e-02
6.135525107383728027e-01,1.397448498755693436e-02,2.036110013723373413e-01,1.811196282505989075e-02,1.186855360865592957e-01,3.206459805369377136e-02
5.467843413352966309e-01,2.024460956454277039e-02,1.442561298608779907e-01,6.332951132208108902e-03,2.544735670089721680e-01,2.790845930576324463e-02
5.953842401504516602e-01,2.126965858042240143e-02,1.220266520977020264e-01,4.861384630203247070e-03,2.279805541038513184e-01,2.847746573388576508e-02
6.991482973098754883e-01,2.189220488071441650e-02,7.725594192743301392e-02,4.435592796653509140e-03,1.672198027372360229e-01,3.004814870655536652e-02
6.596077084541320801e-01,2.307351864874362946e-02,5.030777677893638611e-02,3.823220031335949898e-03,2.094710469245910645e-01,5.371670797467231750e-02
6.799923181533813477e-01,2.023155055940151215e-02,7.323461025953292847e-02,4.655364900827407837e-03,1.781676709651947021e-01,4.371855035424232483e-02
7.483076453208923340e-01,8.792522363364696503e-03,5.726805329322814941e-02,9.257945232093334198e-03,8.226407319307327271e-02,9.410970658063888550e-02
6.650122404098510742e-01,5.832189228385686874e-03,6.236658990383148193e-02,1.380943972617387772e-02,8.990105986595153809e-02,1.630785614252090454e-01
6.372351050376892090e-01,5.034362431615591049e-03,3.525537997484207153e-02,9.063131175935268402e-03,1.150003522634506226e-01,1.984116286039352417e-01
5.008495450019836426e-01,4.760375712066888809e-03,2.234537713229656219e-02,5.371307022869586945e-03,1.537824869155883789e-01,3.128909468650817871e-01
5.280624628067016602e-01,3.834221512079238892e-03,1.682699471712112427e-02,4.148594103753566742e-03,1.552155315876007080e-01,2.919122278690338135e-01
5.330520868301391602e-01,4.367263521999120712e-03,2.231536619365215302e-02,5.437283776700496674e-03,1.367040425539016724e-01,2.981239855289459229e-01
5.416159033775329590e-01,2.443233737722039223e-03,1.662942022085189819e-02,7.554578594863414764e-03,6.132865324616432190e-02,3.704282343387603760e-01
5.271829962730407715e-01,2.602509688585996628e-03,1.916477829217910767e-02,8.171257562935352325e-03,6.699915975332260132e-02,3.758793175220489502e-01
5.727680325508117676e-01,3.969355486333370209e-03,5.288658291101455688e-02,2.275593951344490051e-02,8.134043216705322266e-02,2.662796378135681152e-01
5.586324930191040039e-01,5.994223523885011673e-03,9.505736827850341797e-02,1.806452125310897827e-02,1.226285398006439209e-01,1.996227502822875977e-01
5.811995863914489746e-01,1.336259208619594574e-02,1.182805597782135010e-01,1.609650440514087677e-02,1.340966224670410156e-01,1.369641125202178955e-01
6.412189602851867676e-01,1.821911707520484924e-02,9.021201729774475098e-02,9.641702286899089813e-03,1.499182730913162231e-01,9.078996628522872925e-02
6.590111255645751953e-01,2.585666440427303314e-02,1.107767224311828613e-01,9.489093907177448273e-03,1.172097101807594299e-01,7.765668630599975586e-02
7.344533205032348633e-01,2.616712823510169983e-02,7.799879461526870728e-02,9.363260120153427124e-03,8.113519102334976196e-02,7.088226824998855591e-02
7.054165601730346680e-01,1.348469778895378113e-02,8.215025812387466431e-02,1.152031589299440384e-02,9.610851854085922241e-02,9.131963551044464111e-02
5.965676307678222656e-01,1.495920028537511826e-02,1.145532280206680298e-01,1.284315343946218491e-02,1.458439230918884277e-01,1.152327954769134521e-01
5.579698085784912109e-01,2.649382129311561584e-02,1.543263643980026245e-01,1.475490815937519073e-02,1.620710492134094238e-01,8.438400179147720337e-02
4.717726707458496094e-01,2.447572164237499237e-02,1.594215184450149536e-01,1.064674742519855499e-02,2.216625213623046875e-01,1.120207458734512329e-01
5.701707601547241211e-01,4.455842077732086182e-02,1.152823045849800110e-01,9.506058879196643829e-03,1.886345744132995605e-01,7.184796035289764404e-02
6.196093559265136719e-01,2.937064506113529205e-02,1.621522903442382812e-01,1.982410438358783722e-02,7.683961093425750732e-02,9.220396727323532104e-02
7.059190869331359863e-01,1.513614505529403687e-02,6.556593626737594604e-02,1.379493996500968933e-02,6.784273684024810791e-02,1.317411512136459351e-01
7.127827405929565430e-01,2.407209202647209167e-02,1.120853349566459656e-01,1.785657741129398346e-02,6.653708219528198242e-02,6.666608154773712158e-02
7.055346369743347168e-01,1.863574422895908356e-02,1.045707836747169495e-01,2.262956835329532623e-02,5.985418334603309631e-02,8.877512067556381226e-02
7.195050120353698730e-01,2.161057107150554657e-02,8.512436598539352417e-02,1.740709878504276276e-02,6.821208447217941284e-02,8.814090490341186523e-02
6.844487786293029785e-01,2.363609150052070618e-02,7.366773486137390137e-02,1.343202963471412659e-02,8.740986883640289307e-02,1.174054816365242004e-01
6.565396189689636230e-01,1.372579298913478851e-02,3.096928074955940247e-02,8.754490874707698822e-03,7.203277945518493652e-02,2.179780304431915283e-01
6.515352725982666016e-01,1.844361051917076111e-02,2.774151042103767395e-02,7.691955193877220154e-03,1.004768088459968567e-01,1.941108405590057373e-01
6.500610709190368652e-01,1.304138731211423874e-02,4.481786489486694336e-02,7.756427396088838577e-03,1.275863200426101685e-01,1.567368954420089722e-01
6.855796575546264648e-01,1.855164952576160431e-02,7.871425896883010864e-02,9.586599655449390411e-03,1.145303323864936829e-01,9.303750097751617432e-02
7.421849370002746582e-01,1.926215551793575287e-02,5.103220045566558838e-02,1.253514830023050308e-02,6.248849630355834961e-02,1.124970093369483948e-01
7.339675426483154297e-01,5.121278762817382812e-02,6.944079697132110596e-02,1.277507655322551727e-02,7.356213033199310303e-02,5.904171615839004517e-02
7.800280451774597168e-01,5.829775705933570862e-02,4.187035560607910156e-02,1.934572122991085052e-02,3.645480051636695862e-02,6.400332599878311157e-02
7.364052534103393555e-01,1.015912517905235291e-01,3.315788134932518005e-02,2.115960977971553802e-02,3.035105392336845398e-02,7.733496278524398804e-02
7.465347647666931152e-01,1.046478673815727234e-01,3.496326878666877747e-02,2.530833519995212555e-02,2.425825223326683044e-02,6.428752094507217407e-02
7.728748321533203125e-01,5.461177974939346313e-02,4.542484879493713379e-02,2.280258014798164368e-02,2.993007935583591461e-02,7.435587048530578613e-02
6.725385189056396484e-01,3.117992915213108063e-02,3.626703098416328430e-02,2.316278219223022461e-02,2.484301291406154633e-02,2.120086103677749634e-01
6.310731768608093262e-01,1.687067747116088867e-02,4.205002263188362122e-02,1.532770879566669464e-02,3.988892957568168640e-02,2.547895014286041260e-01
6.663886308670043945e-01,2.449005283415317535e-02,5.150164291262626648e-02,1.322448905557394028e-02,6.676312536001205444e-02,1.776320934295654297e-01
5.335490107536315918e-01,4.454645141959190369e-02,4.056813940405845642e-02,8.692969568073749542e-03,1.318059712648391724e-01,2.408374696969985962e-01
5.493167042732238770e-01,4.199386015534400940e-02,3.920194134116172791e-02,6.508879829198122025e-03,1.441042274236679077e-01,2.188743203878402710e-01
6.387137174606323242e-01,6.576389819383621216e-02,4.082597419619560242e-02,7.467575836926698685e-03,1.080785095691680908e-01,1.391503363847732544e-01
6.702184081077575684e-01,4.899784550070762634e-02,4.079176858067512512e-02,1.163312885910272598e-02,6.708693504333496094e-02,1.612718850374221802e-01
6.851899623870849609e-01,3.327002003788948059e-02,1.201552152633666992e-01,2.750753425061702728e-02,4.080307856202125549e-02,9.307417273521423340e-02
6.329607367515563965e-01,2.347121946513652802e-02,1.617729067802429199e-01,2.317655459046363831e-02,7.487490028142929077e-02,8.374374359846115112e-02
6.288217306137084961e-01,2.225629985332489014e-02,2.159605026245117188e-01,3.133333101868629456e-02,5.135933682322502136e-02,5.026870965957641602e-02
6.277893781661987305e-01,2.119584009051322937e-02,1.995064020156860352e-01,1.717955805361270905e-02,8.587796986103057861e-02,4.845077171921730042e-02
6.827274560928344727e-01,4.765517264604568481e-02,8.849398046731948853e-02,8.874436840415000916e-03,1.096006110310554504e-01,6.264839321374893188e-02
7.271971702575683594e-01,3.961084410548210144e-02,6.124239042401313782e-02,8.520383387804031372e-03,8.863703161478042603e-02,7.479212433099746704e-02
7.767510414123535156e-01,2.658471465110778809e-02,3.339660167694091797e-02,8.617954328656196594e-03,6.215215474367141724e-02,9.249754250049591064e-02
7.356029748916625977e-01,1.806053891777992249e-02,3.746781870722770691e-02,1.126336771994829178e-02,5.326068401336669922e-02,1.443446874618530273e-01
6.846632361412048340e-01,1.072527002543210983e-02,4.221370443701744080e-02,8.789505809545516968e-03,9.372640401124954224e-02,1.598820090293884277e-01
6.172140836715698242e-01,1.461453828960657120e-02,1.274254322052001953e-01,1.799440383911132812e-02,1.108228415250778198e-01,1.119287535548210144e-01
5.881900787353515625e-01,7.972172461450099945e-03,1.251396536827087402e-01,2.188314869999885559e-02,8.523616939783096313e-02,1.715787798166275024e-01
5.855113267898559570e-01,1.472328975796699524e-02,1.296451836824417114e-01,2.120510675013065338e-02,1.220761016011238098e-01,1.268389225006103516e-01
5.357993245124816895e-01,1.349312160164117813e-02,1.924380362033843994e-01,2.120919525623321533e-02,1.301652789115905762e-01,1.068950593471527100e-01
5.374878644943237305e-01,6.370450835675001144e-03,7.773528248071670532e-02,1.159892790019512177e-02,1.686506718397140503e-01,1.981568038463592529e-01
5.444862246513366699e-01,8.774882182478904724e-03,7.289109379053115845e-02,6.113173905760049820e-03,1.939121633768081665e-01,1.738224774599075317e-01
4.906992018222808838e-01,1.091145258396863937e-02,1.135904192924499512e-01,6.872945465147495270e-03,2.915503978729248047e-01,8.637560158967971802e-02
5.358681678771972656e-01,1.092224195599555969e-02,1.157597452402114868e-01,7.653461303561925888e-03,2.601606249809265137e-01,6.963580101728439331e-02
6.074194908142089844e-01,1.407796796411275864e-02,1.373610496520996094e-01,9.970954619348049164e-03,1.923969686031341553e-01,3.877364099025726318e-02
5.730394124984741211e-01,1.100513152778148651e-02,1.746225655078887939e-01,1.404119934886693954e-02,1.894794404506683350e-01,3.781235963106155396e-02
6.476565003395080566e-01,9.927659295499324799e-03,1.886430233716964722e-01,3.264873847365379333e-02,8.790971338748931885e-02,3.321439772844314575e-02
6.576621532440185547e-01,8.990027941763401031e-03,1.784731894731521606e-01,5.623182654380798340e-02,5.553044006228446960e-02,4.311233758926391602e-02
6.484580039978027344e-01,9.614340960979461670e-03,1.941423565149307251e-01,6.462157517671585083e-02,4.351710528135299683e-02,3.964661434292793274e-02
6.942517161369323730e-01,1.135028060525655746e-02,1.782639473676681519e-01,4.454579949378967285e-02,4.256007447838783264e-02,2.902821451425552368e-02
7.367551922798156738e-01,1.162922754883766174e-02,1.178652569651603699e-01,2.474914863705635071e-02,5.747861042618751526e-02,5.152252316474914551e-02
7.488608956336975098e-01,1.185028720647096634e-02,8.680606633424758911e-02,9.627097286283969879e-03,8.623183518648147583e-02,5.662385746836662292e-02
7.354644536972045898e-01,7.476071827113628387e-03,5.347911268472671509e-02,1.133246533572673798e-02,6.428425759077072144e-02,1.279636621475219727e-01
6.871814131736755371e-01,6.115771830081939697e-03,6.567840278148651123e-02,1.251823361963033676e-02,8.977263420820236206e-02,1.387335509061813354e-01
6.898921132087707520e-01,1.202719286084175110e-02,1.022393852472305298e-01,1.697602868080139160e-02,8.659907430410385132e-02,9.226611256599426270e-02
6.271716952323913574e-01,9.688978083431720734e-03,6.006640195846557617e-02,9.431362152099609375e-03,1.346995681524276733e-01,1.589419394731521606e-01
6.438118219375610352e-01,5.424704868346452713e-03,6.040918827056884766e-02,1.305145118385553360e-02,1.308770775794982910e-01,1.464257240295410156e-01
5.718634128570556641e-01,5.069896578788757324e-03,3.600599989295005798e-02,8.353232406079769135e-03,1.926853209733963013e-01,1.860220879316329956e-01
5.905854105949401855e-01,2.654495881870388985e-03,5.334361270070075989e-02,2.685973048210144043e-02,8.991633355617523193e-02,2.366403490304946899e-01
5.999018549919128418e-01,2.456777030602097511e-03,1.015700921416282654e-01,8.342232555150985718e-02,5.505263060331344604e-02,1.575962901115417480e-01
5.301784873008728027e-01,5.176316946744918823e-03,2.118028998374938965e-01,5.415907502174377441e-02,1.232935413718223572e-01,7.538958638906478882e-02
5.019541382789611816e-01,1.188733987510204315e-02,2.662709057331085205e-01,4.933065921068191528e-02,1.177489385008811951e-01,5.280798673629760742e-02
4.816268086433410645e-01,1.576358452439308167e-02,2.864158451557159424e-01,2.579569630324840546e-02,1.464810520410537720e-01,4.391704872250556946e-02
5.146581530570983887e-01,1.682809554040431976e-02,1.651805192232131958e-01,1.214229594916105270e-02,2.215211987495422363e-01,6.966964155435562134e-02
5.114910006523132324e-01,4.160884767770767212e-02,1.162183061242103577e-01,1.015412621200084686e-02,2.581375539302825928e-01,6.239011883735656738e-02
5.392447113990783691e-01,3.253813460469245911e-02,1.182548925280570984e-01,1.144431438297033310e-02,2.253986448049545288e-01,7.311935722827911377e-02
6.184682846069335938e-01,2.872670069336891174e-02,9.021413326263427734e-02,9.959477931261062622e-03,1.706505566835403442e-01,8.198095858097076416e-02
5.739337801933288574e-01,2.400166168808937073e-02,5.632045865058898926e-02,4.158765543252229691e-03,2.841155230998992920e-01,5.746979638934135437e-02
5.626222491264343262e-01,1.065064407885074615e-02,4.895235225558280945e-02,3.869741922244429588e-03,2.584728896617889404e-01,1.154320687055587769e-01
6.257453560829162598e-01,1.083231344819068909e-02,7.387685030698776245e-02,5.946700926870107651e-03,1.856997609138488770e-01,9.789899736642837524e-02
6.127304434776306152e-01,1.249256730079650879e-02,6.918194144964218140e-02,7.493992801755666733e-03,1.302606314420700073e-01,1.678403615951538086e-01
6.257396340370178223e-01,1.953885331749916077e-02,6.923073530197143555e-02,6.995865143835544586e-03,1.288738846778869629e-01,1.496210247278213501e-01
6.831139326095581055e-01,1.677379570901393890e-02,8.476340770721435547e-02,8.559698238968849182e-03,1.168950200080871582e-01,8.989419788122177124e-02
6.619524359703063965e-01,2.074113860726356506e-02,8.066552132368087769e-02,7.345626596361398697e-03,1.375253945589065552e-01,9.176979959011077881e-02
6.603405475616455078e-01,2.681702002882957458e-02,1.382821053266525269e-01,7.456953637301921844e-03,1.199920848011970520e-01,4.711124300956726074e-02
6.875841617584228516e-01,1.268823631107807159e-02,1.163997724652290344e-01,8.697628043591976166e-03,9.010263532400131226e-02,8.452756702899932861e-02
7.248303294181823730e-01,1.540080457925796509e-02,1.043510586023330688e-01,1.285478100180625916e-02,5.989966914057731628e-02,8.266332000494003296e-02
6.784186959266662598e-01,8.873056620359420776e-03,4.304795712232589722e-02,9.412875398993492126e-03,7.281772047281265259e-02,1.874296218156814575e-01
7.011135816574096680e-01,1.112608797848224640e-02,5.116081237792968750e-02,8.959001861512660980e-03,8.589487522840499878e-02,1.417456418275833130e-01
6.785011291503906250e-01,1.759181544184684753e-02,5.164017900824546814e-02,6.971190217882394791e-03,1.517510265111923218e-01,9.354470670223236084e-02
6.364533305168151855e-01,2.245614118874073029e-02,6.606996804475784302e-02,5.887979175895452499e-03,1.905001848936080933e-01,7.863244414329528809e-02
7.355847358703613281e-01,2.305170148611068726e-02,5.893902480602264404e-02,6.678835488855838776e-03,1.063914224505424500e-01,6.935428828001022339e-02
6.950562596321105957e-01,1.831756718456745148e-02,1.377583593130111694e-01,1.084275450557470322e-02,8.862389624118804932e-02,4.940120503306388855e-02
6.601708531379699707e-01,2.440028823912143707e-02,1.648860573768615723e-01,1.572084240615367889e-02,7.345069944858551025e-02,6.137132272124290466e-02
5.591856837272644043e-01,2.253728918731212616e-02,1.866616010665893555e-01,1.636428944766521454e-02,1.097098663449287415e-01,1.055413857102394104e-01
5.561978220939636230e-01,2.148726582527160645e-02,1.714215278625488281e-01,1.221075840294361115e-02,1.521469056606292725e-01,8.653568476438522339e-02
6.922439336776733398e-01,3.113341704010963440e-02,7.237098366022109985e-02,8.252679370343685150e-03,1.182343065738677979e-01,7.776457816362380981e-02
5.898307561874389648e-01,3.017843514680862427e-02,6.237929314374923706e-02,6.410470232367515564e-03,2.007428407669067383e-01,1.104582622647285461e-01
6.533898711204528809e-01,2.066425234079360962e-02,3.731565549969673157e-02,4.064583685249090195e-03,1.987519711256027222e-01,8.581360429525375366e-02
6.493603587150573730e-01,1.307162735611200333e-02,3.285019844770431519e-02,6.893235258758068085e-03,1.323446184396743774e-01,1.654799133539199829e-01
6.212883591651916504e-01,9.327135980129241943e-03,4.528889805078506470e-02,1.792738400399684906e-02,6.684952974319458008e-02,2.393186241388320923e-01
5.600868463516235352e-01,5.670227110385894775e-03,3.457278385758399963e-02,1.861203834414482117e-02,4.483558237552642822e-02,3.362224400043487549e-01
6.016786694526672363e-01,1.213689148426055908e-02,4.537910595536231995e-02,2.239400334656238556e-02,6.575346738100051880e-02,2.526579201221466064e-01
6.899449825286865234e-01,1.426082663238048553e-02,5.549121648073196411e-02,1.693613454699516296e-02,7.762423157691955566e-02,1.457426100969314575e-01
5.640536546707153320e-01,1.176538132131099701e-02,5.459189414978027344e-02,9.612263180315494537e-03,1.895105242729187012e-01,1.704662591218948364e-01
5.386069416999816895e-01,1.521452143788337708e-02,5.190234631299972534e-02,5.657939705997705460e-03,2.725000977516174316e-01,1.161180734634399414e-01
5.540122985839843750e-01,1.810622960329055786e-02,1.202819123864173889e-01,8.255675435066223145e-03,2.339713424444198608e-01,6.537257879972457886e-02
4.690647125244140625e-01,1.719861291348934174e-02,1.979909539222717285e-01,7.324073929339647293e-03,2.592940926551818848e-01,4.912751913070678711e-02
5.181502103805541992e-01,1.620347052812576294e-02,2.246673703193664551e-01,5.625545047223567963e-03,2.042445689439773560e-01,3.110884502530097961e-02
5.369868874549865723e-01,1.338298618793487549e-02,1.775098741054534912e-01,5.255407653748989105e-03,2.355197966098785400e-01,3.134509548544883728e-02
5.252797007560729980e-01,9.775303304195404053e-03,1.348008066415786743e-01,4.550408106297254562e-03,2.790024876594543457e-01,4.659124463796615601e-02
6.117281317710876465e-01,6.313613150268793106e-03,4.134782031178474426e-02,4.765083547681570053e-03,2.017075568437576294e-01,1.341378390789031982e-01
6.309832930564880371e-01,9.417577646672725677e-03,7.233972847461700439e-02,5.681983195245265961e-03,1.911172717809677124e-01,9.046007692813873291e-02
6.193797588348388672e-01,8.558516390621662140e-03,1.142181903123855591e-01,1.302883122116327286e-02,1.295829117298126221e-01,1.152317970991134644e-01
6.237825751304626465e-01,7.022521458566188812e-03,1.008008643984794617e-01,1.562213152647018433e-02,1.160141900181770325e-01,1.367577016353607178e-01
6.476489901542663574e-01,5.613630171865224838e-03,1.052886918187141418e-01,1.932921446859836578e-02,1.133463308215141296e-01,1.087731048464775085e-01
6.171495914459228516e-01,5.854371935129165649e-03,6.630027294158935547e-02,1.498573087155818939e-02,1.164085939526557922e-01,1.793014407157897949e-01
5.340873003005981445e-01,8.623324334621429443e-03,5.357697233557701111e-02,9.636637754738330841e-03,2.155109494924545288e-01,1.785648316144943237e-01
6.486139297485351562e-01,6.763505749404430389e-03,4.868368431925773621e-02,1.123666018247604370e-02,8.816495537757873535e-02,1.965372860431671143e-01
6.486521959304809570e-01,1.014647632837295532e-02,6.191279739141464233e-02,1.232965663075447083e-02,8.942476660013198853e-02,1.775341182947158813e-01
6.775375604629516602e-01,9.915657341480255127e-03,7.451296597719192505e-02,1.436281763017177582e-02,7.893647998571395874e-02,1.447345912456512451e-01
6.909196972846984863e-01,7.621695287525653839e-03,5.964764207601547241e-02,9.085454046726226807e-03,1.035182029008865356e-01,1.292073428630828857e-01
6.374137997627258301e-01,7.809257600456476212e-03,8.125719428062438965e-02,8.706914260983467102e-03,1.185066029429435730e-01,1.463062018156051636e-01
6.792491078376770020e-01,8.507667109370231628e-03,6.102550402283668518e-02,8.636643178761005402e-03,1.305231451988220215e-01,1.120580434799194336e-01
6.689617037773132324e-01,7.383135613054037094e-03,5.941179394721984863e-02,1.344792824238538742e-02,9.770998358726501465e-02,1.530853509902954102e-01
6.527093052864074707e-01,6.886913441121578217e-03,5.789816379547119141e-02,1.060214824974536896e-02,1.256692260503768921e-01,1.462343037128448486e-01
6.322825551033020020e-01,8.572455495595932007e-03,6.753777712583541870e-02,1.044767070561647415e-02,1.474456191062927246e-01,1.337140202522277832e-01
5.318378210067749023e-01,1.057625189423561096e-02,9.189484268426895142e-02,5.285378545522689819e-03,2.926527857780456543e-01,6.775294989347457886e-02
4.966552257537841797e-01,1.880498044192790985e-02,1.439082324504852295e-01,9.908330626785755157e-03,2.294356971979141235e-01,1.012874916195869446e-01
5.838510394096374512e-01,2.505752071738243103e-02,1.051005795598030090e-01,1.378368493169546127e-02,1.401537060737609863e-01,1.320535391569137573e-01
5.579774379730224609e-01,5.075655132532119751e-02,9.277559816837310791e-02,1.133423112332820892e-02,1.782456487417221069e-01,1.089106053113937378e-01
5.876443982124328613e-01,3.352893516421318054e-02,7.320389896631240845e-02,8.939901366829872131e-03,1.574456542730331421e-01,1.392371803522109985e-01
5.445424318313598633e-01,5.685774609446525574e-02,1.230623945593833923e-01,6.457785144448280334e-03,2.232214957475662231e-01,4.585815593600273132e-02
4.827588498592376709e-01,3.872098028659820557e-02,1.406413465738296509e-01,5.004580132663249969e-03,2.859547734260559082e-01,4.691950604319572449e-02
5.848217010498046875e-01,1.828647404909133911e-02,1.450975239276885986e-01,8.794619701802730560e-03,1.807251870632171631e-01,6.227442994713783264e-02
6.156060099601745605e-01,1.557572185993194580e-02,2.090353071689605713e-01,2.899134904146194458e-02,7.303634285926818848e-02,5.775516852736473083e-02
6.016802787780761719e-01,1.171005424112081528e-02,2.068014144897460938e-01,4.656026139855384827e-02,6.334174424409866333e-02,6.990621238946914673e-02
5.375666618347167969e-01,1.411847490817308426e-02,3.217880427837371826e-01,6.315962970256805420e-02,3.213583678007125854e-02,3.123137168586254120e-02
3.717261254787445068e-01,1.094805728644132614e-02,5.271028876304626465e-01,4.593916609883308411e-02,2.715321071445941925e-02,1.713060773909091949e-02
2.553825378417968750e-01,1.153238676488399506e-02,6.523172855377197266e-01,2.182669192552566528e-02,4.709773510694503784e-02,1.184337027370929718e-02
4.486453235149383545e-01,1.505053229629993439e-02,3.940548896789550781e-01,2.411305345594882965e-02,9.258194267749786377e-02,2.555420249700546265e-02
4.587593972682952881e-01,1.342642027884721756e-02,3.719722330570220947e-01,3.118015453219413757e-02,8.754832297563552856e-02,3.711345419287681580e-02
6.439238190650939941e-01,6.602963432669639587e-03,1.470298320055007935e-01,5.271015316247940063e-02,4.026108607649803162e-02,1.094721928238868713e-01
6.348945498466491699e-01,9.608619846403598785e-03,1.221646368503570557e-01,4.594958573579788208e-02,3.318906575441360474e-02,1.541934758424758911e-01
5.674272179603576660e-01,1.448471099138259888e-02,1.867135763168334961e-01,5.309589579701423645e-02,5.435902252793312073e-02,1.239195764064788818e-01
5.590191483497619629e-01,1.296349707990884781e-02,1.459659039974212646e-01,5.870631709694862366e-02,3.014546260237693787e-02,1.931997537612915039e-01
5.787469148635864258e-01,2.522820606827735901e-02,1.355576664209365845e-01,3.607040643692016602e-02,4.801713302731513977e-02,1.763796806335449219e-01
6.226888895034790039e-01,2.334207110106945038e-02,7.514694333076477051e-02,1.458432245999574661e-02,7.618295401334762573e-02,1.880548149347305298e-01
6.963832974433898926e-01,2.609558217227458954e-02,4.638288915157318115e-02,1.332128234207630157e-02,5.101577937602996826e-02,1.668012291193008423e-01
7.125664353370666504e-01,2.561005391180515289e-02,3.901171311736106873e-02,1.152837648987770081e-02,6.247061491012573242e-02,1.488128304481506348e-01
7.278425693511962891e-01,1.811699755489826202e-02,4.681140929460525513e-02,8.225927129387855530e-03,9.532961994409561157e-02,1.036734953522682190e-01
7.304319739341735840e-01,1.259189657866954803e-02,3.415789082646369934e-02,8.474468253552913666e-03,7.756961882114410400e-02,1.367740631103515625e-01
6.742386817932128906e-01,7.710518315434455872e-03,2.705764584243297577e-02,1.005342975258827209e-02,4.453380033373832703e-02,2.364058941602706909e-01
6.702667474746704102e-01,7.098262198269367218e-03,3.453831002116203308e-02,1.099997572600841522e-02,5.309697240591049194e-02,2.239998131990432739e-01
5.871105194091796875e-01,8.001235313713550568e-03,3.325385227799415588e-02,1.122973486781120300e-02,5.191242694854736328e-02,3.084923326969146729e-01
6.524634957313537598e-01,8.533058688044548035e-03,3.165266662836074829e-02,1.030430104583501816e-02,4.943865537643432617e-02,2.476077973842620850e-01
6.432372331619262695e-01,9.636033326387405396e-03,3.563655912876129150e-02,6.016089115291833878e-03,1.315103173255920410e-01,1.739637404680252075e-01
6.976095438003540039e-01,7.777461782097816467e-03,3.448448702692985535e-02,1.194832846522331238e-02,8.671873807907104492e-02,1.614614725112915039e-01
6.516612172126770020e-01,9.287535212934017181e-03,3.548530489206314087e-02,1.431982498615980148e-02,8.192017674446105957e-02,2.073259800672531128e-01
6.659240722656250000e-01,1.179465930908918381e-02,3.847377374768257141e-02,1.944535598158836365e-02,7.073545455932617188e-02,1.936266124248504639e-01
6.433269977569580078e-01,1.389897707849740982e-02,4.053157940506935120e-02,2.292806468904018402e-02,4.730564355850219727e-02,2.320087552070617676e-01
6.357607245445251465e-01,2.893191762268543243e-02,3.672455251216888428e-02,1.154442876577377319e-02,7.957372069358825684e-02,2.074646502733230591e-01
6.844019293785095215e-01,3.471227362751960754e-02,3.905105963349342346e-02,6.238884758204221725e-03,1.135879904031753540e-01,1.220078617334365845e-01
5.996907949447631836e-01,1.830491796135902405e-02,3.774190694093704224e-02,5.420431960374116898e-03,1.083866283297538757e-01,2.304554134607315063e-01
6.759111881256103516e-01,1.210380904376506805e-02,6.602577865123748779e-02,8.761039935052394867e-03,6.599181890487670898e-02,1.712063401937484741e-01
6.322505474090576172e-01,1.500626094639301300e-02,6.606249511241912842e-02,1.019128039479255676e-02,6.809511780738830566e-02,2.083943784236907959e-01
6.547048091888427734e-01,1.873953081667423248e-02,8.432278037071228027e-02,7.195615209639072418e-03,1.159155443310737610e-01,1.191217079758644104e-01
6.514177322387695312e-01,3.962137922644615173e-02,6.870643049478530884e-02,7.614166941493749619e-03,1.285146772861480713e-01,1.041255742311477661e-01
6.043390035629272461e-01,5.874547362327575684e-02,5.733414739370346069e-02,6.689311005175113678e-03,1.567673981189727783e-01,1.161246448755264282e-01
6.332131028175354004e-01,5.870351940393447876e-02,4.861358925700187683e-02,5.720275919884443283e-03,1.544435769319534302e-01,9.930593520402908325e-02
6.698622107505798340e-01,3.066345117986202240e-02,4.278998821973800659e-02,8.061407133936882019e-03,1.153352484107017517e-01,1.332877129316329956e-01
6.664904356002807617e-01,1.616670563817024231e-02,5.248020216822624207e-02,8.996397256851196289e-03,1.137535795569419861e-01,1.421126872301101685e-01
6.457300186157226562e-01,7.292752154171466827e-03,4.868407920002937317e-02,1.068814937025308609e-02,8.326143026351928711e-02,2.043434530496597290e-01
6.370263099670410156e-01,6.688838358968496323e-03,4.887286573648452759e-02,1.055905874818563461e-02,8.235631138086318970e-02,2.144966423511505127e-01
6.207529306411743164e-01,4.828300327062606812e-03,5.439406633377075195e-02,1.595311239361763000e-02,5.668997392058372498e-02,2.473815232515335083e-01
5.911468863487243652e-01,4.273751284927129745e-03,4.245709627866744995e-02,1.333816908299922943e-02,5.390391498804092407e-02,2.948801517486572266e-01
5.791280269622802734e-01,4.812005441635847092e-03,2.784519828855991364e-02,9.704522788524627686e-03,6.319336593151092529e-02,3.153169155120849609e-01
5.636308193206787109e-01,6.232157815247774124e-03,2.768380753695964813e-02,8.255822584033012390e-03,1.244216635823249817e-01,2.697756886482238770e-01
6.139386892318725586e-01,4.913481418043375015e-03,2.766940742731094360e-02,8.174547925591468811e-03,1.120219454169273376e-01,2.332818210124969482e-01
5.723630785942077637e-01,5.454400554299354553e-03,3.541431576013565063e-02,9.544543921947479248e-03,1.167074665427207947e-01,2.605161368846893311e-01
5.644298195838928223e-01,5.135791841894388199e-03,5.081437900662422180e-02,7.370663341134786606e-03,1.572724133729934692e-01,2.149769365787506104e-01
6.574469208717346191e-01,8.275466971099376678e-03,6.457180529832839966e-02,8.367404341697692871e-03,1.222890987992286682e-01,1.390492171049118042e-01
5.957041978836059570e-01,9.496388956904411316e-03,4.376114532351493835e-02,5.124786868691444397e-03,1.690716147422790527e-01,1.768418550491333008e-01
6.064543724060058594e-01,1.796087436378002167e-02,5.330840498208999634e-02,6.132932379841804504e-03,1.591106355190277100e-01,1.570327877998352051e-01
6.041118502616882324e-01,2.585499361157417297e-02,4.283485561609268188e-02,7.267605978995561600e-03,1.074177548289299011e-01,2.125128805637359619e-01
5.654950737953186035e-01,3.315751999616622925e-02,4.400127381086349487e-02,5.915309302508831024e-03,1.711307615041732788e-01,1.803000420331954956e-01
5.867780447006225586e-01,5.787771567702293396e-02,1.100027635693550110e-01,9.078294970095157623e-03,1.409423351287841797e-01,9.532082080841064453e-02
5.879544615745544434e-01,6.358731538057327271e-02,1.623369157314300537e-01,1.292909588664770126e-02,1.231914833188056946e-01,5.000077188014984131e-02
4.861055016517639160e-01,1.303455978631973267e-01,1.404083967208862305e-01,5.614865105599164963e-03,2.194136530160903931e-01,1.811195723712444305e-02
5.293152332305908203e-01,6.029998138546943665e-02,1.833984255790710449e-01,8.168981410562992096e-03,2.003314644098281860e-01,1.848599314689636230e-02
5.581588149070739746e-01,3.798225894570350647e-02,7.479798048734664917e-02,4.099082667380571365e-03,2.817163765430450439e-01,4.324549436569213867e-02
4.411306679248809814e-01,2.259828709065914154e-02,8.850349485874176025e-02,2.563566667959094048e-03,4.056887328624725342e-01,3.951521590352058411e-02
4.177905917167663574e-01,1.834442280232906342e-02,8.332329988479614258e-02,1.921426737681031227e-03,4.469158053398132324e-01,3.170448169112205505e-02
4.643713831901550293e-01,1.892673783004283905e-02,9.011914581060409546e-02,2.147174905985593796e-03,3.950836062431335449e-01,2.935187518596649170e-02
4.445588290691375732e-01,2.774929068982601166e-02,9.523145854473114014e-02,2.230382058769464493e-03,4.043166935443878174e-01,2.591335959732532501e-02
5.970234870910644531e-01,2.919215522706508636e-02,1.078754663467407227e-01,3.802189836278557777e-03,2.347066849470138550e-01,2.739999257028102875e-02
6.107216477394104004e-01,2.462846972048282623e-02,1.528771072626113892e-01,6.274497602134943008e-03,1.803074479103088379e-01,2.519082650542259216e-02
7.151103019714355469e-01,1.601583510637283325e-02,1.188727244734764099e-01,9.524492546916007996e-03,9.404435008764266968e-02,4.643221944570541382e-02
7.696983218193054199e-01,2.624897472560405731e-02,7.307828217744827271e-02,1.323372591286897659e-02,5.513506382703781128e-02,6.260561943054199219e-02
7.310721278190612793e-01,1.841955259442329407e-02,3.925639018416404724e-02,8.133972994983196259e-03,7.151001691818237305e-02,1.316080540418624878e-01
7.428740262985229492e-01,1.722883060574531555e-02,4.136595875024795532e-02,9.191532619297504425e-03,5.108732357621192932e-02,1.382522433996200562e-01
6.864694356918334961e-01,3.294294327497482300e-02,4.209033772349357605e-02,1.096521038562059402e-02,5.649261549115180969e-02,1.710394173860549927e-01
6.226712465286254883e-01,1.210355665534734726e-02,2.651661448180675507e-02,7.540784310549497604e-03,5.707096308469772339e-02,2.740969061851501465e-01
5.701624751091003418e-01,1.143085490912199020e-02,3.547592088580131531e-02,6.493572145700454712e-03,1.018605902791023254e-01,2.745765447616577148e-01
5.147376656532287598e-01,7.160778157413005829e-03,2.200966142117977142e-02,4.521094262599945068e-03,1.486864089965820312e-01,3.028843104839324951e-01
5.380278825759887695e-01,8.007147349417209625e-03,3.299191221594810486e-02,3.315253183245658875e-03,2.779914736747741699e-01,1.396663635969161987e-01
3.578071594238281250e-01,6.983778439462184906e-03,2.195050939917564392e-02,1.150539028458297253e-03,5.351004004478454590e-01,7.700766623020172119e-02
3.986869156360626221e-01,9.934661909937858582e-03,5.187460035085678101e-02,2.154896035790443420e-03,4.990307986736297607e-01,3.831815347075462341e-02
5.317384004592895508e-01,1.380679942667484283e-02,7.086786627769470215e-02,4.427573177963495255e-03,3.189046084880828857e-01,6.025469675660133362e-02
6.138741970062255859e-01,8.987008593976497650e-03,8.146877586841583252e-02,8.331746794283390045e-03,1.979526877403259277e-01,8.938550949096679688e-02
6.489432454109191895e-01,5.706687923520803452e-03,7.893385738134384155e-02,1.009593158960342407e-02,1.484966278076171875e-01,1.078234985470771790e-01
6.291863322257995605e-01,7.788705639541149139e-03,5.715060606598854065e-02,7.117175962775945663e-03,1.441472917795181274e-01,1.546097248792648315e-01
6.798229813575744629e-01,1.254126708954572678e-02,5.441469326615333557e-02,8.258529938757419586e-03,1.028149351477622986e-01,1.421474665403366089e-01
5.825207829475402832e-01,2.233918383717536926e-02,4.873229935765266418e-02,7.156109903007745743e-03,1.768678128719329834e-01,1.623838543891906738e-01
6.031665802001953125e-01,6.078262254595756531e-02,5.067144334316253662e-02,6.903023459017276764e-03,1.631947606801986694e-01,1.152815669775009155e-01
6.015034317970275879e-01,8.886321634054183960e-02,8.119173347949981689e-02,7.707239594310522079e-03,1.618134230375289917e-01,5.892089381814002991e-02
5.488875508308410645e-01,1.260000318288803101e-01,5.957844853401184082e-02,4.543850198388099670e-03,2.046421170234680176e-01,5.634803697466850281e-02
6.079370379447937012e-01,1.188583523035049438e-01,7.944329828023910522e-02,5.291445180773735046e-03,1.642259806394577026e-01,2.424391359090805054e-02
5.911359190940856934e-01,1.010953709483146667e-01,7.577336579561233521e-02,4.674911964684724808e-03,1.957450360059738159e-01,3.157534450292587280e-02
6.191452145576477051e-01,3.749300912022590637e-02,4.628952592611312866e-02,4.312250763177871704e-03,2.194548696279525757e-01,7.330504804849624634e-02
7.025048732757568359e-01,2.502572536468505859e-02,6.747683137655258179e-02,8.488749153912067413e-03,1.206855773925781250e-01,7.581817358732223511e-02
6.775138974189758301e-01,1.074387785047292709e-02,7.247723639011383057e-02,1.373232156038284302e-02,9.584979712963104248e-02,1.296827942132949829e-01
6.734613180160522461e-01,7.748232688754796982e-03,7.915316522121429443e-02,1.556464098393917084e-02,9.457719326019287109e-02,1.294953674077987671e-01
6.843089461326599121e-01,1.101909391582012177e-02,7.794022560119628906e-02,2.069603279232978821e-02,7.524280250072479248e-02,1.307928264141082764e-01
5.943726301193237305e-01,1.685668900609016418e-02,2.027983665466308594e-01,2.354611456394195557e-02,1.050976291298866272e-01,5.732856318354606628e-02
5.566567778587341309e-01,1.623603515326976776e-02,1.750932782888412476e-01,1.837323047220706940e-02,1.444163173437118530e-01,8.922430127859115601e-02
5.737959146499633789e-01,1.464134175330400467e-02,2.122892439365386963e-01,3.258606791496276855e-02,6.878439337015151978e-02,9.790301322937011719e-02
4.671642184257507324e-01,1.170160342007875443e-02,3.156597316265106201e-01,5.099420249462127686e-02,6.009649857878684998e-02,9.438382834196090698e-02
5.542195439338684082e-01,4.599465522915124893e-03,1.630975455045700073e-01,6.037436053156852722e-02,2.367481403052806854e-02,1.940343379974365234e-01
5.408610105514526367e-01,4.858447704464197159e-03,1.144303008913993835e-01,2.792679145932197571e-02,3.884254768490791321e-02,2.730809450149536133e-01
5.665929317474365234e-01,5.593767389655113220e-03,9.510472416877746582e-02,3.180182725191116333e-02,2.582329697906970978e-02,2.750833928585052490e-01
5.282433032989501953e-01,2.545295981690287590e-03,2.097869291901588440e-02,9.904311038553714752e-03,1.623791269958019257e-02,4.220905601978302002e-01
5.739935040473937988e-01,3.582004923373460770e-03,2.039156854152679443e-02,9.018050506711006165e-03,2.945414930582046509e-02,3.635606765747070312e-01
6.293748021125793457e-01,8.493756875395774841e-03,6.231947243213653564e-02,1.000204123556613922e-02,6.954509019851684570e-02,2.202648818492889404e-01
7.154613137245178223e-01,1.450582966208457947e-02,1.044514104723930359e-01,9.543132036924362183e-03,8.063270151615142822e-02,7.540557533502578735e-02
6.014581918716430664e-01,1.698427647352218628e-02,2.381217181682586670e-01,1.762452721595764160e-02,9.476269781589508057e-02,3.104857169091701508e-02
5.915316343307495117e-01,1.931327953934669495e-02,2.452519387006759644e-01,1.660377904772758484e-02,1.033303588628768921e-01,2.396902255713939667e-02
5.735180377960205078e-01,1.252106949687004089e-02,2.408622503280639648e-01,1.552000269293785095e-02,1.285510808229446411e-01,2.902756817638874054e-02
5.608963966369628906e-01,1.533610094338655472e-02,2.130615264177322388e-01,1.366106513887643814e-02,1.623717546463012695e-01,3.467317670583724976e-02
4.936861395835876465e-01,1.300138141959905624e-02,8.294145762920379639e-02,4.421888850629329681e-03,3.316772878170013428e-01,7.427193969488143921e-02
4.589406549930572510e-01,1.293947640806436539e-02,7.108432054519653320e-02,3.577426774427294731e-03,4.004963934421539307e-01,5.296174064278602600e-02
4.712207615375518799e-01,1.042538136243820190e-02,5.321295559406280518e-02,3.413404105231165886e-03,3.935049772262573242e-01,6.822247803211212158e-02
5.939553976058959961e-01,8.352964185178279877e-03,4.631153866648674011e-02,5.825677886605262756e-03,2.304387688636779785e-01,1.151155903935432434e-01
6.484332084655761719e-01,1.051011402159929276e-02,1.305805742740631104e-01,1.543656270951032639e-02,1.503544598817825317e-01,4.468499496579170227e-02
6.281336545944213867e-01,1.049241703003644943e-02,2.149165868759155273e-01,3.470520675182342529e-02,6.952210515737533569e-02,4.223001748323440552e-02
6.303687095642089844e-01,2.104403637349605560e-02,2.308910191059112549e-01,3.860470280051231384e-02,5.129826441407203674e-02,2.779329195618629456e-02
6.155273318290710449e-01,1.661784388124942780e-02,2.560527026653289795e-01,5.898470059037208557e-02,2.958109416067600250e-02,2.323637157678604126e-02
6.501219272613525391e-01,1.641159877181053162e-02,2.063172906637191772e-01,6.357572227716445923e-02,3.065543621778488159e-02,3.291800245642662048e-02
7.323405146598815918e-01,1.128597091883420944e-02,9.976163506507873535e-02,4.367776215076446533e-02,2.799268066883087158e-02,8.494149893522262573e-02
7.243559360504150391e-01,6.414213217794895172e-03,8.030935376882553101e-02,6.154121831059455872e-02,1.860029250383377075e-02,1.087790206074714661e-01
7.354068160057067871e-01,3.228033427149057388e-03,5.841093137860298157e-02,3.920375183224678040e-02,2.680257521569728851e-02,1.369480192661285400e-01
7.016239166259765625e-01,2.254810417070984840e-03,5.913665890693664551e-02,3.263702988624572754e-02,2.801886573433876038e-02,1.763287633657455444e-01
6.876626014709472656e-01,3.207659348845481873e-03,4.433541744947433472e-02,2.289687842130661011e-02,3.953336924314498901e-02,2.023639529943466187e-01
7.291574478149414062e-01,3.780481871217489243e-03,7.521449774503707886e-02,2.730216085910797119e-02,5.378851667046546936e-02,1.107569113373756409e-01
6.818470954895019531e-01,5.801149178296327591e-03,7.350283861160278320e-02,2.538910880684852600e-02,8.728239685297012329e-02,1.261774748563766479e-01
5.145907998085021973e-01,7.445170078426599503e-03,6.221320852637290955e-02,6.691531278192996979e-03,3.352365195751190186e-01,7.382280379533767700e-02
5.868461132049560547e-01,5.211523734033107758e-03,5.495026707649230957e-02,9.255693294107913971e-03,2.682368457317352295e-01,7.549947500228881836e-02
5.529512166976928711e-01,6.780141498893499374e-03,6.952541321516036987e-02,6.330656819045543671e-03,3.253737688064575195e-01,3.903880342841148376e-02
6.393325328826904297e-01,9.018660522997379303e-03,1.309306174516677856e-01,2.832712605595588684e-02,1.369375139474868774e-01,5.545354634523391724e-02
5.656847953796386719e-01,1.279063150286674500e-02,2.602260112762451172e-01,5.669208616018295288e-02,5.541453137993812561e-02,4.919183254241943359e-02
4.375001490116119385e-01,1.325225736945867538e-02,4.141271114349365234e-01,6.403902918100357056e-02,3.229723125696182251e-02,3.878420218825340271e-02
4.858647882938385010e-01,1.020865701138973236e-02,3.146809935569763184e-01,9.009781479835510254e-02,4.467935860157012939e-02,5.446842312812805176e-02
5.256322026252746582e-01,1.057449728250503540e-02,2.139517813920974731e-01,2.940625138580799103e-02,1.197403669357299805e-01,1.006949469447135925e-01
5.827562212944030762e-01,9.968081489205360413e-03,1.398380398750305176e-01,2.988228015601634979e-02,1.044926941394805908e-01,1.330627053976058960e-01
5.835133790969848633e-01,1.351569965481758118e-02,1.716943383216857910e-01,2.196349948644638062e-02,1.285429000854492188e-01,8.077014982700347900e-02
5.107730031013488770e-01,2.517183497548103333e-02,2.713699936866760254e-01,2.087595313787460327e-02,1.171039268374443054e-01,5.470528453588485718e-02
4.648063778877258301e-01,3.204603493213653564e-02,3.138027787208557129e-01,1.804968342185020447e-02,1.292877197265625000e-01,4.200741648674011230e-02
3.928151726722717285e-01,2.556337602436542511e-02,4.198882579803466797e-01,3.575291857123374939e-02,9.637592732906341553e-02,2.960446663200855255e-02
5.057792663574218750e-01,1.179156824946403503e-02,2.562960088253021240e-01,5.652127414941787720e-02,6.900323182344436646e-02,1.006086394190788269e-01
5.581176877021789551e-01,7.160654291510581970e-03,1.019480451941490173e-01,3.740432485938072205e-02,8.183606714010238647e-02,2.135331779718399048e-01
5.466141104698181152e-01,7.029790431261062622e-03,1.061924993991851807e-01,3.658892959356307983e-02,7.445868104696273804e-02,2.291159331798553467e-01
5.352322459220886230e-01,1.008795853704214096e-02,5.942900106310844421e-02,1.045643631368875504e-02,1.066478863358497620e-01,2.781465351581573486e-01
4.811903536319732666e-01,7.823178544640541077e-03,2.626884356141090393e-02,7.767988368868827820e-03,8.736238628625869751e-02,3.895871043205261230e-01
5.681468844413757324e-01,1.056385226547718048e-02,3.072394616901874542e-02,5.966200958937406540e-03,1.295184791088104248e-01,2.550806403160095215e-01
6.684710979461669922e-01,1.166517101228237152e-02,3.458049893379211426e-02,9.766247123479843140e-03,7.188825309276580811e-02,2.036286145448684692e-01
6.511192917823791504e-01,7.818059995770454407e-03,3.296649083495140076e-02,1.173925306648015976e-02,6.215936318039894104e-02,2.341975271701812744e-01
6.756308078765869141e-01,7.116191089153289795e-03,6.366305053234100342e-02,3.982756286859512329e-02,2.859986573457717896e-02,1.851624548435211182e-01
6.786175966262817383e-01,1.157837547361850739e-02,9.922576695680618286e-02,5.692923441529273987e-02,3.354071453213691711e-02,1.201083660125732422e-01
6.201399564743041992e-01,5.074680317193269730e-03,9.723220765590667725e-02,6.510236859321594238e-02,2.296434342861175537e-02,1.894864439964294434e-01
5.970912575721740723e-01,5.263864062726497650e-03,1.853383630514144897e-01,6.772612035274505615e-02,2.776426076889038086e-02,1.168161034584045410e-01
6.697847247123718262e-01,7.422758266329765320e-03,1.236872822046279907e-01,2.188017778098583221e-02,8.301415294408798218e-02,9.421091526746749878e-02
5.678743720054626465e-01,3.770657349377870560e-03,9.626458585262298584e-02,2.212657593190670013e-02,8.111053705215454102e-02,2.288532406091690063e-01
5.055051445960998535e-01,8.041001856327056885e-03,1.309986859560012817e-01,1.464543491601943970e-02,1.897812783718109131e-01,1.510285437107086182e-01
5.026913285255432129e-01,7.347109261900186539e-03,8.115518838167190552e-02,1.361881755292415619e-02,1.808984726667404175e-01,2.142890542745590210e-01
4.987144172191619873e-01,6.365272682160139084e-03,3.975655138492584229e-02,1.323241647332906723e-02,8.486045897006988525e-02,3.570709526538848877e-01
5.905207991600036621e-01,6.949394010007381439e-03,3.599935770034790039e-02,1.093892287462949753e-02,7.200802117586135864e-02,2.835834920406341553e-01
6.331936717033386230e-01,1.243449840694665909e-02,3.848240152001380920e-02,9.609363973140716553e-03,8.881126344203948975e-02,2.174688279628753662e-01
5.076372027397155762e-01,9.702546522021293640e-03,2.586617134511470795e-02,6.968019995838403702e-03,7.867132872343063354e-02,3.711546659469604492e-01
4.508898854255676270e-01,5.035242531448602676e-03,2.032852917909622192e-02,4.837835673242807388e-03,6.833750009536743164e-02,4.505710303783416748e-01
4.353533387184143066e-01,6.401980761438608170e-03,2.235802821815013885e-02,5.620498675853013992e-03,7.965999841690063477e-02,4.506062269210815430e-01
4.139151275157928467e-01,4.427217412739992142e-03,2.262464165687561035e-02,5.668654572218656540e-03,5.854986980557441711e-02,4.948144853115081787e-01
4.301842749118804932e-01,2.747943857684731483e-03,2.845382317900657654e-02,8.032545447349548340e-03,4.960617795586585999e-02,4.809752106666564941e-01
4.616039693355560303e-01,2.246777992695569992e-03,3.155172616243362427e-02,7.615869399160146713e-03,6.554618477821350098e-02,4.314354956150054932e-01
5.748463273048400879e-01,4.669272806495428085e-03,5.827789753675460815e-02,9.169335477054119110e-03,1.134492754936218262e-01,2.395878136157989502e-01
6.193224191665649414e-01,9.198302403092384338e-03,9.752222895622253418e-02,9.071413427591323853e-03,1.527107805013656616e-01,1.121748387813568115e-01
6.715158820152282715e-01,1.141979824751615524e-02,1.124861240386962891e-01,1.140652969479560852e-02,7.546557486057281494e-02,1.177060008049011230e-01
6.919497847557067871e-01,1.057968009263277054e-02,8.307252824306488037e-02,1.527902204543352127e-02,3.797871619462966919e-02,1.611403375864028931e-01
6.978276371955871582e-01,6.725842133164405823e-03,5.919019505381584167e-02,1.297910232096910477e-02,2.682255581021308899e-02,1.964545845985412598e-01
6.320065855979919434e-01,5.232392810285091400e-03,2.088937349617481232e-02,1.019631046801805496e-02,1.843487098813056946e-02,3.132404386997222900e-01
6.496100425720214844e-01,6.088497117161750793e-03,3.408317640423774719e-02,1.334396284073591232e-02,3.363221883773803711e-02,2.632420361042022705e-01
6.265096664428710938e-01,4.240288399159908295e-03,3.428878262639045715e-02,1.023983489722013474e-02,8.110691606998443604e-02,2.436144649982452393e-01
6.378658413887023926e-01,5.798088852316141129e-03,4.634084925055503845e-02,8.880026638507843018e-03,1.286873519420623779e-01,1.724278926849365234e-01
5.137874484062194824e-01,5.462946370244026184e-03,3.719124570488929749e-02,5.578615237027406693e-03,2.406754046678543091e-01,1.973042488098144531e-01
5.085579156875610352e-01,5.343022756278514862e-03,3.848413005471229553e-02,5.959813483059406281e-03,2.222855985164642334e-01,2.193694859743118286e-01
6.485213637351989746e-01,6.900254637002944946e-03,7.337072491645812988e-02,9.255073033273220062e-03,1.509789079427719116e-01,1.109736859798431396e-01
6.750222444534301758e-01,7.199975661933422089e-03,5.926582217216491699e-02,1.238561421632766724e-02,1.025138348340988159e-01,1.436124891042709351e-01
6.838817596435546875e-01,5.544986575841903687e-03,7.708356529474258423e-02,1.531610544770956039e-02,7.138818502426147461e-02,1.467853635549545288e-01
6.104737520217895508e-01,6.208968348801136017e-03,4.512233287096023560e-02,1.386821083724498749e-02,5.776512622833251953e-02,2.665616273880004883e-01
5.375987887382507324e-01,1.032713800668716431e-02,3.850501775741577148e-02,9.113980457186698914e-03,1.066918149590492249e-01,2.977633476257324219e-01
6.105360388755798340e-01,1.342179905623197556e-02,6.663310527801513672e-02,9.786180220544338226e-03,1.046902611851692200e-01,1.949326246976852417e-01
5.354683995246887207e-01,3.835429623723030090e-02,1.686371862888336182e-01,1.090093981474637985e-02,1.642731577157974243e-01,8.236595243215560913e-02
5.618530511856079102e-01,3.226217254996299744e-02,1.716787070035934448e-01,7.307019550353288651e-03,1.861699074506759644e-01,4.072910547256469727e-02
4.820775389671325684e-01,3.834531828761100769e-02,2.831693589687347412e-01,5.358085036277770996e-03,1.780271828174591064e-01,1.302245073020458221e-02
4.907945692539215088e-01,3.062517382204532623e-02,2.960129678249359131e-01,6.228880956768989563e-03,1.625941395759582520e-01,1.374428626149892807e-02
5.705769658088684082e-01,1.985262520611286163e-02,1.248632818460464478e-01,4.227437078952789307e-03,2.487112432718276978e-01,3.176841512322425842e-02
5.228229761123657227e-01,1.388852763921022415e-02,1.456030309200286865e-01,4.293364938348531723e-03,2.681024968624114990e-01,4.528963938355445862e-02
5.376519560813903809e-01,1.184735447168350220e-02,1.679805368185043335e-01,9.310590103268623352e-03,2.106279134750366211e-01,6.258158385753631592e-02
5.291476845741271973e-01,1.070343889296054840e-02,1.174965351819992065e-01,8.556762710213661194e-03,2.486801743507385254e-01,8.541545271873474121e-02
5.879594683647155762e-01,2.006043307483196259e-02,1.726344823837280273e-01,1.910285837948322296e-02,1.437168121337890625e-01,5.652587860822677612e-02
6.245041489601135254e-01,3.136466443538665771e-02,1.112404689192771912e-01,1.334368344396352768e-02,1.746242344379425049e-01,4.492277279496192932e-02
6.824588179588317871e-01,2.069053053855895996e-02,7.358399033546447754e-02,1.137454062700271606e-02,1.360506117343902588e-01,7.584144175052642822e-02
7.105367779731750488e-01,1.752005703747272491e-02,5.017016828060150146e-02,8.764524012804031372e-03,1.220855414867401123e-01,9.092292189598083496e-02
6.691430807113647461e-01,1.374325342476367950e-02,3.777262568473815918e-02,8.272432722151279449e-03,1.333710253238677979e-01,1.376975923776626587e-01
6.737632155418395996e-01,1.198403909802436829e-02,4.950857907533645630e-02,8.670373819768428802e-03,1.317674517631530762e-01,1.243063658475875854e-01
6.668344736099243164e-01,8.558927103877067566e-03,6.525247544050216675e-02,9.573603048920631409e-03,1.456023305654525757e-01,1.041782721877098083e-01
6.414482593536376953e-01,1.375122275203466415e-02,9.051698446273803711e-02,1.732200570404529572e-02,1.237136721611022949e-01,1.132479384541511536e-01
6.292870640754699707e-01,1.102798618376255035e-02,5.960169434547424316e-02,1.316089741885662079e-02,1.187006756663322449e-01,1.682216376066207886e-01
6.688476204872131348e-01,1.446511410176753998e-02,6.749165058135986328e-02,1.875172182917594910e-02,6.255433708429336548e-02,1.678895503282546997e-01
7.110965251922607422e-01,1.702230609953403473e-02,3.607751056551933289e-02,1.311426796019077301e-02,5.226300284266471863e-02,1.704265028238296509e-01
6.829636096954345703e-01,1.503490284085273743e-02,2.965154312551021576e-02,4.847883712500333786e-03,1.316148340702056885e-01,1.358871012926101685e-01
7.188196778297424316e-01,2.743985503911972046e-02,4.272735118865966797e-02,4.761168267577886581e-03,1.450784951448440552e-01,6.117348000407218933e-02
5.935195088386535645e-01,3.112896718084812164e-02,4.448665305972099304e-02,2.917475299909710884e-03,2.821357250213623047e-01,4.581161215901374817e-02
4.971838891506195068e-01,2.146258577704429626e-02,4.881542921066284180e-02,3.441701875999569893e-03,3.470043540000915527e-01,8.209200948476791382e-02
5.323731303215026855e-01,1.859917119145393372e-02,6.110462546348571777e-02,5.017482675611972809e-03,2.998758554458618164e-01,8.302976936101913452e-02
4.981965720653533936e-01,1.366950105875730515e-02,5.580174177885055542e-02,3.908901475369930267e-03,3.199826776981353760e-01,1.084406971931457520e-01
4.051158726215362549e-01,1.172267831861972809e-02,7.169400155544281006e-02,3.584044752642512321e-03,3.984467089176177979e-01,1.094367653131484985e-01
5.455375313758850098e-01,9.027550928294658661e-03,5.990218743681907654e-02,4.630605690181255341e-03,3.084428608417510986e-01,7.245919108390808105e-02
5.059199333190917969e-01,8.364716544747352600e-03,5.145046114921569824e-02,3.094000974670052528e-03,3.845369219779968262e-01,4.663391038775444031e-02
6.334200501441955566e-01,1.183028984814882278e-02,5.995928123593330383e-02,4.417779855430126190e-03,2.584130167961120605e-01,3.195954486727714539e-02
6.715779304504394531e-01,9.278068318963050842e-03,8.781358599662780762e-02,7.275608368217945099e-03,1.904945075511932373e-01,3.356039151549339294e-02
7.185333967208862305e-01,8.813962340354919434e-03,1.030374616384506226e-01,1.032697688788175583e-02,1.318253874778747559e-01,2.746274136006832123e-02
5.785641670227050781e-01,1.026918087154626846e-02,7.799766957759857178e-02,3.499510698020458221e-03,3.025146722793579102e-01,2.715482190251350403e-02
5.381299853324890137e-01,1.171283982694149017e-02,1.574472188949584961e-01,6.480376236140727997e-03,2.499307543039321899e-01,3.629880398511886597e-02
4.858954548835754395e-01,1.413906924426555634e-02,1.905212700366973877e-01,4.311938304454088211e-03,2.830654680728912354e-01,2.206675522029399872e-02
3.912995457649230957e-01,1.375324465334415436e-02,1.546997576951980591e-01,3.362542018294334412e-03,4.107953906059265137e-01,2.608945406973361969e-02
4.699639678001403809e-01,2.209220454096794128e-02,1.708711236715316772e-01,4.046010319143533707e-03,3.072358369827270508e-01,2.579091489315032959e-02
5.032051801681518555e-01,1.733385585248470306e-02,1.075375601649284363e-01,4.189765080809593201e-03,3.279021680355072021e-01,3.983151540160179138e-02
4.861087799072265625e-01,1.466573867946863174e-02,7.648076862096786499e-02,3.806819207966327667e-03,3.795007467269897461e-01,3.943725675344467163e-02
6.349558234214782715e-01,1.310749072581529617e-02,6.082550063729286194e-02,4.987705033272504807e-03,2.291337847709655762e-01,5.698974430561065674e-02
6.607903838157653809e-01,1.068727392703294754e-02,4.991346597671508789e-02,5.487839225679636002e-03,1.945218294858932495e-01,7.859909534454345703e-02
6.525918245315551758e-01,5.527641624212265015e-03,3.655906766653060913e-02,4.265812225639820099e-03,2.100103795528411865e-01,9.104529768228530884e-02
6.757400631904602051e-01,5.115640815347433090e-03,3.485638275742530823e-02,6.752504501491785049e-03,1.287602484226226807e-01,1.487751752138137817e-01
6.679556369781494141e-01,6.615715567022562027e-03,7.712962478399276733e-02,1.127047743648290634e-02,1.255463063716888428e-01,1.114822030067443848e-01
6.202026605606079102e-01,6.039259955286979675e-03,1.270169168710708618e-01,1.899601705372333527e-02,1.209388971328735352e-01,1.068063005805015564e-01
5.905437469482421875e-01,5.748817697167396545e-03,1.618155688047409058e-01,3.058517351746559143e-02,1.031254529953002930e-01,1.081812083721160889e-01
6.002355813980102539e-01,5.990698002278804779e-03,1.522955596446990967e-01,1.702048070728778839e-02,1.546907126903533936e-01,6.976693123579025269e-02
5.731372237205505371e-01,6.021220237016677856e-03,1.459329724311828613e-01,2.795392833650112152e-02,1.293455213308334351e-01,1.176090911030769348e-01
6.007344722747802734e-01,6.611413788050413132e-03,7.523576170206069946e-02,1.210904866456985474e-02,1.590437740087509155e-01,1.462654918432235718e-01
5.845476388931274414e-01,1.833473891019821167e-02,1.061782464385032654e-01,1.439746841788291931e-02,1.533325910568237305e-01,1.232093572616577148e-01
6.325247883796691895e-01,1.511593814939260483e-02,1.202581673860549927e-01,1.816501840949058533e-02,8.316482603549957275e-02,1.307713687419891357e-01
5.582517981529235840e-01,1.201181765645742416e-02,4.512855038046836853e-02,7.888675667345523834e-03,1.118581295013427734e-01,2.648610472679138184e-01
5.740721225738525391e-01,1.570303179323673248e-02,4.775201901793479919e-02,6.232340820133686066e-03,1.552941352128982544e-01,2.009463757276535034e-01
5.993716120719909668e-01,1.048012170940637589e-02,5.599984154105186462e-02,7.223550695925951004e-03,1.481005698442459106e-01,1.788243651390075684e-01
6.616454720497131348e-01,9.127207100391387939e-03,7.876000553369522095e-02,8.984858170151710510e-03,1.165796294808387756e-01,1.249028667807579041e-01
6.358841657638549805e-01,1.305236387997865677e-02,9.762342274188995361e-02,8.720465004444122314e-03,1.468320339918136597e-01,9.788750112056732178e-02
5.086327195167541504e-01,1.713412441313266754e-02,2.580555677413940430e-01,9.144655428826808929e-03,1.682356446981430054e-01,3.879731148481369019e-02
4.616825878620147705e-01,1.014825887978076935e-02,3.151540756225585938e-01,1.000948902219533920e-02,1.623848080635070801e-01,4.062081128358840942e-02
5.413864254951477051e-01,1.366452965885400772e-02,1.866681724786758423e-01,7.151809055358171463e-03,2.048972547054290771e-01,4.623186588287353516e-02
5.070161223411560059e-01,1.990409195423126221e-02,1.656813174486160278e-01,7.352023385465145111e-03,2.502282559871673584e-01,4.981813579797744751e-02
5.968669652938842773e-01,1.154943369328975677e-02,8.372092247009277344e-02,9.551173076033592224e-03,1.856792718172073364e-01,1.126322895288467407e-01
6.956263184547424316e-01,1.932091638445854187e-02,1.264735311269760132e-01,1.228088140487670898e-02,9.297616034746170044e-02,5.332221835851669312e-02
6.798309683799743652e-01,4.056878387928009033e-02,1.140462532639503479e-01,1.579539477825164795e-02,8.883995562791824341e-02,6.091870740056037903e-02
6.908705234527587891e-01,4.978349059820175171e-02,9.943667054176330566e-02,1.365692727267742157e-02,7.237672060728073120e-02,7.387571036815643311e-02
6.770447492599487305e-01,4.953819885849952698e-02,8.592321723699569702e-02,1.410287898033857346e-02,7.948517054319381714e-02,9.390582144260406494e-02
7.065732479095458984e-01,3.832469508051872253e-02,5.590952560305595398e-02,1.199355442076921463e-02,7.304441928863525391e-02,1.141545698046684265e-01
6.538419723510742188e-01,1.432160567492246628e-02,2.934532798826694489e-02,8.717418648302555084e-03,8.287505805492401123e-02,2.108986526727676392e-01
6.626404523849487305e-01,4.403322469443082809e-03,2.428606711328029633e-02,8.217887952923774719e-03,4.939975962042808533e-02,2.510525584220886230e-01
6.633756756782531738e-01,5.255942698568105698e-03,3.192090988159179688e-02,7.468340452760457993e-03,7.187777012586593628e-02,2.201014310121536255e-01
7.067649364471435547e-01,7.369798608124256134e-03,5.826993286609649658e-02,9.566245600581169128e-03,6.854500621557235718e-02,1.494841277599334717e-01
6.391279697418212891e-01,8.978523313999176025e-03,7.629368454217910767e-02,6.555110681802034378e-03,1.119745597243309021e-01,1.570701450109481812e-01
6.533424258232116699e-01,8.557887747883796692e-03,6.436318904161453247e-02,7.407512981444597244e-03,1.174302473664283752e-01,1.488987058401107788e-01
6.757881641387939453e-01,7.151283323764801025e-03,4.915244132280349731e-02,9.295159019529819489e-03,9.635090827941894531e-02,1.622620820999145508e-01
6.402707099914550781e-01,5.061466712504625320e-03,2.198657579720020294e-02,1.143083442002534866e-02,3.251929581165313721e-02,2.887310385704040527e-01
6.181728839874267578e-01,3.874274902045726776e-03,2.567097917199134827e-02,2.057741582393646240e-02,1.625768095254898071e-02,3.154467344284057617e-01
6.821818947792053223e-01,4.897288978099822998e-03,2.901528589427471161e-02,2.430119737982749939e-02,1.566007547080516815e-02,2.439442425966262817e-01
6.074826121330261230e-01,7.630817126482725143e-03,3.739396110177040100e-02,1.772307977080345154e-02,3.226789459586143494e-02,2.975016534328460693e-01
6.753277778625488281e-01,1.268583815544843674e-02,7.447934150695800781e-02,1.666637696325778961e-02,6.760866940021514893e-02,1.532319784164428711e-01
6.268537044525146484e-01,1.970403827726840973e-02,5.853455513715744019e-02,1.074425131082534790e-02,1.228056401014328003e-01,1.613579243421554565e-01
5.241167545318603516e-01,2.050873078405857086e-02,5.818174779415130615e-02,5.210271105170249939e-03,2.339953333139419556e-01,1.579871028661727905e-01
6.088443398475646973e-01,2.521985955536365509e-02,4.402920603752136230e-02,5.908864550292491913e-03,1.587307155132293701e-01,1.572670042514801025e-01
5.668546557426452637e-01,2.170540206134319305e-02,4.527744278311729431e-02,7.970378734171390533e-03,9.749156981706619263e-02,2.607005536556243896e-01
6.161692142486572266e-01,1.137885730713605881e-02,3.614133596420288086e-02,6.816953886300325394e-03,7.359857112169265747e-02,2.558951079845428467e-01
6.085851788520812988e-01,1.405958179384469986e-02,4.316627234220504761e-02,7.719345390796661377e-03,8.422346413135528564e-02,2.422461509704589844e-01
6.074684262275695801e-01,9.841007180511951447e-03,3.635551035404205322e-02,7.619011681526899338e-03,5.693411454558372498e-02,2.817818820476531982e-01
6.051596999168395996e-01,7.013125810772180557e-03,3.183286637067794800e-02,7.840412668883800507e-03,6.112621724605560303e-02,2.870277166366577148e-01
6.516242623329162598e-01,8.281553164124488831e-03,3.261530026793479919e-02,7.209971547126770020e-03,8.972695469856262207e-02,2.105419933795928955e-01
7.011508345603942871e-01,8.270420134067535400e-03,3.693931549787521362e-02,6.240971852093935013e-03,9.967286139726638794e-02,1.477255523204803467e-01
7.162265181541442871e-01,7.210918702185153961e-03,4.666992649435997009e-02,7.369288243353366852e-03,8.883784711360931396e-02,1.336855143308639526e-01
7.322136759757995605e-01,1.079105120152235031e-02,6.297408044338226318e-02,6.859696470201015472e-03,1.117800399661064148e-01,7.538142800331115723e-02
7.244442701339721680e-01,1.679283753037452698e-02,6.062285229563713074e-02,6.063282024115324020e-03,1.345704048871994019e-01,5.750642716884613037e-02
7.417374253273010254e-01,1.153884921222925186e-02,8.791573345661163330e-02,8.503866381943225861e-03,9.863638877868652344e-02,5.166775360703468323e-02
6.233875155448913574e-01,1.512626465409994125e-02,8.099763095378875732e-02,3.702017944306135178e-03,2.384150624275207520e-01,3.837148472666740417e-02
5.568661689758300781e-01,1.185842230916023254e-02,5.566516518592834473e-02,1.867150771431624889e-03,3.340680599212646484e-01,3.967498987913131714e-02
5.534867644309997559e-01,1.071913726627826691e-02,5.580488964915275574e-02,2.313048113137483597e-03,3.063664734363555908e-01,7.130969315767288208e-02
5.463350415229797363e-01,1.184350438416004181e-02,4.151480644941329956e-02,2.264627255499362946e-03,3.116408586502075195e-01,8.640110492706298828e-02
5.264036059379577637e-01,1.136465556919574738e-02,3.313058614730834961e-02,2.779022557660937309e-03,2.601210176944732666e-01,1.662010997533798218e-01
5.225774049758911133e-01,1.806218922138214111e-02,3.894325345754623413e-02,3.144107293337583542e-03,2.988690733909606934e-01,1.184039637446403503e-01
6.477653384208679199e-01,1.531444583088159561e-02,5.617824196815490723e-02,6.060303188860416412e-03,1.816710531711578369e-01,9.301065653562545776e-02
6.233658790588378906e-01,9.162989445030689240e-03,4.049201309680938721e-02,5.288096610456705093e-03,2.307631820440292358e-01,9.092782437801361084e-02
7.015842199325561523e-01,9.127086959779262543e-03,5.805753543972969055e-02,6.074603646993637085e-03,1.767620444297790527e-01,4.839438572525978088e-02
6.632364988327026367e-01,7.932316511869430542e-03,1.628557145595550537e-01,1.845960877835750580e-02,1.106415987014770508e-01,3.687423095107078552e-02
5.955124497413635254e-01,1.419537700712680817e-02,2.116493582725524902e-01,1.954895257949829102e-02,1.281732767820358276e-01,3.092062845826148987e-02
5.501232147216796875e-01,1.986975781619548798e-02,2.339110076427459717e-01,1.445754617452621460e-02,1.522149294614791870e-01,2.942364290356636047e-02
5.756266713142395020e-01,2.357549592852592468e-02,1.685574054718017578e-01,1.397772692143917084e-02,1.742683947086334229e-01,4.399428144097328186e-02
5.020601749420166016e-01,1.204447727650403976e-02,4.052322357892990112e-02,3.225922118872404099e-03,3.533228933811187744e-01,8.882330358028411865e-02
4.905577898025512695e-01,1.238310895860195160e-02,2.346701920032501221e-02,2.574387937784194946e-03,3.236699700355529785e-01,1.473477929830551147e-01
5.652422308921813965e-01,1.755098067224025726e-02,3.083248063921928406e-02,4.622838925570249557e-03,2.456420809030532837e-01,1.361093968152999878e-01
6.179509162902832031e-01,1.019666623324155807e-02,4.397505521774291992e-02,6.645802874118089676e-03,1.650199294090270996e-01,1.562117636203765869e-01
6.846568584442138672e-01,1.224506739526987076e-02,6.667377799749374390e-02,1.510140020400285721e-02,7.077634334564208984e-02,1.505465060472488403e-01
6.798138618469238281e-01,1.005053333938121796e-02,1.151554360985755920e-01,1.387046370655298233e-02,9.967277199029922485e-02,8.143698424100875854e-02
6.682910919189453125e-01,9.238996542990207672e-03,8.883237838745117188e-02,1.452839281409978867e-02,9.950450062751770020e-02,1.196046993136405945e-01
7.012230157852172852e-01,1.889279857277870178e-02,6.936915963888168335e-02,1.247135829180479050e-02,8.664199709892272949e-02,1.114016771316528320e-01
7.118737697601318359e-01,2.772443555295467377e-02,6.668877601623535156e-02,1.304030977189540863e-02,8.453929424285888672e-02,9.613344073295593262e-02
7.328596711158752441e-01,2.856184914708137512e-02,5.441613867878913879e-02,1.513904239982366562e-02,6.728816032409667969e-02,1.017351597547531128e-01
7.410920858383178711e-01,2.967371977865695953e-02,5.039314925670623779e-02,1.668269187211990356e-02,5.385898798704147339e-02,1.082993373274803162e-01
7.370799779891967773e-01,2.171998471021652222e-02,4.187178611755371094e-02,1.016134768724441528e-02,7.404298335313796997e-02,1.151239052414894104e-01
7.015821933746337891e-01,1.553016155958175659e-02,4.139122739434242249e-02,7.406355347484350204e-03,1.085099130868911743e-01,1.255801767110824585e-01
6.447961330413818359e-01,1.383338123559951782e-02,3.913507983088493347e-02,5.676448810845613480e-03,1.181486919522285461e-01,1.784102767705917358e-01
7.188448905944824219e-01,1.619510166347026825e-02,3.847406432032585144e-02,8.180107921361923218e-03,8.497475832700729370e-02,1.333309710025787354e-01
6.462479233741760254e-01,1.108814030885696411e-02,4.126132279634475708e-02,7.430149707943201065e-03,1.376814097166061401e-01,1.562910974025726318e-01
6.380299329757690430e-01,1.246482133865356445e-02,3.869561851024627686e-02,7.508035283535718918e-03,1.606959849596023560e-01,1.426057517528533936e-01
6.335022449493408203e-01,1.798352226614952087e-02,7.341317087411880493e-02,7.919242605566978455e-03,2.049555629491806030e-01,6.222622469067573547e-02
5.670567154884338379e-01,1.775012165307998657e-02,1.010557934641838074e-01,6.052089389413595200e-03,2.638658583164215088e-01,4.421941936016082764e-02
5.581128001213073730e-01,2.230825088918209076e-02,8.353162556886672974e-02,4.859270527958869934e-03,2.850705385208129883e-01,4.611762240529060364e-02
6.492486596107482910e-01,2.601527608931064606e-02,8.774073421955108643e-02,6.029921118170022964e-03,1.856949478387832642e-01,4.527047276496887207e-02
7.230447530746459961e-01,1.937901601195335388e-02,8.385475724935531616e-02,1.199508924037218094e-02,1.000749543309211731e-01,6.165143847465515137e-02
7.360882163047790527e-01,1.019808463752269745e-02,9.993127733469009399e-02,2.638479694724082947e-02,5.776435136795043945e-02,6.963332742452621460e-02
6.729018688201904297e-01,1.308847405016422272e-02,1.826368421316146851e-01,3.873657435178756714e-02,4.960763454437255859e-02,4.302868619561195374e-02
5.283405780792236328e-01,1.175544876605272293e-02,3.457581996917724609e-01,3.498975187540054321e-02,5.522543564438819885e-02,2.393064647912979126e-02
5.238521099090576172e-01,1.500060409307479858e-02,3.272444009780883789e-01,1.828922703862190247e-02,9.383507072925567627e-02,2.177863940596580505e-02
5.918093919754028320e-01,1.700796559453010559e-02,2.221519649028778076e-01,1.894222944974899292e-02,8.716893196105957031e-02,6.291951239109039307e-02
6.989180445671081543e-01,2.310371771454811096e-02,1.117821931838989258e-01,1.618376187980175018e-02,5.846726521849632263e-02,9.154503792524337769e-02
6.240069866180419922e-01,1.108536124229431152e-02,3.423058241605758667e-02,1.319305133074522018e-02,3.366698324680328369e-02,2.838169634342193604e-01
4.905402362346649170e-01,8.827173151075839996e-03,1.969712786376476288e-02,7.462154142558574677e-03,3.214655444025993347e-02,4.413267970085144043e-01
5.564032196998596191e-01,1.317093800753355026e-02,7.156857103109359741e-02,1.090303901582956314e-02,8.969628065824508667e-02,2.582578957080841064e-01
6.518288850784301758e-01,1.669899560511112213e-02,1.185207068920135498e-01,2.251343242824077606e-02,6.115682423114776611e-02,1.292812079191207886e-01
5.573425292968750000e-01,2.100533992052078247e-02,2.405851185321807861e-01,1.924009248614311218e-02,1.149155795574188232e-01,4.691137745976448059e-02
6.445658206939697266e-01,2.189045213162899017e-02,1.590311378240585327e-01,2.581973560154438019e-02,7.667603343725204468e-02,7.201676070690155029e-02
7.018355131149291992e-01,2.241097018122673035e-02,8.862761408090591431e-02,2.071559242904186249e-02,7.364387065172195435e-02,9.276641160249710083e-02
6.386158466339111328e-01,1.314716879278421402e-02,4.359805956482887268e-02,1.364188175648450851e-02,7.542019337415695190e-02,2.155769169330596924e-01
6.207693815231323242e-01,5.122605245560407639e-03,2.875139750540256500e-02,1.549466326832771301e-02,3.757140412926673889e-02,2.922905385494232178e-01
6.547417640686035156e-01,5.911043845117092133e-03,5.555991083383560181e-02,2.627916261553764343e-02,3.763671591877937317e-02,2.198713868856430054e-01
6.604071855545043945e-01,5.778472870588302612e-03,6.108417361974716187e-02,2.718580327928066254e-02,3.557121008634567261e-02,2.099731713533401489e-01
6.793975830078125000e-01,5.425615236163139343e-03,5.169552937150001526e-02,2.172202803194522858e-02,3.325556218624114990e-02,2.085036784410476685e-01
6.674908399581909180e-01,8.511177264153957367e-03,3.902591019868850708e-02,1.444058958441019058e-02,3.684799373149871826e-02,2.336834967136383057e-01
6.544064283370971680e-01,1.220006402581930161e-02,3.446969389915466309e-02,1.002097129821777344e-02,4.484703391790390015e-02,2.440559715032577515e-01
6.397644281387329102e-01,1.699435710906982422e-02,2.281491458415985107e-02,6.410295143723487854e-03,7.076469808816909790e-02,2.432512640953063965e-01
6.692138314247131348e-01,8.383285254240036011e-03,2.053755708038806915e-02,5.601364187896251678e-03,7.759036123752593994e-02,2.186735421419143677e-01
6.298946142196655273e-01,8.312479592859745026e-03,2.016846276819705963e-02,5.015266593545675278e-03,1.202089488506317139e-01,2.164002358913421631e-01
6.766860485076904297e-01,1.064830832183361053e-02,3.479107841849327087e-02,7.154702674597501755e-03,1.260911822319030762e-01,1.446287631988525391e-01
6.284898519515991211e-01,1.016843970865011215e-02,5.082932859659194946e-02,8.587168529629707336e-03,1.537216156721115112e-01,1.482036411762237549e-01
6.509758234024047852e-01,1.041004061698913574e-02,6.245603412389755249e-02,1.551668997853994370e-02,1.254218071699142456e-01,1.352196633815765381e-01
6.560071110725402832e-01,1.165551505982875824e-02,7.566745579242706299e-02,2.164425514638423920e-02,7.604987174272537231e-02,1.589758396148681641e-01
6.328344345092773438e-01,1.453852932900190353e-02,6.817500293254852295e-02,1.779273152351379395e-02,9.236024320125579834e-02,1.742990016937255859e-01
5.990022420883178711e-01,1.516610570251941681e-02,5.463162437081336975e-02,1.683977432548999786e-02,5.789030343294143677e-02,2.564699947834014893e-01
6.418308019638061523e-01,1.924204640090465546e-02,5.261812359094619751e-02,1.050314586609601974e-02,5.995578691363334656e-02,2.158500850200653076e-01
6.243700385093688965e-01,1.418875902891159058e-02,4.973949491977691650e-02,9.565418586134910583e-03,5.160043388605117798e-02,2.505359351634979248e-01
7.119339108467102051e-01,2.645995281636714935e-02,4.412000998854637146e-02,1.280020177364349365e-02,3.988290950655937195e-02,1.648030728101730347e-01
7.527199983596801758e-01,1.979445666074752808e-02,4.876504465937614441e-02,1.210848335176706314e-02,4.121752828359603882e-02,1.253945231437683105e-01
7.512009739875793457e-01,2.516768500208854675e-02,5.278751999139785767e-02,9.390800260007381439e-03,6.455066055059432983e-02,9.690237790346145630e-02
7.848771810531616211e-01,3.272643685340881348e-02,5.557153001427650452e-02,7.767427247017621994e-03,7.297536730766296387e-02,4.608199372887611389e-02
7.559873461723327637e-01,3.372915461659431458e-02,7.114244997501373291e-02,7.179687265306711197e-03,9.004081040620803833e-02,4.192064329981803894e-02
6.442702412605285645e-01,2.897921577095985413e-02,7.958050817251205444e-02,4.154947586357593536e-03,1.937819868326187134e-01,4.923306778073310852e-02
6.594882607460021973e-01,3.916323557496070862e-02,8.564783632755279541e-02,6.537668872624635696e-03,1.474406272172927856e-01,6.172246858477592468e-02
6.386045217514038086e-01,2.496639825403690338e-02,6.941517442464828491e-02,4.494511056691408157e-03,1.908481419086456299e-01,7.167120277881622314e-02
5.936123132705688477e-01,3.753495216369628906e-02,5.498486757278442383e-02,5.152304191142320633e-03,1.898621618747711182e-01,1.188533902168273926e-01
6.272209286689758301e-01,3.916248306632041931e-02,6.632412970066070557e-02,4.819323774427175522e-03,1.785142272710800171e-01,8.395894616842269897e-02
6.091910004615783691e-01,4.993977025151252747e-02,5.630699545145034790e-02,6.423707120120525360e-03,1.591852754354476929e-01,1.189532205462455750e-01
6.233217716217041016e-01,3.932376950979232788e-02,7.045488059520721436e-02,6.728206295520067215e-03,1.442384719848632812e-01,1.159329190850257874e-01
6.756297945976257324e-01,4.909896105527877808e-02,8.312686532735824585e-02,7.721535395830869675e-03,9.820983558893203735e-02,8.621297776699066162e-02
7.029640674591064453e-01,2.563067898154258728e-02,6.755810230970382690e-02,7.422500289976596832e-03,7.284907251596450806e-02,1.235756576061248779e-01
6.855612993240356445e-01,9.973031468689441681e-03,7.274721562862396240e-02,7.638884708285331726e-03,7.945963740348815918e-02,1.446200460195541382e-01
7.065478563308715820e-01,9.755427949130535126e-03,1.139423847198486328e-01,2.001409977674484253e-02,5.763380974531173706e-02,9.210638701915740967e-02
6.242447495460510254e-01,6.766248494386672974e-03,1.152298673987388611e-01,2.329986914992332458e-02,9.376237541437149048e-02,1.366968750953674316e-01
6.073664426803588867e-01,6.469961721450090408e-03,1.047969684004783630e-01,2.228035219013690948e-02,1.204836368560791016e-01,1.386025547981262207e-01
6.721602082252502441e-01,5.780200939625501633e-03,8.242326229810714722e-02,2.984056994318962097e-02,8.437753468751907349e-02,1.254182606935501099e-01
6.427779197692871094e-01,9.347110986709594727e-03,4.401300102472305298e-02,7.224044762551784515e-03,1.440031379461288452e-01,1.526347398757934570e-01
6.298530101776123047e-01,9.235443547368049622e-03,1.544111222028732300e-01,1.819996349513530731e-02,1.074098870158195496e-01,8.089055120944976807e-02
6.283688545227050781e-01,9.447171352803707123e-03,1.364376246929168701e-01,1.221960317343473434e-02,1.251599937677383423e-01,8.836678415536880493e-02
5.375544428825378418e-01,5.542602855712175369e-03,1.059136018157005310e-01,1.018905639648437500e-02,1.721416860818862915e-01,1.686585694551467896e-01
5.130335092544555664e-01,8.053707890212535858e-03,7.255032658576965332e-02,6.750660017132759094e-03,2.087614387273788452e-01,1.908503174781799316e-01
5.547075271606445312e-01,1.279665622860193253e-02,3.731777146458625793e-02,4.321158397942781448e-03,2.324463129043579102e-01,1.584106087684631348e-01
6.070596575736999512e-01,2.413062192499637604e-02,4.526751488447189331e-02,3.567494451999664307e-03,2.474586218595504761e-01,7.251618057489395142e-02
6.554194092750549316e-01,2.715094201266765594e-02,3.519938141107559204e-02,2.801436698064208031e-03,2.439019083976745605e-01,3.552694991230964661e-02
6.620886325836181641e-01,2.106878161430358887e-02,5.927262455224990845e-02,3.779784776270389557e-03,2.161879986524581909e-01,3.760216385126113892e-02
6.067435741424560547e-01,1.632360927760601044e-02,5.772702768445014954e-02,4.322146531194448471e-03,2.680264711380004883e-01,4.685717076063156128e-02
5.348774194717407227e-01,1.985544152557849884e-02,5.429798737168312073e-02,3.790646558627486229e-03,3.161467611789703369e-01,7.103164494037628174e-02
5.436496138572692871e-01,1.437082514166831970e-02,6.648685038089752197e-02,6.539199035614728928e-03,2.659053504467010498e-01,1.030480936169624329e-01
5.222179889678955078e-01,2.588256075978279114e-02,5.721982195973396301e-02,5.622500088065862656e-03,2.587071061134338379e-01,1.303500682115554810e-01
5.784155726432800293e-01,2.836229093372821808e-02,7.943503558635711670e-02,9.157507680356502533e-03,1.785071939229965210e-01,1.261223256587982178e-01
6.165661215782165527e-01,1.601175218820571899e-02,6.716299057006835938e-02,1.006107125431299210e-02,1.442662030458450317e-01,1.459317952394485474e-01
6.495765447616577148e-01,1.441016420722007751e-02,4.460600391030311584e-02,7.555129937827587128e-03,1.531077921390533447e-01,1.307443976402282715e-01
6.689083576202392578e-01,2.694130316376686096e-02,7.410091906785964966e-02,6.919369101524353027e-03,1.707475185394287109e-01,5.238248035311698914e-02
5.718181133270263672e-01,2.600647881627082825e-02,3.839107602834701538e-02,3.315598936751484871e-03,2.920828163623809814e-01,6.838587671518325806e-02
4.519698917865753174e-01,2.013360708951950073e-02,3.230084851384162903e-02,1.705360249616205692e-03,4.349082410335540771e-01,5.898201838135719299e-02
4.818577170372009277e-01,2.460425347089767456e-02,2.888957224786281586e-02,1.993326470255851746e-03,3.898723125457763672e-01,7.278276979923248291e-02
5.379066467285156250e-01,1.411901600658893585e-02,2.956595271825790405e-02,2.683434169739484787e-03,2.991199493408203125e-01,1.166049689054489136e-01
6.271125674247741699e-01,7.262640632688999176e-03,3.059148602187633514e-02,4.389269743114709854e-03,1.674283891916275024e-01,1.632156223058700562e-01
7.448994517326354980e-01,9.186997078359127045e-03,3.404697403311729431e-02,7.520516403019428253e-03,8.786228299140930176e-02,1.164837330579757690e-01
6.715561747550964355e-01,9.060852229595184326e-03,2.672410011291503906e-02,9.858750738203525543e-03,5.154877156019210815e-02,2.312513291835784912e-01
6.247293353080749512e-01,1.068486738950014114e-02,2.909499220550060272e-02,9.042333811521530151e-03,6.528993695974349976e-02,2.611585557460784912e-01
6.288632750511169434e-01,1.677498780190944672e-02,3.828575462102890015e-02,5.794879049062728882e-03,1.202162206172943115e-01,1.900648176670074463e-01
5.064779520034790039e-01,1.218535378575325012e-02,2.427092194557189941e-02,5.107178818434476852e-03,1.041733250021934509e-01,3.477852940559387207e-01
5.205529928207397461e-01,9.989835321903228760e-03,3.207443654537200928e-02,5.573156755417585373e-03,9.979025274515151978e-02,3.320193886756896973e-01
6.118816733360290527e-01,1.367275044322013855e-02,4.570746049284934998e-02,6.872065830975770950e-03,1.179430410265922546e-01,2.039230167865753174e-01
5.340815782546997070e-01,6.073500029742717743e-03,3.260628879070281982e-02,6.399621721357107162e-03,8.067899942398071289e-02,3.401600420475006104e-01
5.128751993179321289e-01,6.924874614924192429e-03,5.092049762606620789e-02,1.038190536201000214e-02,6.151768937706947327e-02,3.573798537254333496e-01
5.868810415267944336e-01,7.353502791374921799e-03,7.408357411623001099e-02,1.321670413017272949e-02,4.856741055846214294e-02,2.698977291584014893e-01
4.815646111965179443e-01,6.006230600178241730e-03,6.303643435239791870e-02,1.010688394308090210e-02,5.931193009018898010e-02,3.799739778041839600e-01
5.621939301490783691e-01,5.238382145762443542e-03,7.931264489889144897e-02,1.148356217890977859e-02,6.865809112787246704e-02,2.731133997440338135e-01
6.214118599891662598e-01,6.000667810440063477e-03,6.813475489616394043e-02,8.369959890842437744e-03,8.818346261978149414e-02,2.078992277383804321e-01
7.397524714469909668e-01,8.114943280816078186e-03,4.669189080595970154e-02,7.564232219010591507e-03,8.054366707801818848e-02,1.173328384757041931e-01
6.052115559577941895e-01,7.174125406891107559e-03,4.130330309271812439e-02,9.422051720321178436e-03,8.553829044103622437e-02,2.513507306575775146e-01
6.469880938529968262e-01,1.381838787347078323e-02,4.929513856768608093e-02,1.138119772076606750e-02,6.950798630714416504e-02,2.090093046426773071e-01
5.595654249191284180e-01,1.406333129853010178e-02,4.347588494420051575e-02,9.579364210367202759e-03,8.712304383516311646e-02,2.861928939819335938e-01
5.376269221305847168e-01,1.793834753334522247e-02,3.713395446538925171e-02,7.966966368257999420e-03,9.592416882514953613e-02,3.034096062183380127e-01
6.447809934616088867e-01,1.704712957143783569e-02,4.136389121413230896e-02,6.493186112493276596e-03,1.161853894591331482e-01,1.741294264793395996e-01
6.535704135894775391e-01,1.445121876895427704e-02,3.816859424114227295e-02,5.660696886479854584e-03,1.236509531736373901e-01,1.644981056451797485e-01
7.079913020133972168e-01,1.185026951134204865e-02,3.771967440843582153e-02,7.077050395309925079e-03,7.026454806327819824e-02,1.650972515344619751e-01
6.747668385505676270e-01,1.509588770568370819e-02,3.798564523458480835e-02,7.356579881161451340e-03,8.434177190065383911e-02,1.804533302783966064e-01
6.253723502159118652e-01,9.127559140324592590e-03,2.801209129393100739e-02,6.134420167654752731e-03,8.272027969360351562e-02,2.486332207918167114e-01
6.584274768829345703e-01,1.470836438238620758e-02,4.394295439124107361e-02,6.052536889910697937e-03,8.494438976049423218e-02,1.919243335723876953e-01
6.135538220405578613e-01,3.261026740074157715e-02,6.052508577704429626e-02,5.449238698929548264e-03,1.716243177652359009e-01,1.162372231483459473e-01
6.570840477943420410e-01,1.592166908085346222e-02,1.299411356449127197e-01,9.319344535470008850e-03,1.092703118920326233e-01,7.846347242593765259e-02
6.384939551353454590e-01,2.296230942010879517e-02,1.220827773213386536e-01,7.898270152509212494e-03,1.547496765851974487e-01,5.381293967366218567e-02
6.897746920585632324e-01,1.565803028643131256e-02,1.025244370102882385e-01,1.017527747899293900e-02,1.169779449701309204e-01,6.488973647356033325e-02
6.896966695785522461e-01,7.747533731162548065e-03,4.706261679530143738e-02,7.890510372817516327e-03,1.314453482627868652e-01,1.161573305726051331e-01
6.545897126197814941e-01,1.173672825098037720e-02,2.788219414651393890e-02,4.200643394142389297e-03,1.947451829910278320e-01,1.068454235792160034e-01
5.964593291282653809e-01,2.063366957008838654e-02,3.376296162605285645e-02,2.584283705800771713e-03,2.874264717102050781e-01,5.913326144218444824e-02
6.141746640205383301e-01,2.466618269681930542e-02,4.014214500784873962e-02,2.826852491125464439e-03,2.744078934192657471e-01,4.378224164247512817e-02
6.582646965980529785e-01,3.078414499759674072e-02,5.885997414588928223e-02,4.312059376388788223e-03,2.075354903936386108e-01,4.024367034435272217e-02
6.942616701126098633e-01,1.830646954476833344e-02,9.327373653650283813e-02,8.209645748138427734e-03,1.440963894128799438e-01,4.185213893651962280e-02
6.551184654235839844e-01,1.905735395848751068e-02,1.185281723737716675e-01,1.608242653310298920e-02,1.410724073648452759e-01,5.014115571975708008e-02
6.042593121528625488e-01,1.393357664346694946e-02,1.404379159212112427e-01,1.856103725731372833e-02,1.586794853210449219e-01,6.412873417139053345e-02
6.142845153808593750e-01,1.522606890648603439e-02,7.829444855451583862e-02,1.272358559072017670e-02,1.890106797218322754e-01,9.046071022748947144e-02
6.341488957405090332e-01,2.139814943075180054e-02,8.450201153755187988e-02,1.450732536613941193e-02,1.511148810386657715e-01,9.432870894670486450e-02
6.403263807296752930e-01,1.528384536504745483e-02,3.567419573664665222e-02,8.115678094327449799e-03,1.469803750514984131e-01,1.536195576190948486e-01
7.029354572296142578e-01,2.077236212790012360e-02,3.725243732333183289e-02,1.295790169388055801e-02,8.316511660814285278e-02,1.429167240858078003e-01
6.483440995216369629e-01,2.881078422069549561e-02,5.738362669944763184e-02,1.238213758915662766e-02,1.328591257333755493e-01,1.202201396226882935e-01
6.322779059410095215e-01,2.126681432127952576e-02,8.013978600502014160e-02,9.749282151460647583e-03,1.751891076564788818e-01,8.137708902359008789e-02
5.895610451698303223e-01,1.833186484873294830e-02,7.362936437129974365e-02,7.541772443801164627e-03,2.302367687225341797e-01,8.069922029972076416e-02
5.611273646354675293e-01,1.936400681734085083e-02,7.045447826385498047e-02,6.246255245059728622e-03,2.536785900592803955e-01,8.912937343120574951e-02
5.854169726371765137e-01,4.383840784430503845e-02,7.884006202220916748e-02,7.279560901224613190e-03,2.051418870687484741e-01,7.948308438062667847e-02
5.766568183898925781e-01,7.498902082443237305e-02,4.510653764009475708e-02,4.974613431841135025e-03,2.013806700706481934e-01,9.689233452081680298e-02
5.208365321159362793e-01,8.468980342149734497e-02,4.884468019008636475e-02,4.907330032438039780e-03,2.453791201114654541e-01,9.534256160259246826e-02
6.020392775535583496e-01,6.737980246543884277e-02,4.733618721365928650e-02,4.773239605128765106e-03,2.120344638824462891e-01,6.643699109554290771e-02
6.277261376380920410e-01,6.235462799668312073e-02,3.861537203192710876e-02,4.559622146189212799e-03,1.932825148105621338e-01,7.346179336309432983e-02
6.077306866645812988e-01,2.087610028684139252e-02,3.148857876658439636e-02,4.274708218872547150e-03,2.087148576974868774e-01,1.269150674343109131e-01
6.191766858100891113e-01,1.612091809511184692e-02,3.328270837664604187e-02,3.928359597921371460e-03,2.152298986911773682e-01,1.122614741325378418e-01
6.192826032638549805e-01,2.443788945674896240e-02,5.258456617593765259e-02,4.900337196886539459e-03,1.929050832986831665e-01,1.058894619345664978e-01
7.221654653549194336e-01,2.139613591134548187e-02,6.106268614530563354e-02,6.164032500237226486e-03,1.255586296319961548e-01,6.365296244621276855e-02
7.497319579124450684e-01,2.475836127996444702e-02,7.932817935943603516e-02,1.219902094453573227e-02,7.482976466417312622e-02,5.915257334709167480e-02
7.100656628608703613e-01,2.273988537490367889e-02,1.468715965747833252e-01,1.660535670816898346e-02,5.891841650009155273e-02,4.479900747537612915e-02
6.317471265792846680e-01,4.599357396364212036e-02,2.031195759773254395e-01,2.172882109880447388e-02,6.785114109516143799e-02,2.955984137952327728e-02
6.108157038688659668e-01,4.225118458271026611e-02,1.934091001749038696e-01,1.515148021280765533e-02,9.136383235454559326e-02,4.700862988829612732e-02
6.367737650871276855e-01,4.450279474258422852e-02,1.314483433961868286e-01,1.094683445990085602e-02,1.210035905241966248e-01,5.532473325729370117e-02
6.709610223770141602e-01,3.176639974117279053e-02,7.504001259803771973e-02,9.472192265093326569e-03,1.145725846290588379e-01,9.818769246339797974e-02
6.935952901840209961e-01,1.238914579153060913e-02,5.123463645577430725e-02,1.310541108250617981e-02,6.772760301828384399e-02,1.619479060173034668e-01
5.289698839187622070e-01,5.091404542326927185e-03,2.217952534556388855e-02,1.310978364199399948e-02,3.966290503740310669e-02,3.909864425659179688e-01
5.359511375427246094e-01,5.766629707068204880e-03,2.195769734680652618e-02,1.249847095459699631e-02,4.125785827636718750e-02,3.825682103633880615e-01
6.268713474273681641e-01,1.176580414175987244e-02,3.077649883925914764e-02,1.289536431431770325e-02,6.191607937216758728e-02,2.557749152183532715e-01
5.617024898529052734e-01,1.405197288841009140e-02,4.900133237242698669e-02,9.931241162121295929e-03,1.170060485601425171e-01,2.483068555593490601e-01
6.679648160934448242e-01,1.883373409509658813e-02,6.972567737102508545e-02,8.121068589389324188e-03,1.168257072567939758e-01,1.185289770364761353e-01
7.055722475051879883e-01,1.437076646834611893e-02,5.100594088435173035e-02,7.813388481736183167e-03,1.142473146319389343e-01,1.069903671741485596e-01
6.858263611793518066e-01,1.323263999074697495e-02,9.938265383243560791e-02,1.781166903674602509e-02,9.129553288221359253e-02,9.245110303163528442e-02
6.743540167808532715e-01,1.053545530885457993e-02,1.645287871360778809e-01,2.516323886811733246e-02,6.434731185436248779e-02,6.107113882899284363e-02
6.827770471572875977e-01,1.423951610922813416e-02,1.210312023758888245e-01,1.863064058125019073e-02,1.011052355170249939e-01,6.221632659435272217e-02
6.592345833778381348e-01,2.496926672756671906e-02,7.522958517074584961e-02,1.062976382672786713e-02,1.559530049562454224e-01,7.398378849029541016e-02
6.272473931312561035e-01,2.065370790660381317e-02,7.846724987030029297e-02,8.694774471223354340e-03,1.760516464710235596e-01,8.888521790504455566e-02
6.404797434806823730e-01,1.819557696580886841e-02,4.001548141241073608e-02,5.312361754477024078e-03,1.876824796199798584e-01,1.083143725991249084e-01
6.141983270645141602e-01,1.199126336723566055e-02,5.997788906097412109e-02,4.730924963951110840e-03,2.069803774356842041e-01,1.021213009953498840e-01
5.956712961196899414e-01,1.171740517020225525e-02,1.191122233867645264e-01,7.613362278789281845e-03,2.123281806707382202e-01,5.355755239725112915e-02
6.514189243316650391e-01,8.153747767210006714e-03,1.336245983839035034e-01,1.840722374618053436e-02,1.088884994387626648e-01,7.950700819492340088e-02
5.985888242721557617e-01,8.996522985398769379e-03,2.286655902862548828e-01,5.184280127286911011e-02,5.110753327608108521e-02,6.079875305294990540e-02
5.027187466621398926e-01,5.997529253363609314e-03,3.297878205776214600e-01,7.515832781791687012e-02,3.068014048039913177e-02,5.565744638442993164e-02
5.817100405693054199e-01,4.832768347114324570e-03,2.269765287637710571e-01,6.505075842142105103e-02,3.976820036768913269e-02,8.166176825761795044e-02
5.789427757263183594e-01,6.080254446715116501e-03,2.095456272363662720e-01,3.206589445471763611e-02,6.525769829750061035e-02,1.081077158451080322e-01
6.076399683952331543e-01,6.854251027107238770e-03,1.530958116054534912e-01,2.207004092633724213e-02,1.177304312586784363e-01,9.260964393615722656e-02
6.381267309188842773e-01,3.982222173362970352e-03,7.301446050405502319e-02,1.586150191724300385e-02,9.125897288322448730e-02,1.777561008930206299e-01
6.013959646224975586e-01,3.483739215880632401e-03,4.911112412810325623e-02,1.253103557974100113e-02,9.736914932727813721e-02,2.361089587211608887e-01
6.338236331939697266e-01,3.023671917617321014e-03,6.050035357475280762e-02,1.447149831801652908e-02,7.227686792612075806e-02,2.159038782119750977e-01
5.669418573379516602e-01,3.212499897927045822e-03,7.031137496232986450e-02,1.245828531682491302e-02,9.412162005901336670e-02,2.529543638229370117e-01
5.612805485725402832e-01,3.739280160516500473e-03,1.561014652252197266e-01,1.362050324678421021e-02,7.828543335199356079e-02,1.869728714227676392e-01
5.863842964172363281e-01,6.102166604250669479e-03,1.321142464876174927e-01,1.270277984440326691e-02,8.520239591598510742e-02,1.774940788745880127e-01
5.738618969917297363e-01,6.996474228799343109e-03,1.836986392736434937e-01,1.917525380849838257e-02,5.809084326028823853e-02,1.581768840551376343e-01
6.150984764099121094e-01,6.266334559768438339e-03,7.260397821664810181e-02,1.491281390190124512e-02,3.081225045025348663e-02,2.603061795234680176e-01
4.307388961315155029e-01,2.624352928251028061e-03,2.211698517203330994e-02,9.417956694960594177e-03,1.912423409521579742e-02,5.159776210784912109e-01
3.944764137268066406e-01,2.525633201003074646e-03,1.850814558565616608e-02,1.778514683246612549e-02,1.212857197970151901e-02,5.545760393142700195e-01
4.457316398620605469e-01,3.117529908195137978e-03,1.705748774111270905e-02,1.690126769244670868e-02,1.590059138834476471e-02,5.012915134429931641e-01
5.397510528564453125e-01,7.533210795372724533e-03,3.278090432286262512e-02,1.900614984333515167e-02,3.615355864167213440e-02,3.647751510143280029e-01
5.172029733657836914e-01,7.362582255154848099e-03,2.579659782350063324e-02,1.439582090824842453e-02,5.293243005871772766e-02,3.823095262050628662e-01
5.535892844200134277e-01,9.632051922380924225e-03,3.649780899286270142e-02,1.339604333043098450e-02,8.365840464830398560e-02,3.032263517379760742e-01
6.054574251174926758e-01,9.762975387275218964e-03,5.445302650332450867e-02,8.457938209176063538e-03,1.739880591630935669e-01,1.478806436061859131e-01
5.730676054954528809e-01,8.903515525162220001e-03,5.979697406291961670e-02,5.785037763416767120e-03,2.414288222789764404e-01,1.110180616378784180e-01
5.706164836883544922e-01,5.086644552648067474e-03,7.062741369009017944e-02,8.482657372951507568e-03,2.187402248382568359e-01,1.264465004205703735e-01
5.687860846519470215e-01,6.456633564084768295e-03,8.378718793392181396e-02,5.610880441963672638e-03,2.669119834899902344e-01,6.844717264175415039e-02
5.912216305732727051e-01,8.891892619431018829e-03,6.170503422617912292e-02,5.104904063045978546e-03,2.711516916751861572e-01,6.192493811249732971e-02
6.394984722137451172e-01,8.817438967525959015e-03,5.444173514842987061e-02,6.964141502976417542e-03,2.053067088127136230e-01,8.497140556573867798e-02
6.837580204010009766e-01,1.680177636444568634e-02,5.300305411219596863e-02,7.088434882462024689e-03,1.595219224691390991e-01,7.982667535543441772e-02
7.150577902793884277e-01,1.294491253793239594e-02,4.245683550834655762e-02,1.084052305668592453e-02,1.066076084971427917e-01,1.120923608541488647e-01
7.586462497711181641e-01,1.162433531135320663e-02,3.681143745779991150e-02,1.363304257392883301e-02,6.102060899138450623e-02,1.182644739747047424e-01
7.293021082878112793e-01,2.094176597893238068e-02,4.515455290675163269e-02,8.109239861369132996e-03,1.087098047137260437e-01,8.778256177902221680e-02
7.091376185417175293e-01,1.101266872137784958e-02,4.002166911959648132e-02,1.089986041188240051e-02,6.834059208631515503e-02,1.605875343084335327e-01
6.891689300537109375e-01,1.783425733447074890e-02,6.161552667617797852e-02,1.200399082154035568e-02,9.690916538238525391e-02,1.224681437015533447e-01
6.667008996009826660e-01,1.586584933102130890e-02,6.657403707504272461e-02,1.692908070981502533e-02,8.638004958629608154e-02,1.475500911474227905e-01
6.450977325439453125e-01,1.027260534465312958e-02,1.560371518135070801e-01,3.490592539310455322e-02,6.415522098541259766e-02,8.953142166137695312e-02
6.184966564178466797e-01,1.308059412986040115e-02,2.325866818428039551e-01,6.521854549646377563e-02,3.948820009827613831e-02,3.112929500639438629e-02
6.434242129325866699e-01,9.179432876408100128e-03,2.194459587335586548e-01,3.564292564988136292e-02,6.644326448440551758e-02,2.586422674357891083e-02
6.939629912376403809e-01,9.363994002342224121e-03,1.568049937486648560e-01,2.917549200356006622e-02,7.768819481134414673e-02,3.300430625677108765e-02
6.776756048202514648e-01,1.059586368501186371e-02,9.386362880468368530e-02,1.243794057518243790e-02,1.609530448913574219e-01,4.447399824857711792e-02
5.698522925376892090e-01,7.563710212707519531e-03,4.452002793550491333e-02,4.240526817739009857e-03,2.912386357784271240e-01,8.258480578660964966e-02
5.377407670021057129e-01,8.091250434517860413e-03,6.423836946487426758e-02,3.973765764385461807e-03,3.149305284023284912e-01,7.102528214454650879e-02
5.944933295249938965e-01,9.933108463883399963e-03,6.779579818248748779e-02,4.768906626850366592e-03,2.210544496774673462e-01,1.019543558359146118e-01
6.210516691207885742e-01,4.697968717664480209e-03,1.015882641077041626e-01,6.984923034906387329e-03,1.430914551019668579e-01,1.225856617093086243e-01
6.462027430534362793e-01,6.008595693856477737e-03,7.889217883348464966e-02,7.525019347667694092e-03,1.322929114103317261e-01,1.290785670280456543e-01
7.351078391075134277e-01,1.085729617625474930e-02,7.039039582014083862e-02,9.657548740506172180e-03,7.476323097944259644e-02,9.922371059656143188e-02
6.884347796440124512e-01,1.137835811823606491e-02,4.267281666398048401e-02,5.486503243446350098e-03,1.352157592773437500e-01,1.168118044734001160e-01
6.806566119194030762e-01,1.309960708022117615e-02,4.506652057170867920e-02,6.032308097928762436e-03,1.266594082117080688e-01,1.284856051206588745e-01
7.226738929748535156e-01,1.366633176803588867e-02,8.133169263601303101e-02,1.095386501401662827e-02,9.091521799564361572e-02,8.045893162488937378e-02
7.110978364944458008e-01,1.496396865695714951e-02,1.108915433287620544e-01,1.476184558123350143e-02,7.662759721279144287e-02,7.165725529193878174e-02
6.979804635047912598e-01,7.197278551757335663e-03,1.768171787261962891e-01,1.952108554542064667e-02,5.194081738591194153e-02,4.654302075505256653e-02
6.417352557182312012e-01,1.461128797382116318e-02,1.996652483940124512e-01,1.666818745434284210e-02,9.320443868637084961e-02,3.411556780338287354e-02
5.977032780647277832e-01,1.387658156454563141e-02,1.747489869594573975e-01,7.912001572549343109e-03,1.734690070152282715e-01,3.229006007313728333e-02
4.916522502899169922e-01,9.654187597334384918e-03,9.533172100782394409e-02,4.118410870432853699e-03,3.424665629863739014e-01,5.677694082260131836e-02
4.461976587772369385e-01,6.673795636743307114e-03,6.960730999708175659e-02,2.789849648252129555e-03,4.123420119285583496e-01,6.238936260342597961e-02
4.755851030349731445e-01,7.760011591017246246e-03,6.181256845593452454e-02,4.072034265846014023e-03,3.806403279304504395e-01,7.012987881898880005e-02
6.088279485702514648e-01,5.645836237818002701e-03,5.460593104362487793e-02,8.600116707384586334e-03,1.561826765537261963e-01,1.661375313997268677e-01
6.427627801895141602e-01,8.792179636657238007e-03,9.736604243516921997e-02,2.273062802851200104e-02,9.908906370401382446e-02,1.292592883110046387e-01
6.368579268455505371e-01,2.249906398355960846e-02,1.168894246220588684e-01,2.965253032743930817e-02,8.971163630485534668e-02,1.043893545866012573e-01
6.522303819656372070e-01,4.257664084434509277e-02,1.006230935454368591e-01,1.960363239049911499e-02,1.065150573849678040e-01,7.845114171504974365e-02
5.907382369041442871e-01,1.684259772300720215e-01,8.088201284408569336e-02,1.396691985428333282e-02,9.699013829231262207e-02,4.899666830897331238e-02
6.154131293296813965e-01,1.758005619049072266e-01,4.248334839940071106e-02,1.067953370511531830e-02,9.241611510515213013e-02,6.320739537477493286e-02
6.397553682327270508e-01,1.101944595575332642e-01,3.516649082303047180e-02,8.014907129108905792e-03,1.053767576813697815e-01,1.014919877052307129e-01
5.468226075172424316e-01,1.796192228794097900e-01,5.824613943696022034e-02,8.211006410419940948e-03,1.344785988330841064e-01,7.262240350246429443e-02
6.985954642295837402e-01,5.466860905289649963e-02,5.547457188367843628e-02,7.492694538086652756e-03,1.030422449111938477e-01,8.072628080844879150e-02
7.416154146194458008e-01,3.121586330235004425e-02,6.210580095648765564e-02,7.155153900384902954e-03,8.157586306333541870e-02,7.633183151483535767e-02
8.071221709251403809e-01,2.323563024401664734e-02,5.062649026513099670e-02,1.153862383216619492e-02,4.463247209787368774e-02,6.284451484680175781e-02
8.077954053878784180e-01,1.352774351835250854e-02,4.100420325994491577e-02,1.586815528571605682e-02,2.911236882209777832e-02,9.269217401742935181e-02
7.157351970672607422e-01,8.637659251689910889e-03,2.574053034186363220e-02,1.870693825185298920e-02,1.937838830053806305e-02,2.118013501167297363e-01
7.457409501075744629e-01,7.606139872223138809e-03,2.881046943366527557e-02,1.628150604665279388e-02,2.488484978675842285e-02,1.766760647296905518e-01
6.952674984931945801e-01,1.100127957761287689e-02,6.656636297702789307e-02,1.379752252250909805e-02,6.036232039332389832e-02,1.530049890279769897e-01
6.467980742454528809e-01,1.472322084009647369e-02,1.551444679498672485e-01,1.923891529440879822e-02,5.049070715904235840e-02,1.136046200990676880e-01
5.720934271812438965e-01,1.075652521103620529e-02,1.518298983573913574e-01,1.659421063959598541e-02,1.004893854260444641e-01,1.482366174459457397e-01
6.148434281349182129e-01,1.142065785825252533e-02,1.345488429069519043e-01,9.954005479812622070e-03,1.442284286022186279e-01,8.500467240810394287e-02
5.638478994369506836e-01,1.043880172073841095e-02,1.172731295228004456e-01,6.418284960091114044e-03,2.317118048667907715e-01,7.030997425317764282e-02
5.549466013908386230e-01,1.177924964576959610e-02,7.470211386680603027e-02,3.905961290001869202e-03,2.752381861209869385e-01,7.942789047956466675e-02
6.198379993438720703e-01,8.916427381336688995e-03,6.412471085786819458e-02,5.329148843884468079e-03,2.169057428836822510e-01,8.488601446151733398e-02
6.147789955139160156e-01,1.023170351982116699e-02,8.415234088897705078e-02,6.216184236109256744e-03,2.224980145692825317e-01,6.212274357676506042e-02
6.398704648017883301e-01,8.656141348183155060e-03,6.830586493015289307e-02,8.956992998719215393e-03,1.480998396873474121e-01,1.261107474565505981e-01
6.435542702674865723e-01,9.923013858497142792e-03,6.393804401159286499e-02,6.842010188847780228e-03,1.652989685535430908e-01,1.104437410831451416e-01
5.929741859436035156e-01,7.375330664217472076e-03,7.084582746028900146e-02,9.405617602169513702e-03,1.795992702245712280e-01,1.397997587919235229e-01
5.901767015457153320e-01,7.274369709193706512e-03,7.084009796380996704e-02,3.024955280125141144e-02,7.031451165676116943e-02,2.311447411775588989e-01
6.567689180374145508e-01,7.400663569569587708e-03,5.627399682998657227e-02,2.920014038681983948e-02,4.712033644318580627e-02,2.032360136508941650e-01
6.616353988647460938e-01,6.122454069554805756e-03,6.478411704301834106e-02,3.095737099647521973e-02,4.039679467678070068e-02,1.961038112640380859e-01
6.925128698348999023e-01,9.241525083780288696e-03,6.198326125741004944e-02,2.150532230734825134e-02,5.071763694286346436e-02,1.640394628047943115e-01
7.029611468315124512e-01,1.376046519726514816e-02,9.128317981958389282e-02,1.447906345129013062e-02,5.861194804310798645e-02,1.189042404294013977e-01
5.817986726760864258e-01,9.182704612612724304e-03,1.177215203642845154e-01,9.486448951065540314e-03,1.309690624475479126e-01,1.508415937423706055e-01
5.289255976676940918e-01,1.028234791010618210e-02,2.443094700574874878e-01,1.437621284276247025e-02,1.303893178701400757e-01,7.171706110239028931e-02
5.923438668251037598e-01,5.281424149870872498e-03,8.577425032854080200e-02,1.258883066475391388e-02,9.692398458719253540e-02,2.070877403020858765e-01
5.965647101402282715e-01,8.753521367907524109e-03,1.134524568915367126e-01,1.019839569926261902e-02,1.413508206605911255e-01,1.296800523996353149e-01
6.176775097846984863e-01,9.010991081595420837e-03,7.410444319248199463e-02,6.563896313309669495e-03,1.588553935289382935e-01,1.337877362966537476e-01
6.053214669227600098e-01,9.737529791891574860e-03,4.488835111260414124e-02,4.696916788816452026e-03,1.733987778425216675e-01,1.619569659233093262e-01
5.876504778861999512e-01,3.514233976602554321e-02,5.656034871935844421e-02,3.505378728732466698e-03,2.361139506101608276e-01,8.102750033140182495e-02
5.800849795341491699e-01,5.609755218029022217e-02,6.173694506287574768e-02,3.464511130005121231e-03,2.598148882389068604e-01,3.880102932453155518e-02
6.215237379074096680e-01,5.927266553044319153e-02,7.640016824007034302e-02,4.410841036587953568e-03,1.970048397779464722e-01,4.138772934675216675e-02
6.191543936729431152e-01,6.038220971822738647e-02,8.554624021053314209e-02,3.774797311052680016e-03,2.043930143117904663e-01,2.674940787255764008e-02
6.346590518951416016e-01,4.567414149641990662e-02,8.077619969844818115e-02,5.955389700829982758e-03,1.857188493013381958e-01,4.721639677882194519e-02
6.449839472770690918e-01,2.425073087215423584e-02,1.421464532613754272e-01,8.231198415160179138e-03,1.391283571720123291e-01,4.125939682126045227e-02
5.999291539192199707e-01,4.044736549258232117e-02,1.130973175168037415e-01,8.154978975653648376e-03,1.807905733585357666e-01,5.758056417107582092e-02
4.772553741931915283e-01,4.137349501252174377e-02,7.918599247932434082e-02,3.345733508467674255e-03,3.487688004970550537e-01,5.007065087556838989e-02
4.815922677516937256e-01,4.206335172057151794e-02,8.750748634338378906e-02,3.801397047936916351e-03,3.270221054553985596e-01,5.801338329911231995e-02
5.176101922988891602e-01,2.982387878000736237e-02,5.300200358033180237e-02,3.035976085811853409e-03,3.261196017265319824e-01,7.040835916996002197e-02
5.553856492042541504e-01,1.971014030277729034e-02,5.913247540593147278e-02,4.295384977012872696e-03,2.596952915191650391e-01,1.017809957265853882e-01
6.726175546646118164e-01,1.387624721974134445e-02,5.580734461545944214e-02,6.390938535332679749e-03,1.432755291461944580e-01,1.080324649810791016e-01
6.707929372787475586e-01,1.289202179759740829e-02,3.841805830597877502e-02,5.991168785840272903e-03,1.297601014375686646e-01,1.421457380056381226e-01
6.752598285675048828e-01,1.153059490025043488e-02,4.015863314270973206e-02,5.838792305439710617e-03,1.418139934539794922e-01,1.253982186317443848e-01
6.932782530784606934e-01,1.611575111746788025e-02,5.389720574021339417e-02,5.194734316319227219e-03,1.338771581649780273e-01,9.763687103986740112e-02
6.996251344680786133e-01,2.098667062819004059e-02,5.925852060317993164e-02,4.338907543569803238e-03,1.456648707389831543e-01,7.012600451707839966e-02
6.440990567207336426e-01,1.893694512546062469e-02,9.876834601163864136e-02,7.632520515471696854e-03,1.502383798360824585e-01,8.032471686601638794e-02
5.965869426727294922e-01,1.974159292876720428e-02,7.213082164525985718e-02,4.743995144963264465e-03,2.133014202117919922e-01,9.349536895751953125e-02
6.031645536422729492e-01,1.260658819228410721e-02,5.599684640765190125e-02,4.163341596722602844e-03,2.182898074388504028e-01,1.057788953185081482e-01
5.651811361312866211e-01,1.662148535251617432e-02,7.212984561920166016e-02,3.359616501256823540e-03,2.745334208011627197e-01,6.817451864480972290e-02
5.096127390861511230e-01,1.343380101025104523e-02,7.729925960302352905e-02,3.248331602662801743e-03,3.312410116195678711e-01,6.516489386558532715e-02
5.490429997444152832e-01,9.450716897845268250e-03,9.026204794645309448e-02,3.932282328605651855e-03,2.747143507003784180e-01,7.259765267372131348e-02
6.246861815452575684e-01,9.671647101640701294e-03,1.053849384188652039e-01,5.535457748919725418e-03,1.859812587499618530e-01,6.874061375856399536e-02
6.397873163223266602e-01,1.102551631629467010e-02,9.660466760396957397e-02,7.861473597586154938e-03,1.551620364189147949e-01,8.955892920494079590e-02
6.999640464782714844e-01,2.242711745202541351e-02,7.125645875930786133e-02,7.597965188324451447e-03,1.244927495718002319e-01,7.426154613494873047e-02
6.645902991294860840e-01,4.672889783978462219e-02,5.424688011407852173e-02,7.107066921889781952e-03,1.368091106414794922e-01,9.051781147718429565e-02
6.285871267318725586e-01,6.830564886331558228e-02,9.075073152780532837e-02,8.111126720905303955e-03,1.266923248767852783e-01,7.755310833454132080e-02
6.234652996063232422e-01,4.917544871568679810e-02,6.841281056404113770e-02,6.912285462021827698e-03,1.356918811798095703e-01,1.163422092795372009e-01
6.753763556480407715e-01,3.763086721301078796e-02,6.809257715940475464e-02,8.252490311861038208e-03,1.103150397539138794e-01,1.003326177597045898e-01
6.774772405624389648e-01,1.436186674982309341e-02,6.570390611886978149e-02,1.170869264751672745e-02,7.529764622449874878e-02,1.554507017135620117e-01
6.758865714073181152e-01,1.811267808079719543e-02,5.816891416907310486e-02,9.664966724812984467e-03,1.014317050576210022e-01,1.367351710796356201e-01
7.455389499664306641e-01,2.645994536578655243e-02,4.958506301045417786e-02,9.186570532619953156e-03,8.277355134487152100e-02,8.645600825548171997e-02
7.042388319969177246e-01,1.334531791508197784e-02,4.246151819825172424e-02,7.714346982538700104e-03,1.099322736263275146e-01,1.223077327013015747e-01
7.040012478828430176e-01,1.302481815218925476e-02,4.543387517333030701e-02,6.714609451591968536e-03,1.253564208745956421e-01,1.054688841104507446e-01
6.656248569488525391e-01,1.068230345845222473e-02,3.906949982047080994e-02,4.610305186361074448e-03,1.978618949651718140e-01,8.215108513832092285e-02
6.293359994888305664e-01,5.387818440794944763e-03,3.180583193898200989e-02,5.599028896540403366e-03,1.553878188133239746e-01,1.724835783243179321e-01
6.006184816360473633e-01,1.825197972357273102e-02,4.858905449509620667e-02,5.993104539811611176e-03,2.022691518068313599e-01,1.242782026529312134e-01
5.895530581474304199e-01,5.059258267283439636e-02,3.854407742619514465e-02,5.129499360918998718e-03,1.931481957435607910e-01,1.230326443910598755e-01
6.444455981254577637e-01,1.168446764349937439e-01,4.653134569525718689e-02,8.260242640972137451e-03,9.675839543342590332e-02,8.715968579053878784e-02
5.876412391662597656e-01,1.873819530010223389e-01,3.806959837675094604e-02,6.470751948654651642e-03,1.159091591835021973e-01,6.452731043100357056e-02
6.785321831703186035e-01,7.810880243778228760e-02,3.972198814153671265e-02,8.692875504493713379e-03,8.881115168333053589e-02,1.061330363154411316e-01
6.810472607612609863e-01,2.062100172042846680e-02,3.581604734063148499e-02,6.506250239908695221e-03,8.462112396955490112e-02,1.713883429765701294e-01
7.287486791610717773e-01,2.406359463930130005e-02,4.546036943793296814e-02,7.022671401500701904e-03,7.572431862354278564e-02,1.189803928136825562e-01
7.227240204811096191e-01,1.650987192988395691e-02,4.452690109610557556e-02,6.616032682359218597e-03,7.229399681091308594e-02,1.373291462659835815e-01
7.349963784217834473e-01,1.464964263141155243e-02,4.332165420055389404e-02,7.810739800333976746e-03,6.299833208322525024e-02,1.362231969833374023e-01
7.518007755279541016e-01,2.592764049768447876e-02,3.817397356033325195e-02,9.601506404578685760e-03,6.055846065282821655e-02,1.139375865459442139e-01
6.785541176795959473e-01,3.626761585474014282e-02,3.808487579226493835e-02,8.242333307862281799e-03,1.077683195471763611e-01,1.310827285051345825e-01
6.537240147590637207e-01,4.394447803497314453e-02,4.047494009137153625e-02,1.158089470118284225e-02,8.771230280399322510e-02,1.625634133815765381e-01
6.727051734924316406e-01,5.174649506807327271e-02,3.352263942360877991e-02,1.370650716125965118e-02,7.295066118240356445e-02,1.553684324026107788e-01
6.124328970909118652e-01,4.746954888105392456e-02,3.280155360698699951e-02,1.262164488434791565e-02,9.157628566026687622e-02,2.030981034040451050e-01
6.244907379150390625e-01,2.412804961204528809e-02,2.483670413494110107e-02,1.044815778732299805e-02,8.300448954105377197e-02,2.330918759107589722e-01
6.512578129768371582e-01,2.435579709708690643e-02,2.583713643252849579e-02,6.751728244125843048e-03,1.365276575088500977e-01,1.552698761224746704e-01
6.595024466514587402e-01,3.127133846282958984e-02,3.324182331562042236e-02,4.491577856242656708e-03,1.681545525789260864e-01,1.033382043242454529e-01
6.125747561454772949e-01,6.015977635979652405e-02,4.118655994534492493e-02,3.389469347894191742e-03,2.167593687772750854e-01,6.593015044927597046e-02
6.378296017646789551e-01,7.255670428276062012e-02,4.881886020302772522e-02,4.122754558920860291e-03,1.850519329309463501e-01,5.162017047405242920e-02
6.214399337768554688e-01,8.636298030614852905e-02,4.483303055167198181e-02,4.191470332443714142e-03,1.859272122383117676e-01,5.724534764885902405e-02
6.060416102409362793e-01,8.495571464300155640e-02,4.721004515886306763e-02,5.444788374006748199e-03,1.784758567810058594e-01,7.787199318408966064e-02
5.853796005249023438e-01,3.760778158903121948e-02,3.154606744647026062e-02,5.674531683325767517e-03,1.631473451852798462e-01,1.766446530818939209e-01
5.488304495811462402e-01,4.105313867330551147e-02,3.302625194191932678e-02,6.685360800474882126e-03,1.792901307344436646e-01,1.911146193742752075e-01
5.189485549926757812e-01,5.637984722852706909e-02,2.837803959846496582e-02,8.216954767704010010e-03,1.434696912765502930e-01,2.446069717407226562e-01
5.313474535942077637e-01,1.032142490148544312e-01,3.651132062077522278e-02,1.192138902842998505e-02,1.312871426343917847e-01,1.857183873653411865e-01
6.366500258445739746e-01,1.095014959573745728e-01,5.250354483723640442e-02,1.271721161901950836e-02,9.919408708810806274e-02,8.943365514278411865e-02
7.465752363204956055e-01,7.874377816915512085e-02,5.459650978446006775e-02,1.344530843198299408e-02,6.062778457999229431e-02,4.601139947772026062e-02
8.178022503852844238e-01,4.074791446328163147e-02,7.434852421283721924e-02,1.140299905091524124e-02,3.439953178167343140e-02,2.129883691668510437e-02
8.717905879020690918e-01,3.636314719915390015e-02,5.070400238037109375e-02,1.182812172919511795e-02,1.370256114751100540e-02,1.561156567186117172e-02
8.928579092025756836e-01,1.663588173687458038e-02,4.297434166073799133e-02,6.914690136909484863e-03,2.267238497734069824e-02,1.794480346143245697e-02
8.768098950386047363e-01,1.661641709506511688e-02,4.827681928873062134e-02,6.145193707197904587e-03,3.261946141719818115e-02,1.953218877315521240e-02
8.494138121604919434e-01,1.357329543679952621e-02,6.082938611507415771e-02,8.147201500833034515e-03,4.077983275055885315e-02,2.725634165108203888e-02
8.027234673500061035e-01,1.297564618289470673e-02,7.973273843526840210e-02,1.054733432829380035e-02,5.479333922266960144e-02,3.922746703028678894e-02
7.421225905418395996e-01,1.384202297776937485e-02,9.879807382822036743e-02,8.782114833593368530e-03,9.141363203525543213e-02,4.504158347845077515e-02
7.384184598922729492e-01,1.685816235840320587e-02,1.027530729770660400e-01,1.235627289861440659e-02,6.081970781087875366e-02,6.879433244466781616e-02
6.966280341148376465e-01,3.143209218978881836e-02,7.509568333625793457e-02,1.058563496917486191e-02,8.570293337106704712e-02,1.005555912852287292e-01
6.404187083244323730e-01,8.888717740774154663e-02,7.367554306983947754e-02,7.156882900744676590e-03,1.122129932045936584e-01,7.764875143766403198e-02
6.272282600402832031e-01,7.594231516122817993e-02,4.985721036791801453e-02,4.481907468289136887e-03,1.669923961162567139e-01,7.549786567687988281e-02
5.805310010910034180e-01,9.723737090826034546e-02,4.210986942052841187e-02,3.445783397182822227e-03,2.027572095394134521e-01,7.391879707574844360e-02
5.259239673614501953e-01,1.659411787986755371e-01,4.557353630661964417e-02,2.943095518276095390e-03,2.236092537641525269e-01,3.600900992751121521e-02
6.006597280502319336e-01,1.361639350652694702e-01,4.586242139339447021e-02,3.627575235441327095e-03,1.784847825765609741e-01,3.520166501402854919e-02
6.408050656318664551e-01,1.001438349485397339e-01,5.267848074436187744e-02,5.128068383783102036e-03,1.509688347578048706e-01,5.027569830417633057e-02
7.200615406036376953e-01,8.279076218605041504e-02,5.410449206829071045e-02,8.421085774898529053e-03,8.881318569183349609e-02,4.580903425812721252e-02
7.637215256690979004e-01,4.279690235853195190e-02,5.966127663850784302e-02,8.374371565878391266e-03,8.077243715524673462e-02,4.467350617051124573e-02
7.454427480697631836e-01,1.761497743427753448e-02,5.219829827547073364e-02,1.016907393932342529e-02,5.214895308017730713e-02,1.224259436130523682e-01
6.748913526535034180e-01,2.448675036430358887e-02,4.858662560582160950e-02,1.030493713915348053e-02,6.180866435170173645e-02,1.799215972423553467e-01
6.456090211868286133e-01,3.331473469734191895e-02,3.190204873681068420e-02,5.794905591756105423e-03,1.068711131811141968e-01,1.765081882476806641e-01
6.227052211761474609e-01,6.937675178050994873e-02,3.556848689913749695e-02,9.234389290213584900e-03,8.565984666347503662e-02,1.774553656578063965e-01
5.814165472984313965e-01,1.692996025085449219e-01,3.875617682933807373e-02,6.950268056243658066e-03,1.220987439155578613e-01,8.147861063480377197e-02
5.998576879501342773e-01,1.547978520393371582e-01,4.112280905246734619e-02,7.215095683932304382e-03,1.286049038171768188e-01,6.840168684720993042e-02
6.096260547637939453e-01,1.313744336366653442e-01,3.907657414674758911e-02,7.439028006047010422e-03,1.298518180847167969e-01,8.263210952281951904e-02
6.738596558570861816e-01,9.981476515531539917e-02,3.719104453921318054e-02,6.485656369477510452e-03,1.245971620082855225e-01,5.805179849267005920e-02
6.438725590705871582e-01,5.376900732517242432e-02,2.725523337721824646e-02,5.317115690559148788e-03,1.602184176445007324e-01,1.095677390694618225e-01
6.866332292556762695e-01,4.652743414044380188e-02,3.600490838289260864e-02,7.004543673247098923e-03,1.314465254545211792e-01,9.238335490226745605e-02
7.082322835922241211e-01,3.419588506221771240e-02,2.907200343906879425e-02,9.892142377793788910e-03,9.594054520130157471e-02,1.226671487092971802e-01
7.045069932937622070e-01,5.565895885229110718e-02,3.908849880099296570e-02,1.037691533565521240e-02,1.001576259732246399e-01,9.021089971065521240e-02
7.403881549835205078e-01,3.428452834486961365e-02,3.839006647467613220e-02,8.927484974265098572e-03,8.999838680028915405e-02,8.801133185625076294e-02
7.306617498397827148e-01,3.108542598783969879e-02,3.318539634346961975e-02,1.023807469755411148e-02,6.822761893272399902e-02,1.266017109155654907e-01
7.130374908447265625e-01,2.005387283861637115e-02,4.095097258687019348e-02,9.558585472404956818e-03,8.588611334562301636e-02,1.305129528045654297e-01
7.082917690277099609e-01,1.654929481446743011e-02,6.042659655213356018e-02,2.006493508815765381e-02,6.588487327098846436e-02,1.287826448678970337e-01
7.053706049919128418e-01,1.102877594530582428e-02,1.009786799550056458e-01,6.824857741594314575e-02,2.465849369764328003e-02,8.971482515335083008e-02
6.932483911514282227e-01,1.938888803124427795e-02,9.748882055282592773e-02,5.323732271790504456e-02,3.271431848406791687e-02,1.039221584796905518e-01
6.957418918609619141e-01,1.733934320509433746e-02,8.738392591476440430e-02,5.547360703349113464e-02,3.057139739394187927e-02,1.134898215532302856e-01
7.016589641571044922e-01,1.412728801369667053e-02,5.333830788731575012e-02,2.203389629721641541e-02,4.829807206988334656e-02,1.605435609817504883e-01
5.718764662742614746e-01,1.541728992015123367e-02,2.543910034000873566e-02,5.985091440379619598e-03,1.063523292541503906e-01,2.749296724796295166e-01
6.964526772499084473e-01,2.056407555937767029e-02,3.871570155024528503e-02,8.147859945893287659e-03,8.971646428108215332e-02,1.464033126831054688e-01
7.788704633712768555e-01,1.768693700432777405e-02,6.026590615510940552e-02,2.019415609538555145e-02,5.023631826043128967e-02,7.274618744850158691e-02
7.414456605911254883e-01,1.404627040028572083e-02,6.390434503555297852e-02,2.741676568984985352e-02,4.617435112595558167e-02,1.070126965641975403e-01
7.534225583076477051e-01,1.416976749897003174e-02,5.877587571740150452e-02,3.034658543765544891e-02,3.569058328866958618e-02,1.075946837663650513e-01
7.121608853340148926e-01,1.559335086494684219e-02,4.999806359410285950e-02,2.779518254101276398e-02,5.165384337306022644e-02,1.427986025810241699e-01
6.538407206535339355e-01,1.941689290106296539e-02,3.260731697082519531e-02,7.970565930008888245e-03,1.130064427852630615e-01,1.731579750776290894e-01
6.178197264671325684e-01,3.583688661456108093e-02,3.975024074316024780e-02,6.978966761380434036e-03,1.513729840517044067e-01,1.482411324977874756e-01
6.309332847595214844e-01,2.470562793314456940e-02,8.343304693698883057e-02,1.050711423158645630e-02,1.619580388069152832e-01,8.846286684274673462e-02
6.335878968238830566e-01,3.242259100079536438e-02,1.331512629985809326e-01,1.638084836304187775e-02,1.202179118990898132e-01,6.423945724964141846e-02
6.672525405883789062e-01,3.177610039710998535e-02,9.603442996740341187e-02,2.111840620636940002e-02,7.904620468616485596e-02,1.047722548246383667e-01
5.960659384727478027e-01,4.194121435284614563e-02,1.168413832783699036e-01,2.651662193238735199e-02,1.130226179957389832e-01,1.056121513247489929e-01
6.718388795852661133e-01,2.871515043079853058e-02,4.961103200912475586e-02,1.408668141812086105e-02,8.291418105363845825e-02,1.528339982032775879e-01
6.284295320510864258e-01,4.427406564354896545e-02,3.400257602334022522e-02,1.133392099291086197e-02,8.424450457096099854e-02,1.977153718471527100e-01
7.106114029884338379e-01,2.620696835219860077e-02,5.465006455779075623e-02,1.145175099372863770e-02,7.054003328084945679e-02,1.265398412942886353e-01
7.436836361885070801e-01,1.782497577369213104e-02,5.637850239872932434e-02,1.811730861663818359e-02,3.855273127555847168e-02,1.254428625106811523e-01
7.391282320022583008e-01,2.048541046679019928e-02,5.152637138962745667e-02,1.993160136044025421e-02,3.896260261535644531e-02,1.299657523632049561e-01
6.946676373481750488e-01,3.207393363118171692e-02,4.768418520689010620e-02,1.853435114026069641e-02,4.620183631777763367e-02,1.608378887176513672e-01
7.111265659332275391e-01,2.092935517430305481e-02,2.754651382565498352e-02,1.091530080884695053e-02,7.193298637866973877e-02,1.575493216514587402e-01
6.154720783233642578e-01,1.429713051766157150e-02,2.717929519712924957e-02,8.333112113177776337e-03,1.158387586474418640e-01,2.188796252012252808e-01
6.161500215530395508e-01,1.153542846441268921e-02,3.737164288759231567e-02,6.657050922513008118e-03,1.667974144220352173e-01,1.614883542060852051e-01
5.207469463348388672e-01,7.425159681588411331e-03,3.875190019607543945e-02,4.183551296591758728e-03,2.604472935199737549e-01,1.684451997280120850e-01
4.618686437606811523e-01,6.082126870751380920e-03,3.626952692866325378e-02,3.613767446950078011e-03,3.384154438972473145e-01,1.537504643201828003e-01
5.446194410324096680e-01,5.087587051093578339e-03,3.507326543331146240e-02,4.391436930745840073e-03,2.295094132423400879e-01,1.813188046216964722e-01
6.117850542068481445e-01,6.795462686568498611e-03,5.964666232466697693e-02,9.166358038783073425e-03,1.671148091554641724e-01,1.454916447401046753e-01
6.818469762802124023e-01,3.718528430908918381e-03,7.344482839107513428e-02,1.873116381466388702e-02,9.594829380512237549e-02,1.263101845979690552e-01
6.078273653984069824e-01,3.275610040873289108e-03,1.182634234428405762e-01,3.878607600927352905e-02,9.644018858671188354e-02,1.354073286056518555e-01
5.825856328010559082e-01,3.055592766031622887e-03,8.445425331592559814e-02,4.197561368346214294e-02,7.809612154960632324e-02,2.098328024148941040e-01
4.753467738628387451e-01,2.549232216551899910e-03,8.036210387945175171e-02,4.736699536442756653e-02,6.045664846897125244e-02,3.339183032512664795e-01
4.231523275375366211e-01,1.310521038249135017e-03,4.175192117691040039e-02,5.049958452582359314e-02,2.002472616732120514e-02,4.632608890533447266e-01
4.293626546859741211e-01,1.067577744834125042e-03,2.157839760184288025e-02,2.420669049024581909e-02,1.289749052375555038e-02,5.108870863914489746e-01
5.464178919792175293e-01,2.640147926285862923e-03,2.937539666891098022e-02,2.224420942366123199e-02,3.139675036072731018e-02,3.679255843162536621e-01
5.814160704612731934e-01,3.746579401195049286e-03,4.114959761500358582e-02,2.118480391800403595e-02,5.119155347347259521e-02,3.013114929199218750e-01
6.315795779228210449e-01,1.248110737651586533e-02,4.966902732849121094e-02,1.427143905311822891e-02,9.963667392730712891e-02,1.923622786998748779e-01
5.615297555923461914e-01,1.848433539271354675e-02,5.064662545919418335e-02,7.309685461223125458e-03,1.821813583374023438e-01,1.798482388257980347e-01
5.858377218246459961e-01,4.253006353974342346e-02,6.418804824352264404e-02,7.347490172833204269e-03,1.731393188238143921e-01,1.269574016332626343e-01
5.982796549797058105e-01,5.321960151195526123e-02,3.911353275179862976e-02,6.212594918906688690e-03,1.523126214742660522e-01,1.508620083332061768e-01
6.463971734046936035e-01,4.824285209178924561e-02,3.441128134727478027e-02,7.751973811537027359e-03,9.785456955432891846e-02,1.653420627117156982e-01
6.736848354339599609e-01,2.331945672631263733e-02,3.845474496483802795e-02,1.335437409579753876e-02,5.009798333048820496e-02,2.010885030031204224e-01
7.471175789833068848e-01,1.460569724440574646e-02,4.752241447567939758e-02,3.078273311257362366e-02,2.270850539207458496e-02,1.372631490230560303e-01
6.581138968467712402e-01,7.687617093324661255e-03,3.637712076306343079e-02,1.966108940541744232e-02,2.622245624661445618e-02,2.519377470016479492e-01
6.670690178871154785e-01,7.468816358596086502e-03,5.377070978283882141e-02,2.545360662043094635e-02,3.179012984037399292e-02,2.144477963447570801e-01
6.738302111625671387e-01,9.177986532449722290e-03,5.969277769327163696e-02,1.238140929490327835e-02,8.146698772907257080e-02,1.634506583213806152e-01
6.103559136390686035e-01,9.426346980035305023e-03,5.112974718213081360e-02,7.239095866680145264e-03,1.594287157058715820e-01,1.624201089143753052e-01
5.910170674324035645e-01,8.806413039565086365e-03,5.908992886543273926e-02,7.959942333400249481e-03,1.760736107826232910e-01,1.570529192686080933e-01
6.859937310218811035e-01,8.464624173939228058e-03,1.074708104133605957e-01,1.223705243319272995e-02,9.748744219541549683e-02,8.834629505872726440e-02
6.497194170951843262e-01,9.001219645142555237e-03,1.285040527582168579e-01,1.111041754484176636e-02,1.339361369609832764e-01,6.772875785827636719e-02
6.775730252265930176e-01,8.812277577817440033e-03,1.600847840309143066e-01,1.844627410173416138e-02,7.347413897514343262e-02,6.160949915647506714e-02
6.760524511337280273e-01,4.587041679769754410e-03,1.072628200054168701e-01,1.933120563626289368e-02,5.770983546972274780e-02,1.350566446781158447e-01
6.270701885223388672e-01,5.432636942714452744e-03,8.813326805830001831e-02,1.794991642236709595e-02,8.109776675701141357e-02,1.803162544965744019e-01
5.259452462196350098e-01,4.591161385178565979e-03,3.103299625217914581e-02,1.266154274344444275e-02,4.986297339200973511e-02,3.759061694145202637e-01
5.171155333518981934e-01,7.031750865280628204e-03,2.916066348552703857e-02,9.290599264204502106e-03,6.675202399492263794e-02,3.706494867801666260e-01
6.202862858772277832e-01,1.758619397878646851e-02,4.873112961649894714e-02,9.070580825209617615e-03,1.428975015878677368e-01,1.614283025264739990e-01
5.707162618637084961e-01,2.589312754571437836e-02,6.557311862707138062e-02,5.829063244163990021e-03,2.160632610321044922e-01,1.159251928329467773e-01
6.164886355400085449e-01,1.755542680621147156e-02,1.259552985429763794e-01,9.141582064330577850e-03,1.729696244001388550e-01,5.788950622081756592e-02
5.194129347801208496e-01,2.147854119539260864e-02,2.472223937511444092e-01,1.167188305407762527e-02,1.665927171707153320e-01,3.362157940864562988e-02
4.894750714302062988e-01,1.878210157155990601e-02,3.400184214115142822e-01,1.813666336238384247e-02,1.058480143547058105e-01,2.773969434201717377e-02
5.053457617759704590e-01,1.381351333111524582e-02,3.087872564792633057e-01,1.742682605981826782e-02,1.219012290239334106e-01,3.272531554102897644e-02
5.415691137313842773e-01,2.763235941529273987e-02,2.184594869613647461e-01,1.435007993131875992e-02,1.551397442817687988e-01,4.284922033548355103e-02
6.007260084152221680e-01,2.730430662631988525e-02,1.157815605401992798e-01,9.465426206588745117e-03,1.730159819126129150e-01,7.370672374963760376e-02
5.645700693130493164e-01,1.594629883766174316e-02,3.780024126172065735e-02,5.445549264550209045e-03,1.782943457365036011e-01,1.979435384273529053e-01
6.148604154586791992e-01,1.078466884791851044e-02,3.671946376562118530e-02,9.058002382516860962e-03,9.989481419324874878e-02,2.286825925111770630e-01
5.535034537315368652e-01,5.157878622412681580e-03,3.276384249329566956e-02,1.041744276881217957e-02,6.638441234827041626e-02,3.317729532718658447e-01
5.614372491836547852e-01,5.991094280034303665e-03,9.052637219429016113e-02,1.486581284552812576e-02,9.166742861270904541e-02,2.355120182037353516e-01
5.321170091629028320e-01,6.528144702315330505e-03,9.406135976314544678e-02,2.020798064768314362e-02,6.778682023286819458e-02,2.792985439300537109e-01
5.866639614105224609e-01,1.299362909048795700e-02,1.403074562549591064e-01,1.676839217543601990e-02,1.018000245094299316e-01,1.414665281772613525e-01
5.505794286727905273e-01,2.278250269591808319e-02,1.470258831977844238e-01,7.885253056883811951e-03,1.971894353628158569e-01,7.453760504722595215e-02
6.041117906570434570e-01,1.465408224612474442e-02,8.026690781116485596e-02,5.153934005647897720e-03,1.616586744785308838e-01,1.341546922922134399e-01
6.477465629577636719e-01,1.892139948904514313e-02,7.443030923604965210e-02,6.129054352641105652e-03,1.334107667207717896e-01,1.193619221448898315e-01
6.489345431327819824e-01,1.962966099381446838e-02,8.308573812246322632e-02,1.153564453125000000e-02,8.130238205194473267e-02,1.555119901895523071e-01
6.779737472534179688e-01,3.061775676906108856e-02,7.078162580728530884e-02,1.051675714552402496e-02,7.208041846752166748e-02,1.380297392606735229e-01
6.728342175483703613e-01,3.967069089412689209e-02,1.042136475443840027e-01,1.050608884543180466e-02,1.058699041604995728e-01,6.690539419651031494e-02
6.817025542259216309e-01,3.149776160717010498e-02,1.470458060503005981e-01,1.177779212594032288e-02,8.027682453393936157e-02,4.769928380846977234e-02
6.267203092575073242e-01,4.017048329114913940e-02,2.070875316858291626e-01,1.481219939887523651e-02,7.189752906560897827e-02,3.931207582354545593e-02
6.695839762687683105e-01,4.077926278114318848e-02,1.578512787818908691e-01,1.471938099712133408e-02,6.341844052076339722e-02,5.364770442247390747e-02
6.669089794158935547e-01,2.632731385529041290e-02,1.279016733169555664e-01,1.714747212827205658e-02,5.096431076526641846e-02,1.107502356171607971e-01
6.279641985893249512e-01,2.664809487760066986e-02,7.299179583787918091e-02,1.362236496061086655e-02,6.291306763887405396e-02,1.958604753017425537e-01
6.310497522354125977e-01,1.818171143531799316e-02,8.138682693243026733e-02,1.284392736852169037e-02,7.704082131385803223e-02,1.794970035552978516e-01
6.562854051589965820e-01,1.283570192754268646e-02,6.541976332664489746e-02,1.137026119977235794e-02,7.060552388429641724e-02,1.834834069013595581e-01
6.606506705284118652e-01,9.944153018295764923e-03,5.358426272869110107e-02,9.078611619770526886e-03,8.626273274421691895e-02,1.804795265197753906e-01
5.990790724754333496e-01,7.661858573555946350e-03,5.832143872976303101e-02,8.228782564401626587e-03,1.276085376739501953e-01,1.991003006696701050e-01
5.613777637481689453e-01,5.186417140066623688e-03,4.041079431772232056e-02,7.233271375298500061e-03,1.358338892459869385e-01,2.499579191207885742e-01
5.175220966339111328e-01,5.264010280370712280e-03,3.830224275588989258e-02,6.262874230742454529e-03,1.549700945615768433e-01,2.776786386966705322e-01
5.464112162590026855e-01,6.988815031945705414e-03,9.856978803873062134e-02,1.126658543944358826e-02,1.788510084152221680e-01,1.579124629497528076e-01
6.346525549888610840e-01,4.697501659393310547e-03,1.154736503958702087e-01,2.042065374553203583e-02,8.123933523893356323e-02,1.435163468122482300e-01
6.870309114456176758e-01,7.574274204671382904e-03,1.258014738559722900e-01,1.761279813945293427e-02,8.841692656278610229e-02,7.356367260217666626e-02
6.201738119125366211e-01,5.824832245707511902e-03,1.063813194632530212e-01,1.323616690933704376e-02,1.539295017719268799e-01,1.004544422030448914e-01
6.603080034255981445e-01,3.749820170924067497e-03,5.327899754047393799e-02,8.635914884507656097e-03,1.367466598749160767e-01,1.372806876897811890e-01
5.699663162231445312e-01,4.638320766389369965e-03,3.903175517916679382e-02,6.127057597041130066e-03,1.790632605552673340e-01,2.011732608079910278e-01
5.858161449432373047e-01,3.260444151237607002e-03,3.572802990674972534e-02,4.687114153057336807e-03,1.822604537010192871e-01,1.882479041814804077e-01
6.102453470230102539e-01,3.184198401868343353e-03,4.123093187808990479e-02,6.144065875560045242e-03,1.286740154027938843e-01,2.105215340852737427e-01
5.695514082908630371e-01,2.985566388815641403e-03,2.704600244760513306e-02,6.308331619948148727e-03,1.258943080902099609e-01,2.682143151760101318e-01
5.487728714942932129e-01,2.078067511320114136e-03,3.250261768698692322e-02,1.161678973585367203e-02,7.475220412015914917e-02,3.302773535251617432e-01
5.500556230545043945e-01,2.702240832149982452e-03,3.601875901222229004e-02,9.257713332772254944e-03,1.090705916285514832e-01,2.928950488567352295e-01
6.375604867935180664e-01,4.749346990138292313e-03,4.831242561340332031e-02,7.787046022713184357e-03,1.084555834531784058e-01,1.931351125240325928e-01
6.331537961959838867e-01,1.219746377319097519e-02,6.410291045904159546e-02,6.060197018086910248e-03,1.979828774929046631e-01,8.650274574756622314e-02
5.164849162101745605e-01,2.505498938262462616e-02,5.726988613605499268e-02,2.739733783528208733e-03,3.457741439342498779e-01,5.267636850476264954e-02
4.548908770084381104e-01,2.323132567107677460e-02,4.416301846504211426e-02,2.150049665942788124e-03,4.339970350265502930e-01,4.156762361526489258e-02
4.259060323238372803e-01,2.936253324151039124e-02,4.177060723304748535e-02,1.911430037580430508e-03,4.475640058517456055e-01,5.348530784249305725e-02
4.391566216945648193e-01,3.371868655085563660e-02,3.432584553956985474e-02,2.147812163457274437e-03,4.263437688350677490e-01,6.430725753307342529e-02
5.857172012329101562e-01,2.480083890259265900e-02,2.942087873816490173e-02,2.945779124274849892e-03,2.591284215450286865e-01,9.798684716224670410e-02
6.240955591201782227e-01,2.401160448789596558e-02,3.298525884747505188e-02,4.793419037014245987e-03,1.549823880195617676e-01,1.591318249702453613e-01
6.863636970520019531e-01,2.374375611543655396e-02,3.700617328286170959e-02,5.434556398540735245e-03,1.331512033939361572e-01,1.143006533384323120e-01
7.015876173973083496e-01,2.329302206635475159e-02,8.263653516769409180e-02,9.927002713084220886e-03,1.135527119040489197e-01,6.900313496589660645e-02
7.437084317207336426e-01,9.510836564004421234e-03,7.467073202133178711e-02,1.407307386398315430e-02,7.336477935314178467e-02,8.467215299606323242e-02
6.516582369804382324e-01,1.281163748353719711e-02,9.970545768737792969e-02,1.407389808446168900e-02,9.952461719512939453e-02,1.222261562943458557e-01
6.955799460411071777e-01,1.075000874698162079e-02,8.474512398242950439e-02,1.878203637897968292e-02,8.593410998582839966e-02,1.042087078094482422e-01
6.185358762741088867e-01,7.754759863018989563e-03,6.526360660791397095e-02,1.144339982420206070e-02,1.163060888648033142e-01,1.806961745023727417e-01
5.815848112106323242e-01,7.277828641235828400e-03,4.725937917828559875e-02,7.946345955133438110e-03,1.051605790853500366e-01,2.507711052894592285e-01
5.429608821868896484e-01,7.663276046514511108e-03,6.825186312198638916e-02,7.232725154608488083e-03,1.904116570949554443e-01,1.834795624017715454e-01
5.134431719779968262e-01,7.968669757246971130e-03,6.886880099773406982e-02,6.439961493015289307e-03,1.726074665784835815e-01,2.306718677282333374e-01
5.202461481094360352e-01,9.436855092644691467e-03,1.276677399873733521e-01,8.786600083112716675e-03,1.858388781547546387e-01,1.480237543582916260e-01
4.196814596652984619e-01,9.840426966547966003e-03,1.092438101768493652e-01,4.891755059361457825e-03,3.208767771720886230e-01,1.354657262563705444e-01
4.360090196132659912e-01,7.708253338932991028e-03,1.771870404481887817e-01,7.496367674320936203e-03,2.612659931182861328e-01,1.103332117199897766e-01
5.049892067909240723e-01,8.099761791527271271e-03,1.579445153474807739e-01,8.633856661617755890e-03,2.393634468317031860e-01,8.096922934055328369e-02
5.694421529769897461e-01,1.374146435409784317e-02,7.656794041395187378e-02,5.040142219513654709e-03,2.433631420135498047e-01,9.184518456459045410e-02
6.128077507019042969e-01,3.454031422734260559e-02,6.825175881385803223e-02,4.304099828004837036e-03,2.228961735963821411e-01,5.719987303018569946e-02
6.423385143280029297e-01,2.974218875169754028e-02,6.386297941207885742e-02,7.118743844330310822e-03,1.743800044059753418e-01,8.255757391452789307e-02
5.572211146354675293e-01,4.569068923592567444e-02,6.346020102500915527e-02,5.268872715532779694e-03,2.408545911312103271e-01,8.750457316637039185e-02
4.943854510784149170e-01,3.045452944934368134e-02,5.158826708793640137e-02,4.400393459945917130e-03,3.251501619815826416e-01,9.402111917734146118e-02
4.324965178966522217e-01,2.125671692192554474e-02,4.356709495186805725e-02,2.912445226684212685e-03,3.933249115943908691e-01,1.064422875642776489e-01
4.084240198135375977e-01,3.437536209821701050e-02,4.493468999862670898e-02,2.743722638115286827e-03,4.114715158939361572e-01,9.805072098970413208e-02
4.955600798130035400e-01,4.552283510565757751e-02,5.265797674655914307e-02,3.507407614961266518e-03,3.211250007152557373e-01,8.162673562765121460e-02
4.722801148891448975e-01,8.426416665315628052e-02,5.359581857919692993e-02,3.259116318076848984e-03,3.219176232814788818e-01,6.468326598405838013e-02
5.769866704940795898e-01,7.841213047504425049e-02,6.064927205443382263e-02,4.238038323819637299e-03,2.189153879880905151e-01,6.079845130443572998e-02
4.823566675186157227e-01,9.617038071155548096e-02,5.820682272315025330e-02,3.871378023177385330e-03,2.757970094680786133e-01,8.359771966934204102e-02
4.952431619167327881e-01,1.452249288558959961e-01,5.688087642192840576e-02,4.033640492707490921e-03,2.364450246095657349e-01,6.217234954237937927e-02
4.979009926319122314e-01,8.166661113500595093e-02,4.154741019010543823e-02,4.473196808248758316e-03,2.542035281658172607e-01,1.202083155512809753e-01
5.415934920310974121e-01,4.709415510296821594e-02,3.586158528923988342e-02,3.918079659342765808e-03,2.136718481779098511e-01,1.578608304262161255e-01
6.522897481918334961e-01,4.931004717946052551e-02,4.160885885357856750e-02,4.163584671914577484e-03,1.642745733261108398e-01,8.835321664810180664e-02
6.560813784599304199e-01,3.761935606598854065e-02,3.970487788319587708e-02,4.521248862147331238e-03,1.336252987384796143e-01,1.284478455781936646e-01
6.406309008598327637e-01,3.996452689170837402e-02,4.122981056571006775e-02,5.832314491271972656e-03,1.149858683347702026e-01,1.573566198348999023e-01
6.163535118103027344e-01,5.377907678484916687e-02,4.159486666321754456e-02,9.663064032793045044e-03,8.572205901145935059e-02,1.928873956203460693e-01
5.682129263877868652e-01,4.963647201657295227e-02,4.168198257684707642e-02,7.710207719355821609e-03,1.284347623586654663e-01,2.043236494064331055e-01
5.828772187232971191e-01,4.419144243001937866e-02,4.904900863766670227e-02,9.459853172302246094e-03,1.172776818275451660e-01,1.971447467803955078e-01
5.643510222434997559e-01,5.756506323814392090e-02,4.656903073191642761e-02,7.608939427882432938e-03,1.607441604137420654e-01,1.631616950035095215e-01
5.641103386878967285e-01,4.766819626092910767e-02,5.893924087285995483e-02,7.785196881741285324e-03,1.510147303342819214e-01,1.704824268817901611e-01
5.973081588745117188e-01,3.404474258422851562e-02,4.146447405219078064e-02,7.190318312495946884e-03,1.551811844110488892e-01,1.648111492395401001e-01
6.381821632385253906e-01,3.180095925927162170e-02,4.691682755947113037e-02,8.149071596562862396e-03,1.246832609176635742e-01,1.502677053213119507e-01
6.026302576065063477e-01,1.130241062492132187e-02,3.722555190324783325e-02,4.537967965006828308e-03,1.512829959392547607e-01,1.930208802223205566e-01
5.526632070541381836e-01,1.070025842636823654e-02,3.163922950625419617e-02,4.147712141275405884e-03,1.739210784435272217e-01,2.269285172224044800e-01
5.163391232490539551e-01,1.078675128519535065e-02,3.083148039877414703e-02,4.277234897017478943e-03,1.877969503402709961e-01,2.499684989452362061e-01
5.253818631172180176e-01,8.221842348575592041e-03,2.099835313856601715e-02,6.000895984470844269e-03,6.290060281753540039e-02,3.764964938163757324e-01
5.346037149429321289e-01,8.899590931832790375e-03,1.904730871319770813e-02,7.627629209309816360e-03,4.327955096960067749e-02,3.865422308444976807e-01
6.666439175605773926e-01,1.223554275929927826e-02,2.651377208530902863e-02,1.189935207366943359e-02,4.137805104255676270e-02,2.413292974233627319e-01
7.217862606048583984e-01,1.336235925555229187e-02,4.934920370578765869e-02,1.220411900430917740e-02,5.404928699135780334e-02,1.492488682270050049e-01
7.151214480400085449e-01,2.118847332894802094e-02,6.424517929553985596e-02,9.910134598612785339e-03,9.556882083415985107e-02,9.396582096815109253e-02
6.426940560340881348e-01,1.712549291551113129e-02,6.069229543209075928e-02,7.236223202198743820e-03,1.641394346952438354e-01,1.081125438213348389e-01
6.434484124183654785e-01,1.431911345571279526e-02,9.486088156700134277e-02,1.419353298842906952e-02,1.463148891925811768e-01,8.686315268278121948e-02
6.869804263114929199e-01,1.365401037037372589e-02,5.150701105594635010e-02,1.140409335494041443e-02,9.136525541543960571e-02,1.450891196727752686e-01
6.499655842781066895e-01,1.923601888120174408e-02,6.660141050815582275e-02,1.950980536639690399e-02,7.981511205434799194e-02,1.648721396923065186e-01
6.670786738395690918e-01,2.577387169003486633e-02,7.282945513725280762e-02,2.316798642277717590e-02,6.385165452957153320e-02,1.472982317209243774e-01
7.003910541534423828e-01,3.312392532825469971e-02,5.565715208649635315e-02,1.126212254166603088e-02,6.739194691181182861e-02,1.321737766265869141e-01
7.067496180534362793e-01,3.606944903731346130e-02,5.706615746021270752e-02,1.164019666612148285e-02,6.380677223205566406e-02,1.246678382158279419e-01
7.683160305023193359e-01,1.794631965458393097e-02,5.539111420512199402e-02,1.459603942930698395e-02,4.885439947247505188e-02,9.489607810974121094e-02
8.078151941299438477e-01,1.088646333664655685e-02,6.005094945430755615e-02,1.642825454473495483e-02,4.657028242945671082e-02,5.824894085526466370e-02
7.534962892532348633e-01,1.166427507996559143e-02,7.263747602701187134e-02,1.940283179283142090e-02,5.357230827212333679e-02,8.922674506902694702e-02
7.390853166580200195e-01,1.711664907634258270e-02,6.559317559003829956e-02,1.654494367539882660e-02,8.484566956758499146e-02,7.681422680616378784e-02
6.790611743927001953e-01,1.846597902476787567e-02,1.281058341264724731e-01,1.702746562659740448e-02,1.124278828501701355e-01,4.491158947348594666e-02
5.594394803047180176e-01,2.159250527620315552e-02,7.519743591547012329e-02,8.251390419900417328e-03,2.572109699249267578e-01,7.830822467803955078e-02
5.314142107963562012e-01,9.527717716991901398e-03,5.523276701569557190e-02,6.035999394953250885e-03,3.296403586864471436e-01,6.814891099929809570e-02
6.059243083000183105e-01,6.912122480571269989e-03,6.686134636402130127e-02,9.597923606634140015e-03,2.349626570940017700e-01,7.574151456356048584e-02
6.783544421195983887e-01,6.566821597516536713e-03,5.281916260719299316e-02,1.622509770095348358e-02,1.092346757650375366e-01,1.367998868227005005e-01
7.013651132583618164e-01,5.043287761509418488e-03,4.495007544755935669e-02,1.898846589028835297e-02,5.616661161184310913e-02,1.734864115715026855e-01
7.530741095542907715e-01,1.172997150570154190e-02,5.916013568639755249e-02,1.304297521710395813e-02,6.354524940252304077e-02,9.944748133420944214e-02
6.978461146354675293e-01,1.489970739930868149e-02,4.230173677206039429e-02,8.379745297133922577e-03,6.627653539180755615e-02,1.702961176633834839e-01
7.545496225357055664e-01,1.218373142182826996e-02,4.375141486525535583e-02,7.174286525696516037e-03,5.389918759465217590e-02,1.284417957067489624e-01
7.387528419494628906e-01,1.636819168925285339e-02,7.019647210836410522e-02,7.700418587774038315e-03,7.536036521196365356e-02,9.162169694900512695e-02
7.050255537033081055e-01,1.059844344854354858e-02,6.459783017635345459e-02,9.220205247402191162e-03,7.947816699743270874e-02,1.310798078775405884e-01
6.250211596488952637e-01,9.086149744689464569e-03,7.115364819765090942e-02,7.334189489483833313e-03,1.785520166158676147e-01,1.088527813553810120e-01
4.921393692493438721e-01,6.568500772118568420e-03,1.032522693276405334e-01,1.542324572801589966e-02,2.105379253625869751e-01,1.720787137746810913e-01
4.658575654029846191e-01,9.254712611436843872e-03,6.895546615123748779e-02,1.670562662184238434e-02,2.380370497703552246e-01,2.011896073818206787e-01
4.689165651798248291e-01,1.416652277112007141e-02,6.974810361862182617e-02,1.461572572588920593e-02,2.893337607383728027e-01,1.432192772626876831e-01
5.446893572807312012e-01,2.034652978181838989e-02,7.170016318559646606e-02,2.184234000742435455e-02,1.609119176864624023e-01,1.805097460746765137e-01
5.689242482185363770e-01,5.659372359514236450e-02,4.338327795267105103e-02,7.851561531424522400e-03,1.812878847122192383e-01,1.419592648744583130e-01
6.611647605895996094e-01,8.272063732147216797e-02,4.613456130027770996e-02,1.292138732969760895e-02,9.018154442310333252e-02,1.068770587444305420e-01
6.846847534179687500e-01,4.205428808927536011e-02,3.801919892430305481e-02,1.473792549222707748e-02,6.314761936664581299e-02,1.573561728000640869e-01
6.622486710548400879e-01,7.585693895816802979e-02,4.584157094359397888e-02,1.500013936311006546e-02,8.031982928514480591e-02,1.207327023148536682e-01
6.114841103553771973e-01,5.399968102574348450e-02,1.034649237990379333e-01,1.710973307490348816e-02,1.005160585045814514e-01,1.134255677461624146e-01
6.408525109291076660e-01,1.853337325155735016e-02,1.059985831379890442e-01,2.642344124615192413e-02,8.243052661418914795e-02,1.257616579532623291e-01
6.372684240341186523e-01,1.896608062088489532e-02,1.129531711339950562e-01,1.647220365703105927e-02,1.172332018613815308e-01,9.710679203271865845e-02
6.623575091361999512e-01,9.468110278248786926e-03,1.346021592617034912e-01,2.970853075385093689e-02,6.743519753217697144e-02,9.642855823040008545e-02
7.295371294021606445e-01,3.295350819826126099e-03,4.450690001249313354e-02,1.929698139429092407e-02,6.203843653202056885e-02,1.413252502679824829e-01
6.830392479896545410e-01,3.196745645254850388e-03,3.770195692777633667e-02,7.659056223928928375e-03,1.297713220119476318e-01,1.386316865682601929e-01
6.593020558357238770e-01,3.573735710233449936e-03,3.109832666814327240e-02,8.859850466251373291e-03,1.064808443188667297e-01,1.906852126121520996e-01
6.444628238677978516e-01,4.000423476099967957e-03,2.999701909720897675e-02,6.563913542777299881e-03,1.613957881927490234e-01,1.535800248384475708e-01
5.663859844207763672e-01,4.396292380988597870e-03,2.410812675952911377e-02,4.422576632350683212e-03,2.084987461566925049e-01,1.921882480382919312e-01
5.530443787574768066e-01,7.042380515486001968e-03,4.074724018573760986e-02,1.139362994581460953e-02,1.172899678349494934e-01,2.704823613166809082e-01
5.826420783996582031e-01,5.457328166812658310e-03,6.322746723890304565e-02,1.267883088439702988e-02,1.354408562183380127e-01,2.005534172058105469e-01
6.056399345397949219e-01,9.573553688824176788e-03,5.366029217839241028e-02,1.407844759523868561e-02,8.211473375558853149e-02,2.349329739809036255e-01
6.406320929527282715e-01,6.006848067045211792e-03,6.388893723487854004e-02,1.796728000044822693e-02,4.087440669536590576e-02,2.306304574012756348e-01
7.576443552970886230e-01,8.497311733663082123e-03,6.272409856319427490e-02,1.397218555212020874e-02,3.189040347933769226e-02,1.252716481685638428e-01
6.394900679588317871e-01,5.903603509068489075e-03,3.568669781088829041e-02,1.432447135448455811e-02,2.492480166256427765e-02,2.796703875064849854e-01
6.254233717918395996e-01,5.447823088616132736e-03,3.686886653304100037e-02,1.139486301690340042e-02,4.972745478153228760e-02,2.711375355720520020e-01
5.856344699859619141e-01,5.377934314310550690e-03,3.659778088331222534e-02,1.123468298465013504e-02,6.007765233516693115e-02,3.010775446891784668e-01
6.200336217880249023e-01,7.098848931491374969e-03,3.553410246968269348e-02,1.188525743782520294e-02,6.859040260314941406e-02,2.568577229976654053e-01
6.124736666679382324e-01,9.134843014180660248e-03,4.058827459812164307e-02,1.408495195209980011e-02,7.366129755973815918e-02,2.500571012496948242e-01
5.494787693023681641e-01,9.456225670874118805e-03,4.176335781812667847e-02,1.177264377474784851e-02,6.612641364336013794e-02,3.214025199413299561e-01
5.754623413085937500e-01,1.405545137822628021e-02,5.168860405683517456e-02,1.077172532677650452e-02,8.649633824825286865e-02,2.615254819393157959e-01
5.158978104591369629e-01,1.532552205026149750e-02,7.914621382951736450e-02,7.655075751245021820e-03,2.020353376865386963e-01,1.799400746822357178e-01
6.007111668586730957e-01,1.412329077720642090e-02,1.077492609620094299e-01,1.114202197641134262e-02,1.556496173143386841e-01,1.106247827410697937e-01
6.465311050415039062e-01,8.854228071868419647e-03,1.046739369630813599e-01,8.369470946490764618e-03,1.724909991025924683e-01,5.908025428652763367e-02
6.587753295898437500e-01,1.183945778757333755e-02,8.168041706085205078e-02,7.903539575636386871e-03,1.646165400743484497e-01,7.518472522497177124e-02
7.092744112014770508e-01,1.027214061468839645e-02,5.480539053678512573e-02,1.093672309070825577e-02,1.109857261180877686e-01,1.037256419658660889e-01
7.179025411605834961e-01,9.127815254032611847e-03,6.438187509775161743e-02,1.533207297325134277e-02,7.795279473066329956e-02,1.153029426932334900e-01
6.718694567680358887e-01,7.962949573993682861e-03,4.862849041819572449e-02,2.202604338526725769e-02,4.174466431140899658e-02,2.077683657407760620e-01
6.673229932785034180e-01,1.479097083210945129e-02,7.948257774114608765e-02,1.237895805388689041e-02,9.932792186737060547e-02,1.266966164112091064e-01
6.845408082008361816e-01,1.333359070122241974e-02,7.727489620447158813e-02,1.290184631943702698e-02,1.056882590055465698e-01,1.062605455517768860e-01
6.212914586067199707e-01,1.457531191408634186e-02,7.032358646392822266e-02,6.923089269548654556e-03,1.691522151231765747e-01,1.177343279123306274e-01
6.402812004089355469e-01,1.706001162528991699e-02,1.073006168007850647e-01,9.678127244114875793e-03,1.363180577754974365e-01,8.936209231615066528e-02
5.875378251075744629e-01,2.545711025595664978e-02,2.325082272291183472e-01,2.974937111139297485e-02,6.336228549480438232e-02,6.138528510928153992e-02
5.425297617912292480e-01,1.832125335931777954e-02,2.744454145431518555e-01,3.926315903663635254e-02,6.085926666855812073e-02,6.458112597465515137e-02
4.724373519420623779e-01,1.549857668578624725e-02,3.629998564720153809e-01,4.789625108242034912e-02,4.595169425010681152e-02,5.521631240844726562e-02
5.179756283760070801e-01,1.338502019643783569e-02,2.846768498420715332e-01,2.977411076426506042e-02,1.061220541596412659e-01,4.806638881564140320e-02
5.124022960662841797e-01,1.293553970754146576e-02,2.014101445674896240e-01,1.292482390999794006e-02,2.102438360452651978e-01,5.008343979716300964e-02
5.076519846916198730e-01,1.386017259210348129e-02,2.069159001111984253e-01,8.521823212504386902e-03,2.392179071903228760e-01,2.383222989737987518e-02
4.974215626716613770e-01,1.864565163850784302e-02,2.734068334102630615e-01,1.121446210891008377e-02,1.880148798227310181e-01,1.129655633121728897e-02
5.789008140563964844e-01,1.553275249898433685e-02,2.832601666450500488e-01,7.267718017101287842e-02,3.234678134322166443e-02,1.728229038417339325e-02
5.359307527542114258e-01,1.088644284754991531e-02,2.169438749551773071e-01,2.012366801500320435e-01,9.136036969721317291e-03,2.586615644395351410e-02
3.706255853176116943e-01,5.846313666552305222e-03,2.224918603897094727e-01,3.711316287517547607e-01,5.844867788255214691e-03,2.405978180468082428e-02
3.582854866981506348e-01,4.495972767472267151e-03,2.724171280860900879e-01,3.312532603740692139e-01,5.042845848947763443e-03,2.850527502596378326e-02
3.724970817565917969e-01,6.813799031078815460e-03,3.888900578022003174e-01,1.998511105775833130e-01,1.082670222967863083e-02,2.112128958106040955e-02
4.008581638336181641e-01,6.702924147248268127e-03,4.520443677902221680e-01,7.770311087369918823e-02,3.840469196438789368e-02,2.428668923676013947e-02
5.382351279258728027e-01,1.034772768616676331e-02,3.250905871391296387e-01,4.457025602459907532e-02,5.784995853900909424e-02,2.390632592141628265e-02
5.111261606216430664e-01,1.241147611290216446e-02,3.380481302738189697e-01,2.438910491764545441e-02,8.742298185825347900e-02,2.660221606492996216e-02
5.784695148468017578e-01,1.426848582923412323e-02,1.842848956584930420e-01,9.612509049475193024e-03,1.756132096052169800e-01,3.775135800242424011e-02
4.724733829498291016e-01,1.890569366514682770e-02,1.351823657751083374e-01,9.991290047764778137e-03,2.695385813713073730e-01,9.390873461961746216e-02
5.120873451232910156e-01,2.738086506724357605e-02,1.501105129718780518e-01,1.338558644056320190e-02,1.991500854492187500e-01,9.788553416728973389e-02
4.888294637203216553e-01,7.004217058420181274e-02,7.310356944799423218e-02,9.773482568562030792e-03,2.418100088834762573e-01,1.164412349462509155e-01
4.861639440059661865e-01,9.791507571935653687e-02,4.274456202983856201e-02,5.241002887487411499e-03,2.557776570320129395e-01,1.121578365564346313e-01
5.971372723579406738e-01,7.295031845569610596e-02,3.819745033979415894e-02,7.233220618218183517e-03,1.223159134387969971e-01,1.621658056974411011e-01
6.078619360923767090e-01,4.308943450450897217e-02,6.790743768215179443e-02,8.567682467401027679e-03,1.353557407855987549e-01,1.372176706790924072e-01
5.744593143463134766e-01,1.565726846456527710e-02,4.256277531385421753e-02,8.781460113823413849e-03,8.109673857688903809e-02,2.774425148963928223e-01
5.663706660270690918e-01,9.226078167557716370e-03,4.084309563040733337e-02,7.628447376191616058e-03,8.685790747404098511e-02,2.890737950801849365e-01
5.468120574951171875e-01,1.120388507843017578e-02,4.344575107097625732e-02,8.491713553667068481e-03,1.559282094240188599e-01,2.341183274984359741e-01
5.670194625854492188e-01,1.274222508072853088e-02,6.209740415215492249e-02,9.853673167526721954e-03,1.667710840702056885e-01,1.815162748098373413e-01
6.886526346206665039e-01,1.347333565354347229e-02,8.839635550975799561e-02,1.367300562560558319e-02,1.106366291642189026e-01,8.516801148653030396e-02
7.240645885467529297e-01,1.129716914147138596e-02,1.040450930595397949e-01,2.100859023630619049e-02,6.690071523189544678e-02,7.268384844064712524e-02
7.072828412055969238e-01,1.657009311020374298e-02,1.312777996063232422e-01,1.795027032494544983e-02,7.132537662982940674e-02,5.559352040290832520e-02
7.116786837577819824e-01,1.146562583744525909e-02,6.665451079607009888e-02,1.459832116961479187e-02,8.175789564847946167e-02,1.138449683785438538e-01
6.755139827728271484e-01,6.261637434363365173e-03,4.078967124223709106e-02,2.530423551797866821e-02,4.268372058868408203e-02,2.094466984272003174e-01
6.298586130142211914e-01,4.988827276974916458e-03,3.540341183543205261e-02,2.162119187414646149e-02,5.256736278533935547e-02,2.555606365203857422e-01
6.164106726646423340e-01,2.959630219265818596e-03,4.737292230129241943e-02,6.664235144853591919e-02,1.982676610350608826e-02,2.467876970767974854e-01
6.823438405990600586e-01,2.734039677307009697e-03,5.329380556941032410e-02,8.595659583806991577e-02,1.165640540421009064e-02,1.640153527259826660e-01
6.655994057655334473e-01,3.272065427154302597e-03,8.762554079294204712e-02,1.346703320741653442e-01,9.426284581422805786e-03,9.940643608570098877e-02
7.474376559257507324e-01,4.826722200959920883e-03,8.623006194829940796e-02,5.905051901936531067e-02,1.971720904111862183e-02,8.273784816265106201e-02
6.295216083526611328e-01,7.108921185135841370e-03,2.347797155380249023e-01,6.293509155511856079e-02,2.893564477562904358e-02,3.671903908252716064e-02
5.558270215988159180e-01,5.697155836969614029e-03,2.655950784683227539e-01,1.119233593344688416e-01,2.296643145382404327e-02,3.799087181687355042e-02
6.137855648994445801e-01,8.850683458149433136e-03,2.252845317125320435e-01,1.029351279139518738e-01,2.216823212802410126e-02,2.697595208883285522e-02
6.541333794593811035e-01,5.571335554122924805e-03,1.869276016950607300e-01,8.044454455375671387e-02,1.989766955375671387e-02,5.302538350224494934e-02
6.175010800361633301e-01,7.227406371384859085e-03,2.116005271673202515e-01,9.297750890254974365e-02,2.204009331762790680e-02,4.865324869751930237e-02
6.275722980499267578e-01,6.761327385902404785e-03,1.840611547231674194e-01,8.764988929033279419e-02,1.894624717533588409e-02,7.500904798507690430e-02
6.327970027923583984e-01,4.864939488470554352e-03,1.828816682100296021e-01,7.615625113248825073e-02,1.832502521574497223e-02,8.497507125139236450e-02
5.905117392539978027e-01,6.367441266775131226e-03,2.622841894626617432e-01,5.253892391920089722e-02,2.892008237540721893e-02,5.937760323286056519e-02
7.165923118591308594e-01,4.425246734172105789e-03,9.972199797630310059e-02,3.281436860561370850e-02,2.563109435141086578e-02,1.208149567246437073e-01
7.365008592605590820e-01,3.027996979653835297e-03,5.405173823237419128e-02,2.401088364422321320e-02,2.749333716928958893e-02,1.549152582883834839e-01
7.008377909660339355e-01,4.970980342477560043e-03,8.788364380598068237e-02,2.527412027120590210e-02,4.101311415433883667e-02,1.400204002857208252e-01
6.995828151702880859e-01,5.063232034444808960e-03,6.002911180257797241e-02,1.489170361310243607e-02,3.372206166386604309e-02,1.867109835147857666e-01
7.086469531059265137e-01,9.251307696104049683e-03,1.257694363594055176e-01,2.059960737824440002e-02,4.119350761175155640e-02,9.453923255205154419e-02
5.633167028427124023e-01,1.194914989173412323e-02,3.225575685501098633e-01,3.365220874547958374e-02,2.932507544755935669e-02,3.919926285743713379e-02
6.006487011909484863e-01,1.191330794245004654e-02,2.974146604537963867e-01,2.868888340890407562e-02,3.164013102650642395e-02,2.969439327716827393e-02
5.714725852012634277e-01,1.727595366537570953e-02,2.945263087749481201e-01,2.228986658155918121e-02,6.855016201734542847e-02,2.588513121008872986e-02
6.406719684600830078e-01,1.444286946207284927e-02,1.745958328247070312e-01,1.486954744905233383e-02,1.063958704471588135e-01,4.902396351099014282e-02
6.343649029731750488e-01,8.316447027027606964e-03,1.177341416478157043e-01,1.041917689144611359e-02,1.323372274637222290e-01,9.682805836200714111e-02
5.714576244354248047e-01,1.132915075868368149e-02,1.083375439047813416e-01,8.074576035141944885e-03,2.095733284950256348e-01,9.122777730226516724e-02
5.599129796028137207e-01,5.640429444611072540e-03,1.031792163848876953e-01,5.819661542773246765e-03,2.397835403680801392e-01,8.566419780254364014e-02
5.934088826179504395e-01,5.785780958831310272e-03,8.971527963876724243e-02,8.709777146577835083e-03,1.693343371152877808e-01,1.330459713935852051e-01
6.046693325042724609e-01,1.164740044623613358e-02,9.071725606918334961e-02,7.361056748777627945e-03,1.613966375589370728e-01,1.242083385586738586e-01
6.838114261627197266e-01,1.120732165873050690e-02,9.926941990852355957e-02,2.040555141866207123e-02,8.475896716117858887e-02,1.005472019314765930e-01
7.332347035408020020e-01,1.172637846320867538e-02,8.248640596866607666e-02,2.262604981660842896e-02,4.859891533851623535e-02,1.013276055455207825e-01
6.897283792495727539e-01,1.183948758989572525e-02,9.258180856704711914e-02,2.536958642303943634e-02,6.683272868394851685e-02,1.136480122804641724e-01
7.413520216941833496e-01,7.670396007597446442e-03,7.729282230138778687e-02,2.356167882680892944e-02,4.353987798094749451e-02,1.065832227468490601e-01
7.001652717590332031e-01,6.580693181604146957e-03,9.357015043497085571e-02,1.586410775780677795e-02,9.128284454345703125e-02,9.253700077533721924e-02
5.806356668472290039e-01,9.058560244739055634e-03,2.466170787811279297e-01,2.679746039211750031e-02,9.104768931865692139e-02,4.584341868758201599e-02
6.807350516319274902e-01,8.111080154776573181e-03,1.432723253965377808e-01,3.550884500145912170e-02,5.605747550725936890e-02,7.631515711545944214e-02
6.991422772407531738e-01,7.384216412901878357e-03,1.067312359809875488e-01,5.038056522607803345e-02,4.065423086285591125e-02,9.570741653442382812e-02
7.012410163879394531e-01,7.773649878799915314e-03,8.778190612792968750e-02,4.020104184746742249e-02,3.781529888510704041e-02,1.251871287822723389e-01
6.328005790710449219e-01,5.151289515197277069e-03,4.337889701128005981e-02,2.205137163400650024e-02,3.863292932510375977e-02,2.579849660396575928e-01
6.291293501853942871e-01,4.159218631684780121e-03,2.900341898202896118e-02,1.453949045389890671e-02,2.821074239909648895e-02,2.949577867984771729e-01
6.469838619232177734e-01,4.204452969133853912e-03,7.003933191299438477e-02,1.970306038856506348e-02,3.751891106367111206e-02,2.215503454208374023e-01
6.903611421585083008e-01,7.749705109745264053e-03,7.305960357189178467e-02,1.290151849389076233e-02,6.581700593233108521e-02,1.501110792160034180e-01
6.714110374450683594e-01,1.060699671506881714e-02,1.009461209177970886e-01,1.512338221073150635e-02,1.032154411077499390e-01,9.869696199893951416e-02
6.002627611160278320e-01,8.997413329780101776e-03,9.874542057514190674e-02,1.519864704459905624e-02,1.341081410646438599e-01,1.426876038312911987e-01
5.323591828346252441e-01,1.017547119408845901e-02,9.696207195520401001e-02,6.667422596365213394e-03,2.857226729393005371e-01,6.811333447694778442e-02
6.186491847038269043e-01,6.074782926589250565e-03,8.126326650381088257e-02,8.035521022975444794e-03,2.061041444540023804e-01,7.987314462661743164e-02
5.798668861389160156e-01,5.770165473222732544e-03,5.322916433215141296e-02,3.990232478827238083e-03,2.603850960731506348e-01,9.675849974155426025e-02
5.855845212936401367e-01,9.077567607164382935e-03,1.184365972876548767e-01,4.515205044299364090e-03,2.313316464424133301e-01,5.105445533990859985e-02
5.530696511268615723e-01,1.436293963342905045e-02,1.695311963558197021e-01,4.752035718411207199e-03,2.274064123630523682e-01,3.087781183421611786e-02
5.241253972053527832e-01,8.940372616052627563e-03,1.885890662670135498e-01,6.921767722815275192e-03,2.184562534093856812e-01,5.296717956662178040e-02
4.392739832401275635e-01,1.098783127963542938e-02,2.075053304433822632e-01,5.213881377130746841e-03,2.912089824676513672e-01,4.580995813012123108e-02
5.095024704933166504e-01,6.932643242180347443e-03,1.375374346971511841e-01,4.018830135464668274e-03,2.960538864135742188e-01,4.595477133989334106e-02
6.029348373413085938e-01,6.777588278055191040e-03,9.700287878513336182e-02,6.200004834681749344e-03,1.824174672365188599e-01,1.046672686934471130e-01
6.290640234947204590e-01,5.703045055270195007e-03,7.922962307929992676e-02,6.271256133913993835e-03,1.544010937213897705e-01,1.253310441970825195e-01
6.806908249855041504e-01,6.023444235324859619e-03,8.911744505167007446e-02,1.594522595405578613e-02,7.147389650344848633e-02,1.367490887641906738e-01
7.207717299461364746e-01,4.337682388722896576e-03,6.494859606027603149e-02,2.865830808877944946e-02,2.814214676618576050e-02,1.531415134668350220e-01
7.249600291252136230e-01,4.991018678992986679e-03,7.250737398862838745e-02,4.299888387322425842e-02,2.306387946009635925e-02,1.314788460731506348e-01
7.304760217666625977e-01,3.569537075236439705e-03,5.061721056699752808e-02,2.681046910583972931e-02,3.554448857903480530e-02,1.529821753501892090e-01
7.293369770050048828e-01,4.158649593591690063e-03,6.246225535869598389e-02,2.371682971715927124e-02,4.427864402532577515e-02,1.360464990139007568e-01
7.167654633522033691e-01,4.382393322885036469e-03,8.145047724246978760e-02,1.945960894227027893e-02,6.285078823566436768e-02,1.150912940502166748e-01
6.932098269462585449e-01,5.066038109362125397e-03,8.149816095829010010e-02,1.787047088146209717e-02,8.017902076244354248e-02,1.221764311194419861e-01
6.673666834831237793e-01,9.695581160485744476e-03,8.443752676248550415e-02,1.861912757158279419e-02,8.184826374053955078e-02,1.380327939987182617e-01
6.369760036468505859e-01,1.371489558368921280e-02,6.930711120367050171e-02,1.800446398556232452e-02,9.016828238964080811e-02,1.718293279409408569e-01
6.469450592994689941e-01,1.579561270773410797e-02,6.562802195549011230e-02,2.041698619723320007e-02,6.629703938961029053e-02,1.849172860383987427e-01
6.259535551071166992e-01,1.237305719405412674e-02,5.474092438817024231e-02,1.887596212327480316e-02,5.945041030645370483e-02,2.286061942577362061e-01
6.103998422622680664e-01,6.445311941206455231e-03,4.650852456688880920e-02,1.646803691983222961e-02,6.286252290010452271e-02,2.573156654834747314e-01
5.999802947044372559e-01,7.064790930598974228e-03,1.554376482963562012e-01,3.183302655816078186e-02,8.352361619472503662e-02,1.221606805920600891e-01
5.888320803642272949e-01,7.288746535778045654e-03,1.989602893590927124e-01,4.752093926072120667e-02,7.087780535221099854e-02,8.652011305093765259e-02
6.372290253639221191e-01,8.168086409568786621e-03,1.808052510023117065e-01,3.605175763368606567e-02,7.398170977830886841e-02,6.376417726278305054e-02
5.728538036346435547e-01,9.845717810094356537e-03,2.286023646593093872e-01,2.655770815908908844e-02,1.029487550258636475e-01,5.919162556529045105e-02
6.656565070152282715e-01,1.202156208455562592e-02,9.515751898288726807e-02,8.375359699130058289e-03,1.585779339075088501e-01,6.021113693714141846e-02
6.061108708381652832e-01,1.089005172252655029e-02,9.974680095911026001e-02,7.022521458566188812e-03,1.981594264507293701e-01,7.807037234306335449e-02
5.972527265548706055e-01,1.003951858729124069e-02,6.723650544881820679e-02,6.037284154444932938e-03,2.312113791704177856e-01,8.822263032197952271e-02
6.213056445121765137e-01,1.292050816118717194e-02,7.171416282653808594e-02,7.058230694383382797e-03,2.072828263044357300e-01,7.971860468387603760e-02
6.501446366310119629e-01,6.638007704168558121e-03,4.690282046794891357e-02,1.121747028082609177e-02,1.331398040056228638e-01,1.519573926925659180e-01
6.407224535942077637e-01,7.531853392720222473e-03,5.983737111091613770e-02,1.932537183165550232e-02,1.060761585831642151e-01,1.665068119764328003e-01
5.942333936691284180e-01,6.872102152556180954e-03,7.053557038307189941e-02,1.502120587974786758e-02,1.538294106721878052e-01,1.595083028078079224e-01
6.902334690093994141e-01,7.320666220039129257e-03,8.517754077911376953e-02,3.525836393237113953e-02,7.047475874423980713e-02,1.115353256464004517e-01
7.133966088294982910e-01,7.771301083266735077e-03,9.942269325256347656e-02,2.397379465401172638e-02,8.629529178142547607e-02,6.914044916629791260e-02
7.281673550605773926e-01,8.562945760786533356e-03,1.170197203755378723e-01,2.191843837499618530e-02,7.222586870193481445e-02,5.210558697581291199e-02
7.405576109886169434e-01,7.763152476400136948e-03,8.946033567190170288e-02,4.303672537207603455e-02,4.019372910261154175e-02,7.898850739002227783e-02
7.500082254409790039e-01,3.648329759016633034e-03,5.223735421895980835e-02,4.296712204813957214e-02,2.758198603987693787e-02,1.235569864511489868e-01
6.815207600593566895e-01,4.535920917987823486e-03,4.494514688849449158e-02,2.224964089691638947e-02,4.535888507962226868e-02,2.013896405696868896e-01
6.817265152931213379e-01,7.610617205500602722e-03,5.139869824051856995e-02,1.534011960029602051e-02,8.538205176591873169e-02,1.585420966148376465e-01
6.423241496086120605e-01,9.462484158575534821e-03,5.476226657629013062e-02,8.195566013455390930e-03,1.772960871458053589e-01,1.079594790935516357e-01
4.449900984764099121e-01,2.204693853855133057e-02,8.131024986505508423e-02,4.118555691093206406e-03,4.027980268001556396e-01,4.473603516817092896e-02
3.694492578506469727e-01,1.721524819731712341e-02,2.168422341346740723e-01,7.253327872604131699e-03,3.661962747573852539e-01,2.304360084235668182e-02
3.698126375675201416e-01,1.076441071927547455e-02,1.981958746910095215e-01,1.056293491274118423e-02,3.790379166603088379e-01,3.162623569369316101e-02
4.197256267070770264e-01,1.675673574209213257e-02,2.177619636058807373e-01,1.477326266467571259e-02,3.064570128917694092e-01,2.452543564140796661e-02
5.083298683166503906e-01,1.356463041156530380e-02,1.896222233772277832e-01,1.438935380429029465e-02,2.382510155439376831e-01,3.584291413426399231e-02
5.275201797485351562e-01,9.552966803312301636e-03,9.501705318689346313e-02,8.291256614029407501e-03,2.558955252170562744e-01,1.037229895591735840e-01
5.621642470359802246e-01,7.104307413101196289e-03,8.387140184640884399e-02,1.364774536341428757e-02,1.706128865480422974e-01,1.625995188951492310e-01
5.263049602508544922e-01,4.389046225696802139e-03,4.734272137284278870e-02,6.014911923557519913e-03,1.416323632001876831e-01,2.743160426616668701e-01
4.747750163078308105e-01,2.787375589832663536e-03,3.420785814523696899e-02,8.210513740777969360e-03,6.484102457761764526e-02,4.151782691478729248e-01
4.315912723541259766e-01,2.266243100166320801e-03,2.296504378318786621e-02,5.699758417904376984e-03,7.246188819408416748e-02,4.650157988071441650e-01
5.544155836105346680e-01,4.109226167201995850e-03,6.782253086566925049e-02,7.031060289591550827e-03,1.347038745880126953e-01,2.319176793098449707e-01
5.239343047142028809e-01,6.330884061753749847e-03,1.921073943376541138e-01,1.108360011130571365e-02,1.677499264478683472e-01,9.879389405250549316e-02
5.092900395393371582e-01,1.291881594806909561e-02,2.380772531032562256e-01,1.295194495469331741e-02,1.690770834684371948e-01,5.768494680523872375e-02
5.110283493995666504e-01,1.463625766336917877e-02,2.325398325920104980e-01,1.434450503438711166e-02,1.702998280525207520e-01,5.715123191475868225e-02
6.352722644805908203e-01,1.916203461587429047e-02,1.444062143564224243e-01,1.416696794331073761e-02,1.178848594427108765e-01,6.910768151283264160e-02
6.598768830299377441e-01,1.124691963195800781e-02,4.013184458017349243e-02,7.648451253771781921e-03,1.160271689295768738e-01,1.650687903165817261e-01
7.057849168777465820e-01,7.464362308382987976e-03,3.441425412893295288e-02,9.686992503702640533e-03,5.131344497203826904e-02,1.913360059261322021e-01
7.381130456924438477e-01,6.197209935635328293e-03,4.422833397984504700e-02,1.113311108201742172e-02,5.356479436159133911e-02,1.467636227607727051e-01
6.754114627838134766e-01,3.239899408072233200e-03,5.718002840876579285e-02,1.182366628199815750e-02,6.936141103506088257e-02,1.829835623502731323e-01
6.112251877784729004e-01,5.280478857457637787e-03,1.828113049268722534e-01,1.495783310383558273e-02,7.871630787849426270e-02,1.070088818669319153e-01
5.797027945518493652e-01,7.241752464324235916e-03,1.884352415800094604e-01,9.040940552949905396e-03,1.612276285886764526e-01,5.435169860720634460e-02
6.053285002708435059e-01,7.722524460405111313e-03,1.711466759443283081e-01,8.583459071815013885e-03,1.412950605154037476e-01,6.592381000518798828e-02
6.578954458236694336e-01,1.159605477005243301e-02,1.928091347217559814e-01,1.059809606522321701e-02,9.360409528017044067e-02,3.349715843796730042e-02
7.149562239646911621e-01,9.464704431593418121e-03,1.093664392828941345e-01,1.200634241104125977e-02,1.007201299071311951e-01,5.348613858222961426e-02
6.977335214614868164e-01,1.635221019387245178e-02,1.259015500545501709e-01,1.520468946546316147e-02,9.501996636390686035e-02,4.978804290294647217e-02
7.079827785491943359e-01,2.427316643297672272e-02,1.301523149013519287e-01,1.868356205523014069e-02,7.232706248760223389e-02,4.658120125532150269e-02
6.160526871681213379e-01,4.098854586482048035e-02,1.992877423763275146e-01,1.926557719707489014e-02,8.639007806777954102e-02,3.801532462239265442e-02
6.415871381759643555e-01,5.738364160060882568e-02,1.634170264005661011e-01,1.658375561237335205e-02,7.893759757280349731e-02,4.209085926413536072e-02
7.233847975730895996e-01,3.879234567284584045e-02,1.452650874853134155e-01,3.132931143045425415e-02,2.855537272989749908e-02,3.267300873994827271e-02
7.773880362510681152e-01,1.828088052570819855e-02,8.596108108758926392e-02,2.842039428651332855e-02,2.853998914361000061e-02,6.140957027673721313e-02
8.321865200996398926e-01,7.461400236934423447e-03,4.718348011374473572e-02,3.169213607907295227e-02,1.315529737621545792e-02,6.832128018140792847e-02
8.331823945045471191e-01,4.924893379211425781e-03,3.861946985125541687e-02,3.716886043548583984e-02,1.193561684340238571e-02,7.416861504316329956e-02
8.291293978691101074e-01,6.260052789002656937e-03,6.492193788290023804e-02,2.045980840921401978e-02,2.103787101805210114e-02,5.819098651409149170e-02
8.271705508232116699e-01,7.890044711530208588e-03,6.667117029428482056e-02,1.272155437618494034e-02,4.554184526205062866e-02,4.000483825802803040e-02
7.419198751449584961e-01,1.014291122555732727e-02,1.543703973293304443e-01,1.907397620379924774e-02,4.999734461307525635e-02,2.449554763734340668e-02
6.679472327232360840e-01,1.230699382722377777e-02,1.357937753200531006e-01,1.417779177427291870e-02,1.149051412940025330e-01,5.486910790205001831e-02
6.260185837745666504e-01,9.718646295368671417e-03,1.207944303750991821e-01,2.197984606027603149e-02,1.114393472671508789e-01,1.100491881370544434e-01
5.672617554664611816e-01,5.355001892894506454e-03,5.868925526738166809e-02,2.622358314692974091e-02,1.172178387641906738e-01,2.252525240182876587e-01
5.526039004325866699e-01,3.708851989358663559e-03,4.064041003584861755e-02,9.211505763232707977e-03,1.582829505205154419e-01,2.355523854494094849e-01
5.238570570945739746e-01,8.583682589232921600e-03,1.389648616313934326e-01,1.578544266521930695e-02,2.006210237741470337e-01,1.121878996491432190e-01
4.838407933712005615e-01,9.087878279387950897e-03,9.336213767528533936e-02,5.324688274413347244e-03,3.094230294227600098e-01,9.896150231361389160e-02
5.683133602142333984e-01,1.016553118824958801e-02,9.871232509613037109e-02,8.060439489781856537e-03,2.487839907407760620e-01,6.596438586711883545e-02
5.109319090843200684e-01,1.901612244546413422e-02,8.619251102209091187e-02,4.481846000999212265e-03,3.242376744747161865e-01,5.514005944132804871e-02
6.120846867561340332e-01,1.673246733844280243e-02,4.507456719875335693e-02,6.287272553890943527e-03,2.130120843648910522e-01,1.068089380860328674e-01
6.680778264999389648e-01,1.195646263659000397e-02,5.824597552418708801e-02,1.012496277689933777e-02,1.292408555746078491e-01,1.223539859056472778e-01
7.296866774559020996e-01,1.395127829164266586e-02,6.649158895015716553e-02,8.813073858618736267e-03,1.042770221829414368e-01,7.678040117025375366e-02
6.752567291259765625e-01,1.777692325413227081e-02,7.519774138927459717e-02,6.939040031284093857e-03,1.367446631193161011e-01,8.808483928442001343e-02
5.804533958435058594e-01,1.403929479420185089e-02,4.720314964652061462e-02,2.509514102712273598e-03,2.980475127696990967e-01,5.774718150496482849e-02
5.362404584884643555e-01,9.972088038921356201e-03,4.356082528829574585e-02,2.255837898701429367e-03,3.355877995491027832e-01,7.238301634788513184e-02
4.743171036243438721e-01,7.121106609702110291e-03,3.450309857726097107e-02,2.650789916515350342e-03,3.285197317600250244e-01,1.528881788253784180e-01
5.666435956954956055e-01,6.216650363057851791e-03,4.551169648766517639e-02,4.495315253734588623e-03,1.879227608442306519e-01,1.892099529504776001e-01
6.051349639892578125e-01,5.846003536134958267e-03,4.465541243553161621e-02,6.691867019981145859e-03,1.076974719762802124e-01,2.299743145704269409e-01
6.224921345710754395e-01,6.067466922104358673e-03,5.753411725163459778e-02,7.803117390722036362e-03,9.609827399253845215e-02,2.100049406290054321e-01
7.038341760635375977e-01,7.580692879855632782e-03,5.998284742236137390e-02,7.989489473402500153e-03,6.911209970712661743e-02,1.515007615089416504e-01
6.589688062667846680e-01,4.723560996353626251e-03,4.227826744318008423e-02,8.086402900516986847e-03,5.618977174162864685e-02,2.297532558441162109e-01
6.533083319664001465e-01,6.352125201374292374e-03,5.429572984576225281e-02,9.095511399209499359e-03,8.676515519618988037e-02,1.901830881834030151e-01
6.623771786689758301e-01,4.121869336813688278e-03,6.261997669935226440e-02,8.612316101789474487e-03,9.642356634140014648e-02,1.658452004194259644e-01
6.950378417968750000e-01,7.099984679371118546e-03,6.214759498834609985e-02,7.355105131864547729e-03,1.148914843797683716e-01,1.134679093956947327e-01
5.878295898437500000e-01,7.762077264487743378e-03,7.503540813922882080e-02,6.384265609085559845e-03,1.692137718200683594e-01,1.537748426198959351e-01
5.939230322837829590e-01,1.093250326812267303e-02,5.233246088027954102e-02,8.723740465939044952e-03,1.202214211225509644e-01,2.138669192790985107e-01
6.430840492248535156e-01,2.300107479095458984e-02,5.606554448604583740e-02,1.048283651471138000e-02,1.018390581011772156e-01,1.655274182558059692e-01
6.779282689094543457e-01,1.913988776504993439e-02,4.177449271082878113e-02,9.362910874187946320e-03,9.229744225740432739e-02,1.594969034194946289e-01
7.670992612838745117e-01,2.163979224860668182e-02,3.899664804339408875e-02,8.286781609058380127e-03,7.283653318881988525e-02,9.114095568656921387e-02
7.904336452484130859e-01,2.288584224879741669e-02,3.720932081341743469e-02,7.895972579717636108e-03,6.205952540040016174e-02,7.951575517654418945e-02
7.737484574317932129e-01,9.226396679878234863e-03,4.235000908374786377e-02,1.014680135995149612e-02,5.328332260251045227e-02,1.112450659275054932e-01
6.645967364311218262e-01,1.483313180506229401e-02,7.545899599790573120e-02,1.433916389942169189e-02,6.428124755620956421e-02,1.664907634258270264e-01
5.501675009727478027e-01,1.293025538325309753e-02,8.153504133224487305e-02,1.218158658593893051e-02,9.181470423936843872e-02,2.513709366321563721e-01
5.424379706382751465e-01,1.315808854997158051e-02,6.625112146139144897e-02,1.645899564027786255e-02,4.794145748019218445e-02,3.137523829936981201e-01
6.511061191558837891e-01,1.477872021496295929e-02,7.403288036584854126e-02,1.683413609862327576e-02,3.009894490242004395e-02,2.131491452455520630e-01
7.024893164634704590e-01,9.226907975971698761e-03,6.788261979818344116e-02,1.419359445571899414e-02,3.175292536616325378e-02,1.744547039270401001e-01
7.337029576301574707e-01,1.267116423696279526e-02,1.237413808703422546e-01,2.020006068050861359e-02,3.878094255924224854e-02,7.090350240468978882e-02
7.174686193466186523e-01,1.183003373444080353e-02,1.254743486642837524e-01,1.279748324304819107e-02,6.330777704715728760e-02,6.912171840667724609e-02
6.593351960182189941e-01,1.016187295317649841e-02,1.009932830929756165e-01,7.232152391225099564e-03,1.277693212032318115e-01,9.450812637805938721e-02
5.646637678146362305e-01,1.260734163224697113e-02,6.904179602861404419e-02,8.032741025090217590e-03,1.428872942924499512e-01,2.027670294046401978e-01
4.989787936210632324e-01,8.388767950236797333e-03,2.500719763338565826e-02,6.085838656872510910e-03,9.963884204626083374e-02,3.619005978107452393e-01
4.488479793071746826e-01,6.212781183421611786e-03,2.521492540836334229e-02,7.994790561497211456e-03,7.435043156147003174e-02,4.373791217803955078e-01
4.833901226520538330e-01,7.805282715708017349e-03,3.182501718401908875e-02,1.055547501891851425e-02,6.993215531110763550e-02,3.964919149875640869e-01
6.094294786453247070e-01,1.302080880850553513e-02,9.838195145130157471e-02,2.045648545026779175e-02,8.009777218103408813e-02,1.786135435104370117e-01
6.696338653564453125e-01,1.306820474565029144e-02,1.016890332102775574e-01,1.504963263869285583e-02,7.669574767351150513e-02,1.238635256886482239e-01
7.447863221168518066e-01,1.546740438789129257e-02,1.061182543635368347e-01,1.161703281104564667e-02,6.260551512241363525e-02,5.940542370080947876e-02
7.371943593025207520e-01,1.609605550765991211e-02,8.659929782152175903e-02,9.226562455296516418e-03,7.059054076671600342e-02,8.029320091009140015e-02
7.587257027626037598e-01,8.024129085242748260e-03,4.303424432873725891e-02,5.254591815173625946e-03,7.511414587497711182e-02,1.098472103476524353e-01
7.120428085327148438e-01,1.181798428297042847e-02,4.446730390191078186e-02,5.000910721719264984e-03,1.261725574731826782e-01,1.004983708262443542e-01
6.515040397644042969e-01,8.453345857560634613e-03,3.740691393613815308e-02,5.256929900497198105e-03,1.209890171885490417e-01,1.763898879289627075e-01
6.229653954505920410e-01,1.361089665442705154e-02,4.722432792186737061e-02,5.704378709197044373e-03,1.413407772779464722e-01,1.691541522741317749e-01
6.629358530044555664e-01,1.003151480108499527e-02,4.763565585017204285e-02,6.974040530622005463e-03,9.330329298973083496e-02,1.791196912527084351e-01
6.870738267898559570e-01,1.472141221165657043e-02,8.444567769765853882e-02,1.206171792000532150e-02,7.269815355539321899e-02,1.289992183446884155e-01
6.985031366348266602e-01,8.408389054238796234e-03,5.661172792315483093e-02,1.284079905599355698e-02,6.220642477273941040e-02,1.614295393228530884e-01
7.238358855247497559e-01,9.664854034781455994e-03,6.576961278915405273e-02,1.229483354836702347e-02,5.902102589607238770e-02,1.294137388467788696e-01
7.219929695129394531e-01,9.646956808865070343e-03,5.096904933452606201e-02,1.281114201992750168e-02,4.027300700545310974e-02,1.643068641424179077e-01
6.992608308792114258e-01,1.435288134962320328e-02,7.758922129869461060e-02,2.952427230775356293e-02,1.955760829150676727e-02,1.597151160240173340e-01
6.982076168060302734e-01,1.836383901536464691e-02,5.358422547578811646e-02,2.058546990156173706e-02,2.434453740715980530e-02,1.849142909049987793e-01
6.265426874160766602e-01,1.382949016988277435e-02,4.300701990723609924e-02,2.517084032297134399e-02,2.384462393820285797e-02,2.676053941249847412e-01
5.470902919769287109e-01,1.020515430718660355e-02,3.535078465938568115e-02,2.144064940512180328e-02,3.505738824605941772e-02,3.508557081222534180e-01
5.280784368515014648e-01,5.800818558782339096e-03,2.477992326021194458e-02,1.713370345532894135e-02,2.412560582160949707e-02,4.000814855098724365e-01
6.128398180007934570e-01,7.764090783894062042e-03,3.095368109643459320e-02,1.763012818992137909e-02,2.932300418615341187e-02,3.014891743659973145e-01
6.369004845619201660e-01,9.089421480894088745e-03,3.682680055499076843e-02,1.189184468239545822e-02,5.451373010873794556e-02,2.507776916027069092e-01
7.037612795829772949e-01,9.776582941412925720e-03,4.429247230291366577e-02,7.686512079089879990e-03,9.128042310476303101e-02,1.432027071714401245e-01
6.350945234298706055e-01,1.047203596681356430e-02,5.033653229475021362e-02,4.890042357146739960e-03,2.036791443824768066e-01,9.552770853042602539e-02
5.758389830589294434e-01,6.905238609760999680e-03,3.673535212874412537e-02,4.812971223145723343e-03,2.250780016183853149e-01,1.506294757127761841e-01
5.266910791397094727e-01,5.186933558434247971e-03,3.981711342930793762e-02,6.745947524905204773e-03,2.692018151283264160e-01,1.523570716381072998e-01
5.472148060798645020e-01,5.865147802978754044e-03,4.008124768733978271e-02,1.061591319739818573e-02,1.948802918195724487e-01,2.013425230979919434e-01
5.755492448806762695e-01,4.522587638348340988e-03,4.495646432042121887e-02,1.622069440782070160e-02,1.506314873695373535e-01,2.081195265054702759e-01
6.409054994583129883e-01,4.476994276046752930e-03,4.409504309296607971e-02,1.704029366374015808e-02,1.021125391125679016e-01,1.913696229457855225e-01
6.980333328247070312e-01,6.664508488029241562e-03,5.543845891952514648e-02,1.469990424811840057e-02,9.979254007339477539e-02,1.253712028264999390e-01
6.860961914062500000e-01,6.985847838222980499e-03,6.343676149845123291e-02,1.735702529549598694e-02,9.180501848459243774e-02,1.343191266059875488e-01
6.020843982696533203e-01,1.238380279392004013e-02,1.045954376459121704e-01,1.190445944666862488e-02,1.467974931001663208e-01,1.222343295812606812e-01
5.967435836791992188e-01,1.430480275303125381e-02,1.656952053308486938e-01,1.384377479553222656e-02,1.361172795295715332e-01,7.329542189836502075e-02
5.012423992156982422e-01,2.391348406672477722e-02,1.431547105312347412e-01,7.183985784649848938e-03,2.411668002605438232e-01,8.333861082792282104e-02
5.395767092704772949e-01,1.674004085361957550e-02,1.423833668231964111e-01,9.390464052557945251e-03,1.899081468582153320e-01,1.020012646913528442e-01
5.636392235755920410e-01,8.213546127080917358e-03,5.786205083131790161e-02,5.619945935904979706e-03,1.981484293937683105e-01,1.665167510509490967e-01
5.957934260368347168e-01,6.598172243684530258e-03,4.871417582035064697e-02,6.314503960311412811e-03,2.091468870639801025e-01,1.334328353404998779e-01
6.351740360260009766e-01,4.080237820744514465e-03,3.282207995653152466e-02,1.118205394595861435e-02,7.572428882122039795e-02,2.410173118114471436e-01
6.961504220962524414e-01,4.331582691520452499e-03,4.586828127503395081e-02,1.796814985573291779e-02,5.267912521958351135e-02,1.830024421215057373e-01
7.424144744873046875e-01,7.970935665071010590e-03,4.644857347011566162e-02,2.012714743614196777e-02,6.378918886184692383e-02,1.192496716976165771e-01
6.768617033958435059e-01,7.722384296357631683e-03,2.919801883399486542e-02,1.210135687142610550e-02,1.000814884901046753e-01,1.740351319313049316e-01
7.369136810302734375e-01,1.155783701688051224e-02,5.884696915745735168e-02,9.296092204749584198e-03,1.239117905497550964e-01,5.947358533740043640e-02
6.677942276000976562e-01,7.862387225031852722e-03,5.047449469566345215e-02,6.342562381178140640e-03,1.578524559736251831e-01,1.096737980842590332e-01
5.094774961471557617e-01,6.641797721385955811e-03,1.010498479008674622e-01,4.520981572568416595e-03,3.018595874309539795e-01,7.645030319690704346e-02
5.706066489219665527e-01,9.236082434654235840e-03,2.135596126317977905e-01,6.843287497758865356e-03,1.615267395973205566e-01,3.822761401534080505e-02
5.003815293312072754e-01,1.232564169913530350e-02,1.498098373413085938e-01,6.011193152517080307e-03,2.705878019332885742e-01,6.088403984904289246e-02
5.410532355308532715e-01,1.998214237391948700e-02,1.774415671825408936e-01,7.563998457044363022e-03,2.137880623340606689e-01,4.017097875475883484e-02
6.286357045173645020e-01,1.393325161188840866e-02,1.514053493738174438e-01,1.762753911316394806e-02,9.359405934810638428e-02,9.480415284633636475e-02
6.855905652046203613e-01,8.411967195570468903e-03,3.714761883020401001e-02,1.082968804985284805e-02,5.161077901721000671e-02,2.064093649387359619e-01
6.032123565673828125e-01,6.717371288686990738e-03,5.865961685776710510e-02,2.550501562654972076e-02,3.071573376655578613e-02,2.751898169517517090e-01
6.102862358093261719e-01,7.366970181465148926e-03,7.001122832298278809e-02,2.237459458410739899e-02,4.188111424446105957e-02,2.480797767639160156e-01
6.514019966125488281e-01,7.679952308535575867e-03,8.523327112197875977e-02,2.055205963551998138e-02,6.212171539664268494e-02,1.730110347270965576e-01
6.338804364204406738e-01,1.246610749512910843e-02,1.634062975645065308e-01,2.353726699948310852e-02,8.647526055574417114e-02,8.023457974195480347e-02
6.327897906303405762e-01,1.589989475905895233e-02,1.618138700723648071e-01,2.363802678883075714e-02,9.272062778472900391e-02,7.313781231641769409e-02
6.963490247726440430e-01,7.920667529106140137e-03,7.206871360540390015e-02,1.113306451588869095e-02,1.093548238277435303e-01,1.031737178564071655e-01
6.600645184516906738e-01,6.880703382194042206e-03,9.343782812356948853e-02,2.576225250959396362e-02,9.036764502525329590e-02,1.234870105981826782e-01
6.486364603042602539e-01,3.522544866427779198e-03,9.079042077064514160e-02,3.577741608023643494e-02,5.988083407282829285e-02,1.613922268152236938e-01
7.282243371009826660e-01,4.161800257861614227e-03,6.993285566568374634e-02,2.797066047787666321e-02,4.616535827517509460e-02,1.235449314117431641e-01
6.954284310340881348e-01,4.607951734215021133e-03,5.224522203207015991e-02,2.696400508284568787e-02,5.070477351546287537e-02,1.700497567653656006e-01
6.987886428833007812e-01,5.234972573816776276e-03,3.082278184592723846e-02,1.083476562052965164e-02,6.881920993328094482e-02,1.854997277259826660e-01
6.221461296081542969e-01,5.849802400916814804e-03,3.594278544187545776e-02,5.964929237961769104e-03,1.734529882669448853e-01,1.566432863473892212e-01
6.615989804267883301e-01,5.732758902013301849e-03,3.515009954571723938e-02,7.393068633973598480e-03,1.211732104420661926e-01,1.689518988132476807e-01
5.924288034439086914e-01,7.141742855310440063e-03,7.994599640369415283e-02,8.893960155546665192e-03,1.960055977106094360e-01,1.155838742852210999e-01
5.911225080490112305e-01,7.422911468893289566e-03,1.216894164681434631e-01,7.792409509420394897e-03,2.008445411920547485e-01,7.112827152013778687e-02
6.047261357307434082e-01,8.626127615571022034e-03,9.488124400377273560e-02,7.233293727040290833e-03,2.223125845193862915e-01,6.222065910696983337e-02
5.103909969329833984e-01,7.987272925674915314e-03,8.736509084701538086e-02,2.972332295030355453e-03,3.562784492969512939e-01,3.500584140419960022e-02
4.707702994346618652e-01,8.997155353426933289e-03,7.943362742662429810e-02,3.271911060437560081e-03,3.786875903606414795e-01,5.883942544460296631e-02
5.446296930313110352e-01,8.950445801019668579e-03,6.309102475643157959e-02,4.067812114953994751e-03,3.030479252338409424e-01,7.621310651302337646e-02
6.767390966415405273e-01,7.471730001270771027e-03,6.877002865076065063e-02,7.754087913781404495e-03,1.007923185825347900e-01,1.384727507829666138e-01
5.626701116561889648e-01,7.181575987488031387e-03,2.893275022506713867e-02,1.068978197872638702e-02,2.276380546391010284e-02,3.677619695663452148e-01
6.661282181739807129e-01,1.005351264029741287e-02,4.846047237515449524e-02,1.383576355874538422e-02,2.004479616880416870e-02,2.414771467447280884e-01
6.857157945632934570e-01,8.138991892337799072e-03,3.642278909683227539e-02,1.009216159582138062e-02,1.917566359043121338e-02,2.404545843601226807e-01
6.889094114303588867e-01,1.349681802093982697e-02,3.582985326647758484e-02,6.676744204014539719e-03,4.925540834665298462e-02,2.058317512273788452e-01
6.461318135261535645e-01,1.962487772107124329e-02,5.848619341850280762e-02,7.628359366208314896e-03,1.212162226438522339e-01,1.469125300645828247e-01
5.160666108131408691e-01,1.933153346180915833e-02,4.962403327226638794e-02,3.652779385447502136e-03,3.280784785747528076e-01,8.324652910232543945e-02
4.537382423877716064e-01,1.396613102406263351e-02,5.156509578227996826e-02,2.895463956519961357e-03,4.070014059543609619e-01,7.083364576101303101e-02
5.323607325553894043e-01,1.466945745050907135e-02,1.017925217747688293e-01,4.660157021135091782e-03,2.815104126930236816e-01,6.500668078660964966e-02
6.295646429061889648e-01,9.197585284709930420e-03,9.777393192052841187e-02,5.979808047413825989e-03,1.892760992050170898e-01,6.820777058601379395e-02
7.032942771911621094e-01,7.529316470026969910e-03,1.089813336730003357e-01,1.061105448752641678e-02,9.385595470666885376e-02,7.572798430919647217e-02
6.896870136260986328e-01,5.757793318480253220e-03,1.396680176258087158e-01,1.603974029421806335e-02,6.101359799504280090e-02,8.783379942178726196e-02
6.969513893127441406e-01,6.408644374459981918e-03,1.339960545301437378e-01,1.053599361330270767e-02,7.068882882595062256e-02,8.141911029815673828e-02
7.113740444183349609e-01,6.809429731220006943e-03,1.064158976078033447e-01,7.810866460204124451e-03,9.646426886320114136e-02,7.112544775009155273e-02
6.901275515556335449e-01,6.321259774267673492e-03,1.193932667374610901e-01,8.440915495157241821e-03,1.119938045740127563e-01,6.372315436601638794e-02
7.551896572113037109e-01,4.964874591678380966e-03,5.735624209046363831e-02,1.030439138412475586e-02,9.351247549057006836e-02,7.867234200239181519e-02
7.660634517669677734e-01,3.643195144832134247e-03,3.958233445882797241e-02,9.256434626877307892e-03,8.484997600317001343e-02,9.660443663597106934e-02
7.369731068611145020e-01,4.409980960190296173e-03,5.809606611728668213e-02,1.250714808702468872e-02,9.705948829650878906e-02,9.095426648855209351e-02
7.798513174057006836e-01,5.270330235362052917e-03,6.534866243600845337e-02,1.365906838327646255e-02,5.361094325780868530e-02,8.225967735052108765e-02
8.029258251190185547e-01,6.775067653506994247e-03,7.670549303293228149e-02,1.232175901532173157e-02,3.299315646290779114e-02,6.827854365110397339e-02
6.401538252830505371e-01,1.047059986740350723e-02,2.446199208498001099e-01,1.718870922923088074e-02,5.483439937233924866e-02,3.273252397775650024e-02
7.349687814712524414e-01,9.674054570496082306e-03,1.391496509313583374e-01,1.625489629805088043e-02,3.635900840163230896e-02,6.359358131885528564e-02
7.379394769668579102e-01,9.823609143495559692e-03,1.147330701351165771e-01,1.512963324785232544e-02,4.723504558205604553e-02,7.513906061649322510e-02
6.852104663848876953e-01,6.451226305216550827e-03,7.218847423791885376e-02,1.455299556255340576e-02,3.806823492050170898e-02,1.835287064313888550e-01
6.709496974945068359e-01,7.009909488260746002e-03,3.151644766330718994e-02,1.021251175552606583e-02,3.797400742769241333e-02,2.423373758792877197e-01
7.113897800445556641e-01,9.246136993169784546e-03,7.338234782218933105e-02,1.698240824043750763e-02,5.783912166953086853e-02,1.311602443456649780e-01
6.671877503395080566e-01,8.283022791147232056e-03,8.982310444116592407e-02,1.424766518175601959e-02,6.953485310077667236e-02,1.509236991405487061e-01
6.218587160110473633e-01,1.130880694836378098e-02,1.067570298910140991e-01,1.103963516652584076e-02,1.487790793180465698e-01,1.002566814422607422e-01
6.077959537506103516e-01,1.057947054505348206e-02,1.086974218487739563e-01,6.993823684751987457e-03,1.831128597259521484e-01,8.282044529914855957e-02
6.617350578308105469e-01,6.696496624499559402e-03,9.986960887908935547e-02,8.641663007438182831e-03,1.279653757810592651e-01,9.509180486202239990e-02
6.451247930526733398e-01,8.687702938914299011e-03,1.155433729290962219e-01,6.144966464489698410e-03,1.558760404586791992e-01,6.862320750951766968e-02
7.421786785125732422e-01,1.060164347290992737e-02,8.563733100891113281e-02,7.359743118286132812e-03,8.823864907026290894e-02,6.598397344350814819e-02
7.288233637809753418e-01,8.820638991892337799e-03,6.004983931779861450e-02,9.129269048571586609e-03,7.010840624570846558e-02,1.230685189366340637e-01
6.711556911468505859e-01,1.187705434858798981e-02,7.403922826051712036e-02,1.121310424059629440e-02,7.261367142200469971e-02,1.591012626886367798e-01
6.013478040695190430e-01,1.768298074603080750e-02,5.829410254955291748e-02,5.870137829333543777e-03,1.810888797044754028e-01,1.357160359621047974e-01
5.422747731208801270e-01,1.226111408323049545e-02,5.501747876405715942e-02,6.036593578755855560e-03,1.498789042234420776e-01,2.345311045646667480e-01
5.166363120079040527e-01,1.253772433847188950e-02,5.656361952424049377e-02,3.849531058222055435e-03,2.666031718254089355e-01,1.438095718622207642e-01
5.381376743316650391e-01,1.171026006340980530e-02,6.309295445680618286e-02,3.779910504817962646e-03,2.886422276496887207e-01,9.463693946599960327e-02
6.176302433013916016e-01,1.097032148391008377e-02,8.443366736173629761e-02,7.251759525388479233e-03,1.569896340370178223e-01,1.227244138717651367e-01
6.201260089874267578e-01,1.092320308089256287e-02,1.208802685141563416e-01,6.831626873463392258e-03,1.600936353206634521e-01,8.114529401063919067e-02
6.919155716896057129e-01,8.827187120914459229e-03,8.427385985851287842e-02,8.264102973043918610e-03,1.250582039356231689e-01,8.166098594665527344e-02
6.989277601242065430e-01,6.625005509704351425e-03,8.262665569782257080e-02,8.705860003829002380e-03,9.542273730039596558e-02,1.076919883489608765e-01
7.189669013023376465e-01,3.887096419930458069e-03,4.681378230452537537e-02,1.137520279735326767e-02,5.527622625231742859e-02,1.636808663606643677e-01
6.866414546966552734e-01,3.758252831175923347e-03,4.517160728573799133e-02,9.768439456820487976e-03,9.854143857955932617e-02,1.561187058687210083e-01
6.064139008522033691e-01,3.141012042760848999e-03,3.693814948201179504e-02,9.138265624642372131e-03,9.292476624250411987e-02,2.514438927173614502e-01
6.118523478507995605e-01,2.892664400860667229e-03,3.886472061276435852e-02,1.120630092918872833e-02,6.932295858860015869e-02,2.658610343933105469e-01
5.685054063796997070e-01,3.045521676540374756e-03,4.163909703493118286e-02,1.319043617695569992e-02,3.686683624982833862e-02,3.367526531219482422e-01
5.903929471969604492e-01,4.528070334345102310e-03,5.566498264670372009e-02,1.522912736982107162e-02,5.471368134021759033e-02,2.794711589813232422e-01
6.496482491493225098e-01,4.786748439073562622e-03,6.094109639525413513e-02,1.746001653373241425e-02,3.326468169689178467e-02,2.338991612195968628e-01
6.646830439567565918e-01,9.983213618397712708e-03,8.013011515140533447e-02,1.461004186421632767e-02,6.370855867862701416e-02,1.668849438428878784e-01
5.932365655899047852e-01,1.105815824121236801e-02,6.569428741931915283e-02,1.040420029312372208e-02,1.428461223840713501e-01,1.767606735229492188e-01
6.220164299011230469e-01,1.680756174027919769e-02,8.218473941087722778e-02,1.240097172558307648e-02,1.319092512130737305e-01,1.346811056137084961e-01
6.535044908523559570e-01,2.064933814108371735e-02,1.026185527443885803e-01,1.317120529711246490e-02,1.196423545479774475e-01,9.041409939527511597e-02
6.893305182456970215e-01,2.676903456449508667e-02,7.054034620523452759e-02,1.022273954004049301e-02,1.145975962281227112e-01,8.853973448276519775e-02
6.669687628746032715e-01,4.147702082991600037e-02,7.135771214962005615e-02,6.911149714142084122e-03,1.567695140838623047e-01,5.651595443487167358e-02
6.667721867561340332e-01,6.599884480237960815e-02,9.016001224517822266e-02,6.578781176358461380e-03,1.393979489803314209e-01,3.109225444495677948e-02
5.854424238204956055e-01,8.576852828264236450e-02,7.002611458301544189e-02,5.370863713324069977e-03,1.984889358282089233e-01,5.490316078066825867e-02
5.773766636848449707e-01,7.903365790843963623e-02,5.711389333009719849e-02,4.776818212121725082e-03,2.154220044612884521e-01,6.627689301967620850e-02
5.862136483192443848e-01,4.627495259046554565e-02,4.624488577246665955e-02,4.499590024352073669e-03,2.303645014762878418e-01,8.640244603157043457e-02
6.172730326652526855e-01,3.849773481488227844e-02,3.898506239056587219e-02,5.352646578103303909e-03,1.980006992816925049e-01,1.018907800316810608e-01
5.409320592880249023e-01,2.375438809394836426e-02,4.712020233273506165e-02,5.670776590704917908e-03,2.322777658700942993e-01,1.502447575330734253e-01
6.389831900596618652e-01,1.713833585381507874e-02,5.915169790387153625e-02,1.236910931766033173e-02,1.286577284336090088e-01,1.437000185251235962e-01
6.569735407829284668e-01,1.180433481931686401e-02,8.965638279914855957e-02,2.345406636595726013e-02,8.320400118827819824e-02,1.349076479673385620e-01
6.501470208168029785e-01,9.972124360501766205e-03,7.465565949678421021e-02,1.962510682642459869e-02,8.150285482406616211e-02,1.640971004962921143e-01
6.940805912017822266e-01,1.564283855259418488e-02,7.398840785026550293e-02,1.722237840294837952e-02,8.767274022102355957e-02,1.113930791616439819e-01
6.931794285774230957e-01,1.410437282174825668e-02,7.180564105510711670e-02,1.081890147179365158e-02,1.132677644491195679e-01,9.682390838861465454e-02
6.802253127098083496e-01,2.557151950895786285e-02,6.197800859808921814e-02,7.584243547171354294e-03,1.271794140338897705e-01,9.746139496564865112e-02
7.482658624649047852e-01,1.053814496845006943e-02,6.487648189067840576e-02,7.875348441302776337e-03,8.657160401344299316e-02,8.187257498502731323e-02
7.486682534217834473e-01,8.272077888250350952e-03,6.221590936183929443e-02,1.189487706869840622e-02,5.602020770311355591e-02,1.129286065697669983e-01
7.076687812805175781e-01,6.419604644179344177e-03,4.748739302158355713e-02,1.298508606851100922e-02,5.033690854907035828e-02,1.751022934913635254e-01
6.287713050842285156e-01,5.944820586591959000e-03,2.638402022421360016e-02,1.232195831835269928e-02,5.055753514170646667e-02,2.760204076766967773e-01
5.672419071197509766e-01,3.815983654931187630e-03,2.188108675181865692e-02,1.218607742339372635e-02,4.972434788942337036e-02,3.451505303382873535e-01
4.746974408626556396e-01,4.367482848465442657e-03,3.270395472645759583e-02,1.125258300453424454e-02,8.968488872051239014e-02,3.872936666011810303e-01
5.224795937538146973e-01,8.599042892456054688e-03,6.016132608056068420e-02,1.188786979764699936e-02,1.042867600917816162e-01,2.925854325294494629e-01
6.190077066421508789e-01,1.217226218432188034e-02,6.865253299474716187e-02,1.648826524615287781e-02,5.128739029169082642e-02,2.323918789625167847e-01
6.252031922340393066e-01,1.759223453700542450e-02,6.865131855010986328e-02,1.325436867773532867e-02,6.337106227874755859e-02,2.119278758764266968e-01
7.306473255157470703e-01,1.662866212427616119e-02,5.816501751542091370e-02,1.317905914038419724e-02,4.509026557207107544e-02,1.362896412611007690e-01
7.799221873283386230e-01,1.793234236538410187e-02,4.150078073143959045e-02,1.388566661626100540e-02,4.031607508659362793e-02,1.064429357647895813e-01
6.913511753082275391e-01,9.146362543106079102e-03,3.292266651988029480e-02,7.301639765501022339e-03,6.390798091888427734e-02,1.953701823949813843e-01
7.079440355300903320e-01,8.817705325782299042e-03,4.105143621563911438e-02,8.465500548481941223e-03,5.842201784253120422e-02,1.752993166446685791e-01
6.973865628242492676e-01,1.462378166615962982e-02,5.987563356757164001e-02,7.931410335004329681e-03,8.254539221525192261e-02,1.376371979713439941e-01
6.852850317955017090e-01,2.181663364171981812e-02,5.135582759976387024e-02,4.756477661430835724e-03,1.247651576995849609e-01,1.120209321379661560e-01
7.006770372390747070e-01,1.835469156503677368e-02,6.216184794902801514e-02,6.474093534052371979e-03,1.015484258532524109e-01,1.107837706804275513e-01
7.027186155319213867e-01,2.981630526483058929e-02,7.195390015840530396e-02,5.450149532407522202e-03,1.388494074344635010e-01,5.121165141463279724e-02
6.242003440856933594e-01,3.721245750784873962e-02,7.552488148212432861e-02,5.594953428953886032e-03,1.820439845323562622e-01,7.542346417903900146e-02
5.772323012351989746e-01,1.763062924146652222e-02,6.021560356020927429e-02,5.371053237468004227e-03,1.881310343742370605e-01,1.514194011688232422e-01
5.183123350143432617e-01,2.314219251275062561e-02,6.977088004350662231e-02,4.223047755658626556e-03,2.877576947212219238e-01,9.679385274648666382e-02
5.189876556396484375e-01,2.049271762371063232e-02,4.204505681991577148e-02,3.467146307229995728e-03,3.023685514926910400e-01,1.126388236880302429e-01
5.309212803840637207e-01,1.533558405935764313e-02,3.909705579280853271e-02,3.522921353578567505e-03,2.684247791767120361e-01,1.426983624696731567e-01
5.748150944709777832e-01,1.207455713301897049e-02,3.688333928585052490e-02,3.446222282946109772e-03,2.386651486158370972e-01,1.341156661510467529e-01
6.558553576469421387e-01,1.153760589659214020e-02,3.813281655311584473e-02,4.491647239774465561e-03,1.805536299943923950e-01,1.094288975000381470e-01
6.316748857498168945e-01,9.437624365091323853e-03,3.729017451405525208e-02,4.948974587023258209e-03,1.467229276895523071e-01,1.699255853891372681e-01
6.253283023834228516e-01,1.583037711679935455e-02,5.608074739575386047e-02,4.741511307656764984e-03,2.050006389617919922e-01,9.301836043596267700e-02
6.434043645858764648e-01,1.773528754711151123e-02,4.805336520075798035e-02,5.484226625412702560e-03,1.581314057111740112e-01,1.271912902593612671e-01
6.310847401618957520e-01,4.409544542431831360e-02,6.419968605041503906e-02,5.322744138538837433e-03,1.713597178459167480e-01,8.393756300210952759e-02
6.540215015411376953e-01,5.162359029054641724e-02,6.053391471505165100e-02,6.336400285363197327e-03,1.350806504487991333e-01,9.240391850471496582e-02
5.932315587997436523e-01,1.209184601902961731e-01,5.128511413931846619e-02,5.427645053714513779e-03,1.659048795700073242e-01,6.323228776454925537e-02
6.054494380950927734e-01,1.003521382808685303e-01,5.531315505504608154e-02,4.904532805085182190e-03,1.740105152130126953e-01,5.997031182050704956e-02
5.781815052032470703e-01,1.019893437623977661e-01,5.490601435303688049e-02,5.938059650361537933e-03,1.802427619695663452e-01,7.874229550361633301e-02
6.296381950378417969e-01,4.302543774247169495e-02,4.261969402432441711e-02,5.615761037915945053e-03,1.340389847755432129e-01,1.450619250535964966e-01
6.273145079612731934e-01,2.403666824102401733e-02,6.028906255960464478e-02,8.147323504090309143e-03,1.217486187815666199e-01,1.584638953208923340e-01
5.842438936233520508e-01,1.075496710836887360e-02,3.423336148262023926e-02,7.592049892991781235e-03,7.914938777685165405e-02,2.840262353420257568e-01
6.993457078933715820e-01,1.304286997765302658e-02,4.147275537252426147e-02,1.162232924252748489e-02,5.348934233188629150e-02,1.810270398855209351e-01
6.864774227142333984e-01,1.222482975572347641e-02,5.469095334410667419e-02,8.825967088341712952e-03,8.819660544395446777e-02,1.495841741561889648e-01
6.877008080482482910e-01,1.351399067789316177e-02,4.519515857100486755e-02,9.742426685988903046e-03,6.851708143949508667e-02,1.753305047750473022e-01
6.657674908638000488e-01,1.757350936532020569e-02,4.867220669984817505e-02,1.114206574857234955e-02,6.930469721555709839e-02,1.875399202108383179e-01
6.941300630569458008e-01,1.362449023872613907e-02,3.510389104485511780e-02,1.453314255923032761e-02,4.052349552512168884e-02,2.020849287509918213e-01
5.728285312652587891e-01,7.119813933968544006e-03,2.992196939885616302e-02,1.306222006678581238e-02,3.449956700205802917e-02,3.425678908824920654e-01
6.976464390754699707e-01,1.370106264948844910e-02,4.381149262189865112e-02,1.565223187208175659e-02,3.986106812953948975e-02,1.893276721239089966e-01
6.644661426544189453e-01,1.224903576076030731e-02,5.735555663704872131e-02,1.729908585548400879e-02,7.060289382934570312e-02,1.780272424221038818e-01
6.030187010765075684e-01,1.879487931728363037e-02,8.897683769464492798e-02,8.769486099481582642e-03,1.642178148031234741e-01,1.162221878767013550e-01
5.972846746444702148e-01,1.393746584653854370e-02,1.172925159335136414e-01,8.132631890475749969e-03,1.822839677333831787e-01,8.106879144906997681e-02
5.156937837600708008e-01,1.389878988265991211e-02,1.145046651363372803e-01,6.915620993822813034e-03,2.702891826629638672e-01,7.869793474674224854e-02
5.956910252571105957e-01,1.085431035608053207e-02,6.392756104469299316e-02,7.585059851408004761e-03,1.543558835983276367e-01,1.675861775875091553e-01
5.977671742439270020e-01,1.134303770959377289e-02,3.206866979598999023e-02,8.659595623612403870e-03,1.092345342040061951e-01,2.409269660711288452e-01
7.031763792037963867e-01,1.921560615301132202e-02,3.671769425272941589e-02,1.130365300923585892e-02,9.060950577259063721e-02,1.389771550893783569e-01
7.347673177719116211e-01,1.801307499408721924e-02,3.212068974971771240e-02,1.266099885106086731e-02,5.804535746574401855e-02,1.443924605846405029e-01
7.121718525886535645e-01,2.952461317181587219e-02,1.035374775528907776e-01,1.531247235834598541e-02,8.322861045598983765e-02,5.622494220733642578e-02
6.449532508850097656e-01,2.634870633482933044e-02,1.688463985919952393e-01,1.111614704132080078e-02,1.135056093335151672e-01,3.522979468107223511e-02
5.245841741561889648e-01,2.121728099882602692e-02,2.350157052278518677e-01,8.920264430344104767e-03,1.828105002641677856e-01,2.745207026600837708e-02
5.193012356758117676e-01,1.803488656878471375e-02,2.577075064182281494e-01,1.090194378048181534e-02,1.708908677101135254e-01,2.316356450319290161e-02
5.254026055335998535e-01,1.425903197377920151e-02,1.122809723019599915e-01,5.268388427793979645e-03,3.042604029178619385e-01,3.852870315313339233e-02
5.502768158912658691e-01,1.148710679262876511e-02,6.807968020439147949e-02,8.601240813732147217e-03,2.579912841320037842e-01,1.035639643669128418e-01
6.318448781967163086e-01,1.399382390081882477e-02,3.025159984827041626e-02,9.563282132148742676e-03,1.479504853487014771e-01,1.663959473371505737e-01
6.656410098075866699e-01,2.471037395298480988e-02,2.983200177550315857e-02,1.254679076373577118e-02,1.060760915279388428e-01,1.611937284469604492e-01
6.723616123199462891e-01,4.371079057455062866e-02,3.771399706602096558e-02,1.494120061397552490e-02,7.185024768114089966e-02,1.594222784042358398e-01
6.852094531059265137e-01,5.386007949709892273e-02,3.784913942217826843e-02,2.001010254025459290e-02,4.087867215275764465e-02,1.621925234794616699e-01
7.110759019851684570e-01,4.137706756591796875e-02,4.406446218490600586e-02,1.198663562536239624e-02,6.638825684785842896e-02,1.251077651977539062e-01
7.182146906852722168e-01,1.365393958985805511e-02,4.597042500972747803e-02,1.190997846424579620e-02,6.107171252369880676e-02,1.491792649030685425e-01
7.483933568000793457e-01,8.913686498999595642e-03,5.856949463486671448e-02,1.732395961880683899e-02,5.345074832439422607e-02,1.133487522602081299e-01
7.994086146354675293e-01,5.863207392394542694e-03,4.294022172689437866e-02,1.822676323354244232e-02,4.346859455108642578e-02,9.009257704019546509e-02
7.565046548843383789e-01,7.162919733673334122e-03,5.716138333082199097e-02,1.484909281134605408e-02,8.483909070491790771e-02,7.948289066553115845e-02
7.303050160408020020e-01,1.037469413131475449e-02,6.322412192821502686e-02,1.359181478619575500e-02,1.106481030583381653e-01,7.185626775026321411e-02
7.265861034393310547e-01,1.463097427040338516e-02,7.189428806304931641e-02,1.037606131285429001e-02,1.288130730390548706e-01,4.769956693053245544e-02
6.526024937629699707e-01,1.843462139368057251e-02,7.993070036172866821e-02,8.815906941890716553e-03,1.731234639883041382e-01,6.709282100200653076e-02
6.879333257675170898e-01,2.157068811357021332e-02,5.639106780290603638e-02,1.145674008876085281e-02,1.087658107280731201e-01,1.138823479413986206e-01
7.058858871459960938e-01,3.743822500109672546e-02,4.553714394569396973e-02,7.102670148015022278e-03,1.259000897407531738e-01,7.813606411218643188e-02
6.269410848617553711e-01,5.905281379818916321e-02,4.352684319019317627e-02,5.664607509970664978e-03,1.818476617336273193e-01,8.296689391136169434e-02
5.967420935630798340e-01,5.602489784359931946e-02,3.813378512859344482e-02,3.744428278878331184e-03,2.473880648612976074e-01,5.796672031283378601e-02
5.348556637763977051e-01,3.031187318265438080e-02,3.604470938444137573e-02,3.450897289440035820e-03,3.101507127285003662e-01,8.518616110086441040e-02
6.456027030944824219e-01,1.684623397886753082e-02,3.681943938136100769e-02,6.466631311923265457e-03,1.708603799343109131e-01,1.234045401215553284e-01
6.647194623947143555e-01,1.310906745493412018e-02,3.438183292746543884e-02,8.425397798418998718e-03,1.237055733799934387e-01,1.556586325168609619e-01
6.569243073463439941e-01,1.253749988973140717e-02,3.691605478525161743e-02,1.014490611851215363e-02,1.065116226673126221e-01,1.769656538963317871e-01
6.683577299118041992e-01,2.418272942304611206e-02,5.796230584383010864e-02,1.200004387646913528e-02,1.146986186504364014e-01,1.227986216545104980e-01
7.078290581703186035e-01,2.716772630810737610e-02,5.201407521963119507e-02,9.928680025041103363e-03,1.005698367953300476e-01,1.024905741214752197e-01
7.362084388732910156e-01,3.121512196958065033e-02,4.285867139697074890e-02,1.103869266808032990e-02,6.609208881855010986e-02,1.125868558883666992e-01
7.623425722122192383e-01,1.382549759000539780e-02,4.601038247346878052e-02,1.710864715278148651e-02,3.219830617308616638e-02,1.285145431756973267e-01
7.795024514198303223e-01,1.848324760794639587e-02,4.170776158571243286e-02,1.357802934944629669e-02,3.280388563871383667e-02,1.139245182275772095e-01
7.853014469146728516e-01,3.305101022124290466e-02,4.470667615532875061e-02,1.984851434826850891e-02,2.007889188826084137e-02,9.701348096132278442e-02
7.768298983573913574e-01,3.818250074982643127e-02,5.277593433856964111e-02,1.925045996904373169e-02,3.146200254559516907e-02,8.149920403957366943e-02
7.540106773376464844e-01,7.378584146499633789e-02,5.614750459790229797e-02,1.641043089330196381e-02,4.410184547305107117e-02,5.554369091987609863e-02
7.376140952110290527e-01,7.182069122791290283e-02,4.626710340380668640e-02,1.510252803564071655e-02,5.812049657106399536e-02,7.107506692409515381e-02
7.372955083847045898e-01,6.961094588041305542e-02,4.517585039138793945e-02,1.512513961642980576e-02,6.182204559445381165e-02,7.097043097019195557e-02
6.598275303840637207e-01,1.113622859120368958e-01,3.868685290217399597e-02,1.027454808354377747e-02,9.862713515758514404e-02,8.122153580188751221e-02
6.665881276130676270e-01,9.633787721395492554e-02,3.916561976075172424e-02,1.021529734134674072e-02,9.869431704282760620e-02,8.899872750043869019e-02
5.660497546195983887e-01,1.682846546173095703e-01,4.397360980510711670e-02,8.910253643989562988e-03,1.391145884990692139e-01,7.366710156202316284e-02
6.011669039726257324e-01,7.634784281253814697e-02,3.901476785540580750e-02,8.556074462831020355e-03,1.217516511678695679e-01,1.531628072261810303e-01
6.207364201545715332e-01,6.726495176553726196e-02,5.248073488473892212e-02,1.009932626038789749e-02,1.267515420913696289e-01,1.226669624447822571e-01
6.462032198905944824e-01,3.712118417024612427e-02,1.151706576347351074e-01,1.420732866972684860e-02,9.869924187660217285e-02,8.859835565090179443e-02
6.320864558219909668e-01,2.470286563038825989e-02,1.591421216726303101e-01,1.618872024118900299e-02,1.048402190208435059e-01,6.303955614566802979e-02
6.421468257904052734e-01,1.670868881046772003e-02,2.001777887344360352e-01,1.913320459425449371e-02,7.662589848041534424e-02,4.520769789814949036e-02
6.693162322044372559e-01,2.387749776244163513e-02,1.466040164232254028e-01,1.314873993396759033e-02,1.041890978813171387e-01,4.286451637744903564e-02
6.670868396759033203e-01,1.335079222917556763e-02,6.407139450311660767e-02,6.673916243016719818e-03,1.539844721555709839e-01,9.483262896537780762e-02
6.192998886108398438e-01,1.338414382189512253e-02,5.332724750041961670e-02,7.495222613215446472e-03,1.402624249458312988e-01,1.662311404943466187e-01
5.713763833045959473e-01,1.172789372503757477e-02,4.917797073721885681e-02,6.678400561213493347e-03,1.626849472522735596e-01,1.983543932437896729e-01
5.173431038856506348e-01,2.147515304386615753e-02,4.913168027997016907e-02,6.773075088858604431e-03,1.833576411008834839e-01,2.219193726778030396e-01
5.590697526931762695e-01,3.338744863867759705e-02,4.686661809682846069e-02,8.733411319553852081e-03,1.478916555643081665e-01,2.040511071681976318e-01
5.453348159790039062e-01,1.960053853690624237e-02,3.812896832823753357e-02,7.745568174868822098e-03,1.726609766483306885e-01,2.165292054414749146e-01
5.256100893020629883e-01,1.483802776783704758e-02,2.594315819442272186e-02,4.803761839866638184e-03,2.550221383571624756e-01,1.737829148769378662e-01
5.977002978324890137e-01,1.390647981315851212e-02,3.004072420299053192e-02,5.549046210944652557e-03,2.225258350372314453e-01,1.302775740623474121e-01
6.927428841590881348e-01,1.308756880462169647e-02,4.929082095623016357e-02,7.111649494618177414e-03,1.494188755750656128e-01,8.834817260503768921e-02
7.556611895561218262e-01,1.407153159379959106e-02,5.312705785036087036e-02,9.612079709768295288e-03,8.862999826669692993e-02,7.889817655086517334e-02
7.911764979362487793e-01,2.808645926415920258e-02,8.238933235406875610e-02,1.946284063160419464e-02,3.513466194272041321e-02,4.375028982758522034e-02
8.102132081985473633e-01,1.870290376245975494e-02,6.953902542591094971e-02,1.980345882475376129e-02,2.874462306499481201e-02,5.299669504165649414e-02
7.895322442054748535e-01,1.883676275610923767e-02,8.914925158023834229e-02,1.999446563422679901e-02,3.238260373473167419e-02,5.010474473237991333e-02
7.366817593574523926e-01,1.850219629704952240e-02,1.254636794328689575e-01,2.087992988526821136e-02,5.772422999143600464e-02,4.074818640947341919e-02
7.517044544219970703e-01,1.373390387743711472e-02,8.636490255594253540e-02,1.349514350295066833e-02,6.475400179624557495e-02,6.994764506816864014e-02
6.604608893394470215e-01,2.446982637047767639e-02,1.498836427927017212e-01,1.201612874865531921e-02,1.135202795267105103e-01,3.964921832084655762e-02
6.183292269706726074e-01,2.844005078077316284e-02,2.032396644353866577e-01,1.410073135048151016e-02,1.005048453807830811e-01,3.538545593619346619e-02
6.847231388092041016e-01,2.390880510210990906e-02,1.046831756830215454e-01,1.013100892305374146e-02,1.212774366140365601e-01,5.527655407786369324e-02
5.017321705818176270e-01,4.127494245767593384e-02,2.592833638191223145e-01,9.152064099907875061e-03,1.701535582542419434e-01,1.840385608375072479e-02
4.602808356285095215e-01,3.383220732212066650e-02,3.725686073303222656e-01,3.290147706866264343e-02,7.529014348983764648e-02,2.512668073177337646e-02
4.813901185989379883e-01,1.601080410182476044e-02,3.805979788303375244e-01,3.509459272027015686e-02,6.145371496677398682e-02,2.545271627604961395e-02
5.327991843223571777e-01,1.431007403880357742e-02,2.954680323600769043e-01,2.655411697924137115e-02,8.372538536787033081e-02,4.714316502213478088e-02
6.339401602745056152e-01,1.324151549488306046e-02,1.296228319406509399e-01,1.686012558639049530e-02,1.084175035357475281e-01,9.791795164346694946e-02
6.009891033172607422e-01,6.945448461920022964e-03,6.407654285430908203e-02,8.244205266237258911e-03,1.901390850543975830e-01,1.296054720878601074e-01
5.602277517318725586e-01,7.091369479894638062e-03,3.761746361851692200e-02,3.543634666129946709e-03,2.805282473564147949e-01,1.109915524721145630e-01
6.847873926162719727e-01,1.022498495876789093e-02,4.091527312994003296e-02,6.699265912175178528e-03,1.540528386831283569e-01,1.033201366662979126e-01
6.935500502586364746e-01,1.398916076868772507e-02,3.780696168541908264e-02,7.515085861086845398e-03,1.489167064428329468e-01,9.822205454111099243e-02
7.308132648468017578e-01,4.882473498582839966e-02,5.466123297810554504e-02,1.377596426755189896e-02,8.449390530586242676e-02,6.743073463439941406e-02
7.814883589744567871e-01,7.481938600540161133e-02,4.122228547930717468e-02,2.554654516279697418e-02,2.814904972910881042e-02,4.877435043454170227e-02
7.035942673683166504e-01,1.717187911272048950e-01,4.601378366351127625e-02,3.409404680132865906e-02,1.959838345646858215e-02,2.498062513768672943e-02
6.135479807853698730e-01,2.737032473087310791e-01,3.756485879421234131e-02,4.193707928061485291e-02,1.281610596925020218e-02,2.043066173791885376e-02
5.753059387207031250e-01,3.119663596153259277e-01,3.824425488710403442e-02,4.608068987727165222e-02,1.055414322763681412e-02,1.784872822463512421e-02
4.833159744739532471e-01,4.393275678157806396e-01,3.086864762008190155e-02,2.091345191001892090e-02,1.325389929115772247e-02,1.232042256742715836e-02
4.783931672573089600e-01,4.445240199565887451e-01,3.080287948250770569e-02,1.979175023734569550e-02,1.395921315997838974e-02,1.252906117588281631e-02
4.784601330757141113e-01,4.444521665573120117e-01,3.080364316701889038e-02,1.979324594140052795e-02,1.395974960178136826e-02,1.253101788461208344e-02
4.784601330757141113e-01,4.444522261619567871e-01,3.080364316701889038e-02,1.979322172701358795e-02,1.395975612103939056e-02,1.253101788461208344e-02
4.784601330757141113e-01,4.444522261619567871e-01,3.080364316701889038e-02,1.979321613907814026e-02,1.395976264029741287e-02,1.253101136535406113e-02
4.784601330757141113e-01,4.444522559642791748e-01,3.080364316701889038e-02,1.979321427643299103e-02,1.395976636558771133e-02,1.253100484609603882e-02
4.784601926803588867e-01,4.444522261619567871e-01,3.080364689230918884e-02,1.979321613907814026e-02,1.395977102220058441e-02,1.253100670874118805e-02
4.784601330757141113e-01,4.444522261619567871e-01,3.080365061759948730e-02,1.979321427643299103e-02,1.395977009087800980e-02,1.253100484609603882e-02
4.784600734710693359e-01,4.444522559642791748e-01,3.080364689230918884e-02,1.979320496320724487e-02,1.395977381616830826e-02,1.253100112080574036e-02
4.784600734710693359e-01,4.444523155689239502e-01,3.080365434288978577e-02,1.979320496320724487e-02,1.395978126674890518e-02,1.253099739551544189e-02
4.784600734710693359e-01,4.444522559642791748e-01,3.080365434288978577e-02,1.979320496320724487e-02,1.395978126674890518e-02,1.253099460154771805e-02
4.784601330757141113e-01,4.444522559642791748e-01,3.080366551876068115e-02,1.979319937527179718e-02,1.395978312939405441e-02,1.253098715096712112e-02
4.784600138664245605e-01,4.444523751735687256e-01,3.080367110669612885e-02,1.979318261146545410e-02,1.395978964865207672e-02,1.253097783774137497e-02
4.784600138664245605e-01,4.444523751735687256e-01,3.080367110669612885e-02,1.979317516088485718e-02,1.395980268716812134e-02,1.253097224980592728e-02
4.784600138664245605e-01,4.444523751735687256e-01,3.080368600785732269e-02,1.979317516088485718e-02,1.395981293171644211e-02,1.253096666187047958e-02
4.784599542617797852e-01,4.444524049758911133e-01,3.080369718372821808e-02,1.979315839707851410e-02,1.395982410758733749e-02,1.253094710409641266e-02
4.784600734710693359e-01,4.444524347782135010e-01,3.080372512340545654e-02,1.979315653443336487e-02,1.395982783287763596e-02,1.253092661499977112e-02
4.784761369228363037e-01,4.444377720355987549e-01,3.080028109252452850e-02,1.979731023311614990e-02,1.395689509809017181e-02,1.253162790089845657e-02
4.781981706619262695e-01,4.454842507839202881e-01,3.045310266315937042e-02,1.904040202498435974e-02,1.431311201304197311e-02,1.251107826828956604e-02
6.555200219154357910e-01,2.592807710170745850e-01,3.571603447198867798e-02,2.009766548871994019e-02,1.638095267117023468e-02,1.300447620451450348e-02
6.387685537338256836e-01,3.043401241302490234e-01,2.242765389382839203e-02,1.316333562135696411e-02,9.426432661712169647e-03,1.187400240451097488e-02
6.582860350608825684e-01,3.061330914497375488e-01,1.349566597491502762e-02,8.543000556528568268e-03,4.168003331869840622e-03,9.374230168759822845e-03
7.952843904495239258e-01,1.781418770551681519e-01,8.385161869227886200e-03,7.566867861896753311e-03,2.216377062723040581e-03,8.405310101807117462e-03
6.597944498062133789e-01,3.129660487174987793e-01,2.068244386464357376e-03,1.973780058324337006e-02,2.404080441920086741e-04,5.192979704588651657e-03
4.499417245388031006e-01,5.270457267761230469e-01,2.470895415171980858e-04,1.993636414408683777e-02,1.712872472126036882e-05,2.811992075294256210e-03
7.492978572845458984e-01,2.332779169082641602e-01,9.733332262840121984e-05,1.463159453123807907e-02,6.592351837753085420e-06,2.688710112124681473e-03
6.491086483001708984e-01,3.334093987941741943e-01,1.251855574082583189e-04,1.419536955654621124e-02,8.844523108564317226e-06,3.152619814500212669e-03
7.783655524253845215e-01,2.010577023029327393e-01,1.376184372929856181e-04,1.618461310863494873e-02,1.111529400077415630e-05,4.243371076881885529e-03
9.341841936111450195e-01,4.887324571609497070e-02,4.405752988532185555e-04,8.355318568646907806e-03,6.259398651309311390e-05,8.084146305918693542e-03
9.356142878532409668e-01,2.121778391301631927e-02,6.024205125868320465e-03,2.047692611813545227e-02,8.521907147951424122e-04,1.581458374857902527e-02
9.335394501686096191e-01,9.974238462746143341e-03,1.062607578933238983e-02,2.288316190242767334e-02,1.567967468872666359e-03,2.140909992158412933e-02
9.201428890228271484e-01,1.721117645502090454e-02,1.744550839066505432e-02,1.178532745689153671e-02,4.059055354446172714e-03,2.935598231852054596e-02
8.359048962593078613e-01,5.079718306660652161e-02,3.505088388919830322e-02,2.378209680318832397e-02,8.216599933803081512e-03,4.624840617179870605e-02
7.774564623832702637e-01,8.148273825645446777e-02,2.592559158802032471e-02,4.914486780762672424e-02,5.948063451796770096e-03,6.004239246249198914e-02
6.891812086105346680e-01,1.510894149541854858e-01,1.952762901782989502e-02,7.979059219360351562e-02,5.126952193677425385e-03,5.528428778052330017e-02
6.468961834907531738e-01,1.956131160259246826e-01,1.835868135094642639e-02,9.055645018815994263e-02,5.748761817812919617e-03,4.282676428556442261e-02
6.691747903823852539e-01,1.691656112670898438e-01,1.928081735968589783e-02,1.035793945193290710e-01,5.652929190546274185e-03,3.314640745520591736e-02
6.731290817260742188e-01,1.875644028186798096e-01,2.075387537479400635e-02,8.504613488912582397e-02,6.998827215284109116e-03,2.650773711502552032e-02
7.162497043609619141e-01,1.476184874773025513e-01,2.136321365833282471e-02,8.033363521099090576e-02,7.526198402047157288e-03,2.690873853862285614e-02
7.173902988433837891e-01,1.252439916133880615e-01,2.309863455593585968e-02,9.736749529838562012e-02,7.998656481504440308e-03,2.890099398791790009e-02
7.484484314918518066e-01,1.104457452893257141e-01,2.347976155579090118e-02,8.247252553701400757e-02,8.483256213366985321e-03,2.667020075023174286e-02
7.478961944580078125e-01,1.084979251027107239e-01,2.394407987594604492e-02,8.276595175266265869e-02,9.321868419647216797e-03,2.757407724857330322e-02
7.561863660812377930e-01,1.110342442989349365e-01,2.439383231103420258e-02,6.935581564903259277e-02,1.120456028729677200e-02,2.782525308430194855e-02
7.673740983009338379e-01,9.692749381065368652e-02,2.389170043170452118e-02,7.553158700466156006e-02,9.846617467701435089e-03,2.642859518527984619e-02
7.554756402969360352e-01,1.057447493076324463e-01,2.396460250020027161e-02,7.681921124458312988e-02,1.006376091390848160e-02,2.793201990425586700e-02
7.614423632621765137e-01,1.013174057006835938e-01,2.468174509704113007e-02,7.280594855546951294e-02,1.177269406616687775e-02,2.797981910407543182e-02
7.547096610069274902e-01,1.039788350462913513e-01,2.490647509694099426e-02,7.705134898424148560e-02,1.133130490779876709e-02,2.802231162786483765e-02
7.381382584571838379e-01,1.182546019554138184e-01,2.558040805160999298e-02,7.726336270570755005e-02,1.182127092033624649e-02,2.894213423132896423e-02
7.529676556587219238e-01,1.035852953791618347e-01,2.592600882053375244e-02,7.453418523073196411e-02,1.254283729940652847e-02,3.044400922954082489e-02
7.398496866226196289e-01,1.225766018033027649e-01,2.565602585673332214e-02,6.946866214275360107e-02,1.300771255046129227e-02,2.944129891693592072e-02
7.628057599067687988e-01,9.190283715724945068e-02,2.437698096036911011e-02,8.122356235980987549e-02,1.059447880834341049e-02,2.909624204039573669e-02
