8.396281599998474121e-01,3.937991708517074585e-02,4.376819924800656736e-05,1.037060394883155823e-01,4.929368060402339324e-06,1.723721995949745178e-02
6.218103170394897461e-01,4.674714803695678711e-02,6.434149690903723240e-05,3.113676607608795166e-01,4.693349637818755582e-06,2.000581473112106323e-02
7.336254119873046875e-01,7.038932293653488159e-02,1.924647222040221095e-04,1.668428331613540649e-01,1.672927101026289165e-05,2.893328294157981873e-02
8.040332794189453125e-01,4.784925282001495361e-02,4.632593772839754820e-04,1.207367777824401855e-01,5.389926445786841214e-05,2.686353214085102081e-02
7.250652313232421875e-01,7.885432988405227661e-02,8.451842586509883404e-04,1.586373150348663330e-01,8.629416697658598423e-05,3.651174157857894897e-02
9.034709930419921875e-01,2.751352824270725250e-02,3.222077793907374144e-04,3.188791126012802124e-02,5.601940938504412770e-05,3.674931824207305908e-02
8.270877003669738770e-01,7.133290916681289673e-02,5.948128527961671352e-04,5.641006305813789368e-02,7.513730815844610333e-05,4.449935629963874817e-02
3.442786335945129395e-01,1.330678164958953857e-01,2.480929251760244370e-04,5.027849078178405762e-01,1.455336951039498672e-05,1.960599981248378754e-02
2.473623305559158325e-01,1.509648114442825317e-01,2.411264867987483740e-04,5.923557281494140625e-01,1.301945212617283687e-05,9.063071571290493011e-03
2.268339544534683228e-01,1.460286527872085571e-01,6.131726549938321114e-04,6.199916005134582520e-01,3.646438926807604730e-05,6.496166810393333435e-03
5.139095187187194824e-01,1.834756582975387573e-01,3.352198982611298561e-03,2.906225621700286865e-01,3.927347133867442608e-04,8.247246034443378448e-03
8.668564558029174805e-01,3.954107314348220825e-02,7.060482632368803024e-03,7.605919241905212402e-02,1.522005070000886917e-03,8.960706181824207306e-03
8.979965448379516602e-01,2.505050972104072571e-02,4.169278964400291443e-02,1.191051770001649857e-02,1.490331813693046570e-02,8.446184918284416199e-03
9.198776483535766602e-01,9.824640117585659027e-03,3.506666421890258789e-02,1.402900088578462601e-02,1.406922843307256699e-02,7.132937200367450714e-03
9.303171038627624512e-01,8.806599304080009460e-03,2.347759529948234558e-02,2.398273348808288574e-02,5.854624789208173752e-03,7.561199367046356201e-03
9.069977402687072754e-01,1.623632200062274933e-02,2.304338477551937103e-02,3.861126303672790527e-02,5.882027093321084976e-03,9.229309856891632080e-03
8.691198825836181641e-01,3.575084358453750610e-02,2.540939860045909882e-02,5.031099170446395874e-02,7.629226893186569214e-03,1.177956257015466690e-02
8.366206884384155273e-01,6.029104068875312805e-02,2.500367909669876099e-02,5.274261534214019775e-02,9.866043925285339355e-03,1.547601073980331421e-02
7.827083468437194824e-01,9.819493442773818970e-02,2.582467719912528992e-02,6.321553140878677368e-02,1.095439773052930832e-02,1.910203136503696442e-02
7.793967723846435547e-01,1.003404110670089722e-01,2.414294891059398651e-02,6.229736283421516418e-02,1.075408514589071274e-02,2.306843921542167664e-02
7.364375591278076172e-01,1.265851557254791260e-01,2.390493266284465790e-02,7.657032459974288940e-02,9.580401703715324402e-03,2.692164853215217590e-02
7.456249594688415527e-01,1.058366596698760986e-01,2.279481291770935059e-02,8.844695240259170532e-02,8.086021058261394501e-03,2.921055257320404053e-02
7.506148815155029297e-01,1.067680194973945618e-01,2.472076937556266785e-02,8.166740089654922485e-02,8.936233818531036377e-03,2.729265019297599792e-02
7.073007822036743164e-01,1.570467203855514526e-01,2.533725276589393616e-02,6.963684409856796265e-02,1.179102156311273575e-02,2.888731844723224640e-02
7.402402758598327637e-01,1.210461482405662537e-01,2.739082276821136475e-02,7.351344823837280273e-02,1.239649578928947449e-02,2.541285008192062378e-02
7.315963506698608398e-01,1.185601577162742615e-01,2.723634615540504456e-02,8.419116586446762085e-02,1.136404555290937424e-02,2.705196850001811981e-02
7.312749028205871582e-01,1.171685457229614258e-01,2.646944858133792877e-02,8.698182553052902222e-02,1.005419529974460602e-02,2.805101498961448669e-02
7.583065629005432129e-01,1.040678620338439941e-01,2.432582899928092957e-02,7.572624087333679199e-02,9.845959953963756561e-03,2.772753685712814331e-02
7.572719454765319824e-01,1.043509617447853088e-01,2.268785052001476288e-02,7.823137193918228149e-02,8.738723583519458771e-03,2.871905639767646790e-02
7.968643903732299805e-01,8.110836148262023926e-02,2.282892540097236633e-02,5.155726894736289978e-02,1.411200128495693207e-02,3.352918103337287903e-02
8.011922836303710938e-01,1.944020390510559082e-02,8.055259473621845245e-03,1.418882608413696289e-01,3.046609694138169289e-03,2.637749724090099335e-02
5.127340555191040039e-01,2.331459335982799530e-02,2.251987345516681671e-03,4.488102793693542480e-01,4.404968058224767447e-04,1.244856417179107666e-02
2.787893116474151611e-01,7.640548050403594971e-03,5.198379512876272202e-04,7.010234594345092773e-01,9.809595212573185563e-05,1.192875672131776810e-02
2.789495289325714111e-01,8.938250131905078888e-03,7.313256501220166683e-04,7.042618393898010254e-01,1.068941928679123521e-04,7.012114394456148148e-03
4.668604433536529541e-01,6.691765040159225464e-02,1.819515484385192394e-03,4.508710801601409912e-01,4.466799146030098200e-04,1.308466680347919464e-02
6.762324571609497070e-01,1.380916833877563477e-01,1.200278848409652710e-02,1.509984135627746582e-01,3.856914816424250603e-03,1.881769113242626190e-02
6.180623769760131836e-01,2.795349657535552979e-01,3.666562587022781372e-02,2.159830927848815918e-02,2.522189170122146606e-02,1.891677454113960266e-02
4.785345494747161865e-01,4.443711936473846436e-01,3.080552443861961365e-02,1.980189234018325806e-02,1.395630929619073868e-02,1.253053452819585800e-02
4.784582853317260742e-01,4.444542527198791504e-01,3.080347180366516113e-02,1.979328319430351257e-02,1.395956240594387054e-02,1.253103464841842651e-02
4.784614443778991699e-01,4.444508850574493408e-01,3.080353513360023499e-02,1.979356817901134491e-02,1.395943481475114822e-02,1.253099739551544189e-02
4.784621596336364746e-01,4.444503486156463623e-01,3.080354630947113037e-02,1.979361288249492645e-02,1.395940314978361130e-02,1.253096945583820343e-02
4.784628152847290039e-01,4.444496035575866699e-01,3.080354817211627960e-02,1.979367807507514954e-02,1.395935472100973129e-02,1.253094989806413651e-02
4.784635007381439209e-01,4.444489777088165283e-01,3.080355003476142883e-02,1.979375258088111877e-02,1.395929511636495590e-02,1.253092102706432343e-02
4.784551560878753662e-01,4.444580376148223877e-01,3.080358728766441345e-02,1.979309692978858948e-02,1.395942084491252899e-02,1.253069564700126648e-02
4.772800207138061523e-01,4.459451138973236084e-01,3.070496208965778351e-02,1.948873512446880341e-02,1.407353114336729050e-02,1.250763144344091415e-02
6.706639528274536133e-01,2.138051688671112061e-01,3.613222762942314148e-02,3.257736191153526306e-02,2.312103658914566040e-02,2.370017208158969879e-02
7.405025959014892578e-01,8.423875272274017334e-02,9.776013903319835663e-03,1.450036168098449707e-01,3.275772556662559509e-03,1.720323413610458374e-02
5.123342871665954590e-01,4.030081629753112793e-02,8.420281228609383106e-04,4.326561391353607178e-01,1.658505498198792338e-04,1.370077300816774368e-02
3.644479215145111084e-01,1.096798107028007507e-02,1.413794088875874877e-04,6.185912489891052246e-01,1.262511523236753419e-05,5.838963203132152557e-03
4.893355369567871094e-01,5.746178794652223587e-03,3.604152880143374205e-05,5.003103017807006836e-01,2.295401145602227189e-06,4.569611512124538422e-03
8.231997489929199219e-01,1.251402404159307480e-02,2.529478115320671350e-05,1.567838191986083984e-01,1.999672122110496275e-06,7.475059479475021362e-03
8.369109630584716797e-01,2.288371883332729340e-02,8.141758735291659832e-05,1.294515877962112427e-01,6.220980139914900064e-06,1.066614687442779541e-02
7.697021365165710449e-01,7.401873916387557983e-02,5.549359484575688839e-04,1.384899765253067017e-01,4.883801739197224379e-05,1.718538440763950348e-02
3.226202428340911865e-01,2.063260227441787720e-01,8.096710662357509136e-04,4.537029266357421875e-01,4.694582094089128077e-05,1.649414189159870148e-02
2.833193540573120117e-01,2.816985249519348145e-01,1.373524661175906658e-03,4.197788238525390625e-01,7.916441245470196009e-05,1.375061459839344025e-02
5.125368237495422363e-01,2.302087396383285522e-01,7.963107782416045666e-04,2.074522227048873901e-01,8.242979674832895398e-05,4.892348125576972961e-02
8.916168808937072754e-01,3.532010316848754883e-02,1.080273068509995937e-04,5.811153352260589600e-02,1.139233700087061152e-05,1.483224704861640930e-02
9.643512368202209473e-01,1.363164279609918594e-02,3.241308513679541647e-05,5.511212628334760666e-03,7.204875601019011810e-06,1.646623574197292328e-02
9.700589179992675781e-01,4.997479729354381561e-03,9.123533345700707287e-06,3.804762149229645729e-03,2.716150902415392920e-06,2.112700790166854858e-02
9.739728569984436035e-01,2.005870686843991280e-03,5.103368948766728863e-06,7.387086749076843262e-03,1.154693563876207918e-06,1.662798598408699036e-02
8.101415038108825684e-01,8.421351201832294464e-03,1.398303720634430647e-05,1.563042253255844116e-01,1.313358666266140062e-06,2.511748485267162323e-02
8.767725229263305664e-01,2.509648445993661880e-03,1.140413678513141349e-05,1.076074913144111633e-01,9.106483958021271974e-07,1.309810299426317215e-02
6.419648528099060059e-01,5.999243352562189102e-03,3.708999429363757372e-05,3.354814946651458740e-01,2.494162345101358369e-06,1.651474460959434509e-02
7.826111912727355957e-01,6.474031601101160049e-03,4.410083056427538395e-05,1.863160878419876099e-01,4.213843112665927038e-06,2.455043047666549683e-02
9.074603319168090820e-01,8.302270434796810150e-03,5.338994378689676523e-05,3.895667195320129395e-02,9.780943400983233005e-06,4.521747305989265442e-02
9.260424971580505371e-01,2.569494768977165222e-03,2.450895954098086804e-05,2.025675028562545776e-02,5.338247774488991126e-06,5.110136047005653381e-02
9.006668329238891602e-01,2.105388790369033813e-03,7.975999324116855860e-06,1.330387871712446213e-02,2.081133970932569355e-06,8.391399681568145752e-02
9.196484088897705078e-01,1.398704713210463524e-03,3.741271711987792514e-06,4.955396987497806549e-03,1.209280299008241855e-06,7.399260997772216797e-02
9.718840122222900391e-01,9.959801100194454193e-04,4.992103640688583255e-06,9.036330506205558777e-03,8.670244255881698336e-07,1.807787269353866577e-02
9.790996909141540527e-01,1.576966489665210247e-03,9.580085134075488895e-06,4.394150804728269577e-03,2.340944547540857457e-06,1.491728983819484711e-02
9.834818840026855469e-01,1.086080214008688927e-03,5.345422323443926871e-06,2.475407905876636505e-03,1.390283159707905725e-06,1.294973120093345642e-02
9.895287156105041504e-01,4.161713004577904940e-04,5.242159204499330372e-06,1.024759025312960148e-03,1.908992999233305454e-06,9.023320861160755157e-03
9.770213961601257324e-01,1.455079414881765842e-03,2.395858246018178761e-05,9.204650297760963440e-03,4.650970367947593331e-06,1.229024864733219147e-02
9.091450572013854980e-01,6.151087000034749508e-04,4.499020633375039324e-06,1.952259801328182220e-03,2.230022801086306572e-06,8.828070759773254395e-02
8.737024664878845215e-01,1.559696043841540813e-03,7.484737125196261331e-06,4.914212971925735474e-03,3.081406475757830776e-06,1.198129877448081970e-01
8.801051974296569824e-01,2.187267644330859184e-03,7.395718967018183321e-06,6.944519467651844025e-03,3.206871042493730783e-06,1.107523962855339050e-01
4.749892354011535645e-01,1.700429245829582214e-03,1.733556132421654183e-06,2.574122510850429535e-03,1.565053366903157439e-06,5.207329392433166504e-01
5.854702591896057129e-01,1.913051470182836056e-03,1.501922724855830893e-06,1.718231942504644394e-03,1.376144382447819225e-06,4.108955264091491699e-01
7.882387638092041016e-01,4.566933959722518921e-03,3.946568085666513070e-06,3.215766744688153267e-03,2.127025027220952325e-06,2.039724439382553101e-01
8.200368285179138184e-01,2.471780404448509216e-03,2.635108785398188047e-06,1.014696899801492691e-03,1.898055643323459662e-06,1.764722317457199097e-01
9.766730666160583496e-01,1.721606357023119926e-03,3.975978415837744251e-06,4.865560622420161963e-04,2.122282012351206504e-06,2.111273631453514099e-02
9.698275923728942871e-01,3.437850158661603928e-03,1.108859123633010313e-05,1.002234756015241146e-03,4.830950729228788987e-06,2.571641281247138977e-02
9.520102739334106445e-01,3.951843362301588058e-03,1.072609029506566003e-05,2.481353934854269028e-03,4.421146513777785003e-06,4.154136031866073608e-02
9.277436733245849609e-01,7.557294797152280807e-03,2.112458787451032549e-05,4.439428448677062988e-03,7.648157406947575510e-06,6.023079901933670044e-02
9.208004474639892578e-01,2.984676137566566467e-02,1.245432940777391195e-04,1.231084112077951431e-02,3.077096698689274490e-05,3.688669577240943909e-02
9.429165720939636230e-01,2.370942197740077972e-02,1.185880682896822691e-04,1.223125681281089783e-02,2.132596273440867662e-05,2.100280672311782837e-02
9.815537929534912109e-01,5.716886837035417557e-03,3.784977161558344960e-05,4.424382466822862625e-03,8.147565495164599270e-06,8.258916437625885010e-03
9.795564413070678711e-01,3.725746413692831993e-03,2.117207077390048653e-05,6.064422428607940674e-03,4.092202743777306750e-06,1.062810793519020081e-02
9.745008945465087891e-01,3.750021103769540787e-03,1.747050191625021398e-05,3.767160233110189438e-03,4.778525180881842971e-06,1.795964315533638000e-02
9.749585986137390137e-01,2.937502227723598480e-03,2.786127515719272196e-05,6.169262807816267014e-03,6.769637820980278775e-06,1.589998975396156311e-02
9.610145688056945801e-01,3.076186403632164001e-03,3.035095141967758536e-05,6.291646976023912430e-03,9.861614671535789967e-06,2.957731671631336212e-02
9.358550906181335449e-01,7.965038530528545380e-03,7.342163735302165151e-05,6.450496613979339600e-03,2.940294325526338071e-05,4.962653666734695435e-02
9.295604228973388672e-01,1.019547600299119949e-02,1.034304077620618045e-04,9.170141071081161499e-03,4.039672785438597202e-05,5.093004927039146423e-02
9.417749643325805664e-01,6.724065635353326797e-03,4.554538463708013296e-05,1.969113945960998535e-02,1.155425525212194771e-05,3.175259381532669067e-02
9.182991981506347656e-01,7.817961275577545166e-03,3.643355012172833085e-05,3.844993561506271362e-02,6.926567039045039564e-06,3.538946062326431274e-02
9.558907747268676758e-01,5.345158744603395462e-03,4.867065945290960371e-05,2.454330585896968842e-02,7.498861577914794907e-06,1.416459213942289352e-02
9.654422402381896973e-01,1.145762973465025425e-03,1.159802377515006810e-05,1.246414612978696823e-02,2.504526946722762659e-06,2.093374170362949371e-02
9.127881526947021484e-01,1.715383143164217472e-03,1.299395626119803637e-05,2.821231819689273834e-02,2.942738547062617727e-06,5.726816505193710327e-02
9.319859743118286133e-01,3.121891291812062263e-03,2.084374318656045943e-05,2.224025130271911621e-02,4.777693447977071628e-06,4.262623935937881470e-02
9.016884565353393555e-01,1.888207509182393551e-03,9.813451470108702779e-06,2.044419571757316589e-02,2.695671582841896452e-06,7.596666365861892700e-02
9.033335447311401367e-01,4.939948674291372299e-03,1.719060855975840241e-05,4.686936363577842712e-02,2.925268290709936991e-06,4.483705013990402222e-02
8.831400275230407715e-01,6.848809774965047836e-03,5.027744191465899348e-05,7.139522582292556763e-02,8.122094186546746641e-06,3.855756297707557678e-02
9.504774808883666992e-01,1.368694589473307133e-03,1.463990247430047020e-05,2.625530026853084564e-02,2.436035856590024196e-06,2.188147790729999542e-02
9.141621589660644531e-01,4.626189358532428741e-03,4.661519051296636462e-05,5.083669349551200867e-02,6.508864771603839472e-06,3.032171912491321564e-02
7.994372844696044922e-01,2.948109246790409088e-02,1.702346053207293153e-04,9.579547494649887085e-02,2.535659768909681588e-05,7.509066909551620483e-02
5.981142520904541016e-01,1.670455373823642731e-02,5.562959995586425066e-05,1.018852442502975464e-01,1.336311561317415908e-05,2.832269966602325439e-01
5.703067779541015625e-01,1.786916516721248627e-02,6.707817374262958765e-05,8.467922359704971313e-02,2.128565938619431108e-05,3.270564973354339600e-01
4.978625178337097168e-01,1.300888322293758392e-02,2.832250174833461642e-05,8.453667908906936646e-02,9.571209375280886889e-06,4.045540690422058105e-01
8.061335682868957520e-01,7.643663790076971054e-03,5.204595436225645244e-05,6.280746310949325562e-02,1.388001146551687270e-05,1.233494281768798828e-01
9.599863886833190918e-01,3.010116750374436378e-03,5.314618101692758501e-05,1.665692031383514404e-02,1.305666501139057800e-05,2.028052881360054016e-02
9.721764326095581055e-01,1.051464001648128033e-03,1.962594615179114044e-05,5.809574853628873825e-03,6.304747785179642960e-06,2.093664743006229401e-02
9.695785045623779297e-01,2.679985773283988237e-04,3.783251258937525563e-06,9.488937794230878353e-04,2.384415211054147221e-06,2.919829636812210083e-02
9.083684086799621582e-01,3.223603998776525259e-04,1.552791104586503934e-06,1.059308648109436035e-03,1.331532303083804436e-06,9.024700522422790527e-02
8.478906750679016113e-01,4.209330654703080654e-04,1.692352043392020278e-06,3.030872670933604240e-03,1.109735990212357137e-06,1.486546248197555542e-01
5.339776873588562012e-01,3.187702270224690437e-03,2.955716581709566526e-06,2.086165174841880798e-02,1.521163426332350355e-06,4.419684708118438721e-01
6.518569588661193848e-01,2.638994716107845306e-03,4.474418801692081615e-06,6.969275884330272675e-03,3.287583240307867527e-06,3.385269343852996826e-01
7.497166395187377930e-01,2.288188412785530090e-02,5.076663728686980903e-05,5.602490156888961792e-02,1.198853260575560853e-05,1.713137924671173096e-01
5.983547568321228027e-01,3.953291848301887512e-02,6.851892248960211873e-05,3.763101994991302490e-02,2.396462150500155985e-05,3.243888020515441895e-01
7.033445239067077637e-01,5.096480622887611389e-02,1.046675679390318692e-04,4.323844239115715027e-02,2.618548933241982013e-05,2.023214101791381836e-01
2.419899404048919678e-01,2.046389579772949219e-01,2.672185655683279037e-04,1.776402592658996582e-01,3.703427864820696414e-05,3.754265904426574707e-01
7.014027982950210571e-02,1.818588376045227051e-01,1.813125272747129202e-04,6.439890861511230469e-01,1.374721978208981454e-05,1.038166880607604980e-01
1.885278373956680298e-01,1.179035902023315430e-01,1.320444425800815225e-04,5.889426469802856445e-01,1.052352126862388104e-05,1.044833064079284668e-01
2.480891644954681396e-01,1.644975543022155762e-01,1.231882197316735983e-04,3.791290521621704102e-01,1.274291753361467272e-05,2.081482559442520142e-01
5.170499086380004883e-01,1.513660997152328491e-01,1.567304861964657903e-04,1.620198935270309448e-01,2.074250551231671125e-05,1.693865805864334106e-01
6.163174510002136230e-01,1.147395521402359009e-01,1.107353527913801372e-04,1.272139549255371094e-01,1.445512953068828210e-05,1.416038423776626587e-01
6.636477708816528320e-01,6.799104064702987671e-02,7.307898340513929725e-05,1.938216201961040497e-02,2.621724161144811660e-05,2.488797754049301147e-01
4.715483188629150391e-01,1.112489178776741028e-01,1.039336711983196437e-04,8.103995770215988159e-02,2.375740405113901943e-05,3.360351026058197021e-01
3.380002379417419434e-01,9.747438132762908936e-03,1.136049013439333066e-05,4.437326267361640930e-02,5.515354132512584329e-06,6.078621149063110352e-01
2.960874140262603760e-01,1.028225198388099670e-02,1.791942486306652427e-05,4.954894259572029114e-02,7.529146387241780758e-06,6.440559029579162598e-01
5.075455307960510254e-01,2.543426305055618286e-02,7.183551497291773558e-05,6.204705312848091125e-02,2.166799822589382529e-05,4.048796892166137695e-01
3.271727859973907471e-01,2.218447327613830566e-01,1.909524289658293128e-04,2.371648997068405151e-01,2.055819641100242734e-05,2.136060297489166260e-01
3.116119503974914551e-01,3.533883690834045410e-01,5.830721929669380188e-04,2.210361808538436890e-01,5.259588942863047123e-05,1.133278310298919678e-01
2.685306966304779053e-01,2.340867817401885986e-01,2.040091058006510139e-04,4.216481447219848633e-01,1.473282463848590851e-05,7.551563531160354614e-02
2.315525561571121216e-01,1.417061984539031982e-01,9.480124572291970253e-05,1.820626705884933472e-01,1.589584826433565468e-05,4.445678591728210449e-01
2.751735746860504150e-01,1.336975991725921631e-01,2.372003364143893123e-04,3.338774740695953369e-01,2.844457048922777176e-05,2.569857239723205566e-01
5.232722163200378418e-01,6.370214372873306274e-02,1.168790695373900235e-04,1.367567628622055054e-01,1.889753548312000930e-05,2.761330902576446533e-01
5.204262137413024902e-01,9.705430269241333008e-02,2.479410613887012005e-04,5.934029445052146912e-02,4.659147452912293375e-05,3.228846192359924316e-01
7.190550565719604492e-01,6.025261059403419495e-02,2.583614550530910492e-04,1.335103362798690796e-01,2.991164728882722557e-05,8.689375966787338257e-02
3.873304426670074463e-01,2.255755960941314697e-01,5.487758317030966282e-04,3.066472411155700684e-01,4.879920015810057521e-05,7.984916865825653076e-02
3.303813636302947998e-01,1.748630851507186890e-01,7.496685720980167389e-04,4.322510063648223877e-01,7.011918205535039306e-05,6.168480962514877319e-02
3.312534987926483154e-01,1.337070018053054810e-01,3.531759721226990223e-04,4.636298716068267822e-01,3.284722697571851313e-05,7.102371752262115479e-02
7.382062077522277832e-01,6.639672070741653442e-02,1.684216840658336878e-04,1.132119596004486084e-01,2.477127418387681246e-05,8.199201524257659912e-02
7.600579857826232910e-01,7.094427198171615601e-02,1.312159438384696841e-04,1.428673416376113892e-01,1.148378396464977413e-05,2.598769590258598328e-02
9.047026038169860840e-01,2.560252882540225983e-02,7.852099952287971973e-05,4.249272868037223816e-02,1.053257710736943409e-05,2.711307257413864136e-02
8.462576270103454590e-01,3.589128330349922180e-02,4.918376725981943309e-05,6.961467117071151733e-02,5.608833816950209439e-06,4.818155243992805481e-02
7.249752879142761230e-01,6.298206001520156860e-02,1.109975491999648511e-04,1.885696798563003540e-01,7.638712304469663650e-06,2.335442975163459778e-02
5.273570418357849121e-01,6.130378693342208862e-02,1.411053090123459697e-04,3.950222730636596680e-01,6.452281922975089401e-06,1.616938225924968719e-02
7.456150054931640625e-01,5.718960613012313843e-02,2.674436254892498255e-04,1.778779178857803345e-01,1.820879515435080975e-05,1.903179846704006195e-02
8.755802512168884277e-01,1.643338799476623535e-02,1.072453815140761435e-04,9.320867061614990234e-02,1.006510501611046493e-05,1.466039847582578659e-02
9.601433277130126953e-01,4.534781444817781448e-03,8.449800225207582116e-05,2.200946584343910217e-02,1.487430108682019636e-05,1.321302261203527451e-02
9.813615679740905762e-01,4.944917163811624050e-04,1.884510493255220354e-05,5.865763872861862183e-03,5.377578872867161408e-06,1.225400622934103012e-02
9.184630513191223145e-01,3.772039897739887238e-03,6.989349640207365155e-05,3.169223293662071228e-02,1.525711286376463249e-05,4.598764330148696899e-02
8.300319314002990723e-01,4.809581208974123001e-03,5.130222052684985101e-05,5.546214804053306580e-02,1.295319725613808259e-05,1.096321791410446167e-01
8.137908577919006348e-01,1.194015890359878540e-02,9.470110671827569604e-05,8.210985362529754639e-02,1.990901364479213953e-05,9.204459190368652344e-02
8.839299082756042480e-01,1.291633024811744690e-02,3.084791533183306456e-04,4.373509064316749573e-02,6.386794120771810412e-05,5.904616042971611023e-02
9.375504255294799805e-01,5.467173177748918533e-03,1.221737620653584599e-04,1.516582258045673370e-02,2.881935870391316712e-05,4.166555777192115784e-02
9.523993730545043945e-01,7.067583967000246048e-03,5.847891588928177953e-05,1.202101912349462509e-02,1.488546149630565196e-05,2.843866497278213501e-02
9.503608345985412598e-01,9.286910295486450195e-03,7.783872570144012570e-05,1.200772449374198914e-02,1.672327016422059387e-05,2.825003303587436676e-02
8.526806831359863281e-01,3.232786059379577637e-02,8.938350947573781013e-05,3.866687044501304626e-02,1.699726999504491687e-05,7.621823251247406006e-02
7.683745622634887695e-01,6.231605261564254761e-02,1.115042614401318133e-04,9.586544334888458252e-02,1.298971164942486212e-05,7.331944257020950317e-02
7.208789587020874023e-01,8.361198008060455322e-02,3.541572659742087126e-04,1.015412881970405579e-01,5.575686009251512587e-05,9.355790913105010986e-02
8.507035970687866211e-01,2.458660304546356201e-02,2.045755099970847368e-04,1.774200424551963806e-02,5.978959961794316769e-05,1.067034527659416199e-01
8.504221439361572266e-01,2.316506206989288330e-02,2.506829332560300827e-04,3.091875463724136353e-02,6.727867003064602613e-05,9.517609328031539917e-02
9.218221306800842285e-01,1.776928082108497620e-02,2.482017152942717075e-04,1.371005363762378693e-02,6.641091749770566821e-05,4.638389870524406433e-02
9.219585061073303223e-01,1.209458243101835251e-02,2.026285219471901655e-04,1.817851513624191284e-02,5.227453220868483186e-05,4.751332104206085205e-02
8.611952066421508789e-01,3.700960800051689148e-02,5.137303378432989120e-04,3.286627307534217834e-02,1.155237623606808484e-04,6.829970329999923706e-02
7.069371938705444336e-01,2.709445543587207794e-02,3.308087470941245556e-04,3.774760290980339050e-02,8.615259139332920313e-05,2.278038859367370605e-01
8.383869528770446777e-01,5.613610614091157913e-03,1.082768067135475576e-04,2.318745851516723633e-02,3.009079046023543924e-05,1.326735913753509521e-01
6.231806278228759766e-01,1.179616712033748627e-02,6.834515079390257597e-05,6.875033676624298096e-02,1.974804581550415605e-05,2.961847186088562012e-01
5.251119732856750488e-01,7.536845281720161438e-03,4.535264451988041401e-05,6.967465579509735107e-02,1.241372592630796134e-05,3.976187407970428467e-01
7.498396039009094238e-01,4.143482074141502380e-03,1.190112652693642303e-05,1.698566786944866180e-02,4.327840997575549409e-06,2.290150374174118042e-01
5.979777574539184570e-01,5.994308274239301682e-03,6.575104634976014495e-06,2.160608395934104919e-02,2.655012167451786809e-06,3.744126558303833008e-01
6.281700730323791504e-01,4.124181810766458511e-03,3.206241899533779360e-06,1.754748262465000153e-02,1.189421482195029967e-06,3.501538634300231934e-01
9.035561680793762207e-01,8.904580026865005493e-04,2.145557573385303840e-06,2.367138629779219627e-03,1.092770162358647212e-06,9.318305552005767822e-02
8.754689097404479980e-01,8.095315424725413322e-04,4.395188625494483858e-06,4.131472203880548477e-03,1.881091066024964675e-06,1.195838376879692078e-01
8.269662261009216309e-01,6.049198098480701447e-03,3.006393853866029531e-05,4.586179926991462708e-02,5.832191163790412247e-06,1.210869625210762024e-01
9.319388270378112793e-01,5.863645114004611969e-03,5.160219006938859820e-05,2.500183135271072388e-02,9.418460649612825364e-06,3.713466227054595947e-02
8.736768364906311035e-01,1.209345739334821701e-02,7.072038715705275536e-05,3.539866209030151367e-02,1.645646443648729473e-05,7.874391227960586548e-02
7.030413150787353516e-01,3.681274875998497009e-02,2.623706823214888573e-04,1.592428535223007202e-01,6.185158417792990804e-05,1.005788519978523254e-01
7.997364997863769531e-01,1.243711542338132858e-02,7.566244312329217792e-05,2.059303037822246552e-02,3.690219455165788531e-05,1.671207249164581299e-01
7.158166170120239258e-01,6.965461652725934982e-03,6.136130832601338625e-05,1.708125323057174683e-02,4.645033550332300365e-05,2.600288093090057373e-01
6.635407209396362305e-01,4.743633326143026352e-03,2.878941631934139878e-05,1.093460153788328171e-02,2.646343818923924118e-05,3.207257688045501709e-01
7.823945283889770508e-01,5.984312854707241058e-03,2.151135413441807032e-05,1.942935027182102203e-02,9.360333933727815747e-06,1.921609640121459961e-01
8.476301431655883789e-01,1.503426209092140198e-02,4.157237344770692289e-05,5.745470523834228516e-02,7.096625267877243459e-06,7.983230054378509521e-02
8.399151563644409180e-01,1.968110911548137665e-02,9.101771138375625014e-05,1.040542498230934143e-01,9.827223038882948458e-06,3.624867647886276245e-02
7.919815182685852051e-01,1.535919588059186935e-02,8.393159077968448400e-05,1.695506125688552856e-01,7.065096269798232242e-06,2.301768399775028229e-02
9.050192236900329590e-01,4.124894272536039352e-03,3.017028029717039317e-05,6.253300607204437256e-02,4.441048076841980219e-06,2.828819490969181061e-02
8.908403515815734863e-01,2.811745041981339455e-03,2.658009543665684760e-05,7.528114318847656250e-02,3.145335540466476232e-06,3.103695996105670929e-02
9.369273185729980469e-01,9.046680643223226070e-04,1.086194970412179828e-05,3.819796815514564514e-02,1.587479005138447974e-06,2.395760081708431244e-02
9.192134737968444824e-01,9.455998660996556282e-04,6.671058145002461970e-06,2.083634771406650543e-02,1.815015707506972831e-06,5.899607390165328979e-02
9.049618244171142578e-01,9.730471065267920494e-04,1.226810945809120312e-05,1.163642853498458862e-02,4.342544343671761453e-06,8.241204917430877686e-02
8.787005543708801270e-01,1.532974187284708023e-03,1.644859003135934472e-05,1.088363584131002426e-02,6.818735982960788533e-06,1.088594794273376465e-01
8.074771761894226074e-01,6.226648576557636261e-03,6.280881643760949373e-05,2.758376859128475189e-02,1.831040754041168839e-05,1.586313694715499878e-01
5.897631049156188965e-01,2.435883320868015289e-02,8.833353058435022831e-05,3.348492458462715149e-02,2.882054286601487547e-05,3.522760868072509766e-01
7.153593897819519043e-01,8.364503271877765656e-03,3.892688255291432142e-05,2.470578998327255249e-02,1.193373373098438606e-05,2.515194714069366455e-01
5.358697772026062012e-01,3.971830755472183228e-02,9.170102566713467240e-05,1.028930246829986572e-01,1.904338932945393026e-05,3.214082121849060059e-01
6.471868157386779785e-01,3.333377093076705933e-02,3.882292730850167572e-05,7.043304294347763062e-02,9.106307516049128026e-06,2.489984631538391113e-01
6.846027374267578125e-01,4.146344028413295746e-03,7.482382898160722107e-06,1.558305323123931885e-02,2.757846459644497372e-06,2.956575751304626465e-01
5.052887797355651855e-01,7.196080405265092850e-03,1.030082785291597247e-05,2.214270830154418945e-02,4.035286110593006015e-06,4.653580188751220703e-01
6.778566837310791016e-01,1.718439161777496338e-03,7.787136382830794901e-06,1.766556501388549805e-02,3.967468273913254961e-06,3.027476072311401367e-01
7.811205983161926270e-01,2.595350611954927444e-03,3.656146145658567548e-05,4.292950034141540527e-02,1.223124309035483748e-05,1.733058243989944458e-01
8.250656723976135254e-01,1.095752581022679806e-03,1.659384906815830618e-05,3.707846999168395996e-02,4.671582701121224090e-06,1.367388367652893066e-01
9.003810286521911621e-01,6.471839733421802521e-04,1.907880505314096808e-05,1.453350577503442764e-02,5.073201464256271720e-06,8.441407978534698486e-02
9.581102728843688965e-01,5.349390557967126369e-04,8.001901733223348856e-06,3.092906204983592033e-03,2.979207692987984046e-06,3.825080394744873047e-02
8.770605325698852539e-01,3.501473111100494862e-04,1.608138063602382317e-06,2.647755900397896767e-03,6.611874709960829932e-07,1.199393570423126221e-01
7.999168634414672852e-01,5.393432802520692348e-04,2.849818656613933854e-06,3.810445545241236687e-03,1.549169724057719577e-06,1.957289874553680420e-01
8.538727164268493652e-01,4.359368467703461647e-04,2.245888254037708975e-06,2.707302337512373924e-03,1.234908154401637148e-06,1.429805308580398560e-01
8.495312333106994629e-01,4.258923872839659452e-04,2.688304221010184847e-06,4.804495256394147873e-03,1.391042133036535233e-06,1.452343016862869263e-01
5.704416632652282715e-01,5.166469491086900234e-04,8.802211937108950224e-07,8.656611666083335876e-03,5.519242449736339040e-07,4.203837215900421143e-01
6.004028916358947754e-01,3.556432784534990788e-04,1.516012503088859376e-06,3.452054690569639206e-03,1.088401631932356395e-06,3.957868516445159912e-01
6.342208981513977051e-01,6.103440537117421627e-04,1.650422404964047018e-06,8.282108232378959656e-03,8.978155392469489016e-07,3.568840324878692627e-01
5.118541121482849121e-01,6.424406543374061584e-03,8.517096830473747104e-06,2.688656374812126160e-02,2.872302275136462413e-06,4.548234939575195312e-01
5.640487074851989746e-01,6.726278364658355713e-02,6.431859219446778297e-05,1.152447611093521118e-01,9.003338163893204182e-06,2.533704042434692383e-01
5.089595317840576172e-01,2.116702944040298462e-01,3.271819150540977716e-04,1.862037777900695801e-01,2.769390084722544998e-05,9.281156957149505615e-02
2.775281369686126709e-01,4.414041638374328613e-01,4.730487999040633440e-04,2.254016101360321045e-01,3.110784746240824461e-05,5.516181141138076782e-02
3.012118935585021973e-01,4.463409185409545898e-01,6.807161262258887291e-04,1.785212755203247070e-01,5.815472832182422280e-05,7.318710535764694214e-02
5.003021955490112305e-01,2.580702900886535645e-01,5.750666023232042789e-04,1.017246544361114502e-01,9.168126416625455022e-05,1.392361372709274292e-01
6.808645725250244141e-01,7.452206313610076904e-02,2.633766853250563145e-04,7.862991094589233398e-02,6.285555718932300806e-05,1.656572818756103516e-01
9.306672215461730957e-01,3.813202958554029465e-03,6.710955494781956077e-05,1.490275748074054718e-02,2.157184826501179487e-05,5.052825063467025757e-02
8.237888216972351074e-01,1.194673590362071991e-02,1.491734146839007735e-04,8.589227497577667236e-02,2.293811303388793021e-05,7.819998264312744141e-02
8.321574330329895020e-01,1.255303900688886642e-02,1.095075567718595266e-04,1.118375509977340698e-01,1.286996757698943838e-05,4.332951456308364868e-02
8.862500786781311035e-01,6.236861925572156906e-03,3.212234514649026096e-05,5.126495286822319031e-02,4.600482043315423653e-06,5.621130019426345825e-02
8.605493307113647461e-01,8.537909016013145447e-03,1.966133459063712507e-05,2.207965590059757233e-02,4.858633474214002490e-06,1.088086292147636414e-01
8.179268836975097656e-01,1.808950677514076233e-02,2.425893944746349007e-05,2.677780203521251678e-02,6.067713911761529744e-06,1.371754556894302368e-01
8.968054652214050293e-01,9.915637783706188202e-03,2.116403084073681384e-05,2.790634892880916595e-02,5.165495167602784932e-06,6.534621119499206543e-02
7.836334705352783203e-01,9.478014893829822540e-03,1.711432196316309273e-05,5.550572276115417480e-02,3.665626536530908197e-06,1.513621062040328979e-01
7.202138900756835938e-01,2.205343917012214661e-02,8.869043813319876790e-05,1.246610358357429504e-01,1.887408325274009258e-05,1.329640597105026245e-01
8.341109752655029297e-01,8.350150659680366516e-03,4.289010030333884060e-05,3.245544806122779846e-02,1.702690678939688951e-05,1.250235140323638916e-01
8.000613451004028320e-01,7.813117466866970062e-03,5.336026151780970395e-05,2.952360920608043671e-02,2.029865208896808326e-05,1.625282615423202515e-01
7.451976537704467773e-01,3.337053582072257996e-02,2.146397309843450785e-04,1.270481795072555542e-01,3.915797060471959412e-05,9.412987530231475830e-02
6.625029444694519043e-01,7.347605377435684204e-02,5.317619070410728455e-04,1.201791912317276001e-01,1.037083638948388398e-04,1.432063430547714233e-01
7.284860610961914062e-01,4.351659119129180908e-02,2.187698410125449300e-04,1.394656747579574585e-01,2.364129977650009096e-05,8.828929066658020020e-02
7.516839504241943359e-01,5.474336072802543640e-02,3.093735722359269857e-04,1.192991882562637329e-01,3.518454468576237559e-05,7.392887771129608154e-02
9.070811271667480469e-01,8.149642497301101685e-03,9.012365626404061913e-05,1.876681298017501831e-02,1.879319279396440834e-05,6.589357554912567139e-02
9.512876868247985840e-01,7.111499435268342495e-04,1.392474132444476709e-05,3.523477353155612946e-03,4.833128969039535150e-06,4.445882886648178101e-02
9.770861268043518066e-01,4.155489732511341572e-04,7.298851414816454053e-06,2.247233642265200615e-03,2.844560412995633669e-06,2.024090103805065155e-02
9.842287302017211914e-01,4.466093378141522408e-04,8.780427378951571882e-06,2.869660500437021255e-03,2.881307864299742505e-06,1.244336459785699844e-02
9.637186527252197266e-01,2.931255148723721504e-04,2.518071141821565107e-06,3.397728782147169113e-03,9.874732995740487240e-07,3.258705884218215942e-02
8.597216010093688965e-01,1.176373101770877838e-03,4.201413503324147314e-06,3.621539566665887833e-03,2.188299959016148932e-06,1.354740709066390991e-01
8.596224188804626465e-01,5.813534371554851532e-03,1.995325146708637476e-05,1.506488770246505737e-02,5.964292995486175641e-06,1.194732934236526489e-01
6.652594208717346191e-01,1.750670745968818665e-02,4.194129724055528641e-05,2.251036278903484344e-02,1.803432314773090184e-05,2.946635782718658447e-01
8.303116559982299805e-01,3.781383112072944641e-02,3.298155788797885180e-04,8.573849499225616455e-02,5.130565841682255268e-05,4.575484991073608398e-02
5.616865158081054688e-01,3.504741936922073364e-02,2.514111984055489302e-04,8.234289288520812988e-02,7.203879067674279213e-05,3.205997049808502197e-01
5.520021915435791016e-01,2.181657589972019196e-02,1.611480693100020289e-04,8.850150555372238159e-02,5.022720870329067111e-05,3.374684453010559082e-01
6.830592155456542969e-01,1.115457620471715927e-02,1.035676032188348472e-04,1.182662621140480042e-01,2.288766700075939298e-05,1.873934417963027954e-01
4.167853593826293945e-01,8.055152371525764465e-03,1.995360980799887329e-05,1.253778487443923950e-01,5.730172233597841114e-06,4.497559666633605957e-01
4.022721350193023682e-01,1.885227300226688385e-02,9.684054020908661187e-06,1.655756235122680664e-01,2.440916205159737729e-06,4.132878184318542480e-01
1.821951568126678467e-01,8.231792598962783813e-04,4.380354141630959930e-07,1.151232607662677765e-02,3.088578353072080063e-07,8.054685592651367188e-01
2.986214458942413330e-01,8.963274303823709488e-04,3.455496653259615414e-07,1.239976100623607635e-02,2.643565721882623620e-07,6.880818605422973633e-01
6.839956045150756836e-01,4.684460291173309088e-04,5.841307597620470915e-07,5.789036862552165985e-03,3.651310009900043951e-07,3.097460865974426270e-01
8.784553408622741699e-01,1.560530945425853133e-04,6.351949082272767555e-07,2.205559052526950836e-03,3.147250708934734575e-07,1.191821768879890442e-01
8.289936184883117676e-01,1.039124676026403904e-03,4.272331807442242280e-06,3.417929401621222496e-03,2.044389475486241281e-06,1.665429770946502686e-01
9.359076023101806641e-01,1.937401480972766876e-03,5.780909759778296575e-06,5.357878748327493668e-03,1.967898697330383584e-06,5.678939446806907654e-02
8.965532779693603516e-01,1.878916658461093903e-02,7.830524555174633861e-05,3.711202740669250488e-02,1.147467628470622003e-05,4.745573922991752625e-02
8.872922062873840332e-01,2.774818241596221924e-02,1.485087414039298892e-04,5.854232609272003174e-02,1.649126352276653051e-05,2.625224925577640533e-02
9.359781742095947266e-01,1.419459097087383270e-02,1.945821859408169985e-04,3.514379635453224182e-02,2.875731479434762150e-05,1.445995736867189407e-02
9.742266535758972168e-01,1.417235122062265873e-03,2.981933539558667690e-05,6.934069562703371048e-03,8.687468834978062660e-06,1.738347299396991730e-02
9.441779851913452148e-01,3.994190599769353867e-03,3.547481173882260919e-05,1.656406931579113007e-02,8.216559763241093606e-06,3.522012755274772644e-02
8.651413917541503906e-01,1.770039089024066925e-02,4.167152292211540043e-05,2.534152381122112274e-02,9.190477612719405442e-06,9.176588803529739380e-02
5.577214360237121582e-01,1.174420192837715149e-01,1.249837805517017841e-04,2.036404311656951904e-01,1.031523333949735388e-05,1.210608482360839844e-01
6.052007675170898438e-01,1.178782582283020020e-01,9.821091225603595376e-05,1.619199663400650024e-01,1.100131885323207825e-05,1.148919016122817993e-01
7.923754453659057617e-01,4.398673772811889648e-02,4.283415910322219133e-05,6.396587938070297241e-02,5.479802894114982337e-06,9.962357580661773682e-02
8.883687853813171387e-01,5.128528457134962082e-03,8.439891644229646772e-06,5.996108986437320709e-03,3.238667432015063241e-06,1.004947945475578308e-01
9.682242870330810547e-01,3.801914572250097990e-04,1.073955786523583811e-06,1.500372425653040409e-03,4.221890321787213907e-07,2.989371120929718018e-02
9.738712906837463379e-01,3.139464242849498987e-04,1.352574940938211512e-06,1.048198551870882511e-03,5.804639613415929489e-07,2.476458996534347534e-02
9.724976420402526855e-01,5.696807056665420532e-04,2.285435812154901214e-06,1.239595003426074982e-03,8.453145596831745934e-07,2.568994276225566864e-02
9.663680195808410645e-01,5.124176386743783951e-03,3.261791789554990828e-05,1.519967429339885712e-02,4.827104476134991273e-06,1.327058393508195877e-02
7.193402647972106934e-01,6.854968518018722534e-02,2.154303801944479346e-04,1.940496861934661865e-01,1.419873024133266881e-05,1.783077232539653778e-02
4.207091331481933594e-01,8.034867048263549805e-02,1.628579775569960475e-04,4.754710197448730469e-01,9.523068001726642251e-06,2.329876460134983063e-02
2.145886868238449097e-01,6.455666571855545044e-02,2.092265203827992082e-04,7.139358520507812500e-01,7.186762559285853058e-06,6.702436134219169617e-03
4.880866110324859619e-01,1.467014104127883911e-01,3.521822218317538500e-04,3.420621156692504883e-01,2.698736534512136132e-05,2.277063205838203430e-02
6.952989697456359863e-01,9.638617932796478271e-02,3.198612830601632595e-04,1.817761361598968506e-01,2.923758984252344817e-05,2.618963085114955902e-02
7.338787913322448730e-01,7.693249732255935669e-02,3.633295709732919931e-04,1.542244702577590942e-01,3.700690285768359900e-05,3.456389904022216797e-02
7.450574636459350586e-01,8.578781038522720337e-02,3.218277997802942991e-04,1.184114068746566772e-01,4.164707570453174412e-05,5.037979781627655029e-02
5.318791270256042480e-01,9.236627817153930664e-02,2.651587710715830326e-04,3.128863573074340820e-01,3.002822086273226887e-05,6.257297098636627197e-02
6.638086438179016113e-01,1.805720664560794830e-02,3.478026701486669481e-05,8.010210841894149780e-02,8.266554686997551471e-06,2.379890531301498413e-01
5.936595201492309570e-01,7.313607633113861084e-02,1.436394959455356002e-04,1.623811572790145874e-01,2.362067425565328449e-05,1.706559807062149048e-01
4.403881132602691650e-01,1.151126176118850708e-01,1.546940620755776763e-04,2.645814120769500732e-01,1.842881465563550591e-05,1.797447502613067627e-01
6.615704894065856934e-01,4.484077170491218567e-02,5.437338768388144672e-05,7.507303357124328613e-02,1.137238541559781879e-05,2.184499949216842651e-01
8.242881894111633301e-01,6.155780982226133347e-03,1.142157452704850584e-05,1.258192956447601318e-02,3.932330855604959652e-06,1.569586694240570068e-01
8.486743569374084473e-01,1.446510199457406998e-02,2.770709215837996453e-05,4.212887957692146301e-02,6.155930350359994918e-06,9.469786286354064941e-02
9.209774732589721680e-01,2.162674209102988243e-03,2.294119894941104576e-06,6.582267582416534424e-03,8.094157237792387605e-07,7.027450948953628540e-02
9.556555747985839844e-01,2.301921835169196129e-03,4.517794877756386995e-06,4.430223256349563599e-03,1.382277105221874081e-06,3.760628402233123779e-02
9.234235882759094238e-01,1.008395664393901825e-02,2.333404518140014261e-05,9.603495709598064423e-03,6.785163350286893547e-06,5.685875937342643738e-02
8.591585755348205566e-01,1.429165480658411980e-03,2.358373649258282967e-06,2.257067942991852760e-03,1.546603243696154095e-06,1.371512860059738159e-01
8.487821221351623535e-01,1.173910219222307205e-03,3.326508249301696196e-06,4.587291274219751358e-03,1.868040840236062650e-06,1.454514861106872559e-01
5.321632623672485352e-01,2.554385690018534660e-03,3.608178303693421185e-06,2.586038410663604736e-02,1.582815912115620449e-06,4.394167363643646240e-01
4.904966354370117188e-01,2.191560110077261925e-03,2.248004193461383693e-06,8.457398414611816406e-02,6.260576697059150320e-07,4.227349460124969482e-01
3.369854688644409180e-01,2.554386155679821968e-03,1.392250055687327404e-06,9.801296889781951904e-02,3.981755867243919056e-07,5.624454021453857422e-01
4.665879905223846436e-01,4.789253696799278259e-03,4.385953616292681545e-06,3.280226290225982666e-01,6.167641686261049472e-07,2.005952000617980957e-01
5.000721216201782227e-01,1.277921721339225769e-02,6.494335138995666057e-06,3.114737272262573242e-01,8.852554174154647626e-07,1.756675839424133301e-01
8.524451851844787598e-01,9.971436113119125366e-03,5.525089818547712639e-06,4.458077624440193176e-02,1.025157757794659119e-06,9.299620240926742554e-02
6.632210612297058105e-01,1.033341512084007263e-02,3.641348030214430764e-06,6.006128340959548950e-02,7.739277521068288479e-07,2.663798928260803223e-01
7.851489186286926270e-01,2.346571721136569977e-02,1.917420377139933407e-05,4.585298523306846619e-02,3.929695594706572592e-06,1.455091983079910278e-01
8.967293500900268555e-01,2.022596076130867004e-02,3.534098141244612634e-05,2.734107151627540588e-02,6.703671715513337404e-06,5.566153675317764282e-02
9.085671901702880859e-01,2.376447990536689758e-02,1.051027356879785657e-04,2.119878865778446198e-02,2.107936597894877195e-05,4.634344205260276794e-02
8.899812102317810059e-01,3.270017355680465698e-02,2.460266405250877142e-04,2.796690911054611206e-02,4.937219637213274837e-05,4.905631020665168762e-02
9.247279167175292969e-01,2.153811790049076080e-02,2.789609425235539675e-04,7.851192727684974670e-03,8.291561971418559551e-05,4.552084580063819885e-02
9.198606014251708984e-01,9.341435506939888000e-03,8.249980601249262691e-05,1.513171847909688950e-02,2.226729156973306090e-05,5.556149408221244812e-02
7.441126108169555664e-01,3.178166691213846207e-03,1.190356306324247271e-05,1.390318106859922409e-02,5.117823093314655125e-06,2.387889623641967773e-01
7.459631562232971191e-01,7.210948388092219830e-04,2.056441189779434353e-06,5.033446010202169418e-03,8.758874514569470193e-07,2.482792884111404419e-01
7.219288349151611328e-01,1.560473698191344738e-03,2.182513526349794120e-06,1.169016677886247635e-02,6.017764917487511411e-07,2.648178339004516602e-01
8.950462341308593750e-01,1.466728746891021729e-03,1.683994241830077954e-06,2.582091605290770531e-03,7.129018513296614401e-07,1.009024530649185181e-01
9.308731555938720703e-01,1.425214693881571293e-03,1.614799430171842687e-06,1.453017583116889000e-03,8.330829928127059247e-07,6.624606996774673462e-02
9.810279607772827148e-01,1.276018796488642693e-03,3.898872364516137168e-06,2.227353863418102264e-03,1.229462895935284905e-06,1.546356920152902603e-02
9.900497198104858398e-01,2.645381900947540998e-04,1.805577198865648825e-06,3.756337100639939308e-04,8.129686079882958438e-07,9.307567961513996124e-03
9.632728695869445801e-01,4.729079955723136663e-04,2.358224037379841320e-06,1.450377749279141426e-03,1.164605578196642455e-06,3.480030223727226257e-02
9.275156259536743164e-01,1.857609604485332966e-03,7.022622867225436494e-06,8.799615316092967987e-03,2.216059328929986805e-06,6.181783601641654968e-02
7.078034281730651855e-01,2.301221527159214020e-02,9.725904237711802125e-05,6.236572563648223877e-02,2.524749470467213541e-05,2.066961079835891724e-01
6.257022619247436523e-01,6.831429898738861084e-02,1.858665200415998697e-04,9.543143212795257568e-02,3.490187737043015659e-05,2.103312611579895020e-01
6.746730208396911621e-01,5.708741396665573120e-02,1.347906072624027729e-04,1.195011585950851440e-01,1.773982694430742413e-05,1.485857963562011719e-01
8.808834552764892578e-01,1.836493983864784241e-02,5.547677574213594198e-05,3.664242848753929138e-02,9.493717698205728084e-06,6.404431909322738647e-02
8.662898540496826172e-01,6.362590007483959198e-03,2.082514583889860660e-05,1.083215512335300446e-02,6.580910394404781982e-06,1.164879053831100464e-01
7.496194243431091309e-01,3.217574674636125565e-03,5.836935997649561614e-06,2.395710442215204239e-03,3.861726327158976346e-06,2.447576671838760376e-01
5.770366787910461426e-01,2.929230919107794762e-03,7.028464551694924012e-06,1.586529193446040154e-03,5.881272954866290092e-06,4.184347391128540039e-01
4.983747601509094238e-01,2.098156884312629700e-02,1.846425402618478984e-05,7.432478014379739761e-03,9.151721314992755651e-06,4.731835722923278809e-01
8.208773732185363770e-01,3.260113671422004700e-02,2.771738581941463053e-05,2.055600471794605255e-02,5.565783794736489654e-06,1.259322613477706909e-01
9.209184050559997559e-01,2.994536049664020538e-02,8.243195043178275228e-05,1.386114396154880524e-02,1.417733801645226777e-05,3.517843037843704224e-02
9.092730879783630371e-01,2.018981054425239563e-02,4.994498158339411020e-05,2.842027880251407623e-02,6.781128377042477950e-06,4.205993190407752991e-02
8.856844305992126465e-01,1.602890342473983765e-02,3.409508281038142741e-05,3.862575441598892212e-02,4.477931270230328664e-06,5.962232500314712524e-02
8.654045462608337402e-01,3.497857600450515747e-02,6.884560571052134037e-05,4.090806469321250916e-02,9.803788088902365416e-06,5.863020941615104675e-02
9.374535679817199707e-01,4.442128352820873260e-03,1.491775583417620510e-05,1.414534822106361389e-02,3.050862915188190527e-06,4.394114390015602112e-02
9.097557067871093750e-01,1.277723535895347595e-02,3.289205778855830431e-05,3.785805776715278625e-02,4.606389211403438821e-06,3.957163169980049133e-02
9.414491057395935059e-01,6.359482649713754654e-03,3.390160054550506175e-05,8.323377929627895355e-03,1.005722606350900605e-05,4.382408037781715393e-02
9.533324837684631348e-01,3.338918089866638184e-03,6.397453398676589131e-05,5.239509511739015579e-03,2.248958116979338229e-05,3.800258412957191467e-02
6.410855054855346680e-01,3.442243859171867371e-02,3.493996046017855406e-04,4.225381836295127869e-02,1.277306728297844529e-04,2.817611098289489746e-01
8.615999817848205566e-01,7.810695562511682510e-03,1.566153077874332666e-04,1.816075854003429413e-02,6.505818600999191403e-05,1.122068166732788086e-01
7.908720970153808594e-01,1.427142601460218430e-02,2.076944656437262893e-04,2.130967564880847931e-02,1.179369355668313801e-04,1.732211560010910034e-01
8.428653478622436523e-01,2.039742469787597656e-02,2.307596005266532302e-04,5.672937259078025818e-02,6.043324174243025482e-05,7.971675693988800049e-02
8.575096726417541504e-01,1.579112187027931213e-02,1.448544935556128621e-04,1.026963070034980774e-01,1.598460585228167474e-05,2.384207583963871002e-02
8.496124148368835449e-01,1.793169230222702026e-02,1.139396918006241322e-04,7.406049966812133789e-02,1.848128522397018969e-05,5.826303362846374512e-02
7.248997688293457031e-01,2.333978563547134399e-02,9.884731116471812129e-05,1.599069237709045410e-01,1.223573963216040283e-05,9.174241870641708374e-02
7.875109314918518066e-01,1.275714021176099777e-02,7.399433525279164314e-05,1.190167665481567383e-01,9.093948392546735704e-06,8.063207566738128662e-02
8.888716697692871094e-01,7.910351268947124481e-03,8.652966789668425918e-05,4.343442246317863464e-02,1.356170832877978683e-05,5.968334525823593140e-02
9.582142233848571777e-01,1.540529425255954266e-03,1.849945510912220925e-05,1.538055203855037689e-02,3.417704419916844927e-06,2.484275028109550476e-02
9.189811348915100098e-01,5.095821339637041092e-03,2.110008790623396635e-05,3.150837868452072144e-02,4.156895101914415136e-06,4.438931867480278015e-02
9.539142847061157227e-01,3.570586675778031349e-03,2.500275513739325106e-05,1.439987029880285263e-02,5.959052941761910915e-06,2.808425016701221466e-02
9.684216976165771484e-01,2.121956320479512215e-03,1.814505230868235230e-05,4.029804375022649765e-03,5.680829417542554438e-06,2.540266513824462891e-02
9.295231699943542480e-01,3.147365292534232140e-03,2.801301889121532440e-05,6.802187301218509674e-03,8.706793778401333839e-06,6.049057096242904663e-02
9.732921123504638672e-01,8.877120562829077244e-04,2.529936864448245615e-05,2.321059349924325943e-03,8.704101674084085971e-06,2.346514351665973663e-02
9.343398809432983398e-01,5.010328604839742184e-04,8.356454600288998336e-06,2.260899869725108147e-03,4.149507276451913640e-06,6.288570910692214966e-02
8.776453733444213867e-01,7.022263598628342152e-04,3.450298891038983129e-06,3.262928919866681099e-03,1.634369482417241670e-06,1.183844283223152161e-01
7.787470817565917969e-01,1.464178552851080894e-03,4.109345809411024675e-06,6.754289846867322922e-03,1.985471271837013774e-06,2.130284011363983154e-01
8.006578683853149414e-01,1.060385722666978836e-02,1.166626134363468736e-05,2.155626751482486725e-02,3.305818836452090181e-06,1.671669781208038330e-01
7.075459361076354980e-01,2.740960381925106049e-02,2.163745375582948327e-05,1.005990896373987198e-02,9.114439308177679777e-06,2.549538612365722656e-01
7.661676406860351562e-01,2.924797497689723969e-02,8.129137131618335843e-05,1.793349348008632660e-02,2.960613346658647060e-05,1.865399628877639771e-01
8.396618366241455078e-01,1.083637680858373642e-02,6.825594027759507298e-05,2.099758200347423553e-02,2.218217014160472900e-05,1.284137070178985596e-01
7.391530871391296387e-01,1.960615068674087524e-02,6.167573155835270882e-05,4.391299933195114136e-02,1.957333734026178718e-05,1.972465366125106812e-01
9.017197489738464355e-01,5.493191536515951157e-03,2.751356623775791377e-05,2.537007257342338562e-02,8.187423190975096077e-06,6.738120317459106445e-02
8.571581840515136719e-01,1.058566570281982422e-02,3.367346289451234043e-05,6.738416105508804321e-02,6.260188456508331001e-06,6.483204662799835205e-02
9.264836311340332031e-01,6.968070287257432938e-03,1.332309693680144846e-05,1.648362539708614349e-02,2.765264525805832818e-06,5.004847422242164612e-02
9.707891941070556641e-01,2.580723725259304047e-03,1.019078990793786943e-05,2.306733513250946999e-03,3.369191517776926048e-06,2.430975809693336487e-02
9.024816155433654785e-01,3.261144086718559265e-02,1.198989557451568544e-04,1.064320188015699387e-02,2.997874253196641803e-05,5.411384254693984985e-02
8.966770768165588379e-01,2.543901465833187103e-02,1.071196020347997546e-04,3.250657021999359131e-02,1.970292032638099045e-05,4.525062441825866699e-02
9.367212057113647461e-01,1.969099417328834534e-02,1.446704700356349349e-04,1.311032287776470184e-02,3.229186040698550642e-05,3.030047006905078888e-02
8.660244345664978027e-01,3.747414425015449524e-02,1.854128640843555331e-04,4.822657629847526550e-02,2.816195592458825558e-05,4.806133359670639038e-02
9.049994349479675293e-01,2.026000805199146271e-02,1.406387455062940717e-04,4.004420340061187744e-02,2.052721174550242722e-05,3.453519940376281738e-02
9.396997690200805664e-01,1.107836794108152390e-02,8.953492215368896723e-05,2.092905342578887939e-02,1.482188508816761896e-05,2.818842418491840363e-02
9.180922508239746094e-01,1.650243066251277924e-02,1.934019674081355333e-04,3.353926539421081543e-02,2.678203600225970149e-05,3.164589032530784607e-02
9.230295419692993164e-01,1.654874719679355621e-02,1.301091833738610148e-04,3.918194025754928589e-02,1.293551576964091510e-05,2.109677903354167938e-02
7.960364818572998047e-01,7.626344263553619385e-02,5.822757375426590443e-04,1.032202541828155518e-01,4.712506415671668947e-05,2.385031059384346008e-02
8.161437511444091797e-01,7.674235850572586060e-02,6.290130550041794777e-04,7.051031291484832764e-02,6.582372589036822319e-05,3.590875491499900818e-02
6.881762742996215820e-01,1.166727095842361450e-01,6.761770346201956272e-04,9.505400806665420532e-02,8.308117685373872519e-05,9.933777898550033569e-02
6.413796544075012207e-01,4.665375128388404846e-02,2.104850573232397437e-04,6.900592148303985596e-02,5.417108332039788365e-05,2.426959127187728882e-01
8.651815056800842285e-01,6.843877490609884262e-03,3.115291474387049675e-05,1.305657066404819489e-02,8.833379069983493537e-06,1.148779615759849548e-01
9.700241684913635254e-01,2.169765066355466843e-03,2.119039345416240394e-05,3.249746980145573616e-03,6.990483143454184756e-06,2.452822588384151459e-02
9.874439835548400879e-01,1.177327707409858704e-03,1.182074265670962632e-05,3.198168240487575531e-03,2.592421424196800217e-06,8.166193030774593353e-03
9.879869818687438965e-01,1.923296018503606319e-03,2.589708310551941395e-05,4.901297856122255325e-03,4.311272732593351975e-06,5.158180836588144302e-03
9.279858469963073730e-01,1.657783240079879761e-02,1.535351184429600835e-04,4.745649173855781555e-02,1.364750005450332537e-05,7.812594063580036163e-03
9.763481020927429199e-01,7.710607256740331650e-03,4.778143556904979050e-05,8.434476330876350403e-03,7.041211574687622488e-06,7.451968733221292496e-03
9.677528142929077148e-01,2.509215380996465683e-03,1.530058398202527314e-05,5.415151827037334442e-03,4.076291133969789371e-06,2.430350147187709808e-02
9.591596722602844238e-01,6.788648315705358982e-04,2.806757038342766464e-06,1.447802991606295109e-03,1.515033204668725375e-06,3.870933875441551208e-02
9.505598545074462891e-01,2.785640244837850332e-04,7.907782446636701934e-07,8.270949474535882473e-04,4.832353965866786893e-07,4.833329468965530396e-02
9.183230400085449219e-01,8.670580573379993439e-04,2.116723180733970366e-06,7.831529714167118073e-03,8.145477750076679513e-07,7.297557592391967773e-02
7.165108323097229004e-01,6.057800725102424622e-03,1.682753645582124591e-05,5.358826369047164917e-02,5.227095698501216248e-06,2.238210439682006836e-01
7.254222035408020020e-01,1.098662242293357849e-02,3.325975922052748501e-05,7.216484844684600830e-02,8.388766218558885157e-06,1.913846135139465332e-01
5.403389930725097656e-01,2.912154421210289001e-02,1.489458518335595727e-04,2.746528685092926025e-01,2.022834269155282527e-05,1.557174324989318848e-01
7.830008268356323242e-01,1.730523630976676941e-02,1.104268012568354607e-04,1.132929921150207520e-01,1.509573485236614943e-05,8.627544343471527100e-02
8.858036994934082031e-01,7.324985228478908539e-03,3.084379568463191390e-05,2.900607511401176453e-02,6.185017355164745823e-06,7.782818377017974854e-02
7.606973648071289062e-01,6.901680026203393936e-03,1.415401402482530102e-05,4.111157730221748352e-02,3.886571448674658313e-06,1.912713050842285156e-01
9.028474092483520508e-01,5.333064123988151550e-03,1.499708378105424345e-05,9.695306420326232910e-03,5.595573384198360145e-06,8.210363239049911499e-02
8.946000337600708008e-01,2.614507684484124184e-03,1.274234182346845046e-05,5.095709580928087234e-03,5.766677531937602907e-06,9.767132997512817383e-02
8.849650621414184570e-01,5.909096915274858475e-03,2.649969792400952429e-05,6.351608317345380783e-03,1.183055246656294912e-05,1.027359962463378906e-01
9.729486703872680664e-01,1.363803865388035774e-03,1.731862539600115269e-05,3.125051734969019890e-03,5.995565970806637779e-06,2.253920212388038635e-02
9.648882150650024414e-01,3.640538081526756287e-03,6.257778295548632741e-05,5.021662451326847076e-03,2.339384445804171264e-05,2.636367268860340118e-02
8.906385898590087891e-01,1.764830015599727631e-02,1.723147579468786716e-04,2.345347590744495392e-02,4.362612162367440760e-05,6.804364919662475586e-02
8.287232518196105957e-01,8.968803100287914276e-03,1.081260779756121337e-04,2.680289931595325470e-02,3.387322431080974638e-05,1.353630721569061279e-01
5.787292718887329102e-01,4.778742045164108276e-02,2.844443370122462511e-04,1.639193445444107056e-01,6.021126318955793977e-05,2.092193067073822021e-01
6.010907292366027832e-01,1.120181083679199219e-01,5.192121025174856186e-04,1.269083917140960693e-01,8.552579674869775772e-05,1.593780666589736938e-01
7.561976313591003418e-01,6.552787870168685913e-02,4.586077702697366476e-04,1.295806765556335449e-01,5.936430534347891808e-05,4.817579314112663269e-02
6.778020262718200684e-01,8.835678547620773315e-02,4.658693505916744471e-04,1.901652216911315918e-01,4.418616299517452717e-05,4.316592961549758911e-02
8.206267952919006348e-01,4.891480877995491028e-02,4.571360768750309944e-04,1.032658740878105164e-01,6.145852239569649100e-05,2.667387016117572784e-02
7.769625186920166016e-01,7.364259660243988037e-02,3.221418010070919991e-04,1.111303716897964478e-01,4.348989023128524423e-05,3.789878636598587036e-02
7.836391329765319824e-01,7.528461515903472900e-02,2.441928081680089235e-04,8.356377482414245605e-02,4.155371425440534949e-05,5.722663924098014832e-02
9.421547651290893555e-01,6.930076982825994492e-03,3.468896466074511409e-05,8.957496844232082367e-03,1.219028763443930075e-05,4.191067814826965332e-02
9.785619974136352539e-01,2.215618034824728966e-03,1.157862243417184800e-05,1.223412458784878254e-03,4.686447482527000830e-06,1.798278838396072388e-02
9.691132903099060059e-01,1.422766945324838161e-03,8.853990038915071636e-06,1.330690574832260609e-03,4.118536253372440115e-06,2.812027186155319214e-02
9.882835149765014648e-01,5.162377492524683475e-04,3.529703462845645845e-06,1.764367334544658661e-03,1.114428641812992282e-06,9.431215003132820129e-03
9.878531694412231445e-01,4.904753295704722404e-04,2.649679345267941244e-06,1.319659524597227573e-03,9.076874221136677079e-07,1.033305656164884567e-02
9.776484370231628418e-01,4.056657198816537857e-04,1.863646957644959912e-06,1.618012436665594578e-03,7.186314405771554448e-07,2.032525464892387390e-02
9.834987521171569824e-01,1.855335576692596078e-04,1.035636955748486798e-06,8.270432590506970882e-04,4.531245849648257717e-07,1.548727322369813919e-02
9.880664348602294922e-01,1.335034321527928114e-04,9.173245985039102379e-07,2.398846263531595469e-04,6.110011554483207874e-07,1.155869755893945694e-02
9.694343209266662598e-01,8.838272187858819962e-04,8.391461960854940116e-06,3.212660551071166992e-03,3.423024054427514784e-06,2.645732648670673370e-02
9.758461713790893555e-01,7.680896087549626827e-04,4.997348696633707732e-06,4.499892704188823700e-03,1.634014779483550228e-06,1.887917891144752502e-02
9.690430164337158203e-01,3.262875135987997055e-03,2.236559703305829316e-05,1.199453230947256088e-02,4.366887424112064764e-06,1.567277498543262482e-02
9.231022000312805176e-01,9.168239310383796692e-03,3.422377267270348966e-05,4.947101697325706482e-02,3.907115114998305216e-06,1.822038739919662476e-02
9.382368922233581543e-01,3.658918198198080063e-03,7.780656233080662787e-06,8.298693224787712097e-03,2.400759285592357628e-06,4.979530721902847290e-02
9.390496015548706055e-01,5.678777117282152176e-03,8.403849278693087399e-06,1.241435296833515167e-02,1.996606897591846064e-06,4.284692555665969849e-02
8.884546756744384766e-01,6.321921944618225098e-03,1.060518934536958113e-05,1.442421879619359970e-02,3.090379777859197930e-06,9.078549593687057495e-02
8.981914520263671875e-01,5.105806514620780945e-03,9.414960914000403136e-06,1.099723298102617264e-02,3.608092811191454530e-06,8.569250255823135376e-02
9.008290171623229980e-01,2.071197144687175751e-03,4.472047294257208705e-06,1.677753403782844543e-02,1.501412157267623115e-06,8.031626045703887939e-02
9.115875363349914551e-01,4.318134859204292297e-03,1.809395689633674920e-05,3.325205296277999878e-02,4.174587957095354795e-06,5.082008987665176392e-02
9.115219712257385254e-01,3.242612816393375397e-03,1.336866807832848281e-05,1.003019418567419052e-02,5.585276539932237938e-06,7.518641650676727295e-02
8.998361229896545410e-01,1.820615143515169621e-03,4.659478690882679075e-06,3.371776314452290535e-03,2.736680471571162343e-06,9.496407955884933472e-02
8.777775168418884277e-01,2.617287449538707733e-03,6.145744464447489008e-06,4.762740805745124817e-03,3.125035163975553587e-06,1.148331612348556519e-01
8.918761610984802246e-01,6.839835550636053085e-04,1.205492367262195330e-06,1.127322553656995296e-03,8.403903279941005167e-07,1.063106134533882141e-01
9.441005587577819824e-01,2.472472377121448517e-03,6.102733550505945459e-06,2.752279164269566536e-03,2.897157855841214769e-06,5.066562816500663757e-02
9.668171405792236328e-01,1.396744628436863422e-03,3.076892198805580847e-06,2.145451959222555161e-03,1.264634079234383535e-06,2.963636256754398346e-02
9.830750823020935059e-01,1.636074041016399860e-03,4.859661203227005899e-06,1.404749462381005287e-03,1.831142867558810394e-06,1.387737691402435303e-02
9.914531707763671875e-01,1.322221010923385620e-03,7.269195975823095068e-06,1.521902042441070080e-03,1.969689037650823593e-06,5.693349055945873260e-03
9.941810965538024902e-01,4.182896809652447701e-04,4.593395260599208996e-06,9.022752637974917889e-04,1.474721557315206155e-06,4.492314066737890244e-03
9.935938715934753418e-01,2.430766035104170442e-04,3.033127313756267540e-06,1.158454222604632378e-03,9.053117082657990977e-07,5.000603385269641876e-03
9.905194044113159180e-01,6.047617061994969845e-04,1.072952636604895815e-05,1.938948757015168667e-03,2.784318894555326551e-06,6.923210807144641876e-03
9.622057676315307617e-01,3.006432671099901199e-03,2.411746027064509690e-05,2.847966039553284645e-03,9.122216397372540087e-06,3.190658986568450928e-02
9.649368524551391602e-01,1.813785405829548836e-03,1.582376899023074657e-05,2.164431381970643997e-03,5.666641754942247644e-06,3.106341883540153503e-02
9.405922293663024902e-01,6.547060795128345490e-03,4.757405986310914159e-05,6.592336576431989670e-03,1.656882523093372583e-05,4.620424658060073853e-02
8.378972411155700684e-01,1.378346048295497894e-02,2.067061359412036836e-05,8.689327165484428406e-03,7.296092007891274989e-06,1.396020650863647461e-01
7.481240630149841309e-01,1.815010211430490017e-03,1.766219270393776242e-06,3.767555346712470055e-03,1.025876372295897454e-06,2.462905794382095337e-01
8.410196900367736816e-01,1.750029274262487888e-03,2.040393155766651034e-06,4.518667235970497131e-03,1.046976194629678503e-06,1.527086347341537476e-01
7.343354821205139160e-01,1.225453335791826248e-02,4.903046828985679895e-06,1.713740080595016479e-02,1.586572807354968973e-06,2.362662106752395630e-01
9.247747659683227539e-01,5.955876782536506653e-03,8.209703992179129273e-06,8.555880747735500336e-03,2.254669652757002041e-06,6.070308014750480652e-02
9.760177135467529297e-01,1.904643606394529343e-03,5.526637778530130163e-06,2.820920664817094803e-03,1.574152975081233308e-06,1.924963295459747314e-02
9.776793122291564941e-01,1.864338060840964317e-03,9.899110409605782479e-06,4.292602650821208954e-03,2.391266207268927246e-06,1.615145802497863770e-02
9.691067337989807129e-01,8.416332420893013477e-04,5.487561793415807188e-06,2.108566695824265480e-03,2.362201939831720665e-06,2.793518453836441040e-02
9.480592012405395508e-01,6.877863197587430477e-04,3.407771146157756448e-06,3.382356604561209679e-03,1.210891809932945762e-06,4.786594212055206299e-02
8.874984383583068848e-01,7.905269740149378777e-04,2.134720944013679400e-06,2.601829357445240021e-03,1.117792407967499457e-06,1.091059371829032898e-01
8.219838142395019531e-01,1.532917725853621960e-03,2.189485030612559058e-06,2.958584111183881760e-03,1.224743868988298345e-06,1.735213845968246460e-01
8.932628035545349121e-01,6.152557325549423695e-04,5.453634344121383037e-07,1.088764285668730736e-03,4.360232424005516805e-07,1.050320789217948914e-01
9.145646095275878906e-01,5.911554762860760093e-05,8.554259522952634143e-08,9.356368536828085780e-05,1.140405316846226924e-07,8.528248965740203857e-02
9.685359597206115723e-01,2.238210581708699465e-04,2.950770010556880152e-07,4.936918849125504494e-04,1.883413602854489000e-07,3.074585832655429840e-02
9.764343500137329102e-01,9.415375097887590528e-05,2.894247472795541398e-07,2.789185964502394199e-04,2.445596578581898939e-07,2.319211699068546295e-02
9.703336358070373535e-01,3.347727470099925995e-04,1.281767595173732843e-06,1.356791937723755836e-03,6.689036808893433772e-07,2.797275036573410034e-02
9.683006405830383301e-01,6.819625268690288067e-04,3.331097332193166949e-06,2.962389262393116951e-03,1.248897092409606557e-06,2.805038914084434509e-02
9.543183445930480957e-01,9.588274988345801830e-04,8.486914339300710708e-06,3.970372956246137619e-03,3.351126906636636704e-06,4.074063897132873535e-02
9.572369456291198730e-01,2.244384260848164558e-03,2.935916563728824258e-05,9.404879063367843628e-03,7.281464149855310097e-06,3.107724338769912720e-02
9.819791316986083984e-01,4.676336830016225576e-04,7.234070835693273693e-06,1.492069335654377937e-03,2.788754272842197679e-06,1.605101861059665680e-02
9.788008332252502441e-01,7.671515340916812420e-04,7.033888778096297756e-06,3.256938187405467033e-03,2.233480472568771802e-06,1.716586202383041382e-02
9.593710303306579590e-01,9.813311044126749039e-04,3.729191121237818152e-06,1.812775852158665657e-03,1.976166004169499502e-06,3.782899677753448486e-02
9.417912364006042480e-01,5.956090171821415424e-04,9.979258948078495450e-07,1.250428147614002228e-03,6.319564249679388013e-07,5.636102706193923950e-02
9.220903515815734863e-01,8.823039825074374676e-04,1.065689616552845109e-06,3.755032550543546677e-03,4.683209340328176040e-07,7.327071577310562134e-02
9.321501255035400391e-01,7.775714038871228695e-04,1.221474008161749225e-06,3.117161570116877556e-03,6.114395318945753388e-07,6.395319849252700806e-02
9.753020405769348145e-01,2.110529167111963034e-04,5.169898713575094007e-07,7.105707773007452488e-04,3.043818423975608312e-07,2.377546578645706177e-02
9.609068036079406738e-01,7.286625332199037075e-04,1.794730678739142604e-06,2.578485291451215744e-03,8.405438052250246983e-07,3.578335419297218323e-02
9.796547293663024902e-01,1.434626406989991665e-03,4.986510703020030633e-06,2.449283841997385025e-03,1.629432631489180494e-06,1.645471900701522827e-02
9.480202198028564453e-01,4.199546761810779572e-03,1.148279352491954342e-05,7.889804430305957794e-03,3.462419272182160057e-06,3.987547382712364197e-02
8.575196266174316406e-01,9.901086799800395966e-03,1.685425195319112390e-05,1.974833011627197266e-02,5.080923074274323881e-06,1.128090173006057739e-01
8.850846886634826660e-01,1.169284246861934662e-02,2.903945096477400512e-05,3.332059830427169800e-02,5.844271981914062053e-06,6.986702978610992432e-02
8.155272006988525391e-01,2.398152090609073639e-02,8.981575228972360492e-05,8.888166397809982300e-02,1.310081552219344303e-05,7.150663435459136963e-02
8.576400876045227051e-01,1.598391868174076080e-02,7.818290032446384430e-05,6.852815300226211548e-02,1.193249499920057133e-05,5.775769427418708801e-02
9.281805157661437988e-01,6.531477905809879303e-03,4.824865391128696501e-05,3.458726033568382263e-02,9.423391020391136408e-06,3.064316138625144958e-02
9.301000833511352539e-01,5.983499810099601746e-03,5.418906221166253090e-05,1.526699867099523544e-02,1.202694966195849702e-05,4.858326911926269531e-02
8.902751803398132324e-01,3.967266995459794998e-03,1.634962791285943240e-05,1.444395817816257477e-02,5.494089236890431494e-06,9.129173308610916138e-02
8.440485596656799316e-01,3.514644224196672440e-03,1.273649468203075230e-05,1.239775028079748154e-02,4.444033947947900742e-06,1.400219202041625977e-01
7.813172340393066406e-01,2.961902413517236710e-03,7.467551313311560079e-06,9.576943702995777130e-03,3.164714598824502900e-06,2.061333507299423218e-01
8.645378947257995605e-01,2.282614819705486298e-03,7.021175861154915765e-06,8.952648378908634186e-03,2.689468374228454195e-06,1.242170408368110657e-01
9.442229866981506348e-01,1.459908322431147099e-03,5.914678695262409747e-06,2.993003232404589653e-03,2.507864564904593863e-06,5.131576955318450928e-02
9.422045350074768066e-01,4.085500258952379227e-03,1.282107405131682754e-05,6.437745876610279083e-03,4.245857780915684998e-06,4.725515842437744141e-02
9.159358739852905273e-01,7.190743926912546158e-03,2.670242065505590290e-05,1.977538503706455231e-02,5.770168172603007406e-06,5.706548690795898438e-02
9.323194026947021484e-01,3.649845253676176071e-03,1.640302980376873165e-05,9.157976135611534119e-03,5.155701273906743154e-06,5.485120043158531189e-02
8.933829069137573242e-01,2.037386409938335419e-02,7.967217970872297883e-05,3.278065472841262817e-02,1.251498088095104322e-05,5.337030813097953796e-02
9.183865785598754883e-01,1.648521609604358673e-02,7.805312634445726871e-05,2.254600450396537781e-02,1.583711309649515897e-05,4.248832538723945618e-02
9.683179259300231934e-01,6.373685318976640701e-03,4.853606515098363161e-05,8.333661593496799469e-03,1.006957882054848596e-05,1.691614091396331787e-02
9.786634445190429688e-01,4.360263701528310776e-03,3.386159005458466709e-05,4.239445552229881287e-03,9.418604349775705487e-06,1.269360538572072983e-02
9.873052835464477539e-01,6.583243375644087791e-04,6.741930519638117403e-06,1.180737162940204144e-03,2.851932322300854139e-06,1.084611564874649048e-02
9.600550532341003418e-01,1.839395612478256226e-03,1.159058774646837264e-05,3.434985410422086716e-03,4.815570719074457884e-06,3.465410321950912476e-02
9.068232178688049316e-01,6.974633783102035522e-03,1.971557685465086251e-05,1.697620190680027008e-02,5.479440460476325825e-06,6.920078396797180176e-02
8.851751089096069336e-01,3.341336548328399658e-02,4.839320536120794713e-05,3.262272104620933533e-02,6.807592853874666616e-06,4.873352497816085815e-02
9.422265291213989258e-01,1.066431310027837753e-02,1.728857023408636451e-05,1.576351560652256012e-02,3.173754748786450364e-06,3.132520616054534912e-02
8.916594982147216797e-01,4.276701062917709351e-02,3.843818194582127035e-05,3.656573221087455750e-02,3.977695087087340653e-06,2.896537631750106812e-02
9.021455645561218262e-01,2.534820511937141418e-02,1.801794132916256785e-05,3.411714732646942139e-02,2.180178171329316683e-06,3.836888819932937622e-02
8.969357609748840332e-01,1.013943925499916077e-02,1.600461109774187207e-05,3.839750960469245911e-02,2.867154307750752196e-06,5.450837686657905579e-02
8.607168793678283691e-01,8.800079114735126495e-03,2.867170042009092867e-05,6.886510550975799561e-02,4.396922577143413946e-06,6.158494576811790466e-02
9.171264171600341797e-01,2.923913067206740379e-03,1.993422119994647801e-05,1.369759254157543182e-02,5.954952030151616782e-06,6.622617691755294800e-02
8.736131191253662109e-01,7.492384756915271282e-04,4.490149876801297069e-06,3.718929132446646690e-03,2.150206228179740719e-06,1.219121143221855164e-01
9.549322128295898438e-01,2.547140233218669891e-03,1.512649305368540809e-05,5.965369753539562225e-03,4.196655027044471353e-06,3.653588145971298218e-02
8.540558218955993652e-01,1.071614213287830353e-02,1.581837204867042601e-05,4.267011955380439758e-02,3.120414930890547112e-06,9.253896027803421021e-02
7.648468613624572754e-01,2.715077064931392670e-02,4.142906618653796613e-05,1.267990469932556152e-01,5.489472187036881223e-06,8.115652948617935181e-02
8.450528979301452637e-01,1.586557365953922272e-02,5.173967292648740113e-05,1.091848015785217285e-01,4.819272362510673702e-06,2.984012104570865631e-02
9.171983599662780762e-01,6.317758932709693909e-03,3.484480839688330889e-05,2.761137112975120544e-02,6.741587185388198122e-06,4.883083701133728027e-02
9.392619729042053223e-01,4.105995409190654755e-03,2.799998583213891834e-05,1.276755426079034805e-02,6.942621439520735294e-06,4.382949694991111755e-02
9.538679122924804688e-01,2.838559914380311966e-03,1.439316292817238718e-05,4.403734579682350159e-03,5.611289452644996345e-06,3.886977210640907288e-02
7.567523121833801270e-01,7.867586798965930939e-03,6.922142347320914268e-06,9.887687861919403076e-03,3.658645027826423757e-06,2.254817932844161987e-01
6.501166820526123047e-01,7.734401617199182510e-03,4.926842393615515903e-06,1.919803209602832794e-02,2.122126943504554220e-06,3.229437768459320068e-01
7.359805107116699219e-01,6.439751479774713516e-03,3.571077286323998123e-06,1.512252073734998703e-02,1.652980131439107936e-06,2.424520254135131836e-01
6.050111651420593262e-01,1.154054794460535049e-02,5.719240107282530516e-06,2.081624418497085571e-02,2.428149400657275692e-06,3.626238405704498291e-01
7.559075355529785156e-01,9.412145242094993591e-03,4.056781563122058287e-06,4.184506367892026901e-03,2.078568059005192481e-06,2.304897606372833252e-01
8.853939175605773926e-01,4.313801880925893784e-03,5.652635081787593663e-06,5.280301906168460846e-03,2.494933823982137255e-06,1.050037369132041931e-01
7.028891444206237793e-01,2.831454761326313019e-02,2.582760316727217287e-05,1.766572706401348114e-02,1.012909069686429575e-05,2.510946094989776611e-01
7.748547792434692383e-01,5.720763280987739563e-02,9.716380736790597439e-05,3.415689989924430847e-02,2.338340345886535943e-05,1.336601227521896362e-01
4.439991712570190430e-01,1.241715252399444580e-01,2.648991940077394247e-04,1.258884668350219727e-01,5.273203350952826440e-05,3.056231737136840820e-01
2.708201706409454346e-01,9.890464693307876587e-02,1.396545703755691648e-04,1.322427690029144287e-01,3.346123776282183826e-05,4.978592693805694580e-01
5.226147770881652832e-01,2.017150260508060455e-02,2.512482933525461704e-05,1.881576888263225555e-02,9.957397196558304131e-06,4.383629262447357178e-01
5.130990147590637207e-01,3.148743882775306702e-02,5.833801333210431039e-05,3.211258351802825928e-02,2.037328158621676266e-05,4.232221543788909912e-01
6.863301396369934082e-01,1.080584339797496796e-02,1.074745068763149902e-05,2.179494313895702362e-02,3.759722403628984466e-06,2.810546457767486572e-01
9.020331501960754395e-01,5.674031563103199005e-03,1.335922752332407981e-05,8.049625903367996216e-03,4.820824869966600090e-06,8.422493934631347656e-02
6.283620595932006836e-01,1.102819107472896576e-02,1.736051126499660313e-05,1.499384921044111252e-02,9.317294825450517237e-06,3.455893397331237793e-01
5.712642669677734375e-01,2.872320357710123062e-03,3.202520474587799981e-06,1.993332989513874054e-02,1.658738369769707788e-06,4.059252440929412842e-01
8.380871415138244629e-01,3.386709140613675117e-03,4.836016159970313311e-06,1.285376958549022675e-02,2.182046955567784607e-06,1.456654518842697144e-01
8.308699727058410645e-01,7.099822629243135452e-03,8.605746188550256193e-06,2.697636559605598450e-02,2.607300530144129880e-06,1.350425928831100464e-01
9.243883490562438965e-01,2.990345936268568039e-03,4.150159838900435716e-06,8.384685032069683075e-03,1.284986524296982680e-06,6.423108279705047607e-02
9.047269821166992188e-01,2.944972133263945580e-03,5.995304945827228948e-06,4.171767272055149078e-03,2.572334551587118767e-06,8.814756572246551514e-02
9.388455748558044434e-01,6.832969374954700470e-04,4.508529855229426175e-06,1.533065456897020340e-03,2.781473767754505388e-06,5.893075838685035706e-02
9.601868391036987305e-01,1.159224659204483032e-03,1.098775919672334567e-05,3.004606813192367554e-03,4.890420314040966332e-06,3.563346713781356812e-02
9.854952096939086914e-01,6.246276898309588432e-04,1.684364906395785511e-05,2.784238895401358604e-03,5.075194621895207092e-06,1.107408199459314346e-02
9.777847528457641602e-01,1.387803116813302040e-03,2.028774906648322940e-05,5.949810612946748734e-03,4.381002327136229724e-06,1.485288143157958984e-02
9.761812090873718262e-01,8.687672670930624008e-04,1.328914004261605442e-05,1.880380790680646896e-03,3.975446816184557974e-06,2.105231955647468567e-02
9.666170477867126465e-01,2.412612782791256905e-03,2.242791561002377421e-05,6.462003104388713837e-03,6.398090590664651245e-06,2.447954751551151276e-02
9.790641665458679199e-01,1.583595992997288704e-03,2.121524084941484034e-05,2.945406595245003700e-03,6.581200523214647546e-06,1.637908630073070526e-02
9.861560463905334473e-01,1.017380272969603539e-03,1.674454142630565912e-05,3.487119218334555626e-03,4.004542006441624835e-06,9.318825788795948029e-03
9.775354266166687012e-01,1.764373620972037315e-03,2.870587377401534468e-05,1.078444346785545349e-02,4.866388280788669363e-06,9.882186539471149445e-03
9.776221513748168945e-01,1.259413547813892365e-03,1.332099691353505477e-05,4.444294143468141556e-03,3.185042942277505063e-06,1.665770448744297028e-02
9.684721827507019043e-01,7.539005600847303867e-04,5.086533292342210189e-06,6.865298841148614883e-03,1.282027483284764457e-06,2.390224300324916840e-02
9.690166115760803223e-01,3.281806421000510454e-04,2.650896249178913422e-06,3.499884391203522682e-03,9.165482310891093221e-07,2.715170383453369141e-02
9.715973138809204102e-01,3.226271073799580336e-04,6.623054105148185045e-06,1.997417071834206581e-03,2.619554834382142872e-06,2.607330121099948883e-02
9.742578864097595215e-01,5.042336997576057911e-04,6.796276920795207843e-06,7.280623074620962143e-03,1.599499910298618488e-06,1.794875785708427429e-02
9.714384675025939941e-01,8.544847369194030762e-04,2.155496258637867868e-05,7.260156329721212387e-03,5.770786629000212997e-06,2.041956037282943726e-02
9.544053077697753906e-01,1.289341947995126247e-03,4.794009873876348138e-05,3.740387503057718277e-03,2.195251181547064334e-05,4.049513489007949829e-02
8.999032378196716309e-01,1.649217680096626282e-02,3.884929756168276072e-04,2.363798208534717560e-02,1.152984259533695877e-04,5.946284160017967224e-02
9.401678442955017090e-01,1.177856698632240295e-02,3.529142704792320728e-04,1.174241863191127777e-02,9.310062159784138203e-05,3.586507216095924377e-02
8.965859413146972656e-01,1.581251062452793121e-02,4.106073174625635147e-04,5.367638915777206421e-02,6.817470421083271503e-05,3.344636783003807068e-02
9.381911158561706543e-01,6.968843284994363785e-03,1.416204613633453846e-04,2.677167020738124847e-02,2.934048097813501954e-05,2.789749205112457275e-02
9.762033224105834961e-01,2.164778299629688263e-03,4.275731771485880017e-05,7.400382775813341141e-03,9.061176569957751781e-06,1.417975872755050659e-02
9.710391163825988770e-01,2.092467620968818665e-03,1.507868728367611766e-05,5.526148714125156403e-03,3.911835392500506714e-06,2.132338285446166992e-02
9.757444858551025391e-01,2.757997950538992882e-03,7.078758244460914284e-06,1.790888374671339989e-03,2.872908908102544956e-06,1.969658583402633667e-02
9.814772009849548340e-01,4.975122399628162384e-03,1.012773009279044345e-05,1.238992321304976940e-03,3.146317567370715551e-06,1.229531038552522659e-02
9.659165143966674805e-01,4.632111638784408569e-03,8.354165402124635875e-06,1.415186678059399128e-03,3.524112571540172212e-06,2.802429348230361938e-02
9.855829477310180664e-01,2.692168112844228745e-03,1.103646172850858420e-05,3.340458730235695839e-03,2.449338808219181374e-06,8.370885625481605530e-03
9.449167251586914062e-01,3.400217741727828979e-03,9.681935807748232037e-06,3.401261987164616585e-03,3.226747139706276357e-06,4.826885834336280823e-02
9.130034446716308594e-01,1.241756696254014969e-02,3.437614941503852606e-05,2.038648538291454315e-02,7.095191449479898438e-06,5.415096879005432129e-02
8.494184613227844238e-01,2.118534594774246216e-02,2.330537972738966346e-05,1.895335875451564789e-02,5.238010089669842273e-06,1.104142442345619202e-01
6.209145784378051758e-01,1.304402947425842285e-01,9.119621972786262631e-05,5.663805454969406128e-02,1.641119524720124900e-05,1.918994337320327759e-01
7.462939620018005371e-01,4.911321774125099182e-02,1.271584769710898399e-04,4.230372235178947449e-02,2.391288762737531215e-05,1.621380448341369629e-01
8.125364780426025391e-01,3.045316599309444427e-02,1.474150340072810650e-04,2.871446311473846436e-02,3.692767495522275567e-05,1.281115412712097168e-01
7.849496603012084961e-01,6.693277973681688309e-03,5.325832171365618706e-05,4.062440618872642517e-02,1.067446282831951976e-05,1.676687002182006836e-01
9.020504951477050781e-01,7.397126406431198120e-03,1.406464871251955628e-04,2.038769051432609558e-02,3.851869041682220995e-05,6.998558342456817627e-02
9.488306641578674316e-01,1.195740653201937675e-03,2.387525091762654483e-05,3.641202813014388084e-03,9.705438060336746275e-06,4.629874974489212036e-02
9.745299816131591797e-01,1.222148421220481396e-03,2.143757228623144329e-05,8.378637954592704773e-03,4.159554464422399178e-06,1.584351621568202972e-02
9.829717278480529785e-01,1.409235410392284393e-03,2.241271249658893794e-05,7.399331312626600266e-03,4.018530944449594244e-06,8.193407207727432251e-03
9.903996586799621582e-01,1.160021522082388401e-03,1.075504860637011006e-05,3.282719291746616364e-03,2.059391817965661176e-06,5.144896917045116425e-03
9.800926446914672852e-01,3.388359677046537399e-03,1.995246566366404295e-05,5.168563220649957657e-03,4.562408776109805331e-06,1.132585480809211731e-02
9.489687085151672363e-01,9.271250106394290924e-03,5.446319482871331275e-05,1.234769914299249649e-02,1.352207254967652261e-05,2.934438176453113556e-02
9.447943568229675293e-01,5.203492008149623871e-03,1.379176137561444193e-05,5.353205837309360504e-03,4.768378403241513297e-06,4.463046789169311523e-02
8.372970819473266602e-01,1.005597133189439774e-02,1.047394562192494050e-05,1.085776649415493011e-02,4.631073352356906980e-06,1.417741775512695312e-01
5.615751743316650391e-01,1.181212998926639557e-02,1.529237488284707069e-05,7.940836250782012939e-03,9.293915354646742344e-06,4.186472892761230469e-01
7.568601369857788086e-01,2.996124327182769775e-02,4.120085577596910298e-05,4.893844947218894958e-02,1.029848499456420541e-05,1.641886681318283081e-01
7.648885250091552734e-01,3.706850856542587280e-02,4.419515971676446497e-05,8.597981929779052734e-02,6.289217708399519324e-06,1.120126545429229736e-01
7.687275409698486328e-01,4.281705990433692932e-02,1.651555066928267479e-04,1.393914222717285156e-01,1.828227686928585172e-05,4.888049140572547913e-02
6.633970737457275391e-01,9.617840498685836792e-02,3.513381525408476591e-04,2.088445276021957397e-01,3.010275941051077098e-05,3.119854256510734558e-02
8.875101208686828613e-01,2.821160852909088135e-02,9.224208770319819450e-05,3.350597247481346130e-02,1.779287595127243549e-05,5.066225305199623108e-02
9.264732003211975098e-01,1.400412339717149734e-02,5.545614112634211779e-05,1.395443640649318695e-02,1.387509382766438648e-05,4.549891501665115356e-02
8.450155258178710938e-01,3.854545578360557556e-02,7.694099622312933207e-05,2.405774593353271484e-02,1.774873817339539528e-05,9.228660166263580322e-02
9.344465732574462891e-01,4.512693267315626144e-03,1.203602278110338375e-05,6.685535423457622528e-03,3.508362397042219527e-06,5.433972552418708801e-02
9.815721511840820312e-01,1.078377710655331612e-03,5.204145963944029063e-06,4.057721234858036041e-03,1.193441676150541753e-06,1.328539475798606873e-02
9.503160715103149414e-01,6.631950382143259048e-04,2.870811385946581140e-06,4.144931677728891373e-03,9.233089599547383841e-07,4.487210512161254883e-02
9.522004723548889160e-01,7.403650088235735893e-04,1.545146346870751586e-06,2.765167737379670143e-03,6.219482315827917773e-07,4.429196193814277649e-02
9.664055705070495605e-01,2.177733695134520531e-03,4.901576630800263956e-06,7.766041904687881470e-03,1.114140104618854821e-06,2.364462427794933319e-02
7.817078232765197754e-01,3.192611411213874817e-02,3.011249464179854840e-05,7.750152051448822021e-02,4.631188858184032142e-06,1.088298186659812927e-01
5.954046845436096191e-01,1.653310470283031464e-02,9.866488653642591089e-06,1.264470070600509644e-02,4.785964847542345524e-06,3.754028081893920898e-01
6.413869261741638184e-01,1.603375189006328583e-02,1.169291590485954657e-05,3.165605291724205017e-02,3.869743522955104709e-06,3.109076917171478271e-01
6.236147880554199219e-01,1.843016780912876129e-02,2.126405343005899340e-05,5.486232042312622070e-02,7.277661097759846598e-06,3.030642271041870117e-01
8.348200321197509766e-01,1.386493537575006485e-02,2.800192669383250177e-05,2.310093119740486145e-02,8.873616025084629655e-06,1.281773597002029419e-01
9.637150168418884277e-01,6.602757144719362259e-03,4.196053123450838029e-05,1.008960511535406113e-02,9.726354619488120079e-06,1.954103074967861176e-02
9.753099679946899414e-01,4.875012673437595367e-03,6.357772508636116982e-05,1.199895329773426056e-02,1.140384847531095147e-05,7.740962784737348557e-03
8.926277756690979004e-01,2.989659085869789124e-02,2.047388115897774696e-04,5.322049930691719055e-02,3.043173637706786394e-05,2.401996217668056488e-02
8.706570267677307129e-01,4.741351678967475891e-02,1.992687466554343700e-04,6.162882223725318909e-02,2.209330159530509263e-05,2.007919177412986755e-02
8.628532886505126953e-01,4.658898711204528809e-02,2.846580755431205034e-04,6.525754183530807495e-02,3.937779911211691797e-05,2.497621439397335052e-02
8.815576434135437012e-01,2.034230902791023254e-02,1.514353789389133453e-04,5.250108614563941956e-02,2.735716043389402330e-05,4.542015120387077332e-02
9.157152175903320312e-01,5.875395610928535461e-03,8.648658695165067911e-05,1.278388965874910355e-02,2.688374479475896806e-05,6.551212072372436523e-02
9.052502512931823730e-01,5.859336815774440765e-03,1.218279721797443926e-04,1.563592813909053802e-02,3.845188984996639192e-05,7.309427857398986816e-02
8.354898691177368164e-01,5.044044926762580872e-03,5.763084482168778777e-05,1.302131172269582748e-02,2.521128953958395869e-05,1.463619619607925415e-01
8.835954070091247559e-01,6.157977506518363953e-03,5.453296034829691052e-05,7.259898819029331207e-03,1.913261257868725806e-05,1.029130741953849792e-01
8.196135163307189941e-01,2.283938229084014893e-02,5.110870188218541443e-05,1.736105792224407196e-02,1.710365359031129628e-05,1.401178091764450073e-01
8.748180270195007324e-01,1.615748926997184753e-02,3.920132803614251316e-05,1.432032976299524307e-02,1.458767019357765093e-05,9.465041011571884155e-02
8.939186930656433105e-01,8.815696462988853455e-03,6.256587221287190914e-05,1.015428267419338226e-02,3.042356183868832886e-05,8.701840043067932129e-02
8.194125294685363770e-01,4.490468185395002365e-03,3.347534948261454701e-05,5.058224778622388840e-03,2.221605427621398121e-05,1.709830760955810547e-01
7.758631110191345215e-01,3.504044609144330025e-03,2.477043926774058491e-05,9.184699505567550659e-03,1.099168002838268876e-05,2.114122956991195679e-01
8.488367795944213867e-01,1.565801096148788929e-03,1.972662539628800005e-05,8.833078667521476746e-03,8.695726137375459075e-06,1.407359391450881958e-01
8.642947673797607422e-01,7.073312532156705856e-03,7.526006083935499191e-05,2.909412048757076263e-02,1.926733602886088192e-05,9.944324940443038940e-02
8.239306807518005371e-01,2.701451256871223450e-02,1.433090073987841606e-04,7.307802140712738037e-02,2.148978273908142000e-05,7.581198960542678833e-02
7.791747450828552246e-01,4.669180139899253845e-02,1.778542937245219946e-04,1.180033162236213684e-01,1.802748192858416587e-05,5.593411251902580261e-02
6.247442960739135742e-01,9.426836669445037842e-02,3.597775357775390148e-04,2.573686540126800537e-01,2.601640335342381150e-05,2.323293313384056091e-02
8.551071286201477051e-01,2.263617701828479767e-02,6.381458661053329706e-05,6.026223301887512207e-02,8.788109880697447807e-06,6.192188337445259094e-02
7.599262595176696777e-01,3.078448399901390076e-02,5.370844519347883761e-05,1.465961337089538574e-01,5.759473424404859543e-06,6.263358891010284424e-02
9.151278138160705566e-01,6.388660985976457596e-03,1.931465340021532029e-05,4.221525043249130249e-02,2.771366325760027394e-06,3.624626994132995605e-02
9.386003017425537109e-01,2.335539786145091057e-03,1.107528078136965632e-05,3.028080984950065613e-02,1.646988152970152441e-06,2.877054549753665924e-02
8.591261506080627441e-01,7.501872256398200989e-03,2.468466118443757296e-05,7.085249572992324829e-02,3.379459485586266965e-06,6.249143183231353760e-02
9.215925335884094238e-01,1.612258260138332844e-03,7.229044513223925605e-06,1.609298214316368103e-02,1.403654664500209037e-06,6.069356203079223633e-02
9.713250398635864258e-01,6.824709707871079445e-04,4.167181032244116068e-06,4.883022513240575790e-03,9.894062031889916398e-07,2.310424484312534332e-02
9.247773289680480957e-01,2.835711697116494179e-03,6.918375220266170800e-06,7.544390391558408737e-03,1.932198983922717161e-06,6.483355909585952759e-02
9.649024605751037598e-01,2.427750034257769585e-03,9.499025509285274893e-06,1.288814470171928406e-02,1.315188683292944916e-06,1.977089792490005493e-02
9.561426043510437012e-01,4.251047968864440918e-03,9.454767678107600659e-06,1.268193963915109634e-02,1.806504087653593160e-06,2.691311948001384735e-02
8.952924013137817383e-01,1.265855971723794937e-02,2.260977998957969248e-05,3.716578707098960876e-02,4.021780569019028917e-06,5.485651269555091858e-02
8.781804442405700684e-01,5.489711184054613113e-03,2.337961450393777341e-05,5.711368098855018616e-02,4.130353772779926658e-06,5.918866395950317383e-02
8.855283856391906738e-01,5.543350242078304291e-03,4.165646532783284783e-05,2.482930570840835571e-02,1.240497385879280046e-05,8.404475450515747070e-02
9.627724885940551758e-01,1.689058379270136356e-03,2.234834209957625717e-05,1.143128145486116409e-02,5.461821274366229773e-06,2.407925203442573547e-02
9.307494163513183594e-01,4.106272943317890167e-03,3.172658034600317478e-05,2.156649343669414520e-02,7.316771188925486058e-06,4.353883862495422363e-02
9.142661690711975098e-01,1.869802176952362061e-02,6.584771472262218595e-05,1.518815848976373672e-02,1.396583593304967508e-05,5.176778882741928101e-02
8.203815221786499023e-01,6.651680916547775269e-02,1.731640368234366179e-04,4.610867425799369812e-02,2.841753666871227324e-05,6.679132580757141113e-02
8.666760921478271484e-01,4.567140340805053711e-02,1.459248014725744724e-04,3.218690305948257446e-02,2.508459510863758624e-05,5.529458820819854736e-02
9.177696108818054199e-01,2.346611395478248596e-02,7.934055611258372664e-05,1.753700710833072662e-02,1.618203714315313846e-05,4.113171622157096863e-02
9.279292225837707520e-01,2.185225114226341248e-02,1.877024624263867736e-04,3.593596443533897400e-02,2.819168003043159842e-05,1.406674180179834366e-02
9.135329127311706543e-01,2.577883936464786530e-02,1.837144518503919244e-04,3.897366672754287720e-02,2.946397034975234419e-05,2.150127850472927094e-02
8.490015268325805664e-01,2.676554210484027863e-02,1.095370898838154972e-04,9.536167979240417480e-02,1.184129268949618563e-05,2.874996699392795563e-02
8.498767614364624023e-01,2.510323934257030487e-02,1.311810774495825171e-04,7.711984962224960327e-02,2.254540595458820462e-05,4.774641618132591248e-02
9.051750898361206055e-01,7.046942599117755890e-03,6.365555600496008992e-05,1.078916527330875397e-02,2.319028499186970294e-05,7.690193504095077515e-02
9.525668025016784668e-01,1.908808015286922455e-03,2.943774416053202003e-05,2.326148096472024918e-03,1.449476167181273922e-05,4.315419122576713562e-02
9.556365013122558594e-01,5.109746009111404419e-03,8.626722410554066300e-05,6.497438065707683563e-03,2.433357803965918720e-05,3.264555335044860840e-02
9.633898138999938965e-01,7.009043358266353607e-03,1.580567040946334600e-04,5.336223170161247253e-03,5.628461076412349939e-05,2.405063621699810028e-02
9.662300348281860352e-01,7.219539489597082138e-03,1.205372172989882529e-04,8.722104132175445557e-03,3.200000355718657374e-05,1.767586730420589447e-02
8.651307821273803711e-01,3.481566160917282104e-02,1.966938434634357691e-04,2.098591998219490051e-02,5.418921864475123584e-05,7.881680876016616821e-02
8.157820701599121094e-01,1.747975498437881470e-02,8.306065865326672792e-05,4.003048688173294067e-02,2.300417509104590863e-05,1.266015022993087769e-01
8.821640014648437500e-01,5.923901684582233429e-03,2.902727101172786206e-05,1.959287375211715698e-02,8.264176358352415264e-06,9.228187799453735352e-02
8.540169596672058105e-01,6.337919738143682480e-03,4.448711115401238203e-05,3.983963653445243835e-02,9.282814062316901982e-06,9.975180774927139282e-02
8.261241316795349121e-01,4.462646320462226868e-03,2.610306182759813964e-05,8.382624387741088867e-02,4.232213996147038415e-06,8.555670082569122314e-02
7.924439311027526855e-01,2.753913169726729393e-03,1.408813750458648428e-05,5.257669836282730103e-02,3.499411604934721254e-06,1.522079259157180786e-01
6.172478199005126953e-01,3.263396210968494415e-03,4.878286290477262810e-06,5.398712307214736938e-02,1.318838599217997398e-06,3.254954516887664795e-01
6.934369206428527832e-01,2.189343562349677086e-03,3.384596993782906793e-06,3.136641159653663635e-02,1.059366354638768826e-06,2.730028629302978516e-01
7.242250442504882812e-01,3.846790408715605736e-03,1.162041098723420873e-05,5.410119518637657166e-02,3.138939973723609000e-06,2.178122550249099731e-01
8.914644122123718262e-01,1.899505732581019402e-03,1.186773897643433884e-05,1.168348547071218491e-02,4.324936980992788449e-06,9.493634849786758423e-02
9.081224799156188965e-01,1.396772172302007675e-02,1.177327940240502357e-04,1.315490808337926865e-02,2.843804759322665632e-05,6.460865586996078491e-02
8.899514079093933105e-01,4.077647626399993896e-02,5.145780160091817379e-04,4.495238512754440308e-02,7.428152457578107715e-05,2.373090945184230804e-02
9.161387681961059570e-01,2.915451116859912872e-02,4.913054290227591991e-04,2.411786280572414398e-02,9.629072883399203420e-05,3.000114113092422485e-02
7.806030511856079102e-01,4.337856173515319824e-02,2.713596913963556290e-04,2.473907917737960815e-02,7.624716090504080057e-05,1.509316861629486084e-01
8.343085050582885742e-01,1.904524303972721100e-02,1.360582682536914945e-04,1.349694002419710159e-02,4.652748248190619051e-05,1.329667270183563232e-01
8.972554206848144531e-01,8.501628413796424866e-03,1.323000469710677862e-04,1.239367760717868805e-02,4.501578587223775685e-05,8.167192339897155762e-02
8.480244874954223633e-01,2.839633636176586151e-02,2.995216054841876030e-04,3.179033473134040833e-02,7.870892295613884926e-05,9.141061455011367798e-02
9.113483428955078125e-01,2.246087417006492615e-02,2.360307262279093266e-04,1.968668960034847260e-02,5.177485218155197799e-05,4.621612280607223511e-02
9.786961078643798828e-01,3.762115491554141045e-03,8.950255141826346517e-05,3.232599701732397079e-03,2.983086960739456117e-05,1.418985892087221146e-02
9.734752774238586426e-01,3.694491693750023842e-03,7.674122025491669774e-05,5.766800139099359512e-03,2.031772783084306866e-05,1.696639508008956909e-02
9.805586934089660645e-01,1.317600253969430923e-03,2.869821037165820599e-05,3.609796287491917610e-03,8.101544153760187328e-06,1.447701919823884964e-02
9.920714497566223145e-01,6.343110580928623676e-04,2.767358637356664985e-05,2.163307741284370422e-03,7.045551228657132015e-06,5.096096079796552658e-03
9.731007218360900879e-01,6.492022890597581863e-03,1.535204937681555748e-04,1.171100512146949768e-02,2.276809027534909546e-05,8.520050905644893646e-03
9.821711778640747070e-01,5.846743471920490265e-03,4.771724343299865723e-05,3.334913169965147972e-03,1.029649502015672624e-05,8.589145727455615997e-03
9.639216065406799316e-01,8.984938263893127441e-03,5.377191337174735963e-05,1.020370796322822571e-02,9.977167792385444045e-06,1.682591810822486877e-02
9.457740187644958496e-01,1.252731867134571075e-02,8.018231892492622137e-05,2.248405478894710541e-02,1.105468072637449950e-05,1.912333257496356964e-02
9.484289884567260742e-01,6.781920790672302246e-03,4.638085738406516612e-05,1.936793327331542969e-02,8.104976586764678359e-06,2.536670677363872528e-02
9.136538505554199219e-01,4.909597802907228470e-03,3.919268419849686325e-05,2.809153683483600616e-02,8.523432370566297323e-06,5.329725146293640137e-02
7.868085503578186035e-01,5.700448155403137207e-02,2.781484799925237894e-04,1.083140224218368530e-01,3.688942160806618631e-05,4.755799472332000732e-02
7.348499894142150879e-01,4.177731648087501526e-02,1.537664502393454313e-04,1.329403519630432129e-01,2.564730129961390048e-05,9.025285392999649048e-02
6.233915686607360840e-01,1.754909753799438477e-02,6.940851744730025530e-05,9.748055785894393921e-02,1.645447446207981557e-05,2.614929080009460449e-01
7.797639966011047363e-01,1.610391214489936829e-02,9.684219548944383860e-05,6.816759705543518066e-02,1.884550511022098362e-05,1.358487904071807861e-01
8.988044857978820801e-01,4.520666319876909256e-03,6.180685886647552252e-05,3.501834720373153687e-02,1.213391715282341465e-05,6.158247590065002441e-02
9.062140583992004395e-01,5.704629700630903244e-03,8.448824519291520119e-05,6.451731920242309570e-02,9.849019079410936683e-06,2.346963062882423401e-02
9.181882143020629883e-01,6.402608938515186310e-03,3.860968718072399497e-05,2.968884073197841644e-02,6.517634574265684932e-06,4.567502811551094055e-02
9.165921211242675781e-01,1.044641900807619095e-02,2.533726910769473761e-05,4.907056316733360291e-02,2.845247308869147673e-06,2.386272512376308441e-02
9.326229095458984375e-01,6.031261757016181946e-03,1.129523934650933370e-05,4.312403500080108643e-02,1.275016529689310119e-06,1.820924691855907440e-02
8.630860447883605957e-01,1.579222641885280609e-02,1.704041824268642813e-05,7.333600521087646484e-02,1.991837962123099715e-06,4.776662588119506836e-02
9.051767587661743164e-01,6.224090233445167542e-03,8.584293937019538134e-06,3.898758441209793091e-02,1.467969241275568493e-06,4.960146918892860413e-02
9.653522372245788574e-01,1.930842292495071888e-03,5.006420906283892691e-06,1.361018791794776917e-02,9.860239060799358413e-07,1.910069957375526428e-02
9.788221716880798340e-01,7.916211616247892380e-04,4.579426331474678591e-06,3.884958103299140930e-03,1.307942397943406831e-06,1.649543642997741699e-02
9.857162833213806152e-01,9.610954439267516136e-04,1.611477819096762687e-05,5.169412586838006973e-03,3.969266344938660040e-06,8.133140392601490021e-03
9.867488741874694824e-01,8.717096643522381783e-04,2.004164525715168566e-05,4.353170748800039291e-03,6.286046300374437124e-06,7.999986410140991211e-03
8.671473860740661621e-01,1.218566857278347015e-02,1.056679175235331059e-04,8.336952328681945801e-02,1.875233829196076840e-05,3.717296570539474487e-02
7.177187204360961914e-01,2.967911586165428162e-02,5.637221693177707493e-05,1.587176471948623657e-01,8.277999768324662000e-06,9.381988644599914551e-02
3.892293572425842285e-01,1.178476512432098389e-01,7.495897443732246757e-05,2.860063314437866211e-01,8.339003215951379389e-06,2.068333178758621216e-01
4.728765785694122314e-01,5.341878533363342285e-02,4.926642941427417099e-05,8.974009752273559570e-02,1.085238091036444530e-05,3.839044272899627686e-01
5.256097912788391113e-01,5.736417323350906372e-02,6.151244451757520437e-05,5.707372352480888367e-02,1.418264764652121812e-05,3.598765730857849121e-01
4.284498095512390137e-01,4.887759312987327576e-02,4.598164741764776409e-05,5.209377780556678772e-02,1.488774978497531265e-05,4.705179035663604736e-01
6.424227356910705566e-01,2.477836329489946365e-03,8.404119398619513959e-06,7.558981422334909439e-03,5.063634034740971401e-06,3.475269973278045654e-01
7.943756580352783203e-01,6.447237450629472733e-03,1.871270978881511837e-05,3.527064993977546692e-02,6.207307706063147634e-06,1.638813912868499756e-01
4.345218241214752197e-01,1.109322905540466309e-02,1.077605520549695939e-05,3.579496219754219055e-02,4.244204774295212701e-06,5.185749530792236328e-01
5.514382719993591309e-01,5.276005249470472336e-03,8.443049409834202379e-06,1.559057831764221191e-02,3.484109811324742623e-06,4.276832342147827148e-01
7.740564346313476562e-01,1.428045146167278290e-02,4.929717033519409597e-05,1.556618232280015945e-02,1.814242205000482500e-05,1.960294991731643677e-01
7.968289256095886230e-01,2.617784403264522552e-02,4.260182322468608618e-05,1.458415575325489044e-02,1.175300167233217508e-05,1.623547077178955078e-01
9.013020992279052734e-01,2.385713905096054077e-02,5.715729639632627368e-05,2.267726324498653412e-02,9.592768037691712379e-06,5.209676921367645264e-02
9.284934997558593750e-01,2.589849196374416351e-02,6.824664160376414657e-05,1.271404139697551727e-02,1.228854944201884791e-05,3.281340748071670532e-02
9.287508726119995117e-01,6.172663997858762741e-03,1.608502861927263439e-05,6.144879851490259171e-03,5.044257250119699165e-06,5.891054868698120117e-02
8.619027137756347656e-01,1.576354354619979858e-02,3.298244337202049792e-05,1.186462491750717163e-02,8.462025107291992754e-06,1.104277744889259338e-01
8.900331854820251465e-01,7.762862835079431534e-03,4.443233774509280920e-05,5.688253324478864670e-03,1.626265111553948373e-05,9.645508229732513428e-02
9.242687821388244629e-01,3.074444364756345749e-03,3.285580169176682830e-05,3.030021442100405693e-03,1.477397654525702819e-05,6.957927346229553223e-02
9.277753829956054688e-01,4.531929269433021545e-03,8.795534085948020220e-05,1.352898962795734406e-02,2.393555769231170416e-05,5.405188724398612976e-02
9.474162459373474121e-01,3.723505185917019844e-03,6.800056144129484892e-05,1.941419765353202820e-02,1.182528194476617500e-05,2.936623059213161469e-02
8.020281195640563965e-01,1.362279243767261505e-02,6.495597335742786527e-05,1.365315616130828857e-01,6.958991889405297115e-06,4.774565249681472778e-02
7.784802913665771484e-01,2.481312118470668793e-02,5.461821274366229773e-05,1.354565471410751343e-01,6.371521521941758692e-06,6.118895858526229858e-02
8.127760291099548340e-01,2.058861963450908661e-02,3.130349432467482984e-05,1.053708121180534363e-01,4.088739842700306326e-06,6.122919544577598572e-02
9.078242182731628418e-01,1.777780055999755859e-02,5.516059900401160121e-05,3.814803063869476318e-02,7.665309567528311163e-06,3.618709370493888855e-02
9.236727952957153320e-01,1.655674166977405548e-02,5.887891165912151337e-05,1.982373557984828949e-02,1.061435159499524161e-05,3.987719118595123291e-02
9.593715667724609375e-01,1.553459465503692627e-02,1.694715174380689859e-04,1.078690495342016220e-02,2.881264299503527582e-05,1.410869508981704712e-02
8.975369334220886230e-01,4.234770685434341431e-02,2.631238603498786688e-04,8.212981745600700378e-03,7.790367817506194115e-05,5.156143754720687866e-02
9.299527406692504883e-01,3.599400073289871216e-02,2.848508593160659075e-04,6.064136978238821030e-03,7.902708603069186211e-05,2.762524597346782684e-02
9.449960589408874512e-01,9.749822318553924561e-03,6.997690070420503616e-05,3.221200779080390930e-03,2.429184860375244170e-05,4.193860292434692383e-02
9.724767804145812988e-01,9.718976216390728951e-04,1.413721111021004617e-05,1.201523118652403355e-03,6.773469522158848122e-06,2.532889507710933685e-02
9.701400399208068848e-01,1.881879987195134163e-03,2.898149796237703413e-05,4.077403340488672256e-03,7.594795988552505150e-06,2.386409789323806763e-02
9.358487129211425781e-01,1.619020476937294006e-03,1.368640914733987302e-05,6.468261592090129852e-03,4.438781616045162082e-06,5.604587495326995850e-02
8.596121072769165039e-01,7.758771069347858429e-03,5.777913247584365308e-05,5.027510970830917358e-02,9.373959073855075985e-06,8.228679746389389038e-02
5.250725746154785156e-01,8.010559529066085815e-02,2.752660657279193401e-04,2.696012258529663086e-01,3.279496013419702649e-05,1.249126046895980835e-01
3.607905507087707520e-01,2.554474584758281708e-02,4.278312553651630878e-05,7.839274406433105469e-02,1.042702115228166804e-05,5.352187752723693848e-01
5.467205047607421875e-01,3.523085266351699829e-02,1.013673172565177083e-04,7.710374146699905396e-02,2.081782622553873807e-05,3.408227562904357910e-01
6.368710994720458984e-01,3.992878366261720657e-03,2.192522333643864840e-05,9.106115438044071198e-03,1.180923118226928636e-05,3.499961197376251221e-01
7.933724522590637207e-01,8.968610316514968872e-03,3.899017974617891014e-05,6.081355735659599304e-03,1.940765287145040929e-05,1.915192902088165283e-01
9.362621903419494629e-01,5.741514731198549271e-03,5.375916225602850318e-05,4.270276986062526703e-03,1.841379707911983132e-05,5.365386232733726501e-02
9.682663083076477051e-01,3.607797669246792793e-03,6.205963290994986892e-05,4.723121877759695053e-03,2.159292853320948780e-05,2.331910468637943268e-02
9.387949705123901367e-01,2.472429350018501282e-02,2.264754730276763439e-04,1.553686149418354034e-02,4.825726864510215819e-05,2.066913992166519165e-02
9.705767035484313965e-01,3.641624003648757935e-03,4.548068318399600685e-05,1.379874069243669510e-02,9.076786227524280548e-06,1.192846987396478653e-02
9.366694092750549316e-01,9.296718053519725800e-03,8.249853271991014481e-05,3.165599703788757324e-02,1.628567588340956718e-05,2.227911166846752167e-02
9.205532670021057129e-01,1.812903396785259247e-02,1.207932073157280684e-04,3.491264581680297852e-02,2.121219222317449749e-05,2.626307494938373566e-02
9.621170163154602051e-01,7.681466173380613327e-03,9.588486136635765433e-05,1.792391389608383179e-02,1.568936022522393614e-05,1.216601580381393433e-02
9.628785848617553711e-01,3.526772139593958855e-03,2.326646244910079986e-05,2.149021625518798828e-02,3.109567614956176840e-06,1.207803189754486084e-02
9.854255914688110352e-01,3.697198117151856422e-04,2.560896064096596092e-06,2.347541041672229767e-03,7.167324724832724314e-07,1.185389887541532516e-02
9.649673700332641602e-01,4.182127304375171661e-04,1.013166070151783060e-06,9.695379412733018398e-04,5.692014042324444745e-07,3.364327177405357361e-02
9.482647776603698730e-01,7.933902088552713394e-04,1.337546791546628810e-06,1.154662808403372765e-03,7.454202091139450204e-07,4.978502914309501648e-02
9.491690397262573242e-01,8.935706573538482189e-04,1.594943228155898396e-06,1.464522560127079487e-03,7.677284656892879866e-07,4.847057908773422241e-02
8.994136452674865723e-01,4.803741350769996643e-03,9.655756002757698298e-06,2.634686883538961411e-03,4.497882400755770504e-06,9.313377737998962402e-02
9.611327648162841797e-01,1.008661813102662563e-03,7.870234185247682035e-06,7.214728975668549538e-04,4.185314537608064711e-06,3.712502866983413696e-02
9.524539709091186523e-01,9.886476909741759300e-04,1.698059531918261200e-05,1.063682138919830322e-03,9.289959962188731879e-06,4.546741768717765808e-02
9.583954215049743652e-01,1.155327423475682735e-03,2.862564724637195468e-05,1.254606759175658226e-03,1.384187817166093737e-05,3.915225714445114136e-02
9.646711945533752441e-01,6.460573640652000904e-04,1.648254692554473877e-05,1.486257184296846390e-03,8.610015356680378318e-06,3.317145630717277527e-02
9.631299972534179688e-01,1.068630954250693321e-03,2.751372267084661871e-05,2.973115071654319763e-03,1.194258038594853133e-05,3.278882429003715515e-02
9.535856246948242188e-01,1.119722425937652588e-02,2.677824231795966625e-04,1.695589907467365265e-02,5.734735532314516604e-05,1.793607883155345917e-02
9.292566776275634766e-01,1.989709772169589996e-02,1.689206983428448439e-04,3.774562850594520569e-02,2.071688504656776786e-05,1.291090995073318481e-02
9.281482696533203125e-01,3.487984091043472290e-02,2.894167555496096611e-04,1.911783590912818909e-02,4.243677540216594934e-05,1.752215251326560974e-02
9.296553134918212891e-01,2.976630069315433502e-02,2.920265833381563425e-04,2.798419259488582611e-02,3.810784619417972863e-05,1.226407848298549652e-02
9.728263616561889648e-01,5.897418595850467682e-03,4.119064033147878945e-05,7.229189854115247726e-03,8.314626029459759593e-06,1.399745419621467590e-02
9.909343123435974121e-01,4.677403485402464867e-04,3.726495151568087749e-06,1.301171607337892056e-03,1.232916474691592157e-06,7.291669026017189026e-03
9.921635389328002930e-01,2.275863371323794127e-04,2.586869186416151933e-06,9.521326865069568157e-04,9.319614378000551369e-07,6.653166376054286957e-03
9.889941811561584473e-01,9.148383978754281998e-04,1.099480778066208586e-05,1.391168916597962379e-03,3.621445330281858332e-06,8.685126900672912598e-03
9.927861094474792480e-01,7.040957571007311344e-04,1.799723031581379473e-05,1.378908404149115086e-03,4.947501565766287968e-06,5.107958801090717316e-03
9.806524515151977539e-01,3.172009484842419624e-03,5.897641312913037837e-05,3.192389383912086487e-03,1.613703716429881752e-05,1.290811039507389069e-02
9.552146196365356445e-01,5.682173185050487518e-03,7.035120506770908833e-05,4.891691729426383972e-03,2.289071744598913938e-05,3.411836177110671997e-02
9.471462368965148926e-01,7.263188716024160385e-03,1.180220424430444837e-04,3.589540021494030952e-03,5.405195406638085842e-05,4.182893410325050354e-02
9.567292928695678711e-01,2.906674984842538834e-03,4.157005241722799838e-05,4.687001463025808334e-03,1.966214404092170298e-05,3.561586514115333557e-02
9.553597569465637207e-01,5.381191149353981018e-03,9.469708311371505260e-05,1.022536400705575943e-02,2.588392635516356677e-05,2.891314029693603516e-02
9.408206343650817871e-01,2.392021473497152328e-03,3.343755088280886412e-05,6.419027224183082581e-03,1.206845081469509751e-05,5.032269656658172607e-02
9.066668748855590820e-01,4.459517542272806168e-03,3.759683386306278408e-05,1.505435444414615631e-02,1.044443615683121607e-05,7.377119362354278564e-02
7.781425714492797852e-01,3.450443502515554428e-03,9.031788977154064924e-06,7.544954773038625717e-03,5.288048669171985239e-06,2.108477354049682617e-01
7.369027137756347656e-01,3.408089047297835350e-03,5.096123459225054830e-06,1.057516038417816162e-02,2.546627001720480621e-06,2.491064369678497314e-01
8.329539895057678223e-01,6.486556492745876312e-03,9.024800419865641743e-06,2.677383832633495331e-02,2.576921815489185974e-06,1.337739974260330200e-01
8.000771403312683105e-01,8.322719484567642212e-03,9.228844646713696420e-06,1.475344151258468628e-01,9.212826057591883000e-07,4.405547305941581726e-02
9.335139989852905273e-01,3.266972722485661507e-03,3.771979891098453663e-06,3.786314651370048523e-02,4.995724225409503561e-07,2.535167150199413300e-02
9.159724116325378418e-01,4.365725442767143250e-03,3.791920789808500558e-06,2.587571553885936737e-02,8.428631872448022477e-07,5.378140509128570557e-02
8.497576713562011719e-01,2.253839746117591858e-03,1.835122702686931007e-06,7.093084044754505157e-03,7.395879606519883964e-07,1.408929526805877686e-01
8.750382065773010254e-01,1.006204984150826931e-03,8.796239399089245126e-07,2.543579088523983955e-03,4.597711722453823313e-07,1.214107573032379150e-01
8.800734281539916992e-01,1.815542578697204590e-03,3.235258418499142863e-06,3.071415005251765251e-03,1.520147407063632272e-06,1.150349304080009460e-01
8.053600788116455078e-01,8.844095282256603241e-03,1.548771979287266731e-05,2.631606347858905792e-02,3.546582547642174177e-06,1.594607681035995483e-01
9.324939250946044922e-01,9.157245047390460968e-03,5.110687561682425439e-05,2.791034057736396790e-02,8.099772458081133664e-06,3.037922456860542297e-02
7.283002734184265137e-01,4.553696140646934509e-02,1.016686219372786582e-04,1.671531647443771362e-01,1.019269075186457485e-05,5.889762938022613525e-02
8.449645638465881348e-01,3.800210729241371155e-02,1.139062223955988884e-04,8.752195537090301514e-02,1.241238715010695159e-05,2.938505262136459351e-02
9.430150389671325684e-01,1.028977613896131516e-02,3.519402889651246369e-05,2.156248688697814941e-02,6.119329100329196081e-06,2.509144693613052368e-02
8.653547763824462891e-01,2.721575275063514709e-02,9.522061736788600683e-05,4.171729832887649536e-02,2.008069714065641165e-05,6.559684127569198608e-02
9.129921793937683105e-01,7.942466065287590027e-03,6.963571649976074696e-05,1.324855163693428040e-02,2.669813329703174531e-05,6.572045385837554932e-02
8.818320631980895996e-01,2.995745651423931122e-02,2.335215394850820303e-04,4.062484204769134521e-02,4.762905155075713992e-05,4.730461165308952332e-02
8.763247132301330566e-01,3.347515687346458435e-02,5.272670532576739788e-04,5.096350610256195068e-02,9.903388854581862688e-05,3.861022740602493286e-02
9.422102570533752441e-01,1.113308873027563095e-02,1.511730661150068045e-04,1.573177240788936615e-02,3.978557651862502098e-05,3.073393180966377258e-02
9.407089948654174805e-01,1.759752398356795311e-03,2.135859358531888574e-05,9.475731290876865387e-03,5.287948624754790217e-06,4.802898317575454712e-02
9.504576325416564941e-01,1.178044709376990795e-03,1.848313149821478873e-05,1.148310117423534393e-02,4.061146228195866570e-06,3.685875236988067627e-02
9.684525132179260254e-01,6.394356023520231247e-04,1.318077192991040647e-05,4.615429788827896118e-03,5.178665105631807819e-06,2.627426572144031525e-02
9.774546623229980469e-01,4.109135188627988100e-04,8.257680747192353010e-06,3.172643482685089111e-03,2.993030648212879896e-06,1.895050890743732452e-02
9.790706634521484375e-01,4.353740660008043051e-04,1.128195162891643122e-05,8.342780172824859619e-03,2.862255541913327761e-06,1.213705912232398987e-02
9.445660710334777832e-01,3.486285859253257513e-04,6.562185262737330049e-06,1.037215907126665115e-02,2.108708031300920993e-06,4.470448568463325500e-02
9.374207258224487305e-01,4.364194464869797230e-04,7.756559170957189053e-06,1.055946853011846542e-02,2.465159695930196904e-06,5.157319828867912292e-02
8.893174529075622559e-01,1.718379440717399120e-03,1.940918991749640554e-05,1.873272471129894257e-02,5.798065103590488434e-06,9.020618349313735962e-02
9.552212953567504883e-01,6.217720219865441322e-04,7.040870968921808526e-06,1.235325541347265244e-02,1.641243215999566019e-06,3.179515525698661804e-02
9.619260430335998535e-01,4.484307952225208282e-03,5.085044176666997373e-05,1.570763997733592987e-02,7.879209078964777291e-06,1.782329007983207703e-02
9.072505235671997070e-01,2.459382452070713043e-02,2.171297237509861588e-04,3.860343620181083679e-02,2.833141297742258757e-05,2.930663153529167175e-02
9.249847531318664551e-01,1.534895040094852448e-02,1.325866760453209281e-04,1.750340685248374939e-02,2.903548556787427515e-05,4.200138524174690247e-02
8.523878455162048340e-01,3.953644633293151855e-02,4.101391823496669531e-04,2.137945592403411865e-02,9.184946975437924266e-05,8.619421720504760742e-02
9.472324252128601074e-01,7.581700570881366730e-03,1.824687496991828084e-04,7.444298826158046722e-03,5.196586062083952129e-05,3.750715777277946472e-02
9.754119515419006348e-01,1.605750177986919880e-03,5.860689634573645890e-05,3.268264466896653175e-03,1.678393527981825173e-05,1.963865756988525391e-02
8.851573467254638672e-01,5.909713450819253922e-03,6.027492781868204474e-05,2.018476091325283051e-02,1.399751727149123326e-05,8.867397904396057129e-02
9.366006255149841309e-01,7.387843448668718338e-03,3.472428943496197462e-05,1.368258148431777954e-02,8.231232641264796257e-06,4.228600859642028809e-02
8.018888831138610840e-01,1.305145863443613052e-02,1.734273791953455657e-05,3.767029196023941040e-02,3.562092842912534252e-06,1.473685652017593384e-01
7.535445690155029297e-01,1.849753037095069885e-02,2.497624700481537730e-05,8.740017563104629517e-02,4.580319910019170493e-06,1.405282318592071533e-01
7.018488645553588867e-01,1.502354443073272705e-02,1.337768117082305253e-05,5.713698640465736389e-02,2.922409976235940121e-06,2.259742617607116699e-01
7.144418358802795410e-01,3.591950749978423119e-03,5.599377800535876304e-06,7.824415341019630432e-03,2.400768607913050801e-06,2.741338014602661133e-01
8.207488656044006348e-01,1.473370194435119629e-02,2.987369771290104836e-05,2.151183970272541046e-02,9.672125997894909233e-06,1.429661363363265991e-01
7.409406304359436035e-01,1.033802237361669540e-02,1.349952708551427349e-05,1.638024672865867615e-02,4.705279934569261968e-06,2.323229312896728516e-01
9.038904905319213867e-01,8.415332064032554626e-03,2.280250555486418307e-05,2.621983177959918976e-02,4.813886789634125307e-06,6.144668161869049072e-02
9.085925817489624023e-01,1.006426382809877396e-02,6.032793316990137100e-05,3.283775970339775085e-02,1.006475758913438767e-05,4.843489080667495728e-02
9.745846986770629883e-01,2.100107027217745781e-03,4.537359563983045518e-05,9.339657612144947052e-03,1.018221882986836135e-05,1.391988527029752731e-02
9.776301383972167969e-01,4.550765734165906906e-04,1.095770494430325925e-05,1.529216766357421875e-03,4.986670774087542668e-06,2.036959119141101837e-02
9.642622470855712891e-01,3.871579887345433235e-03,4.036668178741820157e-05,6.678287405520677567e-03,1.102132318919757381e-05,2.513644844293594360e-02
9.195641279220581055e-01,1.383906416594982147e-02,4.743171302834525704e-05,3.150571882724761963e-02,7.836214535927865654e-06,3.503579273819923401e-02
8.018470406532287598e-01,5.725363641977310181e-02,8.217895810957998037e-05,6.316351145505905151e-02,1.268906908080680296e-05,7.764080166816711426e-02
7.664982080459594727e-01,9.038927406072616577e-02,1.481148647144436836e-04,8.086416870355606079e-02,1.819374119804706424e-05,6.208203360438346863e-02
9.176387786865234375e-01,2.696880511939525604e-02,1.749825751176103950e-04,3.062515705823898315e-02,2.867216062441002578e-05,2.456351555883884430e-02
9.558424353599548340e-01,6.234189029783010483e-03,4.729588181362487376e-05,1.543682254850864410e-02,9.375124136568047106e-06,2.242987975478172302e-02
9.682970643043518066e-01,4.944150336086750031e-03,5.239845631876960397e-05,1.182970311492681503e-02,1.054825406754389405e-05,1.486617792397737503e-02
9.781242609024047852e-01,1.214589341543614864e-03,1.842357778514269739e-05,6.519839167594909668e-03,4.489807906793430448e-06,1.411818526685237885e-02
9.622902870178222656e-01,9.423404932022094727e-03,6.511305400636047125e-05,1.282604597508907318e-02,9.448677701584529132e-06,1.538567896932363510e-02
9.267615079879760742e-01,3.037147596478462219e-02,2.742195210885256529e-04,2.209025062620639801e-02,3.863066012854687870e-05,2.046379633247852325e-02
8.784371018409729004e-01,5.581657215952873230e-02,7.554416079074144363e-04,4.385855793952941895e-02,9.090379171539098024e-05,2.104142308235168457e-02
7.761857509613037109e-01,1.418650746345520020e-01,2.742557087913155556e-03,4.946459457278251648e-02,5.133447702974081039e-04,2.922877483069896698e-02
6.373668909072875977e-01,2.355343252420425415e-01,4.188645165413618088e-03,1.014357060194015503e-01,4.969475558027625084e-04,2.097737789154052734e-02
5.884975790977478027e-01,3.041582107543945312e-01,4.918952472507953644e-03,6.599959731101989746e-02,8.752458961680531502e-04,3.555037826299667358e-02
2.414658367633819580e-01,5.683488249778747559e-01,4.204680677503347397e-03,1.558305025100708008e-01,4.064246313646435738e-04,2.974364720284938812e-02
5.870601534843444824e-01,3.033038973808288574e-01,2.059095306321978569e-03,6.051592901349067688e-02,2.565970935393124819e-04,4.680421203374862671e-02
8.432607650756835938e-01,7.741144299507141113e-02,6.674663745798170567e-04,3.584559261798858643e-02,1.092768361559137702e-04,4.270548000931739807e-02
8.597311973571777344e-01,7.388637959957122803e-02,5.684499628841876984e-04,1.643566787242889404e-02,1.175059296656399965e-04,4.926060512661933899e-02
9.495366215705871582e-01,1.206372864544391632e-02,1.393230777466669679e-04,6.307909730821847916e-03,3.531401307554915547e-05,3.191711008548736572e-02
9.187523722648620605e-01,2.448682859539985657e-02,1.216212694998830557e-04,1.322894822806119919e-02,2.797790330077987164e-05,4.338238015770912170e-02
9.285054802894592285e-01,2.041437476873397827e-02,8.138208795571699739e-05,1.663972437381744385e-02,1.500266080256551504e-05,3.434403240680694580e-02
9.403350949287414551e-01,6.387731991708278656e-03,3.075476342928595841e-05,5.510041490197181702e-03,1.133278146880911663e-05,4.772514104843139648e-02
8.436554670333862305e-01,1.914452388882637024e-02,3.706835923367179930e-05,2.695371396839618683e-02,8.440000783593859524e-06,1.102008298039436340e-01
8.282305598258972168e-01,4.183476790785789490e-02,1.430321135558187962e-04,8.497395366430282593e-02,1.736371632432565093e-05,4.480032622814178467e-02
8.423726558685302734e-01,2.509322389960289001e-02,1.582377881277352571e-04,1.067815721035003662e-01,1.762513966241385788e-05,2.557666413486003876e-02
7.648271322250366211e-01,2.662049792706966400e-02,1.890655694296583533e-04,1.934416741132736206e-01,1.550060187582857907e-05,1.490607485175132751e-02
8.847326040267944336e-01,1.232065539807081223e-02,1.418168394593521953e-04,9.307546168565750122e-02,1.275488739338470623e-05,9.716548025608062744e-03
8.392512202262878418e-01,1.090200804173946381e-02,1.250294590136036277e-04,1.176183819770812988e-01,1.524296567367855459e-05,3.208816051483154297e-02
8.416857719421386719e-01,6.468092557042837143e-03,1.143085610237903893e-04,1.234154999256134033e-01,1.327701102127321064e-05,2.830308116972446442e-02
5.309696197509765625e-01,3.259901702404022217e-02,1.644632575334981084e-04,3.576934039592742920e-01,1.626967787160538137e-05,7.855724543333053589e-02
5.253952741622924805e-01,3.532290458679199219e-02,1.291024091187864542e-04,2.157032340764999390e-01,1.926957338582724333e-05,2.234302312135696411e-01
3.744341135025024414e-01,7.627583295106887817e-02,1.472670555813238025e-04,3.888132274150848389e-01,1.684236303844954818e-05,1.603127568960189819e-01
4.697478115558624268e-01,8.059485256671905518e-02,8.921559492591768503e-05,1.986963301897048950e-01,1.332501324213808402e-05,2.508584558963775635e-01
3.684560358524322510e-01,5.539800226688385010e-02,4.468534461921080947e-05,7.744112610816955566e-02,9.789554496819619089e-06,4.986504018306732178e-01
3.453930616378784180e-01,1.563977748155593872e-01,1.241852733073756099e-04,1.489725112915039062e-01,1.871787026175297797e-05,3.490937948226928711e-01
4.636511206626892090e-01,1.471167504787445068e-01,1.846850645961239934e-04,9.559040516614913940e-02,3.080574606428854167e-05,2.934262752532958984e-01
5.791395902633666992e-01,1.282044351100921631e-01,5.046036676503717899e-04,1.979302167892456055e-01,4.097079363418743014e-05,9.418020397424697876e-02
6.213676929473876953e-01,6.909160315990447998e-02,3.337465459480881691e-04,8.662588894367218018e-02,5.138874621479772031e-05,2.225296050310134888e-01
7.117096185684204102e-01,2.505048178136348724e-02,2.900803519878536463e-04,1.834073513746261597e-01,3.656045009847730398e-05,7.950589805841445923e-02
7.049211859703063965e-01,1.412989012897014618e-02,1.951535232365131378e-04,2.098895311355590820e-01,2.318123006261885166e-05,7.084100693464279175e-02
7.221047282218933105e-01,2.611022815108299255e-02,4.165926075074821711e-04,1.891537755727767944e-01,4.461835851543582976e-05,6.216999888420104980e-02
7.136383056640625000e-01,3.979178145527839661e-02,6.409459747374057770e-04,2.183036059141159058e-01,5.712008351110853255e-05,2.756817825138568878e-02
8.125470280647277832e-01,6.600812077522277832e-02,8.046600851230323315e-04,1.012895554304122925e-01,7.543307583546265960e-05,1.927523314952850342e-02
7.856456637382507324e-01,9.391073137521743774e-02,6.587245152331888676e-04,1.004424914717674255e-01,5.997729022055864334e-05,1.928247511386871338e-02
9.483654499053955078e-01,1.505591347813606262e-02,2.100525744026526809e-04,1.824947260320186615e-02,3.570309854694642127e-05,1.808333210647106171e-02
9.012920260429382324e-01,1.102299522608518600e-02,3.406158430152572691e-05,2.638775855302810669e-02,7.173938229243503883e-06,6.125601753592491150e-02
9.340068697929382324e-01,5.445042625069618225e-03,1.981788227567449212e-05,9.588842280209064484e-03,5.737641913583502173e-06,5.093367025256156921e-02
8.940542340278625488e-01,6.457422394305467606e-03,2.298622894159052521e-05,2.364722639322280884e-02,6.376839337463025004e-06,7.581162452697753906e-02
8.460623025894165039e-01,1.591379009187221527e-02,7.061164069455116987e-05,8.020349591970443726e-02,1.076722946891095489e-05,5.773908272385597229e-02
7.131472229957580566e-01,6.134587153792381287e-02,5.461424589157104492e-04,1.957210749387741089e-01,4.612506381818093359e-05,2.919354662299156189e-02
6.162659525871276855e-01,8.239831775426864624e-02,8.914141799323260784e-04,2.632586061954498291e-01,6.886287883389741182e-05,3.711693361401557922e-02
3.741576969623565674e-01,1.489987373352050781e-01,1.544313970953226089e-03,4.341445565223693848e-01,1.154321944341063499e-04,4.103927314281463623e-02
6.250692605972290039e-01,1.988662481307983398e-01,1.713849604129791260e-03,1.444063186645507812e-01,1.732999662635847926e-04,2.977102063596248627e-02
8.378241658210754395e-01,6.643504649400711060e-02,7.018515025265514851e-04,7.003526389598846436e-02,8.254250133177265525e-05,2.492123283445835114e-02
8.977592587471008301e-01,3.972183167934417725e-02,3.825557942036539316e-04,3.118071332573890686e-02,6.180437776492908597e-05,3.089385852217674255e-02
9.248345494270324707e-01,1.829233206808567047e-02,1.955252955667674541e-04,2.506925538182258606e-02,4.036866812384687364e-05,3.156796097755432129e-02
9.633424878120422363e-01,4.920201376080513000e-03,5.084519943920895457e-05,1.282232720404863358e-02,1.058938687492627650e-05,1.885362342000007629e-02
9.301242232322692871e-01,4.540342837572097778e-03,4.005063237855210900e-05,3.846022114157676697e-02,6.944785582163603976e-06,2.682823128998279572e-02
7.970949411392211914e-01,8.469585329294204712e-03,1.397482810716610402e-05,8.772079646587371826e-02,2.756277126536588185e-06,1.066979095339775085e-01
6.484329104423522949e-01,2.210389077663421631e-02,1.432239423593273386e-05,1.717586368322372437e-01,2.050569946732139215e-06,1.576881855726242065e-01
6.249566674232482910e-01,1.979157887399196625e-02,1.182888445327989757e-05,1.287727057933807373e-01,2.271002813358791173e-06,2.264650017023086548e-01
4.826512336730957031e-01,4.019896313548088074e-02,3.650880171335302293e-05,1.650710701942443848e-01,7.939845090731978416e-06,3.120341897010803223e-01
7.051427960395812988e-01,3.129663318395614624e-02,6.782726995879784226e-05,1.040347442030906677e-01,1.434722707926994190e-05,1.594436019659042358e-01
9.353348612785339355e-01,3.584217512980103493e-03,3.214474418200552464e-05,1.477784197777509689e-02,9.683022653916850686e-06,4.626126214861869812e-02
9.431525468826293945e-01,5.822234321385622025e-03,6.447437772294506431e-05,1.954120025038719177e-02,1.626732228032778949e-05,3.140328079462051392e-02
9.318444132804870605e-01,8.168724365532398224e-03,9.607340325601398945e-05,1.156723313033580780e-02,3.548294625943526626e-05,4.828806594014167786e-02
6.670997142791748047e-01,1.357643865048885345e-02,6.798911635996773839e-05,1.207282580435276031e-02,2.671022230060771108e-05,3.071562945842742920e-01
5.626550912857055664e-01,1.155804656445980072e-02,5.904688441660255194e-05,8.638730272650718689e-03,3.399668639758601785e-05,4.170549809932708740e-01
7.689740657806396484e-01,6.314068101346492767e-03,4.462567085283808410e-05,1.373168174177408218e-02,2.147549639630597085e-05,2.109140604734420776e-01
8.046893477439880371e-01,9.109810926020145416e-03,5.303556827129796147e-05,2.030918374657630920e-02,2.516002132324501872e-05,1.658134460449218750e-01
7.736003994941711426e-01,1.405984722077846527e-02,2.702947676880285144e-05,4.134167358279228210e-02,7.645361620234325528e-06,1.709634214639663696e-01
8.561733365058898926e-01,7.754257880151271820e-03,1.090815294446656480e-05,1.641442626714706421e-02,4.362859726825263351e-06,1.196426227688789368e-01
8.675655126571655273e-01,6.744825281202793121e-03,4.965797870681853965e-06,1.066755969077348709e-02,1.898125674415496178e-06,1.150152757763862610e-01
7.592511773109436035e-01,4.627060145139694214e-03,4.179861207376234233e-06,4.148538224399089813e-03,2.377335704295546748e-06,2.319667637348175049e-01
7.832704782485961914e-01,6.046240683645009995e-03,5.456265171233098954e-06,6.931179668754339218e-03,2.016542111960006878e-06,2.037446498870849609e-01
9.025339484214782715e-01,1.226214040070772171e-02,1.482548395870253444e-05,1.869196817278862000e-02,2.549205873947357759e-06,6.649444997310638428e-02
9.270561933517456055e-01,1.576234214007854462e-02,4.012478530057705939e-05,6.739271804690361023e-03,1.066271579475142062e-05,5.039143934845924377e-02
8.864695429801940918e-01,4.080723598599433899e-02,1.237064716406166553e-04,2.765599079430103302e-02,2.264895738335326314e-05,4.492087289690971375e-02
6.816303730010986328e-01,1.365440636873245239e-01,4.089473804924637079e-04,6.119530275464057922e-02,6.398629921022802591e-05,1.201573982834815979e-01
6.070082783699035645e-01,1.446532011032104492e-01,7.048046099953353405e-04,1.110173016786575317e-01,1.207710811286233366e-04,1.364956647157669067e-01
5.541945695877075195e-01,1.078881323337554932e-01,6.326996372081339359e-04,1.444008946418762207e-01,1.100217195926234126e-04,1.927736550569534302e-01
4.140341281890869141e-01,8.700646460056304932e-02,2.297575992997735739e-04,1.466465890407562256e-01,4.197992166155017912e-05,3.520410954952239990e-01
2.794255912303924561e-01,7.898852974176406860e-02,1.073293024091981351e-04,8.542955666780471802e-02,2.727327955653890967e-05,5.560216903686523438e-01
4.937564432621002197e-01,7.999403029680252075e-02,1.843081699917092919e-04,1.310974806547164917e-01,3.246729829697869718e-05,2.949351966381072998e-01
6.013805866241455078e-01,6.442741304636001587e-02,1.619562681298702955e-04,1.394006907939910889e-01,2.474471148161683232e-05,1.946045458316802979e-01
6.145521998405456543e-01,1.033806502819061279e-01,3.119878820143640041e-04,1.623953580856323242e-01,3.938185545848682523e-05,1.193203255534172058e-01
8.728955388069152832e-01,3.153270110487937927e-02,8.029573655221611261e-05,3.132198750972747803e-02,1.498532492405502126e-05,6.415449082851409912e-02
7.928703427314758301e-01,8.539928495883941650e-02,2.244537317892536521e-04,3.926224261522293091e-02,3.575038135750219226e-05,8.220789581537246704e-02
5.949175357818603516e-01,2.278838902711868286e-01,2.765571989584714174e-04,6.489223241806030273e-02,4.134082701057195663e-05,1.119884252548217773e-01
8.093449473381042480e-01,3.903350606560707092e-02,3.348681275383569300e-05,2.176505327224731445e-02,8.114969205053057522e-06,1.298149377107620239e-01
7.494502067565917969e-01,2.091012708842754364e-02,4.396216172608546913e-05,5.860766768455505371e-02,7.860295227146707475e-06,1.709801703691482544e-01
7.556992769241333008e-01,1.920993998646736145e-02,6.760574615327641368e-05,2.867499925196170807e-02,1.840416371123865247e-05,1.963298320770263672e-01
8.462800383567810059e-01,1.891510374844074249e-02,1.698323321761563420e-04,1.063227094709873199e-02,4.850581171922385693e-05,1.239541694521903992e-01
7.386438250541687012e-01,1.019114926457405090e-01,1.146880094893276691e-03,9.072062373161315918e-02,1.572203618707135320e-04,6.741999834775924683e-02
4.427853226661682129e-01,3.828868865966796875e-01,3.546832129359245300e-03,1.066636070609092712e-01,4.385543579701334238e-04,6.367886066436767578e-02
7.677597999572753906e-01,1.218164041638374329e-01,7.215124787762761116e-04,3.043273091316223145e-02,1.551961904624477029e-04,7.911438494920730591e-02
6.531861424446105957e-01,1.964286863803863525e-01,1.056902809068560600e-03,6.569509953260421753e-02,1.749067159835249186e-04,8.345825225114822388e-02
7.079277634620666504e-01,8.189469575881958008e-02,3.302110417280346155e-04,2.443092502653598785e-02,9.075939306057989597e-05,1.853256672620773315e-01
8.632254004478454590e-01,5.413861572742462158e-02,5.161379231140017509e-04,2.999054454267024994e-02,8.774347224971279502e-05,5.204138159751892090e-02
5.441995859146118164e-01,2.145326435565948486e-01,2.113019581884145737e-03,1.208933368325233459e-01,3.513814008329063654e-04,1.179101467132568359e-01
4.289046823978424072e-01,1.791240870952606201e-01,1.483420142903923988e-03,2.681170403957366943e-01,1.574797352077439427e-04,1.222133189439773560e-01
7.092586159706115723e-01,5.973467603325843811e-02,9.347684681415557861e-04,9.356980770826339722e-02,2.118414267897605896e-04,1.362902820110321045e-01
7.156199812889099121e-01,2.113970927894115448e-02,2.463482669554650784e-04,1.080295890569686890e-01,4.832070044358260930e-05,1.549161821603775024e-01
7.939041256904602051e-01,1.010868884623050690e-02,1.030555795296095312e-04,2.043933235108852386e-02,3.523838313412852585e-05,1.754094958305358887e-01
8.060552477836608887e-01,1.242903806269168854e-02,1.736460981192067266e-04,2.034800499677658081e-02,6.362517160596325994e-05,1.609304845333099365e-01
6.344282031059265137e-01,5.136592313647270203e-02,5.257971351966261864e-04,7.319888472557067871e-02,1.776506833266466856e-04,2.403036206960678101e-01
4.222644269466400146e-01,1.116181463003158569e-01,5.644822958856821060e-04,1.863637119531631470e-01,1.147991206380538642e-04,2.790744602680206299e-01
5.847342014312744141e-01,1.619397103786468506e-01,1.679604407399892807e-03,1.654541790485382080e-01,2.699372416827827692e-04,8.592228591442108154e-02
4.090833365917205811e-01,1.197297051548957825e-01,2.903460117522627115e-04,2.174637317657470703e-01,5.584721293416805565e-05,2.533770501613616943e-01
6.214563846588134766e-01,4.543776437640190125e-02,6.932779797352850437e-05,1.045102179050445557e-01,1.618155147298239172e-05,2.285100817680358887e-01
7.824205756187438965e-01,1.424437202513217926e-02,2.174100336560513824e-05,2.919351682066917419e-02,5.559895271289860830e-06,1.741142421960830688e-01
7.280730009078979492e-01,2.083191275596618652e-02,3.723483314388431609e-05,3.995497152209281921e-02,9.562988452671561390e-06,2.110934257507324219e-01
6.565623879432678223e-01,6.558272242546081543e-02,1.278951822314411402e-04,1.856214553117752075e-01,1.191156752611277625e-05,9.209360927343368530e-02
7.504619956016540527e-01,6.945485621690750122e-02,2.491069608367979527e-04,1.070725247263908386e-01,2.668654815352056175e-05,7.273490726947784424e-02
7.511857748031616211e-01,2.206530421972274780e-02,7.426705997204408050e-05,4.063078761100769043e-02,1.427850293111987412e-05,1.860296428203582764e-01
4.899815022945404053e-01,8.265689946711063385e-03,4.412662019603885710e-05,1.219961326569318771e-02,1.469575636292574927e-05,4.894943535327911377e-01
6.935621500015258789e-01,2.323188586160540581e-03,1.039211201714351773e-05,4.648395814001560211e-03,5.644524208037182689e-06,2.994501590728759766e-01
6.234474778175354004e-01,3.526161890476942062e-03,1.140310723712900653e-05,7.032256107777357101e-03,4.302603429096052423e-06,3.659784793853759766e-01
8.719880580902099609e-01,3.075428679585456848e-02,1.615072687854990363e-04,1.996617764234542847e-02,3.322114571346901357e-05,7.709668576717376709e-02
8.168178796768188477e-01,9.710403531789779663e-02,2.602286112960427999e-04,2.407125383615493774e-02,4.269808414392173290e-05,6.170385330915451050e-02
7.898234724998474121e-01,1.124383658170700073e-01,2.488435420673340559e-04,4.051516577601432800e-02,3.752363772946409881e-05,5.693647265434265137e-02
8.171067237854003906e-01,6.526130437850952148e-02,2.415405178908258677e-04,4.570959508419036865e-02,3.854963506455533206e-05,7.164225727319717407e-02
8.778518438339233398e-01,7.484542205929756165e-03,2.917079291364643723e-05,1.787615194916725159e-02,8.139573765220120549e-06,9.675004333257675171e-02
8.846476674079895020e-01,5.165502429008483887e-03,1.959071778401266783e-05,6.844402756541967392e-03,6.429282620956655592e-06,1.033163070678710938e-01
8.873310685157775879e-01,7.353553548455238342e-03,4.323388202465139329e-05,6.236447021365165710e-03,1.796482138161081821e-05,9.901756048202514648e-02
7.006579637527465820e-01,6.411275267601013184e-02,1.329008955508470535e-04,1.722702570259571075e-02,3.634507447713986039e-05,2.178330570459365845e-01
4.727428853511810303e-01,2.940309643745422363e-01,4.668194451369345188e-04,4.962187632918357849e-02,8.248863741755485535e-05,1.830549091100692749e-01
3.532898724079132080e-01,2.805391550064086914e-01,5.375656764954328537e-04,1.602540463209152222e-01,7.585385174024850130e-05,2.053034305572509766e-01
4.686121940612792969e-01,1.639144122600555420e-01,6.623497465625405312e-04,1.730306744575500488e-01,1.086275224224664271e-04,1.936717629432678223e-01
8.031425476074218750e-01,1.969961822032928467e-02,8.932306081987917423e-05,7.101605832576751709e-02,1.515110670879948884e-05,1.060372665524482727e-01
9.029883146286010742e-01,2.708746353164315224e-03,1.188706301036290824e-05,1.929805241525173187e-02,3.072850176977226511e-06,7.498990744352340698e-02
9.699050784111022949e-01,3.210712457075715065e-04,3.017350309164612554e-06,2.213840372860431671e-03,1.264710931536683347e-06,2.755580842494964600e-02
9.719864130020141602e-01,2.966388710774481297e-04,1.689014538897026796e-06,1.862445264123380184e-03,6.313522931122861337e-07,2.585219033062458038e-02
9.709965586662292480e-01,3.161313012242317200e-03,2.178495196858420968e-05,7.318370975553989410e-03,3.511821205393061973e-06,1.849853992462158203e-02
9.200034737586975098e-01,1.216717809438705444e-02,4.720080323750153184e-05,4.911928251385688782e-02,4.282803274691104889e-06,1.865850202739238739e-02
8.752137422561645508e-01,1.687116734683513641e-02,5.353074448066763580e-05,6.551204621791839600e-02,7.909864507382735610e-06,4.234161600470542908e-02
7.788255810737609863e-01,2.106142602860927582e-02,5.980386777082458138e-05,1.283081769943237305e-01,8.661286301503423601e-06,7.173645496368408203e-02
8.807524442672729492e-01,4.961040802299976349e-03,3.653042585938237607e-05,3.015092946588993073e-02,8.727717613510321826e-06,8.409034460783004761e-02
9.345525503158569336e-01,1.012695604003965855e-03,1.387469001201679930e-05,1.852897740900516510e-02,3.478066446405136958e-06,4.588846489787101746e-02
9.182280302047729492e-01,1.865067286416888237e-03,2.613819015095941722e-05,4.293729364871978760e-02,4.567382347886450589e-06,3.693876788020133972e-02
8.831251263618469238e-01,7.135642226785421371e-03,5.253643030300736427e-05,6.188436597585678101e-02,7.029102107480866835e-06,4.779516905546188354e-02
6.373389363288879395e-01,3.935781121253967285e-02,1.361040485789999366e-04,2.789201736450195312e-01,9.604609658708795905e-06,4.423740878701210022e-02
3.334893584251403809e-01,6.071227416396141052e-02,1.251377107109874487e-04,5.728162527084350586e-01,7.216473932203371078e-06,3.284982591867446899e-02
5.098328590393066406e-01,6.353223323822021484e-02,4.885184898739680648e-05,2.487317025661468506e-01,5.594280537479789928e-06,1.778487116098403931e-01
5.594892501831054688e-01,8.070705831050872803e-02,5.700569090549834073e-05,1.180516481399536133e-01,9.214230885845609009e-06,2.416858077049255371e-01
6.961875557899475098e-01,2.196528203785419464e-02,3.125186776742339134e-05,7.870254665613174438e-02,6.623964964092010632e-06,2.031067162752151489e-01
4.333835542201995850e-01,2.467000391334295273e-03,4.192152573523344472e-06,1.309656351804733276e-02,1.918862608363269828e-06,5.510468482971191406e-01
5.947345495223999023e-01,9.379693074151873589e-04,3.970649686380056664e-06,5.641153082251548767e-03,2.189338601965573616e-06,3.986801505088806152e-01
5.544424653053283691e-01,1.099937013350427151e-03,1.191802493849536404e-05,5.033612251281738281e-03,7.542130788351641968e-06,4.394045472145080566e-01
5.396221280097961426e-01,5.544627783820033073e-04,7.833665222278796136e-06,1.725694164633750916e-03,6.818896054028300568e-06,4.580831825733184814e-01
7.130292057991027832e-01,9.113822132349014282e-03,8.054582576733082533e-05,2.202246710658073425e-02,2.535623025323729962e-05,2.557286024093627930e-01
4.428853094577789307e-01,3.118932433426380157e-02,1.117411957238800824e-04,6.555999815464019775e-02,3.358658432262018323e-05,4.602200686931610107e-01
5.092348456382751465e-01,5.901578068733215332e-02,2.013867633650079370e-04,1.246455088257789612e-01,4.546369382296688855e-05,3.068570196628570557e-01
3.874176442623138428e-01,8.914261311292648315e-02,2.828008728101849556e-04,1.317486017942428589e-01,6.644353561569005251e-05,3.913419544696807861e-01
4.644098281860351562e-01,8.233162760734558105e-02,1.261103170691058040e-04,1.101970374584197998e-01,2.851113822543993592e-05,3.429068028926849365e-01
6.507475376129150391e-01,5.119865387678146362e-02,1.493711024522781372e-04,6.410893797874450684e-02,2.889944335038308054e-05,2.337665110826492310e-01
7.409011721611022949e-01,1.596360504627227783e-01,7.269682828336954117e-04,6.759294867515563965e-02,9.184084774460643530e-05,3.105104714632034302e-02
6.744323968887329102e-01,2.027432769536972046e-01,8.826019475236535072e-04,8.042026311159133911e-02,9.671157749835401773e-05,4.142474383115768433e-02
6.822334527969360352e-01,1.724693179130554199e-01,1.357451546937227249e-03,9.847972542047500610e-02,1.520138175692409277e-04,4.530803114175796509e-02
6.368478536605834961e-01,1.922150552272796631e-01,1.761905616149306297e-03,6.590662896633148193e-02,3.013969107996672392e-04,1.029671132564544678e-01
7.938653826713562012e-01,5.088903009891510010e-02,8.142610895447432995e-04,3.272647410631179810e-02,2.159205323550850153e-04,1.214888840913772583e-01
6.273918747901916504e-01,1.298421174287796021e-01,1.715686172246932983e-03,1.647531837224960327e-01,2.475797082297503948e-04,7.604963332414627075e-02
7.300834059715270996e-01,8.925550431013107300e-02,7.617059163749217987e-04,8.515477925539016724e-02,1.175205761683173478e-04,9.462711215019226074e-02
9.156246781349182129e-01,8.851214312016963959e-03,1.069528661901131272e-04,5.217707529664039612e-02,1.413919380865991116e-05,2.322593703866004944e-02
8.669911026954650879e-01,1.497322134673595428e-02,6.431646033888682723e-05,5.449320003390312195e-02,1.150885054812533781e-05,6.346669793128967285e-02
8.658829927444458008e-01,1.978473924100399017e-02,6.643717642873525620e-05,3.919120877981185913e-02,1.160587544291047379e-05,7.506301999092102051e-02
9.015168547630310059e-01,6.361294072121381760e-03,3.014811045431997627e-05,2.288187853991985321e-02,6.972286428208462894e-06,6.920273602008819580e-02
7.769365310668945312e-01,2.002449519932270050e-02,7.427690434269607067e-05,4.612986370921134949e-02,1.546461862744763494e-05,1.568192839622497559e-01
6.705273389816284180e-01,1.286921501159667969e-01,7.670097984373569489e-04,1.153788045048713684e-01,1.083496390492655337e-04,8.452640473842620850e-02
7.852314710617065430e-01,4.925236850976943970e-02,3.104622883256524801e-04,7.977838069200515747e-02,5.957533721812069416e-05,8.536781370639801025e-02
8.726785778999328613e-01,4.104186594486236572e-02,4.209865874145179987e-04,3.041630238294601440e-02,1.217721874127164483e-04,5.532044172286987305e-02
8.966888189315795898e-01,2.918003872036933899e-02,5.320850759744644165e-04,1.929761841893196106e-02,1.608440215932205319e-04,5.414060875773429871e-02
9.458303451538085938e-01,2.116627804934978485e-02,2.829409786500036716e-04,1.039070263504981995e-02,7.711458601988852024e-05,2.225260809063911438e-02
8.173329234123229980e-01,1.405063644051551819e-02,5.344585224520415068e-05,7.244932465255260468e-03,2.449464955134317279e-05,1.612936109304428101e-01
6.528572440147399902e-01,3.342926129698753357e-02,7.244679727591574192e-05,1.126255001872777939e-02,2.941322418337222189e-05,3.023490607738494873e-01
5.241051912307739258e-01,7.175432890653610229e-02,8.714437717571854591e-05,1.906539127230644226e-02,3.678758730529807508e-05,3.849511146545410156e-01
5.558948516845703125e-01,2.841791510581970215e-02,6.233217573026195168e-05,1.982684433460235596e-02,2.289342774020042270e-05,3.957751393318176270e-01
7.845621705055236816e-01,3.441659733653068542e-02,1.340251910733059049e-04,2.845902740955352783e-02,3.334315624670125544e-05,1.523948609828948975e-01
8.216669559478759766e-01,4.029415920376777649e-02,3.577077295631170273e-04,6.614147871732711792e-02,6.119097088230773807e-05,7.147860527038574219e-02
8.368899226188659668e-01,3.036111220717430115e-02,2.180468291044235229e-04,3.343574702739715576e-02,4.543564864434301853e-05,9.904973953962326050e-02
7.203357815742492676e-01,8.613637089729309082e-02,5.031005712226033211e-04,1.419335901737213135e-01,4.288623313186690211e-05,5.104826390743255615e-02
6.778178811073303223e-01,9.926897287368774414e-02,5.842335522174835205e-04,1.603822261095046997e-01,5.488748502102680504e-05,6.189183890819549561e-02
4.177613556385040283e-01,1.366769522428512573e-01,5.599284195341169834e-04,1.418444961309432983e-01,9.594467701390385628e-05,3.030613660812377930e-01
5.088457465171813965e-01,7.141420990228652954e-02,3.973183629568666220e-04,1.433736532926559448e-01,6.831339123891666532e-05,2.759008109569549561e-01
7.707230448722839355e-01,1.026889029890298843e-02,1.497616176493465900e-04,3.956507518887519836e-02,4.289715070626698434e-05,1.792504340410232544e-01
8.480150103569030762e-01,6.243616342544555664e-03,6.038997526047751307e-05,2.525980211794376373e-02,1.523699120298260823e-05,1.204059422016143799e-01
9.084338545799255371e-01,9.675703011453151703e-03,1.578846276970580220e-04,5.833843350410461426e-02,2.231256439699791372e-05,2.337187528610229492e-02
9.351646304130554199e-01,4.283939488232135773e-03,3.709263910423032939e-05,3.696484491229057312e-02,5.008972493669716641e-06,2.354440838098526001e-02
8.462786674499511719e-01,2.030824124813079834e-02,6.398477853508666158e-05,6.855559349060058594e-02,8.917209925130009651e-06,6.478463113307952881e-02
6.902174949645996094e-01,2.507364191114902496e-02,5.647720536217093468e-05,1.462557315826416016e-01,7.872752576076891273e-06,1.383887827396392822e-01
5.609724521636962891e-01,6.694096140563488007e-03,2.105962994392029941e-05,3.699977323412895203e-02,6.357853180816164240e-06,3.953063189983367920e-01
4.376887381076812744e-01,5.459290929138660431e-03,1.298882671108003706e-05,4.025658965110778809e-02,4.037997314298991114e-06,5.165783762931823730e-01
7.961866855621337891e-01,1.648329431191086769e-03,8.094163604255300015e-06,1.049306895583868027e-02,3.083990122831892222e-06,1.916607469320297241e-01
9.178377985954284668e-01,2.089124405756592751e-03,2.226709148089867085e-05,9.693572297692298889e-03,7.086628102115355432e-06,7.035001367330551147e-02
8.389576077461242676e-01,2.512768469750881195e-02,1.404462964273989201e-04,6.701122224330902100e-02,2.147242594219278544e-05,6.874152272939682007e-02
6.853492259979248047e-01,9.690355509519577026e-02,9.022225858643651009e-04,1.777250766754150391e-01,9.276930359192192554e-05,3.902721032500267029e-02
4.075382351875305176e-01,3.514344394207000732e-01,3.255474381148815155e-03,1.598522812128067017e-01,4.090815491508692503e-04,7.751048356294631958e-02
4.954509139060974121e-01,1.817105859518051147e-01,1.271532732062041759e-03,1.525010019540786743e-01,2.595690893940627575e-04,1.688064187765121460e-01
6.781903505325317383e-01,1.025384962558746338e-01,5.944356671534478664e-04,1.445001959800720215e-01,1.017435788526199758e-04,7.407473027706146240e-02
9.058517217636108398e-01,1.864401623606681824e-02,1.144822090282104909e-04,4.529053345322608948e-02,1.894636625365819782e-05,3.008049353957176208e-02
9.085433483123779297e-01,1.801417022943496704e-02,4.365549466456286609e-05,5.195889621973037720e-02,4.446367256605299190e-06,2.143554016947746277e-02
8.727456927299499512e-01,1.761556044220924377e-02,2.483321441104635596e-05,8.186576515436172485e-02,2.345966322536696680e-06,2.774579077959060669e-02
7.692129015922546387e-01,3.617526218295097351e-02,4.281089422875083983e-05,7.188226282596588135e-02,7.099960839695995674e-06,1.226797625422477722e-01
9.023267626762390137e-01,3.351380350068211555e-03,3.183907892889692448e-06,9.550117887556552887e-03,9.503702358415466733e-07,8.476751297712326050e-02
8.638371825218200684e-01,1.134399208240211010e-03,1.857883376032987144e-06,4.890394397079944611e-03,8.190001494767784607e-07,1.301353275775909424e-01
8.565171360969543457e-01,1.172449090518057346e-03,1.213545942846394610e-06,2.763323718681931496e-03,6.193329227244248614e-07,1.395451575517654419e-01
9.387347698211669922e-01,1.499829115346074104e-03,2.669756895556929521e-06,4.719280172139406204e-03,8.746656021685339510e-07,5.504246801137924194e-02
8.529790639877319336e-01,4.075972829014062881e-03,6.921280601090984419e-06,8.994703181087970734e-03,2.283898538735229522e-06,1.339411437511444092e-01
9.275650382041931152e-01,7.434180006384849548e-03,2.149662213923875242e-05,9.722605347633361816e-03,5.157555278856307268e-06,5.525156110525131226e-02
7.555254101753234863e-01,7.470663636922836304e-02,1.432610151823610067e-04,4.863042384386062622e-02,2.192673309764359146e-05,1.209722682833671570e-01
6.325057148933410645e-01,1.122462898492813110e-01,3.146160743199288845e-04,1.383414417505264282e-01,4.585118585964664817e-05,1.165460571646690369e-01
3.785622715950012207e-01,1.434049904346466064e-01,3.626930702012032270e-04,4.038791656494140625e-01,3.431026561884209514e-05,7.375670224428176880e-02
2.763977050781250000e-01,1.369665563106536865e-01,6.485494668595492840e-04,5.054180622100830078e-01,6.781621050322428346e-05,8.050122112035751343e-02
6.702532172203063965e-01,2.508892118930816650e-02,1.893515582196414471e-04,2.098796814680099487e-01,2.899970422731712461e-05,9.455979615449905396e-02
6.958137750625610352e-01,1.816346496343612671e-02,8.887786680134013295e-05,1.586919426918029785e-01,1.425066329829860479e-05,1.272276490926742554e-01
8.182749748229980469e-01,2.808994427323341370e-02,1.729785290081053972e-04,7.549655437469482422e-02,2.332494659640360624e-05,7.794222235679626465e-02
8.319860696792602539e-01,2.125350199639797211e-02,9.195879101753234863e-05,1.933710649609565735e-02,1.992524266825057566e-05,1.273113787174224854e-01
7.583947777748107910e-01,2.226117625832557678e-02,3.016789196408353746e-05,9.875723160803318024e-03,1.012184657156467438e-05,2.094280123710632324e-01
8.836432099342346191e-01,5.278069525957107544e-03,7.571195965283550322e-06,5.690459627658128738e-03,2.624953140184516087e-06,1.053780093789100647e-01
9.067254662513732910e-01,1.201771083287894726e-03,1.911242634378140792e-06,1.802751328796148300e-03,1.027751295623602346e-06,9.026703238487243652e-02
9.689792990684509277e-01,1.071362989023327827e-03,2.264971499243983999e-06,2.645744476467370987e-03,7.945643005768943112e-07,2.730044536292552948e-02
9.552980661392211914e-01,1.519954297691583633e-03,6.488403414550703019e-06,4.149537999182939529e-03,2.829558070516213775e-06,3.902306780219078064e-02
9.756392836570739746e-01,7.304635946638882160e-04,6.865771865705028176e-06,2.546944888308644295e-03,2.614770664877141826e-06,2.107385359704494476e-02
9.842597842216491699e-01,1.068842946551740170e-03,2.094430965371429920e-05,3.887619357556104660e-03,5.516314558917656541e-06,1.075730845332145691e-02
9.816972613334655762e-01,9.864614112302660942e-04,3.389899211470037699e-05,7.714981213212013245e-03,8.170427463483065367e-06,9.559096768498420715e-03
9.848362803459167480e-01,2.207148820161819458e-03,3.734089841600507498e-05,5.483491346240043640e-03,7.258336609083926305e-06,7.428416982293128967e-03
9.743538498878479004e-01,8.210313506424427032e-03,7.650664338143542409e-05,9.213764220476150513e-03,1.125564631365705281e-05,8.134298026561737061e-03
9.786564707756042480e-01,6.663217209279537201e-03,7.448960241163149476e-05,4.995828494429588318e-03,1.512869039288489148e-05,9.594835340976715088e-03
9.696061611175537109e-01,6.759291514754295349e-03,6.774055509595200419e-05,7.905604317784309387e-03,1.314586461376165971e-05,1.564808934926986694e-02
9.627907276153564453e-01,6.591041572391986847e-03,1.068490309990011156e-04,6.891353987157344818e-03,2.494742875569500029e-05,2.359513565897941589e-02
9.697285890579223633e-01,2.340486040338873863e-03,5.872172550880350173e-05,6.253089755773544312e-03,1.617058842384722084e-05,2.160300314426422119e-02
8.566934466361999512e-01,2.139015682041645050e-02,1.242576545337215066e-04,3.074119612574577332e-02,2.818406392179895192e-05,9.102274477481842041e-02
5.860255956649780273e-01,1.072269156575202942e-01,3.280633245594799519e-04,9.104321897029876709e-02,5.278987737256102264e-05,2.153234034776687622e-01
3.078168332576751709e-01,1.994691789150238037e-01,2.782443480100482702e-04,1.737708002328872681e-01,4.624075518222525716e-05,3.186186850070953369e-01
5.650703310966491699e-01,1.027960926294326782e-01,2.263432543259114027e-04,1.195070669054985046e-01,3.312967601232230663e-05,2.123670727014541626e-01
6.431167721748352051e-01,1.330347359180450439e-01,4.159445234108716249e-04,1.189719736576080322e-01,5.057469752500765026e-05,1.044100448489189148e-01
9.071695804595947266e-01,2.871198393404483795e-02,3.171713324263691902e-04,1.031399518251419067e-02,8.497915405314415693e-05,5.340224504470825195e-02
9.724800586700439453e-01,5.530816502869129181e-03,1.465936802560463548e-04,7.706067524850368500e-03,3.116930020041763783e-05,1.410528831183910370e-02
9.790741205215454102e-01,5.391418002545833588e-03,2.116866089636459947e-04,3.681445028632879257e-03,6.453928654082119465e-05,1.157685369253158569e-02
9.656215310096740723e-01,8.004118688404560089e-03,2.039383543888106942e-04,5.346868187189102173e-03,6.144493090687319636e-05,2.076201140880584717e-02
9.531958699226379395e-01,7.117841858416795731e-03,1.100565132219344378e-04,5.752767436206340790e-03,3.845291575998999178e-05,3.378498554229736328e-02
9.203087687492370605e-01,9.756971150636672974e-03,1.568591251270845532e-04,6.378334481269121170e-03,5.696620792150497437e-05,6.334213912487030029e-02
9.381092786788940430e-01,1.802615588530898094e-03,4.249459379934705794e-05,2.295836573466658592e-03,2.204506199632305652e-05,5.772780999541282654e-02
9.238741397857666016e-01,1.112267025746405125e-03,1.863453326222952455e-05,2.212231745943427086e-03,9.746089745021890849e-06,7.277308404445648193e-02
7.442002892494201660e-01,5.645180935971438885e-04,4.554116003419039771e-06,1.587719540111720562e-03,3.205969051123247482e-06,2.536396980285644531e-01
6.972511410713195801e-01,2.201804658398032188e-03,2.205052260251250118e-05,4.740206059068441391e-03,1.633366628084331751e-05,2.957684695720672607e-01
5.961295962333679199e-01,7.775584701448678970e-03,6.834886880824342370e-05,2.001021057367324829e-02,3.249592555221170187e-05,3.759838342666625977e-01
7.956825494766235352e-01,2.089861547574400902e-03,2.454065725032705814e-05,4.033718723803758621e-03,1.466684261686168611e-05,1.981545686721801758e-01
9.190332293510437012e-01,6.462322082370519638e-03,7.840743637643754482e-05,1.669063605368137360e-02,2.140845572284888476e-05,5.771401152014732361e-02
9.119255542755126953e-01,9.871664457023143768e-03,8.491345943184569478e-05,9.441422298550605774e-03,2.293895704497117549e-05,6.865347176790237427e-02
9.019472002983093262e-01,5.682739894837141037e-03,3.138157262583263218e-05,5.377517081797122955e-03,1.251063895324477926e-05,8.694855868816375732e-02
9.369865059852600098e-01,6.306409370154142380e-03,2.179234979848843068e-05,7.785059046000242233e-03,6.360942734318086877e-06,4.889380559325218201e-02
9.002518653869628906e-01,3.112201951444149017e-02,4.907998663838952780e-05,2.384245395660400391e-02,7.566408839920768514e-06,4.472700133919715881e-02
9.358384609222412109e-01,1.510280929505825043e-02,5.347166734281927347e-05,1.760975271463394165e-02,7.904322046670131385e-06,3.138760104775428772e-02
9.705238938331604004e-01,1.940703252330422401e-03,6.539771675306838006e-06,3.152566729113459587e-03,1.757723339324002154e-06,2.437450550496578217e-02
9.039344191551208496e-01,6.744732148945331573e-03,1.581552896823268384e-05,1.037613954395055771e-02,4.032100150652695447e-06,7.892480492591857910e-02
8.300522565841674805e-01,5.589544773101806641e-03,1.594866080267820507e-05,6.614885292947292328e-03,5.461479304358363152e-06,1.577219069004058838e-01
6.494457721710205078e-01,1.707397168502211571e-03,5.059033810539403930e-06,3.686172189190983772e-03,3.254793455198523588e-06,3.451523184776306152e-01
5.873644948005676270e-01,3.483917796984314919e-03,1.495678861829219386e-05,2.436465024948120117e-02,4.024766440124949440e-06,3.847679793834686279e-01
8.856961727142333984e-01,6.060495506972074509e-03,1.729928771965205669e-05,2.389683388173580170e-02,3.003236997756175697e-06,8.432627469301223755e-02
7.478438019752502441e-01,1.252661272883415222e-02,1.927204721141606569e-05,4.339793696999549866e-02,3.550523160811280832e-06,1.962088346481323242e-01
8.198701739311218262e-01,1.248592417687177658e-02,1.503786188550293446e-05,5.287663266062736511e-02,2.460451241859118454e-06,1.147498637437820435e-01
9.167946577072143555e-01,4.832580219954252243e-03,8.321807399624958634e-06,2.882960252463817596e-02,1.335347292297228705e-06,4.953350871801376343e-02
8.977006673812866211e-01,7.947776466608047485e-03,4.146404899074696004e-05,6.694901734590530396e-02,4.240313955961028114e-06,2.735694684088230133e-02
9.226080775260925293e-01,6.016911473125219345e-03,2.952822433144319803e-05,1.831793040037155151e-02,6.114146799518493935e-06,5.302144959568977356e-02
8.077992796897888184e-01,3.419036418199539185e-02,1.427889365004375577e-04,1.067336648702621460e-01,1.436223556083859876e-05,5.111941695213317871e-02
5.151221156120300293e-01,1.402675509452819824e-01,1.442294742446392775e-04,1.476136147975921631e-01,2.043803215201478451e-05,1.968320161104202271e-01
7.606412172317504883e-01,4.800543934106826782e-02,4.689992056228220463e-05,2.287600189447402954e-02,1.262287059944355860e-05,1.684178709983825684e-01
9.548916816711425781e-01,7.750541437417268753e-03,3.435665712459012866e-05,8.788861334323883057e-03,7.499086677853483707e-06,2.852694317698478699e-02
9.258103370666503906e-01,1.864002831280231476e-02,1.430129050277173519e-04,2.233820408582687378e-02,2.354004936933051795e-05,3.304483368992805481e-02
9.718994498252868652e-01,4.311632364988327026e-03,1.007020109682343900e-04,1.088105142116546631e-02,1.593259730725549161e-05,1.279127970337867737e-02
9.516654014587402344e-01,1.707074418663978577e-02,2.615152334328740835e-04,1.410571206361055374e-02,4.333089964347891510e-05,1.685332320630550385e-02
8.621943593025207520e-01,5.603323504328727722e-02,3.178956394549459219e-04,4.487305507063865662e-02,3.572024434106424451e-05,3.654567897319793701e-02
9.154833555221557617e-01,3.237552568316459656e-02,1.384860079269856215e-04,2.488922700285911560e-02,1.709776188363321126e-05,2.709620818495750427e-02
9.559739232063293457e-01,1.891711167991161346e-02,9.646999387769028544e-05,9.431488811969757080e-03,1.543633152323309332e-05,1.556563936173915863e-02
9.397056102752685547e-01,1.471679750829935074e-02,6.998779281275346875e-05,9.396499954164028168e-03,1.425711980118649080e-05,3.609687462449073792e-02
9.066986441612243652e-01,3.469542786478996277e-02,4.228459438309073448e-04,2.562354505062103271e-02,7.850130350561812520e-05,3.248108550906181335e-02
9.025324583053588867e-01,1.106272079050540924e-02,1.054102103807963431e-04,1.038864906877279282e-02,3.368447505636140704e-05,7.587697356939315796e-02
7.070567011833190918e-01,1.036601886153221130e-01,4.647179157473146915e-04,4.417591542005538940e-02,1.009656334645114839e-04,1.445415169000625610e-01
6.473400592803955078e-01,1.029378995299339294e-01,3.540253383107483387e-04,5.461607873439788818e-02,9.353361383546143770e-05,1.946583986282348633e-01
5.877677798271179199e-01,9.870927780866622925e-02,2.707901585381478071e-04,1.159995496273040771e-01,4.860633271164260805e-05,1.972039937973022461e-01
6.487010717391967773e-01,2.837833948433399200e-02,5.405047704698517919e-05,3.434123098850250244e-02,2.106373358401469886e-05,2.885043323040008545e-01
8.211973309516906738e-01,1.150747644715011120e-03,6.114360985520761460e-06,2.753171371296048164e-03,3.857426690956344828e-06,1.748888641595840454e-01
9.598183631896972656e-01,1.550800516270101070e-03,1.304867873841430992e-05,7.923857308924198151e-03,3.619853714553755708e-06,3.069020435214042664e-02
9.413337111473083496e-01,9.694523178040981293e-04,7.796315912855789065e-06,8.818394504487514496e-03,2.482357558619696647e-06,4.886831343173980713e-02
9.646565318107604980e-01,5.024746060371398926e-04,5.902421435166615993e-06,2.090277615934610367e-03,2.784490106932935305e-06,3.274217993021011353e-02
9.686315655708312988e-01,1.826932770200073719e-03,3.231597656849771738e-05,1.155969873070716858e-02,7.821712642908096313e-06,1.794162392616271973e-02
9.441356062889099121e-01,3.089519217610359192e-03,2.673384915397036821e-05,1.361583825200796127e-02,6.865682735224254429e-06,3.912540152668952942e-02
9.162449240684509277e-01,2.578574698418378830e-03,1.404220074618933722e-05,8.705363608896732330e-03,4.997293672204250470e-06,7.245208323001861572e-02
8.025287389755249023e-01,1.891598664224147797e-02,6.008351920172572136e-05,5.955763161182403564e-02,1.412657820765161887e-05,1.189233884215354919e-01
8.026078939437866211e-01,4.374112933874130249e-03,1.557238465466070920e-05,1.016410626471042633e-02,6.201985797815723345e-06,1.828320920467376709e-01
8.194681406021118164e-01,1.553477719426155090e-03,4.338170128903584555e-06,1.908095204271376133e-03,2.850782948371488601e-06,1.770631074905395508e-01
9.374377131462097168e-01,3.796153469011187553e-03,3.046902020287234336e-05,4.725590348243713379e-03,9.788438546820543706e-06,5.400008708238601685e-02
9.292776584625244141e-01,6.073278374969959259e-03,3.535703945090062916e-05,6.077887956053018570e-03,9.946647878678049892e-06,5.852586030960083008e-02
8.962717652320861816e-01,1.567932963371276855e-02,8.006621646927669644e-05,1.448421087116003036e-02,2.074842450383584946e-05,7.346400618553161621e-02
8.148155808448791504e-01,8.045945316553115845e-02,4.527924756985157728e-04,4.545484483242034912e-02,7.312726665986701846e-05,5.874411761760711670e-02
7.475838661193847656e-01,1.165371164679527283e-01,3.865439794026315212e-04,7.333791255950927734e-02,4.624175562639720738e-05,6.210829317569732666e-02
7.864131927490234375e-01,1.018024012446403503e-01,4.431089328136295080e-04,6.544581055641174316e-02,5.919226168771274388e-05,4.583637416362762451e-02
6.378843784332275391e-01,2.372854351997375488e-01,1.096201245673000813e-03,9.717435389757156372e-02,9.284676343668252230e-05,2.646679989993572235e-02
6.256865859031677246e-01,2.187208384275436401e-01,1.630079117603600025e-03,1.323425769805908203e-01,1.248353073606267571e-04,2.149502933025360107e-02
5.874021053314208984e-01,2.872899174690246582e-01,3.321651136502623558e-03,1.001533567905426025e-01,2.942885330412536860e-04,2.153859846293926239e-02
5.497776269912719727e-01,2.748196721076965332e-01,3.933349624276161194e-03,1.378216445446014404e-01,4.279845452401787043e-04,3.321970254182815552e-02
3.259176909923553467e-01,3.761701285839080811e-01,1.772830844856798649e-03,2.416750639677047729e-01,1.552097673993557692e-04,5.430903285741806030e-02
3.116353750228881836e-01,3.482339382171630859e-01,1.015972229652106762e-03,2.091953009366989136e-01,1.146342983702197671e-04,1.298047155141830444e-01
2.630226016044616699e-01,3.436002135276794434e-01,4.894101293757557869e-04,2.915925979614257812e-01,4.185425859759561718e-05,1.012533530592918396e-01
7.037662267684936523e-01,9.124851226806640625e-02,1.832215057220309973e-04,5.093674734234809875e-02,2.836768726410809904e-05,1.538369655609130859e-01
9.205383062362670898e-01,1.405492331832647324e-02,7.142958929762244225e-05,2.720243297517299652e-02,1.097619951906381175e-05,3.812182694673538208e-02
9.060428738594055176e-01,2.429957315325737000e-02,1.875376183306798339e-04,5.300915241241455078e-02,2.003448207688052207e-05,1.644087582826614380e-02
8.504892587661743164e-01,5.358932167291641235e-02,4.218584508635103703e-04,6.766929477453231812e-02,4.226652526995167136e-05,2.778791077435016632e-02
8.428236842155456543e-01,3.293592855334281921e-02,8.393872121814638376e-05,5.295953154563903809e-02,1.317149872193112969e-05,7.118381559848785400e-02
7.874580025672912598e-01,1.693897135555744171e-02,7.072830339893698692e-05,1.015212088823318481e-01,9.225172107107937336e-06,9.400197863578796387e-02
8.929646611213684082e-01,3.396515501663088799e-03,2.376897282374557108e-05,4.676986485719680786e-02,4.137323230679612607e-06,5.684113129973411560e-02
9.100445508956909180e-01,2.605710178613662720e-03,3.113586717518046498e-05,4.086777940392494202e-02,5.201301064516883343e-06,4.644554108381271362e-02
7.710849046707153320e-01,9.206248447299003601e-03,3.630389619502238929e-05,7.721404731273651123e-02,8.227100806834641844e-06,1.424503028392791748e-01
7.488387227058410645e-01,2.061131224036216736e-02,6.308517913566902280e-05,1.088067218661308289e-01,1.132066154241329059e-05,1.216687932610511780e-01
6.806340813636779785e-01,2.193891815841197968e-02,3.532557821017690003e-05,1.199833080172538757e-01,7.276662017829949036e-06,1.774011701345443726e-01
5.018124580383300781e-01,8.312170952558517456e-02,1.078544592019170523e-04,2.471276819705963135e-01,1.338377478532493114e-05,1.678169071674346924e-01
4.633136689662933350e-01,2.662809379398822784e-02,2.269876313221175224e-05,8.769463002681732178e-02,5.551585218199761584e-06,4.223353266716003418e-01
3.306787014007568359e-01,2.899124659597873688e-02,1.040314527926966548e-04,1.050687655806541443e-01,2.493278407200705260e-05,5.351323485374450684e-01
5.071855783462524414e-01,4.308088123798370361e-02,2.183808974223211408e-04,1.040175259113311768e-01,4.044322122354060411e-05,3.454572260379791260e-01
6.747809052467346191e-01,4.071382433176040649e-02,3.560991608537733555e-04,1.307055354118347168e-01,5.500618863152340055e-05,1.533886939287185669e-01
6.892240643501281738e-01,7.097771018743515015e-02,7.989090518094599247e-04,1.848707348108291626e-01,7.612044282723218203e-05,5.405253544449806213e-02
3.602448701858520508e-01,1.766939610242843628e-01,8.779278141446411610e-04,4.286381602287292480e-01,5.398614666773937643e-05,3.349123150110244751e-02
1.734198778867721558e-01,1.097668558359146118e-01,1.487641129642724991e-04,6.639971733093261719e-01,8.409842848777770996e-06,5.265885964035987854e-02
2.245088070631027222e-01,9.399758279323577881e-02,9.599257464287802577e-05,4.544074237346649170e-01,1.064621847035596147e-05,2.269795089960098267e-01
2.833550870418548584e-01,1.922018267214298248e-02,1.618352689547464252e-05,7.929866760969161987e-02,4.207744950690539554e-06,6.181055903434753418e-01
2.491385489702224731e-01,2.570564625784754753e-03,2.734094096012995578e-06,1.479389704763889313e-02,1.392287003909586929e-06,7.334928512573242188e-01
3.525320291519165039e-01,1.073328591883182526e-02,1.484627046011155471e-05,3.898830711841583252e-02,5.064835477242013440e-06,5.977264642715454102e-01
3.650126457214355469e-01,3.517655655741691589e-02,6.222385854925960302e-05,1.044769659638404846e-01,1.154668098024558276e-05,4.952599406242370605e-01
2.476264536380767822e-01,1.611231565475463867e-01,2.050641487585380673e-04,4.071589410305023193e-01,1.958669963642023504e-05,1.838667541742324829e-01
1.473302990198135376e-01,2.717909216880798340e-01,2.175689878640696406e-04,4.529049694538116455e-01,1.651066668273415416e-05,1.277396678924560547e-01
3.735917210578918457e-01,1.175855919718742371e-01,1.079608846339397132e-04,3.427767753601074219e-01,1.025494748319033533e-05,1.659277081489562988e-01
5.720109939575195312e-01,1.315589547157287598e-01,1.609640166861936450e-04,1.547856479883193970e-01,2.010298157983925194e-05,1.414632499217987061e-01
5.502853393554687500e-01,1.374661922454833984e-01,1.336678833467885852e-04,2.140277773141860962e-01,1.033141234074719250e-05,9.807672351598739624e-02
7.612756490707397461e-01,4.943422228097915649e-02,9.696590132080018520e-05,1.007812693715095520e-01,1.164655895991018042e-05,8.840031176805496216e-02
8.213862776756286621e-01,3.008652105927467346e-02,5.979462730465456843e-05,5.036737397313117981e-02,1.072114810085622594e-05,9.808935225009918213e-02
6.249825954437255859e-01,3.820762410759925842e-02,4.378904850455000997e-05,1.853197664022445679e-01,5.222753316047601402e-06,1.514410078525543213e-01
7.505170702934265137e-01,2.546942047774791718e-02,3.814397859969176352e-05,7.527333498001098633e-02,5.728003088734112680e-06,1.486963927745819092e-01
8.875226974487304688e-01,7.681678049266338348e-03,2.922560815932229161e-05,3.084189631044864655e-02,4.883576821157475933e-06,7.391959428787231445e-02
7.352514863014221191e-01,5.770812928676605225e-02,3.489366208668798208e-04,1.698502302169799805e-01,3.018087227246724069e-05,3.681103140115737915e-02
9.378951191902160645e-01,1.670005172491073608e-02,1.330216036876663566e-04,2.226566337049007416e-02,2.310211493750102818e-05,2.298295125365257263e-02
9.221239089965820312e-01,2.250488661229610443e-02,2.747799153439700603e-04,2.571063488721847534e-02,5.263270577415823936e-05,2.933312952518463135e-02
8.978573679924011230e-01,3.668949753046035767e-02,3.119948378298431635e-04,3.115171007812023163e-02,6.135152216302230954e-05,3.392809256911277771e-02
8.822941780090332031e-01,1.695166155695915222e-02,1.360791211482137442e-04,1.606138236820697784e-02,3.831182402791455388e-05,8.451836556196212769e-02
7.158328294754028320e-01,2.207473479211330414e-02,1.071248334483243525e-04,3.429515287280082703e-02,3.067624129471369088e-05,2.276595532894134521e-01
8.039602637290954590e-01,8.281515911221504211e-03,6.681712693534791470e-05,1.885027810931205750e-02,2.288255200255662203e-05,1.688182950019836426e-01
8.152168393135070801e-01,2.714001573622226715e-03,2.980368117277976125e-05,1.105583645403385162e-02,1.191015962831443176e-05,1.709715276956558228e-01
9.012163877487182617e-01,3.158746287226676941e-03,4.330549563746899366e-05,1.475134678184986115e-02,1.146785689343232661e-05,8.081872016191482544e-02
9.411839842796325684e-01,6.761585827916860580e-03,7.627843297086656094e-05,1.704614982008934021e-02,1.550224078528117388e-05,3.491651639342308044e-02
9.444571733474731445e-01,5.275110714137554169e-03,5.860990859218873084e-05,3.401492163538932800e-02,8.489711035508662462e-06,1.618578657507896423e-02
9.030419588088989258e-01,2.400305680930614471e-02,1.167879890999756753e-04,3.129619359970092773e-02,2.184738150390330702e-05,4.152016714215278625e-02
9.337829947471618652e-01,3.386443480849266052e-02,2.210899547208100557e-04,1.353142783045768738e-02,3.427874617045745254e-05,1.856571808457374573e-02
8.541048765182495117e-01,4.853520914912223816e-02,2.764337405096739531e-04,2.875747717916965485e-02,5.091544153401628137e-05,6.827503442764282227e-02
7.797209024429321289e-01,4.884513095021247864e-02,1.246256579179316759e-04,4.414716735482215881e-02,2.323191074538044631e-05,1.271388977766036987e-01
7.502574920654296875e-01,1.273742504417896271e-02,8.841423550620675087e-05,1.011845469474792480e-02,3.064064003410749137e-05,2.267675399780273438e-01
7.919086217880249023e-01,1.160953752696514130e-02,1.165491994470357895e-04,1.342493109405040741e-02,4.222339703119359910e-05,1.828981041908264160e-01
9.052247405052185059e-01,1.425630063749849796e-03,3.754555655177682638e-05,4.670766647905111313e-03,1.526774394733365625e-05,8.862617611885070801e-02
9.581363201141357422e-01,5.918966606259346008e-03,8.679556776769459248e-05,6.544982083141803741e-03,2.292073804710526019e-05,2.929008565843105316e-02
9.637508392333984375e-01,2.442776691168546677e-03,3.106206349912099540e-05,2.540231449529528618e-03,1.115882150770630687e-05,3.122405894100666046e-02
9.780843853950500488e-01,1.120669883675873280e-03,7.455714694515336305e-06,5.770738935098052025e-04,4.269864348316332325e-06,2.020612917840480804e-02
9.806083440780639648e-01,4.791253595612943172e-04,2.201406005042372271e-06,4.123212711419910192e-04,1.100444251278531738e-06,1.849696785211563110e-02
9.881380200386047363e-01,2.268231764901429415e-04,2.334045575480558909e-06,3.779857943300157785e-04,1.099360588341369294e-06,1.125373318791389465e-02
9.823743104934692383e-01,5.484588909894227982e-04,7.862490747356787324e-06,1.280348165892064571e-03,2.855559614545200020e-06,1.578630134463310242e-02
9.645271301269531250e-01,2.392577705904841423e-03,2.228048469987697899e-05,6.229340564459562302e-03,6.256393589865183458e-06,2.682245895266532898e-02
8.722528219223022461e-01,1.152493152767419815e-02,9.030730143422260880e-05,6.985972076654434204e-02,1.355566473648650572e-05,4.625868424773216248e-02
6.808885335922241211e-01,4.565926641225814819e-02,2.715234004426747561e-04,2.314005494117736816e-01,2.926094748545438051e-05,4.175101220607757568e-02
6.627547144889831543e-01,3.508415445685386658e-02,2.188019716413691640e-04,2.416164278984069824e-01,2.431624488963279873e-05,6.030149012804031372e-02
5.008215308189392090e-01,8.379373699426651001e-02,2.260269102407619357e-04,3.161785900592803955e-01,2.931622657342813909e-05,9.895077347755432129e-02
6.376604437828063965e-01,8.868119120597839355e-02,2.948257315438240767e-04,1.933274716138839722e-01,4.360513048595748842e-05,7.999235391616821289e-02
5.749226212501525879e-01,2.186681143939495087e-02,5.622829485218971968e-05,5.124039947986602783e-02,1.781071114237420261e-05,3.518961668014526367e-01
8.305526375770568848e-01,6.364658474922180176e-03,1.548621366964653134e-05,3.593443706631660461e-02,3.954040039388928562e-06,1.271288841962814331e-01
8.738559484481811523e-01,1.279028318822383881e-02,3.019625182787422091e-05,5.162927508354187012e-02,4.651725703297415748e-06,6.168958544731140137e-02
6.930065155029296875e-01,3.892084211111068726e-02,6.392633076757192612e-05,1.975552439689636230e-01,5.638733000523643568e-06,7.044784724712371826e-02
6.935414671897888184e-01,1.219448447227478027e-01,2.075373631669208407e-04,1.513891071081161499e-01,1.347281704511260614e-05,3.290361538529396057e-02
2.731343209743499756e-01,6.102392673492431641e-01,6.957698496989905834e-04,9.045550227165222168e-02,4.094627729500643909e-05,2.543421462178230286e-02
2.458390444517135620e-01,5.145775079727172852e-01,7.787495269440114498e-04,1.618997305631637573e-01,5.067823076387867332e-05,7.685418426990509033e-02
1.933852732181549072e-01,5.024861097335815430e-01,6.905774935148656368e-04,1.307167112827301025e-01,6.817886605858802795e-05,1.726530939340591431e-01
3.148196041584014893e-01,1.348154395818710327e-01,1.488655834691599011e-04,1.427240073680877686e-01,2.331126597709953785e-05,4.074687063694000244e-01
2.703034579753875732e-01,1.180519461631774902e-01,1.544457918498665094e-04,1.820050626993179321e-01,2.825075716827996075e-05,4.294568002223968506e-01
2.085051387548446655e-01,1.717100441455841064e-01,1.759668812155723572e-04,2.546992897987365723e-01,2.371019581914879382e-05,3.648858368396759033e-01
2.683674395084381104e-01,3.482389152050018311e-01,4.119998193345963955e-04,2.339727282524108887e-01,4.998477743356488645e-05,1.489589065313339233e-01
6.751520037651062012e-01,1.688285022974014282e-01,5.263414350338280201e-04,8.434055745601654053e-02,6.746884901076555252e-05,7.108512520790100098e-02
8.373116254806518555e-01,8.215396851301193237e-02,3.199973434675484896e-04,2.466518990695476532e-02,6.084017513785511255e-05,5.548838153481483459e-02
9.619773626327514648e-01,4.297525156289339066e-03,4.255472595104947686e-05,2.004531212151050568e-03,1.798923949536401778e-05,3.166003897786140442e-02
9.272717237472534180e-01,2.765995450317859650e-03,3.729920717887580395e-05,1.575981383211910725e-03,2.407974534435197711e-05,6.832501292228698730e-02
9.093087911605834961e-01,8.553341031074523926e-03,9.769646567292511463e-05,7.164408452808856964e-03,3.837860640487633646e-05,7.483742386102676392e-02
9.414606094360351562e-01,7.336382754147052765e-03,2.092156355502083898e-04,2.142066694796085358e-02,4.172624903731048107e-05,2.953135594725608826e-02
9.214515089988708496e-01,1.866162568330764771e-02,7.259941776283085346e-04,2.299730852246284485e-02,1.276890252484008670e-04,3.603589534759521484e-02
8.308496475219726562e-01,6.906714290380477905e-02,1.903756288811564445e-03,7.098554074764251709e-02,2.371899900026619434e-04,2.695669606328010559e-02
7.154851555824279785e-01,1.694111526012420654e-01,2.038357546553015709e-03,5.878223106265068054e-02,2.463898272253572941e-04,5.403670668601989746e-02
6.100956797599792480e-01,1.559157669544219971e-01,5.874888738617300987e-04,5.309526249766349792e-02,9.843998122960329056e-05,1.802072525024414062e-01
4.950449466705322266e-01,2.286118716001510620e-01,5.186396301724016666e-04,7.512015104293823242e-02,9.349255560664460063e-05,2.006109803915023804e-01
6.055600643157958984e-01,1.122238114476203918e-01,1.573389745317399502e-04,3.294935822486877441e-02,3.404888411751016974e-05,2.490753233432769775e-01
7.166681289672851562e-01,7.326209545135498047e-02,8.485600847052410245e-05,3.339152783155441284e-02,1.845614315243437886e-05,1.765749901533126831e-01
8.089166283607482910e-01,9.781143069267272949e-02,1.856262533692643046e-04,2.940086461603641510e-02,2.575552207417786121e-05,6.365972012281417847e-02
9.160559177398681641e-01,2.885448932647705078e-02,1.176021323772147298e-04,1.537149492651224136e-02,2.161185511795338243e-05,3.957874700427055359e-02
9.062745571136474609e-01,3.104571998119354248e-02,9.750018944032490253e-05,2.213809266686439514e-02,1.678935041127260774e-05,4.042747244238853455e-02
8.709982037544250488e-01,3.115426748991012573e-02,1.460114290239289403e-04,1.818582415580749512e-02,3.663964525912888348e-05,7.947905361652374268e-02
8.531708717346191406e-01,8.782166056334972382e-03,6.778421084163710475e-05,1.297490019351243973e-02,1.915896791615523398e-05,1.249851807951927185e-01
8.199172019958496094e-01,8.669723756611347198e-03,3.275331255281344056e-05,2.078456804156303406e-02,8.845668162393849343e-06,1.505869030952453613e-01
8.791664242744445801e-01,3.744361689314246178e-03,1.751741365296766162e-05,8.520257659256458282e-03,7.103188181645236909e-06,1.085443645715713501e-01
7.775142192840576172e-01,3.447603201493620872e-03,1.634026921237818897e-05,8.675179444253444672e-03,6.673763436992885545e-06,2.103400081396102905e-01
7.418431043624877930e-01,1.780453720130026340e-03,7.888187610660679638e-06,5.403409246355295181e-03,4.713748239737469703e-06,2.509604692459106445e-01
7.193291783332824707e-01,3.130661556497216225e-03,2.071185735985636711e-05,1.334186177700757980e-02,8.328077456098981202e-06,2.641692757606506348e-01
8.459393382072448730e-01,2.079122001305222511e-03,1.219604928337503225e-05,9.143461473286151886e-03,5.564461389440111816e-06,1.428202837705612183e-01
8.460085391998291016e-01,5.368323531001806259e-03,3.027689672308042645e-05,8.179524540901184082e-02,5.827796030644094571e-06,6.679170578718185425e-02
7.539668679237365723e-01,2.495007403194904327e-02,7.267192995641380548e-05,1.623693555593490601e-01,8.907012670533731580e-06,5.863215029239654541e-02
5.302040576934814453e-01,1.077889800071716309e-01,2.082987484754994512e-04,3.101820647716522217e-01,1.580411662871483713e-05,5.160083621740341187e-02
7.406418919563293457e-01,6.633359193801879883e-02,1.742440654197707772e-04,1.391313374042510986e-01,1.812151458580046892e-05,5.370073020458221436e-02
7.850586771965026855e-01,7.080607116222381592e-02,3.993759746663272381e-04,9.525240957736968994e-02,4.241046917741186917e-05,4.844111949205398560e-02
8.540743589401245117e-01,2.942508459091186523e-02,2.354612661292776465e-04,4.133836179971694946e-02,4.234010339132510126e-05,7.488442957401275635e-02
8.307411074638366699e-01,9.493365883827209473e-03,7.257649849634617567e-05,2.725970000028610229e-02,1.678350054135080427e-05,1.324164271354675293e-01
8.391036391258239746e-01,6.155430804938077927e-03,6.227588164620101452e-05,2.002198249101638794e-02,1.906096986203920096e-05,1.346375793218612671e-01
5.314576029777526855e-01,9.943219833076000214e-03,1.009449042612686753e-04,1.268447935581207275e-02,4.511488441494293511e-05,4.457685947418212891e-01
7.263788580894470215e-01,1.331893913447856903e-02,9.986499208025634289e-05,1.375436410307884216e-02,4.612782868207432330e-05,2.464018762111663818e-01
7.421247363090515137e-01,5.852996371686458588e-03,2.256670813949313015e-05,1.048294641077518463e-02,1.013083601719699800e-05,2.415065765380859375e-01
7.147709131240844727e-01,6.185289844870567322e-02,1.094024410122074187e-04,4.102162271738052368e-02,2.696365845622494817e-05,1.822182387113571167e-01
7.407756447792053223e-01,1.338274776935577393e-01,2.007744042202830315e-04,6.013187766075134277e-02,2.447853330522775650e-05,6.503971666097640991e-02
6.097759008407592773e-01,2.543593049049377441e-01,2.909115282818675041e-04,7.042480260133743286e-02,2.838775799318682402e-05,6.512072682380676270e-02
4.951679706573486328e-01,3.178950548171997070e-01,5.298482137732207775e-04,6.829930096864700317e-02,7.735833787592127919e-05,1.180304288864135742e-01
6.935595273971557617e-01,1.174439489841461182e-01,1.925916585605591536e-04,1.450584735721349716e-02,6.169351399876177311e-05,1.742363870143890381e-01
8.491660356521606445e-01,3.913752362132072449e-02,1.516639895271509886e-04,1.477480866014957428e-02,3.897208807757124305e-05,9.673102200031280518e-02
8.950358629226684570e-01,1.998666301369667053e-02,9.797437814995646477e-05,2.025686390697956085e-02,2.007771763601340353e-05,6.460268795490264893e-02
9.439097642898559570e-01,2.039842121303081512e-02,2.004134876187890768e-04,2.127693407237529755e-02,2.982689693453721702e-05,1.418462861329317093e-02
9.013591408729553223e-01,3.203037008643150330e-02,3.076848515775054693e-04,4.341798648238182068e-02,4.121982783544808626e-05,2.284337393939495087e-02
9.403373003005981445e-01,9.017428383231163025e-03,1.138118459493853152e-04,2.408544719219207764e-02,2.161156953661702573e-05,2.642439864575862885e-02
9.401394128799438477e-01,2.044131048023700714e-03,2.389581641182303429e-05,7.668380159884691238e-03,8.264160896942485124e-06,5.011598765850067139e-02
8.458425402641296387e-01,5.268372129648923874e-03,2.103248698404058814e-05,1.679109409451484680e-02,8.010066267161164433e-06,1.320689022541046143e-01
5.197388529777526855e-01,2.544172573834657669e-03,2.997929414050304331e-06,7.145863957703113556e-03,1.743880375215667300e-06,4.705663323402404785e-01
1.811840385198593140e-01,9.808784350752830505e-03,5.893692105018999428e-06,3.203071281313896179e-02,2.177569740524631925e-06,7.769684195518493652e-01
6.892073154449462891e-02,5.416497122496366501e-03,6.228543156794330571e-07,7.792625110596418381e-03,3.793788891925942153e-07,9.178691506385803223e-01
6.151136383414268494e-02,2.757645212113857269e-03,6.922299462530645542e-07,5.013108719140291214e-03,3.547676783455244731e-07,9.307168722152709961e-01
2.857843041419982910e-01,8.641776628792285919e-03,4.169091425865190104e-06,2.887879498302936554e-02,1.414822349943278823e-06,6.766895055770874023e-01
7.569646239280700684e-01,2.731512067839503288e-03,4.203820481052389368e-06,2.103067375719547272e-02,1.263058720724075101e-06,2.192676812410354614e-01
8.820466995239257812e-01,3.654914675280451775e-03,1.259454620594624430e-05,7.869438081979751587e-02,1.287591089749184903e-06,3.559017181396484375e-02
9.400182366371154785e-01,4.800606984645128250e-03,3.491336974548175931e-05,2.820700779557228088e-02,5.260333637124858797e-06,2.693389914929866791e-02
8.498382568359375000e-01,1.404361706227064133e-02,3.517665390972979367e-05,4.726869240403175354e-02,6.675671102129854262e-06,8.880764245986938477e-02
8.313130736351013184e-01,3.763150796294212341e-02,9.860681166173890233e-05,3.335299342870712280e-02,2.225212847406510264e-05,9.758157283067703247e-02
9.495988488197326660e-01,5.571122746914625168e-03,4.385310967336408794e-05,4.170068074017763138e-03,1.797157165128737688e-05,4.059817641973495483e-02
9.531103372573852539e-01,3.973511047661304474e-03,4.244249794282950461e-05,3.135243430733680725e-03,1.772379073372576386e-05,3.972077742218971252e-02
9.417506456375122070e-01,2.042308216914534569e-03,2.234678868262562901e-05,4.172259010374546051e-03,8.749641892791260034e-06,5.200371891260147095e-02
9.151468873023986816e-01,2.804263029247522354e-03,4.380967220640741289e-05,9.307558648288249969e-03,1.808838896977249533e-05,7.267932593822479248e-02
8.577700257301330566e-01,3.659951034933328629e-03,5.537339166039600968e-05,1.045976299792528152e-02,2.412000503682065755e-05,1.280306875705718994e-01
6.735266447067260742e-01,7.205375470221042633e-03,8.717660239199176431e-05,1.039677485823631287e-02,6.778917304472997785e-05,3.087162673473358154e-01
4.236648976802825928e-01,1.919858008623123169e-01,1.807907363399863243e-03,7.455784827470779419e-02,5.542221479117870331e-04,3.074293136596679688e-01
6.818426251411437988e-01,8.481384068727493286e-02,1.605652738362550735e-03,4.658994078636169434e-02,5.535989766940474510e-04,1.845943480730056763e-01
7.499759197235107422e-01,5.616009980440139771e-02,5.321349017322063446e-04,3.542631864547729492e-02,1.525583938928321004e-04,1.577530503273010254e-01
6.859996318817138672e-01,2.385439537465572357e-02,9.558993770042434335e-05,2.444340288639068604e-02,2.983828562719281763e-05,2.655770778656005859e-01
8.607879877090454102e-01,6.819014437496662140e-03,3.493534677545540035e-05,8.645575493574142456e-03,1.491710918344324455e-05,1.236976832151412964e-01
8.190948367118835449e-01,1.188987772911787033e-02,2.881227374018635601e-05,7.372485473752021790e-03,1.440251799067482352e-05,1.615995466709136963e-01
6.566518545150756836e-01,5.504751950502395630e-02,9.659071656642481685e-05,2.743027731776237488e-02,2.989462518598884344e-05,2.607437968254089355e-01
8.467643260955810547e-01,4.008258879184722900e-02,1.402376656187698245e-04,1.280190143734216690e-02,3.922616815543733537e-05,1.001716703176498413e-01
8.023220300674438477e-01,3.668666258454322815e-02,1.148447045125067234e-04,3.932084888219833374e-02,2.139495518349576741e-05,1.215341761708259583e-01
9.399918913841247559e-01,8.089256472885608673e-03,4.991382593289017677e-05,2.205354347825050354e-02,8.325510862050577998e-06,2.980705723166465759e-02
7.703170776367187500e-01,3.797450289130210876e-02,1.345152850262820721e-04,1.633011549711227417e-01,1.220332705997861922e-05,2.826056070625782013e-02
7.162691950798034668e-01,5.020854994654655457e-02,1.471784344175830483e-04,1.957803219556808472e-01,1.153903667727718130e-05,3.758320584893226624e-02
7.302859425544738770e-01,3.079875372350215912e-02,6.641210347879678011e-05,1.069764792919158936e-01,8.595171493652742356e-06,1.318637281656265259e-01
6.666672229766845703e-01,3.407469391822814941e-02,1.063293893821537495e-04,1.704781949520111084e-01,1.389020962960785255e-05,1.286597251892089844e-01
8.136343955993652344e-01,4.147550556808710098e-03,2.739044248301070184e-05,1.786058396100997925e-02,7.771986929583363235e-06,1.643224209547042847e-01
7.354341149330139160e-01,4.148008767515420914e-03,1.646785131015349180e-05,2.444709092378616333e-02,4.917721525998786092e-06,2.359493225812911987e-01
8.967165946960449219e-01,9.168428368866443634e-03,7.162848487496376038e-05,3.631449490785598755e-02,1.096721825888380408e-05,5.771786347031593323e-02
9.660986065864562988e-01,4.466235637664794922e-03,3.396075771888718009e-05,8.814826607704162598e-03,7.408764304273063317e-06,2.057905495166778564e-02
9.883734583854675293e-01,1.292485510930418968e-03,9.327744010079186410e-06,1.364465104416012764e-03,2.832829522958490998e-06,8.957440964877605438e-03
9.808365106582641602e-01,4.965920466929674149e-03,2.607835995149798691e-05,3.988722339272499084e-03,5.183341727388324216e-06,1.017759367823600769e-02
9.900335669517517090e-01,1.633085659705102444e-03,8.018258085940033197e-06,1.782135921530425549e-03,2.112397623932338320e-06,6.541060749441385269e-03
9.569416642189025879e-01,1.095667248591780663e-03,2.879993189708329737e-06,2.918865997344255447e-03,1.230678094543691259e-06,3.903966769576072693e-02
8.657375574111938477e-01,3.015882102772593498e-03,8.551254722988232970e-06,1.185819413512945175e-02,3.081785735048470087e-06,1.193766742944717407e-01
7.030613422393798828e-01,8.440634119324386120e-04,3.031536380149191245e-06,3.038516733795404434e-03,1.978419959414168261e-06,2.930510640144348145e-01
2.856752872467041016e-01,3.782588988542556763e-03,9.546144610794726759e-06,1.102035585790872574e-02,5.081808012619148940e-06,6.995071768760681152e-01
5.117654204368591309e-01,1.663464307785034180e-02,6.543062772834673524e-05,7.315511256456375122e-02,1.839075957832392305e-05,3.983609378337860107e-01
4.733351171016693115e-01,1.946345902979373932e-02,3.656241096905432642e-05,1.154669001698493958e-01,9.138780114881228656e-06,3.916888535022735596e-01
5.250840783119201660e-01,1.519631035625934601e-02,3.258579818066209555e-05,1.625295132398605347e-01,6.677164947177516297e-06,2.971507608890533447e-01
5.371432900428771973e-01,1.378022693097591400e-02,3.111807745881378651e-05,2.776205539703369141e-01,4.235907908878289163e-06,1.714205592870712280e-01
4.309394061565399170e-01,1.603930816054344177e-02,1.594792047399096191e-05,1.888019442558288574e-01,3.374795142008224502e-06,3.642000555992126465e-01
4.991599023342132568e-01,1.610852964222431183e-02,1.672639518801588565e-05,3.264903128147125244e-01,2.178214117520838045e-06,1.582222878932952881e-01
5.636766552925109863e-01,1.804271526634693146e-02,2.148629209841601551e-05,1.749150156974792480e-01,3.769916929741157219e-06,2.433402836322784424e-01
5.194792747497558594e-01,1.836981065571308136e-02,1.455320489185396582e-05,8.290938287973403931e-02,3.378879682713886723e-06,3.792236149311065674e-01
7.955722808837890625e-01,2.580435946583747864e-03,6.014759492245502770e-06,2.032582275569438934e-02,2.356537152081727982e-06,1.815131008625030518e-01
9.282749295234680176e-01,1.384763978421688080e-03,7.333666872000321746e-06,7.385425269603729248e-03,2.461836629663594067e-06,6.294512748718261719e-02
9.416571855545043945e-01,2.137352712452411652e-03,1.323144897469319403e-05,9.423048235476016998e-03,3.600539912440581247e-06,4.676561057567596436e-02
9.202650785446166992e-01,9.408777114003896713e-04,1.025115761876804754e-05,5.981241352856159210e-03,3.426096100156428292e-06,7.279916107654571533e-02
7.872817516326904297e-01,1.088338205590844154e-03,7.455236755049554631e-06,8.344188332557678223e-03,3.516832066452479921e-06,2.032748311758041382e-01
7.510181069374084473e-01,5.858763121068477631e-03,1.941085611179005355e-05,2.086794190108776093e-02,7.146372809074819088e-06,2.222285568714141846e-01
6.750243306159973145e-01,5.416658241301774979e-03,1.670594974712003022e-05,1.358532719314098358e-02,7.661331437702756375e-06,3.059494197368621826e-01
8.644025921821594238e-01,3.920265473425388336e-03,2.298048275406472385e-05,1.133184041827917099e-02,8.576916115998756140e-06,1.203137785196304321e-01
8.066713213920593262e-01,2.677178755402565002e-02,1.159958192147314548e-04,1.372775807976722717e-02,2.920510996773373336e-05,1.526839137077331543e-01
9.208487272262573242e-01,1.590688712894916534e-02,1.736800622893497348e-04,1.445915643125772476e-02,3.600802665459923446e-05,4.857553169131278992e-02
8.484677672386169434e-01,4.953667894005775452e-02,3.080047899857163429e-04,2.531748265027999878e-02,5.442615292849950492e-05,7.631568610668182373e-02
5.916830897331237793e-01,2.075372487306594849e-01,1.152560813352465630e-03,1.372731477022171021e-01,9.569714893586933613e-05,6.225829571485519409e-02
5.117257237434387207e-01,2.561057209968566895e-01,1.222693361341953278e-03,1.851508021354675293e-01,9.318207594333216548e-05,4.570185393095016479e-02
6.835187673568725586e-01,1.681869328022003174e-01,4.749331565108150244e-04,7.055006921291351318e-02,6.051119635230861604e-05,7.720871269702911377e-02
7.174387574195861816e-01,9.855130314826965332e-02,2.233039122074842453e-04,8.117710798978805542e-02,3.615843525039963424e-05,1.025733500719070435e-01
8.555677533149719238e-01,1.538381446152925491e-02,4.401724800118245184e-05,4.201636090874671936e-02,9.118537491303868592e-06,8.697898685932159424e-02
9.233966469764709473e-01,2.728355349972844124e-03,4.937414814776275307e-06,4.668278153985738754e-03,2.192856300098355860e-06,6.919951736927032471e-02
8.838559389114379883e-01,4.397181328386068344e-03,5.068395694252103567e-06,1.179547701030969620e-02,1.520334535598522052e-06,9.994489699602127075e-02
8.544219732284545898e-01,1.134734135121107101e-02,7.384225227724527940e-06,2.711371146142482758e-02,1.923775243994896300e-06,1.071077287197113037e-01
8.146100044250488281e-01,3.334071720018982887e-03,3.031770575034897774e-06,1.591477915644645691e-02,1.096802748179470655e-06,1.661370545625686646e-01
7.900739908218383789e-01,6.000485736876726151e-03,5.394774234446231276e-06,4.612652212381362915e-02,1.303369572269730270e-06,1.577923446893692017e-01
8.215439915657043457e-01,4.390474874526262283e-03,8.378971870115492493e-06,3.320867195725440979e-02,2.422722445771796629e-06,1.408459544181823730e-01
9.128443002700805664e-01,3.432482713833451271e-03,1.612855339772067964e-05,1.077918242663145065e-02,5.177896127861458808e-06,7.292270660400390625e-02
8.698664307594299316e-01,2.220102027058601379e-02,8.565011376049369574e-05,4.770872369408607483e-02,1.589510429766960442e-05,6.012227013707160950e-02
9.619140625000000000e-01,7.213708478957414627e-03,5.544226223719306290e-05,7.712768390774726868e-03,1.323177275480702519e-05,2.309093438088893890e-02
9.706096053123474121e-01,1.770163537003099918e-03,1.456556492485105991e-05,2.009833464398980141e-03,5.873100690223509446e-06,2.558990195393562317e-02
9.309334754943847656e-01,4.490245133638381958e-03,1.050842638505855575e-05,3.458462888374924660e-03,4.328984232415677980e-06,6.110296025872230530e-02
9.390894174575805664e-01,8.523285388946533203e-03,1.157521637651370838e-05,3.868113970384001732e-03,3.733887979251448996e-06,4.850384965538978577e-02
7.706309556961059570e-01,9.172014892101287842e-02,1.073117527994327247e-04,4.959650337696075439e-02,2.298767321917694062e-05,8.792213350534439087e-02
5.072832703590393066e-01,1.810641139745712280e-01,1.798286539269611239e-04,1.120235174894332886e-01,3.427650881349109113e-05,1.994148492813110352e-01
4.256576895713806152e-01,1.460700035095214844e-01,4.036942846141755581e-04,2.401501983404159546e-01,5.295444861985743046e-05,1.876654326915740967e-01
3.791768252849578857e-01,1.448446214199066162e-01,5.810906295664608479e-04,2.935506105422973633e-01,8.623774920124560595e-05,1.817604899406433105e-01
6.753073930740356445e-01,5.901309475302696228e-02,2.480487455613911152e-04,1.016444787383079529e-01,3.802064748015254736e-05,1.637489199638366699e-01
8.002830743789672852e-01,3.582071512937545776e-02,2.595549158286303282e-04,4.585919529199600220e-02,3.840473436866886914e-05,1.177389547228813171e-01
5.689450502395629883e-01,1.977216154336929321e-01,5.290682893246412277e-04,1.033605262637138367e-01,7.464802911272272468e-05,1.293689906597137451e-01
6.246687769889831543e-01,1.951530724763870239e-01,4.757661663461476564e-04,8.839381486177444458e-02,5.929469989496283233e-05,9.124934673309326172e-02
6.999608874320983887e-01,8.445599675178527832e-02,2.024843561230227351e-04,3.942157700657844543e-02,5.130045974510721862e-05,1.759076863527297974e-01
4.682035446166992188e-01,1.904241740703582764e-01,2.559952845331281424e-04,9.144452214241027832e-02,4.363033440313301980e-05,2.496280074119567871e-01
4.329145550727844238e-01,1.752957701683044434e-01,3.731983015313744545e-04,2.675782740116119385e-01,3.310447573312558234e-05,1.238051578402519226e-01
4.068627357482910156e-01,2.002416998147964478e-01,7.029980188235640526e-04,2.181107103824615479e-01,8.954671648098155856e-05,1.739923208951950073e-01
4.584179818630218506e-01,1.630656570196151733e-01,1.196342869661748409e-03,1.876809746026992798e-01,1.687612675596028566e-04,1.894703507423400879e-01
5.462625026702880859e-01,5.380200967192649841e-02,4.192489723209291697e-04,7.629530131816864014e-02,1.212455244967713952e-04,3.230997025966644287e-01
7.442976832389831543e-01,8.395541459321975708e-02,6.271288730204105377e-04,2.440328709781169891e-02,1.881228672573342919e-04,1.465283781290054321e-01
5.989786386489868164e-01,2.101837992668151855e-01,9.908424690365791321e-04,1.094661951065063477e-01,1.369207020616158843e-04,8.024364709854125977e-02
6.785688996315002441e-01,1.220560520887374878e-01,3.478542494121938944e-04,1.602981239557266235e-01,2.882627632061485201e-05,3.870031982660293579e-02
7.796972990036010742e-01,7.970660924911499023e-02,2.300424966961145401e-04,1.016741693019866943e-01,2.051232149824500084e-05,3.867133706808090210e-02
9.458895325660705566e-01,8.586142212152481079e-03,4.644041473511606455e-05,2.917687594890594482e-02,5.054179382568690926e-06,1.629585772752761841e-02
9.468036890029907227e-01,4.251913633197546005e-03,2.758997288765385747e-05,2.278989180922508240e-02,4.565626113617327064e-06,2.612236142158508301e-02
7.454922199249267578e-01,2.665430493652820587e-02,1.141410903073847294e-04,4.152564704418182373e-02,2.482345735188573599e-05,1.861889660358428955e-01
7.096318006515502930e-01,4.461383819580078125e-02,1.434439036529511213e-04,4.930777847766876221e-02,3.026664671779144555e-05,1.962728202342987061e-01
7.002378702163696289e-01,3.905455395579338074e-02,1.889380218926817179e-04,1.085935905575752258e-01,2.656378819665405899e-05,1.518985331058502197e-01
8.636862635612487793e-01,1.254901476204395294e-02,4.804176569450646639e-05,4.297740757465362549e-02,7.057437869661953300e-06,8.073218166828155518e-02
9.564982056617736816e-01,5.095578264445066452e-03,3.809100962826050818e-05,2.328579127788543701e-02,4.555383384285960346e-06,1.507779397070407867e-02
9.435318708419799805e-01,9.010326117277145386e-03,2.083147046505473554e-05,3.127123042941093445e-02,2.137669525836827233e-06,1.616359315812587738e-02
9.127910137176513672e-01,2.474153228104114532e-02,3.422988811507821083e-05,1.285633165389299393e-02,6.624732577620306984e-06,4.957018420100212097e-02
8.999688625335693359e-01,1.953670941293239594e-02,2.849891279765870422e-05,1.098219770938158035e-02,7.050854492263169959e-06,6.947661936283111572e-02
8.934276103973388672e-01,5.863346625119447708e-03,1.770462404238060117e-05,6.898874416947364807e-03,5.714144208468496799e-06,9.378679841756820679e-02
8.831611275672912598e-01,8.660007268190383911e-03,5.054406938143074512e-05,1.245492976158857346e-02,1.538971628178842366e-05,9.565801173448562622e-02
8.367771506309509277e-01,3.979127481579780579e-02,4.476192698348313570e-04,3.497423604130744934e-02,8.751953282626345754e-05,8.792226761579513550e-02
6.885585784912109375e-01,1.120751500129699707e-01,6.793729262426495552e-04,1.107831969857215881e-01,8.714893192518502474e-05,8.781653642654418945e-02
4.092784821987152100e-01,4.074153602123260498e-01,1.496035023592412472e-03,1.194899454712867737e-01,1.598349190317094326e-04,6.216037273406982422e-02
9.833920001983642578e-02,4.300388395786285400e-01,8.082193671725690365e-04,4.421992003917694092e-01,3.882466990035027266e-05,2.857574447989463806e-02
5.136101841926574707e-01,1.955567300319671631e-01,2.673274138942360878e-04,6.620737910270690918e-02,4.810952668776735663e-05,2.243102490901947021e-01
4.555819332599639893e-01,1.632586419582366943e-01,3.610246349126100540e-04,2.151108980178833008e-01,5.163512105355039239e-05,1.656358540058135986e-01
7.289262413978576660e-01,4.822960495948791504e-02,1.674530212767422199e-04,8.753447979688644409e-02,3.427660703891888261e-05,1.351078897714614868e-01
5.256853699684143066e-01,7.677770406007766724e-02,1.581872347742319107e-04,9.255482256412506104e-02,2.918432983278762549e-05,3.047946989536285400e-01
5.119380354881286621e-01,5.391229689121246338e-02,2.807371201924979687e-04,9.734288603067398071e-02,6.970647518755868077e-05,3.364563584327697754e-01
2.662219107151031494e-01,1.031501367688179016e-01,2.588792704045772552e-04,1.176591664552688599e-01,5.877170769963413477e-05,5.126512050628662109e-01
4.457830786705017090e-01,3.313465416431427002e-02,6.477572605945169926e-05,2.166982553899288177e-02,2.209735794167499989e-05,4.993256032466888428e-01
7.889598011970520020e-01,2.004742249846458435e-02,5.206476271268911660e-05,1.368896476924419403e-02,1.529759902041405439e-05,1.772363781929016113e-01
9.016036987304687500e-01,1.817581430077552795e-02,1.005695448839105666e-04,7.933034561574459076e-03,3.176446989527903497e-05,7.215500622987747192e-02
9.440526962280273438e-01,1.518023852258920670e-02,1.048606791300699115e-04,3.666147356852889061e-03,3.756098521989770234e-05,3.695842623710632324e-02
9.644859433174133301e-01,9.471533820033073425e-03,9.085789497476071119e-05,4.302888642996549606e-03,3.220047801733016968e-05,2.161660417914390564e-02
8.758125305175781250e-01,5.233497172594070435e-02,2.415807539364323020e-04,1.530451327562332153e-02,6.281376408878713846e-05,5.624350905418395996e-02
7.625433206558227539e-01,8.460480719804763794e-02,1.185790097224526107e-04,3.532859683036804199e-02,2.694072827580384910e-05,1.173778325319290161e-01
7.875420451164245605e-01,2.837428823113441467e-02,2.207076795457396656e-05,4.461878165602684021e-02,3.743754177776281722e-06,1.394391208887100220e-01
7.003518939018249512e-01,6.975189596414566040e-02,5.829589645145460963e-05,8.978247642517089844e-02,7.367707439698278904e-06,1.400479972362518311e-01
8.746653795242309570e-01,2.935971319675445557e-02,8.254718704847618937e-05,3.622940182685852051e-02,1.412630626873578876e-05,5.964887514710426331e-02
9.545217156410217285e-01,6.183386314660310745e-03,3.067334910156205297e-05,1.181727647781372070e-02,7.093925887602381408e-06,2.743982709944248199e-02
8.936357498168945312e-01,8.845011703670024872e-03,3.929059676011092961e-05,6.615106016397476196e-03,1.382268965244293213e-05,9.085097908973693848e-02
8.574150800704956055e-01,1.277943700551986694e-02,4.951440860168077052e-05,2.070248685777187347e-02,1.686800351308193058e-05,1.090366020798683167e-01
6.045609116554260254e-01,5.127158015966415405e-03,9.722869435790926218e-06,3.021891415119171143e-02,3.747141818166710436e-06,3.600794970989227295e-01
3.393345177173614502e-01,9.415392763912677765e-03,7.014771199465030804e-06,4.196312278509140015e-02,2.300946562172612175e-06,6.092776060104370117e-01
3.506695330142974854e-01,2.429037354886531830e-02,2.076693817798513919e-05,5.803338065743446350e-02,5.479575975186889991e-06,5.669804215431213379e-01
2.454760670661926270e-01,8.114737272262573242e-02,7.805835775798186660e-05,1.554281413555145264e-01,1.269528547709342092e-05,5.178577899932861328e-01
2.637894153594970703e-01,8.067373186349868774e-02,1.113939506467431784e-04,7.582840323448181152e-02,2.712014975259080529e-05,5.795699954032897949e-01
3.728149235248565674e-01,4.246388375759124756e-02,6.722187390550971031e-05,5.194118246436119080e-02,2.006532849918585271e-05,5.326926708221435547e-01
5.837198495864868164e-01,5.310219153761863708e-02,2.750783460214734077e-04,4.766532778739929199e-02,9.180748747894540429e-05,3.151457011699676514e-01
7.666241526603698730e-01,2.454983443021774292e-02,9.479389700572937727e-05,4.621178284287452698e-02,2.061436680378392339e-05,1.624987572431564331e-01
8.117988109588623047e-01,1.575027033686637878e-02,5.461084947455674410e-05,6.066874414682388306e-02,9.952414984581992030e-06,1.117175519466400146e-01
7.556542754173278809e-01,3.217579796910285950e-02,9.202210640069097281e-05,1.334689259529113770e-01,1.058259658748283982e-05,7.859844714403152466e-02
6.990212202072143555e-01,2.948502823710441589e-02,3.296876093372702599e-05,4.846942797303199768e-02,8.250691280409228057e-06,2.229830175638198853e-01
6.286270618438720703e-01,4.058508202433586121e-02,7.508620183216407895e-05,1.077451482415199280e-01,1.313919256062945351e-05,2.229544818401336670e-01
7.000027894973754883e-01,4.384753108024597168e-02,5.751259959652088583e-05,6.542620062828063965e-02,1.193972366309026256e-05,1.906540691852569580e-01
4.239176511764526367e-01,1.748758852481842041e-01,8.100155537249520421e-05,1.873495876789093018e-01,9.121708899328950793e-06,2.137666940689086914e-01
4.156287610530853271e-01,3.210225105285644531e-01,1.544351107440888882e-04,1.349405646324157715e-01,1.734080979076679796e-05,1.282363831996917725e-01
3.949840068817138672e-01,3.417825698852539062e-01,1.732559467200189829e-04,1.156133338809013367e-01,1.715912731015123427e-05,1.474296897649765015e-01
2.805775403976440430e-01,3.818057775497436523e-01,2.507153258193284273e-04,2.194864600896835327e-01,2.059657890640664846e-05,1.178589910268783569e-01
6.562531590461730957e-01,1.381711512804031372e-01,5.562442820519208908e-04,1.356390565633773804e-01,4.939910650136880577e-05,6.933099031448364258e-02
8.585491180419921875e-01,3.219925984740257263e-02,2.013548946706578135e-04,8.429398387670516968e-02,1.648164106882177293e-05,2.473970502614974976e-02
8.662926554679870605e-01,1.209413725882768631e-02,1.212573988595977426e-04,1.064048409461975098e-01,9.941914868250023574e-06,1.507722772657871246e-02
8.813948631286621094e-01,9.300590492784976959e-03,1.009358675219118595e-04,9.238024055957794189e-02,9.725805284688249230e-06,1.681348681449890137e-02
8.512692451477050781e-01,2.058537863194942474e-02,1.019536503008566797e-04,8.547583222389221191e-02,1.479028742323862389e-05,4.255278408527374268e-02
6.023101210594177246e-01,1.098150908946990967e-01,3.772224008571356535e-04,2.155322283506393433e-01,4.524260293692350388e-05,7.191997766494750977e-02
5.558777451515197754e-01,5.727986246347427368e-02,2.289758122060447931e-04,3.034912049770355225e-01,2.676486656127963215e-05,8.309549093246459961e-02
7.843694090843200684e-01,3.755760192871093750e-02,1.693294325377792120e-04,7.082369923591613770e-02,2.969462548207957298e-05,1.070502847433090210e-01
7.160210013389587402e-01,1.830286718904972076e-02,6.879801367176696658e-05,1.090590581297874451e-01,1.060528393281856552e-05,1.565376818180084229e-01
4.592585563659667969e-01,2.310605533421039581e-02,5.902343764319084585e-05,5.796630680561065674e-02,1.565232196298893541e-05,4.595943987369537354e-01
3.102301955223083496e-01,8.695546537637710571e-03,1.454364428354892880e-05,3.817801177501678467e-02,4.980543053534347564e-06,6.428767442703247070e-01
2.682176828384399414e-01,2.043562382459640503e-02,2.983054218930192292e-05,5.484509095549583435e-02,7.826992259651888162e-06,6.564639210700988770e-01
4.117126166820526123e-01,1.573425903916358948e-02,4.317993079894222319e-05,2.268607169389724731e-02,1.608706952538341284e-05,5.498077869415283203e-01
7.255115509033203125e-01,2.173951826989650726e-02,6.670422590104863048e-05,1.860682293772697449e-02,2.137915907951537520e-05,2.340541034936904907e-01
8.632744550704956055e-01,4.552597645670175552e-03,2.456018228258471936e-05,6.285242270678281784e-03,1.025501387630356476e-05,1.258528381586074829e-01
8.622398376464843750e-01,1.229764241725206375e-02,3.615520836319774389e-05,1.563532464206218719e-02,1.172512293123872951e-05,1.097792908549308777e-01
7.487362027168273926e-01,1.206295844167470932e-02,1.906701254483778030e-05,1.284810528159141541e-02,8.412307579419575632e-06,2.263252139091491699e-01
5.628339052200317383e-01,9.917668998241424561e-03,1.165356570709263906e-05,1.858122646808624268e-02,4.530770183919230476e-06,4.086509346961975098e-01
2.980001568794250488e-01,2.315946109592914581e-02,9.694331311038695276e-06,1.937015540897846222e-02,3.807783741649473086e-06,6.594566702842712402e-01
4.293423891067504883e-01,1.250382140278816223e-02,1.008687104331329465e-05,5.224345717579126358e-03,5.884831807634327561e-06,5.529134869575500488e-01
5.453584790229797363e-01,1.304129045456647873e-02,1.470789811719441786e-05,1.290649268776178360e-02,5.093768777442164719e-06,4.286740422248840332e-01
3.993659913539886475e-01,8.638217113912105560e-03,1.024433095153653994e-05,1.881908997893333435e-02,3.204958375135902315e-06,5.731632709503173828e-01
4.833776950836181641e-01,5.523439962416887283e-03,2.029539973591454327e-05,3.656839206814765930e-02,5.333097305992851034e-06,4.745048284530639648e-01
4.744586944580078125e-01,1.611873880028724670e-02,2.989027598232496530e-05,1.395759582519531250e-01,5.177138973522232845e-06,3.698115348815917969e-01
4.095360636711120605e-01,6.463569123297929764e-03,6.052136996004264802e-06,1.083529591560363770e-01,1.430840711691416800e-06,4.756399691104888916e-01
4.547487199306488037e-01,1.279950886964797974e-02,1.475733370170928538e-05,2.115079462528228760e-01,2.262484713355661370e-06,3.209267854690551758e-01
4.690830111503601074e-01,2.251889742910861969e-02,3.401207868591882288e-05,2.675521969795227051e-01,4.305021320760715753e-06,2.408075481653213501e-01
2.715006768703460693e-01,5.929637700319290161e-02,9.379796392749994993e-05,5.999224185943603516e-01,6.238225978449918330e-06,6.918042898178100586e-02
3.330824375152587891e-01,1.279741972684860229e-01,1.439348998246714473e-04,3.899940848350524902e-01,1.471942050557117909e-05,1.487906277179718018e-01
4.241629242897033691e-01,1.162050217390060425e-01,2.072219358524307609e-04,3.404073715209960938e-01,1.712185076030436903e-05,1.190003380179405212e-01
7.080587148666381836e-01,3.577742353081703186e-02,8.114735828712582588e-05,3.537558019161224365e-02,2.146226506738457829e-05,2.206857651472091675e-01
5.785740613937377930e-01,5.096231773495674133e-02,1.139003288699313998e-04,4.035816341638565063e-02,3.637166082626208663e-05,3.299551904201507568e-01
7.679414153099060059e-01,4.020672664046287537e-02,1.396931475028395653e-04,5.009859055280685425e-02,3.227898923796601593e-05,1.415813118219375610e-01
7.910068035125732422e-01,7.607444375753402710e-02,4.323800385463982821e-04,5.183030292391777039e-02,8.409139991272240877e-05,8.057203888893127441e-02
6.099296808242797852e-01,1.759529411792755127e-01,2.905079745687544346e-04,1.647159755229949951e-01,2.361864790145773441e-05,4.908728227019309998e-02
4.233430624008178711e-01,2.014501839876174927e-01,1.767103094607591629e-04,3.069752752780914307e-01,1.265555511054117233e-05,6.804220378398895264e-02
1.328902989625930786e-01,3.865293562412261963e-01,1.738386490615084767e-04,4.302099049091339111e-01,1.074687952495878562e-05,5.018578469753265381e-02
1.490942537784576416e-01,3.189866542816162109e-01,1.436368620488792658e-04,4.401330649852752686e-01,9.383170436194632202e-06,9.163294732570648193e-02
1.931945383548736572e-01,1.956774443387985229e-01,1.477188052376732230e-04,5.412935614585876465e-01,9.797320672078058124e-06,6.967694312334060669e-02
5.487341880798339844e-01,1.187155991792678833e-01,3.861938894260674715e-04,2.853238582611083984e-01,3.173882578266784549e-05,4.680844768881797791e-02
4.716382026672363281e-01,7.852591574192047119e-02,3.101066395174711943e-04,3.518795669078826904e-01,3.073477637371979654e-05,9.761546552181243896e-02
5.441612005233764648e-01,1.175012886524200439e-01,5.718856118619441986e-04,2.814133465290069580e-01,4.516161425272002816e-05,5.630704388022422791e-02
3.664869368076324463e-01,2.787149846553802490e-01,1.696747262030839920e-03,3.176493346691131592e-01,1.156879661721177399e-04,3.533630818128585815e-02
1.975549608469009399e-01,3.515820801258087158e-01,2.349747112020850182e-03,4.186620712280273438e-01,1.706485927570611238e-04,2.968056499958038330e-02
4.327985644340515137e-01,2.188046276569366455e-01,6.881083827465772629e-04,2.248931825160980225e-01,1.042882722686044872e-04,1.227113083004951477e-01
5.531265735626220703e-01,5.261388421058654785e-02,1.540907251182943583e-04,6.324727833271026611e-02,3.905986886820755899e-05,3.308191001415252686e-01
7.988576292991638184e-01,8.825743570923805237e-03,1.666719799686688930e-05,1.469940319657325745e-02,5.745052476413547993e-06,1.775948256254196167e-01
8.487954139709472656e-01,2.668417990207672119e-03,4.831898422708036378e-06,7.352615706622600555e-03,1.686506948317401111e-06,1.411768794059753418e-01
8.156008720397949219e-01,8.641326799988746643e-03,8.460350727546028793e-06,8.827903307974338531e-03,3.457492766756331548e-06,1.669178903102874756e-01
7.364869117736816406e-01,8.128601312637329102e-02,1.253350055776536465e-04,3.422647342085838318e-02,2.653401315910741687e-05,1.478486806154251099e-01
4.201549887657165527e-01,2.571716904640197754e-01,2.546811010688543320e-04,7.550462335348129272e-02,4.025805174023844302e-05,2.468736767768859863e-01
3.357391059398651123e-01,2.721291780471801758e-01,2.813334867823868990e-04,6.228100508451461792e-02,4.699590863310731947e-05,3.295223712921142578e-01
4.803847372531890869e-01,7.682590931653976440e-02,1.455673627788200974e-04,2.995530515909194946e-02,3.846193794743157923e-05,4.126499891281127930e-01
5.425034165382385254e-01,7.416446506977081299e-02,1.640152040636166930e-04,2.180810831487178802e-02,4.626578811439685524e-05,3.613137602806091309e-01
4.509120285511016846e-01,8.321295678615570068e-02,1.332907995674759150e-04,7.069717347621917725e-02,2.569532625784631819e-05,3.950188457965850830e-01
6.964698433876037598e-01,2.482027933001518250e-02,6.986444350332021713e-05,5.299466103315353394e-02,1.249840443051652983e-05,2.256328761577606201e-01
5.533326268196105957e-01,3.478406462818384171e-03,3.912884039891650900e-06,2.498969994485378265e-02,1.279437697121466044e-06,4.181941151618957520e-01
6.126046776771545410e-01,2.223793184384703636e-03,2.670727099030045792e-06,3.761896863579750061e-02,9.539713801132165827e-07,3.475489020347595215e-01
8.360610008239746094e-01,1.667942735366523266e-03,3.271313289587851614e-06,2.898991294205188751e-02,8.246758511631924193e-07,1.332770884037017822e-01
6.580576300621032715e-01,8.286073803901672363e-03,1.662009344727266580e-05,4.169584065675735474e-02,5.404102466854965314e-06,2.919384241104125977e-01
7.004461884498596191e-01,2.438347414135932922e-02,9.395746019436046481e-05,9.241195768117904663e-02,1.547791907796636224e-05,1.826489567756652832e-01
8.539508581161499023e-01,2.698002941906452179e-02,2.057928068097680807e-04,1.955537870526313782e-02,5.868160224054008722e-05,9.924919903278350830e-02
8.409150838851928711e-01,2.301605790853500366e-02,2.511042403057217598e-04,1.973379217088222504e-02,8.035024075070396066e-05,1.160035729408264160e-01
8.736595511436462402e-01,1.301077380776405334e-02,5.036274887970648706e-05,5.376944784075021744e-03,2.065649641735944897e-05,1.078817769885063171e-01
8.048098087310791016e-01,7.985509186983108521e-02,1.629560138098895550e-04,2.735228650271892548e-02,2.601484447950497270e-05,8.779387176036834717e-02
7.851068973541259766e-01,9.863960742950439453e-02,1.348006771877408028e-04,5.218477919697761536e-02,1.561135286465287209e-05,6.391834467649459839e-02
6.340252757072448730e-01,1.912769228219985962e-01,1.964035182027146220e-04,1.143610328435897827e-01,1.807661101338453591e-05,6.012233346700668335e-02
5.890516638755798340e-01,1.593596339225769043e-01,1.502051309216767550e-04,1.561883240938186646e-01,1.509667708887718618e-05,9.523515403270721436e-02
8.064931631088256836e-01,5.149317160248756409e-02,1.420473854523152113e-04,1.024419739842414856e-01,1.537336720502935350e-05,3.941424563527107239e-02
7.221721410751342773e-01,1.004120260477066040e-01,2.659068559296429157e-04,1.216156780719757080e-01,2.413558286207262427e-05,5.551017075777053833e-02
8.769392371177673340e-01,3.445788100361824036e-02,9.494414553046226501e-05,5.400162190198898315e-02,1.166181937151122838e-05,3.449467197060585022e-02
8.078865408897399902e-01,9.573581814765930176e-02,1.739553117658942938e-04,5.861889570951461792e-02,1.766022978699766099e-05,3.756727650761604309e-02
6.755066514015197754e-01,1.585741937160491943e-01,2.025981521001085639e-04,5.410131439566612244e-02,2.593021054053679109e-05,1.115893572568893433e-01
7.250986099243164062e-01,9.791972488164901733e-02,2.018048398895189166e-04,1.332732737064361572e-01,1.680285822658333927e-05,4.348967224359512329e-02
2.929567098617553711e-01,1.815983057022094727e-01,3.240368096157908440e-04,4.630321860313415527e-01,2.344179665669798851e-05,6.206540763378143311e-02
1.715420782566070557e-01,2.366846948862075806e-01,7.063269149512052536e-04,5.377010107040405273e-01,4.394877760205417871e-05,5.332184955477714539e-02
1.070441156625747681e-01,8.041117340326309204e-02,1.551582972751930356e-04,7.865650653839111328e-01,7.716143954894505441e-06,2.581671252846717834e-02
3.314489871263504028e-02,5.648989975452423096e-02,6.745229620719328523e-05,9.022819995880126953e-01,2.384273102506995201e-06,8.013394661247730255e-03
1.407171189785003662e-01,7.962536811828613281e-02,5.700156907550990582e-05,7.314611673355102539e-01,3.453225644989288412e-06,4.813586547970771790e-02
5.413193702697753906e-01,2.939701080322265625e-02,1.749873990775085986e-05,2.595919668674468994e-01,2.268297521368367597e-06,1.696718186140060425e-01
5.546863675117492676e-01,2.403827942907810211e-02,1.195998447656165808e-05,2.983813881874084473e-01,1.495964284004003275e-06,1.228804141283035278e-01
6.290343403816223145e-01,4.707742854952812195e-02,3.288470543338917196e-05,1.995249092578887939e-01,4.588210231304401532e-06,1.243258193135261536e-01
5.980896353721618652e-01,4.366895928978919983e-02,6.488796498160809278e-05,2.962905168533325195e-01,6.310157004918437451e-06,6.187965348362922668e-02
4.425924420356750488e-01,3.793784976005554199e-02,6.556267180712893605e-05,4.574818015098571777e-01,5.673757641488919035e-06,6.191670894622802734e-02
5.041975975036621094e-01,5.499952659010887146e-02,8.631575474282726645e-05,3.098717629909515381e-01,1.116527892008889467e-05,1.308336108922958374e-01
6.151398420333862305e-01,7.293066382408142090e-02,2.310505078639835119e-04,2.033405452966690063e-01,3.217646008124575019e-05,1.083256900310516357e-01
9.249129295349121094e-01,6.720409728586673737e-03,3.825882959063164890e-05,1.773159392178058624e-02,9.391085768584161997e-06,5.058733001351356506e-02
9.109600782394409180e-01,1.116430666297674179e-02,8.444693958153948188e-05,2.589754387736320496e-02,1.568371772009413689e-05,5.187795683741569519e-02
9.300588369369506836e-01,3.779350081458687782e-03,5.658062946167774498e-05,8.002547547221183777e-03,1.697810694167856127e-05,5.808575451374053955e-02
9.299014210700988770e-01,1.069235149770975113e-03,1.342686300631612539e-05,3.901179414242506027e-03,5.089656497148098424e-06,6.510967761278152466e-02
7.015548348426818848e-01,4.348251968622207642e-03,2.244777169835288078e-05,1.236245781183242798e-02,8.536413588444702327e-06,2.817035317420959473e-01
6.577365994453430176e-01,2.551649883389472961e-02,7.994029147084802389e-05,3.203307464718818665e-02,2.304850750078912824e-05,2.846107780933380127e-01
6.029405593872070312e-01,9.321174025535583496e-02,2.924984728451818228e-04,7.345698028802871704e-02,7.595447823405265808e-05,2.300222367048263550e-01
6.289277076721191406e-01,2.431008219718933105e-02,6.590853445231914520e-05,7.239235937595367432e-02,1.515666463092202321e-05,2.742888033390045166e-01
6.494340896606445312e-01,2.121980115771293640e-02,5.112601866130717099e-05,5.330096557736396790e-02,1.176719615614274517e-05,2.759821712970733643e-01
7.788299322128295898e-01,1.210455596446990967e-02,2.934597068815492094e-05,5.601778253912925720e-02,5.978626177238766104e-06,1.530124247074127197e-01
7.850620746612548828e-01,7.728037890046834946e-03,1.060240083461394534e-05,7.132205367088317871e-02,1.961795078386785462e-06,1.358752995729446411e-01
8.274993896484375000e-01,3.082087961956858635e-03,3.231329401387483813e-06,2.985950559377670288e-02,7.826876071703736670e-07,1.395549178123474121e-01
8.353610634803771973e-01,1.803646981716156006e-02,2.339361526537686586e-05,6.436830759048461914e-02,4.091976734343916178e-06,8.220667392015457153e-02
8.262754082679748535e-01,1.581237465143203735e-02,2.965493149531539530e-05,8.668190240859985352e-02,4.662130777433048934e-06,7.119607925415039062e-02
8.662880063056945801e-01,5.759296938776969910e-03,9.353464520245324820e-06,4.430891573429107666e-02,2.134595888492185622e-06,8.363211899995803833e-02
7.857879996299743652e-01,1.108816731721162796e-02,2.737817703746259212e-05,6.853167712688446045e-02,5.915155270486138761e-06,1.345589160919189453e-01
7.360720634460449219e-01,8.941830135881900787e-03,2.846071220119483769e-05,3.556318208575248718e-02,7.433744485751958564e-06,2.193870097398757935e-01
6.989307999610900879e-01,1.821336895227432251e-02,3.944216223317198455e-05,3.153014928102493286e-02,1.173455439129611477e-05,2.512744367122650146e-01
5.374696254730224609e-01,9.252637624740600586e-02,2.662435290403664112e-04,1.721396744251251221e-01,4.062705193064175546e-05,1.975574493408203125e-01
4.214304387569427490e-01,1.936891824007034302e-01,5.853657494299113750e-04,2.514168322086334229e-01,6.213292363099753857e-05,1.328161209821701050e-01
7.058528065681457520e-01,5.022916570305824280e-02,1.757731224643066525e-04,1.597481667995452881e-01,2.143710844393353909e-05,8.397275209426879883e-02
7.530664205551147461e-01,3.250943869352340698e-02,1.696093677310273051e-04,1.354583352804183960e-01,2.520522684790194035e-05,7.877108454704284668e-02
8.685325384140014648e-01,6.155975162982940674e-03,3.522385304677300155e-05,2.081895247101783752e-02,1.105842147808289155e-05,1.044461876153945923e-01
7.449780106544494629e-01,1.133765187114477158e-02,2.921195118688046932e-05,6.418401002883911133e-02,7.903441655798815191e-06,1.794632971286773682e-01
6.739190220832824707e-01,1.619935967028141022e-02,4.155586429988034070e-05,4.539386928081512451e-02,1.172590782516635954e-05,2.644344270229339600e-01
8.676968216896057129e-01,6.572576705366373062e-03,1.888642691483255476e-05,1.936485618352890015e-02,5.979825800750404596e-06,1.063408032059669495e-01
8.831084370613098145e-01,4.815719090402126312e-03,1.153414450527634472e-05,7.453906349837779999e-03,4.140330474911024794e-06,1.046062931418418884e-01
9.149569272994995117e-01,2.765719778835773468e-02,7.730689685558900237e-05,1.553677301853895187e-02,1.441986660211114213e-05,4.175734892487525940e-02
7.784748673439025879e-01,1.038450151681900024e-01,2.254155988339334726e-04,2.623264864087104797e-02,4.291584264137782156e-05,9.117914736270904541e-02
2.202111184597015381e-01,5.845826268196105957e-01,4.572551697492599487e-04,1.090279221534729004e-01,4.736392293125391006e-05,8.567376434803009033e-02
7.516334205865859985e-02,6.267863512039184570e-01,6.089954986236989498e-04,2.336377054452896118e-01,3.628041667980141938e-05,6.376732140779495239e-02
2.384354621171951294e-01,4.141126573085784912e-01,2.645595814101397991e-04,2.352383285760879517e-01,2.540556852181907743e-05,1.119235306978225708e-01
4.927638173103332520e-01,1.436009258031845093e-01,1.707933552097529173e-04,2.312927544116973877e-01,2.133067937393207103e-05,1.321503520011901855e-01
6.897209286689758301e-01,7.585208863019943237e-02,8.270740363514050841e-05,1.093200519680976868e-01,1.330823215539567173e-05,1.250107884407043457e-01
6.799247860908508301e-01,4.679714143276214600e-02,5.624541518045589328e-05,6.930557638406753540e-02,1.361798695143079385e-05,2.039026468992233276e-01
4.807179570198059082e-01,1.255334634333848953e-02,1.139985943154897541e-05,4.488608613610267639e-02,4.058454578625969589e-06,4.618271291255950928e-01
4.015784263610839844e-01,1.773699559271335602e-02,3.935431595891714096e-05,1.235233098268508911e-01,1.170557243312941864e-05,4.571101665496826172e-01
1.630575805902481079e-01,1.297642197459936142e-02,1.168854487332282588e-05,4.741843044757843018e-02,4.662769697461044416e-06,7.765312790870666504e-01
3.208619356155395508e-01,6.000108551234006882e-03,2.650250462465919554e-05,3.568222373723983765e-02,1.339702976110856980e-05,6.374158263206481934e-01
4.089272022247314453e-01,9.490601718425750732e-03,4.009445547126233578e-05,1.824803277850151062e-02,2.008826959354337305e-05,5.632740259170532227e-01
7.409920692443847656e-01,5.208682268857955933e-03,6.097012737882323563e-05,6.214074324816465378e-03,3.589954940252937376e-05,2.474884241819381714e-01
7.540045380592346191e-01,5.191398039460182190e-02,4.232206556480377913e-04,3.017819672822952271e-02,1.147004586528055370e-04,1.633653491735458374e-01
8.606880307197570801e-01,3.371998295187950134e-02,2.749136765487492085e-04,3.443361818790435791e-02,4.630615148926153779e-05,7.083723694086074829e-02
7.260264158248901367e-01,1.324722915887832642e-01,5.079119000583887100e-04,6.988079845905303955e-02,7.340193405980244279e-05,7.103922218084335327e-02
6.273708343505859375e-01,1.525738537311553955e-01,3.731580800376832485e-04,1.541862487792968750e-01,3.589326297515071929e-05,6.545997411012649536e-02
6.608085632324218750e-01,9.350265562534332275e-02,3.254211042076349258e-04,1.650362163782119751e-01,3.998758984380401671e-05,8.028709143400192261e-02
8.347721099853515625e-01,9.544649161398410797e-03,3.929451850126497447e-05,4.910021647810935974e-02,7.106091743480646983e-06,1.065366342663764954e-01
8.476125001907348633e-01,4.362664651125669479e-03,2.037675221799872816e-05,3.418066352605819702e-02,4.517622983257751912e-06,1.138193234801292419e-01
7.491536140441894531e-01,6.404630374163389206e-03,5.364538446883670986e-05,1.956781186163425446e-02,1.916193832585122436e-05,2.248009443283081055e-01
8.422228693962097168e-01,7.319612894207239151e-03,9.865361789707094431e-05,1.277038641273975372e-02,3.017259223270229995e-05,1.375582516193389893e-01
7.398664355278015137e-01,3.959152847528457642e-02,4.111936723347753286e-04,2.826822176575660706e-02,1.212417773786000907e-04,1.917413622140884399e-01
6.021691560745239258e-01,9.068512171506881714e-02,4.924226086586713791e-04,1.094422638416290283e-01,9.430974023416638374e-05,1.971165984869003296e-01
7.739586234092712402e-01,7.153941690921783447e-02,5.082171992398798466e-04,7.430980354547500610e-02,7.966356497490778565e-05,7.960437238216400146e-02
8.208925127983093262e-01,2.835796400904655457e-02,2.273776772199198604e-04,8.769255876541137695e-02,3.827813634416088462e-05,6.279125064611434937e-02
7.644292712211608887e-01,4.522867128252983093e-02,2.280814951518550515e-04,1.528301984071731567e-01,2.359077006985899061e-05,3.726017475128173828e-02
8.709987998008728027e-01,3.380952402949333191e-02,3.547410306055098772e-04,6.377413868904113770e-02,5.546334432438015938e-05,3.100734949111938477e-02
9.215573072433471680e-01,1.746771484613418579e-02,2.544243761803954840e-04,1.812565699219703674e-02,7.378147711278870702e-05,4.252118989825248718e-02
7.493290901184082031e-01,7.266198098659515381e-02,8.788438281044363976e-04,1.418741047382354736e-01,9.302012040279805660e-05,3.516296669840812683e-02
5.881853103637695312e-01,2.149901688098907471e-01,1.976791303604841232e-03,1.388485282659530640e-01,2.848155563697218895e-04,5.571448057889938354e-02
5.219072699546813965e-01,1.738192141056060791e-01,1.191277988255023956e-03,2.520257830619812012e-01,1.199125108541920781e-04,5.093656852841377258e-02
2.340064048767089844e-01,2.915324866771697998e-01,1.020287047140300274e-03,4.226021468639373779e-01,7.304263272089883685e-05,5.076565220952033997e-02
3.809787929058074951e-01,2.384872734546661377e-01,5.223006592132151127e-04,2.703136205673217773e-01,4.806231663678772748e-05,1.096499711275100708e-01
6.846516728401184082e-01,4.177867993712425232e-02,8.253270061686635017e-05,1.800128519535064697e-01,1.032806085277115926e-05,9.346386045217514038e-02
8.736777305603027344e-01,4.030051175504922867e-03,7.240662398544372991e-06,1.852459274232387543e-02,1.845609176598372869e-06,1.037584245204925537e-01
7.941149473190307617e-01,1.486294670030474663e-03,2.515063670216477476e-06,1.058278698474168777e-02,9.913039775710785761e-07,1.938125044107437134e-01
7.357702851295471191e-01,1.818119548261165619e-03,1.548398358863778412e-06,1.131843402981758118e-02,6.908500154167995788e-07,2.510908246040344238e-01
7.273241877555847168e-01,1.191857364028692245e-02,9.559650607116054744e-06,4.938524216413497925e-02,2.334370265089091845e-06,2.113600820302963257e-01
6.444782018661499023e-01,6.249830499291419983e-02,1.300824224017560482e-04,1.881125122308731079e-01,1.525139214209048077e-05,1.047655642032623291e-01
4.064864814281463623e-01,1.729515492916107178e-01,2.693755086511373520e-04,3.160712122917175293e-01,2.320777093700598925e-05,1.041982471942901611e-01
5.509702563285827637e-01,2.230578064918518066e-01,4.960368387401103973e-04,1.222804188728332520e-01,5.570715802605263889e-05,1.031398326158523560e-01
4.504897892475128174e-01,2.371303439140319824e-01,1.065621967427432537e-03,2.076824307441711426e-01,1.156182988779619336e-04,1.035161763429641724e-01
5.749897360801696777e-01,8.874637633562088013e-02,4.707582120317965746e-04,1.096455901861190796e-01,9.229409624822437763e-05,2.260552942752838135e-01
7.897641658782958984e-01,3.203016892075538635e-02,3.271221648901700974e-04,7.889556139707565308e-02,5.833499017171561718e-05,9.892456233501434326e-02
8.137843012809753418e-01,4.634906537830829620e-03,4.348630318418145180e-05,1.954157650470733643e-02,1.810841604310553521e-05,1.619776785373687744e-01
7.094680070877075195e-01,1.617023907601833344e-02,5.353026426746509969e-05,7.737473398447036743e-02,1.196975972561631352e-05,1.969214528799057007e-01
8.853638172149658203e-01,6.601617205888032913e-03,2.336145553272217512e-05,1.633219420909881592e-02,7.065277713991235942e-06,9.167186915874481201e-02
8.504749536514282227e-01,1.245467271655797958e-02,3.219080099370330572e-05,7.219597697257995605e-02,4.623896529665216804e-06,6.483744084835052490e-02
8.219877481460571289e-01,2.885918132960796356e-02,8.648236689623445272e-05,7.755427062511444092e-02,1.353471270704176277e-05,7.149872183799743652e-02
5.601383447647094727e-01,2.025152891874313354e-01,5.643079057335853577e-04,1.687090843915939331e-01,5.467094160849228501e-05,6.801829487085342407e-02
5.063348412513732910e-01,2.531830668449401855e-01,5.628351937048137188e-04,1.198135316371917725e-01,7.254308002302423120e-05,1.200331375002861023e-01
6.754844188690185547e-01,6.752803921699523926e-02,2.322680666111409664e-04,3.977240249514579773e-02,4.909358176519162953e-05,2.169338166713714600e-01
5.819588303565979004e-01,1.256067585200071335e-02,3.021593329322058707e-05,1.446391642093658447e-02,1.092842558136908337e-05,3.909753561019897461e-01
8.696764111518859863e-01,3.505191998556256294e-03,1.408968273608479649e-05,8.998266421258449554e-03,3.912869487976422533e-06,1.178021728992462158e-01
8.839616775512695312e-01,2.499203663319349289e-03,1.612619416846428066e-05,1.741957850754261017e-02,4.665576852858066559e-06,9.609883278608322144e-02
7.042121291160583496e-01,3.413221240043640137e-02,7.446257950505241752e-05,6.506624072790145874e-02,1.501285441918298602e-05,1.964999735355377197e-01
6.755319237709045410e-01,8.458781987428665161e-02,1.541106466902419925e-04,9.329891949892044067e-02,2.443953417241573334e-05,1.464028358459472656e-01
4.247518181800842285e-01,6.885862350463867188e-02,1.129391748690977693e-04,5.178004130721092224e-02,2.976261566800531000e-05,4.544667899608612061e-01
4.914893209934234619e-01,1.177213862538337708e-01,2.339313214179128408e-04,1.011224538087844849e-01,3.906665733666159213e-05,2.893938422203063965e-01
6.332340240478515625e-01,4.982512444257736206e-02,9.403869626112282276e-05,1.855812221765518188e-01,1.199888993141939864e-05,1.312535703182220459e-01
6.640968322753906250e-01,3.133357688784599304e-02,7.968514546519145370e-05,9.893105179071426392e-02,1.428647374268621206e-05,2.055445909500122070e-01
5.587608814239501953e-01,9.976254403591156006e-02,2.103342558257281780e-04,2.481984049081802368e-01,2.320855674042832106e-05,9.304456412792205811e-02
2.689417898654937744e-01,1.580896824598312378e-01,2.926804590970277786e-04,5.316423773765563965e-01,2.042109008471015841e-05,4.101304709911346436e-02
1.640486419200897217e-01,2.879865169525146484e-01,3.071866522077471018e-04,4.859560728073120117e-01,2.177630449295975268e-05,6.167973950505256653e-02
2.647128403186798096e-01,2.676764130592346191e-01,5.072152707725763321e-04,3.729412853717803955e-01,4.519613867159932852e-05,9.411709010601043701e-02
3.637222647666931152e-01,2.373970597982406616e-01,6.828593905083835125e-04,2.914128303527832031e-01,8.051603799685835838e-05,1.067044809460639954e-01
8.282893300056457520e-01,1.916124485433101654e-02,1.041949653881601989e-04,2.720645442605018616e-02,3.324096178403124213e-05,1.252055466175079346e-01
9.246804118156433105e-01,1.706541166640818119e-03,2.144907011825125664e-05,6.457310169935226440e-03,6.695398496958659962e-06,6.712746620178222656e-02
9.681735634803771973e-01,8.174392278306186199e-04,1.734786746965255588e-05,3.369047073647379875e-03,4.985932719137053937e-06,2.761757187545299530e-02
8.302621245384216309e-01,1.965923700481653214e-03,6.453097284975228831e-06,4.242339171469211578e-03,2.644406322360737249e-06,1.635204553604125977e-01
7.432304620742797852e-01,2.594112884253263474e-03,5.352963398763677105e-06,2.813454950228333473e-03,2.888128619815688580e-06,2.513537108898162842e-01
3.583378493785858154e-01,3.109380602836608887e-03,2.483651087459293194e-06,2.554900944232940674e-03,1.324900608778989408e-06,6.359939575195312500e-01
4.163886308670043945e-01,1.490416238084435463e-03,5.809566800962784328e-07,2.193160355091094971e-03,4.697225790550874081e-07,5.799266695976257324e-01
7.967235445976257324e-01,2.140279102604836226e-04,4.511664428719086573e-07,1.667268457822501659e-03,2.565158752076968085e-07,2.013944685459136963e-01
5.833562612533569336e-01,7.371479878202080727e-04,8.557200317227398045e-07,3.865852486342191696e-03,6.431885708479967434e-07,4.120392203330993652e-01
8.228735923767089844e-01,7.499657804146409035e-04,3.806507038461859338e-06,1.818689331412315369e-02,1.305820319430495147e-06,1.581844687461853027e-01
8.505058288574218750e-01,6.795719731599092484e-03,6.269980076467618346e-05,6.125589460134506226e-02,1.131560748035553843e-05,8.136849105358123779e-02
6.939927935600280762e-01,3.630442544817924500e-02,1.867940736701712012e-04,1.984589695930480957e-01,1.958532629942055792e-05,7.103744894266128540e-02
9.124594926834106445e-01,2.178413607180118561e-02,4.391396651044487953e-04,3.942759335041046143e-02,7.208283204818144441e-05,2.581756189465522766e-02
7.757608294486999512e-01,4.652142897248268127e-02,4.572656471282243729e-04,1.235002353787422180e-01,6.596233288291841745e-05,5.369424447417259216e-02
8.764821290969848633e-01,4.163634032011032104e-02,2.456813817843794823e-04,4.855954647064208984e-02,3.742524859262630343e-05,3.303892910480499268e-02
8.364744782447814941e-01,4.042934253811836243e-02,8.268868987215682864e-05,2.612510509788990021e-02,2.027910340984817594e-05,9.686810523271560669e-02
5.910052657127380371e-01,8.701346069574356079e-02,8.172229718184098601e-05,8.647730201482772827e-02,1.466487447032704949e-05,2.354076504707336426e-01
7.826292514801025391e-01,1.876870915293693542e-02,1.627024357730988413e-05,1.682074926793575287e-02,4.457069280761061236e-06,1.817605793476104736e-01
8.337977528572082520e-01,7.625482510775327682e-03,1.108461947296746075e-05,1.624773442745208740e-02,3.116748303000349551e-06,1.423148065805435181e-01
8.920731544494628906e-01,2.844677539542317390e-03,6.381894309015478939e-06,1.374494750052690506e-02,1.592427338437119033e-06,9.132920950651168823e-02
9.558288455009460449e-01,4.024189431220293045e-03,2.042765117948874831e-05,2.034711651504039764e-02,3.399754632482654415e-06,1.977601647377014160e-02
7.524052858352661133e-01,3.804560750722885132e-02,1.278959389310330153e-04,1.586254537105560303e-01,1.245693692908389494e-05,5.078326165676116943e-02
5.601396560668945312e-01,1.086323857307434082e-01,3.921950410585850477e-04,2.242994159460067749e-01,3.826561805908568203e-05,1.064981669187545776e-01
7.754315137863159180e-01,4.242936894297599792e-02,2.108645421685650945e-04,8.482586592435836792e-02,3.249871951993554831e-05,9.706989675760269165e-02
7.279159426689147949e-01,3.878685832023620605e-02,1.261520519619807601e-04,6.408204883337020874e-02,2.640530874487012625e-05,1.690626293420791626e-01
5.968236923217773438e-01,6.773801892995834351e-02,6.981295882724225521e-05,9.174209088087081909e-02,1.202543353429064155e-05,2.436143159866333008e-01
6.841239929199218750e-01,3.471263125538825989e-02,5.197615973884239793e-05,8.226094394922256470e-02,1.074427291314350441e-05,1.988397836685180664e-01
4.843786358833312988e-01,1.390414498746395111e-02,1.340355902357259765e-05,2.869049832224845886e-02,4.593570338329300284e-06,4.730086922645568848e-01
6.946685314178466797e-01,1.053856313228607178e-02,6.753275101800682023e-06,3.142055496573448181e-02,1.977839474420761690e-06,2.633635699748992920e-01
8.918784260749816895e-01,1.043346617370843887e-02,7.914768502814695239e-06,9.703196585178375244e-03,2.149198053302825429e-06,8.797501027584075928e-02
9.619082212448120117e-01,4.984178114682435989e-03,5.751607204729225487e-06,4.469028674066066742e-03,1.560617761242610868e-06,2.863119542598724365e-02
9.792809486389160156e-01,1.807848573662340641e-03,2.980632416438311338e-06,1.598356873728334904e-03,1.030340285979036707e-06,1.730868406593799591e-02
9.781426191329956055e-01,8.283143979497253895e-04,1.030541170621290803e-06,2.184014534577727318e-03,2.955609375021595042e-07,1.884360797703266144e-02
9.768545031547546387e-01,1.432174700312316418e-03,3.193645397914224304e-06,4.695194773375988007e-03,6.896481750118255150e-07,1.701428554952144623e-02
9.768142104148864746e-01,5.540933925658464432e-04,2.187142854381818324e-06,8.385208435356616974e-03,3.898477416441892274e-07,1.424399483948945999e-02
9.150668382644653320e-01,7.180202286690473557e-03,2.723792749748099595e-05,5.329310148954391479e-02,3.037484702872461639e-06,2.442953549325466156e-02
8.825123310089111328e-01,1.896630786359310150e-02,5.180876905797049403e-05,7.367864996194839478e-02,5.437837444333126768e-06,2.478549070656299591e-02
9.217417836189270020e-01,2.459172345697879791e-02,1.435192243661731482e-04,1.929944939911365509e-02,2.612378375488333404e-05,3.419738262891769409e-02
9.068332314491271973e-01,3.219089657068252563e-02,2.215422573499381542e-04,3.009366430342197418e-02,3.263808321207761765e-05,3.062806837260723114e-02
9.465027451515197754e-01,1.002804189920425415e-02,1.515012991148978472e-04,9.388181380927562714e-03,3.793298310483805835e-05,3.389160707592964172e-02
9.340131282806396484e-01,1.026389002799987793e-02,1.854152797022834420e-04,1.525505259633064270e-02,5.253487688605673611e-05,4.022998362779617310e-02
7.828382253646850586e-01,7.322479784488677979e-02,9.723220136947929859e-04,7.431765645742416382e-02,1.848601386882364750e-04,6.846211850643157959e-02
6.399089694023132324e-01,2.105102986097335815e-01,9.513887343928217888e-04,6.390286237001419067e-02,1.772982359398156404e-04,8.454913645982742310e-02
6.995247006416320801e-01,1.300607174634933472e-01,2.266308583784848452e-04,6.138880178332328796e-02,4.159307354711927474e-05,1.087575033307075500e-01
3.619218766689300537e-01,4.703465402126312256e-01,3.524824278429150581e-04,5.847799032926559448e-02,4.655224620364606380e-05,1.088544875383377075e-01
5.120922327041625977e-01,1.965670436620712280e-01,1.183777421829290688e-04,4.240550473332405090e-02,2.244332245027180761e-05,2.487943619489669800e-01
7.379729151725769043e-01,7.395627349615097046e-02,8.121015707729384303e-05,2.931005693972110748e-02,1.659173176449257880e-05,1.586629748344421387e-01
4.577309489250183105e-01,2.624742984771728516e-01,5.246802465990185738e-04,1.350324898958206177e-01,5.860193050466477871e-05,1.441789418458938599e-01
6.197406053543090820e-01,1.551069766283035278e-01,5.382804665714502335e-04,1.066660657525062561e-01,6.524169293697923422e-05,1.178828105330467224e-01
1.727378666400909424e-01,4.776333570480346680e-01,7.404176867567002773e-04,2.806676328182220459e-01,5.295800292515195906e-05,6.816767901182174683e-02
1.876989006996154785e-01,5.573219656944274902e-01,6.268419092521071434e-04,1.374271214008331299e-01,5.259816680336371064e-05,1.168725118041038513e-01
2.884973883628845215e-01,2.451053857803344727e-01,1.243064616573974490e-04,1.126856431365013123e-01,1.684109338384587318e-05,3.535703718662261963e-01
5.107469558715820312e-01,5.110773071646690369e-02,3.089590245508588850e-05,3.767731040716171265e-02,6.900259904796257615e-06,4.004302024841308594e-01
9.114297628402709961e-01,4.901908338069915771e-03,9.551605216984171420e-06,1.349329110234975815e-02,2.318787664989940822e-06,7.016322016716003418e-02
8.279513716697692871e-01,2.249458106234669685e-03,3.743198249139823020e-06,5.947671830654144287e-03,1.549803641864855308e-06,1.638462245464324951e-01
9.464286565780639648e-01,4.054568707942962646e-03,2.065766057057771832e-05,1.204959955066442490e-02,4.765015546581707895e-06,3.744175285100936890e-02
8.266100287437438965e-01,4.023595247417688370e-03,1.605304532859008759e-05,1.120308693498373032e-02,6.897194907651282847e-06,1.581403613090515137e-01
4.829236567020416260e-01,1.169779989868402481e-02,1.563618570799008012e-05,1.462380494922399521e-02,8.440054443781264126e-06,4.907307326793670654e-01
6.395466327667236328e-01,4.901273641735315323e-03,1.515846452093683183e-05,5.378659814596176147e-03,1.181745392386801541e-05,3.501465022563934326e-01
7.755854129791259766e-01,5.912596359848976135e-03,1.876336682471446693e-05,9.570982307195663452e-03,9.630334716348443180e-06,2.089026123285293579e-01
8.832405209541320801e-01,2.388383960351347923e-03,8.690011782164219767e-06,4.932724870741367340e-03,4.496767814998747781e-06,1.094250530004501343e-01
8.733067512512207031e-01,7.948219776153564453e-03,2.321348438272252679e-05,7.305816747248172760e-03,8.572403203288558871e-06,1.114074438810348511e-01
8.433787226676940918e-01,4.038762301206588745e-02,7.910381827969104052e-05,2.380397543311119080e-02,1.603810414962936193e-05,9.233438968658447266e-02
6.109653711318969727e-01,1.708266586065292358e-01,1.968540746020153165e-04,1.304021477699279785e-01,2.338532794965431094e-05,8.758550882339477539e-02
6.615391969680786133e-01,1.303849518299102783e-01,1.868851686595007777e-04,1.270620226860046387e-01,2.002015025936998427e-05,8.080695569515228271e-02
6.952923536300659180e-01,1.225232556462287903e-01,7.961506344145163894e-05,1.045633032917976379e-01,9.253320968127809465e-06,7.753216475248336792e-02
7.669020891189575195e-01,5.332661420106887817e-02,3.710689270519651473e-05,7.866115123033523560e-02,6.280340130615513772e-06,1.010667011141777039e-01
6.173786520957946777e-01,1.293027549982070923e-01,1.566567807458341122e-04,6.672001630067825317e-02,3.502789695630781353e-05,1.864068657159805298e-01
5.136476755142211914e-01,9.783847630023956299e-02,1.273008092539384961e-04,2.107767015695571899e-02,4.660385820898227394e-05,3.672622740268707275e-01
5.837020874023437500e-01,1.652384847402572632e-01,4.085031105205416679e-04,8.675283938646316528e-02,7.257059769472107291e-05,1.638254672288894653e-01
7.034259438514709473e-01,6.081436574459075928e-02,1.408099342370405793e-04,3.839846327900886536e-02,3.590894630178809166e-05,1.971845626831054688e-01
7.408344745635986328e-01,1.275712251663208008e-02,1.226583572133677080e-05,2.712984569370746613e-02,3.840681074507301673e-06,2.192625403404235840e-01
8.823331594467163086e-01,4.414150491356849670e-03,4.019913376396289095e-06,1.234964001923799515e-02,1.337673552370688412e-06,1.008976548910140991e-01
8.544754981994628906e-01,6.173381116241216660e-03,8.625871487311087549e-06,7.686448283493518829e-03,3.328085767861921340e-06,1.316525936126708984e-01
9.216462969779968262e-01,1.354993227869272232e-02,2.581756962172221392e-05,1.696984097361564636e-02,5.699584107787813991e-06,4.780250042676925659e-02
9.318710565567016602e-01,1.379795465618371964e-02,3.333326822030358016e-05,1.692800037562847137e-02,6.572196980414446443e-06,3.736313804984092712e-02
8.982028961181640625e-01,2.069453336298465729e-02,8.258832531282678246e-05,1.894305273890495300e-02,1.869334846560377628e-05,6.205823644995689392e-02
8.228690028190612793e-01,1.008730474859476089e-02,3.861058576148934662e-05,3.269645944237709045e-02,9.356888767797499895e-06,1.342993080615997314e-01
8.373587727546691895e-01,3.889008425176143646e-03,2.369477078900672495e-05,4.190395772457122803e-02,6.074048997106729075e-06,1.168185770511627197e-01
8.861322402954101562e-01,3.443951485678553581e-03,2.747618600551504642e-05,4.255710542201995850e-02,5.365605829865671694e-06,6.783381104469299316e-02
9.208264350891113281e-01,5.073906853795051575e-03,2.853947444236837327e-05,4.601599276065826416e-02,3.958904471801361069e-06,2.805107645690441132e-02
9.612760543823242188e-01,4.403107799589633942e-03,2.531239806558005512e-05,2.469940856099128723e-02,2.590047188277821988e-06,9.593546390533447266e-03
9.654329419136047363e-01,3.081919392570853233e-03,3.256479976698756218e-05,2.160778641700744629e-02,4.094339146831771359e-06,9.840679354965686798e-03
8.577696681022644043e-01,6.640439387410879135e-03,2.040926483459770679e-05,5.534255132079124451e-02,4.102990715182386339e-06,8.022278547286987305e-02
7.001389265060424805e-01,8.041360415518283844e-03,1.978979889827314764e-05,9.286713600158691406e-02,4.582158453558804467e-06,1.989282518625259399e-01
3.083301782608032227e-01,2.655412070453166962e-02,2.827006574079860002e-05,3.576225340366363525e-01,5.034911282564280555e-06,3.074598610401153564e-01
4.086016416549682617e-01,3.085704334080219269e-02,3.058738002437166870e-05,2.616650760173797607e-01,5.695370418834500015e-06,2.988399565219879150e-01
6.070948839187622070e-01,3.214262425899505615e-02,4.065240136696957052e-05,7.960508018732070923e-02,9.594502444087993354e-06,2.811070680618286133e-01
7.966345548629760742e-01,6.651932373642921448e-03,2.204522570536937565e-05,7.727242540568113327e-03,9.668605343904346228e-06,1.889546066522598267e-01
8.801608681678771973e-01,8.910336531698703766e-03,5.282473284751176834e-05,2.034005150198936462e-02,1.610227627679705620e-05,9.052003175020217896e-02
7.820892333984375000e-01,1.843176409602165222e-02,9.472597594140097499e-05,3.604372218251228333e-02,2.489071084710303694e-05,1.633156985044479370e-01
7.776612639427185059e-01,4.782912507653236389e-02,9.991873230319470167e-05,3.078802116215229034e-02,2.197197682107798755e-05,1.435997486114501953e-01
8.803201913833618164e-01,2.769544534385204315e-02,5.996646723360754550e-05,2.054432965815067291e-02,1.377379339828621596e-05,7.136638462543487549e-02
8.590153455734252930e-01,4.031277075409889221e-02,7.811799150658771396e-05,1.542907301336526871e-02,1.838693788158707321e-05,8.514623343944549561e-02
9.096093773841857910e-01,1.111597381532192230e-02,2.100163328577764332e-05,4.782286472618579865e-03,6.785202003811718896e-06,7.446452230215072632e-02
7.991937994956970215e-01,2.185595221817493439e-02,4.962495586369186640e-05,2.543493732810020447e-02,1.134397371060913429e-05,1.534543484449386597e-01
6.690457463264465332e-01,8.643423020839691162e-02,4.037785402033478022e-04,1.351232528686523438e-01,5.353309097699820995e-05,1.089394092559814453e-01
5.806022882461547852e-01,1.107061430811882019e-01,3.382976865395903587e-04,1.179986447095870972e-01,5.809650247101671994e-05,1.902965456247329712e-01
4.038023948669433594e-01,4.075970128178596497e-02,9.398201655130833387e-05,1.410117745399475098e-01,1.883359800558537245e-05,4.143133759498596191e-01
7.583618760108947754e-01,8.397030644118785858e-03,3.087928416789509356e-05,4.502002522349357605e-02,8.668013833812437952e-06,1.881814152002334595e-01
5.480179786682128906e-01,8.691642433404922485e-03,1.438556319044437259e-05,2.076806277036666870e-01,2.053420530501171015e-06,2.355933487415313721e-01
5.828168988227844238e-01,2.121561579406261444e-02,3.862627636408433318e-05,2.244434803724288940e-01,4.600360625772736967e-06,1.714807450771331787e-01
4.779751896858215332e-01,5.289532244205474854e-02,7.477198232663795352e-05,3.452656567096710205e-01,7.121390808606520295e-06,1.237818896770477295e-01
4.401766359806060791e-01,7.845538854598999023e-02,8.728630928089842200e-05,2.326833903789520264e-01,1.132169472839450464e-05,2.485859841108322144e-01
5.895473361015319824e-01,3.346696123480796814e-02,8.782268560025840998e-05,5.582302063703536987e-02,2.012058212130796164e-05,3.210547566413879395e-01
7.408862709999084473e-01,2.356420084834098816e-02,1.080587098840624094e-04,3.028374537825584412e-02,2.848979056579992175e-05,2.051291912794113159e-01
6.352770328521728516e-01,6.302847992628812790e-03,3.331905099912546575e-05,2.543701231479644775e-02,9.679285540187265724e-06,3.329400122165679932e-01
6.256130933761596680e-01,2.411460969597101212e-03,1.923772651934996247e-05,4.911493044346570969e-03,8.809756764094345272e-06,3.670359551906585693e-01
6.185554862022399902e-01,1.661953749135136604e-03,1.369510937365703285e-05,2.640687860548496246e-03,9.879657227429561317e-06,3.771182298660278320e-01
7.132413387298583984e-01,5.620506126433610916e-03,2.586496702861040831e-05,6.200374569743871689e-03,1.259140117326751351e-05,2.748994529247283936e-01
8.592088222503662109e-01,2.022273279726505280e-02,9.932456305250525475e-05,1.669819094240665436e-02,2.102657890645787120e-05,1.037499085068702698e-01
9.199775457382202148e-01,3.034879267215728760e-02,1.277293922612443566e-04,1.698016002774238586e-02,2.251407750009093434e-05,3.254320472478866577e-02
8.215642571449279785e-01,8.002739399671554565e-02,4.894673475064337254e-04,8.492954075336456299e-02,3.575042865122668445e-05,1.295359153300523758e-02
7.414723634719848633e-01,1.635339856147766113e-01,1.363208750262856483e-03,7.355983555316925049e-02,1.015316374832764268e-04,1.996908895671367645e-02
5.611202716827392578e-01,3.208970427513122559e-01,3.011743770912289619e-03,5.572406947612762451e-02,3.745033172890543938e-04,5.887241661548614502e-02
7.088739871978759766e-01,1.888474524021148682e-01,2.685543382540345192e-03,3.286478295922279358e-02,4.900647327303886414e-04,6.623813509941101074e-02
6.831981539726257324e-01,1.307031065225601196e-01,7.783360197208821774e-04,8.240856230258941650e-02,1.073341336450539529e-04,1.028045266866683960e-01
6.583514213562011719e-01,1.022601574659347534e-01,1.981072709895670414e-04,4.064786806702613831e-02,3.702647154568694532e-05,1.985054314136505127e-01
6.886501312255859375e-01,8.219221234321594238e-02,1.186202862299978733e-04,7.492305338382720947e-02,1.750785850163083524e-05,1.540984958410263062e-01
7.901061177253723145e-01,3.481130674481391907e-02,3.163591827615164220e-05,4.147937521338462830e-02,5.416150543169351295e-06,1.335660815238952637e-01
8.916440010070800781e-01,7.084285374730825424e-03,1.052567313308827579e-05,3.417132422327995300e-02,1.810599201235163491e-06,6.708805263042449951e-02
9.147570133209228516e-01,1.073950249701738358e-02,6.613272853428497910e-05,4.833898320794105530e-02,7.699246452830266207e-06,2.609065733850002289e-02
8.502510190010070801e-01,1.071699708700180054e-02,3.444480171310715377e-05,9.879671782255172729e-02,4.018854269816074520e-06,4.019675403833389282e-02
8.628080487251281738e-01,4.938418976962566376e-03,1.178185993921943009e-05,5.500106140971183777e-02,2.351031980651896447e-06,7.723827660083770752e-02
7.725785374641418457e-01,1.718038879334926605e-02,4.308087591198273003e-05,9.407380968332290649e-02,8.349959898623637855e-06,1.161158308386802673e-01
6.812158226966857910e-01,2.127324603497982025e-02,4.684209125116467476e-05,1.582200676202774048e-01,8.306436029670294374e-06,1.392357796430587769e-01
5.341994166374206543e-01,8.895082399249076843e-03,2.050872717518359423e-05,4.340562969446182251e-02,7.049397481750929728e-06,4.134722352027893066e-01
6.787853837013244629e-01,5.029468331485986710e-03,3.985687362728640437e-05,4.442458599805831909e-02,1.301475458603817970e-05,2.717077136039733887e-01
7.961302399635314941e-01,5.364621058106422424e-03,3.803708386840298772e-05,3.732445463538169861e-02,1.131465887738158926e-05,1.611311882734298706e-01
8.117198348045349121e-01,4.999830387532711029e-03,2.908758870034944266e-05,1.973869651556015015e-02,9.027841770148370415e-06,1.635035723447799683e-01
9.116678833961486816e-01,2.740852301940321922e-03,1.382482332701329142e-05,1.391503494232892990e-02,4.972927399649051949e-06,7.165732979774475098e-02
7.850418686866760254e-01,3.177156904712319374e-03,7.288292181328870356e-06,7.123939227312803268e-03,3.997869498562067747e-06,2.046456933021545410e-01
7.985913753509521484e-01,9.829325135797262192e-04,2.399094682914437726e-06,4.830243065953254700e-03,1.691731995379086584e-06,1.955913752317428589e-01
5.658279657363891602e-01,2.854431979358196259e-03,2.266536284878384322e-06,9.520340710878372192e-03,1.383027893098187633e-06,4.217935204505920410e-01
4.626351296901702881e-01,2.600003033876419067e-03,1.026103632284502964e-06,8.233353495597839355e-03,7.537724400208389852e-07,5.265297889709472656e-01
3.956123292446136475e-01,1.316752866841852665e-03,4.622785638730420033e-07,1.472104247659444809e-02,2.781409875751705840e-07,5.883491635322570801e-01
4.724818766117095947e-01,2.297206781804561615e-03,1.090167756956361700e-06,1.514374464750289917e-02,5.766120807493280154e-07,5.100755691528320312e-01
6.672115325927734375e-01,4.126808606088161469e-03,7.143509265006287023e-06,9.924148209393024445e-03,2.935268184955930337e-06,3.187273740768432617e-01
8.011338710784912109e-01,6.751037202775478363e-03,2.864253110601566732e-05,1.415389217436313629e-02,1.015956513583660126e-05,1.779224276542663574e-01
8.851134777069091797e-01,8.602013811469078064e-03,5.565377432503737509e-05,1.187611278146505356e-02,1.684294511505868286e-05,9.433591365814208984e-02
7.201462984085083008e-01,3.010499756783246994e-03,1.656457789067644626e-05,2.543120877817273140e-03,8.963932486949488521e-06,2.742746472358703613e-01
6.740759611129760742e-01,2.891446929425001144e-03,9.735705134517047554e-06,9.805329144001007080e-03,4.442206318344688043e-06,3.132131099700927734e-01
7.347465157508850098e-01,6.825820542871952057e-03,2.512947685318067670e-05,1.593239605426788330e-02,9.388139915245119482e-06,2.424608618021011353e-01
5.701363682746887207e-01,1.485917437821626663e-02,3.858816853608004749e-05,3.724970296025276184e-02,1.398440144839696586e-05,3.777021765708923340e-01
4.050573408603668213e-01,3.819514811038970947e-02,9.894836694002151489e-05,1.165308579802513123e-01,1.529290057078469545e-05,4.401023983955383301e-01
5.235272645950317383e-01,1.189739629626274109e-01,8.587798220105469227e-04,3.087083995342254639e-01,6.917001155670732260e-05,4.786244407296180725e-02
6.021059751510620117e-01,9.112875163555145264e-02,3.246183623559772968e-04,2.415432631969451904e-01,2.777441113721579313e-05,6.486959010362625122e-02
6.201372742652893066e-01,3.491513803601264954e-02,4.296519182389602065e-05,2.532828152179718018e-01,4.509212885750457644e-06,9.161728620529174805e-02
5.230932831764221191e-01,2.455621771514415741e-02,9.856602446234319359e-06,7.271516323089599609e-02,2.309662249899702147e-06,3.796231448650360107e-01
5.569736957550048828e-01,3.379239002242684364e-03,2.343253981962334365e-06,8.530653081834316254e-03,1.318245153925090563e-06,4.311127364635467529e-01
5.946010351181030273e-01,1.699959975667297840e-03,1.002579438136308454e-06,1.177183166146278381e-02,5.034771106693369802e-07,3.919256031513214111e-01
8.988960981369018555e-01,1.221544691361486912e-03,2.899273567891214043e-06,2.878433326259255409e-03,1.470968186367827002e-06,9.699949622154235840e-02
9.117513298988342285e-01,2.007154980674386024e-03,8.665680070407688618e-06,3.987113945186138153e-03,2.957729975605616346e-06,8.224270492792129517e-02
9.516627192497253418e-01,3.474572906270623207e-03,1.429848907719133422e-05,3.203053493052721024e-03,5.601874363492242992e-06,4.163980111479759216e-02
9.701189398765563965e-01,1.931884675286710262e-03,6.693959676340455189e-06,3.198389429599046707e-03,2.251585328849614598e-06,2.474193647503852844e-02
9.134431481361389160e-01,9.394234046339988708e-03,1.781158971425611526e-05,1.271245256066322327e-02,4.813728992303367704e-06,6.442752480506896973e-02
9.020390510559082031e-01,4.527257755398750305e-03,7.280157660716213286e-06,1.488833501935005188e-02,2.114216158588533290e-06,7.853576540946960449e-02
8.705992698669433594e-01,2.887152833864092827e-03,5.297532425174722448e-06,2.401952259242534637e-02,1.374660428155038971e-06,1.024873256683349609e-01
6.874849796295166016e-01,2.574478974565863609e-03,6.185699930938426405e-06,1.989833824336528778e-02,2.132849658664781600e-06,2.900339961051940918e-01
5.440463423728942871e-01,6.254837499000132084e-04,1.184229063255770598e-06,6.012532394379377365e-03,5.855569611412647646e-07,4.493138492107391357e-01
2.738085091114044189e-01,1.433598808944225311e-04,3.865085318466299213e-07,1.312698004767298698e-03,3.091248572673066519e-07,7.247347831726074219e-01
3.458173274993896484e-01,1.356674038106575608e-04,4.377908453534473665e-07,5.696100997738540173e-04,4.222115137508808402e-07,6.534765362739562988e-01
6.109915375709533691e-01,7.473365985788404942e-04,2.176717998736421578e-06,3.693843493238091469e-03,9.729483281262218952e-07,3.845641016960144043e-01
7.351567745208740234e-01,3.935363143682479858e-03,1.253914251719834283e-05,3.985988348722457886e-02,2.183629931096220389e-06,2.210331708192825317e-01
8.470889329910278320e-01,1.605206541717052460e-02,8.227243961300700903e-05,1.019173413515090942e-01,9.927958672051317990e-06,3.484948724508285522e-02
6.924415826797485352e-01,1.907218433916568756e-02,3.052787724300287664e-05,7.441087067127227783e-02,7.454769729520194232e-06,2.140373289585113525e-01
6.031558513641357422e-01,3.067369945347309113e-02,3.160263440804556012e-05,7.951936870813369751e-02,8.649613846500869840e-06,2.866108417510986328e-01
7.439774870872497559e-01,4.543843865394592285e-02,8.857247303240001202e-05,3.289565443992614746e-02,2.377488635829649866e-05,1.775760650634765625e-01
6.953868865966796875e-01,1.228433176875114441e-01,2.913378702942281961e-04,8.867374062538146973e-02,3.672414459288120270e-05,9.276808798313140869e-02
6.311060786247253418e-01,1.359445750713348389e-01,5.293075228109955788e-04,1.720052212476730347e-01,4.618093589670024812e-05,6.036859750747680664e-02
7.281261682510375977e-01,1.067897081375122070e-01,6.091315299272537231e-04,1.320851296186447144e-01,4.960357182426378131e-05,3.234021365642547607e-02
5.327702164649963379e-01,1.174137964844703674e-01,2.264770882902666926e-04,1.860808730125427246e-01,2.638958358147647232e-05,1.634822338819503784e-01
6.934872865676879883e-01,2.372552081942558289e-02,4.619193350663408637e-05,5.772932618856430054e-02,1.009554489428410307e-05,2.250016480684280396e-01
7.774471640586853027e-01,2.387312613427639008e-02,4.459600677364505827e-05,3.535665571689605713e-02,1.106334730138769373e-05,1.632674485445022583e-01
7.848196029663085938e-01,3.405877202749252319e-02,4.221696144668385386e-05,5.554326251149177551e-02,7.835074029571842402e-06,1.255282610654830933e-01
7.854239940643310547e-01,1.490811817348003387e-02,2.043380300165154040e-05,2.687810361385345459e-02,5.312748726282734424e-06,1.727639883756637573e-01
7.059735655784606934e-01,1.447591651231050491e-02,3.561787525541149080e-05,1.902231946587562561e-02,1.372290716972202063e-05,2.604788839817047119e-01
4.225098490715026855e-01,2.007177099585533142e-02,5.817277633468620479e-05,2.443443238735198975e-02,2.497298009984660894e-05,5.329007506370544434e-01
2.982876598834991455e-01,1.236247736960649490e-02,2.010494426940567791e-05,1.788058318197727203e-02,1.129345673689385876e-05,6.714379191398620605e-01
7.074404954910278320e-01,1.274246163666248322e-02,5.728447649744339287e-05,2.481256984174251556e-02,2.070756818284280598e-05,2.549264430999755859e-01
8.477450013160705566e-01,2.901971526443958282e-02,1.375154824927449226e-04,3.867400810122489929e-02,2.414409755147062242e-05,8.439958840608596802e-02
4.909622669219970703e-01,2.465728670358657837e-01,4.650241171475499868e-04,1.835668385028839111e-01,4.614970021066255867e-05,7.838679105043411255e-02
3.846006691455841064e-01,3.528325557708740234e-01,8.065605070441961288e-04,2.122507989406585693e-01,6.400075653800740838e-05,4.944537580013275146e-02
2.884913086891174316e-01,3.402745127677917480e-01,2.621054009068757296e-04,1.813330054283142090e-01,3.324059798615053296e-05,1.896057724952697754e-01
3.577866256237030029e-01,1.815486252307891846e-01,2.167805942008271813e-04,2.690934836864471436e-01,2.285451046191155910e-05,1.913315504789352417e-01
6.541775465011596680e-01,5.119135230779647827e-02,7.976975757628679276e-05,5.491574853658676147e-02,1.730404801492113620e-05,2.396182864904403687e-01
6.447646021842956543e-01,4.200581833720207214e-02,1.243229926330968738e-04,1.032741218805313110e-01,2.088219298457261175e-05,2.098102271556854248e-01
9.105361104011535645e-01,4.910675808787345886e-03,2.940753256552852690e-05,4.757202789187431335e-02,4.494355835049645975e-06,3.694727271795272827e-02
8.808370828628540039e-01,6.042642053216695786e-03,2.059287362499162555e-05,2.854136750102043152e-02,4.291552613722160459e-06,8.455397933721542358e-02
8.440310955047607422e-01,6.343370769172906876e-03,2.498975118214730173e-05,8.373932540416717529e-02,4.241413989802822471e-06,6.585706770420074463e-02
9.515810012817382812e-01,2.136710099875926971e-03,8.022071597224567086e-06,2.387423068284988403e-02,1.243385327143187169e-06,2.239876985549926758e-02
9.768402576446533203e-01,6.665522232651710510e-04,6.168645995785482228e-06,7.667829282581806183e-03,1.376408476971846540e-06,1.481777522712945938e-02
9.829724431037902832e-01,1.036655972711741924e-03,1.482654442952480167e-05,6.496706977486610413e-03,3.078220970564871095e-06,9.476341307163238525e-03
9.860084652900695801e-01,7.290647481568157673e-04,8.092722964647691697e-06,3.240584395825862885e-03,2.186068059017998166e-06,1.001141313463449478e-02
9.892401695251464844e-01,9.293448965763673186e-05,5.683756967300723772e-07,8.265859796665608883e-04,2.195290988993292558e-07,9.839593432843685150e-03
9.849129319190979004e-01,2.100832643918693066e-04,6.820216071901086252e-07,2.632825402542948723e-03,1.779346376906687510e-07,1.224324386566877365e-02
9.795071482658386230e-01,1.521817030152305961e-04,3.102548191691312240e-07,7.866906234994530678e-04,1.462185394984771847e-07,1.955359987914562225e-02
9.438579082489013672e-01,2.510972262825816870e-04,2.248850137220870238e-07,1.779419719241559505e-03,1.208281901199370623e-07,5.411114916205406189e-02
9.061129689216613770e-01,7.667199824936687946e-04,1.283399001295038033e-06,3.465587506070733070e-03,5.848881414749484975e-07,8.965288102626800537e-02
8.792604207992553711e-01,8.274610154330730438e-04,2.891210442612646148e-06,1.761487335897982121e-03,2.387241238466231152e-06,1.181452423334121704e-01
8.987047672271728516e-01,1.427112263627350330e-03,9.328963642474263906e-06,1.254486385732889175e-03,8.940427505876868963e-06,9.859535098075866699e-02
8.821232914924621582e-01,3.846921492367982864e-03,2.057249912468250841e-05,1.562352385371923447e-02,9.261580089514609426e-06,9.837634116411209106e-02
8.535849452018737793e-01,2.958146389573812485e-03,9.679446520749479532e-06,5.701927468180656433e-03,7.386453034996520728e-06,1.377378404140472412e-01
7.864726781845092773e-01,1.304080337285995483e-02,8.604343747720122337e-06,1.215078588575124741e-02,3.804182824751478620e-06,1.883232146501541138e-01
8.026001453399658203e-01,9.059513919055461884e-03,6.200436473591253161e-06,1.656443811953067780e-02,2.293490069860126823e-06,1.717673987150192261e-01
7.761016488075256348e-01,7.799562066793441772e-03,6.284087703534169123e-06,1.200212910771369934e-02,3.234049472666811198e-06,2.040870338678359985e-01
7.013599872589111328e-01,1.694276742637157440e-02,6.417159966076724231e-06,1.207355037331581116e-02,3.113701041002059355e-06,2.696140408515930176e-01
6.282324790954589844e-01,2.579184249043464661e-02,7.847982487874105573e-06,2.760713733732700348e-02,2.569878461144980974e-06,3.183581531047821045e-01
7.438541650772094727e-01,4.728863760828971863e-02,2.870097341656219214e-05,9.349926561117172241e-02,4.582185738399857655e-06,1.153245940804481506e-01
8.242533802986145020e-01,1.978354342281818390e-02,1.354021424049278721e-05,2.519459463655948639e-02,3.085146545345196500e-06,1.307519078254699707e-01
8.005661964416503906e-01,6.614390760660171509e-03,1.121946206694701687e-05,9.624685160815715790e-03,3.556427600415190682e-06,1.831798702478408813e-01
9.098186492919921875e-01,4.240932874381542206e-03,3.901648233295418322e-05,9.861559607088565826e-03,1.103857175621669739e-05,7.602881640195846558e-02
9.444905519485473633e-01,1.869161264039576054e-03,2.259701795992441475e-05,2.325480105355381966e-03,1.049374714057194069e-05,5.128171294927597046e-02
9.312047362327575684e-01,3.589783329516649246e-03,1.846608756750356406e-05,5.637419410049915314e-03,6.999744073254987597e-06,5.954262986779212952e-02
9.445630908012390137e-01,3.406610107049345970e-03,7.433992777805542573e-06,3.473037621006369591e-03,3.330583467686665244e-06,4.854648560285568237e-02
5.652631521224975586e-01,1.884712604805827141e-03,8.730061722417303827e-07,2.716956427320837975e-03,7.066475404826633167e-07,4.301337003707885742e-01
7.780100107192993164e-01,2.106265863403677940e-03,1.283745746150088962e-06,2.772609237581491470e-03,9.665292282079462893e-07,2.171088606119155884e-01
9.083101749420166016e-01,3.398985136300325394e-03,5.865326784260105342e-06,2.070071175694465637e-03,3.280149485362926498e-06,8.621163666248321533e-02
9.058130383491516113e-01,8.426252752542495728e-03,1.982382127607706934e-05,2.646652050316333771e-03,1.083241295418702066e-05,8.308345824480056763e-02
9.685792326927185059e-01,7.042200304567813873e-03,4.891748176305554807e-05,2.381343860179185867e-03,1.745694316923618317e-05,2.193082496523857117e-02
9.642637968063354492e-01,3.834129776805639267e-03,2.897130980272777379e-05,2.919100457802414894e-03,1.050213359121698886e-05,2.894347719848155975e-02
9.499703645706176758e-01,3.781258594244718552e-03,2.336471879971213639e-05,4.503624513745307922e-03,7.997457032615784556e-06,4.171332716941833496e-02
9.096656441688537598e-01,3.809211077168583870e-03,1.347021043329732493e-05,1.654856279492378235e-02,3.611165311667718925e-06,6.995955854654312134e-02
9.258818626403808594e-01,3.677422879263758659e-03,1.214365147461649030e-05,1.881087943911552429e-02,2.889380766646354459e-06,5.161482840776443481e-02
8.988984823226928711e-01,9.949306026101112366e-03,3.224703323212452233e-05,2.016821317374706268e-02,9.211243195750284940e-06,7.094246894121170044e-02
8.035156726837158203e-01,3.182049468159675598e-02,5.035057256463915110e-05,1.922305114567279816e-02,1.286720271309604868e-05,1.453775912523269653e-01
9.524706602096557617e-01,7.994771935045719147e-03,1.197849178424803540e-05,8.540162816643714905e-03,2.673280278031597845e-06,3.097970038652420044e-02
9.378271698951721191e-01,1.150332018733024597e-02,2.799122739816084504e-05,1.843690872192382812e-02,5.330432941264007241e-06,3.219930082559585571e-02
8.769825100898742676e-01,2.037877961993217468e-02,3.517632649163715541e-05,5.730865523219108582e-02,5.019454874855000526e-06,4.528987035155296326e-02
9.583420753479003906e-01,2.583329332992434502e-03,1.042460644384846091e-05,1.324758306145668030e-02,2.180162255172035657e-06,2.581444941461086273e-02
8.847895860671997070e-01,1.270055305212736130e-02,4.557773354463279247e-05,7.078173011541366577e-02,5.944692475168267265e-06,3.167658671736717224e-02
7.796472907066345215e-01,3.768779709935188293e-02,5.737070023315027356e-05,2.851307019591331482e-02,1.442400298401480541e-05,1.540800780057907104e-01
8.020495176315307617e-01,2.105476334691047668e-02,2.463450437062419951e-05,2.347787842154502869e-02,8.880752830009441823e-06,1.533842831850051880e-01
8.803976178169250488e-01,1.151122525334358215e-02,1.552607318444643170e-05,8.654193021357059479e-03,6.204405963217141107e-06,9.941526502370834351e-02
7.786440253257751465e-01,1.573421806097030640e-02,1.108141532313311473e-05,2.213994227349758148e-02,3.366930286574643105e-06,1.834674775600433350e-01
8.168275952339172363e-01,2.304931730031967163e-02,1.694850288913585246e-05,1.735976897180080414e-02,4.725304734165547416e-06,1.427415460348129272e-01
7.204986214637756348e-01,1.158267259597778320e-01,1.322222815360873938e-04,4.901287332177162170e-02,2.578378007456194609e-05,1.145038455724716187e-01
4.713628590106964111e-01,3.128916025161743164e-01,3.539196623023599386e-04,1.081444397568702698e-01,4.716195689979940653e-05,1.072001084685325623e-01
4.268882572650909424e-01,4.096961617469787598e-01,5.631150561384856701e-04,1.124976053833961487e-01,5.769449853687547147e-05,5.029711499810218811e-02
5.065867900848388672e-01,3.511530756950378418e-01,1.946560456417500973e-03,1.210686638951301575e-01,1.873823202913627028e-04,1.905744895339012146e-02
8.576754331588745117e-01,5.963455140590667725e-02,3.060748276766389608e-04,5.710675194859504700e-02,5.137252446729689837e-05,2.522574737668037415e-02
8.482704758644104004e-01,5.901491269469261169e-02,2.199901791755110025e-04,5.659045279026031494e-02,3.709630254888907075e-05,3.586702048778533936e-02
9.343281984329223633e-01,2.232813648879528046e-02,5.859367956873029470e-05,1.882398314774036407e-02,1.278064974030712619e-05,2.444825135171413422e-02
9.660550951957702637e-01,6.161502562463283539e-03,1.874913141364231706e-05,4.645657725632190704e-03,6.032721103110816330e-06,2.311297506093978882e-02
9.511792659759521484e-01,9.589868597686290741e-03,1.597592017787974328e-05,1.264799572527408600e-02,3.129151991743128747e-06,2.656358480453491211e-02
9.516045451164245605e-01,1.809769123792648315e-02,2.778707676043268293e-05,6.390013732016086578e-03,5.385173153626965359e-06,2.387475222349166870e-02
9.257663488388061523e-01,3.908786922693252563e-02,5.223839252721518278e-05,1.751523651182651520e-02,6.286270490818424150e-06,1.757210679352283478e-02
9.237254858016967773e-01,1.448983792215585709e-02,9.504457921138964593e-06,2.020478621125221252e-02,1.408264438396145124e-06,4.156898334622383118e-02
8.132970929145812988e-01,5.248299613595008850e-02,2.445041172904893756e-05,6.184082105755805969e-02,3.126934416286530904e-06,7.235160470008850098e-02
8.943446874618530273e-01,1.053946744650602341e-02,8.952477401180658489e-06,1.939743757247924805e-02,2.160390522476518527e-06,7.570736110210418701e-02
8.928437232971191406e-01,5.174546036869287491e-03,1.045082535711117089e-05,1.818613521754741669e-02,3.246908136134152301e-06,8.378177136182785034e-02
9.261716604232788086e-01,1.309404429048299789e-02,2.258692438772413880e-05,2.139186300337314606e-02,4.575357252178946510e-06,3.931529447436332703e-02
9.551206827163696289e-01,4.170197993516921997e-03,1.440656888007652014e-05,1.038483623415231705e-02,3.564158987501286902e-06,3.030627779662609100e-02
9.407693743705749512e-01,1.029465906322002411e-02,3.832485526800155640e-05,1.580182276666164398e-02,7.974673280841670930e-06,3.308779746294021606e-02
9.598937034606933594e-01,8.959988132119178772e-03,5.339133713277988136e-05,1.682445220649242401e-02,7.829369678802322596e-06,1.426067575812339783e-02
9.778336286544799805e-01,1.909780316054821014e-03,1.001261352939764038e-05,4.237503279000520706e-03,2.696665433177258819e-06,1.600628532469272614e-02
9.728487133979797363e-01,3.599171293899416924e-03,1.389941007801098749e-05,6.051354110240936279e-03,3.593638666643528268e-06,1.748319342732429504e-02
9.755793809890747070e-01,3.751331241801381111e-04,6.421716420845768880e-07,5.873696645721793175e-04,4.004620564046490472e-07,2.345698326826095581e-02
9.674698710441589355e-01,1.339333131909370422e-03,1.879420779005158693e-06,2.576447557657957077e-03,6.823566991442930885e-07,2.861175499856472015e-02
9.145075678825378418e-01,7.901705801486968994e-03,9.015438081405591220e-06,9.979537688195705414e-03,2.532814050937304273e-06,6.759968400001525879e-02
8.229949474334716797e-01,3.449463471770286560e-02,4.751387314172461629e-05,4.532735794782638550e-02,8.982728104456327856e-06,9.712662547826766968e-02
8.125597238540649414e-01,4.117239266633987427e-02,1.915126049425452948e-04,1.146334335207939148e-01,2.104826307913754135e-05,3.142197430133819580e-02
6.756705045700073242e-01,4.927758127450942993e-02,1.608640450285747647e-04,2.306387871503829956e-01,1.648883880989160389e-05,4.423574358224868774e-02
8.338227868080139160e-01,5.504702776670455933e-02,2.338834601687267423e-04,8.657625317573547363e-02,2.526652133383322507e-05,2.429488860070705414e-02
9.535371065139770508e-01,1.598306931555271149e-02,7.216597441583871841e-05,2.054875902831554413e-02,1.002301269181771204e-05,9.848808869719505310e-03
9.686528444290161133e-01,8.059444837272167206e-03,2.881356522266287357e-05,1.044979877769947052e-02,5.147211595613043755e-06,1.280388608574867249e-02
9.708334803581237793e-01,6.375402212142944336e-03,9.923817742674145848e-06,4.187679383903741837e-03,2.333641305085620843e-06,1.859130337834358215e-02
9.440856575965881348e-01,8.463721722364425659e-03,1.157639781013131142e-05,1.841551996767520905e-02,2.393083832430420443e-06,2.902109548449516296e-02
8.921723961830139160e-01,1.809272170066833496e-02,1.491652164986589924e-05,2.791119366884231567e-02,2.965227395179681480e-06,6.180579215288162231e-02
8.462726473808288574e-01,6.259292364120483398e-02,6.691222370136529207e-05,3.256507217884063721e-02,1.088277622329769656e-05,5.849156901240348816e-02
7.758443951606750488e-01,9.024391323328018188e-02,1.026974277920089662e-04,4.342271015048027039e-02,1.557561154186259955e-05,9.037085622549057007e-02
7.993102073669433594e-01,9.943085163831710815e-02,1.560920500196516514e-04,6.118264421820640564e-02,1.668212826189119369e-05,3.990354761481285095e-02
8.050575852394104004e-01,1.344159841537475586e-01,2.286561793880537152e-04,3.193158656358718872e-02,2.671135189302731305e-05,2.833948470652103424e-02
9.370850324630737305e-01,3.274009376764297485e-02,6.097750883782282472e-05,1.130169909447431564e-02,9.517306352790910751e-06,1.880265399813652039e-02
9.818653464317321777e-01,5.359424743801355362e-03,2.086464337480720133e-05,2.757511800155043602e-03,5.082531515654409304e-06,9.991819038987159729e-03
9.787049293518066406e-01,4.053134471178054810e-03,1.310805691900895908e-05,4.113453440368175507e-03,3.167421937178005464e-06,1.311221439391374588e-02
9.710724949836730957e-01,3.819238394498825073e-03,7.209060640889219940e-06,1.537895645014941692e-03,2.632571295180241577e-06,2.356052026152610779e-02
9.736012816429138184e-01,5.436814855784177780e-03,1.239231278304941952e-05,3.114484017714858055e-03,3.628565082181012258e-06,1.783138141036033630e-02
9.510655999183654785e-01,5.880017299205064774e-03,1.212374809256289154e-05,3.799896221607923508e-03,4.211463874526089057e-06,3.923819214105606079e-02
9.370169043540954590e-01,1.011387724429368973e-02,1.627230813028290868e-05,5.036562681198120117e-03,5.320335276337573305e-06,4.781093448400497437e-02
9.280295968055725098e-01,3.431549062952399254e-03,5.351447725843172520e-06,2.906883368268609047e-03,2.442661525492439978e-06,6.562429666519165039e-02
9.590408802032470703e-01,3.276442876085639000e-03,7.740516593912616372e-06,3.179801162332296371e-03,2.802937387968995608e-06,3.449222818017005920e-02
9.766016602516174316e-01,5.337387789040803909e-03,1.268966570933116600e-05,3.408011281862854958e-03,3.728371666511520743e-06,1.463659573346376419e-02
9.791008234024047852e-01,5.086556077003479004e-03,1.297426115343114361e-05,2.613482298329472542e-03,3.699187573147355579e-06,1.318246778100728989e-02
9.381192326545715332e-01,3.503912827000021935e-03,5.974150099063990638e-06,3.994210623204708099e-03,2.108331500494387001e-06,5.437450483441352844e-02
9.561765789985656738e-01,4.366673063486814499e-03,1.401078043272718787e-05,7.773686200380325317e-03,3.681812358991010115e-06,3.166537359356880188e-02
8.766263127326965332e-01,1.837084442377090454e-02,2.617814971017651260e-05,2.220453694462776184e-02,5.732157205784460530e-06,8.276628702878952026e-02
7.814726233482360840e-01,2.031528949737548828e-02,2.148715429939329624e-05,3.947480395436286926e-02,5.549421075556892902e-06,1.587100923061370850e-01
7.463519573211669922e-01,5.727005749940872192e-02,6.902211316628381610e-05,9.557569772005081177e-02,1.012171833281172439e-05,1.007231175899505615e-01
7.594919204711914062e-01,3.005117923021316528e-02,3.769695103983394802e-05,5.425362288951873779e-02,9.204407433571759611e-06,1.561564058065414429e-01
9.444375038146972656e-01,1.946143805980682373e-03,4.324330802774056792e-06,6.057602819055318832e-03,1.593837623659055680e-06,4.755295068025588989e-02
9.564350843429565430e-01,9.545646607875823975e-04,2.667581611603964120e-06,2.816998632624745369e-03,1.096165874514554162e-06,3.978957980871200562e-02
9.197528958320617676e-01,3.500801511108875275e-03,5.714990948035847396e-06,5.484594963490962982e-03,2.395640649410779588e-06,7.125360518693923950e-02
9.449701905250549316e-01,3.061519237235188484e-03,5.917383532505482435e-06,6.219112314283847809e-03,2.018159420913434587e-06,4.574120417237281799e-02
8.996027112007141113e-01,1.936091855168342590e-02,3.576870585675351322e-05,3.808892518281936646e-02,6.517750080092810094e-06,4.290514066815376282e-02
8.786123991012573242e-01,6.479795277118682861e-02,1.211671187775209546e-04,3.176550939679145813e-02,1.609763421583920717e-05,2.468683011829853058e-02
9.620451927185058594e-01,1.521107740700244904e-02,4.537424320005811751e-05,9.265176951885223389e-03,8.246228389907628298e-06,1.342486776411533356e-02
9.670511484146118164e-01,1.084254961460828781e-02,4.431140405358746648e-05,8.977712132036685944e-03,8.201101991289760917e-06,1.307616755366325378e-02
9.838716983795166016e-01,3.812771290540695190e-03,2.032939664786681533e-05,4.626559093594551086e-03,3.828946319117676467e-06,7.664782460778951645e-03
9.779223203659057617e-01,1.993393991142511368e-03,5.700544534192886204e-06,1.782987616024911404e-03,1.747567694110330194e-06,1.829391345381736755e-02
9.031796455383300781e-01,2.180271409451961517e-02,5.692355261999182403e-05,2.251690439879894257e-02,1.083759070752421394e-05,5.243287980556488037e-02
9.187263250350952148e-01,2.620865590870380402e-02,5.849132139701396227e-05,1.671770773828029633e-02,1.047627938532968983e-05,3.827834501862525940e-02
8.091967701911926270e-01,6.495699286460876465e-02,8.903676643967628479e-05,5.304688587784767151e-02,1.607163903827313334e-05,7.269426435232162476e-02
8.747544288635253906e-01,2.334234490990638733e-02,2.863402914954349399e-05,2.288983017206192017e-02,6.898465017002308741e-06,7.897788286209106445e-02
9.049831032752990723e-01,4.770406056195497513e-03,5.952831088507082313e-06,7.514083757996559143e-03,2.522915110603207722e-06,8.272387087345123291e-02
8.075404167175292969e-01,1.130893244408071041e-03,1.647707335905579384e-06,2.245659008622169495e-03,1.260179942619288340e-06,1.890800297260284424e-01
8.068439364433288574e-01,6.408298388123512268e-03,6.201842552400194108e-06,1.458210404962301254e-02,2.434803491269121878e-06,1.721571534872055054e-01
8.933399915695190430e-01,8.674564771354198456e-03,8.399465514230541885e-06,4.074996709823608398e-02,1.441566382709424943e-06,5.722555145621299744e-02
9.127158522605895996e-01,9.711168706417083740e-03,2.267829040647484362e-05,3.251875564455986023e-02,4.428342435858212411e-06,4.502711072564125061e-02
7.603867053985595703e-01,2.997456863522529602e-02,5.664471973432227969e-05,4.180262610316276550e-02,1.343037820333847776e-05,1.677660495042800903e-01
8.895166516304016113e-01,8.646530099213123322e-03,1.629614234843757004e-05,1.190469879657030106e-02,5.603530553344171494e-06,8.991020172834396362e-02
8.975785970687866211e-01,1.139342319220304489e-03,1.962202986760530621e-06,1.909278915263712406e-03,1.498620690654206555e-06,9.936933219432830811e-02
9.242773056030273438e-01,1.055059581995010376e-02,1.151128162746317685e-05,1.241234783083200455e-02,2.810477553794044070e-06,5.274536088109016418e-02
9.297124743461608887e-01,6.639524828642606735e-03,4.805439857591409236e-06,5.841745994985103607e-03,1.543668759040883742e-06,5.779991671442985535e-02
8.490978479385375977e-01,1.997341029345989227e-02,1.009038896881975234e-05,2.295577712357044220e-02,2.380644900767947547e-06,1.079604625701904297e-01
6.945789456367492676e-01,9.707170724868774414e-02,6.089904854889027774e-05,5.715349689126014709e-02,1.324295135418651626e-05,1.511217355728149414e-01
3.123285472393035889e-01,1.683241128921508789e-02,6.995428520895075053e-06,2.044122666120529175e-02,4.231093953421805054e-06,6.503865718841552734e-01
5.716206431388854980e-01,2.330916747450828552e-02,2.186993879149667919e-05,3.011006303131580353e-02,7.724704119027592242e-06,3.749306201934814453e-01
7.531711459159851074e-01,4.262323677539825439e-02,3.569582258933223784e-05,4.144974425435066223e-02,1.008924027701141313e-05,1.627099812030792236e-01
8.759557008743286133e-01,6.227832753211259842e-03,4.777387857757275924e-06,3.697355743497610092e-03,2.197526100644608960e-06,1.141121089458465576e-01
9.670586585998535156e-01,2.895633690059185028e-03,1.942830749612767249e-06,1.037571113556623459e-03,8.080592124315444380e-07,2.900540269911289215e-02
9.668173193931579590e-01,6.622006651014089584e-03,3.965424639318371192e-06,2.865225309506058693e-03,1.079384560398466419e-06,2.369052544236183167e-02
9.421601891517639160e-01,1.193903014063835144e-02,6.400550319085596129e-06,3.128835698589682579e-03,1.763565705914516002e-06,4.276377335190773010e-02
9.439638257026672363e-01,7.570844609290361404e-03,6.578798547707265243e-06,8.145651780068874359e-03,1.585372388035466429e-06,4.031161963939666748e-02
9.091041088104248047e-01,1.849320530891418457e-02,1.125199651141883805e-05,2.431246452033519745e-02,1.809585455703199841e-06,4.807715862989425659e-02
9.421002864837646484e-01,4.964606836438179016e-03,6.666994067927589640e-06,7.686551194638013840e-03,2.133577481799875386e-06,4.523974657058715820e-02
9.008439183235168457e-01,1.703081652522087097e-03,1.606961745892476756e-06,7.734701968729496002e-03,6.802396228522411548e-07,8.971606940031051636e-02
9.479748606681823730e-01,4.011773562524467707e-04,5.727646339437342249e-07,1.500639249570667744e-03,3.551828058334649540e-07,5.012240633368492126e-02
9.362339973449707031e-01,1.789977075532078743e-03,1.671408085712755565e-06,5.166862625628709793e-03,6.672869972135231365e-07,5.680681765079498291e-02
9.571133852005004883e-01,2.182561671361327171e-03,2.777086820060503669e-06,1.413832604885101318e-02,5.714192070627177600e-07,2.656245045363903046e-02
9.666920900344848633e-01,2.509189071133732796e-03,4.420538061822298914e-06,1.682479493319988251e-02,6.766570663785387296e-07,1.396874524652957916e-02
9.431563615798950195e-01,9.114654734730720520e-03,1.095563493436202407e-05,2.174407429993152618e-02,1.692049750090518501e-06,2.597234398126602173e-02
9.148313999176025391e-01,8.838444948196411133e-03,1.053835876518860459e-05,5.173947662115097046e-02,1.307399429606448393e-06,2.457871660590171814e-02
9.086397886276245117e-01,2.568580955266952515e-02,2.949240479210857302e-05,2.598007582128047943e-02,4.625881956599187106e-06,3.966021910309791565e-02
9.052819609642028809e-01,2.246366627514362335e-02,1.497118500992655754e-05,3.726607188582420349e-02,2.039576202150783502e-06,3.497124463319778442e-02
8.732153773307800293e-01,3.778362646698951721e-02,2.467172998876776546e-05,4.149946570396423340e-02,3.441720764385536313e-06,4.747343063354492188e-02
8.322390913963317871e-01,1.787830516695976257e-02,8.591948244429659098e-06,1.502598822116851807e-02,2.746214477156172507e-06,1.348451673984527588e-01
8.149268627166748047e-01,4.713174887001514435e-03,2.350038130316534080e-06,4.587217234075069427e-03,1.217236558659351431e-06,1.757691353559494019e-01
9.287269115447998047e-01,3.907018341124057770e-03,6.786967787775211036e-06,5.672254599630832672e-03,2.657670393091393635e-06,6.168437004089355469e-02
9.098287224769592285e-01,6.005364935845136642e-03,8.079840881691779941e-06,1.467351708561182022e-02,2.243358949272078462e-06,6.948213279247283936e-02
9.545894861221313477e-01,8.305569179356098175e-03,3.589617335819639266e-05,2.376985549926757812e-02,4.778726633958285674e-06,1.329449284821748734e-02
9.163480401039123535e-01,1.736710779368877411e-02,3.479713632259517908e-05,4.147357493638992310e-02,4.232573701301589608e-06,2.477224171161651611e-02
7.743478417396545410e-01,7.396309077739715576e-02,1.119334192480891943e-04,1.011657789349555969e-01,1.209626952913822606e-05,5.039912834763526917e-02
8.364444971084594727e-01,4.738477990031242371e-02,6.349972682073712349e-05,6.531231105327606201e-02,8.149836503434926271e-06,5.078673735260963440e-02
8.043708205223083496e-01,6.012300774455070496e-02,5.940760456724092364e-05,4.074923321604728699e-02,1.013804103422444314e-05,9.468731284141540527e-02
7.893596887588500977e-01,6.475616991519927979e-02,8.246597280958667397e-05,1.211904659867286682e-01,6.232659870875068009e-06,2.460496500134468079e-02
9.586495161056518555e-01,1.028141006827354431e-02,2.638592377479653805e-05,1.717683114111423492e-02,4.040242856717668474e-06,1.386179402470588684e-02
9.538276791572570801e-01,1.275246590375900269e-02,2.767032128758728504e-05,1.749317906796932220e-02,4.014343176095280796e-06,1.589504256844520569e-02
9.577549695968627930e-01,1.306928321719169617e-02,4.936601544613949955e-05,1.271012425422668457e-02,8.206033271562773734e-06,1.640812307596206665e-02
9.901350140571594238e-01,7.034291047602891922e-04,6.323457455437164754e-06,9.123716154135763645e-04,2.316608743058168329e-06,8.240425959229469299e-03
8.962776660919189453e-01,5.935736116953194141e-04,1.259505324924248271e-06,5.477461381815373898e-04,9.208597475662827492e-07,1.025787219405174255e-01
9.041561484336853027e-01,1.559422351419925690e-03,2.353579475311562419e-06,1.973414560779929161e-03,1.484909375903953332e-06,9.230715781450271606e-02
7.760857343673706055e-01,1.354550477117300034e-03,1.039356448018224910e-06,2.316720783710479736e-03,6.726986612193286419e-07,2.202414274215698242e-01
8.939596414566040039e-01,2.823050599545240402e-03,2.224624722657608800e-06,9.936370886862277985e-03,7.744288836875057314e-07,9.327791631221771240e-02
9.265159964561462402e-01,3.755945013836026192e-03,2.665279225766425952e-06,1.664139702916145325e-02,5.428508984550717287e-07,5.308345705270767212e-02
9.194850325584411621e-01,4.016139544546604156e-03,4.252194230502936989e-06,1.055999379605054855e-02,1.241627273884660099e-06,6.593332439661026001e-02
7.773185372352600098e-01,2.091532945632934570e-02,1.088038061425322667e-05,1.483680494129657745e-02,4.000218268629396334e-06,1.869144886732101440e-01
6.344242095947265625e-01,4.621698334813117981e-02,3.816000389633700252e-05,1.452359277755022049e-02,1.399814755131956190e-05,3.047830462455749512e-01
5.946978330612182617e-01,1.569522172212600708e-01,1.208642643177881837e-04,2.275956422090530396e-02,3.188258415320888162e-05,2.254376560449600220e-01
5.097591876983642578e-01,3.367303609848022461e-01,5.040437681600451469e-04,9.467655420303344727e-02,4.114281182410195470e-05,5.828876793384552002e-02
8.276832699775695801e-01,1.134860664606094360e-01,2.388607535976916552e-04,2.594676800072193146e-02,2.907877751567866653e-05,3.261590749025344849e-02
8.603237271308898926e-01,6.879511475563049316e-02,1.032437576213851571e-04,4.153115302324295044e-02,1.136335140472510830e-05,2.923535928130149841e-02
8.394050002098083496e-01,4.455007240176200867e-02,5.554591552936471999e-05,5.046182498335838318e-02,8.650924428366124630e-06,6.551893800497055054e-02
6.985675096511840820e-01,1.438378542661666870e-01,1.293658133363351226e-04,6.332811713218688965e-02,1.885041456262115389e-05,9.411842375993728638e-02
5.751348733901977539e-01,2.702411115169525146e-01,2.179640141548588872e-04,9.569671750068664551e-02,1.907733167172409594e-05,5.869027599692344666e-02
6.437868475914001465e-01,2.689070105552673340e-01,4.336883139330893755e-04,6.018829718232154846e-02,3.796263627009466290e-05,2.664608880877494812e-02
8.265913128852844238e-01,1.237536445260047913e-01,1.695684622973203659e-04,2.393024042248725891e-02,1.937586603162344545e-05,2.553582191467285156e-02
9.006755352020263672e-01,6.889396905899047852e-02,5.059901377535425127e-05,6.152702029794454575e-03,9.121335097006522119e-06,2.421812340617179871e-02
9.247595667839050293e-01,2.551585435867309570e-02,1.575501664774492383e-05,3.969654440879821777e-03,5.014318958274088800e-06,4.573424160480499268e-02
9.010673165321350098e-01,3.256762772798538208e-02,1.960946246981620789e-05,1.001424994319677353e-02,5.025427981308894232e-06,5.632609128952026367e-02
7.303453087806701660e-01,1.175717413425445557e-01,6.207462865859270096e-05,1.023345068097114563e-01,5.382734798331512138e-06,4.968098923563957214e-02
7.691921591758728027e-01,7.445140928030014038e-02,9.057335410034283996e-05,1.249571219086647034e-01,7.845946129236835986e-06,3.130077198147773743e-02
5.594627261161804199e-01,1.662201136350631714e-01,2.126314793713390827e-04,2.437849044799804688e-01,1.434190380678046495e-05,3.030524402856826782e-02
7.975662350654602051e-01,7.206241786479949951e-02,7.012232526903972030e-05,8.776266127824783325e-02,7.448173619195586070e-06,4.253110289573669434e-02
7.586038112640380859e-01,1.195497214794158936e-01,2.216524153482168913e-04,1.075892150402069092e-01,1.520553450973238796e-05,1.402036566287279129e-02
8.664685487747192383e-01,5.129011720418930054e-02,9.956625581253319979e-05,5.847730115056037903e-02,1.162802072940394282e-05,2.365276589989662170e-02
9.669424891471862793e-01,8.113264106214046478e-03,2.622399006213527173e-05,8.330327458679676056e-03,5.656259872921509668e-06,1.658189855515956879e-02
9.670113921165466309e-01,4.499654285609722137e-03,1.234195678989635780e-05,1.008454058319330215e-02,2.706306531763402745e-06,1.838946714997291565e-02
9.583839178085327148e-01,7.539156358689069748e-04,2.183491005780524574e-06,1.649997313506901264e-03,1.113908524530415889e-06,3.920886665582656860e-02
9.325042963027954102e-01,6.529255770146846771e-04,1.092356797016691417e-06,3.714874386787414551e-03,4.684402199472970096e-07,6.312632560729980469e-02
9.084966182708740234e-01,8.518739603459835052e-03,8.098631042230408639e-06,7.612136658281087875e-03,2.118589918609359302e-06,7.536220550537109375e-02
8.789107203483581543e-01,2.058998495340347290e-02,1.233582315762760118e-05,7.210356183350086212e-03,3.153472789563238621e-06,9.327343106269836426e-02
8.618398904800415039e-01,5.866963788866996765e-02,4.652257484849542379e-05,2.585377730429172516e-02,6.876413408463122323e-06,5.358342826366424561e-02
7.379339337348937988e-01,1.497239470481872559e-01,1.226187159772962332e-04,5.494936555624008179e-02,1.320204046351136640e-05,5.725691094994544983e-02
9.140833616256713867e-01,2.117542177438735962e-02,2.074614894809201360e-05,1.001119893044233322e-02,4.521406026469776407e-06,5.470497906208038330e-02
8.928150534629821777e-01,6.425408646464347839e-03,1.306803460465744138e-05,8.549973368644714355e-03,4.246504431648645550e-06,9.219225496053695679e-02
9.536092877388000488e-01,8.945596404373645782e-03,2.728115941863507032e-05,6.964642088860273361e-03,6.220572231541154906e-06,3.044687584042549133e-02
9.383188486099243164e-01,2.074216865003108978e-02,7.670701597817242146e-05,6.856178864836692810e-03,1.597363370819948614e-05,3.398995846509933472e-02
9.218263626098632812e-01,2.951086312532424927e-02,5.573792441282421350e-05,5.948381498456001282e-03,1.357206292595947161e-05,4.264513775706291199e-02
9.292922616004943848e-01,3.563307598233222961e-02,7.554990588687360287e-05,1.050053630024194717e-02,1.488244924985338002e-05,2.448379807174205780e-02
8.750701546669006348e-01,7.885040342807769775e-02,1.544143306091427803e-04,2.435690723359584808e-02,2.140463038813322783e-05,2.154680900275707245e-02
9.321493506431579590e-01,1.219060830771923065e-02,1.743858047120738775e-05,1.007540524005889893e-02,4.541933776636142284e-06,4.556253179907798767e-02
8.681780695915222168e-01,4.868646711111068726e-02,6.955929711693897843e-05,4.824352264404296875e-02,9.946037607733160257e-06,3.481249511241912842e-02
6.519045829772949219e-01,1.396441161632537842e-01,1.200974511448293924e-04,1.161290705204010010e-01,1.580711250426247716e-05,9.218636900186538696e-02
6.105124950408935547e-01,1.658579409122467041e-01,1.161750842584297061e-04,1.744539290666580200e-01,8.823779353406280279e-06,4.905072599649429321e-02
8.237262368202209473e-01,3.262672945857048035e-02,3.006725455634295940e-05,4.283880069851875305e-02,5.899221378058427945e-06,1.007722690701484680e-01
6.210303902626037598e-01,9.704108536243438721e-02,7.096042099874466658e-05,2.208541184663772583e-01,5.672739462170284241e-06,6.099770590662956238e-02
7.786871790885925293e-01,5.112178251147270203e-02,6.974283314775675535e-05,9.822250902652740479e-02,8.154109309543855488e-06,7.189062982797622681e-02
5.571500062942504883e-01,2.695195972919464111e-01,3.127714735455811024e-04,1.227891743183135986e-01,3.004495010827668011e-05,5.019851401448249817e-02
3.003058433532714844e-01,4.405818879604339600e-01,4.305383481550961733e-04,2.434462308883666992e-01,1.753327705955598503e-05,1.521802414208650589e-02
3.651744127273559570e-01,3.961417675018310547e-01,1.969357399502769113e-04,1.775370687246322632e-01,1.477114619774511084e-05,6.093513965606689453e-02
4.312857091426849365e-01,2.988341450691223145e-01,9.573419083608314395e-05,1.443680822849273682e-01,1.004075875243870541e-05,1.254062801599502563e-01
6.613736748695373535e-01,2.198948152363300323e-02,7.327733328565955162e-06,2.539242431521415710e-02,2.039524133579107001e-06,2.912349998950958252e-01
7.413649559020996094e-01,1.260951440781354904e-02,6.788560312998015434e-06,9.466723352670669556e-02,1.214497956425475422e-06,1.513502895832061768e-01
8.655798435211181641e-01,5.224103108048439026e-03,6.998359822318889201e-06,1.620153896510601044e-02,2.364133479204610921e-06,1.129851415753364563e-01
9.034508466720581055e-01,6.666744127869606018e-03,1.877064096333924681e-05,4.863973706960678101e-02,3.384812544027226977e-06,4.122053086757659912e-02
8.758812546730041504e-01,3.001711796969175339e-03,4.526984412223100662e-06,9.751569479703903198e-03,1.556102006361470558e-06,1.113594397902488708e-01
9.047696590423583984e-01,5.737890023738145828e-03,7.468820513167884201e-06,1.920249499380588531e-02,2.024216655627242289e-06,7.028044760227203369e-02
9.224107265472412109e-01,1.819639699533581734e-03,3.580724069252028130e-06,3.004837548360228539e-03,1.698601181487902068e-06,7.275945693254470825e-02
9.373584985733032227e-01,1.814127201214432716e-03,2.464037152094533667e-06,2.342582680284976959e-03,1.331925773229158949e-06,5.848099291324615479e-02
6.367875337600708008e-01,4.931357107125222683e-04,4.918797458230983466e-07,1.222920604050159454e-03,4.384659746392571833e-07,3.614954948425292969e-01
8.568971157073974609e-01,2.077242825180292130e-04,2.644241590132878628e-07,1.116233994252979755e-03,1.814456567217348493e-07,1.417783796787261963e-01
8.962601423263549805e-01,3.334603388793766499e-04,5.072897693025879562e-07,1.488673384301364422e-03,3.641539194632059662e-07,1.019168645143508911e-01
7.025119662284851074e-01,9.038794669322669506e-04,7.636617169737291988e-07,1.850723056122660637e-03,5.732995873586332891e-07,2.947321236133575439e-01
8.719967007637023926e-01,6.466433405876159668e-03,7.928235390863846987e-06,1.717999391257762909e-02,2.175805320803192444e-06,1.043467670679092407e-01
8.969114422798156738e-01,1.683438755571842194e-02,1.673988845141138881e-05,2.349385246634483337e-02,3.339622935527586378e-06,6.274024397134780884e-02
9.283161163330078125e-01,9.524603374302387238e-03,1.299036102864192799e-05,9.875061921775341034e-03,3.469109742582077160e-06,5.226772651076316833e-02
9.431434273719787598e-01,2.049642149358987808e-03,2.914587639679666609e-06,3.152857534587383270e-03,1.113334178626246285e-06,5.165011063218116760e-02
8.955357670783996582e-01,8.999804849736392498e-04,7.270723472174722701e-07,9.821307612583041191e-04,5.545451244870491792e-07,1.025808453559875488e-01
9.302378892898559570e-01,4.441625205799937248e-04,5.476429691952944268e-07,2.521529968362301588e-04,5.196934580453671515e-07,6.906466186046600342e-02
8.766137361526489258e-01,7.213358301669359207e-03,8.029324817471206188e-06,3.877344075590372086e-03,3.324393674120074138e-06,1.122841015458106995e-01
9.190348982810974121e-01,2.204955928027629852e-02,3.755509169423021376e-05,1.508201844990253448e-02,8.323443580593448132e-06,4.378757625818252563e-02
9.093174338340759277e-01,1.882228627800941467e-02,4.627321686712093651e-05,2.733407914638519287e-02,7.675610504520591348e-06,4.447217285633087158e-02
8.930563926696777344e-01,1.676207035779953003e-02,7.178345549618825316e-05,6.475000828504562378e-02,9.228783710568677634e-06,2.535055577754974365e-02
9.033851623535156250e-01,1.010354328900575638e-02,2.873045741580426693e-05,4.403562843799591064e-02,4.756458565680077299e-06,4.244209825992584229e-02
9.347105026245117188e-01,2.668963372707366943e-02,7.234035729197785258e-05,1.575941406190395355e-02,1.275228169106412679e-05,2.275530435144901276e-02
9.420492053031921387e-01,2.563098073005676270e-02,9.791062620934098959e-05,1.114314049482345581e-02,1.975825216504745185e-05,2.105888351798057556e-02
9.475082755088806152e-01,1.952785998582839966e-02,8.716276352060958743e-05,7.487013004720211029e-03,2.337877958780154586e-05,2.536621131002902985e-02
9.727110862731933594e-01,3.947646357119083405e-03,1.663925104367081076e-05,1.835944247432053089e-03,6.084843789722071961e-06,2.148269116878509521e-02
9.854518771171569824e-01,4.522872040979564190e-04,1.687845269771059975e-06,6.034802063368260860e-04,9.096094117921893485e-07,1.348981540650129318e-02
9.944233298301696777e-01,4.538859357126057148e-04,2.164767465728800744e-06,4.313596000429242849e-04,7.713881586823845282e-07,4.688452463597059250e-03
9.958642721176147461e-01,3.408293705433607101e-04,1.825257413656800054e-06,7.536414195783436298e-04,4.932626325171440840e-07,3.039072966203093529e-03
9.926471710205078125e-01,3.937716828659176826e-04,3.116039124506642111e-06,8.888053125701844692e-04,1.080361357708170544e-06,6.066130474209785461e-03
9.836061000823974609e-01,1.256068935617804527e-03,8.014413651835639030e-06,3.395661478862166405e-03,2.126108938682591543e-06,1.173204369843006134e-02
9.709106683731079102e-01,2.640638500452041626e-03,8.420848644163925201e-06,8.115631528198719025e-03,1.916124801937257871e-06,1.832259632647037506e-02
9.774887561798095703e-01,1.505741500295698643e-03,2.956112439278513193e-06,5.458166822791099548e-03,6.954115860935417004e-07,1.554367970675230026e-02
9.817874431610107422e-01,1.211353461258113384e-03,2.119051259796833619e-06,3.182212356477975845e-03,5.933565603299939539e-07,1.381628401577472687e-02
9.844816923141479492e-01,9.715479100123047829e-04,2.318120095878839493e-06,2.787425881251692772e-03,5.637922413370688446e-07,1.175650488585233688e-02
9.762668609619140625e-01,3.086308715865015984e-04,8.501858133058703970e-07,1.117507228627800941e-03,3.760911795325228013e-07,2.230584993958473206e-02
9.632458090782165527e-01,7.928133709356188774e-04,2.421777253402979113e-06,3.293646732345223427e-03,8.639049724479264114e-07,3.266446664929389954e-02
9.224667549133300781e-01,3.598864423111081123e-03,8.717009222891647369e-06,2.037898823618888855e-02,2.098096047120634466e-06,5.354458466172218323e-02
8.787223696708679199e-01,2.269878750666975975e-03,2.836974772435496561e-06,4.121679347008466721e-03,1.407399622621596791e-06,1.148819401860237122e-01
9.175606966018676758e-01,2.601749030873179436e-03,3.482021156742121093e-06,5.533411167562007904e-03,1.367166419186105486e-06,7.429929822683334351e-02
9.334182143211364746e-01,8.572010556235909462e-04,1.901593918773869518e-06,3.103180788457393646e-03,7.871082061683409847e-07,6.261867284774780273e-02
9.294947981834411621e-01,8.334086160175502300e-04,1.680680156823655125e-06,1.955474028363823891e-03,8.698481792634993326e-07,6.771384179592132568e-02
9.593347311019897461e-01,3.098701999988406897e-04,1.409216338288388215e-06,8.410579757764935493e-04,8.625324312561133411e-07,3.951206058263778687e-02
9.436562061309814453e-01,9.645562386140227318e-04,4.319010713516036049e-06,1.641123904846608639e-03,2.581538410595385358e-06,5.373128131031990051e-02
8.540565371513366699e-01,1.766707864589989185e-03,8.147858352458570153e-06,2.385690109804272652e-03,5.157191026228247210e-06,1.417777389287948608e-01
8.189698457717895508e-01,1.483835512772202492e-03,2.713153207878349349e-06,1.305532408878207207e-03,2.201136112489621155e-06,1.782358586788177490e-01
8.469519019126892090e-01,1.428524730727076530e-03,2.651639533723937348e-06,2.751168794929981232e-03,1.648698230383160990e-06,1.488640755414962769e-01
8.663056492805480957e-01,1.129866344854235649e-03,1.225817982231092174e-06,2.405737759545445442e-03,9.810285064304480329e-07,1.301565617322921753e-01
7.755537629127502441e-01,3.285808779764920473e-04,3.506776238282327540e-07,1.193432486616075039e-03,3.731605318080255529e-07,2.229234427213668823e-01
7.975945472717285156e-01,2.131756627932190895e-03,1.114905558097234461e-06,5.401402711868286133e-03,6.421300895453896374e-07,1.948704272508621216e-01
8.044470548629760742e-01,8.032667101360857487e-04,8.288469075523607899e-07,3.942702431231737137e-03,5.407042067417933140e-07,1.908055990934371948e-01
9.319198727607727051e-01,7.143604452721774578e-04,1.235204194927064236e-06,2.837011590600013733e-03,6.546895860992663074e-07,6.452693045139312744e-02
9.326426982879638672e-01,2.143436810001730919e-03,5.465273261506808922e-06,3.948974423110485077e-03,2.284722768308711238e-06,6.125709041953086853e-02
9.659748673439025879e-01,6.833771709352731705e-03,3.063338226638734341e-05,4.724926315248012543e-03,7.663597898499574512e-06,2.242801710963249207e-02
9.768186807632446289e-01,8.844329975545406342e-03,3.863574602291919291e-05,3.165293717756867409e-03,7.598381216666894034e-06,1.112546678632497787e-02
9.571042060852050781e-01,1.699214056134223938e-02,4.673961666412651539e-05,7.219645660370588303e-03,8.533170330338180065e-06,1.862858980894088745e-02
9.023759961128234863e-01,4.494810476899147034e-02,7.034657755866646767e-05,2.301522716879844666e-02,9.984718417399562895e-06,2.958029136061668396e-02
9.507040977478027344e-01,4.885341506451368332e-03,1.328966027358546853e-05,2.170363441109657288e-02,2.113225491484627128e-06,2.269142866134643555e-02
8.875463604927062988e-01,5.390895530581474304e-03,1.564386184327304363e-05,7.841479778289794922e-02,1.886505060610943474e-06,2.863037772476673126e-02
7.731971144676208496e-01,2.169884182512760162e-02,4.740371150546707213e-05,1.699088960886001587e-01,3.802453193202381954e-06,3.514403104782104492e-02
8.852677941322326660e-01,1.635929383337497711e-02,6.678337376797571778e-05,7.817020267248153687e-02,7.104129053914221004e-06,2.012886665761470795e-02
9.475795626640319824e-01,6.136451382189989090e-03,1.726299160509370267e-05,1.386548392474651337e-02,3.388047616681433283e-06,3.239782154560089111e-02
9.294697046279907227e-01,7.525104563683271408e-03,1.651124512136448175e-05,5.362040363252162933e-03,5.977222826913930476e-06,5.762073770165443420e-02
8.790478706359863281e-01,2.917903708294034004e-03,1.017616341414395720e-05,1.890114624984562397e-03,5.904926638322649524e-06,1.161281093955039978e-01
9.116171598434448242e-01,9.376527741551399231e-03,2.243508060928434134e-05,4.220534116029739380e-03,1.002193221211200580e-05,7.475336641073226929e-02
8.962774276733398438e-01,1.294686645269393921e-02,3.329361061332747340e-05,4.627781454473733902e-03,1.315052941208705306e-05,8.610142022371292114e-02
8.948032855987548828e-01,5.093396827578544617e-02,1.099631990655325353e-04,2.584719285368919373e-02,1.684967719484120607e-05,2.828878909349441528e-02
9.324392676353454590e-01,4.461111873388290405e-02,8.369018178200349212e-05,1.426736079156398773e-02,9.886476618703454733e-06,8.588696829974651337e-03
9.602831006050109863e-01,2.056882157921791077e-02,3.365038719493895769e-05,9.795377030968666077e-03,4.234474545228295028e-06,9.314836934208869934e-03
8.113184571266174316e-01,9.092704206705093384e-02,8.855946362018585205e-05,7.786285877227783203e-02,7.443063168466323987e-06,1.979561150074005127e-02
8.805551528930664062e-01,4.217926785349845886e-02,3.778342215809971094e-05,5.626170709729194641e-02,3.267327883804682642e-06,2.096274308860301971e-02
5.699029564857482910e-01,1.612734943628311157e-01,1.729294017422944307e-04,2.494370788335800171e-01,9.907244020723737776e-06,1.920358277857303619e-02
4.849077463150024414e-01,9.799028933048248291e-02,1.192594645544886589e-04,3.994265794754028320e-01,6.006647254253039137e-06,1.755010709166526794e-02
7.785413861274719238e-01,2.595705911517143250e-02,4.346163768786936998e-05,1.294794827699661255e-01,5.566072104556951672e-06,6.597317010164260864e-02
8.036693334579467773e-01,2.257547527551651001e-02,4.256077227182686329e-05,1.801891252398490906e-02,1.544464066682849079e-05,1.556783616542816162e-01
7.382171750068664551e-01,5.861708894371986389e-03,8.447117579635232687e-06,1.456296350806951523e-02,3.281351155237643979e-06,2.413464039564132690e-01
8.324924111366271973e-01,1.941160531714558601e-03,2.454953119013225660e-06,4.232763778418302536e-03,1.526098344584170263e-06,1.613297760486602783e-01
9.447141289710998535e-01,6.120276171714067459e-03,1.338875154033303261e-05,7.828303612768650055e-03,3.992797246610280126e-06,4.131992533802986145e-02
9.591180682182312012e-01,2.066372195258736610e-03,4.940052804158767685e-06,1.017691567540168762e-02,1.142598080150492024e-06,2.863254025578498840e-02
9.238291382789611816e-01,3.033251268789172173e-03,4.173523393546929583e-06,2.106752991676330566e-02,8.631052423879737034e-07,5.206488445401191711e-02
9.457010030746459961e-01,2.574421698227524757e-03,3.828036369668552652e-06,1.543016545474529266e-02,7.902334004938893486e-07,3.628988564014434814e-02
8.998484611511230469e-01,5.992687772959470749e-03,3.142016339552355930e-06,1.247813086956739426e-02,8.276290941466868389e-07,8.167676627635955811e-02
9.013763666152954102e-01,2.464515855535864830e-03,1.203697138407733291e-06,6.485324352979660034e-03,5.001994054509850685e-07,8.967210352420806885e-02
9.353659749031066895e-01,2.760623116046190262e-03,1.758995153977593873e-06,6.425512954592704773e-03,5.889581302653823514e-07,5.544557049870491028e-02
9.488899111747741699e-01,4.328880924731492996e-03,5.955555934633594006e-06,7.760220672935247421e-03,1.550763386148901191e-06,3.901341930031776428e-02
9.551615715026855469e-01,5.998991429805755615e-03,1.727440030663274229e-05,2.473803237080574036e-02,2.125937726304982789e-06,1.408187579363584518e-02
8.222100734710693359e-01,4.267880693078041077e-02,5.138976484886370599e-05,1.150951981544494629e-01,3.610561407185741700e-06,1.996100135147571564e-02
8.326382637023925781e-01,3.539268672466278076e-02,4.176534639555029571e-05,2.292797528207302094e-02,6.846034466434502974e-06,1.089925095438957214e-01
8.744468688964843750e-01,3.069799207150936127e-02,3.510407259454950690e-05,4.594236984848976135e-02,4.314953457651427016e-06,4.887343943119049072e-02
8.888956904411315918e-01,1.446334458887577057e-02,1.300017447647405788e-05,2.255754917860031128e-02,2.355777951379423030e-06,7.406805455684661865e-02
8.963727951049804688e-01,6.690393667668104172e-03,1.215375868923729286e-05,1.292998064309358597e-02,3.314237801532726735e-06,8.399136364459991455e-02
8.208552002906799316e-01,2.749058883637189865e-03,1.840702793742821086e-06,7.805570960044860840e-03,7.805681434547295794e-07,1.685875505208969116e-01
8.704836368560791016e-01,9.674286120571196079e-04,8.947856713348301128e-07,4.913961514830589294e-03,5.083502969682740513e-07,1.236335560679435730e-01
8.898427486419677734e-01,7.045104284770786762e-04,8.963488653535023332e-07,1.434057019650936127e-03,6.186543828334833961e-07,1.080172657966613770e-01
9.461176395416259766e-01,1.984900591196492314e-04,3.613589854012388969e-07,8.678167941980063915e-04,2.708380009153188439e-07,5.281551554799079895e-02
9.779084324836730957e-01,7.741640729364007711e-05,3.101741299360583071e-07,3.680710506159812212e-04,1.896776069543193444e-07,2.164555899798870087e-02
9.747698307037353516e-01,8.256853325292468071e-04,4.025780981464777142e-06,3.187929280102252960e-03,1.380079766022390686e-06,2.121114544570446014e-02
9.702510237693786621e-01,3.040706971660256386e-03,1.000853808363899589e-05,9.451237507164478302e-03,2.180355522796162404e-06,1.724475249648094177e-02
7.386482954025268555e-01,3.266213461756706238e-02,7.042962533887475729e-05,2.095122188329696655e-01,5.103987859911285341e-06,1.910172402858734131e-02
7.560569643974304199e-01,6.791083514690399170e-02,1.345798082184046507e-04,1.445644199848175049e-01,1.208608136948896572e-05,3.132113441824913025e-02
8.346087336540222168e-01,3.724205866456031799e-02,8.963287837104871869e-05,6.119343265891075134e-02,1.419510590494610369e-05,6.685187667608261108e-02
9.061563014984130859e-01,6.439965218305587769e-03,2.084964216919615865e-05,9.087716229259967804e-03,6.203038992680376396e-06,7.828897237777709961e-02
9.389336705207824707e-01,1.307514496147632599e-03,6.887479685246944427e-06,9.307675645686686039e-04,4.466812697501154616e-06,5.881650000810623169e-02
9.477728009223937988e-01,2.718587056733667850e-04,2.814653953464585356e-06,6.473361863754689693e-04,1.950829300767509267e-06,5.130331590771675110e-02
9.634558558464050293e-01,1.714498386718332767e-03,1.049487582349684089e-05,6.618549115955829620e-03,2.999963726324494928e-06,2.819770202040672302e-02
9.197718501091003418e-01,1.058152783662080765e-02,1.835465627664234489e-05,2.827946096658706665e-02,3.178711040163761936e-06,4.134561493992805481e-02
9.153266549110412598e-01,2.033790946006774902e-02,3.786078013945370913e-05,3.351755067706108093e-02,5.503771717485506088e-06,3.077459521591663361e-02
8.778439164161682129e-01,2.696610800921916962e-02,3.979374014306813478e-05,6.429211795330047607e-02,5.005871571484021842e-06,3.085316903889179230e-02
9.496099948883056641e-01,5.767318420112133026e-03,1.094611616281326860e-05,8.198907598853111267e-03,2.945020014522015117e-06,3.640988841652870178e-02
9.539297223091125488e-01,5.400811322033405304e-03,1.059603346220683306e-05,3.731465665623545647e-03,3.829213255812646821e-06,3.692353144288063049e-02
9.763529896736145020e-01,1.090446021407842636e-03,3.581702003430109471e-06,2.392623806372284889e-03,1.210644427374063525e-06,2.015918679535388947e-02
9.670941829681396484e-01,4.734695539809763432e-04,1.065980768544250168e-06,1.388232922181487083e-03,4.481191524519090308e-07,3.104255162179470062e-02
9.865673780441284180e-01,5.843049730174243450e-04,2.111373078150791116e-06,9.211336146108806133e-04,6.831529049122764263e-07,1.192443724721670151e-02
9.892572760581970215e-01,1.687118638074025512e-04,1.038252321450272575e-06,3.128912067040801048e-04,5.298996370584063698e-07,1.025954820215702057e-02
9.875248670578002930e-01,4.530987935140728951e-04,4.074912794749252498e-06,1.772740972228348255e-03,1.221417051056050695e-06,1.024395506829023361e-02
9.880276918411254883e-01,7.817395380698144436e-04,6.710416073474334553e-06,1.180554158054292202e-03,2.293203124281717464e-06,1.000111922621726990e-02
9.892389774322509766e-01,5.578203708864748478e-04,4.345346951595274732e-06,1.789101748727262020e-03,1.180020717583829537e-06,8.408618159592151642e-03
9.875121712684631348e-01,6.664181128144264221e-04,7.030113920336589217e-06,2.935013733804225922e-03,1.949940497070201673e-06,8.877291344106197357e-03
9.753182530403137207e-01,1.653897576034069061e-03,7.116982033039676026e-06,2.925628097727894783e-03,2.320637577213346958e-06,2.009284123778343201e-02
9.753885865211486816e-01,4.378919024020433426e-03,2.318939004908315837e-05,7.011715322732925415e-03,4.879021616943646222e-06,1.319268997758626938e-02
9.452966451644897461e-01,9.308550506830215454e-03,3.989048127550631762e-05,1.968435756862163544e-02,8.040270586207043380e-06,2.566242776811122894e-02
9.168630838394165039e-01,1.463179662823677063e-02,3.356604429427534342e-05,3.086763434112071991e-02,6.026542905601672828e-06,3.759786859154701233e-02
8.734291791915893555e-01,2.959133684635162354e-02,7.373803964583203197e-05,3.278670459985733032e-02,1.811241781979333609e-05,6.410090625286102295e-02
8.305544257164001465e-01,2.830274403095245361e-02,5.753817094955593348e-05,3.056703694164752960e-02,1.829043321777135134e-05,1.105000004172325134e-01
9.258919358253479004e-01,1.959829963743686676e-02,4.451485438039526343e-05,1.015619840472936630e-02,1.166394849860807881e-05,4.429747909307479858e-02
9.634037613868713379e-01,1.254588738083839417e-02,4.999173324904404581e-05,8.527220226824283600e-03,9.518714250589255244e-06,1.546359900385141373e-02
8.378449082374572754e-01,8.326660841703414917e-02,1.458477636333554983e-04,2.281250432133674622e-02,2.547522854001726955e-05,5.590458959341049194e-02
9.568588137626647949e-01,1.273802015930414200e-02,3.995462247985415161e-05,4.172961227595806122e-03,1.216677537740906700e-05,2.617799863219261169e-02
9.648405909538269043e-01,9.780574589967727661e-03,3.756367004825733602e-05,3.519651945680379868e-03,1.108198557631112635e-05,2.181047201156616211e-02
9.713507294654846191e-01,9.093278087675571442e-03,4.436949166120029986e-05,4.145119339227676392e-03,1.047211389959556982e-05,1.535611413419246674e-02
9.876943826675415039e-01,2.281024120748043060e-03,1.833208261814434081e-05,2.714245812967419624e-03,4.022452685603639111e-06,7.288054097443819046e-03
9.866741895675659180e-01,9.431795915588736534e-04,1.323101969319395721e-05,2.896316349506378174e-03,3.717122581292642280e-06,9.469384327530860901e-03
9.869149327278137207e-01,1.001936965622007847e-03,1.585924292157869786e-05,3.054775297641754150e-03,4.420081040734658018e-06,9.008064866065979004e-03
9.625312685966491699e-01,2.890894422307610512e-03,3.601703429012559354e-05,2.415509894490242004e-02,5.381192295317305252e-06,1.038134284317493439e-02
9.549820423126220703e-01,5.348474252969026566e-03,6.077370926504954696e-05,3.007669746875762939e-02,7.984755939105525613e-06,9.524071589112281799e-03
9.754379391670227051e-01,3.226373344659805298e-03,4.370760507299564779e-05,1.595113426446914673e-02,5.761626198363956064e-06,5.335080903023481369e-03
9.617081284523010254e-01,3.784315194934606552e-03,3.516813740134239197e-05,2.149378508329391479e-02,4.944637566950405017e-06,1.297363452613353729e-02
9.846507310867309570e-01,1.091995509341359138e-03,7.105776603566482663e-06,4.812865518033504486e-03,1.687465783106745221e-06,9.435605257749557495e-03
9.808863997459411621e-01,1.202580868266522884e-03,9.035292350745294243e-06,5.601129960268735886e-03,2.230436166428262368e-06,1.229867152869701385e-02
9.793066978454589844e-01,3.132369369268417358e-03,2.388707616773899645e-05,6.504982244223356247e-03,5.180491825740318745e-06,1.102685462683439255e-02
9.732002019882202148e-01,6.839131005108356476e-03,4.162160257692448795e-05,1.182340085506439209e-02,6.648262569797225296e-06,8.088967762887477875e-03
8.798859119415283203e-01,5.314405262470245361e-02,2.182176976930350065e-04,5.413284897804260254e-02,2.343925370951183140e-05,1.259558834135532379e-02
8.982848525047302246e-01,4.616166278719902039e-02,9.694229083834215999e-05,3.198028355836868286e-02,1.415889437339501455e-05,2.346218936145305634e-02
9.330420494079589844e-01,1.755328103899955750e-02,2.824371767928823829e-05,3.124811127781867981e-02,3.730160415216232650e-06,1.812446862459182739e-02
9.341939687728881836e-01,1.104299630969762802e-02,1.589393832546193153e-05,3.210828080773353577e-02,2.316599420737475157e-06,2.263638190925121307e-02
9.210513830184936523e-01,3.296312410384416580e-03,2.685064373508794233e-06,1.492448244243860245e-02,7.324564990085491445e-07,6.072433665394783020e-02
9.212390780448913574e-01,2.460138639435172081e-03,1.846959435169992503e-06,1.190118025988340378e-02,5.087802037451183423e-07,6.439703702926635742e-02
9.602208137512207031e-01,1.091293641366064548e-03,1.855551886364992242e-06,3.612591419368982315e-03,7.008201237113098614e-07,3.507271409034729004e-02
8.893439769744873047e-01,6.367955356836318970e-03,6.423906143027124926e-06,3.273765556514263153e-03,3.124143631794140674e-06,1.010047718882560730e-01
9.007486104965209961e-01,4.283179063349962234e-03,8.925986549002118409e-06,1.056505367159843445e-03,5.345761564967688173e-06,9.389741718769073486e-02
9.608875513076782227e-01,4.128059837967157364e-03,1.342930954706389457e-05,9.691785671748220921e-04,7.009406544966623187e-06,3.399478644132614136e-02
9.664412736892700195e-01,6.168617401272058487e-03,2.426991522952448577e-05,1.944584189914166927e-03,8.559316484024748206e-06,2.541264146566390991e-02
9.846358299255371094e-01,1.923292875289916992e-03,1.588459417689591646e-05,7.741518202237784863e-04,6.745417067577363923e-06,1.264420337975025177e-02
9.828715324401855469e-01,2.596437698230147362e-03,2.604931250971276313e-05,4.304807167500257492e-03,5.587863142864080146e-06,1.019550953060388565e-02
9.636119008064270020e-01,8.892404846847057343e-03,9.191586286760866642e-05,1.380912587046623230e-02,1.580746538820676506e-05,1.357873436063528061e-02
8.073877692222595215e-01,4.196699336171150208e-02,2.374339237576350570e-04,1.244646906852722168e-01,2.261910958623047918e-05,2.592048794031143188e-02
7.367208600044250488e-01,6.168070062994956970e-02,2.254307473776862025e-04,1.806003600358963013e-01,1.820129000407177955e-05,2.075450308620929718e-02
8.091548681259155273e-01,5.824992433190345764e-02,1.077219276339747012e-04,1.063103675842285156e-01,1.028389397106366232e-05,2.616678550839424133e-02
9.382036924362182617e-01,1.608860306441783905e-02,4.229427577229216695e-05,3.620098903775215149e-02,4.108215307496720925e-06,9.460356086492538452e-03
9.785642623901367188e-01,4.313798155635595322e-03,1.425635946361580864e-05,1.176361832767724991e-02,1.851988599810283631e-06,5.342257209122180939e-03
9.927212595939636230e-01,1.356824301183223724e-03,6.495029083453118801e-06,1.926122000440955162e-03,1.233265948030748405e-06,3.988070879131555557e-03
9.910350441932678223e-01,8.104231092147529125e-04,8.315958439197856933e-06,2.871577627956867218e-03,1.796862989067449234e-06,5.272915121167898178e-03
9.859638214111328125e-01,3.603206947445869446e-03,4.742983583128079772e-05,4.100485239177942276e-03,1.005174726742552593e-05,6.274881772696971893e-03
9.755329489707946777e-01,6.860602647066116333e-03,1.132730540120974183e-04,8.606818504631519318e-03,1.951743070094380528e-05,8.866868913173675537e-03
9.418218731880187988e-01,1.606112346053123474e-02,1.670145866228267550e-04,1.779796741902828217e-02,2.851052158803213388e-05,2.412341907620429993e-02
9.627549648284912109e-01,4.755512811243534088e-03,4.491980871534906328e-05,7.129994221031665802e-03,1.260198314412264153e-05,2.530209347605705261e-02
9.426930546760559082e-01,3.577264025807380676e-03,1.421267734258435667e-05,6.937660742551088333e-03,4.700177669292315841e-06,4.677320644259452820e-02
9.062108397483825684e-01,3.564842045307159424e-03,7.907498911663424224e-06,1.455235853791236877e-02,2.300258984178071842e-06,7.566187530755996704e-02
8.240193724632263184e-01,1.334193535149097443e-02,2.420882265141699463e-05,5.789856985211372375e-02,4.532231287157628685e-06,1.047114878892898560e-01
7.898597121238708496e-01,5.776822101324796677e-03,6.170077995193423703e-06,5.115249007940292358e-02,1.350931597698945552e-06,1.532034128904342651e-01
6.288984417915344238e-01,1.715924218297004700e-02,1.232513841387117282e-05,5.443028360605239868e-02,3.025490514119155705e-06,2.994967103004455566e-01
6.886718869209289551e-01,8.903109468519687653e-03,7.227835794765269384e-06,1.731050573289394379e-02,2.943194431281881407e-06,2.851043641567230225e-01
7.100543975830078125e-01,1.085410127416253090e-03,1.022155402097268961e-06,4.007994662970304489e-03,6.080103958083782345e-07,2.848505973815917969e-01
9.387388825416564941e-01,2.278207102790474892e-03,4.013139914604835212e-06,4.247714765369892120e-03,1.654498646530555561e-06,5.472946166992187500e-02
9.672170877456665039e-01,8.357941987924277782e-04,2.999230218847515061e-06,2.922039246186614037e-03,9.944975545295164920e-07,2.902101539075374603e-02
9.817489385604858398e-01,4.053011944051831961e-04,3.124472414128831588e-06,1.845594611950218678e-03,1.129023871726531070e-06,1.599580422043800354e-02
9.778703451156616211e-01,2.679271390661597252e-03,2.382451202720403671e-05,4.997769836336374283e-03,5.810640686831902713e-06,1.442300900816917419e-02
9.460867643356323242e-01,6.364774890244007111e-03,6.741326069459319115e-05,2.338671311736106873e-02,1.338656147709116340e-05,2.408088184893131256e-02
9.551975727081298828e-01,7.627003826200962067e-03,6.163091165944933891e-05,1.795181632041931152e-02,1.254807102668564767e-05,1.914949715137481689e-02
9.109269380569458008e-01,3.074247948825359344e-02,2.177666756324470043e-04,1.932705566287040710e-02,5.177322600502520800e-05,3.873392939567565918e-02
9.518113136291503906e-01,7.226841524243354797e-03,5.570629582507535815e-05,1.199282519519329071e-02,1.392541798850288615e-05,2.889951132237911224e-02
9.594854116439819336e-01,2.991569694131612778e-03,2.197434878326021135e-05,5.405171774327754974e-03,7.300865490833530203e-06,3.208855912089347839e-02
9.707977771759033203e-01,9.791580960154533386e-04,8.457791409455239773e-06,2.047995105385780334e-03,3.200647142875823192e-06,2.616333775222301483e-02
9.590942859649658203e-01,7.144011324271559715e-04,1.174124827230116352e-05,3.411979880183935165e-03,4.746744252770440653e-06,3.676287829875946045e-02
9.690806269645690918e-01,3.382718423381447792e-04,5.773978500656085089e-06,1.018487848341464996e-03,2.954918272735085338e-06,2.955385111272335052e-02
9.640679955482482910e-01,5.858595250174403191e-04,8.975578566605690867e-06,1.927062286995351315e-03,4.280267603462561965e-06,3.340579569339752197e-02
9.732298851013183594e-01,1.079311012290418148e-03,2.369214780628681183e-05,1.050874707289040089e-03,1.366793912893626839e-05,2.460259385406970978e-02
9.850274324417114258e-01,2.328921575099229813e-03,6.873536767670884728e-05,3.079947549849748611e-03,2.085663800244219601e-05,9.474162943661212921e-03
9.557310342788696289e-01,1.653875038027763367e-02,2.167872298741713166e-04,1.209720503538846970e-02,4.462957076611928642e-05,1.537162903696298599e-02
9.220380187034606934e-01,3.565472364425659180e-02,5.829743458889424801e-04,2.178794704377651215e-02,8.583526505390182137e-05,1.985044404864311218e-02
8.836789727210998535e-01,4.308445751667022705e-02,5.872264155186712742e-04,2.635726518929004669e-02,1.024344601319171488e-04,4.618978500366210938e-02
9.159309864044189453e-01,3.128053620457649231e-02,2.627389912959188223e-04,1.592573896050453186e-02,4.724863538285717368e-05,3.655272722244262695e-02
9.035753011703491211e-01,2.218590676784515381e-02,1.603507407708093524e-04,1.996782422065734863e-02,3.443943569436669350e-05,5.407615378499031067e-02
9.440914988517761230e-01,4.843722097575664520e-03,4.610437099472619593e-05,1.095151156187057495e-02,1.002314820652827621e-05,4.005720466375350952e-02
9.604954719543457031e-01,6.456168368458747864e-03,5.818824502057395875e-05,1.949563808739185333e-02,9.135732398135587573e-06,1.348529942333698273e-02
9.719261527061462402e-01,1.824463019147515297e-03,1.348569276160560548e-05,6.500064395368099213e-03,3.835974439425626770e-06,1.973205991089344025e-02
9.644117951393127441e-01,4.354394041001796722e-03,2.635227610880974680e-05,1.672970131039619446e-02,3.875301445077639073e-06,1.447384897619485855e-02
9.871789216995239258e-01,6.279440131038427353e-04,7.244121206895215437e-06,2.961131278425455093e-03,1.909805178001988679e-06,9.222876280546188354e-03
9.854139089584350586e-01,4.933266318403184414e-04,5.168514235265320167e-06,2.481468021869659424e-03,1.395514118485152721e-06,1.160465832799673080e-02
9.869641661643981934e-01,1.116799307055771351e-03,9.934246008924674243e-06,2.902323612943291664e-03,2.356859795327181928e-06,9.004489518702030182e-03
9.852026104927062988e-01,9.197523468174040318e-04,9.362141099700238556e-06,3.198289312422275543e-03,2.295751073688734323e-06,1.066772174090147018e-02
9.512293338775634766e-01,1.013491302728652954e-02,4.068525595357641578e-05,1.481034420430660248e-02,7.439058208547066897e-06,2.377718314528465271e-02
8.852047920227050781e-01,4.725962504744529724e-02,1.820504839997738600e-04,3.784709423780441284e-02,2.743371260294225067e-05,2.947906590998172760e-02
8.976197242736816406e-01,2.269692905247211456e-02,1.246078900294378400e-04,5.586090683937072754e-02,1.919865280797239393e-05,2.367858961224555969e-02
8.157371282577514648e-01,2.861807122826576233e-02,2.042857086053118110e-04,1.299435198307037354e-01,2.614387994981370866e-05,2.547085098922252655e-02
9.218236207962036133e-01,4.788979887962341309e-03,4.662587889470160007e-05,4.375576972961425781e-02,8.730276022106409073e-06,2.957629598677158356e-02
9.645246863365173340e-01,7.578611839562654495e-04,1.465453624405199662e-05,1.460722368210554123e-02,4.220079972583334893e-06,2.009140327572822571e-02
9.604445099830627441e-01,2.515086671337485313e-03,1.976716885110363364e-05,6.535130552947521210e-03,6.628582923440262675e-06,3.047888725996017456e-02
9.418070912361145020e-01,3.763373242691159248e-03,1.742127824400085956e-05,4.850622266530990601e-03,6.977804787311470136e-06,4.955461621284484863e-02
8.901010751724243164e-01,7.268285378813743591e-03,1.368674384139012545e-05,2.935885451734066010e-03,7.165321221691556275e-06,9.967382997274398804e-02
8.983711600303649902e-01,1.280130539089441299e-02,2.458901690260972828e-05,6.056379061192274094e-03,1.018713646772084758e-05,8.273633569478988647e-02
8.301116824150085449e-01,6.331755314022302628e-03,8.042920853768009692e-06,7.050734944641590118e-03,3.164834424751461484e-06,1.564946770668029785e-01
8.999124765396118164e-01,8.794425055384635925e-03,2.513026265660300851e-05,1.258287392556667328e-02,7.626593742315890267e-06,7.867749035358428955e-02
9.664638042449951172e-01,3.601340809836983681e-03,1.487587542214896530e-05,1.511188782751560211e-02,2.428067773507791571e-06,1.480556279420852661e-02
8.961564898490905762e-01,1.284816488623619080e-02,3.705462222569622099e-05,6.272642314434051514e-02,4.361146693554474041e-06,2.822755835950374603e-02
9.440074563026428223e-01,4.407034721225500107e-03,1.417433031747350469e-05,2.694323658943176270e-02,2.382077354923239909e-06,2.462571673095226288e-02
9.329362511634826660e-01,9.195183403789997101e-03,2.062714156636502594e-05,1.614708639681339264e-02,4.899142368230968714e-06,4.169602319598197937e-02
8.822119832038879395e-01,2.645740658044815063e-02,6.890831718919798732e-05,5.911714211106300354e-02,9.175602826871909201e-06,3.213536366820335388e-02
8.926618099212646484e-01,2.185325324535369873e-02,4.781519965035840869e-05,3.164469450712203979e-02,9.711393431643955410e-06,5.378274247050285339e-02
8.109469413757324219e-01,7.869181223213672638e-03,1.295530364586738870e-05,1.697033457458019257e-02,3.799930709647014737e-06,1.641968637704849243e-01
7.714620232582092285e-01,3.558149328455328941e-03,3.242822685933788307e-06,6.726359948515892029e-03,1.741408482303086203e-06,2.182485610246658325e-01
7.573051452636718750e-01,1.681824447587132454e-03,1.910854962261510082e-06,2.102271420881152153e-03,1.686864038674684707e-06,2.389071583747863770e-01
8.059738278388977051e-01,1.010948442853987217e-03,1.041884956975991372e-06,2.450082916766405106e-03,7.435500037900055759e-07,1.905632466077804565e-01
9.493251442909240723e-01,1.809992361813783646e-03,5.489340765052475035e-06,8.045216090977191925e-03,1.555308585921011399e-06,4.081248492002487183e-02
9.603132605552673340e-01,2.894334262236952782e-03,1.677865293459035456e-05,9.725453332066535950e-03,4.323435405240161344e-06,2.704571373760700226e-02
8.936944007873535156e-01,8.217856287956237793e-03,1.299268915317952633e-04,9.024142473936080933e-02,9.776350452739279717e-06,7.706569973379373550e-03
9.676809906959533691e-01,3.371607046574354172e-03,4.277565676602534950e-05,2.148902416229248047e-02,5.068819973530480638e-06,7.410521619021892548e-03
9.738606810569763184e-01,6.195833440870046616e-03,3.854498572763986886e-05,4.988463129848241806e-03,8.963221262092702091e-06,1.490770746022462845e-02
9.734532833099365234e-01,2.665297593921422958e-03,2.411661080259364098e-05,3.238331759348511696e-03,6.674873020529048517e-06,2.061217278242111206e-02
9.469916224479675293e-01,4.185473546385765076e-03,2.240630965388845652e-05,2.222094219177961349e-03,9.322549885837361217e-06,4.656901210546493530e-02
9.008861780166625977e-01,2.024542726576328278e-02,1.269297645194455981e-04,7.171884644776582718e-03,4.453555447980761528e-05,7.152500003576278687e-02
9.284886717796325684e-01,2.234750799834728241e-02,2.100758865708485246e-04,1.434177532792091370e-02,5.345215322449803352e-05,3.455845266580581665e-02
8.959276080131530762e-01,1.044169627130031586e-02,1.049288985086604953e-04,5.892858374863862991e-03,4.312783494242466986e-05,8.758976310491561890e-02
8.870674967765808105e-01,1.323621254414319992e-02,8.407816494582220912e-05,1.504902075976133347e-02,2.280342414451297373e-05,8.454033732414245605e-02
8.959404230117797852e-01,5.909764673560857773e-03,2.688100357772782445e-05,1.240597758442163467e-02,7.613472917000763118e-06,8.570928126573562622e-02
8.403431773185729980e-01,1.101603545248508453e-02,3.215270044165663421e-05,5.129304900765419006e-02,5.384171345212962478e-06,9.731018543243408203e-02
8.575876951217651367e-01,3.316600993275642395e-02,6.972510163905099034e-05,7.488823682069778442e-02,7.848271707189269364e-06,3.428042307496070862e-02
9.168212413787841797e-01,1.381794549524784088e-02,2.948040310002397746e-05,1.932268030941486359e-02,5.182690074434503913e-06,5.000346899032592773e-02
9.590756297111511230e-01,2.707026433199644089e-03,1.102914120565401390e-05,2.141738776117563248e-03,4.006088147434638813e-06,3.606062382459640503e-02
9.526443481445312500e-01,1.505566760897636414e-02,7.290272333193570375e-05,5.337585229426622391e-03,1.795919342839624733e-05,2.687147632241249084e-02
9.762135744094848633e-01,8.734570816159248352e-03,9.793764911592006683e-05,2.723904093727469444e-03,2.432238579785916954e-05,1.220560725778341293e-02
9.702607989311218262e-01,1.195415109395980835e-02,1.065893229679204524e-04,4.028562922030687332e-03,2.457464870531111956e-05,1.362531445920467377e-02
9.533215165138244629e-01,1.740381121635437012e-02,1.788203953765332699e-04,1.211637258529663086e-02,2.927409150288440287e-05,1.695010252296924591e-02
9.881430268287658691e-01,1.592853688634932041e-03,3.482496686046943069e-05,3.133762860670685768e-03,8.584433999203611165e-06,7.086986210197210312e-03
9.773555994033813477e-01,1.284334110096096992e-03,1.778372825356200337e-05,3.894397756084799767e-03,5.760799012932693586e-06,1.744223199784755707e-02
9.645698070526123047e-01,1.424132497049868107e-03,8.779454219620674849e-06,4.251879174262285233e-03,3.102491291429032572e-06,2.974243462085723877e-02
9.521793723106384277e-01,5.099932895973324776e-04,2.913265234383288771e-06,3.409364726394414902e-03,1.228618430104688741e-06,4.389711841940879822e-02
9.600791335105895996e-01,1.973079051822423935e-04,1.730891654005972669e-06,1.929283491335809231e-03,8.644810804980807006e-07,3.779157251119613647e-02
9.343170523643493652e-01,7.497892365790903568e-04,7.484738489438313991e-06,5.688640289008617401e-03,2.409243279544170946e-06,5.923459306359291077e-02
9.194593429565429688e-01,3.340065246447920799e-03,3.909091537934727967e-05,1.675549149513244629e-02,9.966011020878795534e-06,6.039598584175109863e-02
9.553133249282836914e-01,2.550826407968997955e-03,4.645375520340166986e-05,7.799899205565452576e-03,1.059884107235120609e-05,3.427887335419654846e-02
9.679180383682250977e-01,5.946274846792221069e-03,7.986179844010621309e-05,9.648079983890056610e-03,1.600953874003607780e-05,1.639164239168167114e-02
9.634630680084228516e-01,4.247270058840513229e-03,3.569511318346485496e-05,6.371254101395606995e-03,9.692806088423822075e-06,2.587302215397357941e-02
9.842676520347595215e-01,1.176874269731342793e-03,1.169219558505574241e-05,2.259708475321531296e-03,3.728602223418420181e-06,1.228027604520320892e-02
9.936925172805786133e-01,2.294287842232733965e-04,4.037944108858937398e-06,6.924066692590713501e-04,1.404689214723475743e-06,5.380271002650260925e-03
9.879537820816040039e-01,5.887624574825167656e-04,6.864778242743341252e-06,1.758516649715602398e-03,2.295057356604957022e-06,9.689932689070701599e-03
9.833834767341613770e-01,1.896001165732741356e-03,2.749446139205247164e-05,2.611330011859536171e-03,8.674434866406954825e-06,1.207293476909399033e-02
9.637715816497802734e-01,4.201793577522039413e-03,5.141888686921447515e-05,4.922073334455490112e-03,1.751011950545944273e-05,2.703566104173660278e-02
9.440807700157165527e-01,2.127015590667724609e-02,1.933696476044133306e-04,1.378902979195117950e-02,4.113988325116224587e-05,2.062556520104408264e-02
9.373236298561096191e-01,1.967993378639221191e-02,2.128431660821661353e-04,1.900358498096466064e-02,4.117481876164674759e-05,2.373889461159706116e-02
9.379216432571411133e-01,6.567829288542270660e-03,3.556049705366604030e-05,1.412870455533266068e-02,9.172493264486547559e-06,4.133699089288711548e-02
9.782949090003967285e-01,1.371455960907042027e-03,1.107728257920825854e-05,9.448888711631298065e-03,2.095838453897158615e-06,1.087150257080793381e-02
9.642418622970581055e-01,3.863807301968336105e-03,2.140213655366096646e-05,2.153729461133480072e-02,3.079608632106101140e-06,1.033258251845836639e-02
9.808973670005798340e-01,7.944328826852142811e-04,4.229967998981010169e-06,1.087465789169073105e-02,6.363516149576753378e-07,7.428729906678199768e-03
9.504829645156860352e-01,5.429053213447332382e-03,3.810485213762149215e-05,3.541800752282142639e-02,4.012722456536721438e-06,8.627937175333499908e-03
9.640876650810241699e-01,4.128484055399894714e-03,2.096436219289898872e-05,1.777528971433639526e-02,3.681671614685910754e-06,1.398399565368890762e-02
9.613246321678161621e-01,6.778579670935869217e-03,3.224729516659863293e-05,2.031948976218700409e-02,4.184314093436114490e-06,1.154080778360366821e-02
9.303178191184997559e-01,8.501720614731311798e-03,3.132430356345139444e-05,4.334493726491928101e-02,3.119276470897602849e-06,1.780119538307189941e-02
9.553121328353881836e-01,5.206277593970298767e-03,3.062958785449154675e-05,2.267490886151790619e-02,4.530838850769214332e-06,1.677155867218971252e-02
9.206975698471069336e-01,4.195046611130237579e-03,1.153934226749697700e-05,3.075157292187213898e-02,2.095786385325482115e-06,4.434222355484962463e-02
9.150967597961425781e-01,3.435468301177024841e-03,1.195517597807338461e-05,1.041722856462001801e-02,3.989129254478029907e-06,7.103440165519714355e-02
9.584643840789794922e-01,1.146484049968421459e-03,4.404022547532804310e-06,2.104505198076367378e-03,1.955127117980737239e-06,3.827817365527153015e-02
9.558784961700439453e-01,9.326737490482628345e-04,2.940319518529577181e-06,1.568815205246210098e-03,1.453395725548034534e-06,4.161551967263221741e-02
9.754222631454467773e-01,2.917416626587510109e-03,2.012920413108076900e-05,6.444251630455255508e-03,4.492383595788851380e-06,1.519145350903272629e-02
9.594909548759460449e-01,1.672615180723369122e-03,1.389097815263085067e-05,4.884656053036451340e-03,4.430251919984584674e-06,3.393349796533584595e-02
9.630789160728454590e-01,4.010592587292194366e-03,3.178614861099049449e-05,1.151621621102094650e-02,6.390985163307050243e-06,2.135596610605716705e-02
9.773870110511779785e-01,1.625731470994651318e-03,2.332135409233160317e-05,6.881440524011850357e-03,5.629919996863463894e-06,1.407688856124877930e-02
9.544783830642700195e-01,7.093898952007293701e-03,6.337697413982823491e-05,1.978128775954246521e-02,1.165653702628333122e-05,1.857153885066509247e-02
9.627913236618041992e-01,8.499593473970890045e-03,1.071282531484030187e-04,1.348482817411422729e-02,1.963650902325753123e-05,1.509754732251167297e-02
9.204294681549072266e-01,2.637205272912979126e-02,1.451432763133198023e-04,3.217370808124542236e-02,2.186371784773655236e-05,2.085776440799236298e-02
8.971589207649230957e-01,6.314998492598533630e-03,2.488256905053276569e-05,2.123581059277057648e-02,5.675054580933647230e-06,7.525972276926040649e-02
9.373209476470947266e-01,3.229177556931972504e-03,9.837583093030843884e-06,1.278915349394083023e-02,2.372105655013001524e-06,4.664856195449829102e-02
9.075884819030761719e-01,1.450291718356311321e-03,4.111313501198310405e-06,3.758686594665050507e-03,1.689121404524485115e-06,8.719661086797714233e-02
8.742746114730834961e-01,1.235552364960312843e-03,6.719113116560038179e-06,1.370950881391763687e-02,2.867584498744690791e-06,1.107706949114799500e-01
8.501506447792053223e-01,2.897140569984912872e-03,1.683472146396525204e-05,2.564822137355804443e-02,6.687263521598652005e-06,1.212804540991783142e-01
8.722233176231384277e-01,4.737876355648040771e-03,3.752268821699544787e-05,1.896392554044723511e-02,1.316731959377648309e-05,1.040240451693534851e-01
9.318646192550659180e-01,2.692749025300145149e-03,4.482812073547393084e-05,2.643538080155849457e-02,1.123736001318320632e-05,3.895118460059165955e-02
9.645123481750488281e-01,2.712161978706717491e-03,1.204784057335928082e-04,1.540242228657007217e-02,2.703979953366797417e-05,1.722557283937931061e-02
9.296767115592956543e-01,1.403662748634815216e-02,2.513053768780082464e-04,4.055488482117652893e-02,3.636515612015500665e-05,1.544390618801116943e-02
7.903810143470764160e-01,7.116038352251052856e-02,9.461267618462443352e-04,1.283484846353530884e-01,6.497572758235037327e-05,9.098934009671211243e-03
8.477704524993896484e-01,8.316541463136672974e-02,1.202343613840639591e-03,5.117180570960044861e-02,1.355144049739465117e-04,1.655451953411102295e-02
8.943769335746765137e-01,4.964007437229156494e-02,4.202615527901798487e-04,3.341106325387954712e-02,5.262851846055127680e-05,2.209898643195629120e-02
9.608631134033203125e-01,9.696846827864646912e-03,1.003923680400475860e-04,9.118922986090183258e-03,1.924513526319060475e-05,2.020149491727352142e-02
9.626272320747375488e-01,7.890004664659500122e-03,1.127622090280056000e-04,7.001882418990135193e-03,2.241420770587865263e-05,2.234569750726222992e-02
9.837238788604736328e-01,2.915423596277832985e-03,2.704299004108179361e-05,3.274996299296617508e-03,6.378783382388064638e-06,1.005232427269220352e-02
9.777007699012756348e-01,5.949620157480239868e-03,4.273303056834265590e-05,3.105587325990200043e-03,1.056528071785578504e-05,1.319064851850271225e-02
9.633399248123168945e-01,1.342691946774721146e-02,8.326379611389711499e-05,7.563363760709762573e-03,1.644208714424166828e-05,1.557013764977455139e-02
9.824137687683105469e-01,3.945830743759870529e-03,1.254305789188947529e-05,2.618830418214201927e-03,2.975569032059866004e-06,1.100599672645330429e-02
9.843649864196777344e-01,1.249965862371027470e-03,6.737846433679806069e-06,9.854488307610154152e-04,2.719035819609416649e-06,1.339017134159803391e-02
9.586513042449951172e-01,7.604982703924179077e-03,2.310309719177894294e-05,3.282150253653526306e-03,7.085148354235570878e-06,3.043141961097717285e-02
9.685676097869873047e-01,8.514823392033576965e-03,2.097640754072926939e-05,3.815582022070884705e-03,5.057421276433160529e-06,1.907582208514213562e-02
9.593706130981445312e-01,1.444599963724613190e-02,4.199897739454172552e-05,4.500136245042085648e-03,1.027173948386916891e-05,2.163098938763141632e-02
9.730805158615112305e-01,4.483144264668226242e-03,1.026949303195578977e-05,5.002444144338369370e-03,2.288347786816302687e-06,1.742129027843475342e-02
9.559556245803833008e-01,3.782139625400304794e-03,8.246358447649981827e-06,8.301661349833011627e-03,1.798004632291849703e-06,3.195056691765785217e-02
8.151907324790954590e-01,2.100055478513240814e-02,2.546615905885118991e-05,8.462708443403244019e-02,3.905916855728719383e-06,7.915230840444564819e-02
6.592072248458862305e-01,4.292110446840524673e-03,3.173323420924134552e-06,3.135024383664131165e-02,1.083479219232685864e-06,3.051461875438690186e-01
5.224729180335998535e-01,9.783018380403518677e-03,1.098015491152182221e-05,8.159613609313964844e-02,3.551243253241409548e-06,3.861333727836608887e-01
4.809025228023529053e-01,1.573885977268218994e-02,2.766464422165881842e-05,4.724040254950523376e-02,1.015447105601197109e-05,4.560803174972534180e-01
7.826680541038513184e-01,4.950571339577436447e-03,1.900688221212476492e-05,2.152326330542564392e-02,6.929026312718633562e-06,1.908321827650070190e-01
9.173486232757568359e-01,8.049800060689449310e-03,7.940246723592281342e-05,3.809922188520431519e-02,1.425683876732364297e-05,3.640867397189140320e-02
9.718005657196044922e-01,1.888345228508114815e-03,4.032799552078358829e-05,4.935560747981071472e-03,1.248051466973265633e-05,2.132265828549861908e-02
9.575864672660827637e-01,6.016280385665595531e-04,6.229216978681506589e-06,3.118561813607811928e-03,2.382692400715313852e-06,3.868466988205909729e-02
9.461662769317626953e-01,4.865768714807927608e-04,3.938893769372953102e-06,1.966540003195405006e-03,1.673413748903840315e-06,5.137503519654273987e-02
9.221692085266113281e-01,1.395223895087838173e-03,1.251581579708727077e-05,1.295709400437772274e-03,8.318079380842391402e-06,7.511887699365615845e-02
9.373382329940795898e-01,1.111405086703598499e-03,8.173421520041301847e-06,5.242866463959217072e-04,5.554447398026240990e-06,6.101239472627639771e-02
9.511965513229370117e-01,7.417791057378053665e-03,7.990985614014789462e-05,1.852598856203258038e-03,3.514573836582712829e-05,3.941795602440834045e-02
9.122300744056701660e-01,4.356270655989646912e-02,3.440855653025209904e-04,7.845767773687839508e-03,8.357627666555345058e-05,3.593385219573974609e-02
9.245077371597290039e-01,2.586090564727783203e-02,1.245251623913645744e-04,5.051097832620143890e-03,3.405656389077194035e-05,4.442169517278671265e-02
8.294236063957214355e-01,1.014761924743652344e-01,7.101885275915265083e-04,2.794034965336322784e-02,1.093003957066684961e-04,4.034027084708213806e-02
8.870118856430053711e-01,5.689043179154396057e-02,6.150221452116966248e-04,1.280902791768312454e-02,1.232597132911905646e-04,4.255028441548347473e-02
9.225094318389892578e-01,2.572067268192768097e-02,4.468576807994395494e-04,1.104461401700973511e-02,1.059917922248132527e-04,4.017249867320060730e-02
9.026778936386108398e-01,5.807328503578901291e-03,2.784673124551773071e-04,9.799106046557426453e-03,9.348610183224081993e-05,8.134368807077407837e-02
9.223511815071105957e-01,1.321428106166422367e-03,5.358029375202022493e-05,5.357646383345127106e-03,2.117512303811963648e-05,7.089495658874511719e-02
9.215335845947265625e-01,6.607333198189735413e-04,1.793069350242149085e-05,4.292551893740892410e-03,7.091466613928787410e-06,7.348796725273132324e-02
9.721931815147399902e-01,2.440615644445642829e-04,5.883142421225784346e-06,2.743167104199528694e-03,1.784996470632904675e-06,2.481183782219886780e-02
9.746152758598327637e-01,5.297559546306729317e-04,8.832124876789748669e-06,1.586675271391868591e-02,1.179780383608886041e-06,8.978165686130523682e-03
9.070509672164916992e-01,6.621753331273794174e-03,1.007019091048277915e-04,6.979867815971374512e-02,1.269516178581397980e-05,1.641529984772205353e-02
7.407517433166503906e-01,6.196060031652450562e-02,8.965489105321466923e-04,1.625077724456787109e-01,1.429892436135560274e-04,3.374039754271507263e-02
4.402782917022705078e-01,3.573036193847656250e-01,7.778164930641651154e-03,1.619415730237960815e-01,1.687394571490585804e-03,3.101102635264396667e-02
5.828440189361572266e-01,2.685754001140594482e-01,6.270724348723888397e-03,1.077669411897659302e-01,1.434426521882414818e-03,3.310850262641906738e-02
6.406049728393554688e-01,2.043387442827224731e-01,2.898026257753372192e-03,4.466018825769424438e-02,1.150836236774921417e-03,1.063472181558609009e-01
7.948852181434631348e-01,7.332098484039306641e-02,6.684510153718292713e-04,4.092390462756156921e-02,2.110362693201750517e-04,8.999048918485641479e-02
6.849475502967834473e-01,1.753396168351173401e-02,8.026372233871370554e-05,5.796229094266891479e-02,2.540328569011762738e-05,2.394505441188812256e-01
7.774090170860290527e-01,1.349189598113298416e-02,3.899938383256085217e-05,3.969488292932510376e-02,1.011927361105335876e-05,1.693551093339920044e-01
8.429015278816223145e-01,1.068872679024934769e-02,4.874767546425573528e-05,6.214768812060356140e-02,8.510022780683357269e-06,8.420474827289581299e-02
8.105521798133850098e-01,2.882944419980049133e-02,8.012310718186199665e-05,6.440152227878570557e-02,1.385830364597495645e-05,9.612287580966949463e-02
9.036138653755187988e-01,3.499006386846303940e-03,1.291414537263335660e-05,1.108047645539045334e-02,3.438460225879680365e-06,8.179027587175369263e-02
9.516975879669189453e-01,1.410234137438237667e-03,9.878675882646348327e-06,6.077872123569250107e-03,2.882210310417576693e-06,4.080158844590187073e-02
9.461833238601684570e-01,1.730913179926574230e-03,1.839908327383454889e-05,1.334948372095823288e-02,4.265975803718902171e-06,3.871351480484008789e-02
9.780327081680297852e-01,5.851456080563366413e-04,8.445424100500531495e-06,4.407371859997510910e-03,2.407707825113902800e-06,1.696396060287952423e-02
9.769594669342041016e-01,3.854251699522137642e-04,1.475210228818468750e-05,4.121396224945783615e-03,4.208440714137395844e-06,1.851480454206466675e-02
9.560163021087646484e-01,1.457353122532367706e-03,3.468013164820149541e-05,1.695588789880275726e-02,7.223463398986496031e-06,2.552867308259010315e-02
9.072611927986145020e-01,2.596871228888630867e-03,3.448208371992222965e-05,1.704303734004497528e-02,8.210209671233315021e-06,7.305612415075302124e-02
9.034425616264343262e-01,3.717811545357108116e-03,6.448304338846355677e-05,4.027614742517471313e-02,1.296564369113184512e-05,5.248608067631721497e-02
8.720924854278564453e-01,8.014922030270099640e-03,7.224854925880208611e-05,7.988516986370086670e-02,9.620056516723707318e-06,3.992544487118721008e-02
8.840650916099548340e-01,1.298925839364528656e-02,1.331220410065725446e-04,6.222876906394958496e-02,2.098957338603213429e-05,4.056274145841598511e-02
9.319717884063720703e-01,9.692553430795669556e-03,1.099635846912860870e-04,2.564635127782821655e-02,2.111250614689197391e-05,3.255824372172355652e-02
9.292749762535095215e-01,2.198266237974166870e-02,7.104496471583843231e-04,1.696206815540790558e-02,2.519775298424065113e-04,3.081799298524856567e-02
9.689701199531555176e-01,6.049055606126785278e-03,3.238721692468971014e-04,3.265514969825744629e-03,1.632767671253532171e-04,2.122809737920761108e-02
9.536345005035400391e-01,1.645168475806713104e-02,1.040910370647907257e-03,7.226773537695407867e-03,4.475119931157678366e-04,2.119855768978595734e-02
9.552215933799743652e-01,1.074348669499158859e-02,7.633086061105132103e-04,1.543642953038215637e-02,2.153824025299400091e-04,1.761986687779426575e-02
9.149283766746520996e-01,1.659317500889301300e-02,5.158284329809248447e-04,4.398123174905776978e-02,9.097504516830667853e-05,2.389045059680938721e-02
6.004604697227478027e-01,8.006406575441360474e-02,3.943199408240616322e-04,2.465855181217193604e-01,4.350494054961018264e-05,7.245208323001861572e-02
6.637767553329467773e-01,5.616205185651779175e-02,1.436641468899324536e-04,1.757808327674865723e-01,1.750010596879292279e-05,1.041191294789314270e-01
7.437597513198852539e-01,2.132922224700450897e-02,7.783243927406147122e-05,5.354452133178710938e-02,1.717075429041869938e-05,1.812714934349060059e-01
7.378917336463928223e-01,3.304176032543182373e-02,7.212350465124472976e-05,5.189991369843482971e-02,1.434756813978310674e-05,1.770801097154617310e-01
8.215584754943847656e-01,1.812244579195976257e-02,9.008702909341081977e-05,2.155109122395515442e-02,2.541930189181584865e-05,1.386523991823196411e-01
9.379310607910156250e-01,5.328370723873376846e-03,2.731638778641354293e-05,4.713593982160091400e-03,9.212183613271918148e-06,5.199043452739715576e-02
9.440833330154418945e-01,7.957695983350276947e-03,7.426678348565474153e-05,1.950934156775474548e-02,1.295401852985378355e-05,2.836243435740470886e-02
9.709683060646057129e-01,2.056293655186891556e-03,5.688903547707013786e-05,5.351352971047163010e-03,1.965889896382577717e-05,2.154752425849437714e-02
9.659121632575988770e-01,2.589154522866010666e-03,8.931777847465127707e-05,1.275263074785470963e-02,2.400420453341212124e-05,1.863271929323673248e-02
9.472488164901733398e-01,1.824086648412048817e-03,3.750117684830911458e-05,7.041311822831630707e-03,1.629706275707576424e-05,4.383202269673347473e-02
9.470390677452087402e-01,1.159614650532603264e-03,1.776012140908278525e-05,6.312807556241750717e-03,7.435197858285391703e-06,4.546329006552696228e-02
8.894290328025817871e-01,1.214279443956911564e-03,1.179088121716631576e-05,3.564544022083282471e-03,6.070154995541088283e-06,1.057744175195693970e-01
8.986356854438781738e-01,4.172698128968477249e-03,1.982382673304527998e-05,8.625881746411323547e-03,6.122282684373203665e-06,8.853986114263534546e-02
8.354701995849609375e-01,2.124709822237491608e-02,5.112106373417191207e-05,4.676368832588195801e-02,7.538415957242250443e-06,9.646034985780715942e-02
7.637182474136352539e-01,3.892485797405242920e-02,2.104177547153085470e-04,1.598266661167144775e-01,1.899022572615649551e-05,3.730073198676109314e-02
8.368334770202636719e-01,3.667211160063743591e-02,3.176087047904729843e-04,1.055224761366844177e-01,2.580586078693158925e-05,2.062843739986419678e-02
8.778545856475830078e-01,9.587218053638935089e-03,3.513047340675257146e-05,5.599141120910644531e-02,5.479113042383687571e-06,5.652611330151557922e-02
8.330945372581481934e-01,3.854401875287294388e-03,1.950915066117886454e-05,1.651837304234504700e-02,5.922198397456668317e-06,1.465072631835937500e-01
8.038291931152343750e-01,1.050454471260309219e-02,4.835895742871798575e-05,2.687299810349941254e-02,1.455824803997529671e-05,1.587304174900054932e-01
6.891837716102600098e-01,2.058809623122215271e-02,6.413601659005507827e-05,2.913100458681583405e-02,2.317533471796195954e-05,2.610097527503967285e-01
3.747512698173522949e-01,1.784228980541229248e-01,5.253300187177956104e-04,2.337370812892913818e-01,7.133924373192712665e-05,2.124920636415481567e-01
4.134057462215423584e-01,1.958915591239929199e-01,7.670895429328083992e-04,2.082574963569641113e-01,1.102741152863018215e-04,1.815678030252456665e-01
2.752947211265563965e-01,2.146310061216354370e-01,1.172860851511359215e-03,3.483986854553222656e-01,1.480212085880339146e-04,1.603547036647796631e-01
4.175113439559936523e-01,2.339908778667449951e-01,9.914162801578640938e-04,1.940674781799316406e-01,1.332681713392958045e-04,1.533055901527404785e-01
4.633676111698150635e-01,2.024121731519699097e-01,9.350062464363873005e-04,2.637521624565124512e-01,1.019033006741665304e-04,6.943112611770629883e-02
7.271580100059509277e-01,9.772823750972747803e-02,4.627617308869957924e-04,1.057840362191200256e-01,6.803165160818025470e-05,6.879904121160507202e-02
9.451457262039184570e-01,3.126311115920543671e-03,2.561840665293857455e-05,7.670032791793346405e-03,8.496013833791948855e-06,4.402390867471694946e-02
9.389108419418334961e-01,2.198621397837996483e-03,1.746477028063964099e-05,1.222093123942613602e-02,4.393907602207036689e-06,4.664776474237442017e-02
9.255493283271789551e-01,4.206997691653668880e-04,1.359882207907503471e-05,7.711424492299556732e-03,4.118554443266475573e-06,6.630086153745651245e-02
8.976120948791503906e-01,4.156326467636972666e-04,1.913232335937209427e-05,6.915873847901821136e-03,7.206309419416356832e-06,9.503006935119628906e-02
9.115827679634094238e-01,1.444871304556727409e-03,1.103593749576248229e-04,1.491093356162309647e-02,3.905114499502815306e-05,7.191199064254760742e-02
8.366278409957885742e-01,5.632672458887100220e-03,3.452929959166795015e-04,1.359378360211849213e-02,2.055594231933355331e-04,1.435948908329010010e-01
8.146474957466125488e-01,2.770490013062953949e-02,1.032233121804893017e-03,4.756620898842811584e-02,4.244807059876620770e-04,1.086246594786643982e-01
6.674555540084838867e-01,2.736511081457138062e-02,1.771696406649425626e-04,2.283381298184394836e-02,1.031518040690571070e-04,2.820651829242706299e-01
7.734491229057312012e-01,1.567213051021099091e-02,8.736445306567475200e-05,4.077194631099700928e-02,2.708900683501269668e-05,1.699923574924468994e-01
9.249351620674133301e-01,3.115951316431164742e-03,1.302575583395082504e-05,1.765178702771663666e-02,2.792774012050358579e-06,5.428135022521018982e-02
9.487821459770202637e-01,9.143602801486849785e-04,5.314310328685678542e-06,4.983264487236738205e-03,1.542350332783826161e-06,4.531337693333625793e-02
9.656732082366943359e-01,3.112022532150149345e-03,5.784787572338245809e-05,1.452441792935132980e-02,1.040697316057048738e-05,1.662195846438407898e-02
9.343909621238708496e-01,9.995797649025917053e-03,1.053352825692854822e-04,3.104550577700138092e-02,1.673335100349504501e-05,2.444569207727909088e-02
9.725907444953918457e-01,4.701335914433002472e-03,8.703889761818572879e-05,8.192906156182289124e-03,1.448400689696427435e-05,1.441338937729597092e-02
9.841635823249816895e-01,1.997941872105002403e-03,3.139997716061770916e-05,3.302943427115678787e-03,7.362335509242257103e-06,1.049664802849292755e-02
9.818602204322814941e-01,1.010737847536802292e-03,9.741555004438851029e-06,3.297391813248395920e-03,2.338472768315114081e-06,1.381960138678550720e-02
9.853872060775756836e-01,4.436845483724027872e-04,4.096928023500367999e-06,2.011047676205635071e-03,1.166296669907751493e-06,1.215276774019002914e-02
9.367519617080688477e-01,9.698840789496898651e-03,6.789701001252979040e-05,2.576465345919132233e-02,1.152226013800827786e-05,2.770517952740192413e-02
8.801202178001403809e-01,1.365996990352869034e-02,1.321305026067420840e-04,5.412978678941726685e-02,2.436769682390149683e-05,5.193358287215232849e-02
8.353201150894165039e-01,3.827203437685966492e-02,5.518998950719833374e-04,7.207295298576354980e-02,7.542500679846853018e-05,5.370756238698959351e-02
8.131411671638488770e-01,6.451853364706039429e-02,1.547645893879234791e-03,6.718591600656509399e-02,2.038691745838150382e-04,5.340293049812316895e-02
7.944545149803161621e-01,4.358054324984550476e-02,5.735043669119477272e-04,6.473447382450103760e-02,1.131421813624911010e-04,9.654375910758972168e-02
9.244228005409240723e-01,2.155211009085178375e-02,2.590743824839591980e-04,2.273732237517833710e-02,4.072927185916341841e-05,3.098793886601924896e-02
8.877447247505187988e-01,5.028315261006355286e-02,4.202005802653729916e-04,3.854637220501899719e-02,4.831806290894746780e-05,2.295719273388385773e-02
8.146889805793762207e-01,4.768913611769676208e-02,2.121392462868243456e-04,5.385620519518852234e-02,3.603023651521652937e-05,8.351757377386093140e-02
8.122337460517883301e-01,3.213309496641159058e-02,1.406284864060580730e-04,4.048374667763710022e-02,3.370927879586815834e-05,1.149751543998718262e-01
5.301308035850524902e-01,9.749550372362136841e-02,3.990556288044899702e-04,2.483577877283096313e-01,4.894848825642839074e-05,1.235679164528846741e-01
3.193615972995758057e-01,9.857565909624099731e-02,3.569011751096695662e-04,5.040854811668395996e-01,3.419847780605778098e-05,7.758621126413345337e-02
7.134518623352050781e-01,1.766632124781608582e-02,1.660298585193231702e-04,1.209780946373939514e-01,3.058759102714248002e-05,1.477070599794387817e-01
8.473368883132934570e-01,1.457446161657571793e-02,1.820932957343757153e-04,7.381659746170043945e-02,2.727649552980437875e-05,6.406264007091522217e-02
7.652647495269775391e-01,1.968947052955627441e-02,2.125064202118664980e-04,1.576964259147644043e-01,2.246175790787674487e-05,5.711444467306137085e-02
7.801933288574218750e-01,1.167603861540555954e-02,1.285924954572692513e-04,1.623573154211044312e-01,1.285627604374894872e-05,4.563191160559654236e-02
6.812478303909301758e-01,2.762069366872310638e-02,2.581482112873345613e-04,2.652554810047149658e-01,1.745833833410870284e-05,2.560036443173885345e-02
5.625166893005371094e-01,5.082581192255020142e-02,2.785268879961222410e-04,3.117738366127014160e-01,2.468097227392718196e-05,7.458039373159408569e-02
5.873175859451293945e-01,8.060383796691894531e-02,3.890281368512660265e-04,2.640865147113800049e-01,3.566707164281979203e-05,6.756743043661117554e-02
6.747817397117614746e-01,2.247437089681625366e-02,2.245532086817547679e-04,2.288330048322677612e-01,2.042942105617839843e-05,7.366581261157989502e-02
8.141579627990722656e-01,9.411794133484363556e-03,8.751431596465408802e-05,1.219609230756759644e-01,9.667086487752385437e-06,5.437205359339714050e-02
9.194319844245910645e-01,2.378271194174885750e-03,3.512752300594002008e-05,4.440514370799064636e-02,5.741759650845779106e-06,3.374367207288742065e-02
9.604054093360900879e-01,1.012676977552473545e-03,2.217444489360786974e-05,1.446209196001291275e-02,4.504904154600808397e-06,2.409328147768974304e-02
9.771952033042907715e-01,5.548687768168747425e-04,1.189966678794007748e-05,6.558598019182682037e-03,2.780718205031007528e-06,1.567675732076168060e-02
9.800028800964355469e-01,6.902411114424467087e-04,2.593590761534869671e-05,4.077115561813116074e-03,7.610387456224998459e-06,1.519626565277576447e-02
9.771515727043151855e-01,5.724132643081247807e-04,2.616927486087661237e-05,1.588862854987382889e-03,1.092432285076938570e-05,2.064992673695087433e-02
9.504112601280212402e-01,2.224607393145561218e-03,1.012500797514803708e-04,2.833235310390591621e-03,4.518598143476992846e-05,4.438441991806030273e-02
9.285652041435241699e-01,4.022930748760700226e-03,2.518761029932647943e-04,2.911947201937437057e-03,1.616899971850216389e-04,6.408639997243881226e-02
8.998218178749084473e-01,2.188839018344879150e-03,9.979990136343985796e-05,3.177433507516980171e-03,6.691653106827288866e-05,9.464520215988159180e-02
8.635916709899902344e-01,8.941323496401309967e-03,1.117988358600996435e-04,6.752445362508296967e-03,7.588604785269126296e-05,1.205268427729606628e-01
8.449275493621826172e-01,2.101853489875793457e-02,1.149924501078203321e-04,2.621212229132652283e-02,3.167616887367330492e-05,1.076951473951339722e-01
8.078721761703491211e-01,6.265981495380401611e-02,1.599714887561276555e-04,4.276004061102867126e-02,2.286745257151778787e-05,8.652523159980773926e-02
8.645873069763183594e-01,5.245549976825714111e-02,9.022768790600821376e-05,2.039643004536628723e-02,1.549393709865398705e-05,6.245522573590278625e-02
8.351317644119262695e-01,6.569621711969375610e-02,1.450491981813684106e-04,3.364238142967224121e-02,1.928675555973313749e-05,6.536527723073959351e-02
8.698377013206481934e-01,1.708464138209819794e-02,7.606868166476488113e-05,8.795241825282573700e-03,2.880841566366143525e-05,1.041775271296501160e-01
8.448942899703979492e-01,3.109006211161613464e-02,7.904428639449179173e-05,1.407782547175884247e-02,2.077710087178274989e-05,1.098380535840988159e-01
8.452834486961364746e-01,1.679736748337745667e-02,3.747093069250695407e-05,8.661101572215557098e-03,1.362188777420669794e-05,1.292070150375366211e-01
7.547640204429626465e-01,4.416852444410324097e-02,9.030602086568251252e-05,2.303953655064105988e-02,2.367087654420174658e-05,1.779140084981918335e-01
6.399114131927490234e-01,2.080204784870147705e-01,3.448555071372538805e-04,3.725429251790046692e-02,5.498197424458339810e-05,1.144139692187309265e-01
6.163350343704223633e-01,2.296933531761169434e-01,6.472592940554022789e-04,3.374474123120307922e-02,9.723988478071987629e-05,1.194822862744331360e-01
6.049726009368896484e-01,1.084701716899871826e-01,6.517764995805919170e-04,1.071736291050910950e-01,9.909600339597091079e-05,1.786326617002487183e-01
5.293257832527160645e-01,2.461983710527420044e-01,1.203607534989714622e-03,9.754461795091629028e-02,1.562596880830824375e-04,1.255713701248168945e-01
7.948789596557617188e-01,3.640411421656608582e-02,2.702653582673519850e-04,5.320115759968757629e-02,5.207849608268588781e-05,1.151933819055557251e-01
6.677126884460449219e-01,1.001767069101333618e-01,3.090803802479058504e-04,8.083840459585189819e-02,5.095871165394783020e-05,1.509121656417846680e-01
5.930066704750061035e-01,1.675566136837005615e-01,3.397480759304016829e-04,9.525959193706512451e-02,6.470976222772151232e-05,1.437726765871047974e-01
5.912997722625732422e-01,5.591731891036033630e-02,6.187956751091405749e-05,9.173570573329925537e-02,1.617868292669299990e-05,2.609690725803375244e-01
4.207987487316131592e-01,6.487654149532318115e-02,6.238521018531173468e-05,1.538819968700408936e-01,1.579555100761353970e-05,3.603645265102386475e-01
5.773628354072570801e-01,2.775060012936592102e-02,3.169128467561677098e-05,7.113479822874069214e-02,8.580765097576659173e-06,3.237115442752838135e-01
6.063315272331237793e-01,2.983290888369083405e-02,5.692329068551771343e-05,1.454942375421524048e-01,1.188656824524514377e-05,2.182725816965103149e-01
6.351155638694763184e-01,3.653334081172943115e-02,9.391314233653247356e-05,1.570866554975509644e-01,1.453628101444337517e-05,1.711560636758804321e-01
8.101303577423095703e-01,8.402154780924320221e-03,5.445548595162108541e-05,5.712056532502174377e-02,9.008669621834997088e-06,1.242835223674774170e-01
8.039855957031250000e-01,4.081595223397016525e-03,3.547876258380711079e-05,3.357742726802825928e-02,9.569545909471344203e-06,1.583104133605957031e-01
8.188715577125549316e-01,6.508492399007081985e-03,3.847659172606654465e-05,3.970845416188240051e-02,8.696302757016383111e-06,1.348642855882644653e-01
9.209412336349487305e-01,7.275298237800598145e-03,8.572400111006572843e-05,1.527727860957384109e-02,2.231131657026708126e-05,5.639807879924774170e-02
9.072137475013732910e-01,4.608186427503824234e-03,1.003878933261148632e-04,1.960992626845836639e-02,2.484942888258956373e-05,6.844291836023330688e-02
9.188718199729919434e-01,5.313890054821968079e-03,1.328017096966505051e-04,2.335166931152343750e-02,3.219307836843654513e-05,5.229766294360160828e-02
9.251320362091064453e-01,3.952361643314361572e-03,2.598258724901825190e-04,4.576808214187622070e-02,3.572509012883529067e-05,2.485196478664875031e-02
9.033717513084411621e-01,2.860131207853555679e-03,1.883030636236071587e-04,6.295202672481536865e-02,2.778077032417058945e-05,3.059994056820869446e-02
7.208661437034606934e-01,1.239047758281230927e-02,4.450321139302104712e-04,2.426759898662567139e-01,3.767302769119851291e-05,2.358478307723999023e-02
5.553019046783447266e-01,2.482981234788894653e-02,3.897619026247411966e-04,4.054277539253234863e-01,2.023064007516950369e-05,1.403049658983945847e-02
1.787920445203781128e-01,9.570828638970851898e-03,4.648187605198472738e-04,8.084411025047302246e-01,8.228171282098628581e-06,2.723085461184382439e-03
3.881105184555053711e-01,6.425859779119491577e-02,3.123182803392410278e-03,5.335775613784790039e-01,1.362659968435764313e-04,1.079383864998817444e-02
5.445555448532104492e-01,6.273353099822998047e-02,3.604159224778413773e-03,3.792763352394104004e-01,1.690101489657536149e-04,9.661378338932991028e-03
7.036884427070617676e-01,1.359730213880538940e-01,1.779666170477867126e-02,1.260281056165695190e-01,1.761211082339286804e-03,1.475261151790618896e-02
5.037061572074890137e-01,4.054181575775146484e-01,3.302715718746185303e-02,3.419654443860054016e-02,1.009537279605865479e-02,1.355661451816558838e-02
4.784597456455230713e-01,4.444524943828582764e-01,3.080365434288978577e-02,1.979328691959381104e-02,1.395977754145860672e-02,1.253104303032159805e-02
4.784592986106872559e-01,4.444530308246612549e-01,3.080366924405097961e-02,1.979310810565948486e-02,1.395985856652259827e-02,1.253101881593465805e-02
4.784593582153320312e-01,4.444530010223388672e-01,3.080367296934127808e-02,1.979310996830463409e-02,1.395986042916774750e-02,1.253102067857980728e-02
4.784592986106872559e-01,4.444530308246612549e-01,3.080366924405097961e-02,1.979310810565948486e-02,1.395985856652259827e-02,1.253101415932178497e-02
4.784592986106872559e-01,4.444530308246612549e-01,3.080367483198642731e-02,1.979310251772403717e-02,1.395986229181289673e-02,1.253101415932178497e-02
4.784593582153320312e-01,4.444530308246612549e-01,3.080367296934127808e-02,1.979309506714344025e-02,1.395986601710319519e-02,1.253100950270891190e-02
4.784592986106872559e-01,4.444530904293060303e-01,3.080367483198642731e-02,1.979308761656284332e-02,1.395987160503864288e-02,1.253100112080574036e-02
4.784592986106872559e-01,4.444530904293060303e-01,3.080368228256702423e-02,1.979307830333709717e-02,1.395988184958696365e-02,1.253099273890256882e-02
4.784592986106872559e-01,4.444530904293060303e-01,3.080368973314762115e-02,1.979306526482105255e-02,1.395988743752241135e-02,1.253098342567682266e-02
4.784592092037200928e-01,4.444532096385955811e-01,3.080370835959911346e-02,1.979305036365985870e-02,1.395989861339330673e-02,1.253096945583820343e-02
4.784592092037200928e-01,4.444532096385955811e-01,3.080371581017971039e-02,1.979303173720836639e-02,1.395990233868360519e-02,1.253095734864473343e-02
4.784590899944305420e-01,4.444532990455627441e-01,3.080373629927635193e-02,1.979302242398262024e-02,1.395991817116737366e-02,1.253094803541898727e-02
4.784589409828186035e-01,4.444534182548522949e-01,3.080374933779239655e-02,1.979300752282142639e-02,1.395993493497371674e-02,1.253093220293521881e-02
4.784588813781738281e-01,4.444535970687866211e-01,3.080375865101814270e-02,1.979297213256359100e-02,1.395995263010263443e-02,1.253090612590312958e-02
4.784587025642395020e-01,4.444537460803985596e-01,3.080377914011478424e-02,1.979293115437030792e-02,1.395997777581214905e-02,1.253087911754846573e-02
4.784586131572723389e-01,4.444539248943328857e-01,3.080380894243717194e-02,1.979287900030612946e-02,1.396001782268285751e-02,1.253084000200033188e-02
4.784592986106872559e-01,4.444529712200164795e-01,3.080385364592075348e-02,1.979292742908000946e-02,1.396005414426326752e-02,1.253082882612943649e-02
4.784699678421020508e-01,4.444238841533660889e-01,3.081624768674373627e-02,1.980336569249629974e-02,1.395700778812170029e-02,1.252951752394437790e-02
5.909505486488342285e-01,3.127481937408447266e-01,3.881015628576278687e-02,1.930691674351692200e-02,2.243271656334400177e-02,1.575147546827793121e-02
6.433475017547607422e-01,2.651410996913909912e-01,4.033048078417778015e-02,1.483567245304584503e-02,2.121220715343952179e-02,1.513308379799127579e-02
7.720901966094970703e-01,1.837559938430786133e-01,1.681099832057952881e-02,7.421543356031179428e-03,8.082974702119827271e-03,1.183819025754928589e-02
7.545568346977233887e-01,2.076903581619262695e-01,1.357835158705711365e-02,1.150519959628582001e-02,3.634919645264744759e-03,9.034420363605022430e-03
7.693927884101867676e-01,1.981908231973648071e-01,4.362463951110839844e-03,1.266989018768072128e-02,8.601153385825455189e-04,1.452396064996719360e-02
7.556080818176269531e-01,1.878952383995056152e-01,1.189946779049932957e-03,2.090151235461235046e-02,2.196309069404378533e-04,3.418564796447753906e-02
8.783874511718750000e-01,4.394710436463356018e-02,2.466097939759492874e-04,1.598458364605903625e-02,5.772020813310518861e-05,6.137657165527343750e-02
7.319919466972351074e-01,4.618700221180915833e-02,1.567631552461534739e-04,1.898870617151260376e-02,4.537954737315885723e-05,2.026301473379135132e-01
7.143451571464538574e-01,3.970992937684059143e-02,1.198547979583963752e-04,3.786507993936538696e-02,2.745475649135187268e-05,2.079325914382934570e-01
6.868886351585388184e-01,4.981575533747673035e-03,2.766512807284016162e-05,7.045554462820291519e-03,1.166645779449027032e-05,3.010449707508087158e-01
8.220653533935546875e-01,7.622012402862310410e-03,2.472617779858410358e-05,1.849939487874507904e-02,6.992414000706048682e-06,1.517815589904785156e-01
8.345128893852233887e-01,9.749583899974822998e-03,5.113256338518112898e-05,4.781691730022430420e-02,8.342792170878965408e-06,1.078611537814140320e-01
7.964628338813781738e-01,9.279678575694561005e-03,6.377166573656722903e-05,1.221014931797981262e-01,8.508266546414233744e-06,7.208360731601715088e-02
8.481444120407104492e-01,7.950015366077423096e-03,6.859579298179596663e-05,6.671328097581863403e-02,9.410713573743123561e-06,7.711436599493026733e-02
5.464670658111572266e-01,1.375040262937545776e-01,1.013169996440410614e-03,2.073039859533309937e-01,1.215912416228093207e-04,1.075901240110397339e-01
4.674373269081115723e-01,1.151987910270690918e-01,1.117272768169641495e-03,3.394666612148284912e-01,1.248050393769517541e-04,7.665502279996871948e-02
5.960359573364257812e-01,1.775009036064147949e-01,1.228258362971246243e-03,1.202606186270713806e-01,2.015200443565845490e-04,1.047727242112159729e-01
5.597808361053466797e-01,1.954764127731323242e-01,7.713597151450812817e-04,1.336517930030822754e-01,1.201072373078204691e-04,1.101995185017585754e-01
8.813086748123168945e-01,2.393788471817970276e-02,1.351417740806937218e-04,4.945410043001174927e-02,2.416951247141696513e-05,4.514005407691001892e-02
8.822010159492492676e-01,8.177084848284721375e-03,2.449106068524997681e-05,1.316800527274608612e-02,6.583223239431390539e-06,9.642264991998672485e-02
8.060179352760314941e-01,3.967181220650672913e-02,1.519057404948398471e-04,3.308241814374923706e-02,3.341295450809411705e-05,1.210425496101379395e-01
6.899834275245666504e-01,6.856260448694229126e-02,1.218723118654452264e-04,7.800910621881484985e-02,2.188432881666813046e-05,1.633011102676391602e-01
2.663148343563079834e-01,2.110899239778518677e-01,3.403951413929462433e-04,3.740180432796478271e-01,3.122112320852465928e-05,1.482056379318237305e-01
1.943338066339492798e-01,4.554624855518341064e-01,8.678149315528571606e-04,2.671684622764587402e-01,6.779655814170837402e-05,8.209968358278274536e-02
3.439010083675384521e-01,1.287287026643753052e-01,3.334268694743514061e-04,1.305856853723526001e-01,6.532761472044512630e-05,3.963858783245086670e-01
5.736639499664306641e-01,2.089785970747470856e-02,9.329119347967207432e-05,5.649179965257644653e-02,1.661746864556334913e-05,3.488365411758422852e-01
7.279661893844604492e-01,3.673272207379341125e-02,2.509928017389029264e-04,1.052450388669967651e-01,3.012377055711112916e-05,1.297749578952789307e-01
7.655562162399291992e-01,3.423994779586791992e-02,1.701041037449613214e-04,6.682233512401580811e-02,2.573525671323295683e-05,1.331856697797775269e-01
6.098740100860595703e-01,1.591414213180541992e-01,5.488415481522679329e-04,1.922464072704315186e-01,4.007695679320022464e-05,3.814928233623504639e-02
4.358390867710113525e-01,2.238876372575759888e-01,8.029420860111713409e-04,3.165188729763031006e-01,4.379389429232105613e-05,2.290776930749416351e-02
4.078089594841003418e-01,2.900573909282684326e-01,1.156707643531262875e-03,2.061259448528289795e-01,1.165404610219411552e-04,9.473456442356109619e-02
6.235779523849487305e-01,1.375213414430618286e-01,1.194690121337771416e-03,1.462590694427490234e-01,1.388331875205039978e-04,9.130809456110000610e-02
6.604166030883789062e-01,6.912730634212493896e-02,5.545675521716475487e-04,1.374896019697189331e-01,8.106499444693326950e-05,1.323308199644088745e-01
7.649188041687011719e-01,3.069245629012584686e-02,3.984576906077563763e-04,9.738503396511077881e-02,5.729632175643928349e-05,1.065479740500450134e-01
8.354959487915039062e-01,1.351875346153974533e-02,1.502378872828558087e-04,5.791229754686355591e-02,2.690664223337080330e-05,9.289597719907760620e-02
6.556199789047241211e-01,6.392139941453933716e-02,7.860932964831590652e-04,2.249612808227539062e-01,8.791153959464281797e-05,5.462326109409332275e-02
6.321967244148254395e-01,1.180723905563354492e-01,7.193551864475011826e-04,1.392116546630859375e-01,1.207775494549423456e-04,1.096791028976440430e-01
7.953659892082214355e-01,4.817343503236770630e-02,3.861974109895527363e-04,5.767681449651718140e-02,7.287030894076451659e-05,9.832467883825302124e-02
7.811987996101379395e-01,7.338802516460418701e-02,5.527501925826072693e-04,4.152676090598106384e-02,1.164560089819133282e-04,1.032171994447708130e-01
7.606679201126098633e-01,5.624856334179639816e-03,3.550466135493479669e-05,7.280958350747823715e-03,1.583265293447766453e-05,2.263747900724411011e-01
7.141476869583129883e-01,1.796173118054866791e-02,1.007653336273506284e-04,2.180942893028259277e-02,3.760039544431492686e-05,2.459427118301391602e-01
8.242495059967041016e-01,7.562609389424324036e-03,3.953660780098289251e-05,9.647427126765251160e-03,1.422503646608674899e-05,1.584867537021636963e-01
5.985625386238098145e-01,4.318905528634786606e-03,1.234204955835593864e-05,5.275328177958726883e-03,7.641255251655820757e-06,3.918232023715972900e-01
5.073679685592651367e-01,7.851702161133289337e-03,9.059878721018321812e-06,1.181414816528558731e-02,3.677068207252887078e-06,4.729534685611724854e-01
7.446206212043762207e-01,5.519599188119173050e-03,1.162978605862008408e-05,1.696968823671340942e-02,3.917725280189188197e-06,2.328744977712631226e-01
6.519026756286621094e-01,3.441760689020156860e-02,6.798946560593321919e-05,3.587373346090316772e-02,1.794033596524968743e-05,2.777199745178222656e-01
6.054791808128356934e-01,5.427548661828041077e-02,9.387185855302959681e-05,7.448227703571319580e-02,1.471468567615374923e-05,2.656545341014862061e-01
5.438234210014343262e-01,1.024229973554611206e-01,5.939108668826520443e-04,2.862515449523925781e-01,5.797604535473510623e-05,6.685014814138412476e-02
7.034895420074462891e-01,2.534495294094085693e-02,2.471386105753481388e-04,1.555506139993667603e-01,3.774161450564861298e-05,1.153300032019615173e-01
7.318041920661926270e-01,1.476763281971216202e-02,9.077238792087882757e-05,4.838699474930763245e-02,1.847132807597517967e-05,2.049318403005599976e-01
8.230132460594177246e-01,5.691027268767356873e-03,4.370714668766595423e-05,7.936896756291389465e-03,1.637561763345729560e-05,1.632987707853317261e-01
8.227456212043762207e-01,1.263044960796833038e-02,8.019486995181068778e-05,2.712137997150421143e-02,1.864206751633901149e-05,1.374037861824035645e-01
6.907812952995300293e-01,7.544958591461181641e-02,2.353569725528359413e-04,1.348213851451873779e-01,2.741766911640297621e-05,9.868485480546951294e-02
2.300572097301483154e-01,2.174342572689056396e-01,2.665564534254372120e-04,5.245673060417175293e-01,1.250830609933473170e-05,2.766212821006774902e-02
3.064275681972503662e-01,5.436493083834648132e-02,1.164783752756193280e-04,6.234026551246643066e-01,5.270712335914140567e-06,1.568315364420413971e-02
5.450602173805236816e-01,4.052386060357093811e-02,1.002589779091067612e-04,3.055702149868011475e-01,1.002285262075020000e-05,1.087354272603988647e-01
5.554401874542236328e-01,2.805689349770545959e-02,1.003299548756331205e-04,2.492832541465759277e-01,1.452995456929784268e-05,1.671047806739807129e-01
3.952522575855255127e-01,2.231622859835624695e-02,1.269296917598694563e-04,6.659387052059173584e-02,4.248977711540646851e-05,5.156682729721069336e-01
1.635744273662567139e-01,3.896547853946685791e-02,2.105667372234165668e-04,8.483909815549850464e-02,6.444622704293578863e-05,7.123459577560424805e-01
1.707527339458465576e-01,2.193475961685180664e-01,6.239527137950062752e-04,1.003636494278907776e-01,1.204869404318742454e-04,5.087915658950805664e-01
3.770814836025238037e-01,4.301106557250022888e-02,2.167732454836368561e-04,5.184588581323623657e-02,6.505312194349244237e-05,5.277798175811767578e-01
6.325265765190124512e-01,3.110367245972156525e-02,2.795768668875098228e-04,1.568888425827026367e-01,4.087911293026991189e-05,1.791604459285736084e-01
7.192018628120422363e-01,1.953913643956184387e-02,2.886180591303855181e-04,2.054861932992935181e-01,2.755708555923774838e-05,5.545676127076148987e-02
8.928813934326171875e-01,5.364621989428997040e-03,1.441844942746683955e-04,3.787299990653991699e-02,1.998727384489029646e-05,6.371676176786422729e-02
7.794942855834960938e-01,1.116437651216983795e-02,2.642893814481794834e-04,1.534485667943954468e-01,2.658362609508913010e-05,5.560187995433807373e-02
6.464007496833801270e-01,4.880561307072639465e-02,6.513077532872557640e-04,2.282876074314117432e-01,6.284794653765857220e-05,7.579193264245986938e-02
7.015525102615356445e-01,5.674310028553009033e-02,2.325970272067934275e-04,6.858737766742706299e-02,3.833931623375974596e-05,1.728461831808090210e-01
7.913373708724975586e-01,7.832587510347366333e-02,2.148197527276352048e-04,2.981163188815116882e-02,3.783687861869111657e-05,1.002724319696426392e-01
4.530213475227355957e-01,4.001658558845520020e-01,5.871323519386351109e-04,6.160506606101989746e-02,7.787381036905571818e-05,8.454268425703048706e-02
3.638731539249420166e-01,4.786811172962188721e-01,9.169655968435108662e-04,2.259495481848716736e-02,2.145717007806524634e-04,1.337192952632904053e-01
5.629433989524841309e-01,3.126032054424285889e-01,1.692883204668760300e-03,2.421251311898231506e-02,4.189609899185597897e-04,9.812898933887481689e-02
3.498039841651916504e-01,4.230194985866546631e-01,2.981870900839567184e-03,5.470319092273712158e-02,7.241932325996458530e-04,1.687672883272171021e-01
4.711258113384246826e-01,6.637345999479293823e-02,7.488453993573784828e-04,1.516511105000972748e-02,3.719930537045001984e-04,4.462146162986755371e-01
4.829452335834503174e-01,2.685746923089027405e-02,1.838483876781538129e-04,1.114787068217992783e-02,1.213306823046877980e-04,4.787442982196807861e-01
2.807039618492126465e-01,1.443455088883638382e-02,5.938614413025788963e-05,1.517063565552234650e-02,3.408360498724505305e-05,6.895973682403564453e-01
2.973514497280120850e-01,1.068482454866170883e-02,3.235835538362152874e-05,2.756316214799880981e-02,1.561176577524747699e-05,6.643526554107666016e-01
3.363336622714996338e-01,3.143122047185897827e-02,4.121789606870152056e-05,3.888235986232757568e-02,2.046857662207912654e-05,5.932910442352294922e-01
4.624898731708526611e-01,4.921888932585716248e-02,8.011541649466380477e-05,6.724066287279129028e-02,2.522935028537176549e-05,4.209452271461486816e-01
3.943182826042175293e-01,9.612054377794265747e-02,1.285002508666366339e-04,1.113781109452247620e-01,2.332027179363649338e-05,3.980312049388885498e-01
7.368205785751342773e-01,4.246597364544868469e-02,2.569966309238225222e-04,2.141226828098297119e-02,8.166638872353360057e-05,1.989624202251434326e-01
8.412129878997802734e-01,2.693238854408264160e-02,2.572947996668517590e-04,1.558403857052326202e-02,7.046066457405686378e-05,1.159427240490913391e-01
9.223009943962097168e-01,3.042816650122404099e-03,5.093429354019463062e-05,1.566494582220911980e-03,3.105514406342990696e-05,7.300774008035659790e-02
9.782230257987976074e-01,7.765737827867269516e-04,2.953668808913789690e-05,8.270318503491580486e-04,1.829275788622908294e-05,2.012554556131362915e-02
9.368021488189697266e-01,1.731887692585587502e-03,2.741365642577875406e-05,4.081918392330408096e-03,1.314921428274828941e-05,5.734344199299812317e-02
8.165521621704101562e-01,1.411714032292366028e-02,6.852235674159601331e-05,6.635703146457672119e-02,1.422898094460833818e-05,1.028909608721733093e-01
6.971728801727294922e-01,4.731186479330062866e-02,3.526877262629568577e-04,1.491618007421493530e-01,5.135180981596931815e-05,1.059493198990821838e-01
6.382378935813903809e-01,5.187566578388214111e-02,3.218382480554282665e-04,2.269037961959838867e-01,4.052493750350549817e-05,8.262030780315399170e-02
3.015156984329223633e-01,2.667396366596221924e-01,8.556221728213131428e-04,3.877134025096893311e-01,6.543028575833886862e-05,4.311027377843856812e-02
5.904681682586669922e-01,1.339985430240631104e-01,4.300077271182090044e-04,4.471866786479949951e-02,9.478014544583857059e-05,2.302897572517395020e-01
4.865682423114776611e-01,1.249113380908966064e-01,6.945697241462767124e-04,7.261057198047637939e-02,1.348937221337109804e-04,3.150802552700042725e-01
2.952807843685150146e-01,1.836914122104644775e-01,1.059775589965283871e-03,1.613434255123138428e-01,1.310849474975839257e-04,3.584935367107391357e-01
4.300552606582641602e-01,2.277865819633007050e-02,1.894098531920462847e-04,6.119346991181373596e-02,3.561927951523102820e-05,4.857475757598876953e-01
3.633125722408294678e-01,3.757563885301351547e-03,1.326870187767781317e-05,2.587777376174926758e-02,4.691267349699046463e-06,6.070340871810913086e-01
5.675879120826721191e-01,1.287433900870382786e-03,3.574878746803733520e-06,1.877686940133571625e-02,1.336917762273515109e-06,4.123428165912628174e-01
4.272600412368774414e-01,9.190390701405704021e-04,1.157794031314551830e-06,4.295594058930873871e-03,7.076245083226240240e-07,5.675234794616699219e-01
6.741471290588378906e-01,3.890617284923791885e-03,3.622749773057876155e-06,9.877609089016914368e-03,1.496355366725765634e-06,3.120795488357543945e-01
7.901181578636169434e-01,1.617119647562503815e-03,2.477916495990939438e-06,3.414294915273785591e-03,1.087102532437711488e-06,2.048468589782714844e-01
8.777913451194763184e-01,4.228382371366024017e-03,8.981803148344624788e-06,1.461974438279867172e-02,2.354530124648590572e-06,1.033491045236587524e-01
7.538413405418395996e-01,1.848547533154487610e-02,4.343630644143559039e-05,7.935123145580291748e-02,7.561117399745853618e-06,1.482709795236587524e-01
7.654619812965393066e-01,1.391414552927017212e-02,4.830737816519103944e-05,4.331105202436447144e-02,1.159677867690334097e-05,1.772530227899551392e-01
8.565027117729187012e-01,2.397737465798854828e-02,2.050843177130445838e-04,6.072160601615905762e-02,2.979410783154889941e-05,5.856341123580932617e-02
6.862058043479919434e-01,6.825788319110870361e-02,8.023820118978619576e-04,1.941004246473312378e-01,7.899716001702472568e-05,5.055443942546844482e-02
8.322361111640930176e-01,1.955992728471755981e-02,2.871210162993520498e-04,9.408955276012420654e-02,3.363858559168875217e-05,5.379372835159301758e-02
9.435052275657653809e-01,3.865756094455718994e-03,5.976899774395860732e-05,2.316649444401264191e-02,9.582502570992801338e-06,2.939315512776374817e-02
8.058118224143981934e-01,1.382777746766805649e-02,8.458746015094220638e-05,1.140196546912193298e-01,9.448457603866700083e-06,6.624670326709747314e-02
6.420150995254516602e-01,4.041782021522521973e-02,6.624744128203019500e-05,1.830840706825256348e-01,8.440355486527550966e-06,1.344082206487655640e-01
6.904655098915100098e-01,5.567513778805732727e-02,1.043111697072163224e-04,9.340930730104446411e-02,1.924739990499801934e-05,1.603264659643173218e-01
5.518378615379333496e-01,4.404013231396675110e-02,4.769221777678467333e-05,8.718697726726531982e-02,9.136068001680541784e-06,3.168781101703643799e-01
6.536056995391845703e-01,2.484828978776931763e-02,3.830060450127348304e-05,1.418763846158981323e-01,6.113077688496559858e-06,1.796252578496932983e-01
7.508623003959655762e-01,7.403616793453693390e-03,2.312420292582828552e-05,5.323506891727447510e-02,5.714674898626981303e-06,1.884702742099761963e-01
6.618880033493041992e-01,6.593810860067605972e-03,2.238393790321424603e-05,2.943125739693641663e-02,7.746180017420556396e-06,3.020567893981933594e-01
6.188416481018066406e-01,4.336749203503131866e-03,2.670597677933983505e-05,5.606067180633544922e-02,7.679923328396398574e-06,3.207266032695770264e-01
7.706297039985656738e-01,5.122352857142686844e-03,4.065598477609455585e-05,1.093698814511299133e-01,6.623110039072344080e-06,1.148307174444198608e-01
7.626129984855651855e-01,1.275140419602394104e-02,1.083226961782202125e-04,9.527586400508880615e-02,1.583084122103173286e-05,1.292355656623840332e-01
7.048166394233703613e-01,2.145748399198055267e-02,1.213099458254873753e-04,1.464811265468597412e-01,1.831370173022150993e-05,1.271051317453384399e-01
7.126821279525756836e-01,4.027285799384117126e-02,7.882256613811478019e-05,1.396049559116363525e-01,1.220789818034972996e-05,1.073488965630531311e-01
8.420087099075317383e-01,7.737789303064346313e-03,1.492017690907232463e-05,1.505188364535570145e-02,5.603872068604687229e-06,1.351809352636337280e-01
7.739588022232055664e-01,1.481877919286489487e-02,1.601620169822126627e-05,2.509276941418647766e-02,5.069173312222119421e-06,1.861085444688796997e-01
8.030894398689270020e-01,1.175126247107982635e-02,1.454217181162675843e-05,2.865928038954734802e-02,3.711563749675406143e-06,1.564818024635314941e-01
7.695278525352478027e-01,2.127860859036445618e-02,2.191692328779026866e-05,2.043424919247627258e-02,6.038396350049879402e-06,1.887313127517700195e-01
5.953621268272399902e-01,9.826505184173583984e-02,1.215967495227232575e-04,1.246404573321342468e-01,1.875338239187840372e-05,1.815920323133468628e-01
5.101091265678405762e-01,1.758826971054077148e-01,3.231590380892157555e-04,1.548707485198974609e-01,4.102157981833443046e-05,1.587731838226318359e-01
5.110746026039123535e-01,9.263043105602264404e-02,1.372840779367834330e-04,2.643967568874359131e-01,1.459813574911095202e-05,1.317462921142578125e-01
3.094204068183898926e-01,2.132404744625091553e-01,3.279935335740447044e-04,4.265065789222717285e-01,1.713625533739104867e-05,5.048738792538642883e-02
4.738495647907257080e-01,2.389901876449584961e-01,9.388830512762069702e-04,2.283429652452468872e-01,7.182623085100203753e-05,5.780664086341857910e-02
7.141066193580627441e-01,1.385147869586944580e-01,8.094523218460381031e-04,1.092889532446861267e-01,7.545014523202553391e-05,3.720474243164062500e-02
7.818968892097473145e-01,7.826942205429077148e-02,4.717568517662584782e-04,4.570268839597702026e-02,7.623178680660203099e-05,9.358303248882293701e-02
6.002885699272155762e-01,1.758073419332504272e-01,9.255221229977905750e-04,1.012868285179138184e-01,1.188368332805112004e-04,1.215728074312210083e-01
6.856834292411804199e-01,5.687253177165985107e-02,4.488078993745148182e-04,4.384069144725799561e-02,8.711472764844074845e-05,2.130674123764038086e-01
4.873527586460113525e-01,6.254808604717254639e-02,2.811354934237897396e-04,4.123819619417190552e-02,7.085288962116464972e-05,4.085088968276977539e-01
3.288073241710662842e-01,2.308606207370758057e-01,9.168356773443520069e-04,3.503311574459075928e-01,7.177791849244385958e-05,8.901232481002807617e-02
7.433146238327026367e-01,9.074371308088302612e-02,7.015189621597528458e-04,7.482445240020751953e-02,9.322772530140355229e-05,9.032245725393295288e-02
5.698297023773193359e-01,5.972224846482276917e-02,9.971299004973843694e-05,1.451510637998580933e-01,1.581110700499266386e-05,2.251814603805541992e-01
5.115163922309875488e-01,4.983554407954216003e-02,1.034725137287750840e-04,2.086606025695800781e-01,1.855119262472726405e-05,2.298655062913894653e-01
3.976423740386962891e-01,5.046495702117681503e-03,7.182848548836773261e-06,3.861449658870697021e-02,2.724071919146808796e-06,5.586867332458496094e-01
2.874061167240142822e-01,3.203437896445393562e-03,3.709859356604283676e-06,2.363736182451248169e-02,1.943159077200107276e-06,6.857474446296691895e-01
4.518183171749114990e-01,6.423638667911291122e-03,1.299761788686737418e-05,4.249462112784385681e-02,5.181744654692010954e-06,4.992452263832092285e-01
6.305875778198242188e-01,1.825643703341484070e-02,6.288537406362593174e-05,4.402120411396026611e-02,1.928279561980161816e-05,3.070525527000427246e-01
6.684001088142395020e-01,5.511142686009407043e-02,2.030248724622651935e-04,1.061990186572074890e-01,3.041644959012046456e-05,1.700559556484222412e-01
5.055339932441711426e-01,1.622939407825469971e-01,7.212082855403423309e-04,2.769035995006561279e-01,6.626563117606565356e-05,5.448092892765998840e-02
3.593680262565612793e-01,1.541608422994613647e-01,8.880043169483542442e-04,4.665215611457824707e-01,4.879047264694236219e-05,1.901280693709850311e-02
4.970956146717071533e-01,9.776217490434646606e-02,6.403807783499360085e-04,3.739506900310516357e-01,5.824108302476815879e-05,3.049284778535366058e-02
6.805405020713806152e-01,8.849523216485977173e-02,5.747086834162473679e-04,1.249183490872383118e-01,1.192903509945608675e-04,1.053519695997238159e-01
7.615532279014587402e-01,2.214984782040119171e-02,1.711929799057543278e-04,1.219626143574714661e-02,8.681092731421813369e-05,2.038427293300628662e-01
7.203778028488159180e-01,1.536257006227970123e-02,1.585752470418810844e-04,1.417944300919771194e-02,7.742068555671721697e-05,2.498440891504287720e-01
7.920076847076416016e-01,3.927112743258476257e-02,2.887185837607830763e-04,1.910434290766716003e-02,1.013862929539754987e-04,1.492267251014709473e-01
7.692310810089111328e-01,7.412511110305786133e-02,3.863667079713195562e-04,2.788881771266460419e-02,8.804797107586637139e-05,1.282806247472763062e-01
6.712294220924377441e-01,8.754722028970718384e-02,4.717095580417662859e-04,2.543072216212749481e-02,1.496181212132796645e-04,2.151712477207183838e-01
6.097436547279357910e-01,1.127264574170112610e-01,5.462358240038156509e-04,3.729093447327613831e-02,1.620578550500795245e-04,2.395306676626205444e-01
5.755571126937866211e-01,6.287275999784469604e-02,3.336168301757425070e-04,2.823000214993953705e-02,9.168982796836644411e-05,3.329148292541503906e-01
6.178989410400390625e-01,1.482837926596403122e-02,1.443946093786507845e-04,9.959946386516094208e-03,5.925016375840641558e-05,3.571091592311859131e-01
4.072807431221008301e-01,1.973984297364950180e-03,1.838512071117293090e-05,1.927908509969711304e-03,1.254101880476810038e-05,5.887864232063293457e-01
6.434450149536132812e-01,3.022494725883007050e-03,1.452410742786014453e-05,5.286066792905330658e-03,5.813658390252385288e-06,3.482261002063751221e-01
7.907747626304626465e-01,5.348226055502891541e-03,1.918861198646482080e-05,7.829830981791019440e-03,6.814625521656125784e-06,1.960211396217346191e-01
6.393511295318603516e-01,3.651942685246467590e-02,6.744088750565424562e-05,2.973936684429645538e-02,1.530378176539670676e-05,2.943073213100433350e-01
7.299067378044128418e-01,8.178567886352539062e-02,1.669234479777514935e-04,4.167053475975990295e-02,3.402944275876507163e-05,1.464361548423767090e-01
7.563040256500244141e-01,8.884738385677337646e-02,3.646901168394833803e-04,6.285543739795684814e-02,6.282375397859141231e-05,9.156569093465805054e-02
8.044486045837402344e-01,4.611164703965187073e-02,3.546672814991325140e-04,3.220063075423240662e-02,9.190306445816531777e-05,1.167926341295242310e-01
8.561965823173522949e-01,3.539780899882316589e-02,2.896688238251954317e-04,5.135998502373695374e-02,4.712084046332165599e-05,5.670877546072006226e-02
9.116942286491394043e-01,1.064736582338809967e-02,9.556841541780158877e-05,4.236922413110733032e-02,1.417016392224468291e-05,3.517952561378479004e-02
8.256208300590515137e-01,3.970210626721382141e-02,3.377499233465641737e-04,7.365339249372482300e-02,6.282129470491781831e-05,6.062315031886100769e-02
6.776480078697204590e-01,1.122340485453605652e-01,7.867644890211522579e-04,1.462538242340087891e-01,1.281107397517189384e-04,6.294926255941390991e-02
7.549378871917724609e-01,1.051199138164520264e-01,9.417514665983617306e-04,7.526464760303497314e-02,1.592901971889659762e-04,6.357646733522415161e-02
7.236961722373962402e-01,1.708375215530395508e-01,1.867750892415642738e-03,8.218354731798171997e-02,2.513276995159685612e-04,2.116360887885093689e-02
7.536108493804931641e-01,1.636865586042404175e-01,1.641826936975121498e-03,5.761698260903358459e-02,2.085450541926547885e-04,2.323527261614799500e-02
9.447811841964721680e-01,1.690765842795372009e-02,6.572577694896608591e-05,8.027694188058376312e-03,1.439500465494347736e-05,3.020334616303443909e-02
9.577215909957885742e-01,7.185391616076231003e-03,2.580766704340931028e-05,4.160882905125617981e-03,5.938928552495781332e-06,3.090040571987628937e-02
8.199512362480163574e-01,4.388712812215089798e-03,8.168771273631136864e-06,2.007578266784548759e-03,5.058705028204713017e-06,1.736391782760620117e-01
7.730166316032409668e-01,5.091714207082986832e-03,1.354198502667713910e-05,2.907120389863848686e-03,7.714224921073764563e-06,2.189632952213287354e-01
6.059055328369140625e-01,8.156187832355499268e-03,3.680533700389787555e-05,5.753272213041782379e-03,2.055713775916956365e-05,3.801275193691253662e-01
5.340006351470947266e-01,1.333927083760499954e-02,8.303751383209601045e-05,9.984099306166172028e-03,3.763273707590997219e-05,4.425553977489471436e-01
8.184194564819335938e-01,1.389562524855136871e-02,2.559484564699232578e-04,1.506777666509151459e-02,7.448147516697645187e-05,1.522867977619171143e-01
9.030314087867736816e-01,1.375041808933019638e-02,4.205114382784813643e-04,1.816626451909542084e-02,1.008730905596166849e-04,6.453063338994979858e-02
8.324314355850219727e-01,3.913700208067893982e-02,6.270121666602790356e-04,7.496363669633865356e-02,7.999582885531708598e-05,5.276085436344146729e-02
8.505784273147583008e-01,1.492271386086940765e-02,3.082036564592272043e-04,1.189213842153549194e-01,2.322249019925948232e-05,1.524600200355052948e-02
6.871861219406127930e-01,4.791031032800674438e-02,3.084796771872788668e-04,2.443222850561141968e-01,1.894209344754926860e-05,2.025392279028892517e-02
5.231617689132690430e-01,1.802403181791305542e-01,3.874148242175579071e-04,2.614543735980987549e-01,2.431097891530953348e-05,3.473178669810295105e-02
7.081429958343505859e-01,5.370493605732917786e-02,7.212191849248483777e-05,4.753614589571952820e-02,1.396337574988137931e-05,1.905298680067062378e-01
5.783643722534179688e-01,5.704560130834579468e-02,6.608107651118189096e-05,2.977596782147884369e-02,1.592783337400760502e-05,3.347321748733520508e-01
5.674532055854797363e-01,4.661447927355766296e-02,1.083222741726785898e-04,3.286786377429962158e-02,3.199048660462722182e-05,3.529240787029266357e-01
7.079068422317504883e-01,2.015781775116920471e-02,1.094776598620228469e-04,4.307473078370094299e-02,3.289119194960221648e-05,2.287182658910751343e-01
8.969931602478027344e-01,4.674356896430253983e-03,4.243326475261710584e-05,1.144118886440992355e-02,1.660335692577064037e-05,8.683237433433532715e-02
9.483563303947448730e-01,4.287784453481435776e-03,6.149522232590243220e-05,1.224703621119260788e-02,1.644581243454013020e-05,3.503102064132690430e-02
9.076136350631713867e-01,9.168425574898719788e-03,6.717195356031879783e-05,1.318332646042108536e-02,2.171166852349415421e-05,6.994570791721343994e-02
8.308072090148925781e-01,1.380647718906402588e-02,5.357452391763217747e-05,1.039742771536111832e-02,2.065858279820531607e-05,1.449146568775177002e-01
5.659451484680175781e-01,3.266968578100204468e-02,1.229701301781460643e-04,3.178399056196212769e-02,5.563415470533072948e-05,3.694224655628204346e-01
4.948783218860626221e-01,8.688770234584808350e-02,2.837642387021332979e-04,6.189032644033432007e-02,9.475497063249349594e-05,3.559651672840118408e-01
5.778040885925292969e-01,4.432018846273422241e-02,1.349634549114853144e-04,3.106835298240184784e-02,4.949346839566715062e-05,3.466229438781738281e-01
6.376214027404785156e-01,9.259809553623199463e-02,4.156592185609042645e-04,4.461079463362693787e-02,1.150531534221954644e-04,2.246390283107757568e-01
6.912409067153930664e-01,8.949048072099685669e-02,3.743643173947930336e-04,3.911473974585533142e-02,9.170360863208770752e-05,1.796877384185791016e-01
6.944813132286071777e-01,1.117647960782051086e-01,4.409073153510689735e-04,3.395905345678329468e-02,8.300231274915859103e-05,1.592708081007003784e-01
5.696529150009155273e-01,2.090903967618942261e-01,8.926830487325787544e-04,5.536076053977012634e-02,1.770051021594554186e-04,1.648262143135070801e-01
5.853058099746704102e-01,3.305375948548316956e-02,1.143163317465223372e-04,1.152892224490642548e-02,4.725827238871715963e-05,3.699499666690826416e-01
5.798670053482055664e-01,1.986907124519348145e-01,3.857800620608031750e-04,8.153122663497924805e-02,5.760571002610959113e-05,1.394677311182022095e-01
2.445462346076965332e-01,5.194717645645141602e-01,1.047334168106317520e-03,1.590430438518524170e-01,9.336046787211671472e-05,7.579827308654785156e-02
1.752241551876068115e-01,6.105524897575378418e-01,1.016095047816634178e-03,1.795166432857513428e-01,7.272593938978388906e-05,3.361793234944343567e-02
4.324126839637756348e-01,4.362907707691192627e-01,8.698944584466516972e-04,1.004842147231101990e-01,7.961528172018006444e-05,2.986283972859382629e-02
8.015154600143432617e-01,1.451252996921539307e-01,6.431803922168910503e-04,3.771298006176948547e-02,6.610228592762723565e-05,1.493698451668024063e-02
9.301751852035522461e-01,3.226760029792785645e-02,1.349745143670588732e-04,1.017935480922460556e-02,2.682273407117463648e-05,2.721604704856872559e-02
9.217002987861633301e-01,6.078205537050962448e-03,3.529945388436317444e-05,5.081665236502885818e-03,1.749819421092979610e-05,6.708719581365585327e-02
6.802916526794433594e-01,1.237463671714067459e-02,6.779897375963628292e-05,4.523178562521934509e-03,5.755994425271637738e-05,3.026852011680603027e-01
5.558652281761169434e-01,3.152656182646751404e-02,1.334957778453826904e-04,1.481023710221052170e-02,7.244906737469136715e-05,3.975919187068939209e-01
4.340746402740478516e-01,7.950436323881149292e-02,2.882799308281391859e-04,3.043822757899761200e-02,1.014604640658944845e-04,4.555930495262145996e-01
2.606650888919830322e-01,3.533388301730155945e-02,7.641498814336955547e-05,1.365813333541154861e-02,3.306080179754644632e-05,6.902334690093994141e-01
2.939349710941314697e-01,3.566107526421546936e-02,4.467633698368445039e-05,2.274116314947605133e-02,1.790192800399381667e-05,6.476002335548400879e-01
1.677131056785583496e-01,6.822893023490905762e-02,5.203452019486576319e-05,8.714724332094192505e-02,1.163515480584464967e-05,6.768470406532287598e-01
1.736861914396286011e-01,1.197485700249671936e-01,8.851700840750709176e-05,7.089337706565856934e-02,2.131632754753809422e-05,6.355620622634887695e-01
2.768584191799163818e-01,1.669211238622665405e-01,3.794586227741092443e-04,1.712647080421447754e-01,5.297116149449720979e-05,3.845232129096984863e-01
3.085101544857025146e-01,1.284857094287872314e-01,2.555865212343633175e-04,1.413573771715164185e-01,3.940892202081158757e-05,4.213518202304840088e-01
3.938499391078948975e-01,1.540320366621017456e-01,5.795347387902438641e-04,2.546648681163787842e-01,5.676454020431265235e-05,1.968167871236801147e-01
6.759982705116271973e-01,5.312378704547882080e-02,1.574690977577120066e-04,1.258240342140197754e-01,2.028292328759562224e-05,1.448761075735092163e-01
8.079690933227539062e-01,1.721158623695373535e-02,5.696983134839683771e-05,9.726178646087646484e-02,7.032899247860768810e-06,7.749363780021667480e-02
7.612894177436828613e-01,4.100578650832176208e-02,7.904569065431132913e-05,1.090517491102218628e-01,1.116757903218967840e-05,8.856276422739028931e-02
6.170234680175781250e-01,9.118747711181640625e-02,1.469460257794708014e-04,7.345564663410186768e-02,2.823320210154633969e-05,2.181581854820251465e-01
5.702838897705078125e-01,1.392491012811660767e-01,3.959124151151627302e-04,9.436567872762680054e-02,7.934304449008777738e-05,1.956260055303573608e-01
5.591756701469421387e-01,1.031779795885086060e-01,4.265541210770606995e-04,8.107515424489974976e-02,9.393408981850370765e-05,2.560507357120513916e-01
3.181841969490051270e-01,2.918032407760620117e-01,6.718704244121909142e-04,1.727822124958038330e-01,1.120297674788162112e-04,2.164464890956878662e-01
3.749850392341613770e-01,3.645032644271850586e-02,8.511069609085097909e-05,6.411214917898178101e-02,2.950168345705606043e-05,5.243378877639770508e-01
2.505375444889068604e-01,6.775178015232086182e-02,4.902647560811601579e-05,1.536582559347152710e-01,1.113065627578180283e-05,5.279921889305114746e-01
4.041714966297149658e-01,6.965213268995285034e-02,8.104969310807064176e-05,1.220585107803344727e-01,2.000310996663756669e-05,4.040167629718780518e-01
5.686121582984924316e-01,1.156034134328365326e-02,1.445460566174006090e-05,8.511360734701156616e-02,3.809274630839354359e-06,3.346956670284271240e-01
5.902636647224426270e-01,1.079693529754877090e-02,1.302172586292726919e-05,1.209573969244956970e-01,3.087764525844249874e-06,2.779658436775207520e-01
6.034396886825561523e-01,6.636273115873336792e-03,9.160417903331108391e-06,1.139463931322097778e-01,2.143669917131774127e-06,2.759663462638854980e-01
3.853386938571929932e-01,8.962571620941162109e-03,6.247062628972344100e-06,4.394467175006866455e-02,2.458181370457168669e-06,5.617453455924987793e-01
3.623306155204772949e-01,3.925405815243721008e-02,4.012152567156590521e-05,1.716427952051162720e-01,6.584618404303910211e-06,4.267258644104003906e-01
3.942020237445831299e-01,1.019711419939994812e-01,2.866730501409620047e-04,3.877041041851043701e-01,2.458513154124375433e-05,1.158114299178123474e-01
6.646178960800170898e-01,7.629235833883285522e-02,6.840537535026669502e-04,1.540588736534118652e-01,6.550018588313832879e-05,1.042813360691070557e-01
5.944716334342956543e-01,5.510098114609718323e-02,8.041482069529592991e-04,1.681644618511199951e-01,1.057833505910821259e-04,1.813529580831527710e-01
7.300007343292236328e-01,2.632033079862594604e-02,4.234320367686450481e-04,1.196891665458679199e-01,5.492401396622881293e-05,1.235114037990570068e-01
8.104169368743896484e-01,8.288413286209106445e-03,1.439849438611418009e-04,7.064379751682281494e-02,2.535184103180654347e-05,1.104816496372222900e-01
8.319514989852905273e-01,1.058216579258441925e-02,9.657913324190303683e-05,8.194701373577117920e-02,1.434579007764114067e-05,7.540836185216903687e-02
9.054982066154479980e-01,4.320924170315265656e-03,3.055160050280392170e-05,4.163105040788650513e-02,5.988125394651433453e-06,4.851336404681205750e-02
9.114148020744323730e-01,1.008184812963008881e-02,5.236020660959184170e-05,5.119025707244873047e-02,7.721834663243498653e-06,2.725301310420036316e-02
7.519984245300292969e-01,9.814345091581344604e-02,1.938536879606544971e-04,9.262672066688537598e-02,2.015260542975738645e-05,5.701737850904464722e-02
4.497413337230682373e-01,2.590130865573883057e-01,6.078889127820730209e-04,2.471365630626678467e-01,4.486595935304649174e-05,4.345628246665000916e-02
2.683734893798828125e-01,3.957417309284210205e-01,5.800100625492632389e-04,2.550879418849945068e-01,5.199029692448675632e-05,8.016479760408401489e-02
2.093024998903274536e-01,4.339540302753448486e-01,3.351360792294144630e-04,1.560155153274536133e-01,4.198844180791638792e-05,2.003508806228637695e-01
3.646109402179718018e-01,1.320790648460388184e-01,1.293849345529451966e-04,1.749466955661773682e-01,1.887572216219268739e-05,3.282150924205780029e-01
3.629691898822784424e-01,1.144479587674140930e-01,2.141296426998451352e-04,1.161187663674354553e-01,5.502435669768601656e-05,4.061950147151947021e-01
3.853892385959625244e-01,1.884406805038452148e-01,8.957730606198310852e-04,1.301649063825607300e-01,2.800401707645505667e-04,2.948293387889862061e-01
5.658190846443176270e-01,1.660440266132354736e-01,1.799799851141870022e-03,5.838051810860633850e-02,6.963218329474329948e-04,2.072603255510330200e-01
7.004742026329040527e-01,1.459493190050125122e-01,1.782176317647099495e-03,6.230361759662628174e-02,6.188844563439488411e-04,8.887180685997009277e-02
8.891842961311340332e-01,3.869216516613960266e-02,5.133334198035299778e-04,1.600031740963459015e-02,1.841798220993950963e-04,5.542558059096336365e-02
8.369559049606323242e-01,4.751244559884071350e-02,1.227686734637245536e-04,2.689811214804649353e-02,3.511134491418488324e-05,8.847577124834060669e-02
8.568161725997924805e-01,2.067470736801624298e-02,2.803475399559829384e-05,1.824482157826423645e-02,7.428881417581578717e-06,1.042289063334465027e-01
6.396652460098266602e-01,1.285712718963623047e-01,1.071280421456322074e-04,1.293817609548568726e-01,1.269840595341520384e-05,1.022618412971496582e-01
2.933014333248138428e-01,2.493954896926879883e-01,1.534924376755952835e-04,3.328749835491180420e-01,1.220590911543695256e-05,1.242624148726463318e-01
2.086255401372909546e-01,3.248890936374664307e-01,1.398148597218096256e-04,3.503889143466949463e-01,9.576604497851803899e-06,1.159469783306121826e-01
1.740658730268478394e-01,2.546603083610534668e-01,1.942870730999857187e-04,4.854153394699096680e-01,1.034625074680661783e-05,8.565387129783630371e-02
3.221358060836791992e-01,1.403984278440475464e-01,2.380940277362242341e-04,4.089083969593048096e-01,2.047081034106668085e-05,1.282988190650939941e-01
3.097096383571624756e-01,4.450197517871856689e-02,1.550578454043716192e-04,3.019390106201171875e-01,2.590239091659896076e-05,3.436684012413024902e-01
4.979460239410400391e-01,2.027309685945510864e-02,2.522985159885138273e-04,2.348669022321701050e-01,4.617904414772056043e-05,2.466154992580413818e-01
4.909884333610534668e-01,8.011661469936370850e-03,8.064993016887456179e-05,9.116234630346298218e-02,1.851448905654251575e-05,4.097384512424468994e-01
8.044975996017456055e-01,4.316600039601325989e-03,6.340986874420195818e-05,5.165686085820198059e-02,1.480475748394383118e-05,1.394507735967636108e-01
8.110576868057250977e-01,9.124182164669036865e-03,3.800744889304041862e-05,2.435467764735221863e-02,9.904922080750111490e-06,1.554155051708221436e-01
8.050886392593383789e-01,1.315873116254806519e-02,9.050334483617916703e-05,9.228735417127609253e-02,1.622304444026667625e-05,8.935857564210891724e-02
6.856170296669006348e-01,7.602293789386749268e-02,2.545839815866202116e-04,1.688518375158309937e-01,2.553640297264792025e-05,6.922809034585952759e-02
6.917635202407836914e-01,1.121115833520889282e-01,3.482240426819771528e-04,9.179728478193283081e-02,4.946333137922920287e-05,1.039298772811889648e-01
2.792649567127227783e-01,2.141247093677520752e-01,4.121234815102070570e-04,4.193888902664184570e-01,2.951582246168982238e-05,8.677995949983596802e-02
4.568535685539245605e-01,1.808776110410690308e-01,4.388879460748285055e-04,3.039935827255249023e-01,2.978651355078909546e-05,5.780659615993499756e-02
3.912223577499389648e-01,2.994693219661712646e-01,3.868092317134141922e-04,1.288117170333862305e-01,4.122157406527549028e-05,1.800685673952102661e-01
2.344547659158706665e-01,3.163556754589080811e-01,6.054256809875369072e-04,1.187815740704536438e-01,8.328887633979320526e-05,3.297192752361297607e-01
2.974202334880828857e-01,3.697167634963989258e-01,9.998510358855128288e-04,9.882763028144836426e-02,1.936879707500338554e-04,2.328418344259262085e-01
4.965500831604003906e-01,6.122693046927452087e-02,4.271970828995108604e-04,4.730361700057983398e-02,1.226141175720840693e-04,3.943695127964019775e-01
7.845233678817749023e-01,1.729070581495761871e-02,2.149806095985695720e-04,1.497141551226377487e-02,9.730485908221453428e-05,1.829021573066711426e-01
9.423255920410156250e-01,9.225926361978054047e-03,1.410971017321571708e-04,1.406142674386501312e-02,3.479608858469873667e-05,3.421119973063468933e-02
9.371882677078247070e-01,6.909805815666913986e-03,3.292049223091453314e-05,9.876732714474201202e-03,7.895931958046276122e-06,4.598435759544372559e-02
8.278530240058898926e-01,5.645253136754035950e-02,7.231163181131705642e-05,5.420899018645286560e-02,9.713658982946071774e-06,6.140340864658355713e-02
5.246794223785400391e-01,1.892404556274414062e-01,6.506107456516474485e-05,9.342339634895324707e-02,9.284681254939641804e-06,1.925825029611587524e-01
1.251961886882781982e-01,1.314469873905181885e-01,1.822128615458495915e-05,6.674776971340179443e-02,2.852126726793358102e-06,6.765879988670349121e-01
6.723913550376892090e-02,2.348469346761703491e-01,3.210059367120265961e-05,2.235146909952163696e-01,3.109235876763705164e-06,4.743640422821044922e-01
8.518464118242263794e-02,4.089618623256683350e-01,1.756702549755573273e-04,1.783436685800552368e-01,1.716290898912120610e-05,3.273170292377471924e-01
5.618916079401969910e-02,4.362189471721649170e-01,2.062515268335118890e-04,2.362029999494552612e-01,1.768487709341570735e-05,2.711649835109710693e-01
7.434953004121780396e-02,4.275060296058654785e-01,4.106623819097876549e-04,3.607353866100311279e-01,3.039681178051978350e-05,1.369680315256118774e-01
2.883425354957580566e-01,2.200631797313690186e-01,9.522411855868995190e-04,3.108081221580505371e-01,1.029094491968862712e-04,1.797309666872024536e-01
4.313448369503021240e-01,6.814515590667724609e-02,4.731455992441624403e-04,1.529234498739242554e-01,9.078532457351684570e-05,3.470225334167480469e-01
7.207605242729187012e-01,2.351605333387851715e-02,3.126529045403003693e-04,1.663881391286849976e-01,5.314452573657035828e-05,8.896940946578979492e-02
5.870050787925720215e-01,5.049332976341247559e-02,3.931147512048482895e-04,2.725033462047576904e-01,5.350958599592559040e-05,8.955162763595581055e-02
5.212777256965637207e-01,1.033690050244331360e-01,3.586842794902622700e-04,2.866694927215576172e-01,3.967589509557001293e-05,8.828545361757278442e-02
5.594475865364074707e-01,1.172483265399932861e-01,3.404958697501569986e-04,2.246648371219635010e-01,3.296565773780457675e-05,9.826583415269851685e-02
6.716254353523254395e-01,5.980193614959716797e-02,8.763238292885944247e-05,8.931057155132293701e-02,1.438621711713494733e-05,1.791599392890930176e-01
7.664155960083007812e-01,1.327652018517255783e-02,5.645779674523510039e-05,1.865186542272567749e-02,1.815583527786657214e-05,2.015813589096069336e-01
7.549417614936828613e-01,6.966429296880960464e-03,3.619186827563680708e-05,9.528184309601783752e-03,1.350413003819994628e-05,2.285140156745910645e-01
3.415211439132690430e-01,1.647616620175540447e-03,4.899239684164058417e-06,2.601996529847383499e-03,3.567720796127105132e-06,6.542208194732666016e-01
4.041819274425506592e-01,1.231691427528858185e-02,1.928079836943652481e-05,2.255907095968723297e-02,6.532062343467259780e-06,5.609163045883178711e-01
2.204739302396774292e-01,8.946534246206283569e-02,9.160475019598379731e-05,1.056853905320167542e-01,1.600249197508674115e-05,5.842677354812622070e-01
2.235507220029830933e-01,1.284580081701278687e-01,1.331410312559455633e-04,3.511397540569305420e-01,1.586915459483861923e-05,2.967024743556976318e-01
2.462911754846572876e-01,2.152912020683288574e-01,2.170444495277479291e-04,4.513692557811737061e-01,1.299236737395403907e-05,8.681827038526535034e-02
5.463116168975830078e-01,9.870426356792449951e-02,1.786128123058006167e-04,2.139158993959426880e-01,1.606747355253901333e-05,1.408735215663909912e-01
6.000506877899169922e-01,7.626331597566604614e-02,2.067939931293949485e-04,2.265891283750534058e-01,2.161262091249227524e-05,9.686853736639022827e-02
6.062091588973999023e-01,2.502756379544734955e-02,9.299829252995550632e-05,6.700735539197921753e-02,2.328039045096375048e-05,3.016396164894104004e-01
6.436622142791748047e-01,2.510229498147964478e-02,1.135027123382315040e-04,5.677152797579765320e-02,3.210131035302765667e-05,2.743183374404907227e-01
5.648848414421081543e-01,4.627399146556854248e-02,1.798037556000053883e-04,1.068963557481765747e-01,3.244955587433651090e-05,2.817325592041015625e-01
8.880655169486999512e-01,1.380902063101530075e-02,6.572884740307927132e-05,2.435737289488315582e-02,1.522860657132696360e-05,7.368718832731246948e-02
9.534922242164611816e-01,1.192578766494989395e-02,4.145390266785398126e-05,1.340741664171218872e-02,7.903357982286252081e-06,2.112521789968013763e-02
8.846317529678344727e-01,3.857064619660377502e-02,3.939856105716899037e-05,8.954568766057491302e-03,9.617821888241451234e-06,6.779401004314422607e-02
8.887686133384704590e-01,4.735928494483232498e-03,6.001067049510311335e-06,1.873051165603101254e-03,3.032949734915746376e-06,1.046132817864418030e-01
8.125595450401306152e-01,8.283693343400955200e-03,7.261593054863624275e-06,2.316449070349335670e-03,4.579283540806500241e-06,1.768285781145095825e-01
5.386928915977478027e-01,1.446776790544390678e-03,1.717743430162954610e-06,1.112974132411181927e-03,1.637440050217264798e-06,4.587440788745880127e-01
6.755809783935546875e-01,4.034641606267541647e-04,7.254500928866036702e-07,8.537195390090346336e-04,6.229639097909966949e-07,3.231603503227233887e-01
7.228651046752929688e-01,1.982833025977015495e-03,3.375266487637418322e-06,5.430613644421100616e-03,1.676266151662275661e-06,2.697164714336395264e-01
6.697483658790588379e-01,6.009006872773170471e-03,9.288124601880554110e-06,2.852248214185237885e-02,2.107933823936036788e-06,2.957086861133575439e-01
4.300149977207183838e-01,1.927625760436058044e-02,1.253050049854209647e-05,1.006962805986404419e-01,2.483935531927272677e-06,4.499974548816680908e-01
5.605099201202392578e-01,7.239632308483123779e-02,6.813638174207881093e-05,2.076695263385772705e-01,9.934278750733938068e-06,1.593461781740188599e-01
2.798209190368652344e-01,1.959359645843505859e-01,1.207508103107102215e-04,3.081277012825012207e-01,1.594476998434402049e-05,2.159786969423294067e-01
2.843066155910491943e-01,1.662166565656661987e-01,1.162047410616651177e-04,2.392662614583969116e-01,1.781449100235477090e-05,3.100763559341430664e-01
4.258425533771514893e-01,1.578876823186874390e-01,3.862148441839963198e-04,2.718769311904907227e-01,4.060202263644896448e-05,1.439660191535949707e-01
7.364621162414550781e-01,3.236334025859832764e-02,2.406347484793514013e-04,1.391482949256896973e-01,3.144306174363009632e-05,9.175406396389007568e-02
8.260980248451232910e-01,2.037822268903255463e-02,9.433704690309241414e-05,3.110270202159881592e-02,2.023718116106465459e-05,1.223065629601478577e-01
8.829606175422668457e-01,6.941741798073053360e-03,3.055206252611242235e-05,1.246979646384716034e-02,8.341635293618310243e-06,9.758899360895156860e-02
8.862664103507995605e-01,9.893896989524364471e-03,3.234987889300100505e-05,1.126977801322937012e-02,9.995449545385781676e-06,9.252747893333435059e-02
8.460624217987060547e-01,1.136679854243993759e-02,1.498120218457188457e-05,9.541664272546768188e-03,6.092583589634159580e-06,1.330081224441528320e-01
7.657230496406555176e-01,1.313114073127508163e-02,2.308027615072205663e-05,2.622865699231624603e-02,7.856773663661442697e-06,1.948861181735992432e-01
8.028439283370971680e-01,5.329168867319822311e-03,1.387534302921267226e-05,1.825374737381935120e-02,5.125453299115179107e-06,1.735541969537734985e-01
9.371832013130187988e-01,1.351885497570037842e-03,6.721647878293879330e-06,8.872918784618377686e-03,2.145411372111993842e-06,5.258310586214065552e-02
9.096900820732116699e-01,1.926344470120966434e-03,7.524564807681599632e-06,5.160106346011161804e-03,2.995458089571911842e-06,8.321291208267211914e-02
9.536237120628356934e-01,1.425010850653052330e-03,6.403409770427970216e-06,2.560880500823259354e-03,2.714750735322013497e-06,4.238128289580345154e-02
9.221230745315551758e-01,1.499069039709866047e-03,4.832131253351690248e-06,2.353498945012688637e-03,2.489667849658872001e-06,7.401703298091888428e-02
8.842352628707885742e-01,1.589347375556826591e-03,9.402921932633034885e-06,2.124791964888572693e-03,5.149350272404262796e-06,1.120359897613525391e-01
8.788194060325622559e-01,1.009829062968492508e-02,4.879960033576935530e-05,2.190600894391536713e-02,1.257255371456267312e-05,8.911487460136413574e-02
8.751434683799743652e-01,9.900283068418502808e-03,6.462842429755255580e-05,1.610289886593818665e-02,1.563310070196166635e-05,9.877315908670425415e-02
7.367548942565917969e-01,4.254642874002456665e-02,2.001971879508346319e-04,5.617935582995414734e-02,3.596783790271729231e-05,1.642831116914749146e-01
4.687131345272064209e-01,2.740691043436527252e-02,5.335606692824512720e-05,3.029587678611278534e-02,1.578222327225375921e-05,4.735148847103118896e-01
4.786166548728942871e-01,2.628772892057895660e-02,4.118797733099199831e-05,2.905835397541522980e-02,1.188287933473475277e-05,4.659842550754547119e-01
7.668545246124267578e-01,1.317551732063293457e-02,1.775170858309138566e-05,1.616792567074298859e-02,5.437731488200370222e-06,2.037787884473800659e-01
7.528825402259826660e-01,4.674631357192993164e-02,9.323636186309158802e-05,1.763256639242172241e-02,2.314941048098262399e-05,1.826221346855163574e-01
7.864421010017395020e-01,1.215925142168998718e-01,2.408323780400678515e-04,4.271362721920013428e-02,3.551312329364009202e-05,4.897546768188476562e-02
3.471983671188354492e-01,4.795629978179931641e-01,1.466920366510748863e-03,1.341663748025894165e-01,1.149376475950703025e-04,3.749046847224235535e-02
2.624033391475677490e-01,5.415126085281372070e-01,1.735637662932276726e-03,1.188883036375045776e-01,2.278338070027530193e-04,7.523224502801895142e-02
5.570066571235656738e-01,1.129596903920173645e-01,5.822681123390793800e-04,1.549614071846008301e-01,7.744554750388488173e-05,1.744125336408615112e-01
5.788265466690063477e-01,3.593117743730545044e-02,1.101162415579892695e-04,1.923569142818450928e-01,1.543367216072510928e-05,1.927598416805267334e-01
7.874647974967956543e-01,1.374794542789459229e-02,5.129459896124899387e-05,9.372615814208984375e-02,6.978563305892748758e-06,1.050030365586280823e-01
8.703882694244384766e-01,6.396255921572446823e-03,3.797903264057822526e-05,6.808384507894515991e-02,5.292512014420935884e-06,5.508837103843688965e-02
8.456646203994750977e-01,1.641375012695789337e-02,4.035284291603602469e-05,8.623473346233367920e-02,5.991540092509239912e-06,5.164070427417755127e-02
9.328849911689758301e-01,1.907249330542981625e-03,1.065893502527615055e-05,4.492131061851978302e-03,4.195390374661656097e-06,6.070077046751976013e-02
7.827307581901550293e-01,2.064372412860393524e-02,7.670337072340771556e-05,8.945115655660629272e-02,1.387596603308338672e-05,1.070837900042533875e-01
4.353807866573333740e-01,1.027781143784523010e-01,1.761958992574363947e-04,1.912230253219604492e-01,2.569503521954175085e-05,2.704162001609802246e-01
3.873295485973358154e-01,1.361398696899414062e-01,3.495896817184984684e-04,2.266145795583724976e-01,5.331619831849820912e-05,2.495130896568298340e-01
1.282125711441040039e-01,3.524144291877746582e-01,7.419498870149254799e-04,2.425432205200195312e-01,9.560158650856465101e-05,2.759921550750732422e-01
1.130567640066146851e-01,3.639409840106964111e-01,5.923230201005935669e-04,2.110180556774139404e-01,7.311109948204830289e-05,3.113188147544860840e-01
3.136928975582122803e-01,1.223429664969444275e-01,4.908486152999103069e-04,2.452169507741928101e-01,6.612744618905708194e-05,3.181902468204498291e-01
5.989975333213806152e-01,3.727724030613899231e-02,1.792339608073234558e-04,8.506780862808227539e-02,3.143547291983850300e-05,2.784467637538909912e-01
7.486571669578552246e-01,2.620907314121723175e-02,1.188070018542930484e-04,5.037876591086387634e-02,2.315845449629705399e-05,1.746131032705307007e-01
7.486702799797058105e-01,1.205398514866828918e-02,2.485071308910846710e-05,1.161688119173049927e-01,3.220695134587003849e-06,1.230788379907608032e-01
8.389666676521301270e-01,6.412095855921506882e-03,9.456204679736401886e-06,3.695866838097572327e-02,2.271220864713541232e-06,1.176507994532585144e-01
5.372848510742187500e-01,2.557415328919887543e-02,1.546030398458242416e-05,1.369236409664154053e-01,3.354432237756554969e-06,3.001986742019653320e-01
2.903448045253753662e-01,2.241265773773193359e-02,1.421710203430848196e-05,1.855910569429397583e-01,3.496573071970487945e-06,5.016337633132934570e-01
5.113769173622131348e-01,3.620020300149917603e-02,3.619954441091977060e-05,9.931379556655883789e-02,9.091590072785038501e-06,3.530637025833129883e-01
2.576189935207366943e-01,2.298849821090698242e-01,4.773356777150183916e-04,3.378934562206268311e-01,6.931099778739735484e-05,1.740559488534927368e-01
1.302842497825622559e-01,2.283119559288024902e-01,1.064295764081180096e-03,6.043111681938171387e-01,9.051544475369155407e-05,3.593781962990760803e-02
1.873561441898345947e-01,2.646190226078033447e-01,1.686583273112773895e-03,5.179773569107055664e-01,1.365976058878004551e-04,2.822430431842803955e-02
5.740681886672973633e-01,1.519056707620620728e-01,1.063605770468711853e-03,2.262263894081115723e-01,1.393178099533542991e-04,4.659682139754295349e-02
6.771107316017150879e-01,1.071416661143302917e-01,5.337511538527905941e-04,1.136987879872322083e-01,9.071444947039708495e-05,1.014241799712181091e-01
7.649122476577758789e-01,8.702075108885765076e-03,2.130913708242587745e-05,7.978145964443683624e-03,8.332738616445567459e-06,2.183779031038284302e-01
5.465425848960876465e-01,8.271160535514354706e-03,1.263447666133288294e-05,6.945935077965259552e-03,7.540577826148364693e-06,4.382200539112091064e-01
4.164384603500366211e-01,6.458043120801448822e-03,1.426405015081400052e-05,5.235094577074050903e-03,9.203311492456123233e-06,5.718449354171752930e-01
5.681688785552978516e-01,2.257434651255607605e-03,7.217795428005047143e-06,2.827346324920654297e-03,4.885453563474584371e-06,4.267342388629913330e-01
7.982077598571777344e-01,1.028026081621646881e-02,9.109829989029094577e-05,3.262222930788993835e-02,2.353941454202868044e-05,1.587752550840377808e-01
7.850995659828186035e-01,4.636428505182266235e-02,6.896581617183983326e-04,6.559739261865615845e-02,1.161783220595680177e-04,1.021329089999198914e-01
6.467146873474121094e-01,1.232529506087303162e-01,1.595310168340802193e-03,1.097875609993934631e-01,2.505007141735404730e-04,1.183989644050598145e-01
7.237137556076049805e-01,1.259881556034088135e-01,1.769426395185291767e-03,6.870498508214950562e-02,3.462721942923963070e-04,7.947740703821182251e-02
7.875482439994812012e-01,1.371544003486633301e-01,1.083103474229574203e-03,2.105888351798057556e-02,2.568943309597671032e-04,5.289841443300247192e-02
8.361476063728332520e-01,9.212398529052734375e-02,3.689255972858518362e-04,1.338119991123676300e-02,9.136130393017083406e-05,5.788700655102729797e-02
7.166218161582946777e-01,9.895182400941848755e-02,1.438324106857180595e-04,1.227820664644241333e-02,5.050138861406594515e-05,1.719537973403930664e-01
5.373603105545043945e-01,1.651462465524673462e-01,1.318765134783461690e-04,4.845217242836952209e-02,2.749193845374975353e-05,2.488819211721420288e-01
4.217026233673095703e-01,2.557363212108612061e-01,1.897232723422348499e-04,1.191720589995384216e-01,2.739150295383296907e-05,2.031718492507934570e-01
3.947576880455017090e-01,3.061168789863586426e-01,5.342770018614828587e-04,1.604880988597869873e-01,5.552648144657723606e-05,1.380475312471389771e-01
4.242492914199829102e-01,2.725783884525299072e-01,7.377213332802057266e-04,2.091568112373352051e-01,6.640233186772093177e-05,9.321146458387374878e-02
2.611491680145263672e-01,3.652180135250091553e-01,6.713739712722599506e-04,2.526643872261047363e-01,5.774018063675612211e-05,1.202392578125000000e-01
3.351648449897766113e-01,2.752624452114105225e-01,5.572767113335430622e-04,2.213661670684814453e-01,6.267193384701386094e-05,1.675865352153778076e-01
2.964453399181365967e-01,6.627623736858367920e-02,9.643220255384221673e-05,1.595413088798522949e-01,1.576771137479227036e-05,4.776249825954437256e-01
6.099547147750854492e-01,1.632392220199108124e-02,3.371041020727716386e-05,1.187268197536468506e-01,5.730012617277679965e-06,2.549550235271453857e-01
7.057827711105346680e-01,1.371075399219989777e-02,2.217611836385913193e-05,7.892847806215286255e-02,3.628824515544692986e-06,2.015521228313446045e-01
7.534087300300598145e-01,6.177216768264770508e-03,1.854300717241130769e-05,9.496598690748214722e-02,3.074911091971443966e-06,1.454265415668487549e-01
8.741004467010498047e-01,8.711747825145721436e-03,5.178498031455092132e-05,5.028501152992248535e-02,7.878706128394696862e-06,6.684312969446182251e-02
8.451382517814636230e-01,1.927886903285980225e-02,1.183325803140178323e-04,5.292892083525657654e-02,1.780991988198366016e-05,8.251772820949554443e-02
8.262887597084045410e-01,1.802831143140792847e-02,1.207523891935124993e-04,3.738329932093620300e-02,2.689965003810357302e-05,1.181520074605941772e-01
7.180219888687133789e-01,1.736276410520076752e-02,3.991533230873756111e-05,2.940228395164012909e-02,9.733675142342690378e-06,2.351633161306381226e-01
7.449228763580322266e-01,2.046034857630729675e-02,1.460937346564605832e-05,1.340562477707862854e-02,4.489045750233344734e-06,2.211919426918029785e-01
4.102463126182556152e-01,1.707202196121215820e-02,7.943201126181520522e-06,8.611465804278850555e-03,3.652208761195652187e-06,5.640586018562316895e-01
1.755317300558090210e-01,3.897153306752443314e-03,1.904212354020273779e-06,1.475469674915075302e-03,1.313033976657607127e-06,8.190923929214477539e-01
2.464971691370010376e-01,3.840605728328227997e-03,2.598279934318270534e-06,2.196562942117452621e-03,2.059947519228444435e-06,7.474609613418579102e-01
9.704003483057022095e-02,4.475568886846303940e-03,2.312783635716186836e-06,6.631809752434492111e-03,1.246871647708758246e-06,8.918490409851074219e-01
1.648277044296264648e-01,4.422214347869157791e-03,2.048162059509195387e-06,2.175134979188442230e-02,8.573699119551747572e-07,8.089958429336547852e-01
4.014540016651153564e-01,7.848275825381278992e-03,6.693398063362110406e-06,4.668059945106506348e-02,2.043459062406327575e-06,5.440083742141723633e-01
7.893504500389099121e-01,3.527644090354442596e-03,7.734346581855788827e-06,3.057754039764404297e-02,2.363979319852660410e-06,1.765342652797698975e-01
8.858465552330017090e-01,1.129461219534277916e-03,7.000798177614342421e-06,1.542707253247499466e-02,2.097085143759613857e-06,9.758777916431427002e-02
9.104548692703247070e-01,1.461918698623776436e-03,1.723690002108924091e-05,4.541968461126089096e-03,8.134265954140573740e-06,8.351584523916244507e-02
9.115629792213439941e-01,3.480820683762431145e-03,9.071209933608770370e-05,8.043982088565826416e-03,3.961164838983677328e-05,7.678185403347015381e-02
9.432934522628784180e-01,2.737202448770403862e-03,4.831379919778555632e-05,1.075842697173357010e-02,1.551653622300364077e-05,4.314693808555603027e-02
8.742001652717590332e-01,8.807781152427196503e-03,8.487287414027377963e-05,1.571571640670299530e-02,2.717531788221094757e-05,1.011643409729003906e-01
9.147177934646606445e-01,7.961869239807128906e-03,4.140079181524924934e-05,1.146439090371131897e-02,1.225706637342227623e-05,6.580224633216857910e-02
8.459282517433166504e-01,3.704268485307693481e-02,9.518684237264096737e-05,1.616143621504306793e-02,2.590833173599094152e-05,1.007465198636054993e-01
4.692249298095703125e-01,1.007840931415557861e-01,9.710565063869580626e-05,4.119667410850524902e-02,2.485990989953279495e-05,3.886723816394805908e-01
2.980096936225891113e-01,1.060993671417236328e-01,9.612186840968206525e-05,6.216710060834884644e-02,2.303154542460106313e-05,5.336046814918518066e-01
2.074838131666183472e-01,1.224006861448287964e-01,6.744431448169052601e-05,5.800515040755271912e-02,1.571808206790592521e-05,6.120272278785705566e-01
2.725312709808349609e-01,3.355363756418228149e-02,2.530482015572488308e-05,2.056563496589660645e-01,4.387302851682761684e-06,4.882290959358215332e-01
5.589618682861328125e-01,1.552211400121450424e-02,1.268047344638034701e-05,1.291448920965194702e-01,2.314789071533596143e-06,2.963560819625854492e-01
7.230079174041748047e-01,6.866134703159332275e-03,9.280076483264565468e-06,1.153820976614952087e-01,1.647502926971355919e-06,1.547329425811767578e-01
8.152399063110351562e-01,2.335633151233196259e-03,5.699141638615401462e-06,3.313075751066207886e-02,1.689130726845178287e-06,1.492863595485687256e-01
8.057833909988403320e-01,5.009460262954235077e-03,1.260419776372145861e-05,5.953272432088851929e-02,2.811333388308412395e-06,1.296590417623519897e-01
7.268486022949218750e-01,3.017483279109001160e-02,1.303657918469980359e-04,6.688457727432250977e-02,2.701029370655305684e-05,1.759345680475234985e-01
6.533465385437011719e-01,8.039034157991409302e-02,4.533657047431915998e-04,3.744479268789291382e-02,1.278259733226150274e-04,2.282371968030929565e-01
7.799220085144042969e-01,5.774248763918876648e-02,4.784316697623580694e-04,2.464918419718742371e-02,1.237436226801946759e-04,1.370841711759567261e-01
8.246857523918151855e-01,3.586358577013015747e-02,2.663326740730553865e-04,1.042420417070388794e-02,8.278217865154147148e-05,1.286773085594177246e-01
9.365649223327636719e-01,7.003353908658027649e-03,8.199435251299291849e-05,5.084398668259382248e-03,2.499625588825438172e-05,5.124022066593170166e-02
9.672356843948364258e-01,1.506906817667186260e-03,1.605492798262275755e-05,2.397831296548247337e-03,5.743623205489711836e-06,2.883776649832725525e-02
9.614974856376647949e-01,9.854059899225831032e-04,4.694732979260152206e-06,4.859707318246364594e-03,1.340511175840219948e-06,3.265130892395973206e-02
8.984272480010986328e-01,2.399138174951076508e-03,1.131473436544183642e-05,2.380197308957576752e-02,2.891748408728744835e-06,7.535731047391891479e-02
7.773563861846923828e-01,9.542606770992279053e-03,2.222003604401834309e-05,4.810595884919166565e-02,4.912044460070319474e-06,1.649678945541381836e-01
5.233279466629028320e-01,3.519948199391365051e-02,5.286127270665019751e-05,1.254717707633972168e-01,9.843566658673807979e-06,3.159380853176116943e-01
4.887517094612121582e-01,9.761068224906921387e-02,3.249387082178145647e-04,2.253979593515396118e-01,4.862021523877047002e-05,1.878660768270492554e-01
4.426809847354888916e-01,1.700576692819595337e-01,7.825464708730578423e-04,1.147480234503746033e-01,1.399437169311568141e-04,2.715908586978912354e-01
7.871772646903991699e-01,4.764930158853530884e-02,6.336560472846031189e-04,4.092626273632049561e-02,1.832486013881862164e-04,1.234302669763565063e-01
9.555470347404479980e-01,1.332017686218023300e-02,8.725677034817636013e-04,1.039260812103748322e-02,2.574746031314134598e-04,1.961016841232776642e-02
9.508154392242431641e-01,1.844686083495616913e-02,7.974453037604689598e-04,1.028905343264341354e-02,1.940912188729271293e-04,1.945724897086620331e-02
9.536712765693664551e-01,2.675628056749701500e-03,6.725610728608444333e-05,7.367481943219900131e-03,2.152194247173611075e-05,3.619690611958503723e-02
9.146945476531982422e-01,4.453923553228378296e-03,3.175790698151104152e-05,1.013820990920066833e-02,1.037026868289103732e-05,7.067117840051651001e-02
8.803900480270385742e-01,2.619410632178187370e-03,1.259940836462192237e-05,5.547045730054378510e-03,5.993694685457739979e-06,1.114249229431152344e-01
6.874318718910217285e-01,5.063106119632720947e-02,1.277677656617015600e-04,4.030831158161163330e-02,3.630780702224001288e-05,2.214647084474563599e-01
6.945558786392211914e-01,1.076333075761795044e-01,5.465587601065635681e-04,5.193118005990982056e-02,1.034483429975807667e-04,1.452296525239944458e-01
6.419856548309326172e-01,1.041926294565200806e-01,3.090311074629426003e-04,5.658772215247154236e-02,6.510390085168182850e-05,1.968598216772079468e-01
5.069518685340881348e-01,2.629949450492858887e-01,8.393821190111339092e-04,1.111099347472190857e-01,1.283970486838370562e-04,1.179754585027694702e-01
4.860760867595672607e-01,1.242999956011772156e-01,2.175597182940691710e-04,2.528584897518157959e-01,2.566521834523882717e-05,1.365221142768859863e-01
5.422706604003906250e-01,9.986690431833267212e-02,1.240429555764421821e-04,1.518725007772445679e-01,1.373320355924079195e-05,2.058521807193756104e-01
6.481936573982238770e-01,1.140000894665718079e-01,1.332655374426394701e-04,1.268623322248458862e-01,1.255719234904972836e-05,1.107979714870452881e-01
6.058595180511474609e-01,1.133556962013244629e-01,2.140575088560581207e-04,1.897919625043869019e-01,2.057875826722010970e-05,9.075818210840225220e-02
5.751776695251464844e-01,1.665790826082229614e-01,4.543982504401355982e-04,1.194005683064460754e-01,6.723724800394847989e-05,1.383210122585296631e-01
8.313190937042236328e-01,7.034881412982940674e-02,3.921732713934034109e-04,4.458652809262275696e-02,6.807200406910851598e-05,5.328540876507759094e-02
7.719187736511230469e-01,7.907041162252426147e-02,6.649083807133138180e-04,1.142653077840805054e-01,6.878405838506296277e-05,3.401181474328041077e-02
4.505598545074462891e-01,2.523083388805389404e-01,9.970052633434534073e-04,2.608501017093658447e-01,6.402139842975884676e-05,3.522073477506637573e-02
5.982194542884826660e-01,2.079653590917587280e-01,1.072153565473854542e-03,1.472491323947906494e-01,9.012432565214112401e-05,4.540380835533142090e-02
5.627482533454895020e-01,1.606482416391372681e-01,6.887472700327634811e-04,2.346919178962707520e-01,4.502298907027579844e-05,4.117778688669204712e-02
7.974362373352050781e-01,7.327719032764434814e-02,5.740850465372204781e-04,1.098605319857597351e-01,4.229169644531793892e-05,1.880973391234874725e-02
9.297189712524414062e-01,1.115092542022466660e-02,9.034515096573159099e-05,4.339322820305824280e-02,9.437147127755451947e-06,1.563704758882522583e-02
9.518321156501770020e-01,3.460397012531757355e-03,2.842459798557683825e-05,1.324138976633548737e-02,5.830610916746081784e-06,3.143176436424255371e-02
9.096265435218811035e-01,3.529196837916970253e-03,2.107003638229798526e-05,1.659823209047317505e-02,5.802427949674893171e-06,7.021924853324890137e-02
7.740429043769836426e-01,1.124538015574216843e-02,4.583454574458301067e-05,3.840095177292823792e-02,1.102707483369158581e-05,1.762537658214569092e-01
6.721671819686889648e-01,4.146359488368034363e-02,2.021417894866317511e-04,8.870200067758560181e-02,3.840290810330770910e-05,1.974267214536666870e-01
5.219308733940124512e-01,1.386623084545135498e-01,5.701150512322783470e-04,9.409575164318084717e-02,8.619804430054500699e-05,2.446547597646713257e-01
7.459028959274291992e-01,5.489509925246238708e-02,6.892416859045624733e-04,9.551791101694107056e-02,1.006288657663390040e-04,1.028942167758941650e-01
9.057992696762084961e-01,2.764676325023174286e-02,3.860751457978039980e-04,1.126459427177906036e-02,1.003275829134508967e-04,5.480308085680007935e-02
9.394186139106750488e-01,1.354531943798065186e-02,1.669736520852893591e-04,1.210298016667366028e-02,3.505800486891530454e-05,3.473108634352684021e-02
9.429185390472412109e-01,1.125726103782653809e-02,6.370498158503323793e-05,2.203895524144172668e-02,9.198884072247892618e-06,2.371235005557537079e-02
8.695262074470520020e-01,3.184245526790618896e-02,9.009311906993389130e-05,2.896344102919101715e-02,2.293509351147804409e-05,6.955493241548538208e-02
6.825000643730163574e-01,1.074181124567985535e-01,2.633274998515844345e-04,1.523042768239974976e-01,3.205412212992087007e-05,5.748217552900314331e-02
6.358754634857177734e-01,4.408618807792663574e-02,8.139215788105502725e-05,1.330985873937606812e-01,1.422771310899406672e-05,1.868439763784408569e-01
5.753944516181945801e-01,4.168568924069404602e-02,7.027848187135532498e-05,1.403618752956390381e-01,1.358983354293741286e-05,2.424741238355636597e-01
5.996454358100891113e-01,1.779578067362308502e-02,3.574869333533570170e-05,3.973772376775741577e-02,1.096336563932709396e-05,3.427743911743164062e-01
5.947480797767639160e-01,1.444752048701047897e-02,3.259366712882183492e-05,5.177947878837585449e-02,8.435939889750443399e-06,3.389838933944702148e-01
8.057026863098144531e-01,6.442624609917402267e-03,4.198935857857577503e-05,3.542085736989974976e-02,1.136642731580650434e-05,1.523805111646652222e-01
8.723494410514831543e-01,3.929175436496734619e-03,6.587978714378550649e-05,1.007191184908151627e-02,2.493651481927372515e-05,1.135586574673652649e-01
7.345822453498840332e-01,2.061515860259532928e-02,1.399483880959451199e-04,3.232456371188163757e-02,4.239321788190864027e-05,2.122957557439804077e-01
7.904379367828369141e-01,1.429191417992115021e-02,6.839469278929755092e-05,2.342257089912891388e-02,2.691094414331018925e-05,1.717522591352462769e-01
6.448925733566284180e-01,1.157303228974342346e-01,1.425586378900334239e-04,8.506619185209274292e-02,2.360474718443583697e-05,1.541447788476943970e-01
5.456180572509765625e-01,1.818398535251617432e-01,5.824280742672272027e-05,8.061689883470535278e-02,7.040531272650696337e-06,1.918599158525466919e-01
4.567127823829650879e-01,1.542276144027709961e-01,5.820080332341603935e-05,1.191566586494445801e-01,7.652062777196988463e-06,2.698371410369873047e-01
2.992643117904663086e-01,8.626440167427062988e-02,4.693343726103194058e-05,6.793081760406494141e-02,9.141209375229664147e-06,5.464844107627868652e-01
2.850938737392425537e-01,1.109961643815040588e-01,7.135896885301917791e-05,1.009455993771553040e-01,1.573337249283213168e-05,5.028772354125976562e-01
2.989228367805480957e-01,2.090796232223510742e-01,4.389781388454139233e-04,1.096962913870811462e-01,8.211647218558937311e-05,3.817802369594573975e-01
3.782812952995300293e-01,1.280027180910110474e-01,6.190091371536254883e-04,6.054018810391426086e-02,1.479720085626468062e-04,4.324087500572204590e-01
4.674952328205108643e-01,1.199711859226226807e-01,1.124554080888628960e-03,5.479098483920097351e-02,2.262973430333659053e-04,3.563917279243469238e-01
6.728776097297668457e-01,4.889791086316108704e-02,4.387438530102372169e-04,3.303454071283340454e-02,1.162122644018381834e-04,2.446348667144775391e-01
8.458127975463867188e-01,9.227043017745018005e-03,1.211255366797558963e-04,1.145118847489356995e-02,4.013273064629174769e-05,1.333477497100830078e-01
8.664816617965698242e-01,1.645504310727119446e-02,1.171421899925917387e-04,1.160744484513998032e-02,3.210292925359681249e-05,1.053066477179527283e-01
7.586311697959899902e-01,4.597387090325355530e-02,1.360305614070966840e-04,3.048867546021938324e-02,2.961941936518996954e-05,1.647406667470932007e-01
4.132582545280456543e-01,1.665699928998947144e-01,2.528521581552922726e-04,3.708377480506896973e-02,6.523922638734802604e-05,3.827698230743408203e-01
2.295049130916595459e-01,3.047100603580474854e-01,3.707306750584393740e-04,6.972517818212509155e-02,7.106795965228229761e-05,3.956180810928344727e-01
3.568398058414459229e-01,2.631831467151641846e-01,8.513662032783031464e-04,5.075685307383537292e-02,1.995482889469712973e-04,3.281692862510681152e-01
6.153494119644165039e-01,4.143913090229034424e-02,4.368226800579577684e-04,2.917746640741825104e-02,1.213480791193433106e-04,3.134758174419403076e-01
8.608730435371398926e-01,2.209736406803131104e-02,9.611808927729725838e-04,2.108010277152061462e-02,2.952229115180671215e-04,9.469303488731384277e-02
9.379997849464416504e-01,8.378406055271625519e-03,5.708500393666327000e-04,2.071547321975231171e-02,1.249675988219678402e-04,3.221048787236213684e-02
9.055748581886291504e-01,1.281736418604850769e-02,8.153461967594921589e-04,6.528155505657196045e-02,1.039033013512380421e-04,1.540707796812057495e-02
8.022390007972717285e-01,4.260295256972312927e-02,3.981000336352735758e-04,1.284936964511871338e-01,3.874977483064867556e-05,2.622741274535655975e-02
8.295779228210449219e-01,8.691754937171936035e-02,3.267066786065697670e-04,5.420824140310287476e-02,3.293193003628402948e-05,2.893672697246074677e-02
5.248541831970214844e-01,2.428535073995590210e-01,2.998434647452086210e-04,1.066321358084678650e-01,2.932759343821089715e-05,1.253309994935989380e-01
4.169006347656250000e-01,2.952766120433807373e-01,1.329337101196870208e-04,1.125229448080062866e-01,1.181380503112450242e-05,1.751549839973449707e-01
3.569580614566802979e-01,3.115805089473724365e-01,2.398854558123275638e-04,6.696866452693939209e-02,3.732570257852785289e-05,2.642154991626739502e-01
4.383127689361572266e-01,2.095153778791427612e-01,2.044535358436405659e-04,8.362005650997161865e-02,3.036268390133045614e-05,2.683169245719909668e-01
7.526481151580810547e-01,4.229351878166198730e-02,7.648891914868727326e-05,5.066277459263801575e-02,1.538599462946876884e-05,1.543036997318267822e-01
8.043531775474548340e-01,1.516844145953655243e-02,2.294845035066828132e-05,3.499165177345275879e-02,4.838893346459371969e-06,1.454590559005737305e-01
7.198709249496459961e-01,1.798181608319282532e-02,1.993184014281723648e-05,3.755912557244300842e-02,4.922873358736978844e-06,2.245632857084274292e-01
7.252684831619262695e-01,3.038267418742179871e-02,3.810758789768442512e-05,8.994922786951065063e-02,6.322329682006966323e-06,1.543552279472351074e-01
4.318877160549163818e-01,1.367831379175186157e-01,1.615636429050937295e-04,7.003493607044219971e-02,3.609620034694671631e-05,3.610965013504028320e-01
4.722439348697662354e-01,2.802202701568603516e-01,5.549308261834084988e-04,9.809993952512741089e-02,7.949156861286610365e-05,1.488014459609985352e-01
8.360991477966308594e-01,3.579788282513618469e-02,3.155859303660690784e-04,2.354963123798370361e-02,6.108805973781272769e-05,1.041767448186874390e-01
8.707002401351928711e-01,2.346594445407390594e-02,3.329646715428680182e-04,1.067462097853422165e-02,8.774646994424983859e-05,9.473858773708343506e-02
9.297749400138854980e-01,6.302388850599527359e-03,1.013388900901190937e-04,1.091971527785062790e-02,2.789119571389164776e-05,5.287370830774307251e-02
9.400437474250793457e-01,6.368414033204317093e-03,6.666549597866833210e-05,1.342104934155941010e-02,1.253538448509061709e-05,4.008762165904045105e-02
8.231047391891479492e-01,6.331881880760192871e-02,2.724195364862680435e-04,7.982591539621353149e-02,2.475654400768689811e-05,3.345328196883201599e-02
7.042223215103149414e-01,1.470057815313339233e-01,3.190945717506110668e-04,1.000660955905914307e-01,2.786364711937494576e-05,4.835890978574752808e-02
6.488929390907287598e-01,8.274874091148376465e-02,1.448497932869940996e-04,9.727404266595840454e-02,1.773676558514125645e-05,1.709216833114624023e-01
8.433450460433959961e-01,3.023946844041347504e-02,6.849052442703396082e-05,3.132662549614906311e-02,1.263118065253365785e-05,9.500771760940551758e-02
8.393428921699523926e-01,3.413042053580284119e-02,1.091214435291476548e-04,1.609527319669723511e-02,2.995481554535217583e-05,1.102923974394798279e-01
9.327602982521057129e-01,9.774521924555301666e-03,4.480471397982910275e-05,6.005671340972185135e-03,1.447706927137915045e-05,5.140028521418571472e-02
8.388133049011230469e-01,3.688737377524375916e-02,8.750504639465361834e-05,1.082631945610046387e-02,2.227803270216099918e-05,1.133631914854049683e-01
9.003636240959167480e-01,3.250015899538993835e-02,2.608403156045824289e-04,1.141532231122255325e-02,5.611657979898154736e-05,5.540391802787780762e-02
8.085093498229980469e-01,8.414096198976039886e-03,4.394732241053134203e-05,6.241821218281984329e-03,1.908423109853174537e-05,1.767716705799102783e-01
5.497281551361083984e-01,1.720664091408252716e-02,6.653487071162089705e-05,2.074330858886241913e-02,2.909724389610346407e-05,4.122262597084045410e-01
5.480177998542785645e-01,2.829748578369617462e-02,1.104845141526311636e-04,7.343295961618423462e-02,2.488651989551726729e-05,3.501163125038146973e-01
7.714184522628784180e-01,8.799961768090724945e-03,2.951470014522783458e-05,2.671023830771446228e-02,1.051210529112722725e-05,1.930313855409622192e-01
5.494040846824645996e-01,1.747081754729151726e-03,1.608788807061500847e-06,6.146086845546960831e-03,9.268093776881869417e-07,4.427002072334289551e-01
7.869406342506408691e-01,7.058706250973045826e-04,1.857558686424454208e-06,1.654063235037028790e-03,1.381269726152822841e-06,2.106961756944656372e-01
7.046144008636474609e-01,2.352621871978044510e-03,4.117740900255739689e-06,6.825254298746585846e-03,1.953696255441172980e-06,2.862015962600708008e-01
7.565509080886840820e-01,2.648778725415468216e-03,6.254032996366731822e-06,8.039667271077632904e-03,2.596553031253279187e-06,2.327516674995422363e-01
9.165295362472534180e-01,3.822266589850187302e-03,2.194635271735023707e-05,2.767167426645755768e-02,5.667190180247416720e-06,5.194886773824691772e-02
9.365558624267578125e-01,6.173212081193923950e-03,7.001285121077671647e-05,2.619345113635063171e-02,1.987333052966278046e-05,3.098760731518268585e-02
9.056339859962463379e-01,7.242504507303237915e-04,6.163139460113598034e-06,4.265484400093555450e-03,3.171792059220024385e-06,8.936695009469985962e-02
8.886020779609680176e-01,1.353231724351644516e-03,2.451178079354576766e-05,3.258364275097846985e-03,1.588908708072267473e-05,1.067458689212799072e-01
8.154818415641784668e-01,3.696334082633256912e-03,5.314711233950220048e-05,4.552836064249277115e-03,3.174482480972073972e-05,1.761839687824249268e-01
8.681063652038574219e-01,4.152629058808088303e-03,5.439380402094684541e-05,7.708527147769927979e-03,2.100011988659389317e-05,1.199571490287780762e-01
8.387350440025329590e-01,1.362013630568981171e-02,1.779852173058316112e-04,2.406265586614608765e-02,5.365477409213781357e-05,1.233503893017768860e-01
8.132712244987487793e-01,1.574667543172836304e-02,1.310818624915555120e-04,8.972821384668350220e-02,2.144015525118447840e-05,8.110142499208450317e-02
7.713885903358459473e-01,3.726281970739364624e-02,9.880682046059519053e-05,1.071800664067268372e-01,1.321533909504069015e-05,8.405658602714538574e-02
6.285446882247924805e-01,6.776148825883865356e-02,1.011884742183610797e-04,1.797066777944564819e-01,1.448958300898084417e-05,1.238715350627899170e-01
6.901448965072631836e-01,4.089645668864250183e-02,4.536217602435499430e-05,7.730070501565933228e-02,1.061326838680543005e-05,1.916019022464752197e-01
4.099414944648742676e-01,4.465391114354133606e-02,2.502035749785136431e-05,4.001349955797195435e-02,6.402667622751323506e-06,5.053596496582031250e-01
2.535367310047149658e-01,1.288315951824188232e-01,7.717007974861189723e-05,4.136417806148529053e-02,2.310281161044258624e-05,5.761672258377075195e-01
2.446399033069610596e-01,6.082114949822425842e-02,4.666141467168927193e-05,3.235200420022010803e-02,1.326706205873051658e-05,6.621270179748535156e-01
1.170266345143318176e-01,1.678621321916580200e-01,7.778254075674340129e-05,3.878758102655410767e-02,1.960289773705881089e-05,6.762261986732482910e-01
1.598342061042785645e-01,1.156371831893920898e-01,3.332817504997365177e-05,4.694151878356933594e-02,9.177030733553692698e-06,6.775445938110351562e-01
1.324842125177383423e-01,5.626099556684494019e-02,1.015806537907337770e-05,3.084400855004787445e-02,3.289090500402380712e-06,7.803973555564880371e-01
2.319314330816268921e-01,6.309711188077926636e-02,2.124668935721274465e-05,6.498839706182479858e-02,4.410882411320926622e-06,6.399574279785156250e-01
3.462451398372650146e-01,1.623730510473251343e-01,9.152144775725901127e-05,3.158140182495117188e-01,8.121967766783200204e-06,1.754681169986724854e-01
6.738964319229125977e-01,4.839899390935897827e-02,1.383138587698340416e-04,1.660652607679367065e-01,1.397666619595838711e-05,1.114870011806488037e-01
7.992329001426696777e-01,3.498349338769912720e-02,4.567666037473827600e-04,1.431509107351303101e-01,3.659025242086499929e-05,2.213925495743751526e-02
7.380329966545104980e-01,5.310914292931556702e-02,6.181356729939579964e-04,1.896736919879913330e-01,3.735531208803877234e-05,1.852855458855628967e-02
9.116156697273254395e-01,3.101789765059947968e-02,2.951365022454410791e-04,4.693599790334701538e-02,2.682121157704386860e-05,1.010846905410289764e-02
8.631458282470703125e-01,7.935304939746856689e-02,2.151569206034764647e-04,4.328657686710357666e-02,1.826212246669456363e-05,1.398120913654565811e-02
8.645951151847839355e-01,8.135835081338882446e-02,6.063030014047399163e-05,2.418370731174945831e-02,6.839766683697234839e-06,2.979533560574054718e-02
8.692254424095153809e-01,5.019480362534523010e-02,3.051221392524894327e-05,2.101209759712219238e-02,5.571225756284547970e-06,5.953152105212211609e-02
4.891968071460723877e-01,1.756049841642379761e-01,7.484491652576252818e-05,5.228892341256141663e-02,1.556029201310593635e-05,2.828189432621002197e-01
1.553732454776763916e-01,1.185042187571525574e-01,2.210880484199151397e-05,6.539873033761978149e-02,4.628321221389342099e-06,6.606970429420471191e-01
9.586496651172637939e-02,3.481505811214447021e-02,6.005124760122271255e-06,4.981470480561256409e-02,1.700707116469857283e-06,8.194975256919860840e-01
6.855648010969161987e-02,2.452106773853302002e-02,5.035586127632996067e-06,4.717580229043960571e-02,1.520653881925682072e-06,8.597400784492492676e-01
4.023403674364089966e-02,8.204171899706125259e-04,2.928156845882767811e-07,2.046885900199413300e-03,1.787351777693402255e-07,9.568982124328613281e-01
2.476926296949386597e-01,1.423053327016532421e-03,1.234096544067142531e-06,7.240986917167901993e-03,5.362365982364281081e-07,7.436414957046508789e-01
5.342536568641662598e-01,1.041433075442910194e-03,2.788000074360752478e-06,7.466613780707120895e-03,1.255021288670832291e-06,4.572342336177825928e-01
7.870877385139465332e-01,1.941368728876113892e-02,3.915677007171325386e-05,4.023533314466476440e-02,6.577194199053337798e-06,1.532175987958908081e-01
8.449026942253112793e-01,2.525524422526359558e-02,5.532885188586078584e-05,6.560058146715164185e-02,6.082393156248144805e-06,6.418018043041229248e-02
2.682149410247802734e-01,2.790795266628265381e-01,3.639336500782519579e-04,3.932860791683197021e-01,2.115335701091680676e-05,5.903430655598640442e-02
2.170023322105407715e-01,3.207400143146514893e-01,5.781762301921844482e-04,4.171443283557891846e-01,3.856342664221301675e-05,4.449665546417236328e-02
4.930239319801330566e-01,1.710942089557647705e-01,4.569221637211740017e-04,2.879346609115600586e-01,4.312851524446159601e-05,4.744714125990867615e-02
4.598844051361083984e-01,2.137334793806076050e-01,8.068909519352018833e-04,3.030142486095428467e-01,4.767319114762358367e-05,2.251332253217697144e-02
8.956475257873535156e-01,4.337224736809730530e-02,2.619529259391129017e-04,4.063698649406433105e-02,3.382945214980281889e-05,2.004747092723846436e-02
8.858349323272705078e-01,1.232542376965284348e-02,2.764993951132055372e-05,5.170026049017906189e-02,4.384336534712929279e-06,5.010728165507316589e-02
7.683283090591430664e-01,6.441169884055852890e-03,1.171202529803849757e-05,3.345147892832756042e-02,3.678140501506277360e-06,1.917635947465896606e-01
6.444529891014099121e-01,3.122018463909626007e-02,6.162669160403311253e-05,5.730079486966133118e-02,1.875135785667225718e-05,2.669456601142883301e-01
4.660460650920867920e-01,2.718879468739032745e-02,4.711053770733997226e-05,5.340763553977012634e-02,2.221595423179678619e-05,4.532882571220397949e-01
7.583600878715515137e-01,6.756836920976638794e-02,7.031286950223147869e-04,6.002244725823402405e-02,2.043760032393038273e-04,1.131414994597434998e-01
8.059749007225036621e-01,3.506902232766151428e-02,4.987071733921766281e-04,3.067816793918609619e-02,1.723548339214175940e-04,1.276068091392517090e-01
7.971357107162475586e-01,1.649318821728229523e-02,2.716467424761503935e-04,3.088183142244815826e-02,9.632269939174875617e-05,1.551213115453720093e-01
6.236560344696044922e-01,2.296288125216960907e-02,1.654129737289622426e-04,1.600212417542934418e-02,8.683024498168379068e-05,3.371267020702362061e-01
4.883657693862915039e-01,4.046285524964332581e-02,1.405200018780305982e-04,2.798338606953620911e-02,5.138922642800025642e-05,4.429959952831268311e-01
5.278624892234802246e-01,1.504421234130859375e-01,3.093093109782785177e-04,7.604930549860000610e-02,6.478006253018975258e-05,2.452720403671264648e-01
4.206797480583190918e-01,1.662253439426422119e-01,2.166517660953104496e-04,1.506419032812118530e-01,2.910469083872158080e-05,2.622072994709014893e-01
6.128723025321960449e-01,1.320263594388961792e-01,2.557431289460510015e-04,7.118428498506546021e-02,3.510237729642540216e-05,1.836263537406921387e-01
6.597763895988464355e-01,4.233736172318458557e-02,7.947878475533798337e-05,4.145458340644836426e-02,1.755720040819142014e-05,2.563346028327941895e-01
8.181541562080383301e-01,1.152132917195558548e-02,2.480570765328593552e-05,3.569890186190605164e-02,5.183650955586927012e-06,1.345957666635513306e-01
7.812123298645019531e-01,2.016714960336685181e-02,6.563339411513879895e-05,1.576829515397548676e-02,1.673449514782987535e-05,1.827697455883026123e-01
8.109657764434814453e-01,1.595789380371570587e-02,4.297839768696576357e-05,1.991790346801280975e-02,1.115682516683591530e-05,1.531043201684951782e-01
8.369915485382080078e-01,9.924629703164100647e-03,2.416280040051788092e-05,2.067496813833713531e-02,6.156341896712547168e-06,1.323785781860351562e-01
7.873853445053100586e-01,1.176948100328445435e-02,2.153174500563181937e-05,1.974836550652980804e-02,6.731917892466299236e-06,1.810686141252517700e-01
9.151380062103271484e-01,2.202384173870086670e-03,5.220555522100767121e-06,5.817480850964784622e-03,1.828270342230098322e-06,7.683503627777099609e-02
8.842356801033020020e-01,2.082540653645992279e-03,3.562307028914801776e-06,6.805322133004665375e-03,1.218017359860823490e-06,1.068715751171112061e-01
7.202199697494506836e-01,1.955313049256801605e-02,2.043255699391011149e-05,3.663531690835952759e-02,4.766138317791046575e-06,2.235663533210754395e-01
6.395664811134338379e-01,8.378672413527965546e-03,8.039332897169515491e-06,1.571333035826683044e-02,3.366363671375438571e-06,3.363301455974578857e-01
4.297304451465606689e-01,3.146140370517969131e-03,2.883662091335281730e-06,1.537569798529148102e-02,1.319990019510441925e-06,5.517435073852539062e-01
5.250435471534729004e-01,7.212625350803136826e-03,6.209940693224780262e-06,2.029651217162609100e-02,2.637340003275312483e-06,4.474385082721710205e-01
4.446492493152618408e-01,4.458693787455558777e-03,5.659302132698940113e-06,2.922981604933738708e-02,2.021644377236953005e-06,5.216546058654785156e-01
2.855033874511718750e-01,2.406723611056804657e-02,1.089169563783798367e-05,9.490410238504409790e-02,2.520431053198990412e-06,5.955117940902709961e-01
2.671696841716766357e-01,5.656053125858306885e-02,1.821699697757139802e-05,1.671061962842941284e-01,3.153772922814823687e-06,5.091422796249389648e-01
5.848788619041442871e-01,3.754360973834991455e-02,5.354174209060147405e-05,2.173271477222442627e-01,7.412244940496748313e-06,1.601894944906234741e-01
8.063864111900329590e-01,2.515664696693420410e-02,4.928062480757944286e-05,7.330925017595291138e-02,7.416267180815339088e-06,9.509107470512390137e-02
8.347152471542358398e-01,4.045449197292327881e-02,9.379138646181672812e-05,6.690602749586105347e-02,1.151833748735953122e-05,5.781881511211395264e-02
8.560012578964233398e-01,4.027952998876571655e-02,2.665157953742891550e-04,5.360217764973640442e-02,4.480488860281184316e-05,4.980562627315521240e-02
6.985400915145874023e-01,5.493803694844245911e-02,2.683931379579007626e-04,8.568355441093444824e-02,5.086612145532853901e-05,1.605191230773925781e-01
5.615090727806091309e-01,9.883772581815719604e-02,5.110591882839798927e-04,1.413600891828536987e-01,7.198362436611205339e-05,1.977100968360900879e-01
4.666350185871124268e-01,7.477038353681564331e-02,3.227642446290701628e-04,3.222236037254333496e-01,3.457348066149279475e-05,1.360136717557907104e-01
8.279147744178771973e-01,7.612421642988920212e-03,3.444383037276566029e-05,5.672771111130714417e-02,6.357956863212166354e-06,1.077042669057846069e-01
7.817587852478027344e-01,2.174706384539604187e-02,5.179754589335061610e-05,7.350359857082366943e-02,7.548010671598603949e-06,1.229311898350715637e-01
8.932000398635864258e-01,1.103088818490505219e-02,2.937673161795828491e-05,4.583278298377990723e-02,3.695391797009506263e-06,4.990316927433013916e-02
7.499088048934936523e-01,3.395795822143554688e-02,3.118337190244346857e-05,5.005741491913795471e-02,4.929212991555687040e-06,1.660396754741668701e-01
5.487236976623535156e-01,6.679526716470718384e-02,5.867820436833426356e-05,1.268823593854904175e-01,9.019961908052209765e-06,2.575309276580810547e-01
6.631857156753540039e-01,4.795513674616813660e-02,6.414172094082459807e-05,1.184473112225532532e-01,7.798390470270533115e-06,1.703399419784545898e-01
4.209033846855163574e-01,4.943764209747314453e-02,1.401369081577286124e-04,2.191141396760940552e-01,4.132929097977466881e-05,3.103632926940917969e-01
4.879838228225708008e-01,9.914871305227279663e-03,2.286281232954934239e-05,5.328609794378280640e-02,1.192161744256736711e-05,4.487804174423217773e-01
6.491548418998718262e-01,1.452709641307592392e-02,7.674061635043472052e-05,3.007235750555992126e-02,4.909319977741688490e-05,3.061198890209197998e-01
7.606290578842163086e-01,4.898421466350555420e-03,3.606998507166281343e-05,6.381545215845108032e-03,3.342290801811031997e-05,2.280214726924896240e-01
7.703723311424255371e-01,1.661856775172054768e-03,9.038189091370441020e-06,2.470850478857755661e-03,5.968832738290075213e-06,2.254800051450729370e-01
8.853705525398254395e-01,1.498042722232639790e-03,1.745320878399070352e-05,2.606702037155628204e-03,8.550282473152037710e-06,1.104988083243370056e-01
9.280356764793395996e-01,1.743826200254261494e-03,1.531399720988702029e-05,3.078202251344919205e-03,6.737904641340719536e-06,6.712029129266738892e-02
9.459273815155029297e-01,2.250088378787040710e-03,1.542386780783999711e-05,5.785931367427110672e-03,4.874724254477769136e-06,4.601632058620452881e-02
9.535837173461914062e-01,1.141313649713993073e-02,6.093083356972783804e-05,1.582435332238674164e-02,9.681104529590811580e-06,1.910818554461002350e-02
9.806439876556396484e-01,3.964903764426708221e-03,2.786422192002646625e-05,4.024186171591281891e-03,6.166123966977465898e-06,1.133281085640192032e-02
9.460731148719787598e-01,1.497968845069408417e-02,4.205221557640470564e-05,1.154378987848758698e-02,7.283388185896910727e-06,2.735409326851367950e-02
8.563939332962036133e-01,6.264974176883697510e-02,1.955521147465333343e-04,2.971150912344455719e-02,3.055217894143424928e-05,5.101877078413963318e-02
8.739809989929199219e-01,4.325002059340476990e-02,2.073720970656722784e-04,1.978200487792491913e-02,4.511663064477033913e-05,6.273438036441802979e-02
8.579725027084350586e-01,4.758606106042861938e-02,1.197846577269956470e-04,3.297526389360427856e-02,2.144847167073749006e-05,6.132492050528526306e-02
9.571841955184936523e-01,6.429635453969240189e-03,2.262482666992582381e-05,3.689659526571631432e-03,8.246513971243984997e-06,3.266570717096328735e-02
7.232105731964111328e-01,7.929604500532150269e-03,1.315755980613175780e-05,1.333607081323862076e-02,5.598408279183786362e-06,2.555048763751983643e-01
5.300648212432861328e-01,4.761406779289245605e-02,5.458923988044261932e-05,4.761774465441703796e-02,1.587282167747616768e-05,3.746329247951507568e-01
4.010004997253417969e-01,6.172539666295051575e-02,6.548334204126149416e-05,9.313721209764480591e-02,1.508567856944864616e-05,4.440563321113586426e-01
5.588271021842956543e-01,2.464480511844158173e-02,4.728793282993137836e-05,3.135049715638160706e-02,1.411368339176988229e-05,3.851162493228912354e-01
5.934089422225952148e-01,4.768260940909385681e-02,5.058318129158578813e-05,2.978834882378578186e-02,1.362466991849942133e-05,3.290558159351348877e-01
7.767996191978454590e-01,1.455592177808284760e-02,2.425989623588975519e-05,9.006968699395656586e-03,9.753553968039341271e-06,1.996034979820251465e-01
9.344591498374938965e-01,4.805093631148338318e-03,1.599480674485675991e-05,4.267788492143154144e-03,5.685859832738060504e-06,5.644626542925834656e-02
9.463642835617065430e-01,8.388780988752841949e-03,2.862803739844821393e-05,5.650519393384456635e-03,8.924327630666084588e-06,3.955899178981781006e-02
9.464501142501831055e-01,1.009197719395160675e-02,2.964984923892188817e-05,7.414375431835651398e-03,7.016224571998463944e-06,3.600681200623512268e-02
8.797823190689086914e-01,3.725776448845863342e-02,1.404671056661754847e-04,3.361707553267478943e-02,2.190149461966939270e-05,4.918059706687927246e-02
6.869748234748840332e-01,8.267655968666076660e-02,1.872276916401460767e-04,1.018677130341529846e-01,3.008136445714626461e-05,1.282636523246765137e-01
6.055652499198913574e-01,5.010241642594337463e-02,9.854165546130388975e-05,1.187000870704650879e-01,1.694976526778191328e-05,2.255167514085769653e-01
6.147277355194091797e-01,3.767578303813934326e-02,1.000417978502810001e-04,1.461388021707534790e-01,1.616415283933747560e-05,2.013414204120635986e-01
5.414773225784301758e-01,1.965825632214546204e-02,4.747844286612235010e-05,1.186526641249656677e-01,1.027076450554886833e-05,3.201539814472198486e-01
5.428513884544372559e-01,4.485138133168220520e-02,6.806205783504992723e-05,2.167412489652633667e-01,9.639398740546312183e-06,1.954781860113143921e-01
2.504304945468902588e-01,1.368410140275955200e-01,2.562770096119493246e-04,5.184764266014099121e-01,2.093501825584098697e-05,9.397476166486740112e-02
1.055288836359977722e-01,1.921241879463195801e-01,1.980510860448703170e-04,6.541017889976501465e-01,1.094731760531431064e-05,4.803617671132087708e-02
2.533490359783172607e-01,1.870479583740234375e-01,2.221287868451327085e-04,4.719712734222412109e-01,1.499448626418597996e-05,8.739457279443740845e-02
3.458859622478485107e-01,1.081732586026191711e-01,1.425730588380247355e-04,4.338101744651794434e-01,1.216192868014331907e-05,1.119758337736129761e-01
1.511355042457580566e-01,1.056522950530052185e-01,7.910383283160626888e-05,5.788100361824035645e-01,8.887460353435017169e-06,1.643141657114028931e-01
3.338931202888488770e-01,4.894765466451644897e-02,2.951828173536341637e-05,1.754850000143051147e-01,6.100696737121324986e-06,4.416385889053344727e-01
2.624879181385040283e-01,1.241784617304801941e-01,1.080338988685980439e-04,1.790913194417953491e-01,2.191752355429343879e-05,4.341123402118682861e-01
6.578810214996337891e-01,3.340997546911239624e-02,9.619698539609089494e-05,7.833718508481979370e-02,2.752997897914610803e-05,2.302479743957519531e-01
8.850238919258117676e-01,1.890321820974349976e-02,1.168369635706767440e-04,3.636990115046501160e-02,2.203179064963478595e-05,5.956415086984634399e-02
9.115092754364013672e-01,2.910385839641094208e-02,2.153612585971131921e-04,2.550734393298625946e-02,3.648302663350477815e-05,3.362767770886421204e-02
9.480509757995605469e-01,2.119867503643035889e-02,1.713044766802340746e-04,1.078443415462970734e-02,3.482107422314584255e-05,1.975969597697257996e-02
9.785163402557373047e-01,4.893339704722166061e-03,3.198622653144411743e-05,2.468861872330307961e-03,8.885795978130772710e-06,1.408063340932130814e-02
9.286514520645141602e-01,6.820958573371171951e-03,2.349655915168114007e-05,4.897619597613811493e-03,7.971766535774804652e-06,5.959852784872055054e-02
8.775023221969604492e-01,3.669370897114276886e-03,9.377266906085424125e-06,1.976205501705408096e-03,5.085399607196450233e-06,1.168374791741371155e-01
6.697725653648376465e-01,7.840664125978946686e-03,1.077400065696565434e-05,6.391894537955522537e-03,5.572414011112414300e-06,3.159784674644470215e-01
4.256806969642639160e-01,5.709153600037097931e-03,6.616896826017182320e-06,9.498505853116512299e-03,3.180686007908661850e-06,5.591018795967102051e-01
4.137151837348937988e-01,4.069029819220304489e-03,5.871906978427432477e-06,9.369988925755023956e-03,2.787899120448855683e-06,5.728371739387512207e-01
4.613071084022521973e-01,2.718649571761488914e-03,4.997932137484895065e-06,9.528929367661476135e-03,2.533140332161565311e-06,5.264377593994140625e-01
3.208792209625244141e-01,8.701583719812333584e-04,1.624011019885074347e-06,2.770110266283154488e-03,1.279433604395308066e-06,6.754776239395141602e-01
4.420837759971618652e-01,1.202725525945425034e-02,2.379098077653907239e-05,2.365849725902080536e-02,8.402580533584114164e-06,5.221983194351196289e-01
2.784218192100524902e-01,3.590333834290504456e-02,2.956980461021885276e-05,3.853069245815277100e-02,1.138137031375663355e-05,6.471031904220581055e-01
1.944981217384338379e-01,5.394918471574783325e-02,2.241588481410872191e-05,2.914553694427013397e-02,6.546878012159140781e-06,7.223781943321228027e-01
4.440632164478302002e-01,7.167076319456100464e-02,5.358483031159266829e-05,7.865593582391738892e-02,1.147595776274101809e-05,4.055449664592742920e-01
4.872834384441375732e-01,5.589489638805389404e-02,2.843947368091903627e-05,9.108360856771469116e-02,6.195035894052125514e-06,3.657034039497375488e-01
7.634656429290771484e-01,6.734088528901338577e-03,4.628469469025731087e-06,1.496803667396306992e-02,1.470031861572351772e-06,2.148261517286300659e-01
7.506980895996093750e-01,7.959118811413645744e-04,7.168177944549825042e-07,3.789253300055861473e-03,4.158597164405364310e-07,2.447156161069869995e-01
8.846565485000610352e-01,3.829466877505183220e-04,1.003014062916918192e-06,3.102541435509920120e-03,5.160056844033533707e-07,1.118564009666442871e-01
8.624196052551269531e-01,1.743016880936920643e-03,4.341861767898080871e-06,5.927136633545160294e-03,1.633871079320670106e-06,1.299042701721191406e-01
6.754541993141174316e-01,8.511309279128909111e-04,1.829322854973725043e-06,4.190707579255104065e-03,9.827621170188649558e-07,3.195011913776397705e-01
8.131672143936157227e-01,1.805045176297426224e-03,3.963844392274040729e-06,3.854576731100678444e-03,2.213748302892781794e-06,1.811668574810028076e-01
7.766452431678771973e-01,3.215405857190489769e-03,4.276733307051472366e-06,5.127613898366689682e-03,2.092077920679003000e-06,2.150053381919860840e-01
6.612752676010131836e-01,3.038961905986070633e-03,1.843588279371033423e-06,5.296151153743267059e-03,9.725678182803676464e-07,3.303869068622589111e-01
8.179825544357299805e-01,1.909508183598518372e-02,1.216896544065093622e-05,1.132439821958541870e-02,4.022915163659490645e-06,1.515818238258361816e-01
6.633213162422180176e-01,1.318722367286682129e-01,1.208803805639036000e-04,5.512646213173866272e-02,2.033914279309101403e-05,1.495388001203536987e-01
3.258814513683319092e-01,5.131520032882690430e-01,4.256713727954775095e-04,9.928557276725769043e-02,3.625971294241026044e-05,6.121898069977760315e-02
2.345510870218276978e-01,5.913825035095214844e-01,6.353929638862609863e-04,1.305461078882217407e-01,4.264444942236877978e-05,4.284232109785079956e-02
3.136658072471618652e-01,4.386660754680633545e-01,5.224893102422356606e-04,1.386889070272445679e-01,5.326398240868002176e-05,1.084034666419029236e-01
3.554807901382446289e-01,4.198402464389801025e-01,7.636530790477991104e-04,1.339940726757049561e-01,8.956393867265433073e-05,8.983162045478820801e-02
3.340526521205902100e-01,3.166395053267478943e-02,2.174836481572128832e-05,1.530135795474052429e-02,7.005112365732202306e-06,6.189532876014709473e-01
3.572953343391418457e-01,1.546221505850553513e-02,1.270588290935847908e-05,8.020355366170406342e-03,6.781590855098329484e-06,6.192026138305664062e-01
2.921347916126251221e-01,2.897053398191928864e-02,6.082944673835299909e-05,9.358862414956092834e-03,4.586693103192374110e-05,6.694291234016418457e-01
3.012564182281494141e-01,1.910061575472354889e-02,5.053528730059042573e-05,1.504538767039775848e-02,3.228815694455988705e-05,6.645147204399108887e-01
1.941071003675460815e-01,4.294873178005218506e-01,2.195245120674371719e-03,2.865789234638214111e-01,2.433573099551722407e-04,8.738803118467330933e-02
1.296159029006958008e-01,5.341830849647521973e-01,2.816259860992431641e-03,2.476658672094345093e-01,3.014502581208944321e-04,8.541753888130187988e-02
2.324109077453613281e-01,3.946766853332519531e-01,2.048764610663056374e-03,9.786865115165710449e-02,5.144111346453428268e-04,2.724806666374206543e-01
4.089981615543365479e-01,2.325946986675262451e-01,1.022014650516211987e-03,6.011636555194854736e-02,2.643733168952167034e-04,2.970043122768402100e-01
4.828563332557678223e-01,1.409000754356384277e-01,5.749838892370462418e-04,3.080230206251144409e-02,2.020884421654045582e-04,3.446642458438873291e-01
8.842872381210327148e-01,1.746903732419013977e-02,1.894521992653608322e-04,1.092904806137084961e-02,6.827469769632443786e-05,8.705692738294601440e-02
9.278447031974792480e-01,1.936460100114345551e-02,5.055110086686909199e-04,2.470325492322444916e-02,1.427427778253331780e-04,2.743908949196338654e-02
9.431098103523254395e-01,1.656560227274894714e-02,2.591963275335729122e-04,2.470122464001178741e-02,4.638902100850827992e-05,1.531784329563379288e-02
8.265641927719116211e-01,5.246936157345771790e-02,4.594147030729800463e-04,8.624242246150970459e-02,5.814694668515585363e-05,3.420661762356758118e-02
8.033308982849121094e-01,4.231867566704750061e-02,2.001147076953202486e-04,6.576641649007797241e-02,3.624340024543926120e-05,8.834752440452575684e-02
7.867496609687805176e-01,1.161836087703704834e-02,2.841272180376108736e-05,1.060973014682531357e-02,1.210118261951720342e-05,1.909817755222320557e-01
7.761246562004089355e-01,1.410702988505363464e-02,2.196579589508473873e-05,2.939746715128421783e-02,5.188178874959703535e-06,1.803437918424606323e-01
8.720411658287048340e-01,6.883468944579362869e-03,2.370816218899562955e-05,1.247278228402137756e-02,6.485952326329424977e-06,1.085723340511322021e-01
8.903915882110595703e-01,6.600661668926477432e-03,3.419313361519016325e-05,1.220637001097202301e-02,1.120122033171355724e-05,9.075590968132019043e-02
7.911479473114013672e-01,3.258015215396881104e-02,1.430845441063866019e-04,4.855153337121009827e-02,2.757473157544154674e-05,1.275498270988464355e-01
7.596608996391296387e-01,1.342044025659561157e-02,1.551753230160102248e-04,2.327942103147506714e-02,4.184017961961217225e-05,2.034421712160110474e-01
5.634326934814453125e-01,6.389230955392122269e-03,6.033818135620094836e-05,1.269605569541454315e-02,2.400707489869091660e-05,4.173977375030517578e-01
7.635483145713806152e-01,4.879523068666458130e-03,8.630954835098236799e-05,5.323895253241062164e-03,4.090750007890164852e-05,2.261211723089218140e-01
6.650745272636413574e-01,6.978946737945079803e-03,7.451557030435651541e-05,4.717634059488773346e-03,3.857986666844226420e-05,3.231156468391418457e-01
8.455887436866760254e-01,2.406833693385124207e-02,2.073236973956227303e-04,1.614362932741641998e-02,5.027550650993362069e-05,1.139416545629501343e-01
7.800495028495788574e-01,3.955998271703720093e-02,1.208296671393327415e-04,2.094485051929950714e-02,3.020467920578084886e-05,1.592945605516433716e-01
4.939820766448974609e-01,4.844010248780250549e-02,4.451508357306011021e-05,1.892349869012832642e-02,1.838066054915543646e-05,4.385913610458374023e-01
4.818850159645080566e-01,5.695293098688125610e-02,3.963442941312678158e-05,6.399772316217422485e-02,9.674699867900926620e-06,3.971151411533355713e-01
3.721912503242492676e-01,8.947841078042984009e-02,2.760755705821793526e-05,1.240084469318389893e-01,5.874384896742412820e-06,4.142884314060211182e-01
2.508965730667114258e-01,2.779049612581729889e-02,1.218346733367070556e-05,4.095814004540443420e-02,4.393068593344651163e-06,6.803382635116577148e-01
4.097486138343811035e-01,1.767031289637088776e-02,1.261938359675696120e-05,4.330166429281234741e-02,3.716314040502766147e-06,5.292630195617675781e-01
3.537594676017761230e-01,4.343304410576820374e-02,4.428259489941410720e-05,8.563568443059921265e-02,1.247757427336182445e-05,5.171150565147399902e-01
3.963972330093383789e-01,2.175530791282653809e-02,3.831963113043457270e-05,2.848332189023494720e-02,1.432658154953969643e-05,5.533114671707153320e-01
5.309445261955261230e-01,5.666749551892280579e-02,1.047496189130470157e-04,7.244530320167541504e-02,2.687900087039452046e-05,3.398110270500183105e-01
4.172066748142242432e-01,1.910737454891204834e-01,6.417417898774147034e-04,1.857921928167343140e-01,9.972262341761961579e-05,2.051859498023986816e-01
4.948051571846008301e-01,2.556544244289398193e-01,1.400003093294799328e-03,1.397379934787750244e-01,1.822761696530506015e-04,1.082202121615409851e-01
8.130673170089721680e-01,5.101468414068222046e-02,3.562773927114903927e-04,9.177132695913314819e-02,4.970473673893138766e-05,4.374062269926071167e-02
7.601480484008789062e-01,1.313022375106811523e-01,9.958018781617283821e-04,4.099427908658981323e-02,1.620763068785890937e-04,6.639753282070159912e-02
7.638573646545410156e-01,7.022958248853683472e-02,1.556974893901497126e-04,3.201272338628768921e-02,3.727030707523226738e-05,1.337074339389801025e-01
8.333081603050231934e-01,1.462895330041646957e-02,3.694200859172269702e-05,1.745945960283279419e-02,8.549617632525041699e-06,1.345580369234085083e-01
5.771178007125854492e-01,5.965284630656242371e-02,6.483228935394436121e-05,3.812716901302337646e-02,1.776548560883384198e-05,3.250195682048797607e-01
4.683722555637359619e-01,7.652181200683116913e-03,1.037154925143113360e-05,1.005008071660995483e-02,4.777284175361273810e-06,5.139102935791015625e-01
6.456173062324523926e-01,1.165243983268737793e-02,1.601173971721436828e-05,1.168127357959747314e-02,7.002186066529247910e-06,3.310258686542510986e-01
7.409105300903320312e-01,8.121099323034286499e-03,2.118500924552790821e-05,2.102491073310375214e-02,6.033686531736748293e-06,2.299163043498992920e-01
7.119029760360717773e-01,6.383221596479415894e-03,1.532003807369619608e-05,2.631594799458980560e-02,5.077123205410316586e-06,2.553774714469909668e-01
8.367777466773986816e-01,8.224599063396453857e-03,3.779494727496057749e-05,2.659215591847896576e-02,1.043187148752622306e-05,1.283571571111679077e-01
5.514080524444580078e-01,6.918902695178985596e-02,1.749952643876895308e-04,1.598026156425476074e-01,2.480205148458480835e-05,2.194005995988845825e-01
2.450738698244094849e-01,7.143991440534591675e-02,5.405213596532121301e-05,6.930342316627502441e-02,1.229465487995184958e-05,6.141164302825927734e-01
3.683812022209167480e-01,1.184764783829450607e-02,1.209853508044034243e-05,1.541991624981164932e-02,5.056481313658878207e-06,6.043341159820556641e-01
2.647585272789001465e-01,5.041947588324546814e-03,2.699565584407537244e-06,4.798555281013250351e-03,1.709868229227140546e-06,7.253965139389038086e-01
6.726939082145690918e-01,8.912306511774659157e-04,2.212092340414528735e-06,1.667638542130589485e-03,1.760924760674242862e-06,3.247431814670562744e-01
5.887777805328369141e-01,3.282039542682468891e-04,1.528781922388589010e-06,3.550677502062171698e-04,1.828981226026371587e-06,4.105356037616729736e-01
7.541331052780151367e-01,3.074005944654345512e-03,1.571110442455392331e-05,3.242248902097344398e-03,8.947914466261863708e-06,2.395258992910385132e-01
8.151266574859619141e-01,3.259931877255439758e-02,1.628791505936533213e-04,2.287780307233333588e-02,3.744709465536288917e-05,1.291959732770919800e-01
6.630894541740417480e-01,9.409900754690170288e-02,2.155808615498244762e-04,6.609636545181274414e-02,3.373409708729013801e-05,1.764658689498901367e-01
5.045140981674194336e-01,6.386034935712814331e-02,5.394305480876937509e-05,6.359550356864929199e-02,8.858225555741228163e-06,3.679672479629516602e-01
3.279182612895965576e-01,1.921985000371932983e-01,7.170156459324061871e-05,1.583534479141235352e-01,1.079803405446000397e-05,3.214473426342010498e-01
1.818874031305313110e-01,9.293697774410247803e-02,2.987524931086227298e-05,1.384096890687942505e-01,5.229578619037056342e-06,5.867308378219604492e-01
2.334049195051193237e-01,4.985447227954864502e-02,1.924913340189959854e-05,1.073814854025840759e-01,4.273904778528958559e-06,6.093356609344482422e-01
1.638087928295135498e-01,3.584124147891998291e-02,9.201218745147343725e-06,9.244468063116073608e-02,2.249945282528642565e-06,7.078937888145446777e-01
1.232641413807868958e-01,5.002502351999282837e-03,2.911084948209463619e-06,2.415673620998859406e-02,1.148511159954068717e-06,8.475725650787353516e-01
1.037902235984802246e-01,1.491315080784261227e-03,8.833452511680661701e-07,1.364162098616361618e-02,4.690995183409540914e-07,8.810755014419555664e-01
6.882172822952270508e-02,3.323156270198523998e-04,2.199213753328876919e-07,3.143167356029152870e-03,1.862149332509943633e-07,9.277024269104003906e-01
1.414217352867126465e-01,2.125435275956988335e-03,3.221203996872645803e-06,1.034475304186344147e-02,1.621212845748232212e-06,8.461032509803771973e-01
2.218220233917236328e-01,8.325451053678989410e-03,8.148424967657774687e-06,1.249115448445081711e-02,4.555055966193322092e-06,7.573487162590026855e-01
4.582141041755676270e-01,7.538371719419956207e-03,2.181688978453166783e-05,1.689256913959980011e-02,9.275105185224674642e-06,5.173239111900329590e-01
6.256928443908691406e-01,3.962240368127822876e-02,7.313499372685328126e-05,8.783006668090820312e-02,1.317299484071554616e-05,2.467683106660842896e-01
4.995223581790924072e-01,1.736575663089752197e-01,1.720249274512752891e-04,1.482633501291275024e-01,2.066571141767781228e-05,1.783640086650848389e-01
5.682804584503173828e-01,1.892111897468566895e-01,1.369466335745528340e-04,1.307683289051055908e-01,1.526039704913273454e-05,1.115878447890281677e-01
5.425924062728881836e-01,1.258035153150558472e-01,6.356979429256170988e-05,7.301699370145797729e-02,1.102790065488079563e-05,2.585125565528869629e-01
6.330126523971557617e-01,7.530564069747924805e-02,5.491548290592618287e-05,3.134654462337493896e-02,1.028466522257076576e-05,2.602699398994445801e-01
7.500796914100646973e-01,7.835394702851772308e-03,7.934558198030572385e-06,3.433088306337594986e-03,3.599115188990253955e-06,2.386402785778045654e-01
8.797714710235595703e-01,1.428646733984351158e-03,2.109107526848674752e-06,3.137017367407679558e-03,9.260839988201041706e-07,1.156598255038261414e-01
9.148495793342590332e-01,6.808209698647260666e-03,8.160568540915846825e-06,9.230163879692554474e-03,2.382880666118580848e-06,6.910147517919540405e-02
8.748790621757507324e-01,1.365398522466421127e-02,8.638484359835274518e-06,1.829770393669605255e-02,2.117410076607484370e-06,9.315846115350723267e-02
7.288733720779418945e-01,3.540170937776565552e-02,2.489311191311571747e-05,9.967944025993347168e-02,3.798481884587090462e-06,1.360168308019638062e-01
6.063950657844543457e-01,5.445137992501258850e-02,4.688664193963631988e-05,9.731367975473403931e-02,8.488070307066664100e-06,2.417844384908676147e-01
5.209411382675170898e-01,3.737616911530494690e-02,7.890641427366062999e-05,3.743866384029388428e-01,5.656393568642670289e-06,6.721148639917373657e-02
7.546264529228210449e-01,1.910145580768585205e-02,5.144946771906688809e-05,1.542241126298904419e-01,5.880621301912469789e-06,7.199075073003768921e-02
7.250036597251892090e-01,1.144121680408716202e-02,1.612806227058172226e-05,1.644561141729354858e-01,1.545279360470885877e-06,9.908126294612884521e-02
8.806272149085998535e-01,1.288869604468345642e-02,2.083963045151904225e-05,5.730623379349708557e-02,2.798525656544370577e-06,4.915414005517959595e-02
7.953751087188720703e-01,1.497237663716077805e-02,1.297274138778448105e-05,7.566928118467330933e-02,2.014254278037697077e-06,1.139681637287139893e-01
6.845879554748535156e-01,1.795502007007598877e-02,1.940198308147955686e-05,6.155186519026756287e-02,4.209447979519609362e-06,2.358814477920532227e-01
7.871058583259582520e-01,1.322125084698200226e-02,2.216099710494745523e-05,3.210621327161788940e-02,4.398102191771613434e-06,1.675401329994201660e-01
7.894970774650573730e-01,8.438971824944019318e-03,1.517385953775374219e-05,3.105266205966472626e-02,4.006135895906481892e-06,1.709921509027481079e-01
7.898975014686584473e-01,1.931283040903508663e-03,3.017443987118895166e-06,8.994878269731998444e-03,1.070948201231658459e-06,1.991723179817199707e-01
4.931077957153320312e-01,6.971603725105524063e-03,3.004392738148453645e-06,1.502652931958436966e-02,1.726869413687381893e-06,4.848893284797668457e-01
1.630447357892990112e-01,2.685782685875892639e-02,6.671346454822923988e-06,4.498858377337455750e-02,1.848131546466902364e-06,7.651003003120422363e-01
8.422386646270751953e-02,3.625239059329032898e-02,4.831502792512765154e-06,4.350224509835243225e-02,1.157428300757601392e-06,8.360155224800109863e-01
1.435998678207397461e-01,4.992662742733955383e-02,1.675984458415769041e-05,5.475339293479919434e-02,4.362633262644521892e-06,7.516989707946777344e-01
2.697402834892272949e-01,1.041380539536476135e-01,8.502819400746375322e-05,9.404618293046951294e-02,1.881017487903591245e-05,5.319716334342956543e-01
6.482986807823181152e-01,2.525567077100276947e-02,6.085713903303258121e-05,4.364238306879997253e-02,1.612596679478883743e-05,2.827263176441192627e-01
7.945204973220825195e-01,5.990366917103528976e-03,4.413593705976381898e-05,2.388273738324642181e-02,1.204689215228427202e-05,1.755501925945281982e-01
8.787806630134582520e-01,2.567442134022712708e-03,2.439964373479597270e-05,1.446864102035760880e-02,8.175944458344019949e-06,1.041507050395011902e-01
9.483826756477355957e-01,9.398430120199918747e-04,6.723842943756608292e-06,9.940419346094131470e-03,1.712557491373445373e-06,4.072865471243858337e-02
9.340303540229797363e-01,2.827397314831614494e-03,8.084957698883954436e-06,2.203774452209472656e-02,1.425485606887377799e-06,4.109488427639007568e-02
9.090688228607177734e-01,7.692629005759954453e-03,7.461165296263061464e-06,1.937194913625717163e-02,1.472065719099191483e-06,6.385762244462966919e-02
6.908212304115295410e-01,4.346513189375400543e-03,3.191434643667889759e-06,7.951667532324790955e-03,1.694394086371175945e-06,2.968756258487701416e-01
5.767602324485778809e-01,1.563624711707234383e-03,1.269848667106998619e-06,3.125000279396772385e-03,8.301790330733638257e-07,4.185490608215332031e-01
1.894865632057189941e-01,7.378923706710338593e-03,1.121138893722672947e-06,4.535610321909189224e-03,7.024531214483431540e-07,7.985971570014953613e-01
2.804267704486846924e-01,1.536231301724910736e-02,6.390819635271327570e-06,1.002286188304424286e-02,2.325167997696553357e-06,6.941792964935302734e-01
2.618778347969055176e-01,6.310932338237762451e-02,1.705477188806980848e-05,1.266886573284864426e-02,6.396461230906425044e-06,6.623204946517944336e-01
2.146925926208496094e-01,2.059585005044937134e-01,9.009631321532651782e-05,2.023687064647674561e-01,1.283989331568591297e-05,3.768772780895233154e-01
2.036279588937759399e-01,2.145036756992340088e-01,1.271687215194106102e-04,2.626469135284423828e-01,1.913894629979040474e-05,3.190751373767852783e-01
4.738466143608093262e-01,7.568702846765518188e-02,9.948009392246603966e-05,2.640595138072967529e-01,1.336188779532676563e-05,1.862940043210983276e-01
7.603967785835266113e-01,3.038636222481727600e-02,5.682358823833055794e-05,6.291448324918746948e-02,1.247696309292223305e-05,1.462330967187881470e-01
5.242486596107482910e-01,1.602543443441390991e-01,2.083540748571977019e-04,7.820171117782592773e-02,3.764830762520432472e-05,2.370493412017822266e-01
6.722859740257263184e-01,1.090086027979850769e-01,1.865597005235031247e-04,3.905887156724929810e-02,4.040816929773427546e-05,1.794195771217346191e-01
5.791504383087158203e-01,2.252702862024307251e-01,5.540069541893899441e-04,6.130333617329597473e-02,1.053645974025130272e-04,1.336165815591812134e-01
5.576344728469848633e-01,1.320663392543792725e-01,4.365289933048188686e-04,4.944131895899772644e-02,1.040298084262758493e-04,2.603172361850738525e-01
2.975192666053771973e-01,1.145507860928773880e-02,1.059683290804969147e-05,1.015304680913686752e-02,5.419666194939054549e-06,6.808565855026245117e-01
5.763720273971557617e-01,2.626659814268350601e-03,5.976507964078336954e-06,3.923358861356973648e-03,4.525788426690269262e-06,4.170674085617065430e-01
2.535678148269653320e-01,4.373915493488311768e-03,7.931872460176236928e-06,7.954836823046207428e-03,4.474964953260496259e-06,7.340909838676452637e-01
4.289610385894775391e-01,6.763380486518144608e-03,1.205619537358870730e-05,3.441031277179718018e-02,4.387004537420580164e-06,5.298487544059753418e-01
3.879743516445159912e-01,5.525743588805198669e-02,3.638250636868178844e-04,5.196030139923095703e-01,2.213043262599967420e-05,3.677926212549209595e-02
3.305991888046264648e-01,9.983984380960464478e-02,4.616733640432357788e-04,5.147910714149475098e-01,2.841178866219706833e-05,5.427980050444602966e-02
5.257681012153625488e-01,1.065128594636917114e-01,4.545816627796739340e-04,3.162385225296020508e-01,3.957804437959566712e-05,5.098631232976913452e-02
5.971947908401489258e-01,1.087632924318313599e-01,2.061347768176347017e-04,1.342452168464660645e-01,3.569367254385724664e-05,1.595548540353775024e-01
2.469208240509033203e-01,5.612193793058395386e-02,3.780446422751992941e-05,9.509344398975372314e-02,1.021067510009743273e-05,6.018158197402954102e-01
2.419927418231964111e-01,1.258999556303024292e-01,1.235816744156181812e-04,3.807780146598815918e-01,1.408581738360226154e-05,2.511917054653167725e-01
3.817415237426757812e-01,1.053328663110733032e-01,1.180456529255025089e-04,2.004823684692382812e-01,1.647986391617450863e-05,3.123087882995605469e-01
2.355276644229888916e-01,1.218480393290519714e-01,2.411637833574786782e-04,5.011980533599853516e-01,2.239807872683741152e-05,1.411626487970352173e-01
4.274402558803558350e-01,1.938276439905166626e-01,6.187517428770661354e-04,2.392492145299911499e-01,6.250524165807291865e-05,1.388016194105148315e-01
8.040040731430053711e-01,4.987282678484916687e-02,2.102337166434153914e-04,4.215463623404502869e-02,4.248431650921702385e-05,1.037158146500587463e-01
8.919953703880310059e-01,1.723251119256019592e-02,6.548583041876554489e-05,1.527481526136398315e-02,1.359542147838510573e-05,7.541824132204055786e-02
8.883229494094848633e-01,1.072172541171312332e-02,1.380945377604803070e-05,8.221917785704135895e-03,4.564735718304291368e-06,9.271506220102310181e-02
7.611666917800903320e-01,2.032636897638440132e-03,1.295857714467274491e-06,5.425347480922937393e-03,6.888558345963247120e-07,2.313733398914337158e-01
6.204450130462646484e-01,9.382651187479496002e-04,3.817906986114394385e-07,4.298100247979164124e-03,2.779687804377317661e-07,3.743179142475128174e-01
4.449536800384521484e-01,7.182499393820762634e-03,3.200296077920938842e-06,8.070458471775054932e-02,9.674472494225483388e-07,4.671551585197448730e-01
3.071639537811279297e-01,1.919014728628098965e-03,1.929440713865915313e-06,2.673515491187572479e-02,9.497686619397427421e-07,6.641790270805358887e-01
2.466688007116317749e-01,5.258855875581502914e-03,2.155702759409905411e-06,2.686156891286373138e-02,8.597098144491610583e-07,7.212077975273132324e-01
4.532191455364227295e-01,1.104206684976816177e-02,1.088859607989434153e-05,3.962753713130950928e-02,3.545854497133404948e-06,4.960968494415283203e-01
5.449508428573608398e-01,5.481551215052604675e-02,3.590100823203101754e-05,6.498786062002182007e-02,7.986660421011038125e-06,3.352018892765045166e-01
3.546718955039978027e-01,2.297004014253616333e-01,1.645561860641464591e-04,2.162931859493255615e-01,1.733446879370603710e-05,1.991526931524276733e-01
2.865324914455413818e-01,3.692894577980041504e-01,1.408901443937793374e-04,7.200448215007781982e-02,2.273334575875196606e-05,2.720099687576293945e-01
1.270962804555892944e-01,4.007961750030517578e-01,1.612058404134586453e-04,8.694448322057723999e-02,1.928285746544133872e-05,3.849825263023376465e-01
1.720880419015884399e-01,3.432406783103942871e-01,2.058258978649973869e-04,4.864501208066940308e-02,4.276857362128794193e-05,4.357777237892150879e-01
2.574639022350311279e-01,1.412346512079238892e-01,1.899066410260275006e-04,6.647177785634994507e-02,3.463715256657451391e-05,5.346050858497619629e-01
5.180072784423828125e-01,1.033051162958145142e-01,4.291484947316348553e-04,2.360679507255554199e-01,5.118091939948499203e-05,1.421393007040023804e-01
7.360024452209472656e-01,1.485107745975255966e-02,1.475516328355297446e-04,1.545141339302062988e-01,2.185767516493797302e-05,9.446283429861068726e-02
8.524820208549499512e-01,1.658093743026256561e-02,1.377350417897105217e-04,7.175671309232711792e-02,2.221284194092731923e-05,5.902037024497985840e-02
9.559007287025451660e-01,2.582916291430592537e-03,2.604861765576060861e-05,9.904674254357814789e-03,7.282598289748420939e-06,3.157825395464897156e-02
9.035841822624206543e-01,1.311602536588907242e-03,8.796756446827203035e-06,3.030305728316307068e-03,5.989628334646113217e-06,9.205903857946395874e-02
8.229592442512512207e-01,3.121633781120181084e-03,6.355754976539174095e-06,3.443021327257156372e-03,4.009541498817270622e-06,1.704657077789306641e-01
8.165263533592224121e-01,1.817158306948840618e-03,3.311993850729777478e-06,2.981151454150676727e-03,2.251267687825020403e-06,1.786697059869766235e-01
5.994786024093627930e-01,1.056057750247418880e-03,2.153867399101727642e-06,1.558987074531614780e-03,2.129907215930870734e-06,3.979020714759826660e-01
6.686985492706298828e-01,1.078117755241692066e-03,3.000078322656918317e-06,4.736460745334625244e-03,1.689521582193265203e-06,3.254822194576263428e-01
7.432967424392700195e-01,4.440143820829689503e-04,1.657057282500318252e-06,2.954442752525210381e-03,9.684739552540122531e-07,2.533021271228790283e-01
5.534707903861999512e-01,6.410513306036591530e-04,8.567932923142507207e-07,1.602432690560817719e-03,7.493695193261373788e-07,4.442841112613677979e-01
4.425098299980163574e-01,8.475793874822556973e-04,6.039030608917528298e-07,2.562341513112187386e-03,5.413579060586926062e-07,5.540791749954223633e-01
4.972351789474487305e-01,5.935498978942632675e-03,1.957507038241601549e-06,1.050139311701059341e-02,1.076542275768588297e-06,4.863248765468597412e-01
2.571045756340026855e-01,1.351917255669832230e-02,2.531177642595139332e-06,1.704166829586029053e-02,1.203264218929689378e-06,7.123308777809143066e-01
2.746398448944091797e-01,7.510405499488115311e-03,1.746732777974102646e-06,1.980946958065032959e-02,9.630472277422086336e-07,6.980375051498413086e-01
2.377015054225921631e-01,1.757673732936382294e-02,6.098262474552029744e-06,6.859965622425079346e-02,2.271812718390719965e-06,6.761137247085571289e-01
2.269130349159240723e-01,8.346923626959323883e-03,8.661867468617856503e-06,4.417051374912261963e-02,2.910815510404063389e-06,7.205579280853271484e-01
2.344885617494583130e-01,9.187168441712856293e-03,1.650520243856590241e-05,3.378327563405036926e-02,5.834636795043479651e-06,7.225186228752136230e-01
3.661884963512420654e-01,9.120977669954299927e-02,3.456575213931500912e-04,2.492536008358001709e-01,5.547793625737540424e-05,2.929469347000122070e-01
2.926924824714660645e-01,2.051831334829330444e-01,7.581459940411150455e-04,2.127747535705566406e-01,1.158517334260977805e-04,2.884756028652191162e-01
5.379495024681091309e-01,1.145886778831481934e-01,1.420585467712953687e-04,1.624782383441925049e-01,2.179388320655561984e-05,1.848197430372238159e-01
6.713216900825500488e-01,1.361514329910278320e-01,1.084025061572901905e-04,1.106824502348899841e-01,1.343219446425791830e-05,8.172257244586944580e-02
7.848342061042785645e-01,9.244829416275024414e-02,6.694373587379232049e-05,5.204552784562110901e-02,8.301632078655529767e-06,7.059652358293533325e-02
8.870720863342285156e-01,4.965016152709722519e-03,4.076835466548800468e-06,5.283839069306850433e-03,1.392431840940844268e-06,1.026734635233879089e-01
8.899922966957092285e-01,7.572516798973083496e-03,6.381378625519573689e-06,6.386770401149988174e-03,2.050515377050032839e-06,9.604002535343170166e-02
5.724536180496215820e-01,2.614887896925210953e-03,2.335350700377603061e-06,9.132301202043890953e-04,2.308957846253179014e-06,4.240136146545410156e-01
5.449629426002502441e-01,9.091229294426739216e-04,6.756716857125866227e-07,1.210903283208608627e-03,7.290245775948278606e-07,4.529156684875488281e-01
4.170791506767272949e-01,7.679702714085578918e-03,3.986170668213162571e-06,1.446319278329610825e-02,2.049489467026432976e-06,5.607718825340270996e-01
2.718911170959472656e-01,2.261233143508434296e-02,9.673221029515843838e-06,8.288180828094482422e-02,2.849511474778410047e-06,6.226022839546203613e-01
4.527998566627502441e-01,6.069205701351165771e-02,7.641314005013555288e-05,2.769148945808410645e-01,9.460357432544697076e-06,2.095073610544204712e-01
4.295361936092376709e-01,7.822769135236740112e-02,7.208223541965708137e-05,3.379493653774261475e-01,8.050996257225051522e-06,1.542066186666488647e-01
6.852440237998962402e-01,1.017015203833580017e-01,1.460529747419059277e-04,1.173002943396568298e-01,1.713570600259117782e-05,9.559088200330734253e-02
8.813528418540954590e-01,2.195366472005844116e-02,3.574917354853823781e-05,4.043284058570861816e-02,5.678067282133270055e-06,5.621923133730888367e-02
8.890028595924377441e-01,1.351201627403497696e-02,1.866704224084969610e-05,1.633705198764801025e-02,4.976147465640679002e-06,8.112438768148422241e-02
9.331881999969482422e-01,5.961125716567039490e-03,1.886716745502781123e-05,8.440330624580383301e-03,6.830498477938817814e-06,5.238452926278114319e-02
9.432701468467712402e-01,1.622130977921187878e-03,8.721022823010571301e-06,5.044501740485429764e-03,3.780586439461330883e-06,5.005068704485893250e-02
7.513759732246398926e-01,2.945521613582968712e-03,1.117317970056319609e-05,1.962383650243282318e-02,5.162931756785837933e-06,2.260382026433944702e-01
8.999917507171630859e-01,6.257692584767937660e-04,2.791128508761175908e-06,6.517612840980291367e-03,1.418841634404088836e-06,9.286066144704818726e-02
8.639605045318603516e-01,2.925565349869430065e-04,9.944758403435116634e-07,7.541561033576726913e-03,4.228460852573334705e-07,1.282038986682891846e-01
7.415619492530822754e-01,3.201798768714070320e-03,3.964102234021993354e-06,2.298442646861076355e-02,1.439536049474554602e-06,2.322464138269424438e-01
6.425765156745910645e-01,1.335685048252344131e-02,1.285049893340328708e-05,4.115360975265502930e-02,3.695794021041365340e-06,3.028964996337890625e-01
6.746144294738769531e-01,4.882169514894485474e-02,5.455696009448729455e-05,1.075140088796615601e-01,1.023823824652936310e-05,1.689851433038711548e-01
5.442165732383728027e-01,1.072853580117225647e-01,1.985323324333876371e-04,1.172967404127120972e-01,3.340577677590772510e-05,2.309694439172744751e-01
6.417922377586364746e-01,8.796828985214233398e-02,2.766613615676760674e-04,9.033326804637908936e-02,4.538864595815539360e-05,1.795841753482818604e-01
8.848024606704711914e-01,1.611520908772945404e-02,1.192073468700982630e-04,5.173849314451217651e-02,2.250350371468812227e-05,4.720203951001167297e-02
8.509564399719238281e-01,1.332826260477304459e-02,6.187067629070952535e-05,4.461700096726417542e-02,1.572439396113622934e-05,9.102071821689605713e-02
8.303921222686767578e-01,1.837809942662715912e-02,6.735412171110510826e-05,9.804111719131469727e-02,1.125379276345483959e-05,5.311005562543869019e-02
5.289616584777832031e-01,9.594251215457916260e-02,8.625731425127014518e-05,2.292277812957763672e-01,1.194311880681198090e-05,1.457698792219161987e-01
3.635752201080322266e-01,5.807739868760108948e-02,1.876600435934960842e-05,3.044947981834411621e-01,2.392389205851941369e-06,2.738314270973205566e-01
4.558887481689453125e-01,5.915515124797821045e-02,2.127090556314215064e-05,1.875092536211013794e-01,3.139302407362265512e-06,2.974224388599395752e-01
3.044289350509643555e-01,1.082493066787719727e-01,3.693346661748364568e-05,2.408857941627502441e-01,4.838092536374460906e-06,3.463941514492034912e-01
6.369575262069702148e-01,3.994028270244598389e-02,2.749646591837517917e-05,1.404908448457717896e-01,4.448093932296615094e-06,1.825793385505676270e-01
8.070138692855834961e-01,7.031483110040426254e-03,3.936979283025721088e-06,1.874842122197151184e-02,1.236056959896814078e-06,1.672009825706481934e-01
9.029445648193359375e-01,9.501054883003234863e-03,1.544131373520940542e-05,2.178798057138919830e-02,3.699918806887581013e-06,6.574744731187820435e-02
9.246566295623779297e-01,1.688350923359394073e-02,4.836620064452290535e-05,3.226912394165992737e-02,8.464043276035226882e-06,2.613389678299427032e-02
8.198071718215942383e-01,4.375893995165824890e-02,7.823280611773952842e-05,6.130734458565711975e-02,1.163218348665395752e-05,7.503666728734970093e-02
8.029230833053588867e-01,6.393977254629135132e-02,2.655695716384798288e-04,5.908887833356857300e-02,5.057871021563187242e-05,7.373215258121490479e-02
6.739638447761535645e-01,1.539663374423980713e-01,8.059050887823104858e-04,1.125757619738578796e-01,1.332211541011929512e-04,5.855495110154151917e-02
7.788784503936767578e-01,6.492421030998229980e-02,1.371471153106540442e-04,6.560637801885604858e-02,2.527808828745037317e-05,9.042861312627792358e-02
8.772198557853698730e-01,1.745898835361003876e-02,3.826365718850865960e-05,3.371382504701614380e-02,9.715258784126490355e-06,7.155937701463699341e-02
7.727965116500854492e-01,5.183905828744173050e-03,1.331965086137643084e-05,1.331758126616477966e-02,6.470464541052933782e-06,2.086821347475051880e-01
6.204054355621337891e-01,8.706385269761085510e-04,2.553563717810902745e-06,8.729415945708751678e-03,1.519854777143336833e-06,3.699903786182403564e-01
7.759242653846740723e-01,2.346865367144346237e-04,4.420239179125928786e-07,6.011488381773233414e-03,2.553453555265150499e-07,2.178288549184799194e-01
8.789651393890380859e-01,7.522705127485096455e-04,3.160954747727373615e-06,3.740424662828445435e-02,7.723112958046840504e-07,8.287452161312103271e-02
9.115597605705261230e-01,8.636137936264276505e-04,3.819884113909211010e-06,2.198400348424911499e-02,9.030255228026362602e-07,6.558801233768463135e-02
8.719373941421508789e-01,2.926010405644774437e-03,3.258077867940301076e-06,2.250570990145206451e-02,6.996884849286288954e-07,1.026269122958183289e-01
4.698991775512695312e-01,6.526181101799011230e-02,5.847342254128307104e-05,8.402465283870697021e-02,1.022707056108629331e-05,3.807456791400909424e-01
2.347945570945739746e-01,5.673469230532646179e-02,2.490081169526092708e-05,3.798899054527282715e-02,8.330193850270006806e-06,6.704485416412353516e-01
8.811908960342407227e-02,6.143114995211362839e-03,1.078039076674031094e-06,5.890909116715192795e-03,6.006866897223517299e-07,8.998451828956604004e-01
8.631662279367446899e-02,1.944628171622753143e-02,2.809400257319794036e-06,2.651636861264705658e-02,9.111555527852033265e-07,8.677169680595397949e-01
1.051172837615013123e-01,2.968410961329936981e-03,9.726001053422805853e-07,5.661549977958202362e-03,5.938551339568221010e-07,8.862512111663818359e-01
1.629621088504791260e-01,5.114626139402389526e-03,1.305915247939992696e-06,1.646520197391510010e-02,6.571691528733936138e-07,8.154561519622802734e-01
3.938507437705993652e-01,3.945883736014366150e-02,2.955335730803199112e-05,7.961319386959075928e-02,6.995646344876149669e-06,4.870406985282897949e-01
5.784946680068969727e-01,3.775228932499885559e-02,5.149478602106682956e-05,1.654922217130661011e-01,7.699811249040067196e-06,2.182015031576156616e-01
2.491346895694732666e-01,7.699994742870330811e-02,9.849669004324823618e-05,6.142640709877014160e-01,5.473992587212705985e-06,5.949717760086059570e-02
4.893637597560882568e-01,2.914960682392120361e-02,1.022575524984858930e-04,4.196091592311859131e-01,7.939313036331441253e-06,6.176723167300224304e-02
6.647344827651977539e-01,5.950339138507843018e-02,3.940720343962311745e-04,2.487813979387283325e-01,2.413368019915651530e-05,2.656258270144462585e-02
7.969462871551513672e-01,4.804848879575729370e-02,3.599961055442690849e-04,1.287232041358947754e-01,2.889195457100868225e-05,2.589320018887519836e-02
6.897944808006286621e-01,1.050477325916290283e-01,3.224738175049424171e-04,7.854976505041122437e-02,4.933025775244459510e-05,1.262361258268356323e-01
7.198415994644165039e-01,1.098386198282241821e-01,3.614659362938255072e-04,7.372128218412399292e-02,6.555462459800764918e-05,9.617149084806442261e-02
4.884715676307678223e-01,1.780027002096176147e-01,2.448869345244020224e-04,2.182554304599761963e-01,2.701081393752247095e-05,1.149984747171401978e-01
6.059711575508117676e-01,1.140282228589057922e-01,1.413848658557981253e-04,1.535269021987915039e-01,1.730057192617096007e-05,1.263150721788406372e-01
6.606892347335815430e-01,6.952332705259323120e-02,1.194276483147405088e-04,1.198221147060394287e-01,2.264727845613379031e-05,1.498232781887054443e-01
8.520423173904418945e-01,6.272277794778347015e-03,1.038531536323716864e-05,9.763939306139945984e-03,4.303438345232279971e-06,1.319068819284439087e-01
9.234458804130554199e-01,1.907685538753867149e-03,2.693932628972106613e-06,3.733542747795581818e-03,1.211312792293028906e-06,7.090903818607330322e-02
8.340106010437011719e-01,1.679437700659036636e-03,2.809697662087273784e-06,4.124216269701719284e-03,1.761212502060516272e-06,1.601811945438385010e-01
9.160774350166320801e-01,2.901164349168539047e-03,3.960883987019769847e-06,5.080638453364372253e-03,1.837711465668689925e-06,7.593496888875961304e-02
7.198790907859802246e-01,1.520164497196674347e-02,1.193268872157204896e-05,1.941405050456523895e-02,4.227055342198582366e-06,2.454890459775924683e-01
6.343206167221069336e-01,3.224373981356620789e-02,2.251772639283444732e-05,1.476897299289703369e-01,4.071855073561891913e-06,1.857192963361740112e-01
7.363623976707458496e-01,2.048901282250881195e-02,2.586734262877143919e-05,1.072975099086761475e-01,4.304978574509732425e-06,1.358208656311035156e-01
6.254644393920898438e-01,2.168420515954494476e-02,1.456177869840757921e-05,5.547409504652023315e-02,3.465117515588644892e-06,2.973592579364776611e-01
5.613557696342468262e-01,1.696747913956642151e-02,1.358110330329509452e-05,4.775839671492576599e-02,3.468676368356682360e-06,3.739012181758880615e-01
7.698704004287719727e-01,1.702362298965454102e-02,3.382949944352731109e-05,1.356687694787979126e-01,4.569574684865074232e-06,7.739870250225067139e-02
6.591521501541137695e-01,6.172937154769897461e-02,1.331215316895395517e-04,2.095618396997451782e-01,1.263918329641455784e-05,6.941087543964385986e-02
4.580356180667877197e-01,1.640031337738037109e-01,2.237072621937841177e-04,3.085192739963531494e-01,1.900010647659655660e-05,6.919929385185241699e-02
6.359956264495849609e-01,8.324842900037765503e-02,1.534497860120609403e-04,1.959698945283889771e-01,2.267242598463781178e-05,8.460998535156250000e-02
5.034099221229553223e-01,7.779723405838012695e-02,1.286298065679147840e-04,3.552031219005584717e-01,1.514375981059856713e-05,6.344600766897201538e-02
6.204206943511962891e-01,4.187293350696563721e-02,3.046828169317450374e-05,8.926686644554138184e-02,7.791519237798638642e-06,2.484013289213180542e-01
4.821499586105346680e-01,2.555243857204914093e-02,1.962363421625923365e-05,6.526119261980056763e-02,6.192618457134813070e-06,4.270105957984924316e-01
4.497825205326080322e-01,4.572635143995285034e-02,4.373953925096429884e-05,1.307749301195144653e-01,1.175388388219289482e-05,3.736606240272521973e-01
4.768525660037994385e-01,7.984575629234313965e-02,6.538314482895657420e-05,1.440541446208953857e-01,1.323151536780642346e-05,2.991689443588256836e-01
6.958452463150024414e-01,4.795133695006370544e-02,1.119237713282927871e-04,3.985463455319404602e-02,3.058148286072537303e-05,2.162061929702758789e-01
8.895478844642639160e-01,2.430663630366325378e-02,1.669039920670911670e-04,2.710328623652458191e-02,3.821423160843551159e-05,5.883719772100448608e-02
9.239761829376220703e-01,2.455141581594944000e-02,1.632400089874863625e-04,1.161136012524366379e-02,4.378023368190042675e-05,3.965410590171813965e-02
9.135349988937377930e-01,1.705326139926910400e-02,9.225174289895221591e-05,8.010927587747573853e-03,3.319029929116368294e-05,6.127533316612243652e-02
7.964679002761840820e-01,7.696916162967681885e-02,1.641333656152710319e-04,3.946548700332641602e-02,3.269492299295961857e-05,8.690058439970016479e-02
4.571219682693481445e-01,2.470453381538391113e-01,2.846039133146405220e-04,1.955575644969940186e-01,2.710709122766274959e-05,9.996340423822402954e-02
4.009111225605010986e-01,1.598987281322479248e-01,2.065119188046082854e-04,2.136664837598800659e-01,2.497379136912059039e-05,2.252922356128692627e-01
4.087373316287994385e-01,9.388658404350280762e-02,8.526766032446175814e-05,1.723584681749343872e-01,1.048607464326778427e-05,3.249217569828033447e-01
2.961790263652801514e-01,9.212691336870193481e-02,1.272755616810172796e-04,5.245733857154846191e-01,8.995487405627500266e-06,8.698446303606033325e-02
4.860394299030303955e-01,9.322003275156021118e-02,2.400592784397304058e-04,3.124536871910095215e-01,2.339790444239042699e-05,1.080234646797180176e-01
2.186174094676971436e-01,1.582158058881759644e-01,2.047107118414714932e-04,5.465737581253051758e-01,1.351807259197812527e-05,7.637482881546020508e-02
1.959408521652221680e-01,1.238113194704055786e-01,8.013428305275738239e-05,5.521180033683776855e-01,5.353992492018733174e-06,1.280443966388702393e-01
2.209041863679885864e-01,3.027712404727935791e-01,2.387640561209991574e-04,3.324891924858093262e-01,2.065068656520452350e-05,1.435759663581848145e-01
2.566514313220977783e-01,2.146812826395034790e-01,1.196813682327046990e-04,3.691453933715820312e-01,9.741822395881172270e-06,1.593924313783645630e-01
3.342979848384857178e-01,2.326708734035491943e-01,1.400793116772547364e-04,2.277320027351379395e-01,1.486230485170381144e-05,2.051442414522171021e-01
3.610785305500030518e-01,1.897250562906265259e-01,1.797429868020117283e-04,1.683985292911529541e-01,2.518520886951591820e-05,2.805929780006408691e-01
6.484723687171936035e-01,1.622225493192672729e-01,2.069303154712542892e-04,8.447798341512680054e-02,3.063674375880509615e-05,1.045895665884017944e-01
5.895245075225830078e-01,4.484959691762924194e-02,2.982451769639737904e-05,1.138042509555816650e-01,5.493497155839577317e-06,2.517863810062408447e-01
3.254889547824859619e-01,1.193618476390838623e-01,4.860973785980604589e-05,4.139418303966522217e-01,4.429706223163520917e-06,1.411544233560562134e-01
4.587199985980987549e-01,2.126562409102916718e-02,3.862004177790367976e-06,6.314578652381896973e-02,1.116676457968424074e-06,4.568636417388916016e-01
5.652015805244445801e-01,7.833579555153846741e-03,1.544481619930593297e-06,3.779343143105506897e-02,5.257762154542433564e-07,3.891692757606506348e-01
5.280139446258544922e-01,8.665404282510280609e-03,1.485435632275766693e-06,1.352628227323293686e-02,6.272173322940943763e-07,4.497922062873840332e-01
7.915371656417846680e-01,2.894176868721842766e-03,1.593037040947820060e-06,9.357292205095291138e-03,6.656662776549637783e-07,1.962091028690338135e-01
8.861728310585021973e-01,1.326583884656429291e-02,1.424240417691180483e-05,4.720020666718482971e-02,2.184062168453237973e-06,5.334462970495223999e-02
5.166189670562744141e-01,5.074687674641609192e-02,2.434080306557007134e-05,2.738653421401977539e-01,2.818308075802633539e-06,1.587416529655456543e-01
4.980451166629791260e-01,6.547247618436813354e-02,3.061202733078971505e-05,1.570568978786468506e-01,5.075574790680548176e-06,2.793898582458496094e-01
3.786647915840148926e-01,9.879392385482788086e-02,3.160156484227627516e-05,3.328639566898345947e-01,3.282292027506628074e-06,1.896424889564514160e-01
2.991474866867065430e-01,1.257885992527008057e-01,2.590080293884966522e-05,3.589799702167510986e-01,2.709406089707044885e-06,2.160554081201553345e-01
4.158045053482055664e-01,9.030558168888092041e-02,2.640801722009200603e-05,2.780101895332336426e-01,2.504442818462848663e-06,2.158507704734802246e-01
4.025596380233764648e-01,8.275827765464782715e-02,5.123505252413451672e-05,4.398595988750457764e-01,3.442398792685708031e-06,7.476785033941268921e-02
4.990722537040710449e-01,5.863734707236289978e-02,6.797739479225128889e-05,3.115088641643524170e-01,6.673240022792015225e-06,1.307069361209869385e-01
5.687776803970336914e-01,5.965683609247207642e-02,1.576014619786292315e-04,2.797580659389495850e-01,1.515201165602775291e-05,9.163468331098556519e-02
7.332229614257812500e-01,5.711312592029571533e-02,4.538536886684596539e-04,1.492920517921447754e-01,4.751098458655178547e-05,5.987051501870155334e-02
6.859898567199707031e-01,5.988340452313423157e-02,2.122645237250253558e-04,1.086271405220031738e-01,3.071832543355412781e-05,1.452564746141433716e-01
5.954204797744750977e-01,9.673528373241424561e-02,2.458482049405574799e-04,2.313455492258071899e-01,2.555416358518414199e-05,7.622728496789932251e-02
6.442995071411132812e-01,2.636710926890373230e-02,3.543199272826313972e-05,4.707975685596466064e-02,7.843404091545380652e-06,2.822104096412658691e-01
7.570246458053588867e-01,5.566490814089775085e-03,8.676089237269479781e-06,1.495927106589078903e-02,3.274079745096969418e-06,2.224377691745758057e-01
5.681488513946533203e-01,1.486359722912311554e-02,1.420313674316275865e-05,3.860538080334663391e-02,3.889103027177043259e-06,3.783640861511230469e-01
5.954952836036682129e-01,8.893006481230258942e-03,1.231774331245105714e-05,5.654213484376668930e-03,7.479786290787160397e-06,3.899376690387725830e-01
8.159419894218444824e-01,2.991644665598869324e-02,1.085158364730887115e-04,2.457903884351253510e-02,2.962086728075519204e-05,1.294243633747100830e-01
5.467956066131591797e-01,5.075198784470558167e-02,8.878373046172782779e-05,3.892222419381141663e-02,2.773425330815371126e-05,3.634137213230133057e-01
5.131204128265380859e-01,4.459071904420852661e-02,4.046276444569230080e-05,1.190446838736534119e-01,8.087715286819729954e-06,3.231957554817199707e-01
5.140040516853332520e-01,4.151076823472976685e-02,4.528703721007332206e-05,2.146497517824172974e-01,6.644753284490434453e-06,2.297835052013397217e-01
5.853008031845092773e-01,7.783282548189163208e-02,7.490838470403105021e-05,2.492855042219161987e-01,6.957950063224416226e-06,8.749903738498687744e-02
8.833682537078857422e-01,1.824697852134704590e-02,3.229446883779019117e-05,4.550829529762268066e-02,4.782990345120197162e-06,5.283940583467483521e-02
8.450797200202941895e-01,1.239933166652917862e-02,1.247766249434789643e-05,3.070309944450855255e-02,2.664785370143363252e-06,1.118026375770568848e-01
8.012853860855102539e-01,2.336283028125762939e-02,1.773437179508619010e-05,2.029970102012157440e-02,5.146615421836031601e-06,1.550291329622268677e-01
7.457523345947265625e-01,1.951608248054981232e-02,1.418674673914210871e-05,1.354888826608657837e-02,6.183514415170066059e-06,2.211622446775436401e-01
5.049607753753662109e-01,8.482739329338073730e-03,4.634740889741806313e-06,4.143575206398963928e-03,3.518702897054026835e-06,4.824047982692718506e-01
6.632483005523681641e-01,1.503582671284675598e-02,1.370206337014678866e-05,7.761878427118062973e-03,7.364625616901321337e-06,3.139329254627227783e-01
7.104803919792175293e-01,5.994461011141538620e-03,6.762174052710179240e-06,1.082111429423093796e-02,2.589783434814307839e-06,2.726946473121643066e-01
5.021654367446899414e-01,1.727903820574283600e-02,1.758434154908172786e-05,2.537845820188522339e-02,7.339870080613764003e-06,4.551521539688110352e-01
6.603712439537048340e-01,4.703114554286003113e-02,7.349989755311980844e-05,7.890007644891738892e-02,1.489366877649445087e-05,2.136092036962509155e-01
4.155589640140533447e-01,1.185975074768066406e-01,1.717625273158773780e-04,1.715930700302124023e-01,2.207004035881254822e-05,2.940565645694732666e-01
6.452873349189758301e-01,7.138598710298538208e-02,1.831471599871292710e-04,1.830013096332550049e-01,2.179100374632980675e-05,1.001204624772071838e-01
4.949094355106353760e-01,1.262401044368743896e-01,2.607415954116731882e-04,2.506874501705169678e-01,3.290791937615722418e-05,1.278693526983261108e-01
6.139239072799682617e-01,7.322918623685836792e-02,6.939427112229168415e-05,6.366477161645889282e-02,1.510056608822196722e-05,2.490977197885513306e-01
6.747571229934692383e-01,1.508792676031589508e-02,2.215224776591639966e-05,1.810407824814319611e-02,8.742282261664513499e-06,2.920199930667877197e-01
4.907146990299224854e-01,4.139627516269683838e-02,4.843606802751310170e-05,3.532389178872108459e-02,1.516090378572698683e-05,4.325015544891357422e-01
4.616985023021697998e-01,4.642578214406967163e-02,4.555887790047563612e-05,2.488386631011962891e-02,1.768870424712076783e-05,4.669286310672760010e-01
3.428547382354736328e-01,1.069932430982589722e-01,1.222366990987211466e-04,3.754321858286857605e-02,3.823002043645828962e-05,5.124483108520507812e-01
6.013514995574951172e-01,6.670019775629043579e-02,2.109997149091213942e-04,5.334075540304183960e-02,6.497949652839452028e-05,2.783316671848297119e-01
8.635736703872680664e-01,1.198832597583532333e-02,5.175028854864649475e-05,1.206311862915754318e-02,1.835563671193085611e-05,1.123047471046447754e-01
9.509450793266296387e-01,2.419745549559593201e-03,2.147671511920634657e-05,3.044376615434885025e-03,9.437691915081813931e-06,4.356002062559127808e-02
9.365615844726562500e-01,3.075865563005208969e-03,1.716416954877786338e-05,7.165009621530771255e-03,6.193277840793598443e-06,5.317420512437820435e-02
9.203364253044128418e-01,3.134585451334714890e-03,9.504292393103241920e-06,5.960967857390642166e-03,3.663085180960479192e-06,7.055473327636718750e-02
8.799570798873901367e-01,6.206946447491645813e-03,1.182145388156641275e-05,7.839026860892772675e-03,4.343241471360670403e-06,1.059807911515235901e-01
6.800734996795654297e-01,6.594408769160509109e-03,8.638918188808020204e-06,8.429745212197303772e-03,4.832831564272055402e-06,3.048888146877288818e-01
8.750060796737670898e-01,6.109120789915323257e-03,1.131294266087934375e-05,2.464963495731353760e-02,3.088636276515899226e-06,9.422067552804946899e-02
7.831465005874633789e-01,2.086391905322670937e-03,4.708468622993677855e-06,1.755250804126262665e-02,1.676613123891002033e-06,1.972082853317260742e-01
5.559381246566772461e-01,1.651279395446181297e-03,1.919650458148680627e-06,3.790250420570373535e-02,7.542133744209422730e-07,4.045054614543914795e-01
6.891414523124694824e-01,5.974379600957036018e-04,1.329069391431403346e-06,1.805674843490123749e-02,5.034548280491435435e-07,2.922025322914123535e-01
6.570093035697937012e-01,1.136143808253109455e-03,3.153319084958638996e-06,3.055644966661930084e-02,1.068551682692486793e-06,3.112939000129699707e-01
6.384299993515014648e-01,2.473601698875427246e-02,6.367146852426230907e-05,1.370634585618972778e-01,9.691592822491656989e-06,1.996972113847732544e-01
6.661045551300048828e-01,4.538627341389656067e-02,2.296525781275704503e-04,2.233164459466934204e-01,2.017242695728782564e-05,6.494285166263580322e-02
8.260953426361083984e-01,3.661006689071655273e-02,1.926570112118497491e-04,9.886948764324188232e-02,2.387190761510282755e-05,3.820871561765670776e-02
6.798530817031860352e-01,1.390327960252761841e-01,2.352396986680105329e-04,1.448149830102920532e-01,2.118107477144803852e-05,3.604270517826080322e-02
6.879721879959106445e-01,8.933988958597183228e-02,1.259171112906187773e-04,1.359822303056716919e-01,1.395051458530360833e-05,8.656584471464157104e-02
6.261030435562133789e-01,6.393730640411376953e-02,6.673264579148963094e-05,1.984845548868179321e-01,6.926882178959203884e-06,1.114014685153961182e-01
3.892484009265899658e-01,2.491602450609207153e-01,1.405870571034029126e-04,2.079603672027587891e-01,1.560020245960913599e-05,1.534748822450637817e-01
4.107033610343933105e-01,1.246327534317970276e-01,7.389494567178189754e-05,1.660167574882507324e-01,1.175960005639353767e-05,2.985614538192749023e-01
9.126241207122802734e-01,9.694060310721397400e-03,2.648547160788439214e-05,1.936055347323417664e-02,5.572986083279829472e-06,5.828939005732536316e-02
8.791801929473876953e-01,1.551365014165639877e-03,3.129894594167126343e-06,3.830972826108336449e-03,1.576162048877449706e-06,1.154327690601348877e-01
8.966250419616699219e-01,3.021244774572551250e-04,7.752281590001075529e-07,2.598793944343924522e-03,5.092572337161982432e-07,1.004726514220237732e-01
8.720906972885131836e-01,9.263466199627146125e-05,3.024780426130746491e-07,1.401329296641051769e-03,2.883992920033051632e-07,1.264147907495498657e-01
7.938789725303649902e-01,1.365320204058662057e-04,1.976130050707070041e-07,1.830206601880490780e-03,1.845120323196169920e-07,2.041538804769515991e-01
7.729966044425964355e-01,1.242610451299697161e-04,2.860419954231474549e-07,3.024236997589468956e-03,2.216237646734953159e-07,2.238545119762420654e-01
9.052988886833190918e-01,7.502593216486275196e-04,3.671011882033781148e-06,7.804141379892826080e-03,1.447725935577182099e-06,8.614163845777511597e-02
9.452908039093017578e-01,2.732083899900317192e-03,1.478834292356623337e-05,1.191414892673492432e-02,3.179297209499054588e-06,4.004503041505813599e-02
8.893795013427734375e-01,1.603618264198303223e-02,3.170859417878091335e-05,3.747420012950897217e-02,5.395766038418514654e-06,5.707300826907157898e-02
6.230578422546386719e-01,6.029802560806274414e-02,6.245342956390231848e-05,2.928189933300018311e-01,3.746101356227882206e-06,2.375889942049980164e-02
6.005759835243225098e-01,8.088468015193939209e-02,4.345003253547474742e-05,2.654527723789215088e-01,3.263467306169332005e-06,5.303988233208656311e-02
6.678495407104492188e-01,4.329670965671539307e-02,2.788075835269410163e-05,2.057211101055145264e-01,3.016163191205123439e-06,8.310177922248840332e-02
4.291184246540069580e-01,6.266902387142181396e-02,4.865071605308912694e-05,4.204330444335937500e-01,4.865820301347412169e-06,8.772596716880798340e-02
6.276851296424865723e-01,5.973774194717407227e-02,3.940397800761274993e-05,1.535084545612335205e-01,5.186591806705109775e-06,1.590241342782974243e-01
4.374931752681732178e-01,1.156804338097572327e-01,8.140930003719404340e-05,2.034740298986434937e-01,1.010332380246836692e-05,2.432607561349868774e-01
5.485308170318603516e-01,8.023306727409362793e-02,8.606062328908592463e-05,9.780555963516235352e-02,1.763419822964351624e-05,2.733268439769744873e-01
6.577397584915161133e-01,2.099232934415340424e-02,1.438002891518408433e-05,6.144195050001144409e-02,3.631979552665143274e-06,2.598079442977905273e-01
8.045765161514282227e-01,9.462023153901100159e-03,9.930015949066728354e-06,4.070597887039184570e-02,2.202943051088368520e-06,1.452433764934539795e-01
8.083755970001220703e-01,5.421669688075780869e-03,5.641677944367984310e-06,1.844483986496925354e-02,1.871965991995239165e-06,1.677504479885101318e-01
9.251440763473510742e-01,1.857116236351430416e-03,2.915202003350714222e-06,5.739112384617328644e-03,1.081566665561695118e-06,6.725570559501647949e-02
9.244304299354553223e-01,5.168267991393804550e-03,2.886470974772237241e-05,1.349461358040571213e-02,9.063933248398825526e-06,5.686870589852333069e-02
8.386753797531127930e-01,3.535648062825202942e-02,2.038520324276760221e-04,6.343311071395874023e-02,3.953718260163441300e-05,6.229169666767120361e-02
4.855788648128509521e-01,1.571816802024841309e-01,3.694037732202559710e-04,2.746611535549163818e-01,4.305511174607090652e-05,8.216581493616104126e-02
5.293828248977661133e-01,2.105303108692169189e-01,3.351400373503565788e-04,2.076639384031295776e-01,3.045720586669631302e-05,5.205730721354484558e-02
4.527116715908050537e-01,2.132049649953842163e-01,1.523596292827278376e-04,1.219807341694831848e-01,2.682150807231664658e-05,2.119235396385192871e-01
4.484608471393585205e-01,2.361981123685836792e-01,1.581129617989063263e-04,1.576032638549804688e-01,1.801316466298885643e-05,1.575616449117660522e-01
6.105770468711853027e-01,1.288822293281555176e-01,1.259461569134145975e-04,7.661255449056625366e-02,2.310350100742653012e-05,1.837791353464126587e-01
8.018056750297546387e-01,2.429602667689323425e-02,1.014912049868144095e-04,1.057131811976432800e-01,1.274757960345596075e-05,6.807078421115875244e-02
8.857195973396301270e-01,1.924423128366470337e-02,1.525827537989243865e-04,7.521174103021621704e-02,1.628384598006960005e-05,1.965553313493728638e-02
9.683772921562194824e-01,3.725577145814895630e-03,4.010542033938691020e-05,1.639701798558235168e-02,6.786598078178940341e-06,1.145318336784839630e-02
9.070796370506286621e-01,1.159143913537263870e-02,3.929720696760341525e-05,4.396924376487731934e-02,5.455088739836355671e-06,3.731509298086166382e-02
5.989280343055725098e-01,1.664429157972335815e-01,3.744242421817034483e-04,1.814462393522262573e-01,3.522937913658097386e-05,5.277310311794281006e-02
5.780811905860900879e-01,1.568346470594406128e-01,2.109123306581750512e-04,1.913116723299026489e-01,2.039376886386889964e-05,7.354108989238739014e-02
3.354760706424713135e-01,1.893713623285293579e-01,2.806032716762274504e-04,3.544353246688842773e-01,2.463617602188605815e-05,1.204119846224784851e-01
5.987185835838317871e-01,6.913904100656509399e-02,3.450227086432278156e-04,9.228861331939697266e-02,6.749308522557839751e-05,2.394411861896514893e-01
8.401620388031005859e-01,6.189063657075166702e-03,7.288282358786091208e-05,1.167473290115594864e-02,2.591707743704319000e-05,1.418752670288085938e-01
8.597579002380371094e-01,9.037955896928906441e-04,5.565067567658843473e-06,2.113181399181485176e-03,3.491256165943923406e-06,1.372161507606506348e-01
8.577184081077575684e-01,5.634130211547017097e-04,1.471482619308517314e-06,9.646709659136831760e-04,1.313973825745051727e-06,1.407507359981536865e-01
6.890338659286499023e-01,2.100742131005972624e-04,1.362185173547914019e-07,4.946988192386925220e-04,1.518010890322329942e-07,3.102609217166900635e-01
6.837807893753051758e-01,2.832233149092644453e-04,5.979545392165164230e-08,4.576080536935478449e-04,7.359695786135489470e-08,3.154782354831695557e-01
4.076142311096191406e-01,9.010194917209446430e-04,1.701488798744321684e-07,3.791426308453083038e-03,1.293215206032982678e-07,5.876929163932800293e-01
5.972859263420104980e-01,3.911369945853948593e-03,4.827449629374314100e-06,1.298463158309459686e-02,1.930207417899509892e-06,3.858113288879394531e-01
7.342245578765869141e-01,2.518425136804580688e-02,3.570960689103230834e-05,1.691485047340393066e-01,4.302931756683392450e-06,7.140270620584487915e-02
5.100575089454650879e-01,1.156052127480506897e-01,8.576284744776785374e-05,2.689320445060729980e-01,7.472934612451354042e-06,1.053120270371437073e-01
7.446680665016174316e-01,8.567926287651062012e-02,1.098289503715932369e-04,1.071744859218597412e-01,1.235871513927122578e-05,6.235611438751220703e-02
7.908655405044555664e-01,6.044610217213630676e-02,3.858982381643727422e-05,3.518054634332656860e-02,8.480973519908729941e-06,1.134608164429664612e-01
8.182825446128845215e-01,2.509517967700958252e-02,2.505906741134822369e-05,1.569834537804126740e-02,6.725024377374211326e-06,1.408921182155609131e-01
5.417122244834899902e-01,4.366656392812728882e-02,5.069582402938976884e-05,2.566332183778285980e-02,1.906840407173149288e-05,3.888880908489227295e-01
3.550328314304351807e-01,8.734578639268875122e-02,1.014827357721515000e-04,1.291692405939102173e-01,2.614198274386581033e-05,4.283245503902435303e-01
2.608160376548767090e-01,1.768568605184555054e-01,1.611257757758721709e-04,3.064626455307006836e-01,1.958037682925350964e-05,2.556838393211364746e-01
2.498247921466827393e-01,1.093794181942939758e-01,1.142812689067795873e-04,5.126493573188781738e-01,1.041889663611073047e-05,1.280217617750167847e-01
4.009523093700408936e-01,1.295007616281509399e-01,7.488867413485422730e-05,2.607820034027099609e-01,9.885564395517576486e-06,2.086801230907440186e-01
4.260435402393341064e-01,7.464338839054107666e-02,1.972651079995557666e-05,1.900466978549957275e-01,3.080746864725369960e-06,3.092436194419860840e-01
7.229977250099182129e-01,4.131623078137636185e-03,2.426238324915175326e-06,2.113771438598632812e-02,1.094002300305874087e-06,2.517294287681579590e-01
6.576023697853088379e-01,1.055002771317958832e-02,6.619207852054387331e-06,4.856855422258377075e-02,1.982904677788610570e-06,2.832704484462738037e-01
3.974226713180541992e-01,5.764747038483619690e-03,3.209542228432837874e-06,2.175309509038925171e-02,1.468348500566207804e-06,5.750547647476196289e-01
6.000379920005798340e-01,4.457711242139339447e-03,4.879192601947579533e-06,2.241640351712703705e-02,1.990888904401799664e-06,3.730810582637786865e-01
3.566131293773651123e-01,1.026699598878622055e-02,7.359699338849168271e-06,1.650398783385753632e-02,3.893438588420394808e-06,6.166046261787414551e-01
4.003044068813323975e-01,4.139133170247077942e-02,1.812287337088491768e-05,1.012880280613899231e-01,4.488507329369895160e-06,4.569937288761138916e-01
5.904594659805297852e-01,4.183585569262504578e-02,1.472072926844703034e-05,5.923789739608764648e-02,3.940574060834478587e-06,3.084481954574584961e-01
4.274312853813171387e-01,2.728846669197082520e-01,9.570377005729824305e-05,1.551539748907089233e-01,8.848023753671441227e-06,1.444255262613296509e-01
4.876911044120788574e-01,2.622959017753601074e-01,1.521241501905024052e-04,1.890972852706909180e-01,1.111811343434965238e-05,6.075249612331390381e-02
5.051538348197937012e-01,2.527913749217987061e-01,1.103003814932890236e-04,1.128467619419097900e-01,1.107867410610197112e-05,1.290865987539291382e-01
4.568263292312622070e-01,3.449971377849578857e-01,1.540132507216185331e-04,1.197540760040283203e-01,1.236088064615614712e-05,7.825609296560287476e-02
5.143955349922180176e-01,2.706642746925354004e-01,1.568984298501163721e-04,8.804972469806671143e-02,1.701612200122326612e-05,1.267164945602416992e-01
3.941081166267395020e-01,3.279957175254821777e-01,3.062342002522200346e-04,8.382989466190338135e-02,4.690426067099906504e-05,1.937132477760314941e-01
4.904042482376098633e-01,1.879341751337051392e-01,4.436918825376778841e-04,7.225104421377182007e-02,8.740366320125758648e-05,2.488793581724166870e-01
1.578067541122436523e-01,4.525367617607116699e-01,1.699618762359023094e-03,3.292067646980285645e-01,1.215002776007167995e-04,5.862864479422569275e-02
5.393161624670028687e-02,5.881158709526062012e-01,1.811706461012363434e-03,3.295142352581024170e-01,8.032214100239798427e-05,2.654633484780788422e-02
9.103603661060333252e-02,2.897876203060150146e-01,2.595118712633848190e-04,4.870395660400390625e-01,1.963996510312426835e-05,1.318576186895370483e-01
2.301834970712661743e-01,1.749431937932968140e-01,9.076670539798215032e-05,2.427605688571929932e-01,1.262060959561495110e-05,3.520094156265258789e-01
2.226020544767379761e-01,2.271335124969482422e-01,5.322942888597026467e-05,2.703512012958526611e-01,5.305926151777384803e-06,2.798546552658081055e-01
3.394781947135925293e-01,1.487908661365509033e-01,3.212067531421780586e-05,2.128904759883880615e-01,3.278312078691669740e-06,2.988050878047943115e-01
3.984435498714447021e-01,1.754779964685440063e-01,1.013564033200964332e-04,2.891717851161956787e-01,9.184945156448520720e-06,1.367960423231124878e-01
6.471729874610900879e-01,9.842900186777114868e-02,1.511999289505183697e-04,1.493387669324874878e-01,1.587374208611436188e-05,1.048921048641204834e-01
7.441048622131347656e-01,8.032852783799171448e-03,6.122493687144014984e-06,6.271352991461753845e-03,2.273560085086501203e-06,2.415825128555297852e-01
8.797088265419006348e-01,2.258350374177098274e-03,1.930011194417602383e-06,6.828722544014453888e-04,1.413308837072690949e-06,1.173465847969055176e-01
8.035209178924560547e-01,8.774044690653681755e-04,1.203372335112362634e-06,4.409164248500019312e-04,1.476561124036379624e-06,1.951581388711929321e-01
4.418956339359283447e-01,4.691613372415304184e-03,2.265692046421463601e-06,5.314044188708066940e-03,1.622102672627079301e-06,5.480947494506835938e-01
4.805229306221008301e-01,5.087305232882499695e-02,3.551499321474693716e-05,1.035562157630920410e-01,8.670417628309223801e-06,3.650036454200744629e-01
3.871099650859832764e-01,4.880692437291145325e-02,7.210526382550597191e-05,1.910090893507003784e-01,1.381466790917329490e-05,3.729881048202514648e-01
3.706592321395874023e-01,4.889648407697677612e-02,9.484251495450735092e-05,3.705343902111053467e-01,1.075996078725438565e-05,2.098042815923690796e-01
6.243711709976196289e-01,4.606259241700172424e-02,1.386565418215468526e-04,2.194408774375915527e-01,1.640104164835065603e-05,1.099703237414360046e-01
6.689954400062561035e-01,2.815937995910644531e-02,3.440922228037379682e-05,1.400058716535568237e-01,6.320606189547106624e-06,1.627986133098602295e-01
5.231510996818542480e-01,4.908649995923042297e-02,3.571055640350095928e-05,9.041463583707809448e-02,8.443914339295588434e-06,3.373036086559295654e-01
3.030286431312561035e-01,6.792563945055007935e-02,2.690978908503893763e-05,8.043206483125686646e-02,8.023331247386522591e-06,5.485787391662597656e-01
1.574930399656295776e-01,1.086005661636590958e-02,1.771829488461662550e-06,4.101238399744033813e-02,6.487788937192817684e-07,7.906320691108703613e-01
1.227908879518508911e-01,6.619734317064285278e-02,1.464911656512413174e-05,1.532903909683227539e-01,3.147188635921338573e-06,6.577035784721374512e-01
3.080045580863952637e-01,5.289490893483161926e-02,3.981936242780648172e-05,1.450079530477523804e-01,7.877390999055933207e-06,4.940448701381683350e-01
4.725400209426879883e-01,6.697593629360198975e-02,5.969529593130573630e-05,5.739615112543106079e-02,1.394835362589219585e-05,4.030142128467559814e-01
4.842632710933685303e-01,3.828348964452743530e-02,3.601059506763704121e-05,4.072615876793861389e-02,1.034215074469102547e-05,4.366807043552398682e-01
3.617742359638214111e-01,1.091083511710166931e-02,8.246979632531292737e-06,6.799455732107162476e-03,3.856489001918816939e-06,6.205034255981445312e-01
4.307127296924591064e-01,6.546667311340570450e-03,7.340093361563049257e-06,6.359025835990905762e-03,4.470767635211814195e-06,5.563698410987854004e-01
1.826484650373458862e-01,1.138735096901655197e-02,1.302583768847398460e-05,1.978971064090728760e-02,5.477472768689040095e-06,7.861559391021728516e-01
3.175020515918731689e-01,5.819569341838359833e-03,1.196884477394632995e-05,1.075638830661773682e-02,6.084216693125199527e-06,6.659039855003356934e-01
6.254770755767822266e-01,3.808801621198654175e-02,2.208572550443932414e-04,3.792612254619598389e-02,6.402419967344030738e-05,2.982238829135894775e-01
7.769677639007568359e-01,6.278767436742782593e-02,5.804738611914217472e-04,4.869696870446205139e-02,9.840467828325927258e-05,1.108687520027160645e-01
7.555131912231445312e-01,7.529582828283309937e-02,1.607558078831061721e-04,2.003661543130874634e-02,3.576357994461432099e-05,1.489578634500503540e-01
8.224153518676757812e-01,7.722784578800201416e-02,1.936551416292786598e-04,3.020751476287841797e-02,3.450589065323583782e-05,6.992109864950180054e-02
6.332942247390747070e-01,8.637078106403350830e-02,1.681343856034800410e-04,2.853781916201114655e-02,4.277626794646494091e-05,2.515862882137298584e-01
7.458106279373168945e-01,1.455179136246442795e-02,2.113123628078028560e-05,1.328902039676904678e-02,8.082948625087738037e-06,2.263193428516387939e-01
8.268065452575683594e-01,2.233571140095591545e-03,7.282633760041790083e-06,3.878179239109158516e-03,3.857949195662513375e-06,1.670705974102020264e-01
8.727236986160278320e-01,2.053687814623117447e-03,7.414860647259047255e-06,2.258009742945432663e-03,4.501794592215446755e-06,1.229527518153190613e-01
8.144495487213134766e-01,1.226771506480872631e-03,2.488813834133907221e-06,6.179361138492822647e-03,1.096569917535816785e-06,1.781407594680786133e-01
6.773394942283630371e-01,7.599853444844484329e-03,6.786451649531954899e-06,6.131456419825553894e-02,1.624079686735058203e-06,2.537376880645751953e-01
6.300910711288452148e-01,3.006486408412456512e-02,1.941449045261833817e-05,9.845753014087677002e-02,3.873791683872696012e-06,2.413632422685623169e-01
6.718672513961791992e-01,1.220089290291070938e-02,3.914190983778098598e-06,7.985384017229080200e-02,6.549471436301246285e-07,2.360735237598419189e-01
8.865354657173156738e-01,9.192518889904022217e-03,4.120910489291418344e-06,2.172356843948364258e-02,7.058247888380719814e-07,8.254344761371612549e-02
8.939539194107055664e-01,2.092612441629171371e-03,1.564791091368533671e-06,1.633570180274546146e-03,8.273817684312234633e-07,1.023174524307250977e-01
7.178870439529418945e-01,1.495093805715441704e-03,1.379461195938347373e-06,1.209345646202564240e-03,1.432028966519283131e-06,2.794057130813598633e-01
8.307349681854248047e-01,7.689657621085643768e-03,1.105190040107117966e-05,6.986132357269525528e-03,4.859217824559891596e-06,1.545732766389846802e-01
7.195508480072021484e-01,5.135087296366691589e-02,9.930548549164086580e-05,3.255701810121536255e-02,2.892562770284712315e-05,1.964129954576492310e-01
8.364806175231933594e-01,2.621013857424259186e-02,6.424592720577493310e-05,1.273213326930999756e-02,2.218482950411271304e-05,1.244907304644584656e-01
8.353787064552307129e-01,3.539995849132537842e-02,1.706437615212053061e-04,1.426893565803766251e-02,6.253725587157532573e-05,1.147192418575286865e-01
6.075474619865417480e-01,6.416465342044830322e-02,1.184907378046773374e-04,1.566390134394168854e-02,4.719155185739509761e-05,3.124581873416900635e-01
7.697913050651550293e-01,2.328171394765377045e-02,6.025507173035293818e-05,1.339556742459535599e-02,2.610073897812981158e-05,1.934450566768646240e-01
7.227002978324890137e-01,2.126615121960639954e-02,7.333107350859791040e-05,1.709195226430892944e-02,2.749996565398760140e-05,2.388407140970230103e-01
7.332357764244079590e-01,1.299465261399745941e-02,2.072877759928815067e-05,8.440562523901462555e-03,1.060931845131563023e-05,2.452976852655410767e-01
8.808705806732177734e-01,5.828331690281629562e-03,1.248649186891270801e-05,9.944885037839412689e-03,3.934703727281885222e-06,1.033397763967514038e-01
8.453305363655090332e-01,2.912832191213965416e-03,2.785194965326809324e-06,3.283793805167078972e-03,1.534248440293595195e-06,1.484684795141220093e-01
6.859614849090576172e-01,1.111831050366163254e-02,6.143276095826877281e-06,1.259156037122011185e-02,2.744198809523368254e-06,2.903196513652801514e-01
7.346693873405456543e-01,4.469072073698043823e-02,4.781113239005208015e-05,1.199141517281532288e-01,6.508725164167117327e-06,1.006714403629302979e-01
9.347553849220275879e-01,9.241902269423007965e-03,1.431608234270242974e-05,1.136261876672506332e-02,3.503612788335885853e-06,4.462235793471336365e-02
9.700919389724731445e-01,3.582322970032691956e-03,9.347123523184563965e-06,5.550664849579334259e-03,2.281630941070034169e-06,2.076342143118381500e-02
9.159063100814819336e-01,1.893641892820596695e-03,3.952164206566521898e-06,1.118251238949596882e-03,2.610122010082704946e-06,8.107533305883407593e-02
8.903089165687561035e-01,2.314104640390723944e-04,6.318824148365820292e-07,6.389569607563316822e-04,5.274216050565883052e-07,1.088196337223052979e-01
8.777117729187011719e-01,8.253303822129964828e-04,2.762004214673652314e-06,6.255383603274822235e-03,9.626005521568004042e-07,1.152038499712944031e-01
7.330906987190246582e-01,4.426321014761924744e-03,1.003529450827045366e-05,4.182200506329536438e-02,2.459477173033519648e-06,2.206484824419021606e-01
9.164164066314697266e-01,2.897636033594608307e-03,1.694776074145920575e-05,5.222338810563087463e-02,2.081571892631473020e-06,2.844360470771789551e-02
7.733119130134582520e-01,2.025225199759006500e-02,1.009354746202006936e-04,1.839890927076339722e-01,6.988791938056237996e-06,2.233873307704925537e-02
7.530003190040588379e-01,2.745048701763153076e-02,7.286950130946934223e-05,1.741652190685272217e-01,7.321776593016693369e-06,4.530373960733413696e-02
7.843496203422546387e-01,2.179574035108089447e-02,4.635290315491147339e-05,8.645644783973693848e-02,7.194641511887311935e-06,1.073446124792098999e-01
4.721854627132415771e-01,6.306787580251693726e-02,6.609065894735977054e-05,2.180113941431045532e-01,1.085416533896932378e-05,2.466583251953125000e-01
3.529857397079467773e-01,1.234927996993064880e-01,9.426840551896020770e-05,3.302358388900756836e-01,1.094000344892265275e-05,1.931803971529006958e-01
7.210808992385864258e-01,4.712643567472696304e-03,4.228459147270768881e-06,1.108368393033742905e-02,1.978624595722067170e-06,2.631165385246276855e-01
7.517508268356323242e-01,4.138622060418128967e-02,3.584198566386476159e-05,9.647487848997116089e-02,4.922516382066532969e-06,1.103472858667373657e-01
7.610278725624084473e-01,1.392406318336725235e-02,7.755556907795835286e-06,2.811693400144577026e-02,2.310362333446391858e-06,1.969211250543594360e-01
8.653982281684875488e-01,4.114602226763963699e-03,3.125460352748632431e-06,7.718717679381370544e-03,1.078800210052577313e-06,1.227643266320228577e-01
8.010905981063842773e-01,1.101445965468883514e-02,1.053803680406417698e-05,2.751441486179828644e-02,2.404643510089954361e-06,1.603675931692123413e-01
7.571048140525817871e-01,3.259495133534073830e-03,3.062083806071314029e-06,1.155407913029193878e-02,1.504899955762084574e-06,2.280769497156143188e-01
7.718258500099182129e-01,2.268084092065691948e-03,2.714767560973996297e-06,7.310117129236459732e-03,1.269585936825023964e-06,2.185918241739273071e-01
7.974540591239929199e-01,5.592268891632556915e-03,6.330995802272809669e-06,2.567986398935317993e-02,1.914237145683728158e-06,1.712655872106552124e-01
4.869924187660217285e-01,3.252643719315528870e-02,2.174328619730658829e-05,1.136255487799644470e-01,5.121200047142338008e-06,3.668287694454193115e-01
2.703328132629394531e-01,5.718655884265899658e-02,4.404249921208247542e-05,5.667576789855957031e-01,3.462483164184959605e-06,1.056754514575004578e-01
3.516314327716827393e-01,5.295215919613838196e-02,3.177563121425919235e-05,3.990403115749359131e-01,3.676269670904730447e-06,1.963406354188919067e-01
3.359224498271942139e-01,3.463808074593544006e-02,1.039759899867931381e-05,2.014930844306945801e-01,1.770881112861388829e-06,4.279341697692871094e-01
2.272538244724273682e-01,2.675458043813705444e-02,4.550052381091518328e-06,2.002105563879013062e-01,1.000624024527496658e-06,5.457754731178283691e-01
1.396972239017486572e-01,6.056740134954452515e-02,6.930623840162297711e-06,3.335680961608886719e-01,9.179286735161440447e-07,4.661593735218048096e-01
1.427738219499588013e-01,9.747204929590225220e-02,2.636640238051768392e-05,4.542456865310668945e-01,3.530080448399530724e-06,3.054784536361694336e-01
1.922378540039062500e-01,3.379987180233001709e-02,1.178831189463380724e-05,9.672334045171737671e-02,2.610886895126895979e-06,6.772245764732360840e-01
4.062974452972412109e-01,6.649103015661239624e-02,6.324820424197241664e-05,9.108217805624008179e-02,1.313832490268396214e-05,4.360530078411102295e-01
7.697325348854064941e-01,1.679913699626922607e-02,5.059750401414930820e-05,4.044160619378089905e-02,1.169234656117623672e-05,1.729645878076553345e-01
8.894008994102478027e-01,1.212149206548929214e-02,5.893017078051343560e-05,5.208106711506843567e-02,8.472396075376309454e-06,4.632902517914772034e-02
8.266292214393615723e-01,7.735844235867261887e-03,1.161913041869411245e-05,5.157824605703353882e-02,2.587559038147446699e-06,1.140425428748130798e-01
5.929500460624694824e-01,1.579451374709606171e-02,3.648108031484298408e-05,2.286567389965057373e-01,5.948101716057863086e-06,1.625563502311706543e-01
5.008262991905212402e-01,2.899365499615669250e-02,2.514988409529905766e-05,1.729158610105514526e-01,5.317706836649449542e-06,2.972337007522583008e-01
6.537090539932250977e-01,7.699001580476760864e-03,3.625848876254167408e-06,8.036057651042938232e-02,9.391143862558237743e-07,2.582267224788665771e-01
7.501723766326904297e-01,2.564828470349311829e-02,1.098848588299006224e-05,1.278495043516159058e-01,1.545199893371318467e-06,9.631740301847457886e-02
3.339180946350097656e-01,5.615623667836189270e-02,7.641887350473552942e-06,4.592036083340644836e-02,1.613591052773699630e-06,5.639960765838623047e-01
3.307738304138183594e-01,2.038052305579185486e-02,3.003249958055675961e-06,1.073260325938463211e-02,1.134246758738299832e-06,6.381088495254516602e-01
6.783281266689300537e-02,2.674495987594127655e-02,2.493315150786656886e-06,5.793990101665258408e-03,1.062512637872714549e-06,8.996247053146362305e-01
7.932772487401962280e-02,1.382985562086105347e-01,2.912599666160531342e-05,3.299377486109733582e-02,6.237641628104029223e-06,7.493445277214050293e-01
4.345382452011108398e-01,1.568420082330703735e-01,1.683525479165837169e-04,1.675474643707275391e-01,2.395526826148852706e-05,2.408799976110458374e-01
3.674305975437164307e-01,6.844030320644378662e-02,7.201281550806015730e-05,3.741317391395568848e-01,6.363839020195882767e-06,1.899189800024032593e-01
7.512863278388977051e-01,1.873516663908958435e-02,3.635699977166950703e-05,1.224092170596122742e-01,4.818267825612565503e-06,1.075281128287315369e-01
7.449057102203369141e-01,8.513716980814933777e-03,1.489885107730515301e-05,6.272985041141510010e-02,3.262005520809907466e-06,1.838324517011642456e-01
5.796018242835998535e-01,7.313536480069160461e-03,3.393603265067213215e-06,2.067335136234760284e-02,1.333778868684021290e-06,3.924066424369812012e-01
4.122660458087921143e-01,4.060228914022445679e-02,1.399772554577793926e-05,3.797600418329238892e-02,4.276926119928248227e-06,5.091373920440673828e-01
4.390319883823394775e-01,4.186261072754859924e-02,1.200225960928946733e-05,1.334997266530990601e-02,4.609915777109563351e-06,5.057387948036193848e-01
4.197725355625152588e-01,2.994467318058013916e-02,1.310045900027034804e-05,2.021954767405986786e-02,4.847272066399455070e-06,5.300452709197998047e-01
6.704111695289611816e-01,7.288241758942604065e-03,1.192464333144016564e-05,1.670283824205398560e-02,3.936130724468966946e-06,3.055820465087890625e-01
8.343527317047119141e-01,6.556911394000053406e-03,4.055810495628975332e-05,2.104225754737854004e-02,1.233004422829253599e-05,1.379952728748321533e-01
9.260479211807250977e-01,3.654742846265435219e-03,3.244437175453640521e-05,1.095281634479761124e-02,9.317700460087507963e-06,5.930283665657043457e-02
9.516792297363281250e-01,3.361799987033009529e-03,4.270003410056233406e-05,3.867085790261626244e-03,1.700558095762971789e-05,4.103217273950576782e-02
9.202360510826110840e-01,1.870030164718627930e-02,1.385379873681813478e-04,8.182106539607048035e-03,4.350312519818544388e-05,5.269936099648475647e-02
9.006358385086059570e-01,1.478608325123786926e-02,7.098611968103796244e-05,1.447481755167245865e-02,1.806706131901592016e-05,7.001418620347976685e-02
7.426180839538574219e-01,1.652401313185691833e-02,1.722202432574704289e-05,1.729327253997325897e-02,6.378155831043841317e-06,2.235410064458847046e-01
4.004040658473968506e-01,1.588209159672260284e-02,9.759070053405594081e-06,3.565929457545280457e-02,4.277382686268538237e-06,5.480405092239379883e-01
1.451322585344314575e-01,2.792193368077278137e-02,7.520347935496829450e-06,9.667754173278808594e-02,2.255973186038318090e-06,7.302585244178771973e-01
1.106417700648307800e-01,7.100438233464956284e-03,1.661378178141603712e-06,3.007319010794162750e-02,6.855845526843040716e-07,8.521822690963745117e-01
2.645271122455596924e-01,1.841194368898868561e-02,5.146539933775784448e-06,1.000315770506858826e-01,1.330668737864471041e-06,6.170229315757751465e-01
5.188062787055969238e-01,1.121227629482746124e-02,1.292578872380545363e-05,8.379612863063812256e-02,3.326893647681572475e-06,3.861690163612365723e-01
6.886349320411682129e-01,2.858414128422737122e-02,6.387315806932747364e-05,1.480862349271774292e-01,9.522352229396346956e-06,1.346212178468704224e-01
8.330759406089782715e-01,2.137548290193080902e-02,5.568731285165995359e-05,8.675307780504226685e-02,7.219037797767668962e-06,5.873255804181098938e-02
9.008201360702514648e-01,1.658789813518524170e-02,8.367740520043298602e-05,5.273840576410293579e-02,1.018081002257531509e-05,2.975966967642307281e-02
5.170925259590148926e-01,7.330212742090225220e-02,2.075627708109095693e-04,3.482671380043029785e-01,1.742847780406009406e-05,6.111330166459083557e-02
5.059383511543273926e-01,7.735151052474975586e-02,9.642064833315089345e-05,3.327077329158782959e-01,7.891264431236777455e-06,8.389804512262344360e-02
3.327274322509765625e-01,1.091065928339958191e-01,1.287942141061648726e-04,4.326917529106140137e-01,1.131975568569032475e-05,1.253340989351272583e-01
1.644647419452667236e-01,2.591881453990936279e-01,2.230056561529636383e-04,5.336356759071350098e-01,1.188098758575506508e-05,4.247649759054183960e-02
4.014310240745544434e-01,2.993170320987701416e-01,3.675394982565194368e-04,2.515786290168762207e-01,2.291448254254646599e-05,4.728292673826217651e-02
7.416402101516723633e-01,1.494277715682983398e-01,4.060584760736674070e-04,7.644686847925186157e-02,4.027542672702111304e-05,3.203874081373214722e-02
8.571124672889709473e-01,2.315723150968551636e-02,4.305912079871632159e-05,6.862361449748277664e-03,1.509906724095344543e-05,1.128097772598266602e-01
8.378229737281799316e-01,4.433308914303779602e-02,5.264224819256924093e-05,1.262922585010528564e-02,1.774191150616388768e-05,1.051442772150039673e-01
6.947831511497497559e-01,5.079563334584236145e-02,3.369570185896009207e-05,2.814763411879539490e-02,8.682125553605146706e-06,2.262311875820159912e-01
4.912807643413543701e-01,5.849990248680114746e-02,3.823471706709824502e-05,7.025700062513351440e-02,6.707762167934561148e-06,3.799173831939697266e-01
2.587243318557739258e-01,3.140168190002441406e-01,2.732993161771446466e-04,3.244700729846954346e-01,2.185763878514990211e-05,1.024935841560363770e-01
1.060620024800300598e-01,3.726419806480407715e-01,3.404774470254778862e-04,4.874359965324401855e-01,1.700373650237452239e-05,3.350247070193290710e-02
1.144367083907127380e-01,4.743433296680450439e-01,4.160940297879278660e-04,3.084006309509277344e-01,3.128956814180128276e-05,1.023719981312751770e-01
1.463214755058288574e-01,3.850098252296447754e-01,1.659943809499964118e-04,3.317571282386779785e-01,1.304020497627789155e-05,1.367324441671371460e-01
3.174008131027221680e-01,2.142748832702636719e-01,1.456080644857138395e-04,1.579641997814178467e-01,2.292647332069464028e-05,3.101916015148162842e-01
4.036868214607238770e-01,8.838347345590591431e-02,5.975441672489978373e-05,8.130727708339691162e-02,1.083076585928210989e-05,4.265519082546234131e-01
5.827626585960388184e-01,9.231720864772796631e-02,1.310160878347232938e-04,2.196729779243469238e-01,1.353839070361573249e-05,1.051025763154029846e-01
8.630241751670837402e-01,2.631382830440998077e-02,1.438160106772556901e-04,7.613688707351684570e-02,1.542207792226690799e-05,3.436579182744026184e-02
8.948013782501220703e-01,1.251478493213653564e-02,3.522976840031333268e-05,3.739986568689346313e-02,6.101115104684140533e-06,5.524272471666336060e-02
7.967957854270935059e-01,1.951735466718673706e-02,3.814745286945253611e-05,1.532156858593225479e-02,1.100131339626386762e-05,1.683161407709121704e-01
6.814817190170288086e-01,5.005906336009502411e-03,9.945534657163079828e-06,4.615634214133024216e-03,5.184169367566937581e-06,3.088814914226531982e-01
2.637269198894500732e-01,6.737746763974428177e-03,2.949716417788295075e-06,2.032074145972728729e-03,2.678623332030838355e-06,7.274976372718811035e-01
5.417518615722656250e-01,8.210330270230770111e-03,8.787174920144025236e-06,2.308364957571029663e-03,5.513639280252391472e-06,4.477151334285736084e-01
8.302337527275085449e-01,1.932270079851150513e-02,3.807123357546515763e-05,6.078975740820169449e-03,1.405959665135014802e-05,1.443124264478683472e-01
6.654239892959594727e-01,1.207058224827051163e-02,2.420121199975255877e-05,7.071569096297025681e-03,1.136952141678193584e-05,3.153983354568481445e-01
8.230151534080505371e-01,3.351643308997154236e-02,1.222640858031809330e-04,2.011526003479957581e-02,3.536885560606606305e-05,1.231957077980041504e-01
7.758292555809020996e-01,8.700807392597198486e-02,3.058250586036592722e-04,4.841738194227218628e-02,6.107699300628155470e-05,8.837834000587463379e-02
6.657087802886962891e-01,1.588250547647476196e-01,3.928254591301083565e-04,9.257822483777999878e-02,4.730946966446936131e-05,8.244787901639938354e-02
8.924708962440490723e-01,5.130411684513092041e-02,1.681834983173757792e-04,1.941366866230964661e-02,2.863773443095851690e-05,3.661448135972023010e-02
9.498265981674194336e-01,1.371474098414182663e-02,3.810527414316311479e-05,8.449241518974304199e-03,7.153366823331452906e-06,2.796419709920883179e-02
9.464527964591979980e-01,1.271573174744844437e-02,3.975390427513048053e-05,1.089062355458736420e-02,9.029989996633958071e-06,2.989206276834011078e-02
9.411520957946777344e-01,5.048700142651796341e-03,1.684813287283759564e-05,9.538088925182819366e-03,4.174885361862834543e-06,4.424016922712326050e-02
8.554842472076416016e-01,1.672572083771228790e-02,4.465185702429153025e-05,3.881680592894554138e-02,8.240627721534110606e-06,8.892038464546203613e-02
6.825404763221740723e-01,2.649673633277416229e-02,5.637602953356690705e-05,9.629213064908981323e-02,1.007561604637885466e-05,1.946041733026504517e-01
3.422269523143768311e-01,8.251178078353404999e-03,7.515319339290726930e-06,1.938101276755332947e-02,3.578855285013560206e-06,6.301298141479492188e-01
2.274839878082275391e-01,3.240562975406646729e-03,2.569329808466136456e-06,2.829715143889188766e-03,2.563641373853897676e-06,7.664405703544616699e-01
2.070343345403671265e-01,1.973843900486826897e-03,4.003727553936187178e-06,2.637813799083232880e-03,2.997549700012314133e-06,7.883470058441162109e-01
5.948545932769775391e-01,6.098413374274969101e-03,1.388274904456920922e-05,7.585795130580663681e-03,7.455964805558323860e-06,3.914398550987243652e-01
5.992215275764465332e-01,6.984465289860963821e-03,1.486937253503128886e-05,7.630603853613138199e-03,7.767102033540140837e-06,3.861407935619354248e-01
8.336000442504882812e-01,1.611525006592273712e-02,3.436868792050518095e-05,3.033837303519248962e-02,8.256890396296512336e-06,1.199036985635757446e-01
8.727391362190246582e-01,7.024643011391162872e-03,1.070193320629186928e-05,9.168929420411586761e-03,4.445825197763042524e-06,1.110521033406257629e-01
7.246469259262084961e-01,3.145428374409675598e-02,3.008334715559612960e-05,3.097617253661155701e-02,8.248428457591217011e-06,2.128843367099761963e-01
4.785433709621429443e-01,3.857725113630294800e-02,3.010677755810320377e-05,1.834413409233093262e-02,1.074315696314442903e-05,4.644944369792938232e-01
5.498011708259582520e-01,6.128046289086341858e-02,5.900710311834700406e-05,2.394530922174453735e-02,1.507471097283996642e-05,3.648990690708160400e-01
1.439076811075210571e-01,3.356363624334335327e-02,9.877672709990292788e-06,1.623272150754928589e-02,2.756072717602364719e-06,8.062833547592163086e-01
9.876872599124908447e-02,8.659597486257553101e-03,2.752134832917363383e-06,6.367114838212728500e-03,1.297024596169649158e-06,8.862004876136779785e-01
1.710531860589981079e-01,4.585511516779661179e-03,2.052021500276168808e-06,2.149285515770316124e-03,1.607413764759257901e-06,8.222083449363708496e-01
1.763472259044647217e-01,1.084429584443569183e-02,3.992961410403950140e-06,1.866481080651283264e-02,1.541323285891849082e-06,7.941381335258483887e-01
5.749426484107971191e-01,3.423657268285751343e-03,1.472168605687329546e-06,1.289996504783630371e-02,6.066901505619171076e-07,4.087316989898681641e-01
8.607107996940612793e-01,9.973869659006595612e-03,5.531782790058059618e-06,1.320381462574005127e-02,1.780266302375821397e-06,1.161041855812072754e-01
8.772975802421569824e-01,1.081265881657600403e-02,6.300568202277645469e-06,1.721489429473876953e-02,1.664597334638528991e-06,9.466687589883804321e-02
9.359841346740722656e-01,2.521483926102519035e-03,1.595833509782096371e-06,3.601476782932877541e-03,7.123945806597475894e-07,5.789068713784217834e-02
8.646082282066345215e-01,6.223181262612342834e-02,6.314482016023248434e-05,1.414639316499233246e-02,1.429799522156827152e-05,5.893602967262268066e-02
7.196547985076904297e-01,1.306585222482681274e-01,1.077471315511502326e-04,3.350987657904624939e-02,1.968000651686452329e-05,1.160493642091751099e-01
5.643334388732910156e-01,2.365018129348754883e-01,3.217691264580935240e-04,6.340942531824111938e-02,5.153281381353735924e-05,1.353820264339447021e-01
5.696987509727478027e-01,1.677353233098983765e-01,2.301898493897169828e-04,8.021979779005050659e-02,3.949439997086301446e-05,1.820764988660812378e-01
6.151445508003234863e-01,1.514492481946945190e-01,3.925327036995440722e-04,1.667356640100479126e-01,4.323040775489062071e-05,6.623475253582000732e-02
8.801227211952209473e-01,1.555516850203275681e-02,1.552318863105028868e-04,5.206715315580368042e-02,3.038053546333685517e-05,5.206930264830589294e-02
8.997334241867065430e-01,7.124094292521476746e-03,1.349616650259122252e-04,2.305700071156024933e-02,6.149367254693061113e-05,6.988900899887084961e-02
8.859814405441284180e-01,1.409173477441072464e-02,1.823125930968672037e-04,2.627129852771759033e-02,6.613651203224435449e-05,7.340703904628753662e-02
9.357522130012512207e-01,2.359019359573721886e-03,1.431640430382685736e-05,2.972732530906796455e-03,8.506955055054277182e-06,5.889319255948066711e-02
9.160825014114379883e-01,6.602634675800800323e-03,1.247744057764066383e-05,2.385281212627887726e-02,2.295209924341179430e-06,5.344724282622337341e-02
7.509314417839050293e-01,3.592154756188392639e-02,1.558388794364873320e-05,6.761643290519714355e-02,2.390981308053596877e-06,1.455125957727432251e-01
7.346181869506835938e-01,5.573758482933044434e-02,4.704116508946754038e-05,6.690081954002380371e-02,7.821590770618058741e-06,1.426885128021240234e-01
3.395341336727142334e-01,4.038296043872833252e-01,2.311694843228906393e-04,1.371349543333053589e-01,2.912377931352239102e-05,1.192410513758659363e-01
4.421592354774475098e-01,2.609711885452270508e-01,1.801244943635538220e-04,7.889693230390548706e-02,3.359480251674540341e-05,2.177588641643524170e-01
1.343854069709777832e-01,5.133172273635864258e-01,2.595712430775165558e-04,1.515969783067703247e-01,2.773060259642079473e-05,2.004130780696868896e-01
7.747835665941238403e-02,6.540136337280273438e-01,4.313144308980554342e-04,1.145236715674400330e-01,5.610396328847855330e-05,1.534969061613082886e-01
1.766236573457717896e-01,1.234030276536941528e-01,6.378342368407174945e-05,2.639823853969573975e-01,8.527830686944071203e-06,4.359186887741088867e-01
2.270370870828628540e-01,2.480761408805847168e-01,1.988938311114907265e-04,3.061399459838867188e-01,2.377936834818683565e-05,2.185240983963012695e-01
5.150898098945617676e-01,9.933376312255859375e-02,1.448391558369621634e-04,9.408909082412719727e-02,3.442736124270595610e-05,2.913080155849456787e-01
7.384553551673889160e-01,3.014771640300750732e-02,4.499009810388088226e-05,5.749280750751495361e-02,1.101873840525513515e-05,1.738481372594833374e-01
7.621559500694274902e-01,1.333746500313282013e-02,1.636867455090396106e-05,3.504678606986999512e-02,4.090954917046474293e-06,1.894392669200897217e-01
7.067070603370666504e-01,1.808260753750801086e-02,1.524180606793379411e-05,1.463550236076116562e-02,6.363286956911906600e-06,2.605532109737396240e-01
7.199110388755798340e-01,1.849061576649546623e-03,1.289845044993853662e-06,2.888985211029648781e-03,8.117854122247081250e-07,2.753489017486572266e-01
6.193213462829589844e-01,2.845006296411156654e-03,2.942073024314595386e-06,4.106962122023105621e-03,1.771577444742433727e-06,3.737219870090484619e-01
5.792270302772521973e-01,5.349553190171718597e-03,5.509904895006911829e-06,8.199422620236873627e-03,2.912473291871719994e-06,4.072156250476837158e-01
5.132794380187988281e-01,1.364730857312679291e-02,2.192472493334207684e-05,4.557267203927040100e-02,6.849803412478649989e-06,4.274717867374420166e-01
6.390596032142639160e-01,4.683013632893562317e-02,1.325593621004372835e-04,8.257123082876205444e-02,3.129876495222561061e-05,2.313752621412277222e-01
4.064916372299194336e-01,9.919780492782592773e-02,1.821160112740471959e-04,2.730768322944641113e-01,2.947791654150933027e-05,2.210221737623214722e-01
2.914921641349792480e-01,1.301661133766174316e-01,1.437096361769363284e-04,3.608277142047882080e-01,1.673799488344229758e-05,2.173535674810409546e-01
3.817281126976013184e-01,1.057133525609970093e-01,1.654102670727297664e-04,3.939779698848724365e-01,1.462938143959036097e-05,1.184004768729209900e-01
6.336465477943420410e-01,7.756011933088302612e-02,1.054272725014016032e-04,1.071608960628509521e-01,1.824158607632853091e-05,1.815087497234344482e-01
5.091425776481628418e-01,1.404916495084762573e-01,2.665129723027348518e-04,2.885676920413970947e-01,2.304267036379314959e-05,6.150848045945167542e-02
7.354407906532287598e-01,4.149389639496803284e-02,9.573777060722932220e-05,1.558307409286499023e-01,1.174375393020454794e-05,6.712721288204193115e-02
8.176324367523193359e-01,5.808189511299133301e-02,9.204458183376118541e-05,6.630093604326248169e-02,1.261106353922514245e-05,5.788012221455574036e-02
8.320067524909973145e-01,1.893497630953788757e-02,2.353876698180101812e-05,5.159223079681396484e-02,4.219765287416521460e-06,9.743828326463699341e-02
7.566939592361450195e-01,1.453156769275665283e-02,2.505364500393625349e-05,6.420196592807769775e-02,5.439074357127537951e-06,1.645420640707015991e-01
7.749481797218322754e-01,7.073517423123121262e-03,2.232191036455333233e-05,1.954687386751174927e-02,9.113524356507696211e-06,1.983999013900756836e-01
9.513227343559265137e-01,2.224345458671450615e-03,1.796269134501926601e-05,1.206528209149837494e-02,4.663370418711565435e-06,3.436497226357460022e-02
9.578319787979125977e-01,5.185464397072792053e-03,6.761798431398347020e-05,2.055740542709827423e-02,1.150452590081840754e-05,1.634604670107364655e-02
9.627376198768615723e-01,3.174505196511745453e-03,1.711517688818275928e-05,1.704599894583225250e-02,3.318244807815062813e-06,1.702143624424934387e-02
8.503097295761108398e-01,7.561779115349054337e-03,9.667738595453556627e-06,5.566788371652364731e-03,5.165758921066299081e-06,1.365468949079513550e-01
5.429890751838684082e-01,2.317495411261916161e-03,1.144555653809220530e-06,2.164544072002172470e-03,1.030071075547311921e-06,4.525267183780670166e-01
6.540899872779846191e-01,1.027001417241990566e-03,6.057227892597438768e-07,6.584104849025607109e-04,6.969386845412373077e-07,3.442232906818389893e-01
6.332723498344421387e-01,3.602816432248800993e-04,3.893103155405697180e-07,1.268619555048644543e-03,3.333379083869658643e-07,3.650980889797210693e-01
7.961108684539794922e-01,4.033748991787433624e-04,4.886986175733909477e-07,2.748972037807106972e-03,3.063908025069395080e-07,2.007360607385635376e-01
8.921753168106079102e-01,2.502687508240342140e-03,3.338948772579897195e-06,1.815820299088954926e-02,8.261026778200175613e-07,8.715971559286117554e-02
7.877014875411987305e-01,7.794278208166360855e-03,6.821965598646784201e-06,8.949661254882812500e-02,1.042541953211184591e-06,1.149997115135192871e-01
7.434185147285461426e-01,1.782605983316898346e-02,2.684202081582043320e-05,1.077524796128273010e-01,4.787661509908502921e-06,1.309712976217269897e-01
8.692368268966674805e-01,7.766764611005783081e-03,2.667129956535063684e-05,4.202074185013771057e-02,4.498966973187634721e-06,8.094460517168045044e-02
9.067794084548950195e-01,3.777211531996726990e-03,2.026836227742023766e-05,1.655358634889125824e-02,4.543821887637022883e-06,7.286496460437774658e-02
9.271870255470275879e-01,1.090788515284657478e-03,1.462510681449202821e-05,9.403964504599571228e-03,3.975369963882258162e-06,6.229967251420021057e-02
9.148471951484680176e-01,2.520173788070678711e-03,1.714374229777604342e-05,7.659771479666233063e-03,6.009571279719239101e-06,7.494966685771942139e-02
8.386259675025939941e-01,1.129405805841088295e-03,5.743962901760824025e-06,1.923428033478558064e-03,3.835839834209764376e-06,1.583116650581359863e-01
5.963488817214965820e-01,8.388634887523949146e-04,1.386987605656031519e-06,1.843389123678207397e-03,1.091876015379966702e-06,4.009663462638854980e-01
5.210393071174621582e-01,4.721057775896042585e-04,5.368415258999448270e-07,5.846784915775060654e-04,7.453221542164101265e-07,4.779025614261627197e-01
4.721560478210449219e-01,6.952005205675959587e-04,5.874150588169868570e-07,1.675591454841196537e-03,5.302062504597415682e-07,5.254720449447631836e-01
6.949757933616638184e-01,8.864730480127036572e-04,7.941572448544320650e-07,1.212223316542804241e-03,9.462455068387498613e-07,3.029238283634185791e-01
6.840254068374633789e-01,7.712492370046675205e-04,5.975234103061666247e-07,1.869621803052723408e-03,3.874670255754608661e-07,3.133327662944793701e-01
7.898959517478942871e-01,4.049745388329029083e-03,3.505169843265321106e-06,4.772746935486793518e-03,1.870028313533111941e-06,2.012761682271957397e-01
6.157994866371154785e-01,4.682343453168869019e-03,3.512487410262110643e-06,7.148639298975467682e-03,1.974679662453127094e-06,3.723640441894531250e-01
5.210223197937011719e-01,1.614059135317802429e-02,8.255554348579607904e-06,2.567553892731666565e-02,3.236944621676229872e-06,4.371501505374908447e-01
3.194704353809356689e-01,1.983077637851238251e-02,1.449155115551548079e-05,4.659601673483848572e-02,4.622233518603025004e-06,6.140837073326110840e-01
4.863595962524414062e-01,2.576931752264499664e-02,4.559674925985746086e-05,2.633145153522491455e-01,7.580168585263891146e-06,2.245033830404281616e-01
4.278203547000885010e-01,2.423997223377227783e-02,4.286293187760747969e-05,4.215234518051147461e-01,4.904592969978693873e-06,1.263685226440429688e-01
3.891967535018920898e-01,5.744924396276473999e-02,6.341152766253799200e-05,2.973233759403228760e-01,9.019571734825149179e-06,2.559582293033599854e-01
1.918907463550567627e-01,1.701719611883163452e-01,1.637572859181091189e-04,5.035983324050903320e-01,1.413934842275921255e-05,1.341609507799148560e-01
2.521413564682006836e-01,4.645990207791328430e-02,3.927822763216681778e-05,1.391465216875076294e-01,6.838609351689228788e-06,5.622061491012573242e-01
1.003278493881225586e-01,1.021110638976097107e-01,6.567554373759776354e-05,2.895958125591278076e-01,1.093277842301176861e-05,5.078886747360229492e-01
1.658065915107727051e-01,1.228870153427124023e-01,1.821330515667796135e-04,1.247831359505653381e-01,4.075581455253995955e-05,5.863003134727478027e-01
3.267189860343933105e-01,6.612310558557510376e-02,1.283181336475536227e-04,3.517588973045349121e-02,4.666066524805501103e-05,5.718070268630981445e-01
7.355126142501831055e-01,3.455151617527008057e-02,1.577659568283706903e-04,5.270114541053771973e-02,4.445556260179728270e-05,1.770325005054473877e-01
8.578680753707885742e-01,1.247182115912437439e-02,4.489579077926464379e-05,6.258225534111261368e-03,2.413235779386013746e-05,1.233328506350517273e-01
8.635380268096923828e-01,5.676976870745420456e-03,1.369144501950358972e-05,2.268760232254862785e-03,6.678706995444372296e-06,1.284959316253662109e-01
8.998671174049377441e-01,2.726453728973865509e-02,7.541629020124673843e-05,7.097289897501468658e-03,2.223455885541625321e-05,6.567356735467910767e-02
8.083769679069519043e-01,1.115575358271598816e-01,1.472643198212608695e-04,1.973153837025165558e-02,2.356633558520115912e-05,6.016305461525917053e-02
7.922298908233642578e-01,7.040249556303024292e-02,7.819344318704679608e-05,1.330688782036304474e-02,1.802317456167656928e-05,1.239644885063171387e-01
6.579656004905700684e-01,1.138060837984085083e-01,1.279676071135327220e-04,4.154774919152259827e-02,2.235248575743753463e-05,1.865303218364715576e-01
4.066568911075592041e-01,1.130475103855133057e-01,5.888014129595831037e-05,2.785209193825721741e-02,1.430350857845041901e-05,4.523703455924987793e-01
3.014373779296875000e-01,6.246965751051902771e-02,3.090203972533345222e-05,5.307663604617118835e-02,7.082562206051079556e-06,5.829784274101257324e-01
3.720400929450988770e-01,7.451952248811721802e-02,2.868167939595878124e-05,2.738527394831180573e-02,8.678517588123213500e-06,5.260177254676818848e-01
6.803172230720520020e-01,4.664238914847373962e-02,5.230743408901616931e-05,7.761053740978240967e-02,8.301287380163557827e-06,1.953691989183425903e-01
8.706304430961608887e-01,5.211812444031238556e-03,1.074920328392181545e-05,9.701901115477085114e-03,3.508844201860483736e-06,1.144415289163589478e-01
9.168128371238708496e-01,1.141809974797070026e-03,3.113673301413655281e-06,6.415956187993288040e-03,1.121229161071823910e-06,7.562539726495742798e-02
9.597445726394653320e-01,1.229788642376661301e-03,9.334042260888963938e-06,3.664083313196897507e-03,5.138266260473756120e-06,3.534702956676483154e-02
8.644272089004516602e-01,1.222917530685663223e-02,7.205991278169676661e-05,5.285231024026870728e-02,3.186950561939738691e-05,7.038753479719161987e-02
7.265377044677734375e-01,6.773603707551956177e-02,2.337325277039781213e-04,8.199010044336318970e-02,9.891574154607951641e-05,1.234034970402717590e-01
4.294038712978363037e-01,2.982580065727233887e-01,6.699897930957376957e-04,1.257178932428359985e-01,1.805949286790564656e-04,1.457695662975311279e-01
1.443446576595306396e-01,5.783427953720092773e-01,6.727200816385447979e-04,1.632148772478103638e-01,1.060236900229938328e-04,1.133188232779502869e-01
1.464418172836303711e-01,5.080724954605102539e-01,1.399652537656947970e-04,2.261261790990829468e-01,9.071265594684518874e-06,1.192104592919349670e-01
6.155349314212799072e-02,6.490729451179504395e-01,9.054970723809674382e-05,1.717666685581207275e-01,5.568360847973963246e-06,1.175107732415199280e-01
2.300106137990951538e-01,4.055180549621582031e-01,1.157424267148599029e-04,1.599193066358566284e-01,1.061340117303188890e-05,2.044256478548049927e-01
4.916749596595764160e-01,5.883629992604255676e-02,2.116329778800718486e-05,6.276967376470565796e-02,3.904868208337575197e-06,3.866939544677734375e-01
5.459305644035339355e-01,2.864986844360828400e-02,1.325801622442668304e-05,1.118710637092590332e-02,4.882219400315079838e-06,4.142143130302429199e-01
6.789226531982421875e-01,8.257197216153144836e-03,4.002193236374296248e-06,3.135099541395902634e-03,2.611653599160490558e-06,3.096784651279449463e-01
8.740791082382202148e-01,2.477975795045495033e-03,3.530434923959546722e-06,9.190207929350435734e-04,3.076532038903678767e-06,1.225172430276870728e-01
5.521983504295349121e-01,4.898548126220703125e-03,4.155333954258821905e-06,1.202278072014451027e-03,4.430135504662757739e-06,4.416922926902770996e-01
7.496433854103088379e-01,1.314225420355796814e-02,1.353113657387439162e-05,3.743615234270691872e-03,8.567414624849334359e-06,2.334485799074172974e-01
7.989203929901123047e-01,3.642377257347106934e-02,3.968157761846669018e-05,1.167599670588970184e-02,1.195499862660653889e-05,1.529281437397003174e-01
6.609174609184265137e-01,3.656411170959472656e-02,4.136033749091438949e-05,3.831384330987930298e-02,1.034884462569607422e-05,2.641529440879821777e-01
5.644359588623046875e-01,4.082962125539779663e-02,1.937168235599528998e-05,5.513949692249298096e-02,5.326491191226523370e-06,3.395701944828033447e-01
5.831539034843444824e-01,2.027445659041404724e-02,1.034897832141723484e-05,3.601505979895591736e-02,3.492475343591650017e-06,3.605428040027618408e-01
6.365507245063781738e-01,6.446188781410455704e-03,4.465418442123336717e-06,1.867422834038734436e-02,2.021112095462740399e-06,3.383224010467529297e-01
4.493045508861541748e-01,2.276278845965862274e-02,1.073260136763565242e-05,4.988632723689079285e-02,3.437799250605166890e-06,4.780321717262268066e-01
6.380548477172851562e-01,4.400580376386642456e-02,8.246630750363692641e-05,9.672098606824874878e-02,1.624760989216156304e-05,2.211196124553680420e-01
7.332191467285156250e-01,3.929717838764190674e-02,1.031691790558397770e-04,4.839136451482772827e-02,2.264247996208723634e-05,1.789664775133132935e-01
5.980206727981567383e-01,2.808033488690853119e-02,3.131018820567987859e-05,8.497443050146102905e-02,6.610434866161085665e-06,2.888865470886230469e-01
6.415374875068664551e-01,6.634820252656936646e-03,8.531672392564360052e-06,8.420483022928237915e-02,1.889885879791108891e-06,2.676123976707458496e-01
6.356355547904968262e-01,2.487135585397481918e-03,2.005661599469021894e-06,2.072626911103725433e-02,7.495295903936494142e-07,3.411482572555541992e-01
5.538254976272583008e-01,9.770254837349057198e-04,5.276787646835146006e-07,1.182871963828802109e-02,2.950005466573202284e-07,4.333679080009460449e-01
7.137097120285034180e-01,2.948942128568887711e-03,2.798606374199152924e-06,1.977513544261455536e-02,9.995977734433836304e-07,2.635623812675476074e-01
6.678602099418640137e-01,9.460774250328540802e-03,8.572447768528945744e-06,1.592436619102954865e-02,3.311478621981223114e-06,3.067427277565002441e-01
8.389914035797119141e-01,2.234754618257284164e-03,3.808733481491799466e-06,1.997275976464152336e-03,2.196148670918773860e-06,1.567705273628234863e-01
9.314287900924682617e-01,5.716634914278984070e-03,1.085052190319402143e-05,3.667540382593870163e-03,3.456109197941259481e-06,5.917260050773620605e-02
9.310144782066345215e-01,2.442283928394317627e-02,4.397255543153733015e-05,6.087366491556167603e-03,1.100072040571831167e-05,3.842042014002799988e-02
8.788436055183410645e-01,7.742922753095626831e-02,2.299183106515556574e-04,2.601441554725170135e-02,2.729429616010747850e-05,1.745538227260112762e-02
7.857214212417602539e-01,7.110549509525299072e-02,2.136928378604352474e-04,1.209706440567970276e-01,1.745989902701694518e-05,2.197138592600822449e-02
7.875093817710876465e-01,7.302314043045043945e-02,3.436633560340851545e-04,1.090925633907318115e-01,3.210311479051597416e-05,2.999914437532424927e-02
9.226527214050292969e-01,1.172092556953430176e-02,5.696844527847133577e-05,3.928950428962707520e-02,7.926943908387329429e-06,2.627191133797168732e-02
9.819133877754211426e-01,7.471224525943398476e-04,7.093487056408775970e-06,3.304387209936976433e-03,1.818340479076141492e-06,1.402598526328802109e-02
9.855291247367858887e-01,3.057669673580676317e-04,3.845941137115005404e-06,2.450790721923112869e-03,1.065709398062608670e-06,1.170931942760944366e-02
9.797711968421936035e-01,5.363810341805219650e-04,3.231359414712642320e-06,3.934297244995832443e-03,8.193244411813793704e-07,1.575398631393909454e-02
8.958951830863952637e-01,2.958085387945175171e-03,6.441598088713362813e-06,1.805180124938488007e-02,1.871885729087807704e-06,8.308650553226470947e-02
6.023029685020446777e-01,1.571530848741531372e-02,7.245146207424113527e-06,7.183388620615005493e-02,1.705245153971191030e-06,3.101388812065124512e-01
3.226814270019531250e-01,4.861131682991981506e-02,8.729066394153051078e-06,1.417245864868164062e-01,1.666723164817085490e-06,4.869723021984100342e-01
5.283337086439132690e-02,1.027071196585893631e-02,3.813219677795132156e-07,1.699603721499443054e-02,1.467328587523297756e-07,9.198993444442749023e-01
1.047649458050727844e-01,1.639129221439361572e-02,1.545080067444359884e-06,1.126809269189834595e-01,3.158163224270538194e-07,7.661610245704650879e-01
1.593139916658401489e-01,5.526828579604625702e-03,7.810248803252761718e-07,4.775288328528404236e-02,2.029578922702057753e-07,7.874052524566650391e-01
2.235799282789230347e-01,1.102819107472896576e-02,3.317567461635917425e-06,7.234151661396026611e-02,6.052131311662378721e-07,6.930464506149291992e-01
4.754067361354827881e-01,7.299325894564390182e-03,1.032856289384653792e-05,1.009863093495368958e-01,2.233674194940249436e-06,4.162951409816741943e-01
4.444842040538787842e-01,1.015529315918684006e-02,1.325370067206677049e-05,2.127681821584701538e-01,2.105123030560207553e-06,3.325769007205963135e-01
5.176638364791870117e-01,3.817262826487421989e-03,5.630051873595220968e-06,1.104656457901000977e-01,1.228653673024382442e-06,3.680464327335357666e-01
2.788312435150146484e-01,2.776170440483838320e-04,2.546188397900550626e-07,1.351624727249145508e-02,1.573620664885311271e-07,7.073745131492614746e-01
2.463297545909881592e-01,3.680580994114279747e-04,2.092063908776253811e-07,6.839797832071781158e-03,1.772718150050422992e-07,7.464619278907775879e-01
3.568871021270751953e-01,3.181190928444266319e-03,2.488001655365223996e-06,1.337678357958793640e-02,1.040268784890940879e-06,6.265513896942138672e-01
2.904910147190093994e-01,9.254229255020618439e-03,4.848378921451512724e-06,3.570224717259407043e-02,1.830271116887161043e-06,6.645457744598388672e-01
3.149828016757965088e-01,6.853946298360824585e-02,6.979312456678599119e-05,2.607796490192413330e-01,1.049186084856046364e-05,3.556178510189056396e-01
3.524213135242462158e-01,6.593696027994155884e-02,5.711531048291362822e-05,8.428495377302169800e-02,1.483578398620011285e-05,4.972847998142242432e-01
3.533095419406890869e-01,2.099156007170677185e-02,2.355802098463755101e-05,1.008462533354759216e-01,6.762513748981291428e-06,5.248223543167114258e-01
4.686172604560852051e-01,2.800407633185386658e-02,4.758765862789005041e-05,1.660989522933959961e-01,8.412731403950601816e-06,3.372237086296081543e-01
5.132103562355041504e-01,3.171135857701301575e-02,4.196268855594098568e-05,1.907831281423568726e-01,5.492147465702146292e-06,2.642475962638854980e-01
7.923203110694885254e-01,1.386774424463510513e-02,2.161439988412894309e-05,1.189057826995849609e-01,2.603801249279058538e-06,7.488193362951278687e-02
8.158115148544311523e-01,6.834174972027540207e-03,8.344853995367884636e-06,2.608455903828144073e-02,2.055102186204749160e-06,1.512593328952789307e-01
9.081518650054931641e-01,1.925031421706080437e-03,3.692980499181430787e-06,6.831301376223564148e-03,1.251729941031953786e-06,8.308667689561843872e-02
7.507024407386779785e-01,5.674908403307199478e-03,1.001815962808905169e-05,1.036953274160623550e-02,4.039018222101731226e-06,2.332390844821929932e-01
6.600129008293151855e-01,1.844070479273796082e-02,3.600923082558438182e-05,6.749537587165832520e-02,8.291915037261787802e-06,2.540068030357360840e-01
3.372323215007781982e-01,9.727010875940322876e-02,1.992094767047092319e-04,3.935940563678741455e-01,2.264664908580016345e-05,1.716816872358322144e-01
1.554652750492095947e-01,2.706943154335021973e-01,5.365714896470308304e-04,4.916701614856719971e-01,4.680974961956962943e-05,8.158684521913528442e-02
9.772766381502151489e-02,2.115766108036041260e-01,2.675608848221600056e-04,6.109750270843505859e-01,2.022256194322835654e-05,7.943287491798400879e-02
1.611511856317520142e-01,1.139589995145797729e-01,1.462368090869858861e-04,5.935288667678833008e-01,1.306245394516736269e-05,1.312016099691390991e-01
1.937153786420822144e-01,5.107123777270317078e-02,2.529488665459211916e-05,4.542372226715087891e-01,3.676660526252817363e-06,3.009471893310546875e-01
2.606718540191650391e-01,2.858604118227958679e-02,1.901412542792968452e-05,2.599324285984039307e-01,2.709924956434406340e-06,4.507879912853240967e-01
3.624178767204284668e-01,8.006620407104492188e-02,3.332686173962429166e-05,2.494827061891555786e-01,4.655114935303572565e-06,3.079953193664550781e-01
3.053415119647979736e-01,4.252126812934875488e-02,2.370683432673104107e-05,1.168126687407493591e-01,4.407402229844592512e-06,5.352964997291564941e-01
3.821012675762176514e-01,2.544601820409297943e-02,2.329318340343888849e-05,4.573260620236396790e-02,6.671374649158678949e-06,5.466900467872619629e-01
7.027764320373535156e-01,7.003049552440643311e-02,3.824474115390330553e-04,8.592266589403152466e-02,7.960909715620800853e-05,1.408083140850067139e-01
8.205811381340026855e-01,3.348295018076896667e-02,2.748456608969718218e-04,3.272658213973045349e-02,6.768983439542353153e-05,1.128667965531349182e-01
9.634049534797668457e-01,4.562363494187593460e-03,1.123585752793587744e-04,8.077756501734256744e-03,3.052933971048332751e-05,2.381196990609169006e-02
9.785505533218383789e-01,2.081835642457008362e-03,5.289940600050613284e-05,3.489691531285643578e-03,1.754829099809285253e-05,1.580772735178470612e-02
9.838252067565917969e-01,8.911761688068509102e-04,1.159487328550312668e-05,4.000546410679817200e-03,2.689385382836917415e-06,1.126872934401035309e-02
9.775002598762512207e-01,4.616765072569251060e-04,4.028403964184690267e-06,1.597301103174686432e-03,1.752490106810000725e-06,2.043484337627887726e-02
8.688950538635253906e-01,1.579222269356250763e-03,2.502807319615385495e-06,1.229222957044839859e-02,9.757999350767931901e-07,1.172301322221755981e-01
2.983215153217315674e-01,1.138646993786096573e-02,3.633143023762386292e-06,8.790084719657897949e-02,9.469832207287254278e-07,6.023865938186645508e-01
1.900797933340072632e-01,5.386963114142417908e-02,1.177466037916019559e-05,1.110671833157539368e-01,3.201702384103555232e-06,6.449684500694274902e-01
1.172235235571861267e-01,1.068620905280113220e-01,1.432675071555422619e-05,9.222737699747085571e-02,2.963159431601525284e-06,6.836697459220886230e-01
3.115437924861907959e-01,1.154227480292320251e-01,8.285966760013252497e-05,1.002291515469551086e-01,2.277567728015128523e-05,4.726987183094024658e-01
4.273606538772583008e-01,7.799854874610900879e-02,1.751317468006163836e-04,6.520694494247436523e-02,4.836135121877305210e-05,4.292103946208953857e-01
7.641078829765319824e-01,1.325001940131187439e-02,4.014900332549586892e-05,3.649432957172393799e-02,1.057151530403643847e-05,1.860969364643096924e-01
7.141827344894409180e-01,1.105120778083801270e-02,2.852879333659075201e-05,2.997031062841415405e-02,9.166731615550816059e-06,2.447579801082611084e-01
4.738975763320922852e-01,3.033716417849063873e-02,3.510293390718288720e-05,7.034928351640701294e-02,8.573858394811395556e-06,4.253722727298736572e-01
5.198619961738586426e-01,6.367669254541397095e-02,3.670296428026631474e-05,9.587335586547851562e-02,6.925142315594712272e-06,3.205443024635314941e-01
7.176588773727416992e-01,5.585746467113494873e-02,7.844497304176911712e-05,4.150282591581344604e-02,1.679378510743845254e-05,1.848855763673782349e-01
7.613525986671447754e-01,7.914707809686660767e-02,1.667434553382918239e-04,5.409151688218116760e-02,2.829724144248757511e-05,1.052137911319732666e-01
8.993630409240722656e-01,2.991745993494987488e-02,7.305997132789343596e-05,3.326639160513877869e-02,1.016409078147262335e-05,3.736994415521621704e-02
9.300427436828613281e-01,2.618580684065818787e-02,1.281202567042782903e-04,2.293628640472888947e-02,1.705837712506763637e-05,2.068997919559478760e-02
5.787419080734252930e-01,2.487363517284393311e-01,5.137363332323729992e-04,8.164985477924346924e-02,7.116297638276591897e-05,9.028699994087219238e-02
5.486216545104980469e-01,2.009295225143432617e-01,2.522691793274134398e-04,9.799428284168243408e-02,4.107383210794068873e-05,1.521612107753753662e-01
4.296186864376068115e-01,1.903517097234725952e-01,3.503062762320041656e-04,1.687170267105102539e-01,6.196061440277844667e-05,2.109002619981765747e-01
4.087538421154022217e-01,8.900602906942367554e-02,2.038200182141736150e-04,2.263919413089752197e-01,3.416539402678608894e-05,2.756101787090301514e-01
3.452454507350921631e-01,3.054914623498916626e-02,4.396111398818902671e-05,8.014267683029174805e-02,1.208585945278173313e-05,5.440067052841186523e-01
3.856428563594818115e-01,4.343543946743011475e-02,4.635968070942908525e-05,7.827872782945632935e-02,1.056658948073163629e-05,4.925860166549682617e-01
4.942387640476226807e-01,1.407704688608646393e-02,4.426023951964452863e-05,3.351255878806114197e-02,1.323791457252809778e-05,4.581141769886016846e-01
3.221739530563354492e-01,2.866008505225181580e-02,2.452355147397611290e-05,1.493806485086679459e-02,9.685382792667951435e-06,6.341936588287353516e-01
4.994201958179473877e-01,3.443752229213714600e-02,1.231527130585163832e-05,3.392272815108299255e-02,3.221927272534230724e-06,4.322040081024169922e-01
7.429643869400024414e-01,1.074783504009246826e-02,1.897702532005496323e-05,1.195694971829652786e-02,7.480594376829685643e-06,2.343043982982635498e-01
5.874865651130676270e-01,8.265714347362518311e-02,4.370386159280315042e-05,4.943776875734329224e-02,8.466419785690959543e-06,2.803663313388824463e-01
8.450666069984436035e-01,4.298292845487594604e-02,6.254151958273723722e-05,4.428288340568542480e-02,9.833087460719980299e-06,6.759513914585113525e-02
5.891779065132141113e-01,1.113358587026596069e-01,1.369889941997826099e-04,1.921634674072265625e-01,1.402147881890414283e-05,1.071718409657478333e-01
3.071117699146270752e-01,1.436158865690231323e-01,7.611577166244387627e-05,2.754677832126617432e-01,9.189947377308271825e-06,2.737192511558532715e-01
3.425969779491424561e-01,3.240619227290153503e-02,1.057269855664344504e-05,1.044782772660255432e-01,3.125385092062060721e-06,5.205048322677612305e-01
1.855134963989257812e-01,3.333155438303947449e-02,1.126676488638622686e-05,7.606135308742523193e-02,4.220104074192931876e-06,7.050781250000000000e-01
3.015902042388916016e-01,5.499538779258728027e-02,2.662062252056784928e-05,1.636466532945632935e-01,5.590739874605787918e-06,4.797354936599731445e-01
5.669434666633605957e-01,3.336106613278388977e-02,3.396601823624223471e-05,1.093038022518157959e-01,7.056098183966241777e-06,2.903505563735961914e-01
7.362828254699707031e-01,5.221579223871231079e-02,2.051258052233606577e-04,9.877817332744598389e-02,3.625778481364250183e-05,1.124819070100784302e-01
9.051443338394165039e-01,1.289892662316560745e-02,6.476465205196291208e-05,2.644052729010581970e-02,1.326794244960183278e-05,5.543819069862365723e-02
9.513031244277954102e-01,3.768601221963763237e-03,2.202251016569789499e-05,8.449033834040164948e-03,6.018862222845200449e-06,3.645117953419685364e-02
9.622849225997924805e-01,3.994259983301162720e-03,2.190231498389039189e-05,8.342686109244823456e-03,5.560586487263208255e-06,2.535071223974227905e-02
8.621697425842285156e-01,7.751982775516808033e-04,2.272129677294287831e-06,1.959647517651319504e-03,1.551550099065934774e-06,1.350916773080825806e-01
8.828331232070922852e-01,7.967426208779215813e-04,3.022063992830226198e-06,2.672581700608134270e-03,1.565259481139946729e-06,1.136928200721740723e-01
8.663678169250488281e-01,2.079209312796592712e-03,7.238355465233325958e-06,5.213935393840074539e-03,2.868704996217275038e-06,1.263289153575897217e-01
9.059016704559326172e-01,4.945106804370880127e-03,2.531336758693214506e-05,2.248074859380722046e-02,5.169901214685523883e-06,6.664204597473144531e-02
7.844079732894897461e-01,6.953947246074676514e-02,3.897924907505512238e-04,6.588554382324218750e-02,5.935024819336831570e-05,7.971778512001037598e-02
9.230617284774780273e-01,2.773150615394115448e-02,7.620972610311582685e-05,1.066130399703979492e-02,1.623502612346783280e-05,3.845285624265670776e-02
9.456774592399597168e-01,1.180338300764560699e-02,2.540943933126982301e-05,1.298514567315578461e-02,4.813899067812599242e-06,2.950385957956314087e-02
9.263408184051513672e-01,1.713113300502300262e-02,4.240943235345184803e-05,1.564082130789756775e-02,1.006497950584162027e-05,4.083482548594474792e-02
9.097269773483276367e-01,9.186500683426856995e-03,7.282580554601736367e-06,1.455242466181516647e-02,1.714778591122012585e-06,6.652506440877914429e-02
8.330367803573608398e-01,2.852103486657142639e-02,2.369250614719931036e-05,2.645205892622470856e-02,5.030287866247817874e-06,1.119613200426101685e-01
6.871063113212585449e-01,7.820523530244827271e-02,8.175143011612817645e-05,2.642922662198543549e-02,2.096141361107584089e-05,2.081564962863922119e-01
8.251233100891113281e-01,1.443691458553075790e-02,2.166354897781275213e-05,6.473650690168142319e-03,9.926774509949609637e-06,1.539345383644104004e-01
9.039543867111206055e-01,1.070539746433496475e-02,2.677726479305420071e-05,4.287348128855228424e-03,1.099061410059221089e-05,8.101519197225570679e-02
8.837440609931945801e-01,1.675566285848617554e-02,3.330267645651474595e-05,2.354166284203529358e-02,6.757800747436704114e-06,7.591862976551055908e-02
9.583570957183837891e-01,4.424141254276037216e-03,2.103665428876411170e-05,1.216797251254320145e-02,3.577948746169568039e-06,2.502621337771415710e-02
9.368772506713867188e-01,8.273275569081306458e-03,2.880163447116501629e-05,1.412128470838069916e-02,6.470015250670257956e-06,4.069288074970245361e-02
7.692038416862487793e-01,1.349114906042814255e-02,2.736441456363536417e-05,6.005033850669860840e-02,5.927470283495495096e-06,1.572213917970657349e-01
4.215248823165893555e-01,8.051595091819763184e-02,1.001766504487022758e-04,2.067142575979232788e-01,1.793748924683313817e-05,2.911267578601837158e-01
4.914001226425170898e-01,1.253052055835723877e-01,1.824280188884586096e-04,1.618106067180633545e-01,2.839761145878583193e-05,2.212732881307601929e-01
6.361219882965087891e-01,6.168393418192863464e-02,1.097611675504595041e-04,5.890571326017379761e-02,2.150338514184113592e-05,2.431571036577224731e-01
7.382192611694335938e-01,2.903880365192890167e-02,7.737407577224075794e-05,5.066645890474319458e-02,1.615917062736116350e-05,1.819819062948226929e-01
8.020945787429809570e-01,1.424983330070972443e-02,4.192296546534635127e-05,2.985530532896518707e-02,9.441482688998803496e-06,1.537489742040634155e-01
8.866271972656250000e-01,2.804275136440992355e-03,1.377071384922601283e-05,1.919285580515861511e-02,3.565230599633650854e-06,9.135825932025909424e-02
8.784633278846740723e-01,5.101121962070465088e-03,1.447020349587546661e-05,7.024790346622467041e-02,2.135397608071798459e-06,4.617111012339591980e-02
8.625078201293945312e-01,1.361544243991374969e-02,1.258019074157346040e-05,4.990226030349731445e-02,2.173474285882548429e-06,7.395975291728973389e-02
7.961694002151489258e-01,3.105762228369712830e-02,2.069302172458264977e-05,1.195124611258506775e-01,2.178423983423272148e-06,5.323759838938713074e-02
9.020580649375915527e-01,3.542419755831360817e-03,1.517289888397499453e-06,1.222131308168172836e-02,5.135919991516857408e-07,8.217614144086837769e-02
8.020868897438049316e-01,8.132072165608406067e-03,3.485900606392533518e-06,3.243847563862800598e-02,9.010254871100187302e-07,1.573382467031478882e-01
7.535532712936401367e-01,6.274300161749124527e-03,6.129519988462561741e-06,3.516991809010505676e-02,1.691007014414935838e-06,2.049947082996368408e-01
6.638112664222717285e-01,2.471018210053443909e-02,3.173349250573664904e-05,2.103254944086074829e-01,3.855246177408844233e-06,1.011174842715263367e-01
4.936507940292358398e-01,5.624130740761756897e-02,9.775189391802996397e-05,2.337666451930999756e-01,1.662615068198647350e-05,2.162268608808517456e-01
2.100653499364852905e-01,1.260370314121246338e-01,1.031167994369752705e-04,2.862473130226135254e-01,1.697366678854450583e-05,3.775302171707153320e-01
1.147173047065734863e-01,3.085510432720184326e-01,1.492481096647679806e-04,3.233056068420410156e-01,1.740487095958087593e-05,2.532594501972198486e-01
1.713503301143646240e-01,2.933747470378875732e-01,1.670863130129873753e-04,2.838784456253051758e-01,2.015404425037559122e-05,2.512091994285583496e-01
1.720319241285324097e-01,2.577787935733795166e-01,2.332082658540457487e-04,4.633384346961975098e-01,1.607307058293372393e-05,1.066016331315040588e-01
2.735295593738555908e-01,2.381708174943923950e-01,3.433462989050894976e-04,4.319605827331542969e-01,2.392094029346480966e-05,5.597182735800743103e-02
7.573097944259643555e-01,8.405794948339462280e-02,1.679119013715535402e-04,6.034466996788978577e-02,3.060566450585611165e-05,9.808905422687530518e-02
7.953399419784545898e-01,2.118386700749397278e-02,2.666449290700256824e-05,2.665960602462291718e-02,7.754128091619350016e-06,1.567821949720382690e-01
7.126289606094360352e-01,5.985368043184280396e-03,1.365110165352234617e-05,5.132826976478099823e-03,9.108158337767235935e-06,2.762300372123718262e-01
6.165785193443298340e-01,4.566980060189962387e-03,9.797588973015081137e-06,4.681873135268688202e-03,8.465499377052765340e-06,3.741544485092163086e-01
6.969177722930908203e-01,2.366365166381001472e-03,1.688159682089462876e-05,6.106167566031217575e-03,1.171005715150386095e-05,2.945812344551086426e-01
8.274810910224914551e-01,2.651150804013013840e-03,1.689484088274184614e-05,2.137028239667415619e-02,5.276647698337910697e-06,1.484753191471099854e-01
5.743388533592224121e-01,3.518939483910799026e-03,1.445939960831310600e-05,2.410320937633514404e-02,7.619612006237730384e-06,3.980169296264648438e-01
5.451867580413818359e-01,2.331243129447102547e-03,3.190956476828432642e-06,2.605100907385349274e-02,1.180537992695462890e-06,4.264266788959503174e-01
6.854040622711181641e-01,2.850863384082913399e-03,4.019301741209346801e-06,6.164804846048355103e-02,1.019377691591216717e-06,2.500919997692108154e-01
6.343409419059753418e-01,6.866216659545898438e-03,7.423466740874573588e-06,1.243050470948219299e-01,1.397412347614590544e-06,2.344789654016494751e-01
9.063011407852172852e-01,2.365637337788939476e-03,1.561995850352104753e-05,3.254770115017890930e-02,2.712476316446554847e-06,5.876718088984489441e-02
9.198253750801086426e-01,1.310752122662961483e-03,1.120592514780582860e-05,1.213995181024074554e-02,2.491646228008903563e-06,6.671009957790374756e-02
8.928692936897277832e-01,6.637294427491724491e-04,6.339362698781769723e-06,1.713437587022781372e-02,1.483481014474818949e-06,8.932476490736007690e-02
8.834503293037414551e-01,3.658584319055080414e-04,2.869071522582089528e-06,9.464276954531669617e-03,9.863854302238905802e-07,1.067157536745071411e-01
8.144152164459228516e-01,1.339364680461585522e-03,1.930099870151025243e-06,1.110975537449121475e-02,6.234079137357184663e-07,1.731331348419189453e-01
7.765790224075317383e-01,3.393167397007346153e-03,2.670736421350738965e-06,9.805870242416858673e-03,9.623651067158789374e-07,2.102183252573013306e-01
8.629858493804931641e-01,3.281027823686599731e-02,2.030559517152141780e-05,2.374691702425479889e-02,3.472920525382505730e-06,8.043316006660461426e-02
7.327326536178588867e-01,4.707706719636917114e-02,1.414311100234044716e-05,3.673145920038223267e-02,3.284402282588416710e-06,1.834413260221481323e-01
4.112764596939086914e-01,7.217838615179061890e-02,2.575548387540038675e-05,1.707766056060791016e-01,4.632096079149050638e-06,3.457381427288055420e-01
2.701184451580047607e-01,6.932176649570465088e-02,5.040910764364525676e-05,1.869908273220062256e-01,1.340812286798609421e-05,4.735051095485687256e-01
7.685107737779617310e-02,1.743120551109313965e-01,1.182084743049927056e-04,5.064572095870971680e-01,1.642094503040425479e-05,2.422450035810470581e-01
1.086847782135009766e-01,2.962380051612854004e-01,2.302149223396554589e-04,3.971929550170898438e-01,2.449177554808557034e-05,1.976295560598373413e-01
2.231333106756210327e-01,2.704644799232482910e-01,2.795876062009483576e-04,4.098333418369293213e-01,2.625608249218203127e-05,9.626289457082748413e-02
5.449165105819702148e-01,1.963886618614196777e-01,2.930918999481946230e-04,1.865193992853164673e-01,2.767660953395534307e-05,7.185467332601547241e-02
7.561276555061340332e-01,8.114136755466461182e-02,1.056836845236830413e-04,4.269535839557647705e-02,1.765021806932054460e-05,1.199122816324234009e-01
5.794425010681152344e-01,1.221070736646652222e-01,1.854102592915296555e-04,1.109870299696922302e-01,2.681465593923348933e-05,1.872511357069015503e-01
4.207400083541870117e-01,8.967145532369613647e-02,1.683574664639309049e-04,1.248604580760002136e-01,2.725193917285650969e-05,3.645324409008026123e-01
3.830524384975433350e-01,3.231245279312133789e-02,5.561553552979603410e-05,1.113071665167808533e-01,1.314517794526182115e-05,4.732591807842254639e-01
3.835683166980743408e-01,1.597814261913299561e-02,7.579909288324415684e-05,8.886454254388809204e-02,2.534147279220633209e-05,5.114878416061401367e-01
1.549849212169647217e-01,4.944854881614446640e-03,7.226452453323872760e-06,1.424631103873252869e-02,5.044867521064588800e-06,8.258116841316223145e-01
2.440030723810195923e-01,2.695010276511311531e-03,4.298388830648036674e-06,5.760142114013433456e-03,2.820896725097554736e-06,7.475346326828002930e-01
5.546692013740539551e-01,6.881827022880315781e-03,1.167528535006567836e-05,6.307661999017000198e-03,7.136149179132189602e-06,4.321224391460418701e-01
7.694995999336242676e-01,3.394600236788392067e-03,5.558204520639264956e-06,2.749732462689280510e-03,2.922909970948239788e-06,2.243475764989852905e-01
8.910026550292968750e-01,6.770266219973564148e-03,4.482962594920536503e-06,3.642659867182374001e-03,1.710265564724977594e-06,9.857822209596633911e-02
9.586898684501647949e-01,1.027147285640239716e-03,2.268602884214487858e-06,1.643558614887297153e-03,1.037672745951567777e-06,3.863609582185745239e-02
9.270688295364379883e-01,2.366122789680957794e-03,3.593963810999412090e-06,3.662769449874758720e-03,1.578506044097593985e-06,6.689703464508056641e-02
9.636784791946411133e-01,9.415604290552437305e-04,1.732484975036641117e-06,6.613001460209488869e-04,1.077346496458631009e-06,3.471602126955986023e-02
9.660935997962951660e-01,6.712387548759579659e-04,1.561092062729585450e-06,1.449505798518657684e-03,7.887845185905462131e-07,3.178334981203079224e-02
9.419615864753723145e-01,1.326066092588007450e-03,1.273041016247589141e-05,8.078710176050662994e-03,5.079245511296903715e-06,4.861589148640632629e-02
5.954708456993103027e-01,9.050736203789710999e-03,1.254651306226151064e-05,1.220822148025035858e-02,5.571863766817841679e-06,3.832520544528961182e-01
3.697015941143035889e-01,5.551212001591920853e-03,8.654639714222867042e-06,1.838272809982299805e-02,4.240695034241070971e-06,6.063516139984130859e-01
1.734956800937652588e-01,1.944868266582489014e-02,1.332861847913591191e-05,2.628997340798377991e-02,5.866676019650185481e-06,7.807464003562927246e-01
1.184844002127647400e-01,2.215955592691898346e-02,1.309473827859619632e-05,2.148254960775375366e-02,5.995676929160254076e-06,8.378543853759765625e-01
4.334840476512908936e-01,8.229926228523254395e-03,1.450806666980497539e-05,1.509368605911731720e-02,7.367631951638031751e-06,5.431705117225646973e-01
5.530865788459777832e-01,2.545567043125629425e-02,9.239332575816661119e-05,5.239578336477279663e-02,2.544252492953091860e-05,3.689441084861755371e-01
7.538475990295410156e-01,7.341030519455671310e-03,3.804762309300713241e-05,3.486593067646026611e-02,1.043701649905415252e-05,2.038970589637756348e-01
8.810997605323791504e-01,1.575835864059627056e-03,8.751792847760953009e-06,1.870930753648281097e-02,2.688431095521082170e-06,9.860365092754364014e-02
8.009316325187683105e-01,8.440054953098297119e-03,1.888530823634937406e-05,2.944848686456680298e-02,6.086425855755805969e-06,1.611548215150833130e-01
8.625634312629699707e-01,2.002856461331248283e-03,4.375447133497800678e-06,9.427364915609359741e-03,1.806509771995479241e-06,1.260001063346862793e-01
9.486449956893920898e-01,3.132066223770380020e-03,1.328283724433276802e-05,6.440580822527408600e-03,4.629027898772619665e-06,4.176450893282890320e-02
9.581296443939208984e-01,4.630004987120628357e-03,1.785458334779832512e-05,2.792653627693653107e-03,6.972591563680907711e-06,3.442284837365150452e-02
9.625516533851623535e-01,3.521434729918837547e-03,1.120354681916069239e-05,2.154428511857986450e-03,4.283409452909836546e-06,3.175694495439529419e-02
8.375365734100341797e-01,6.773705594241619110e-03,1.692050136625766754e-05,4.559455905109643936e-03,8.854803127178456634e-06,1.511044800281524658e-01
7.739545702934265137e-01,8.522704243659973145e-03,6.521891464217333123e-06,5.567776504904031754e-03,3.285840193711919710e-06,2.119451314210891724e-01
3.289963304996490479e-01,1.493113487958908081e-02,5.954912921879440546e-06,1.357858721166849136e-02,2.706643272176734172e-06,6.424852013587951660e-01
3.067502081394195557e-01,3.241512551903724670e-02,7.976788765517994761e-06,8.032716065645217896e-02,2.146735369024099782e-06,5.804973840713500977e-01
5.875895619392395020e-01,4.316732659935951233e-02,1.773952863004524261e-05,1.270876973867416382e-01,3.069323156523751095e-06,2.421346008777618408e-01
7.536842823028564453e-01,3.108520805835723877e-02,2.901615880546160042e-05,9.139651060104370117e-02,4.783975782629568130e-06,1.238000988960266113e-01
5.015920400619506836e-01,9.055376052856445312e-02,7.771268428768962622e-05,2.976848185062408447e-01,7.131007350835716352e-06,1.100845932960510254e-01
6.331816315650939941e-01,4.870548471808433533e-02,3.746928632608614862e-05,1.367801427841186523e-01,5.505803073901915923e-06,1.812898516654968262e-01
8.015879988670349121e-01,1.662642695009708405e-02,3.466626367298886180e-05,8.810485154390335083e-02,4.909698418487096205e-06,9.364124387502670288e-02
6.893902420997619629e-01,6.005355343222618103e-02,2.081180427921935916e-04,1.506675034761428833e-01,2.543162918300367892e-05,9.965518116950988770e-02
8.493614792823791504e-01,1.229940075427293777e-02,3.936325811082497239e-05,2.559716068208217621e-02,1.003048691927688196e-05,1.126925721764564514e-01
9.485876560211181641e-01,5.053096450865268707e-03,2.888080416596494615e-05,3.698491957038640976e-03,1.065358082996681333e-05,4.262122884392738342e-02
9.695159792900085449e-01,9.178211912512779236e-03,7.740424189250916243e-05,2.418665913864970207e-03,2.045312430709600449e-05,1.878927834331989288e-02
9.570087194442749023e-01,8.189796470105648041e-03,3.388103141332976520e-05,3.033827990293502808e-03,1.115233862947206944e-05,3.172266855835914612e-02
9.613186717033386230e-01,3.931839950382709503e-03,1.291201260755769908e-05,1.976279309019446373e-03,4.900109161098953336e-06,3.275533020496368408e-02
9.389389157295227051e-01,7.586288265883922577e-03,3.084779018536210060e-05,4.877184052020311356e-03,8.575350875617004931e-06,4.855812340974807739e-02
8.853298425674438477e-01,3.256165236234664917e-02,1.169492679764516652e-04,2.157720550894737244e-02,2.397651769570074975e-05,6.039037182927131653e-02
9.159975051879882812e-01,1.529133692383766174e-02,6.732931797159835696e-05,2.124930359423160553e-02,1.216629789269063622e-05,4.738241806626319885e-02
8.316496610641479492e-01,3.306504711508750916e-02,1.236922689713537693e-04,1.152535378932952881e-01,9.173546459351200610e-06,1.989877223968505859e-02
9.270004630088806152e-01,5.414534825831651688e-03,1.248157241207081825e-05,1.629198528826236725e-02,2.643547304614912719e-06,5.127794295549392700e-02
7.201695442199707031e-01,1.535755861550569534e-02,1.468626487621804699e-05,7.344082742929458618e-02,2.290809561600326560e-06,1.910151243209838867e-01
6.942180991172790527e-01,2.104172483086585999e-02,2.201991992478724569e-05,6.838963180780410767e-02,5.210275958233978599e-06,2.163233608007431030e-01
4.457062482833862305e-01,4.181180894374847412e-02,4.917237311019562185e-05,8.729561418294906616e-02,8.688176421856041998e-06,4.251284897327423096e-01
4.445125162601470947e-01,3.950121253728866577e-02,2.728347681113518775e-05,6.614415347576141357e-02,6.334375939331948757e-06,4.498083889484405518e-01
2.378915548324584961e-01,1.485153287649154663e-01,6.943495827727019787e-05,1.416724324226379395e-01,1.233012699231039733e-05,4.718388617038726807e-01
3.546420931816101074e-01,7.880269736051559448e-02,2.952447539428249002e-05,1.076730564236640930e-01,6.438134732889011502e-06,4.588462114334106445e-01
5.338134765625000000e-01,1.913923211395740509e-02,1.138324660132639110e-05,5.082748457789421082e-02,3.140038415949675255e-06,3.962052762508392334e-01
8.328011035919189453e-01,5.381387192755937576e-03,4.273460490367142484e-06,2.898908965289592743e-02,1.003154807222017553e-06,1.328232139348983765e-01
8.677483201026916504e-01,8.728409302420914173e-04,1.251940602742251940e-06,2.997934119775891304e-03,7.537918804700893816e-07,1.283789426088333130e-01
9.200981855392456055e-01,4.064606328029185534e-04,6.801771519349131268e-07,1.994868740439414978e-03,3.650112603281741031e-07,7.749950885772705078e-02
8.781647086143493652e-01,1.561577548272907734e-03,1.593330694049654994e-06,2.256968058645725250e-03,1.058304292200773489e-06,1.180140525102615356e-01
7.716903090476989746e-01,1.056851819157600403e-02,6.262161605263827369e-06,4.155814647674560547e-03,3.047489599339314736e-06,2.135760039091110229e-01
5.252599716186523438e-01,3.629951179027557373e-02,1.293652076128637418e-05,2.371873520314693451e-02,4.097617420484311879e-06,4.147047698497772217e-01
6.494562625885009766e-01,5.180719867348670959e-02,3.184939123457297683e-05,1.731923781335353851e-02,1.073865132639184594e-05,2.813748419284820557e-01
6.897331476211547852e-01,6.204098835587501526e-02,3.465656482148915529e-05,2.403728850185871124e-02,9.955061614164151251e-06,2.241440713405609131e-01
8.049214482307434082e-01,2.601237408816814423e-02,2.925743137893732637e-05,2.134825848042964935e-02,7.671824278077110648e-06,1.476809382438659668e-01
9.363093376159667969e-01,8.308406919240951538e-03,1.940136098710354418e-05,6.648338865488767624e-03,5.624089681077748537e-06,4.870885983109474182e-02
9.125992655754089355e-01,2.047423459589481354e-02,4.705935134552419186e-05,1.347761508077383041e-02,1.132947727455757558e-05,5.339052528142929077e-02
8.984432220458984375e-01,3.055714815855026245e-02,7.418001041514798999e-05,2.893939800560474396e-02,1.264673664991278201e-05,4.197332635521888733e-02
6.778736114501953125e-01,1.134942844510078430e-01,1.825067884055897593e-04,9.732300788164138794e-02,2.248824057460296899e-05,1.111040860414505005e-01
5.426528453826904297e-01,1.409834921360015869e-01,1.486879336880519986e-04,1.435561478137969971e-01,2.046555164270102978e-05,1.726384013891220093e-01
3.717335462570190430e-01,3.027477115392684937e-02,9.940595191437751055e-06,4.490204900503158569e-02,2.330779352632816881e-06,5.530773401260375977e-01
5.694593191146850586e-01,5.945100449025630951e-03,3.415533683437388390e-06,1.399579085409641266e-02,1.495261471973208245e-06,4.105949103832244873e-01
4.068120121955871582e-01,4.914650693535804749e-03,2.316017798875691369e-06,5.685844924300909042e-03,1.283329766010865569e-06,5.825837850570678711e-01
6.910207271575927734e-01,2.569140866398811340e-03,1.439238417333399411e-06,4.823582246899604797e-03,8.110197882160719018e-07,3.015843331813812256e-01
9.190378189086914062e-01,3.797833807766437531e-03,5.570628673012834042e-06,2.828990807756781578e-03,2.671611582627519965e-06,7.432705163955688477e-02
7.531535625457763672e-01,1.008262857794761658e-02,1.438459457858698443e-05,1.308666542172431946e-02,5.765061359852552414e-06,2.236570566892623901e-01
8.180986046791076660e-01,2.372346259653568268e-02,4.035485108033753932e-05,1.615654677152633667e-02,9.921859600581228733e-06,1.419710218906402588e-01
9.299948215484619141e-01,2.420573029667139053e-03,6.816667337261606008e-06,4.193472210317850113e-03,3.126733872704789974e-06,6.338126957416534424e-02
7.687467932701110840e-01,2.613383578136563301e-03,4.276090294297318906e-06,2.836441155523061752e-03,2.677241354831494391e-06,2.257964462041854858e-01
6.206329464912414551e-01,2.596433274447917938e-03,2.371496975683839992e-06,1.221011742018163204e-03,2.009721129070385359e-06,3.755452632904052734e-01
4.362990856170654297e-01,6.361634936183691025e-03,2.544721610320266336e-06,5.615924950689077377e-03,1.417978069184755441e-06,5.517194271087646484e-01
4.508097767829895020e-01,6.990749388933181763e-03,1.797800678104977123e-06,1.863520033657550812e-02,6.592334784727427177e-07,5.235617756843566895e-01
5.632537007331848145e-01,2.707105688750743866e-02,1.489325586589984596e-05,8.493108302354812622e-02,2.905064775404753163e-06,3.247263431549072266e-01
6.632907986640930176e-01,1.692631095647811890e-02,5.286974192131310701e-05,2.227263897657394409e-01,4.566477400658186525e-06,9.699907898902893066e-02
4.781951308250427246e-01,1.840008608996868134e-02,9.607896208763122559e-05,4.587301015853881836e-01,5.466794391395524144e-06,4.457319527864456177e-02
7.556000947952270508e-01,8.983722887933254242e-03,7.983024988789111376e-05,1.470465511083602905e-01,7.913678928161971271e-06,8.828185498714447021e-02
6.086810231208801270e-01,7.032685447484254837e-03,1.900427196233067662e-05,1.036516875028610229e-01,3.763382437682594173e-06,2.806117534637451172e-01
6.179099678993225098e-01,8.545196615159511566e-03,9.852213224803563207e-06,8.675272017717361450e-02,2.246075155198923312e-06,2.867799699306488037e-01
5.056800246238708496e-01,1.328573003411293030e-02,1.366258766211103648e-05,1.504950970411300659e-01,3.140477474516956136e-06,3.305222690105438232e-01
7.284657359123229980e-01,7.196153048425912857e-03,8.670413080835714936e-06,3.240125626325607300e-02,2.780434897431405261e-06,2.319253981113433838e-01
5.740380883216857910e-01,3.653193265199661255e-02,2.471849256835412234e-05,1.545190364122390747e-01,5.098989277030341327e-06,2.348811328411102295e-01
5.058943033218383789e-01,2.620582096278667450e-02,2.150876935047563165e-05,8.490568399429321289e-02,6.635514637309825048e-06,3.829660713672637939e-01
3.705099523067474365e-01,9.264833293855190277e-03,9.601683814253192395e-06,2.524867281317710876e-02,5.014648195356130600e-06,5.949618816375732422e-01
3.279601335525512695e-01,5.970352515578269958e-02,4.375932257971726358e-05,1.173541918396949768e-01,1.005894409900065511e-05,4.949283599853515625e-01
2.688159048557281494e-01,8.552622050046920776e-02,5.604849866358563304e-05,9.975377470254898071e-02,1.183181029773550108e-05,5.458362698554992676e-01
2.348127514123916626e-01,1.471393555402755737e-01,9.028219938045367599e-05,2.030847221612930298e-01,1.314246765105053782e-05,4.148597717285156250e-01
2.982752919197082520e-01,2.120048403739929199e-01,1.439229672541841865e-04,3.124457895755767822e-01,1.356183474854333326e-05,1.771166920661926270e-01
1.944191008806228638e-01,3.111587166786193848e-01,2.186528290621936321e-04,3.495889306068420410e-01,2.469091668899636716e-05,1.445899158716201782e-01
7.001848220825195312e-01,3.652803599834442139e-02,3.676447522593662143e-05,5.782521888613700867e-02,8.544121556042227894e-06,2.054166942834854126e-01
5.570244789123535156e-01,1.712498813867568970e-02,1.075248655979521573e-05,1.413750369101762772e-02,5.048304956289939582e-06,4.116972386837005615e-01
5.336300730705261230e-01,3.988776728510856628e-02,2.022842454607598484e-05,3.234276548027992249e-02,6.063788987376028672e-06,3.941131532192230225e-01
4.945174455642700195e-01,5.074113607406616211e-02,1.323840842815116048e-05,5.997769907116889954e-02,3.084229319938458502e-06,3.947474062442779541e-01
3.214954733848571777e-01,2.332020737230777740e-02,6.530876817123498768e-06,4.287651926279067993e-02,2.256821289847721346e-06,6.122990250587463379e-01
4.500678181648254395e-01,1.076273545622825623e-01,6.818678230047225952e-05,1.625087708234786987e-01,1.093468654289608821e-05,2.797169685363769531e-01
7.873293757438659668e-01,2.179704420268535614e-02,3.335549263283610344e-05,3.132470697164535522e-02,8.580355824960861355e-06,1.595070064067840576e-01
8.183556199073791504e-01,4.771737381815910339e-02,9.624246740713715553e-05,7.604165375232696533e-02,1.106107265513855964e-05,5.777806788682937622e-02
8.851355910301208496e-01,2.794101648032665253e-02,1.104271068470552564e-04,2.317213639616966248e-02,2.493462670827284455e-05,6.361578404903411865e-02
8.087630271911621094e-01,8.198363706469535828e-03,3.117372034466825426e-05,9.794673882424831390e-03,1.009055631584487855e-05,1.732026785612106323e-01
6.917976140975952148e-01,9.274425916373729706e-03,1.431719738320680335e-05,6.990513764321804047e-03,7.878677024564240128e-06,2.919151186943054199e-01
7.099192738533020020e-01,1.746959611773490906e-02,4.699677447206340730e-05,1.058647967875003815e-02,1.728515780996531248e-05,2.619602978229522705e-01
9.103237390518188477e-01,1.848358474671840668e-02,3.462739550741389394e-05,8.598706685006618500e-03,8.364675522898323834e-06,6.255088001489639282e-02
9.324921369552612305e-01,1.029172353446483612e-02,1.075660293281544000e-05,9.218106046319007874e-03,2.639472768350970000e-06,4.798458516597747803e-02
8.749602437019348145e-01,1.865504123270511627e-02,2.036259866144973785e-05,1.309427339583635330e-02,5.860995315742911771e-06,9.326422214508056641e-02
8.370871543884277344e-01,1.496104337275028229e-02,7.426962838508188725e-06,1.362854707986116409e-02,2.181932813982712105e-06,1.343137621879577637e-01
8.406561613082885742e-01,1.043952070176601410e-02,9.950468665920197964e-06,2.902333997189998627e-02,2.270457571285078302e-06,1.198687106370925903e-01
8.010118007659912109e-01,1.130645442754030228e-02,1.715019789116922766e-05,9.187230467796325684e-02,2.737544036790495738e-06,9.578947722911834717e-02
8.558747172355651855e-01,5.797224119305610657e-03,2.669068817340303212e-05,7.084223628044128418e-02,4.882050234300550073e-06,6.745410710573196411e-02
7.517616152763366699e-01,8.319968357682228088e-03,6.884526374051347375e-05,1.752936094999313354e-01,8.828637874103151262e-06,6.454713642597198486e-02
8.581938743591308594e-01,6.569764111191034317e-03,5.202796091907657683e-05,6.562683731317520142e-02,9.434249477635603398e-06,6.954805552959442139e-02
9.098875522613525391e-01,1.907990896143019199e-03,1.792997500160709023e-05,1.047385949641466141e-02,5.835362117068143561e-06,7.770674675703048706e-02
9.687247276306152344e-01,1.332628540694713593e-03,2.069023139483761042e-05,6.321557797491550446e-03,5.731230430683353916e-06,2.359464205801486969e-02
9.711992144584655762e-01,1.198502490296959877e-03,7.171229299274273217e-06,2.623491920530796051e-03,2.405091436230577528e-06,2.496914193034172058e-02
9.733034968376159668e-01,4.915678291581571102e-04,3.319252073197276331e-06,5.813619936816394329e-04,1.969131062651285902e-06,2.561813779175281525e-02
9.782354831695556641e-01,4.369649977888911963e-04,1.858126779552549124e-06,6.046303897164762020e-04,1.191026171909470577e-06,2.071992866694927216e-02
9.232425689697265625e-01,4.916827194392681122e-03,1.232460544997593388e-05,7.625712547451257706e-03,4.152224391873460263e-06,6.419841200113296509e-02
8.757436871528625488e-01,2.049113810062408447e-02,7.647073653060942888e-05,6.376743316650390625e-02,1.247023737960262224e-05,3.990881517529487610e-02
7.887696623802185059e-01,4.768910631537437439e-02,1.905473181977868080e-04,8.516429364681243896e-02,2.630155904626008123e-05,7.816009223461151123e-02
4.080255925655364990e-01,2.241351455450057983e-01,5.497599486261606216e-04,2.865830957889556885e-01,5.454177153296768665e-05,8.065178245306015015e-02
3.855923116207122803e-01,1.653772294521331787e-01,3.185337991453707218e-04,3.030330836772918701e-01,3.524756539263762534e-05,1.456435769796371460e-01
4.144360423088073730e-01,1.604322642087936401e-01,3.335895598866045475e-04,1.469065397977828979e-01,5.686503209290094674e-05,2.778348326683044434e-01
3.747939467430114746e-01,2.116616666316986084e-01,2.496883680578321218e-04,1.673127114772796631e-01,3.858434865833260119e-05,2.459434717893600464e-01
4.704016149044036865e-01,1.345061361789703369e-01,2.363797684665769339e-04,2.517397701740264893e-01,2.562616828072350472e-05,1.430904418230056763e-01
5.518262982368469238e-01,9.503902494907379150e-02,3.058921429328620434e-04,1.348148733377456665e-01,4.474577508517540991e-05,2.179692685604095459e-01
5.009523034095764160e-01,9.122187644243240356e-02,3.794126387219876051e-04,2.363035231828689575e-01,4.486170655582100153e-05,1.710980385541915894e-01
5.213943719863891602e-01,4.103285446763038635e-02,1.113778998842462897e-04,1.510649025440216064e-01,1.927827543113380671e-05,2.863771915435791016e-01
2.391144782304763794e-01,8.430372923612594604e-02,6.303505506366491318e-05,2.955068945884704590e-01,1.038205937220482156e-05,3.810013830661773682e-01
3.363903462886810303e-01,4.656603559851646423e-02,3.663900497485883534e-05,1.241564452648162842e-01,8.150495887093711644e-06,4.928423166275024414e-01
3.230885565280914307e-01,5.839681252837181091e-02,3.583328361855819821e-05,1.566734611988067627e-01,6.607663181057432666e-06,4.617987871170043945e-01
3.326740264892578125e-01,3.048899024724960327e-02,1.698394044069573283e-05,2.043127417564392090e-01,3.236499424019712023e-06,4.325039982795715332e-01
5.978770256042480469e-01,1.361224520951509476e-02,1.924180287460330874e-05,8.464214950799942017e-02,5.468408289743820205e-06,3.038438856601715088e-01
6.723856329917907715e-01,7.110929116606712341e-03,1.791101021808572114e-05,2.707215026021003723e-02,7.508399448852287605e-06,2.934058904647827148e-01
8.111496567726135254e-01,5.533174611628055573e-03,1.717350096441805363e-05,2.009665220975875854e-02,5.377160050556994975e-06,1.631979197263717651e-01
8.615306615829467773e-01,1.100672525353729725e-03,3.171339358232216910e-06,2.925564767792820930e-03,1.821977207328018267e-06,1.344380229711532593e-01
9.019690752029418945e-01,1.280294149182736874e-03,3.813271632679970935e-06,2.914736513048410416e-03,2.154771891582640819e-06,9.382999688386917114e-02
8.244406580924987793e-01,1.141747459769248962e-03,2.528433697079890408e-06,4.923429340124130249e-03,1.344540123682236299e-06,1.694902777671813965e-01
5.868827104568481445e-01,5.300600081682205200e-03,4.029626779811223969e-06,9.363496676087379456e-03,2.193361979152541608e-06,3.984470367431640625e-01
6.757261157035827637e-01,1.921455375850200653e-02,2.195598790422081947e-05,2.945237047970294952e-02,5.826702818012563512e-06,2.755791246891021729e-01
3.921180367469787598e-01,7.951683551073074341e-02,5.756995597039349377e-05,7.501848787069320679e-02,1.288190651393961161e-05,4.532762765884399414e-01
5.955840349197387695e-01,2.867356315255165100e-02,3.300709431641735137e-05,2.702996134757995605e-02,9.086781574296765029e-06,3.486703932285308838e-01
7.111886739730834961e-01,2.348181419074535370e-02,6.930919334990903735e-05,6.774047017097473145e-02,1.623989010113291442e-05,1.975033283233642578e-01
8.380693197250366211e-01,6.745365448296070099e-03,2.273883183079306036e-05,2.779991365969181061e-02,6.522293915622867644e-06,1.273560971021652222e-01
8.794773221015930176e-01,8.681200561113655567e-04,5.890815373277291656e-06,8.246109820902347565e-03,2.828892775141866878e-06,1.113996729254722595e-01
7.807188034057617188e-01,1.060095895081758499e-02,5.772832810180261731e-05,3.385065868496894836e-02,1.719859574222937226e-05,1.747547239065170288e-01
8.416717052459716797e-01,3.379397839307785034e-02,2.032670454354956746e-04,3.822435066103935242e-02,4.188264938420616090e-05,8.606487512588500977e-02
8.719334006309509277e-01,2.699425816535949707e-02,1.634137734072282910e-04,3.938321769237518311e-02,2.988263258885126561e-05,6.149581819772720337e-02
5.838347673416137695e-01,1.496540904045104980e-01,5.888087325729429722e-04,1.786574870347976685e-01,5.285650331643410027e-05,8.721207082271575928e-02
6.563449501991271973e-01,1.542256325483322144e-01,4.936181940138339996e-04,1.442534625530242920e-01,4.356337376520968974e-05,4.463874176144599915e-02
7.032805681228637695e-01,4.902594164013862610e-02,1.190454568131826818e-04,1.031075417995452881e-01,1.998525658564176410e-05,1.444469541311264038e-01
6.015238165855407715e-01,5.322138220071792603e-02,6.165288505144417286e-05,1.269815117120742798e-01,9.931168278853874654e-06,2.182017266750335693e-01
6.545433998107910156e-01,6.416801363229751587e-02,5.673444684362038970e-05,3.296586498618125916e-02,1.496122058597393334e-05,2.482509762048721313e-01
4.757642149925231934e-01,1.473999861627817154e-02,9.708680408948566765e-06,7.338277529925107956e-03,4.010831617051735520e-06,5.021438002586364746e-01
5.794950723648071289e-01,7.655987050384283066e-03,1.015203724819002673e-05,6.651526317000389099e-03,4.422311576490756124e-06,4.061828255653381348e-01
7.341049313545227051e-01,3.256899770349264145e-03,1.088123462977819145e-05,5.988301709294319153e-03,4.351665666035842150e-06,2.566345930099487305e-01
6.789893507957458496e-01,5.598905845545232296e-04,2.330423512830748223e-06,3.451238619163632393e-03,1.508405944150581490e-06,3.169956803321838379e-01
8.906211853027343750e-01,4.398277669679373503e-04,3.337496764288516715e-06,3.607608843594789505e-03,1.463958938074938487e-06,1.053266301751136780e-01
8.317776322364807129e-01,7.403413765132427216e-04,3.380265070518362336e-06,4.794510547071695328e-03,1.590678039065096527e-06,1.626826226711273193e-01
8.924804925918579102e-01,5.697729066014289856e-03,2.650829810590948910e-05,6.832852493971586227e-03,9.504332410870119929e-06,9.495305269956588745e-02
8.844848275184631348e-01,9.770719334483146667e-03,3.742169792531058192e-05,1.068545505404472351e-02,1.224320112669374794e-05,9.500933438539505005e-02
8.657417297363281250e-01,1.235743053257465363e-02,5.985561074339784682e-05,1.902299933135509491e-02,1.604175849934108555e-05,1.028020679950714111e-01
9.142385125160217285e-01,8.085155859589576721e-03,4.903356966678984463e-05,4.682464990764856339e-03,1.875411544460803270e-05,7.292618602514266968e-02
8.091109991073608398e-01,1.653644815087318420e-02,4.911845826427452266e-05,1.599691808223724365e-02,1.683098525973036885e-05,1.582897603511810303e-01
8.055989146232604980e-01,8.799270726740360260e-03,3.265029954491183162e-05,3.070523589849472046e-02,9.435210813535377383e-06,1.548544615507125854e-01
6.364147067070007324e-01,1.213245652616024017e-02,3.038630893570370972e-05,3.909164667129516602e-02,1.033219086821191013e-05,3.123203814029693604e-01
3.568622767925262451e-01,7.429518271237611771e-03,1.195111599372467026e-05,5.307218804955482483e-02,3.869915417453739792e-06,5.826201438903808594e-01
4.283182024955749512e-01,1.604757853783667088e-03,4.598082796292146668e-06,1.682350784540176392e-02,2.324175966350594535e-06,5.532466769218444824e-01
4.162695705890655518e-01,1.274899207055568695e-02,2.914612196036614478e-05,5.210489407181739807e-02,9.264256732421927154e-06,5.188381671905517578e-01
6.295475363731384277e-01,3.554341942071914673e-02,1.013362852972932160e-04,8.796304464340209961e-02,2.222369948867708445e-05,2.468223720788955688e-01
7.733591198921203613e-01,3.510042652487754822e-02,2.023204724537208676e-04,9.873582422733306885e-02,2.538022090448066592e-05,9.257690608501434326e-02
8.141835331916809082e-01,4.701796919107437134e-02,2.011872275033965707e-04,7.784505188465118408e-02,2.573023812146857381e-05,6.072652712464332581e-02
9.118805527687072754e-01,2.063642255961894989e-02,9.738033259054645896e-05,2.540377527475357056e-02,1.881563548522535712e-05,4.196314886212348938e-02
9.526768922805786133e-01,5.330279935151338577e-03,2.157767812605015934e-05,5.780479405075311661e-03,7.800435923854820430e-06,3.618283569812774658e-02
7.922904491424560547e-01,4.340101499110460281e-03,4.724946393253048882e-06,1.413337420672178268e-02,1.772842097125248984e-06,1.892296373844146729e-01
7.902922034263610840e-01,9.262534789741039276e-03,1.086604515876388177e-05,1.485956832766532898e-02,3.978902896051295102e-06,1.855708807706832886e-01
5.317417383193969727e-01,5.754444003105163574e-02,3.247091444791294634e-05,1.162693202495574951e-01,5.321386197465471923e-06,2.944067418575286865e-01
2.126770466566085815e-01,5.804049596190452576e-02,1.545738814456854016e-05,1.455178707838058472e-01,3.261180381741723977e-06,5.837458968162536621e-01
7.956854999065399170e-02,6.964565068483352661e-02,2.783357922453433275e-05,7.035056501626968384e-02,5.948919351794756949e-06,7.804014682769775391e-01
1.776617318391799927e-01,2.575563453137874603e-02,2.240361391159240156e-05,4.180037975311279297e-02,5.851855803484795615e-06,7.547540068626403809e-01
4.236455559730529785e-01,1.049117371439933777e-02,1.346237240795744583e-05,4.131121560931205750e-02,4.070919658261118457e-06,5.245344638824462891e-01
3.170046806335449219e-01,2.248460194095969200e-03,4.119473487662617117e-06,2.004466764628887177e-02,1.464874685552786104e-06,6.606966853141784668e-01
5.978536605834960938e-01,2.155361231416463852e-03,6.557416782015934587e-06,5.826922878623008728e-02,1.714084305604046676e-06,3.417134881019592285e-01
5.918866991996765137e-01,9.743844857439398766e-04,1.999275582420523278e-06,9.806916117668151855e-03,9.575774129189085215e-07,3.973290324211120605e-01
5.344916582107543945e-01,1.504609594121575356e-03,1.020800141304789577e-06,1.226677559316158295e-02,5.708237154067319352e-07,4.517353773117065430e-01
6.822820901870727539e-01,1.975748687982559204e-03,1.183490439871093258e-06,2.277293987572193146e-02,4.871387773164315149e-07,2.929674386978149414e-01
8.037237524986267090e-01,2.168904524296522141e-03,1.684251969891192857e-06,1.515719387680292130e-02,5.384127348406764213e-07,1.789478808641433716e-01
8.213991522789001465e-01,1.956400927156209946e-03,1.626506673346739262e-06,8.369314484298229218e-03,7.619125312885444146e-07,1.682726591825485229e-01
9.452541470527648926e-01,1.238321186974644661e-03,5.181182586966315284e-06,1.851416751742362976e-02,1.131370481743942946e-06,3.498709946870803833e-02
9.540162086486816406e-01,2.803910290822386742e-03,1.213346513395663351e-05,9.050589054822921753e-03,3.303970970591763034e-06,3.411382436752319336e-02
9.407017230987548828e-01,1.638113637454807758e-03,4.925620487483683974e-06,5.974535830318927765e-03,1.693960598458943423e-06,5.167898535728454590e-02
9.125329852104187012e-01,4.083638079464435577e-03,1.374408839183161035e-05,1.316072884947061539e-02,4.204361630399944261e-06,7.020469009876251221e-02
6.198077797889709473e-01,1.448221877217292786e-02,1.947802047652658075e-05,2.751664631068706512e-02,6.829184712842106819e-06,3.381670713424682617e-01
5.981282591819763184e-01,6.143037229776382446e-03,5.439434517029440030e-06,1.622805371880531311e-02,2.670043841135338880e-06,3.794924914836883545e-01
7.689793705940246582e-01,5.902717355638742447e-03,7.959754839248489588e-06,2.267107740044593811e-02,2.756658432190306485e-06,2.024361491203308105e-01
8.040283322334289551e-01,4.888297989964485168e-03,5.020453500037547201e-06,2.124950289726257324e-02,1.530649569758679718e-06,1.698272526264190674e-01
