2.206438221037387848e-03,9.973643422126770020e-01,1.074254305422073230e-05,3.630415885709226131e-04,4.153696693265374051e-07,5.511252311407588422e-05
3.218704834580421448e-02,9.646068811416625977e-01,6.451885565184056759e-05,1.861137803643941879e-03,3.983838269050465897e-06,1.276557683013379574e-03
5.298599004745483398e-01,4.429522752761840820e-01,4.418445168994367123e-04,9.181886911392211914e-03,4.128701766603626311e-05,1.752291992306709290e-02
8.909308314323425293e-01,6.461152434349060059e-02,1.568085979670286179e-03,1.319481432437896729e-02,3.873382811434566975e-04,2.930746041238307953e-02
9.225711226463317871e-01,1.774176768958568573e-02,3.796452656388282776e-03,4.185040947049856186e-03,5.823354236781597137e-03,4.588211327791213989e-02
8.652921915054321289e-01,1.607387326657772064e-02,1.321075577288866043e-02,4.318391904234886169e-03,5.148628354072570801e-02,4.961841180920600891e-02
8.017718791961669922e-01,5.058156326413154602e-02,1.839315332472324371e-02,1.306247245520353317e-02,6.480637192726135254e-02,5.138458311557769775e-02
6.910398006439208984e-01,1.641256362199783325e-01,1.977710798382759094e-02,3.624665737152099609e-02,3.760900348424911499e-02,5.120189487934112549e-02
6.312609910964965820e-01,1.792913526296615601e-01,2.119023539125919342e-02,1.327206641435623169e-01,7.351886015385389328e-03,2.818484045565128326e-02
6.747212409973144531e-01,4.216790571808815002e-02,1.033535040915012360e-02,1.716275960206985474e-01,2.379540586844086647e-03,9.876842796802520752e-02
5.632022619247436523e-01,6.230243947356939316e-03,2.396852942183613777e-04,3.743523359298706055e-02,7.462155917892232537e-05,3.928180038928985596e-01
4.209502041339874268e-01,1.007644552737474442e-02,2.575844337115995586e-05,1.374404877424240112e-02,1.312752465310040861e-05,5.551903843879699707e-01
1.891823112964630127e-01,1.186081906780600548e-03,5.394081199483480304e-06,3.273002104833722115e-03,2.093261400659685023e-06,8.063511252403259277e-01
4.983122348785400391e-01,1.013156026601791382e-02,2.719586882449220866e-05,1.963404379785060883e-02,6.372424650180619210e-06,4.718886017799377441e-01
7.386781573295593262e-01,1.104363426566123962e-01,1.997791696339845657e-03,4.609667509794235229e-02,3.459657309576869011e-04,1.024450808763504028e-01
8.466320633888244629e-01,5.112369731068611145e-02,3.223123727366328239e-03,3.608535602688789368e-02,8.248115773312747478e-04,6.211107596755027771e-02
6.461235880851745605e-01,2.506662905216217041e-01,4.176615551114082336e-02,3.071995079517364502e-02,1.063092611730098724e-02,2.009315602481365204e-02
4.783897995948791504e-01,4.445231854915618896e-01,3.080431185662746429e-02,1.979683339595794678e-02,1.395748741924762726e-02,1.252833660691976547e-02
4.784550666809082031e-01,4.444575309753417969e-01,3.080384433269500732e-02,1.979255490005016327e-02,1.396019384264945984e-02,1.253086607903242111e-02
4.784565865993499756e-01,4.444560110569000244e-01,3.080374374985694885e-02,1.979259774088859558e-02,1.396013237535953522e-02,1.253094803541898727e-02
4.784571826457977295e-01,4.444553554058074951e-01,3.080373257398605347e-02,1.979270763695240021e-02,1.396006904542446136e-02,1.253096945583820343e-02
4.784576296806335449e-01,4.444548189640045166e-01,3.080371767282485962e-02,1.979278400540351868e-02,1.396002899855375290e-02,1.253099646419286728e-02
4.784582257270812988e-01,4.444543719291687012e-01,3.080369532108306885e-02,1.979285478591918945e-02,1.396000012755393982e-02,1.253100857138633728e-02
4.784584343433380127e-01,4.444539546966552734e-01,3.080368787050247192e-02,1.979289203882217407e-02,1.395996566861867905e-02,1.253102347254753113e-02
4.784586131572723389e-01,4.444537758827209473e-01,3.080368414521217346e-02,1.979293674230575562e-02,1.395993866026401520e-02,1.253103185445070267e-02
4.784588217735290527e-01,4.444535374641418457e-01,3.080367669463157654e-02,1.979297026991844177e-02,1.395992375910282135e-02,1.253103371709585190e-02
4.784590899944305420e-01,4.444532990455627441e-01,3.080366924405097961e-02,1.979299820959568024e-02,1.395991165190935135e-02,1.253104396164417267e-02
4.784591495990753174e-01,4.444531500339508057e-01,3.080365806818008423e-02,1.979302428662776947e-02,1.395989395678043365e-02,1.253104582428932190e-02
4.784593582153320312e-01,4.444530308246612549e-01,3.080365061759948730e-02,1.979304477572441101e-02,1.395988371223211288e-02,1.253105048090219498e-02
4.784594774246215820e-01,4.444528222084045410e-01,3.080363757908344269e-02,1.979306153953075409e-02,1.395986694842576981e-02,1.253105420619249344e-02
4.784596264362335205e-01,4.444527029991149902e-01,3.080364689230918884e-02,1.979307271540164948e-02,1.395986136049032211e-02,1.253106072545051575e-02
4.784596860408782959e-01,4.444525539875030518e-01,3.080364316701889038e-02,1.979308389127254486e-02,1.395985297858715057e-02,1.253106445074081421e-02
4.784596264362335205e-01,4.444525837898254395e-01,3.080363944172859192e-02,1.979310065507888794e-02,1.395984459668397903e-02,1.253106351941823959e-02
4.784596264362335205e-01,4.444525241851806641e-01,3.080363944172859192e-02,1.979310624301433563e-02,1.395983435213565826e-02,1.253106910735368729e-02
4.784597456455230713e-01,4.444524347782135010e-01,3.080363385379314423e-02,1.979311555624008179e-02,1.395983155816793442e-02,1.253106631338596344e-02
4.784599542617797852e-01,4.444524049758911133e-01,3.080363944172859192e-02,1.979313418269157410e-02,1.395982410758733749e-02,1.253107190132141113e-02
4.784600138664245605e-01,4.444523155689239502e-01,3.080362826585769653e-02,1.979314163327217102e-02,1.395981851965188980e-02,1.253107376396656036e-02
4.784601330757141113e-01,4.444522559642791748e-01,3.080363012850284576e-02,1.979315094649791718e-02,1.395981200039386749e-02,1.253107655793428421e-02
4.784601926803588867e-01,4.444521665573120117e-01,3.080363385379314423e-02,1.979316212236881256e-02,1.395981106907129288e-02,1.253108214586973190e-02
4.784602522850036621e-01,4.444520473480224609e-01,3.080362640321254730e-02,1.979316957294940948e-02,1.395980920642614365e-02,1.253107935190200806e-02
4.784602820873260498e-01,4.444519579410552979e-01,3.080361336469650269e-02,1.979316584765911102e-02,1.395980082452297211e-02,1.253108028322458267e-02
4.784603416919708252e-01,4.444519281387329102e-01,3.080361708998680115e-02,1.979317888617515564e-02,1.395979523658752441e-02,1.253108214586973190e-02
4.784604012966156006e-01,4.444519281387329102e-01,3.080361522734165192e-02,1.979319006204605103e-02,1.395979430526494980e-02,1.253108400851488113e-02
4.784604609012603760e-01,4.444518685340881348e-01,3.080361895263195038e-02,1.979319378733634949e-02,1.395979244261980057e-02,1.253108493983745575e-02
4.784604012966156006e-01,4.444519281387329102e-01,3.080361522734165192e-02,1.979319937527179718e-02,1.395978685468435287e-02,1.253108400851488113e-02
4.784604012966156006e-01,4.444519281387329102e-01,3.080361522734165192e-02,1.979319937527179718e-02,1.395978406071662903e-02,1.253108400851488113e-02
4.784604609012603760e-01,4.444518089294433594e-01,3.080361150205135345e-02,1.979320123791694641e-02,1.395978219807147980e-02,1.253108493983745575e-02
4.784604609012603760e-01,4.444518089294433594e-01,3.080361150205135345e-02,1.979320123791694641e-02,1.395978219807147980e-02,1.253108866512775421e-02
4.784605205059051514e-01,4.444517791271209717e-01,3.080361522734165192e-02,1.979321427643299103e-02,1.395977754145860672e-02,1.253108680248260498e-02
4.784605801105499268e-01,4.444517195224761963e-01,3.080361150205135345e-02,1.979321800172328949e-02,1.395977567881345749e-02,1.253108866512775421e-02
4.784605801105499268e-01,4.444517195224761963e-01,3.080361150205135345e-02,1.979322172701358795e-02,1.395977567881345749e-02,1.253108866512775421e-02
4.784605801105499268e-01,4.444517195224761963e-01,3.080361150205135345e-02,1.979322731494903564e-02,1.395977288484573364e-02,1.253108866512775421e-02
4.784605801105499268e-01,4.444517195224761963e-01,3.080361150205135345e-02,1.979323104023933411e-02,1.395976915955543518e-02,1.253108866512775421e-02
4.784605801105499268e-01,4.444517195224761963e-01,3.080360405147075653e-02,1.979323476552963257e-02,1.395976915955543518e-02,1.253108866512775421e-02
4.784605801105499268e-01,4.444516599178314209e-01,3.080360405147075653e-02,1.979324035346508026e-02,1.395976543426513672e-02,1.253108866512775421e-02
4.784605801105499268e-01,4.444516599178314209e-01,3.080360405147075653e-02,1.979324035346508026e-02,1.395976264029741287e-02,1.253108866512775421e-02
4.784605801105499268e-01,4.444517195224761963e-01,3.080361150205135345e-02,1.979324035346508026e-02,1.395976264029741287e-02,1.253108866512775421e-02
4.784605801105499268e-01,4.444517195224761963e-01,3.080360405147075653e-02,1.979324407875537872e-02,1.395975612103939056e-02,1.253109145909547806e-02
4.784606099128723145e-01,4.444516301155090332e-01,3.080360591411590576e-02,1.979324594140052795e-02,1.395975705236196518e-02,1.253109518438577652e-02
4.784605801105499268e-01,4.444516599178314209e-01,3.080361150205135345e-02,1.979324407875537872e-02,1.395975612103939056e-02,1.253109425306320190e-02
4.784605801105499268e-01,4.444516301155090332e-01,3.080360405147075653e-02,1.979324966669082642e-02,1.395974960178136826e-02,1.253109425306320190e-02
4.784606099128723145e-01,4.444515407085418701e-01,3.080360591411590576e-02,1.979325711727142334e-02,1.395974680781364441e-02,1.253109518438577652e-02
4.784606099128723145e-01,4.444515407085418701e-01,3.080360032618045807e-02,1.979325711727142334e-02,1.395974680781364441e-02,1.253109518438577652e-02
4.784606099128723145e-01,4.444515109062194824e-01,3.080360032618045807e-02,1.979325711727142334e-02,1.395974308252334595e-02,1.253109797835350037e-02
4.784606695175170898e-01,4.444515109062194824e-01,3.080359660089015961e-02,1.979325897991657257e-02,1.395974494516849518e-02,1.253109704703092575e-02
4.784606099128723145e-01,4.444515109062194824e-01,3.080360032618045807e-02,1.979325897991657257e-02,1.395974308252334595e-02,1.253109797835350037e-02
4.784607291221618652e-01,4.444514513015747070e-01,3.080360777676105499e-02,1.979326456785202026e-02,1.395974680781364441e-02,1.253109797835350037e-02
4.784606695175170898e-01,4.444514513015747070e-01,3.080359660089015961e-02,1.979326829314231873e-02,1.395974121987819672e-02,1.253109704703092575e-02
4.784607291221618652e-01,4.444514513015747070e-01,3.080360032618045807e-02,1.979327015578746796e-02,1.395973935723304749e-02,1.253109797835350037e-02
4.784607291221618652e-01,4.444514513015747070e-01,3.080360032618045807e-02,1.979327946901321411e-02,1.395973935723304749e-02,1.253109797835350037e-02
4.784607887268066406e-01,4.444515109062194824e-01,3.080360405147075653e-02,1.979328133165836334e-02,1.395973563194274902e-02,1.253109984099864960e-02
4.784609079360961914e-01,4.444514214992523193e-01,3.080360405147075653e-02,1.979328691959381104e-02,1.395973842591047287e-02,1.253109704703092575e-02
4.784608483314514160e-01,4.444514513015747070e-01,3.080360777676105499e-02,1.979328319430351257e-02,1.395973749458789825e-02,1.253110170364379883e-02
4.784608483314514160e-01,4.444514513015747070e-01,3.080360032618045807e-02,1.979328878223896027e-02,1.395973376929759979e-02,1.253110170364379883e-02
4.784607887268066406e-01,4.444515109062194824e-01,3.080360405147075653e-02,1.979329064488410950e-02,1.395973563194274902e-02,1.253109984099864960e-02
4.784608483314514160e-01,4.444514513015747070e-01,3.080360032618045807e-02,1.979328878223896027e-02,1.395973376929759979e-02,1.253109890967607498e-02
4.784607887268066406e-01,4.444514513015747070e-01,3.080360405147075653e-02,1.979329064488410950e-02,1.395973563194274902e-02,1.253110263496637344e-02
4.784607887268066406e-01,4.444514513015747070e-01,3.080359660089015961e-02,1.979329064488410950e-02,1.395973563194274902e-02,1.253110263496637344e-02
4.784608483314514160e-01,4.444514513015747070e-01,3.080360032618045807e-02,1.979329250752925873e-02,1.395973749458789825e-02,1.253110449761152267e-02
4.784608483314514160e-01,4.444514214992523193e-01,3.080360032618045807e-02,1.979329250752925873e-02,1.395973097532987595e-02,1.253110822290182114e-02
4.784608483314514160e-01,4.444514513015747070e-01,3.080360032618045807e-02,1.979329250752925873e-02,1.395973097532987595e-02,1.253110822290182114e-02
4.784609079360961914e-01,4.444514214992523193e-01,3.080360405147075653e-02,1.979329623281955719e-02,1.395972538739442825e-02,1.253110542893409729e-02
4.784609079360961914e-01,4.444514214992523193e-01,3.080360405147075653e-02,1.979329995810985565e-02,1.395972538739442825e-02,1.253110915422439575e-02
4.784609377384185791e-01,4.444513320922851562e-01,3.080360591411590576e-02,1.979330740869045258e-02,1.395972631871700287e-02,1.253111008554697037e-02
4.784609377384185791e-01,4.444512724876403809e-01,3.080359846353530884e-02,1.979330740869045258e-02,1.395971979945898056e-02,1.253111008554697037e-02
4.784609973430633545e-01,4.444512724876403809e-01,3.080360218882560730e-02,1.979330927133560181e-02,1.395972166210412979e-02,1.253110822290182114e-02
4.784609377384185791e-01,4.444512724876403809e-01,3.080359846353530884e-02,1.979330740869045258e-02,1.395971979945898056e-02,1.253110636025667191e-02
4.784609377384185791e-01,4.444513320922851562e-01,3.080360591411590576e-02,1.979331672191619873e-02,1.395971979945898056e-02,1.253111008554697037e-02
4.784609377384185791e-01,4.444512724876403809e-01,3.080359846353530884e-02,1.979331113398075104e-02,1.395971979945898056e-02,1.253110636025667191e-02
4.784609377384185791e-01,4.444512724876403809e-01,3.080359846353530884e-02,1.979331672191619873e-02,1.395971328020095825e-02,1.253111008554697037e-02
4.784609973430633545e-01,4.444512724876403809e-01,3.080359660089015961e-02,1.979331299662590027e-02,1.395971421152353287e-02,1.253111194819211960e-02
4.784610569477081299e-01,4.444512724876403809e-01,3.080360032618045807e-02,1.979332044720649719e-02,1.395971607416868210e-02,1.253111287951469421e-02
4.784610569477081299e-01,4.444512128829956055e-01,3.080360032618045807e-02,1.979332044720649719e-02,1.395971607416868210e-02,1.253111287951469421e-02
4.784611165523529053e-01,4.444512426853179932e-01,3.080359660089015961e-02,1.979332417249679565e-02,1.395971234887838364e-02,1.253111101686954498e-02
4.784610569477081299e-01,4.444512128829956055e-01,3.080360032618045807e-02,1.979332044720649719e-02,1.395971048623323441e-02,1.253111287951469421e-02
4.784611165523529053e-01,4.444512426853179932e-01,3.080359660089015961e-02,1.979332417249679565e-02,1.395971234887838364e-02,1.253111101686954498e-02
4.784611165523529053e-01,4.444511830806732178e-01,3.080359660089015961e-02,1.979332417249679565e-02,1.395971234887838364e-02,1.253111101686954498e-02
4.784611761569976807e-01,4.444511234760284424e-01,3.080360032618045807e-02,1.979332603514194489e-02,1.395971048623323441e-02,1.253111287951469421e-02
4.784611761569976807e-01,4.444510638713836670e-01,3.080360032618045807e-02,1.979333534836769104e-02,1.395970676094293594e-02,1.253111287951469421e-02
4.784611165523529053e-01,4.444510638713836670e-01,3.080358915030956268e-02,1.979333162307739258e-02,1.395970489829778671e-02,1.253111474215984344e-02
4.784611165523529053e-01,4.444510638713836670e-01,3.080358915030956268e-02,1.979333721101284027e-02,1.395970489829778671e-02,1.253111474215984344e-02
4.784611165523529053e-01,4.444510638713836670e-01,3.080358915030956268e-02,1.979333721101284027e-02,1.395970489829778671e-02,1.253111474215984344e-02
4.784611165523529053e-01,4.444510638713836670e-01,3.080358915030956268e-02,1.979334279894828796e-02,1.395970489829778671e-02,1.253111474215984344e-02
4.784611165523529053e-01,4.444510638713836670e-01,3.080358915030956268e-02,1.979333721101284027e-02,1.395970489829778671e-02,1.253111474215984344e-02
4.784611165523529053e-01,4.444510638713836670e-01,3.080358915030956268e-02,1.979333721101284027e-02,1.395969837903976440e-02,1.253111474215984344e-02
4.784611761569976807e-01,4.444510042667388916e-01,3.080358542501926422e-02,1.979334652423858643e-02,1.395970024168491364e-02,1.253111660480499268e-02
4.784611761569976807e-01,4.444510042667388916e-01,3.080358542501926422e-02,1.979334652423858643e-02,1.395969651639461517e-02,1.253111660480499268e-02
4.784611761569976807e-01,4.444510042667388916e-01,3.080358542501926422e-02,1.979334652423858643e-02,1.395969651639461517e-02,1.253111660480499268e-02
4.784612357616424561e-01,4.444509744644165039e-01,3.080358915030956268e-02,1.979335211217403412e-02,1.395969465374946594e-02,1.253111753612756729e-02
4.784612357616424561e-01,4.444509744644165039e-01,3.080358356237411499e-02,1.979335770010948181e-02,1.395969465374946594e-02,1.253111753612756729e-02
4.784612357616424561e-01,4.444509744644165039e-01,3.080358915030956268e-02,1.979335770010948181e-02,1.395969185978174210e-02,1.253111753612756729e-02
4.784612357616424561e-01,4.444509744644165039e-01,3.080358915030956268e-02,1.979335770010948181e-02,1.395968906581401825e-02,1.253111753612756729e-02
4.784612357616424561e-01,4.444509744644165039e-01,3.080358915030956268e-02,1.979336328804492950e-02,1.395968906581401825e-02,1.253111753612756729e-02
4.784612357616424561e-01,4.444509744644165039e-01,3.080358915030956268e-02,1.979336328804492950e-02,1.395968906581401825e-02,1.253111753612756729e-02
4.784612655639648438e-01,4.444508850574493408e-01,3.080358542501926422e-02,1.979336701333522797e-02,1.395968254655599594e-02,1.253111846745014191e-02
4.784613251686096191e-01,4.444508254528045654e-01,3.080357797443866730e-02,1.979336515069007874e-02,1.395968440920114517e-02,1.253112033009529114e-02
4.784613251686096191e-01,4.444508850574493408e-01,3.080357797443866730e-02,1.979336515069007874e-02,1.395968161523342133e-02,1.253112033009529114e-02
4.784613251686096191e-01,4.444508850574493408e-01,3.080357797443866730e-02,1.979336887598037720e-02,1.395968440920114517e-02,1.253112033009529114e-02
4.784613251686096191e-01,4.444508254528045654e-01,3.080358915030956268e-02,1.979336887598037720e-02,1.395967788994312286e-02,1.253112033009529114e-02
4.784613847732543945e-01,4.444508254528045654e-01,3.080358169972896576e-02,1.979337260127067566e-02,1.395967975258827209e-02,1.253112219274044037e-02
4.784613847732543945e-01,4.444507658481597900e-01,3.080357424914836884e-02,1.979337260127067566e-02,1.395967230200767517e-02,1.253111846745014191e-02
4.784613847732543945e-01,4.444507658481597900e-01,3.080358169972896576e-02,1.979337260127067566e-02,1.395967602729797363e-02,1.253112219274044037e-02
4.784613847732543945e-01,4.444508254528045654e-01,3.080359287559986115e-02,1.979337818920612335e-02,1.395967975258827209e-02,1.253112219274044037e-02
4.784613847732543945e-01,4.444507360458374023e-01,3.080359287559986115e-02,1.979337818920612335e-02,1.395967230200767517e-02,1.253112219274044037e-02
4.784613847732543945e-01,4.444507360458374023e-01,3.080358169972896576e-02,1.979338191449642181e-02,1.395966950803995132e-02,1.253111846745014191e-02
4.784614443778991699e-01,4.444506764411926270e-01,3.080358542501926422e-02,1.979338936507701874e-02,1.395967137068510056e-02,1.253112312406301498e-02
4.784614443778991699e-01,4.444506764411926270e-01,3.080358542501926422e-02,1.979338936507701874e-02,1.395966764539480209e-02,1.253112312406301498e-02
4.784615039825439453e-01,4.444506764411926270e-01,3.080358915030956268e-02,1.979339681565761566e-02,1.395966950803995132e-02,1.253112498670816422e-02
4.784615635871887207e-01,4.444505572319030762e-01,3.080358542501926422e-02,1.979338936507701874e-02,1.395966392010450363e-02,1.253112684935331345e-02
4.784615933895111084e-01,4.444505572319030762e-01,3.080359473824501038e-02,1.979340054094791412e-02,1.395966485142707825e-02,1.253112684935331345e-02
4.784615933895111084e-01,4.444505572319030762e-01,3.080359473824501038e-02,1.979340054094791412e-02,1.395966485142707825e-02,1.253112964332103729e-02
4.784615933895111084e-01,4.444504976272583008e-01,3.080358169972896576e-02,1.979340985417366028e-02,1.395965926349163055e-02,1.253113243728876114e-02
4.784615933895111084e-01,4.444504380226135254e-01,3.080358728766441345e-02,1.979340985417366028e-02,1.395966298878192902e-02,1.253113243728876114e-02
4.784616529941558838e-01,4.444503784179687500e-01,3.080358542501926422e-02,1.979341171681880951e-02,1.395965460687875748e-02,1.253112871199846268e-02
4.784618318080902100e-01,4.444503486156463623e-01,3.080358169972896576e-02,1.979341916739940643e-02,1.395965274423360825e-02,1.253113336861133575e-02
4.784618914127349854e-01,4.444502890110015869e-01,3.080357797443866730e-02,1.979342103004455566e-02,1.395964808762073517e-02,1.253113150596618652e-02
4.784619212150573730e-01,4.444501996040344238e-01,3.080357983708381653e-02,1.979343406856060028e-02,1.395964901894330978e-02,1.253113243728876114e-02
4.784619212150573730e-01,4.444501996040344238e-01,3.080357983708381653e-02,1.979344151914119720e-02,1.395964156836271286e-02,1.253113616257905960e-02
4.784619808197021484e-01,4.444501698017120361e-01,3.080358356237411499e-02,1.979345083236694336e-02,1.395963691174983978e-02,1.253113709390163422e-02
4.784620404243469238e-01,4.444501101970672607e-01,3.080358169972896576e-02,1.979345642030239105e-02,1.395963877439498901e-02,1.253113895654678345e-02
4.784621596336364746e-01,4.444500505924224854e-01,3.080358915030956268e-02,1.979346200823783875e-02,1.395963877439498901e-02,1.253113895654678345e-02
4.784621596336364746e-01,4.444500505924224854e-01,3.080358915030956268e-02,1.979346945881843567e-02,1.395963504910469055e-02,1.253113895654678345e-02
4.784622192382812500e-01,4.444499611854553223e-01,3.080359287559986115e-02,1.979347318410873413e-02,1.395963132381439209e-02,1.253114361315965652e-02
4.784622192382812500e-01,4.444499313831329346e-01,3.080358542501926422e-02,1.979348249733448029e-02,1.395962387323379517e-02,1.253114361315965652e-02
4.784622490406036377e-01,4.444499015808105469e-01,3.080358728766441345e-02,1.979349367320537567e-02,1.395961828529834747e-02,1.253114454448223114e-02
4.784623086452484131e-01,4.444497823715209961e-01,3.080359101295471191e-02,1.979350484907627106e-02,1.395961642265319824e-02,1.253114826977252960e-02
4.784624278545379639e-01,4.444496333599090576e-01,3.080358542501926422e-02,1.979351416230201721e-02,1.395960990339517593e-02,1.253114547580480576e-02
4.784625470638275146e-01,4.444495439529418945e-01,3.080359287559986115e-02,1.979353465139865875e-02,1.395960059016942978e-02,1.253115199506282806e-02
4.784628152847290039e-01,4.444493055343627930e-01,3.080358728766441345e-02,1.979354582726955414e-02,1.395959500223398209e-02,1.253115292638540268e-02
4.784629642963409424e-01,4.444490671157836914e-01,3.080358356237411499e-02,1.979355141520500183e-02,1.395958196371793747e-02,1.253115385770797729e-02
4.784631431102752686e-01,4.444489777088165283e-01,3.080358728766441345e-02,1.979357376694679260e-02,1.395957451313734055e-02,1.253115572035312653e-02
4.784633517265319824e-01,4.444486796855926514e-01,3.080359473824501038e-02,1.979359984397888184e-02,1.395956426858901978e-02,1.253115851432085037e-02
4.784635007381439209e-01,4.444485008716583252e-01,3.080359287559986115e-02,1.979362033307552338e-02,1.395954750478267670e-02,1.253115944564342499e-02
4.784637987613677979e-01,4.444482028484344482e-01,3.080359846353530884e-02,1.979365199804306030e-02,1.395954098552465439e-02,1.253116969019174576e-02
4.784641563892364502e-01,4.444477558135986328e-01,3.080360032618045807e-02,1.979368925094604492e-02,1.395952794700860977e-02,1.253117620944976807e-02
4.784644842147827148e-01,4.444473981857299805e-01,3.080360591411590576e-02,1.979373209178447723e-02,1.395951025187969208e-02,1.253117900341749191e-02
4.784651994705200195e-01,4.444468021392822266e-01,3.080361708998680115e-02,1.979378424584865570e-02,1.395947765558958054e-02,1.253119111061096191e-02
4.784657061100006104e-01,4.444461166858673096e-01,3.080362081527709961e-02,1.979386247694492340e-02,1.395944692194461823e-02,1.253119949251413345e-02
4.784674048423767090e-01,4.444444179534912109e-01,3.080364875495433807e-02,1.979396119713783264e-02,1.395942177623510361e-02,1.253122836351394653e-02
4.785053730010986328e-01,4.443863332271575928e-01,3.081423975527286530e-02,1.980789192020893097e-02,1.395504549145698547e-02,1.253101881593465805e-02
6.284139752388000488e-01,2.741819024085998535e-01,3.238714113831520081e-02,2.709992416203022003e-02,1.292196381837129593e-02,2.499507926404476166e-02
8.114227056503295898e-01,1.134386956691741943e-01,1.515791751444339752e-02,3.018011339008808136e-02,4.506601020693778992e-03,2.529402449727058411e-02
7.509670257568359375e-01,1.575634926557540894e-01,3.869456704705953598e-03,7.190074771642684937e-02,6.006512558087706566e-04,1.509867887943983078e-02
7.856711149215698242e-01,1.424082815647125244e-01,1.691685523837804794e-03,5.972535163164138794e-02,1.617367961443960667e-04,1.034187525510787964e-02
7.146059870719909668e-01,2.121020108461380005e-01,2.074204618111252785e-03,6.337544322013854980e-02,1.488144189352169633e-04,7.693574298173189163e-03
4.254586398601531982e-01,4.933632612228393555e-01,3.197838552296161652e-03,7.350283116102218628e-02,1.650525664445012808e-04,4.312427714467048645e-03
4.181095659732818604e-01,5.313209891319274902e-01,1.609792001545429230e-02,2.704998292028903961e-02,1.358377048745751381e-03,6.063164211809635162e-03
4.869509637355804443e-01,3.992665112018585205e-01,5.253525078296661377e-02,3.801314160227775574e-02,7.944757118821144104e-03,1.528942678123712540e-02
3.106148242950439453e-01,5.443189144134521484e-01,7.163140177726745605e-02,3.938733413815498352e-02,1.701394841074943542e-02,1.703348755836486816e-02
2.976059317588806152e-01,5.684258937835693359e-01,5.513453856110572815e-02,4.646948724985122681e-02,1.284418813884258270e-02,1.951999217271804810e-02
2.932482361793518066e-01,5.428286790847778320e-01,7.751396298408508301e-02,5.289735272526741028e-02,1.467500999569892883e-02,1.883676648139953613e-02
3.650687634944915771e-01,4.551218152046203613e-01,5.159262195229530334e-02,5.364311486482620239e-02,1.761876232922077179e-02,5.695490539073944092e-02
6.182985305786132812e-01,1.603005230426788330e-01,3.171893954277038574e-02,3.451531752943992615e-02,1.037684269249439240e-02,1.447899043560028076e-01
6.123382449150085449e-01,4.812939465045928955e-02,1.599845662713050842e-02,6.583337672054767609e-03,4.503284767270088196e-02,2.719177007675170898e-01
4.857139289379119873e-01,4.225839674472808838e-02,1.276118215173482895e-02,4.412478301674127579e-03,7.381413131952285767e-02,3.810399174690246582e-01
4.484353661537170410e-01,8.424684405326843262e-02,2.426311559975147247e-02,5.965334363281726837e-03,1.734111160039901733e-01,2.636782526969909668e-01
3.411242365837097168e-01,2.029658406972885132e-01,3.763963654637336731e-02,6.137051619589328766e-03,3.207581937313079834e-01,9.137494117021560669e-02
3.797184526920318604e-01,3.413152694702148438e-01,6.024219468235969543e-02,1.192326936870813370e-02,1.381461471319198608e-01,6.865473091602325439e-02
4.127385318279266357e-01,3.100195229053497314e-01,6.680472195148468018e-02,2.379796281456947327e-02,6.206705048680305481e-02,1.245721578598022461e-01
4.056288301944732666e-01,3.591161370277404785e-01,4.515556991100311279e-02,2.223885990679264069e-02,3.260312601923942566e-02,1.352575421333312988e-01
3.927332460880279541e-01,3.677466809749603271e-01,5.533611401915550232e-02,1.879355683922767639e-02,4.897862672805786133e-02,1.164118051528930664e-01
4.478366672992706299e-01,2.946052551269531250e-01,4.298143461346626282e-02,1.860519312322139740e-02,4.964207857847213745e-02,1.463293433189392090e-01
5.246630907058715820e-01,1.515921950340270996e-01,3.390931338071823120e-02,1.460474822670221329e-02,6.378836929798126221e-02,2.114422917366027832e-01
4.223011732101440430e-01,5.123571678996086121e-02,1.230898126959800720e-02,9.887726977467536926e-03,3.743434324860572815e-02,4.668319523334503174e-01
4.048073887825012207e-01,4.529926553368568420e-02,1.326376944780349731e-02,8.524015545845031738e-03,4.791893064975738525e-02,4.801865816116333008e-01
3.803851008415222168e-01,3.754917532205581665e-02,9.919675067067146301e-03,6.383114028722047806e-03,4.241317510604858398e-02,5.233497023582458496e-01
4.321949183940887451e-01,5.448453128337860107e-02,1.029351167380809784e-02,8.065871894359588623e-03,4.150691628456115723e-02,4.534542560577392578e-01
4.570907950401306152e-01,1.074380874633789062e-01,1.340053696185350418e-02,7.323921658098697662e-03,6.479995697736740112e-02,3.499467074871063232e-01
4.839701354503631592e-01,8.727353066205978394e-02,1.483197975903749466e-02,9.032770991325378418e-03,4.331776872277259827e-02,3.615738153457641602e-01
4.084339439868927002e-01,1.724120378494262695e-01,2.401897497475147247e-02,1.428997050970792770e-02,4.495241120457649231e-02,3.358927071094512939e-01
3.143427670001983643e-01,2.312693893909454346e-01,2.879133820533752441e-02,1.613779924809932709e-02,5.058196187019348145e-02,3.588767349720001221e-01
3.017381131649017334e-01,2.314509004354476929e-01,4.726613312959671021e-02,2.355812862515449524e-02,6.295703351497650146e-02,3.330296874046325684e-01
3.173603117465972900e-01,3.338562250137329102e-01,5.719338357448577881e-02,1.219292543828487396e-02,1.284315586090087891e-01,1.509655565023422241e-01
3.303391635417938232e-01,3.646582067012786865e-01,7.586777210235595703e-02,1.572435535490512848e-02,8.599170297384262085e-02,1.274188160896301270e-01
3.137108981609344482e-01,3.744575381278991699e-01,7.508717477321624756e-02,1.527631375938653946e-02,9.295638650655746460e-02,1.285117417573928833e-01
2.750270962715148926e-01,5.573381185531616211e-01,4.803136736154556274e-02,9.971131570637226105e-03,6.411408632993698120e-02,4.551814123988151550e-02
3.488526344299316406e-01,4.283050596714019775e-01,4.062790423631668091e-02,8.528551086783409119e-03,1.206726133823394775e-01,5.301321670413017273e-02
3.492599129676818848e-01,4.212479591369628906e-01,3.768915310502052307e-02,1.180405449122190475e-02,1.025145426392555237e-01,7.748427987098693848e-02
3.805760443210601807e-01,3.775879144668579102e-01,3.298524022102355957e-02,6.484289653599262238e-03,1.194692850112915039e-01,8.289720863103866577e-02
3.505918681621551514e-01,3.910808265209197998e-01,3.770031780004501343e-02,6.813808809965848923e-03,1.319749802350997925e-01,8.183825761079788208e-02
4.029567241668701172e-01,3.722825348377227783e-01,3.439272940158843994e-02,6.359759718179702759e-03,9.898819029331207275e-02,8.501997590065002441e-02
4.367701411247253418e-01,2.693679928779602051e-01,3.260029852390289307e-02,6.516768131405115128e-03,1.121171414852142334e-01,1.426277309656143188e-01
4.735960960388183594e-01,2.385570257902145386e-01,3.093283437192440033e-02,6.599646061658859253e-03,1.047610715031623840e-01,1.455532461404800415e-01
3.671894073486328125e-01,2.940258681774139404e-01,2.560100704431533813e-02,1.063134707510471344e-02,6.696191430091857910e-02,2.355904728174209595e-01
3.329005539417266846e-01,3.290774226188659668e-01,2.811381034553050995e-02,1.368924044072628021e-02,6.625273823738098145e-02,2.299663126468658447e-01
1.849230974912643433e-01,6.170473098754882812e-01,4.487323388457298279e-02,3.475427255034446716e-02,2.110187336802482605e-02,9.730012714862823486e-02
1.244595423340797424e-01,6.823713779449462891e-01,6.515155732631683350e-02,6.581126153469085693e-02,1.282957289367914200e-02,4.937669262290000916e-02
1.422821730375289917e-01,6.279059052467346191e-01,5.965254828333854675e-02,4.988857731223106384e-02,3.118688799440860748e-02,8.908396214246749878e-02
1.960588395595550537e-01,5.252016186714172363e-01,5.060862749814987183e-02,4.309623315930366516e-02,2.534402906894683838e-02,1.596907079219818115e-01
1.576898843050003052e-01,6.450968980789184570e-01,3.038168512284755707e-02,3.511109948158264160e-02,1.132484804838895798e-02,1.203956678509712219e-01
2.376658916473388672e-01,5.472123622894287109e-01,3.824125602841377258e-02,5.475957691669464111e-02,1.262009330093860626e-02,1.095008328557014465e-01
2.268735319375991821e-01,6.431753039360046387e-01,4.112883284687995911e-02,3.892857953906059265e-02,7.774995174258947372e-03,4.211880639195442200e-02
3.121758699417114258e-01,5.211017727851867676e-01,3.493085876107215881e-02,2.483520843088626862e-02,1.655402220785617828e-02,9.040229022502899170e-02
3.283995985984802246e-01,4.765543639659881592e-01,7.730478793382644653e-02,2.511444687843322754e-02,2.510861866176128387e-02,6.751821190118789673e-02
4.441533982753753662e-01,3.376128971576690674e-01,1.057120561599731445e-01,2.369415573775768280e-02,3.308447822928428650e-02,5.574298277497291565e-02
4.164806008338928223e-01,3.888910710811614990e-01,8.261006325483322144e-02,2.798588201403617859e-02,1.618296839296817780e-02,6.784938275814056396e-02
3.776875436305999756e-01,3.648430109024047852e-01,8.306196331977844238e-02,3.578132018446922302e-02,1.454477105289697647e-02,1.240813657641410828e-01
3.564832210540771484e-01,4.196262955665588379e-01,4.804198443889617920e-02,2.088730968534946442e-02,1.769185438752174377e-02,1.372693330049514771e-01
3.753208816051483154e-01,3.087673485279083252e-01,1.933577097952365875e-02,1.046509202569723129e-02,2.754484675824642181e-02,2.585659921169281006e-01
3.105985224246978760e-01,3.630584776401519775e-01,2.289748936891555786e-02,8.628412149846553802e-03,7.257165014743804932e-02,2.222454696893692017e-01
2.527588605880737305e-01,3.957353830337524414e-01,2.842611074447631836e-02,7.917655631899833679e-03,1.827499419450759888e-01,1.324120014905929565e-01
2.328423559665679932e-01,3.105165660381317139e-01,2.272099256515502930e-02,4.477554000914096832e-03,3.373031616210937500e-01,9.213943034410476685e-02
2.989206016063690186e-01,2.536253929138183594e-01,1.709268428385257721e-02,6.140607409179210663e-03,1.833305358886718750e-01,2.408900856971740723e-01
2.855684757232666016e-01,2.099773436784744263e-01,1.657457277178764343e-02,8.274704217910766602e-03,1.429689526557922363e-01,3.366359472274780273e-01
3.067148327827453613e-01,2.246598005294799805e-01,1.604096218943595886e-02,8.680956438183784485e-03,1.115242019295692444e-01,3.323791623115539551e-01
3.168964684009552002e-01,2.004252970218658447e-01,1.570798829197883606e-02,1.068882923573255539e-02,6.596372276544570923e-02,3.903176188468933105e-01
3.075983524322509766e-01,2.943716049194335938e-01,2.184196747839450836e-02,1.038108486682176590e-02,9.942153841257095337e-02,2.663855254650115967e-01
3.841764628887176514e-01,2.238829433917999268e-01,2.133451215922832489e-02,9.023902006447315216e-03,9.697737544775009155e-02,2.646048367023468018e-01
3.217475414276123047e-01,1.500892639160156250e-01,1.162168104201555252e-02,1.309799496084451675e-02,1.940599642693996429e-02,4.840375483036041260e-01
2.525380849838256836e-01,2.124660462141036987e-01,1.754249632358551025e-02,3.342036530375480652e-02,1.484047714620828629e-02,4.691924750804901123e-01
2.725934982299804688e-01,2.026081979274749756e-01,1.686060242354869843e-02,4.154992848634719849e-02,8.622958324849605560e-03,4.577647149562835693e-01
2.982092797756195068e-01,2.052425891160964966e-01,1.946828700602054596e-02,4.554321989417076111e-02,9.887702763080596924e-03,4.216488599777221680e-01
3.965663909912109375e-01,1.690347045660018921e-01,2.020759135484695435e-02,3.237259015440940857e-02,1.916703395545482635e-02,3.626516461372375488e-01
4.404164254665374756e-01,1.070634573698043823e-01,1.526424754410982132e-02,8.406484499573707581e-03,5.315214395523071289e-02,3.756972253322601318e-01
5.266684293746948242e-01,1.055700257420539856e-01,1.549130491912364960e-02,6.805998273193836212e-03,5.196906998753547668e-02,2.934951484203338623e-01
5.089624524116516113e-01,9.481625258922576904e-02,1.759259402751922607e-02,4.810595419257879257e-03,1.087466552853584290e-01,2.650713920593261719e-01
4.491885006427764893e-01,1.615470498800277710e-01,1.526883244514465332e-02,4.732053726911544800e-03,1.044568717479705811e-01,2.648067176342010498e-01
3.989953398704528809e-01,9.154914319515228271e-02,1.345998328179121017e-02,5.120056681334972382e-03,7.477676123380661011e-02,4.160987436771392822e-01
3.645309209823608398e-01,8.275283873081207275e-02,1.143850106745958328e-02,5.334657151252031326e-03,5.017115548253059387e-02,4.857719242572784424e-01
3.490354120731353760e-01,9.137997776269912720e-02,1.155040226876735687e-02,5.162451881915330887e-03,5.291588976979255676e-02,4.899558722972869873e-01
4.229966402053833008e-01,1.570671051740646362e-01,1.773116551339626312e-02,7.199509069323539734e-03,5.721703544259071350e-02,3.377885222434997559e-01
5.146731734275817871e-01,1.503447145223617554e-01,1.785187609493732452e-02,6.446582265198230743e-03,6.801621615886688232e-02,2.426673471927642822e-01
4.028085470199584961e-01,3.239038586616516113e-01,2.426347509026527405e-02,9.622935205698013306e-03,6.162292882800102234e-02,1.777782589197158813e-01
4.061720073223114014e-01,3.204955458641052246e-01,1.946632005274295807e-02,1.091975439339876175e-02,3.260454535484313965e-02,2.103417366743087769e-01
3.742191195487976074e-01,2.482219636440277100e-01,1.891372539103031158e-02,1.625872030854225159e-02,2.583044022321701050e-02,3.165559768676757812e-01
3.334041237831115723e-01,2.540560066699981689e-01,1.715512573719024658e-02,2.004941366612911224e-02,1.415121089667081833e-02,3.611841797828674316e-01
3.218281567096710205e-01,2.634382545948028564e-01,1.705607026815414429e-02,2.266893722116947174e-02,1.124801579862833023e-02,3.637605607509613037e-01
2.870935797691345215e-01,2.242799252271652222e-01,1.540477294474840164e-02,1.844610460102558136e-02,1.425756607204675674e-02,4.405179917812347412e-01
2.683097124099731445e-01,4.467583000659942627e-01,1.752621307969093323e-02,1.774851046502590179e-02,1.591183058917522430e-02,2.337454557418823242e-01
1.624715030193328857e-01,6.913473010063171387e-01,1.627816073596477509e-02,1.832212880253791809e-02,7.237902376800775528e-03,1.043430268764495850e-01
1.191479936242103577e-01,7.883555889129638672e-01,2.160356938838958740e-02,1.402667444199323654e-02,8.990976959466934204e-03,4.787510260939598083e-02
1.031119897961616516e-01,8.306425213813781738e-01,2.554128691554069519e-02,1.533428486436605453e-02,7.075428031384944916e-03,1.829450577497482300e-02
1.188102960586547852e-01,7.986422181129455566e-01,3.511418774724006653e-02,1.837845891714096069e-02,8.408011868596076965e-03,2.064686268568038940e-02
2.112053930759429932e-01,6.550297141075134277e-01,4.536458849906921387e-02,1.740652881562709808e-02,2.569862455129623413e-02,4.529511556029319763e-02
1.931489855051040649e-01,6.911625266075134277e-01,4.295217990875244141e-02,1.236825436353683472e-02,3.252238780260086060e-02,2.784562297165393829e-02
1.886415034532546997e-01,7.185347080230712891e-01,3.930127620697021484e-02,1.329149212688207626e-02,1.880405843257904053e-02,2.142692171037197113e-02
2.045623362064361572e-01,7.103490829467773438e-01,3.902565687894821167e-02,1.011906564235687256e-02,1.700867526233196259e-02,1.893527992069721222e-02
1.368626654148101807e-01,8.002999424934387207e-01,3.596778959035873413e-02,7.937864400446414948e-03,1.094226632267236710e-02,7.989501580595970154e-03
5.411758646368980408e-02,9.154862761497497559e-01,1.925065368413925171e-02,5.131645128130912781e-03,3.505261149257421494e-03,2.508554141968488693e-03
1.107888445258140564e-01,8.600316643714904785e-01,1.427627541124820709e-02,9.317286312580108643e-03,2.046449109911918640e-03,3.539503086358308792e-03
2.406256645917892456e-01,7.108774185180664062e-01,1.845539920032024384e-02,2.142639644443988800e-02,2.479009563103318214e-03,6.136166397482156754e-03
4.367319941520690918e-01,4.810780584812164307e-01,2.102591469883918762e-02,4.439641162753105164e-02,2.919853664934635162e-03,1.384784188121557236e-02
6.710702776908874512e-01,2.329573482275009155e-01,1.567821390926837921e-02,4.322520643472671509e-02,3.190565621480345726e-03,3.387843444943428040e-02
7.658209204673767090e-01,1.183898374438285828e-01,3.326230123639106750e-02,4.092698544263839722e-02,7.395863067358732224e-03,3.420406952500343323e-02
5.792150497436523438e-01,2.883492410182952881e-01,5.504518374800682068e-02,2.577509544789791107e-02,1.476515922695398331e-02,3.685020282864570618e-02
6.212549209594726562e-01,2.586298584938049316e-01,5.678278580307960510e-02,2.739086560904979706e-02,1.018546521663665771e-02,2.575609460473060608e-02
6.305313110351562500e-01,2.423403859138488770e-01,7.482504844665527344e-02,2.395206876099109650e-02,1.198381278663873672e-02,1.636736840009689331e-02
7.504162788391113281e-01,1.404380649328231812e-01,5.641873925924301147e-02,1.512750424444675446e-02,1.636403426527976990e-02,2.123539894819259644e-02
7.435795664787292480e-01,1.254539191722869873e-01,5.218860134482383728e-02,1.905433274805545807e-02,2.160780131816864014e-02,3.811576217412948608e-02
7.724934816360473633e-01,5.514259263873100281e-02,3.198784217238426208e-02,5.887658335268497467e-03,5.008499696850776672e-02,8.440331369638442993e-02
7.716392278671264648e-01,5.981368198990821838e-02,2.413803897798061371e-02,6.443850696086883545e-03,3.896905481815338135e-02,9.899608790874481201e-02
7.581503987312316895e-01,6.233261898159980774e-02,2.008282765746116638e-02,7.772300858050584793e-03,2.928018756210803986e-02,1.223815903067588806e-01
6.711818575859069824e-01,1.579488664865493774e-01,3.618448600172996521e-02,1.254879310727119446e-02,1.819251105189323425e-02,1.039434745907783508e-01
6.604664325714111328e-01,2.482855319976806641e-01,3.543475642800331116e-02,2.050469443202018738e-02,7.229311857372522354e-03,2.807917818427085876e-02
4.798409342765808105e-01,4.406453371047973633e-01,3.632635250687599182e-02,1.992601715028285980e-02,6.609035190194845200e-03,1.665223203599452972e-02
6.217141151428222656e-01,3.031288087368011475e-01,3.574404492974281311e-02,2.395559474825859070e-02,4.736474715173244476e-03,1.072095707058906555e-02
6.281747817993164062e-01,3.215891718864440918e-01,2.495188824832439423e-02,1.216158550232648849e-02,4.404842387884855270e-03,8.717692457139492035e-03
6.340261101722717285e-01,3.185960054397583008e-01,2.375553920865058899e-02,1.135490369051694870e-02,3.910373896360397339e-03,8.357101120054721832e-03
5.169793963432312012e-01,4.341570138931274414e-01,2.457936853170394897e-02,1.237727981060743332e-02,3.721976187080144882e-03,8.184943348169326782e-03
4.957485496997833252e-01,4.584669768810272217e-01,2.299456484615802765e-02,1.172289066016674042e-02,3.215282456949353218e-03,7.851754315197467804e-03
4.641912877559661865e-01,4.958162605762481689e-01,2.008327469229698181e-02,9.843472391366958618e-03,2.774944994598627090e-03,7.290660869330167770e-03
5.216271877288818359e-01,4.407436549663543701e-01,1.845533028244972229e-02,8.947529830038547516e-03,2.748194849118590355e-03,7.478133775293827057e-03
5.792189240455627441e-01,3.837846517562866211e-01,1.715461537241935730e-02,9.056089445948600769e-03,2.772668609395623207e-03,8.012900128960609436e-03
5.753795504570007324e-01,3.896930217742919922e-01,1.585073582828044891e-02,8.784566074609756470e-03,2.496058121323585510e-03,7.796077057719230652e-03
6.003634929656982422e-01,3.591174781322479248e-01,1.878815703094005585e-02,1.019175443798303604e-02,3.054553410038352013e-03,8.484599180519580841e-03
5.969424843788146973e-01,3.605937361717224121e-01,2.043229900300502777e-02,1.021139044314622879e-02,3.268400439992547035e-03,8.551617152988910675e-03
4.834700226783752441e-01,4.731696248054504395e-01,2.237598970532417297e-02,9.433466941118240356e-03,3.545341780409216881e-03,8.005575276911258698e-03
5.089712142944335938e-01,4.423941075801849365e-01,2.570230513811111450e-02,9.847813285887241364e-03,4.254560451954603195e-03,8.829957805573940277e-03
4.536047577857971191e-01,4.919216930866241455e-01,2.875773794949054718e-02,1.303370110690593719e-02,4.129375331103801727e-03,8.552678860723972321e-03
4.719338417053222656e-01,4.620483815670013428e-01,3.277720883488655090e-02,1.787285506725311279e-02,4.775683395564556122e-03,1.059199962764978409e-02
4.384192824363708496e-01,4.657714068889617920e-01,5.706012994050979614e-02,2.661506831645965576e-02,4.439803771674633026e-03,7.694343570619821548e-03
4.852541089057922363e-01,4.200245738029479980e-01,4.969463497400283813e-02,3.168188408017158508e-02,4.112585447728633881e-03,9.232272394001483917e-03
4.139714539051055908e-01,4.882592260837554932e-01,6.112441793084144592e-02,2.236961387097835541e-02,5.916953086853027344e-03,8.358269929885864258e-03
3.144327402114868164e-01,6.138903498649597168e-01,4.331719502806663513e-02,1.656164787709712982e-02,4.605929367244243622e-03,7.192096207290887833e-03
3.641369342803955078e-01,5.710244774818420410e-01,3.893292695283889771e-02,1.317478343844413757e-02,5.056931637227535248e-03,7.673901040107011795e-03
3.261680603027343750e-01,6.070028543472290039e-01,4.078159481287002563e-02,1.060512289404869080e-02,7.142262067645788193e-03,8.300202898681163788e-03
2.842195928096771240e-01,6.508794426918029785e-01,4.103076457977294922e-02,9.169657714664936066e-03,7.063531316816806793e-03,7.636981550604104996e-03
3.272343873977661133e-01,5.501303076744079590e-01,8.647998422384262085e-02,1.136538479477167130e-02,1.611040718853473663e-02,8.679478429257869720e-03
2.825629413127899170e-01,5.794824957847595215e-01,9.181801974773406982e-02,1.799957267940044403e-02,1.246837340295314789e-02,1.566849090158939362e-02
2.044659703969955444e-01,6.644428968429565430e-01,9.000491350889205933e-02,1.796971820294857025e-02,9.617817588150501251e-03,1.349876355379819870e-02
2.168103903532028198e-01,6.491438150405883789e-01,7.932888716459274292e-02,1.804590038955211639e-02,1.213359460234642029e-02,2.453743666410446167e-02
2.063615173101425171e-01,6.120114922523498535e-01,5.835489556193351746e-02,2.649969793856143951e-02,1.737850531935691833e-02,7.939390093088150024e-02
2.333791106939315796e-01,5.409494638442993164e-01,4.468436539173126221e-02,2.554244548082351685e-02,2.279180102050304413e-02,1.326528191566467285e-01
2.327815443277359009e-01,5.302207469940185547e-01,7.123818993568420410e-02,2.811912074685096741e-02,3.774067386984825134e-02,9.989964962005615234e-02
3.442959785461425781e-01,4.462780058383941650e-01,4.863962158560752869e-02,2.637024037539958954e-02,3.557226434350013733e-02,9.884396195411682129e-02
1.979306638240814209e-01,6.118670701980590820e-01,7.846161723136901855e-02,2.585667185485363007e-02,4.409405961632728577e-02,4.179004207253456116e-02
2.899675071239471436e-01,5.079906582832336426e-01,3.862663730978965759e-02,2.035543322563171387e-02,4.349756985902786255e-02,9.956218302249908447e-02
3.544240593910217285e-01,3.112262487411499023e-01,2.056197449564933777e-02,1.444078516215085983e-02,4.927275329828262329e-02,2.500740587711334229e-01
2.914008498191833496e-01,1.259872168302536011e-01,8.568641729652881622e-03,1.024318207055330276e-02,4.624654725193977356e-02,5.175535082817077637e-01
2.865534126758575439e-01,1.461857408285140991e-01,1.052091270685195923e-02,9.973542764782905579e-03,8.255220949649810791e-02,4.642141759395599365e-01
3.584964275360107422e-01,2.077123820781707764e-01,1.377488672733306885e-02,1.157695706933736801e-02,7.874286919832229614e-02,3.296964764595031738e-01
2.421862632036209106e-01,5.271768569946289062e-01,2.684924751520156860e-02,1.395122241228818893e-02,9.013550728559494019e-02,9.970097243785858154e-02
1.788240373134613037e-01,6.479951143264770508e-01,3.309818357229232788e-02,1.292031258344650269e-02,7.855206727981567383e-02,4.861028119921684265e-02
1.834581345319747925e-01,7.111303806304931641e-01,2.682022564113140106e-02,1.482055056840181351e-02,3.191041573882102966e-02,3.186020255088806152e-02
3.038430213928222656e-01,4.804826378822326660e-01,2.403389848768711090e-02,3.086556121706962585e-02,3.360164538025856018e-02,1.271732002496719360e-01
4.373372197151184082e-01,3.083641827106475830e-01,1.938471384346485138e-02,2.790807001292705536e-02,2.397901937365531921e-02,1.830268055200576782e-01
3.545054793357849121e-01,1.539511680603027344e-01,1.061196066439151764e-02,1.514230761677026749e-02,2.375186979770660400e-02,4.420371949672698975e-01
3.945684134960174561e-01,1.756236702203750610e-01,1.047557592391967773e-02,1.254268269985914230e-02,2.078736573457717896e-02,3.860023319721221924e-01
2.469012439250946045e-01,1.614888906478881836e-01,6.883535999804735184e-03,7.935628294944763184e-03,1.644540205597877502e-02,5.603452920913696289e-01
2.694702446460723877e-01,3.564736545085906982e-01,1.596698537468910217e-02,1.623173430562019348e-02,1.588655821979045868e-02,3.259707987308502197e-01
2.745760679244995117e-01,3.830127418041229248e-01,1.522435527294874191e-02,1.470498740673065186e-02,1.730304397642612457e-02,2.951788604259490967e-01
2.211065888404846191e-01,4.757004976272583008e-01,2.195040136575698853e-02,1.503191702067852020e-02,3.256954252719879150e-02,2.336410731077194214e-01
2.045058012008666992e-01,6.125280857086181641e-01,3.745010867714881897e-02,2.166457101702690125e-02,4.141544550657272339e-02,8.243592083454132080e-02
2.076217234134674072e-01,5.790313482284545898e-01,4.289696738123893738e-02,2.445214986801147461e-02,5.602871254086494446e-02,8.996913582086563110e-02
1.380857378244400024e-01,7.145821452140808105e-01,3.247411921620368958e-02,1.352099981158971786e-02,5.072855204343795776e-02,5.060842633247375488e-02
1.907595843076705933e-01,5.925759077072143555e-01,2.712715044617652893e-02,2.439223602414131165e-02,2.738504484295845032e-02,1.377600431442260742e-01
2.997767925262451172e-01,3.974403142929077148e-01,1.708416827023029327e-02,1.798412203788757324e-02,1.908564940094947815e-02,2.486290186643600464e-01
2.729398310184478760e-01,3.996425867080688477e-01,1.766693964600563049e-02,1.467363536357879639e-02,2.938606031239032745e-02,2.656908929347991943e-01
1.766666769981384277e-01,2.436160147190093994e-01,9.225049987435340881e-03,2.253200486302375793e-02,1.092491205781698227e-02,5.370352864265441895e-01
1.966634988784790039e-01,2.141633480787277222e-01,1.140993647277355194e-02,1.812040433287620544e-02,1.895676366984844208e-02,5.406860113143920898e-01
1.847480088472366333e-01,2.147197127342224121e-01,1.694286987185478210e-02,2.175444364547729492e-02,4.118993878364562988e-02,5.206450819969177246e-01
2.308629900217056274e-01,3.992108106613159180e-01,2.756317146122455597e-02,2.551580220460891724e-02,2.912970632314682007e-02,2.877175211906433105e-01
2.355895638465881348e-01,5.201920270919799805e-01,4.358179867267608643e-02,2.486097998917102814e-02,3.959080576896667480e-02,1.361847817897796631e-01
1.996869742870330811e-01,6.238447427749633789e-01,6.305801868438720703e-02,1.470138784497976303e-02,6.481727212667465210e-02,3.389164432883262634e-02
1.672106981277465820e-01,6.716502904891967773e-01,4.544701799750328064e-02,1.703856512904167175e-02,4.742994159460067749e-02,5.122336000204086304e-02
2.911565303802490234e-01,4.225257933139801025e-01,2.694860845804214478e-02,1.837646029889583588e-02,4.497392475605010986e-02,1.960187405347824097e-01
2.806418240070343018e-01,3.721402585506439209e-01,2.216780930757522583e-02,1.236853282898664474e-02,5.712445825338363647e-02,2.555570602416992188e-01
2.880433201789855957e-01,2.000450193881988525e-01,1.480218488723039627e-02,1.213872618973255157e-02,3.516481816768646240e-02,4.498058855533599854e-01
3.277366757392883301e-01,2.644129097461700439e-01,2.072457969188690186e-02,1.583176106214523315e-02,6.414211541414260864e-02,3.071518838405609131e-01
3.103416264057159424e-01,2.674437761306762695e-01,2.951709739863872528e-02,1.397404260933399200e-02,7.521077990531921387e-02,3.035126626491546631e-01
3.502342998981475830e-01,2.919950783252716064e-01,3.589368984103202820e-02,1.755459420382976532e-02,1.009850427508354187e-01,2.033373415470123291e-01
4.298249483108520508e-01,3.007407486438751221e-01,3.455959260463714600e-02,1.206117123365402222e-02,7.039472460746765137e-02,1.524187624454498291e-01
3.333423137664794922e-01,4.975425899028778076e-01,4.216748848557472229e-02,1.509152632206678391e-02,5.418532341718673706e-02,5.767081677913665771e-02
2.333689630031585693e-01,6.606147885322570801e-01,4.728237539529800415e-02,1.668754406273365021e-02,2.106014266610145569e-02,2.098617516458034515e-02
1.301159113645553589e-01,7.312620878219604492e-01,9.142785519361495972e-02,2.791173569858074188e-02,1.009794324636459351e-02,9.184382855892181396e-03
5.132098123431205750e-02,8.014656901359558105e-01,6.907570362091064453e-02,7.360441982746124268e-02,1.697961241006851196e-03,2.835199004039168358e-03
6.257080286741256714e-02,7.425957918167114258e-01,6.465684622526168823e-02,1.227773949503898621e-01,1.421432476490736008e-03,5.977757275104522705e-03
1.030635386705398560e-01,7.337951064109802246e-01,7.869291305541992188e-02,6.306374073028564453e-02,8.143429644405841827e-03,1.324121002107858658e-02
1.690836846828460693e-01,6.838816404342651367e-01,7.058075815439224243e-02,3.580205887556076050e-02,1.718091405928134918e-02,2.347100339829921722e-02
3.976175189018249512e-01,4.490018784999847412e-01,4.275524988770484924e-02,1.041010487824678421e-02,5.703521147370338440e-02,4.318001493811607361e-02
3.411079943180084229e-01,4.877580404281616211e-01,3.827331215143203735e-02,8.236212655901908875e-03,8.096721768379211426e-02,4.365722462534904480e-02
3.677974939346313477e-01,4.602171480655670166e-01,3.512271866202354431e-02,1.074415165930986404e-02,4.263596981763839722e-02,8.348257839679718018e-02
2.992511391639709473e-01,4.929881691932678223e-01,3.495230898261070251e-02,1.896212995052337646e-02,2.988581918179988861e-02,1.239603906869888306e-01
2.488009482622146606e-01,3.627053797245025635e-01,2.153911627829074860e-02,1.353223156183958054e-02,6.693619489669799805e-02,2.864860892295837402e-01
2.236068397760391235e-01,2.716698646545410156e-01,1.880349963903427124e-02,1.656632684171199799e-02,6.845807284116744995e-02,4.008954167366027832e-01
2.151239216327667236e-01,3.129323720932006836e-01,1.920223049819469452e-02,1.061417721211910248e-02,1.201953217387199402e-01,3.219319581985473633e-01
2.696827352046966553e-01,3.302272260189056396e-01,2.217137813568115234e-02,1.406751293689012527e-02,1.404939293861389160e-01,2.233572155237197876e-01
2.434812784194946289e-01,2.881149351596832275e-01,1.950748451054096222e-02,1.926262117922306061e-02,6.563155353069305420e-02,3.640020489692687988e-01
2.815883755683898926e-01,3.157530128955841064e-01,2.462122216820716858e-02,1.639566756784915924e-02,8.490435779094696045e-02,2.767373323440551758e-01
2.366223633289337158e-01,5.177626609802246094e-01,3.033953905105590820e-02,1.876742579042911530e-02,4.829019308090209961e-02,1.482178568840026855e-01
1.911829262971878052e-01,5.717617273330688477e-01,3.100309893488883972e-02,1.824390143156051636e-02,7.986376434564590454e-02,1.079445630311965942e-01
1.794648021459579468e-01,5.843816399574279785e-01,3.069232031702995300e-02,1.178486086428165436e-02,8.228599280118942261e-02,1.113903298974037170e-01
1.300677955150604248e-01,6.849273443222045898e-01,2.930223569273948669e-02,1.202633045613765717e-02,7.027332484722137451e-02,7.340297102928161621e-02
1.974049210548400879e-01,4.938241839408874512e-01,1.928270608186721802e-02,1.185631845146417618e-02,6.750239431858062744e-02,2.101294249296188354e-01
2.250722050666809082e-01,5.597947835922241211e-01,2.228019200265407562e-02,1.542587578296661377e-02,4.098875075578689575e-02,1.364381462335586548e-01
3.707490563392639160e-01,4.807879328727722168e-01,3.029856644570827484e-02,2.456855960190296173e-02,2.285041846334934235e-02,7.074546068906784058e-02
3.603517115116119385e-01,4.698598980903625488e-01,2.149904891848564148e-02,4.393099993467330933e-02,6.370497867465019226e-03,9.798775613307952881e-02
3.447676301002502441e-01,5.407522916793823242e-01,2.661146596074104309e-02,2.910687029361724854e-02,7.724790368229150772e-03,5.103687569499015808e-02
1.764799952507019043e-01,7.247530221939086914e-01,2.879113703966140747e-02,2.877869457006454468e-02,4.917411133646965027e-03,3.627985343337059021e-02
1.396674364805221558e-01,7.324603796005249023e-01,2.692985907196998596e-02,2.825991064310073853e-02,5.671529099345207214e-03,6.701084226369857788e-02
2.000720947980880737e-01,6.735237240791320801e-01,1.906455308198928833e-02,1.908173225820064545e-02,6.136299576610326767e-03,8.212172985076904297e-02
1.400978267192840576e-01,7.167603969573974609e-01,2.001648768782615662e-02,3.127167001366615295e-02,5.864483769983053207e-03,8.598916232585906982e-02
2.705848217010498047e-01,4.783756434917449951e-01,1.558459643274545670e-02,2.070063166320323944e-02,1.060028467327356339e-02,2.041540145874023438e-01
3.462986350059509277e-01,4.431684911251068115e-01,1.762910746037960052e-02,1.431602239608764648e-02,1.391586661338806152e-02,1.646718829870223999e-01
4.910091757774353027e-01,3.990696966648101807e-01,2.053699642419815063e-02,1.469632145017385483e-02,8.474267087876796722e-03,6.621353328227996826e-02
5.475981235504150391e-01,3.700475096702575684e-01,2.430074661970138550e-02,1.409627310931682587e-02,7.428656332194805145e-03,3.652861341834068298e-02
5.498187541961669922e-01,3.757405877113342285e-01,3.353743255138397217e-02,1.331953518092632294e-02,1.007072161883115768e-02,1.751296594738960266e-02
6.197919845581054688e-01,3.024987876415252686e-01,2.120320685207843781e-02,1.727281138300895691e-02,7.852483540773391724e-03,3.138073161244392395e-02
5.256442427635192871e-01,3.306599855422973633e-01,3.005842491984367371e-02,1.622553169727325439e-02,1.838084869086742401e-02,7.903085649013519287e-02
3.879742324352264404e-01,3.477754294872283936e-01,2.681815624237060547e-02,2.148864045739173889e-02,1.893385872244834900e-02,1.970096826553344727e-01
2.813062965869903564e-01,4.518209397792816162e-01,3.598350659012794495e-02,2.473379112780094147e-02,1.864791288971900940e-02,1.875075846910476685e-01
2.978652119636535645e-01,4.062125682830810547e-01,3.245944902300834656e-02,1.876670308411121368e-02,2.830441296100616455e-02,2.163916379213333130e-01
3.293134868144989014e-01,4.226542711257934570e-01,4.119944199919700623e-02,2.313707023859024048e-02,2.118994481861591339e-02,1.625057607889175415e-01
3.620340824127197266e-01,3.535172045230865479e-01,3.279368579387664795e-02,1.926727034151554108e-02,4.384659603238105774e-02,1.885411292314529419e-01
4.440405964851379395e-01,1.382249742746353149e-01,1.476632710546255112e-02,9.808016009628772736e-03,5.336958542466163635e-02,3.397905230522155762e-01
3.346900045871734619e-01,7.849599421024322510e-02,1.183179672807455063e-02,1.001273654401302338e-02,7.583663612604141235e-02,4.891327917575836182e-01
2.850268483161926270e-01,3.789057955145835876e-02,8.088837377727031708e-03,9.298773482441902161e-03,4.663247242569923401e-02,6.130625009536743164e-01
3.166118860244750977e-01,4.217316582798957825e-02,6.018379237502813339e-03,7.925936020910739899e-03,4.914664477109909058e-02,5.781240463256835938e-01
2.754982113838195801e-01,5.610208585858345032e-02,7.006519008427858353e-03,1.156277488917112350e-02,1.553915068507194519e-02,6.342912316322326660e-01
2.241635620594024658e-01,5.210050567984580994e-02,5.163090769201517105e-03,8.889669552445411682e-03,1.492722984403371811e-02,6.947559118270874023e-01
2.444586306810379028e-01,1.566903740167617798e-01,9.671407751739025116e-03,1.321218255907297134e-02,2.080858871340751648e-02,5.551587939262390137e-01
3.288382589817047119e-01,2.694334983825683594e-01,1.921959966421127319e-02,1.651044562458992004e-02,3.361894562840461731e-02,3.323792517185211182e-01
2.377583682537078857e-01,5.222063660621643066e-01,3.043913282454013824e-02,1.404251903295516968e-02,5.752105265855789185e-02,1.380324512720108032e-01
2.674086093902587891e-01,5.755031108856201172e-01,3.461259230971336365e-02,8.277978748083114624e-03,5.858010053634643555e-02,5.561759322881698608e-02
3.946615159511566162e-01,3.983329236507415771e-01,3.097401000559329987e-02,8.147834800183773041e-03,7.993017137050628662e-02,8.795357495546340942e-02
3.140932917594909668e-01,4.080916941165924072e-01,2.140574529767036438e-02,9.027224965393543243e-03,6.267654895782470703e-02,1.847054511308670044e-01
3.249092698097229004e-01,3.020766377449035645e-01,1.579502969980239868e-02,9.564420208334922791e-03,4.674708098173141479e-02,3.009076118469238281e-01
2.438747733831405640e-01,2.812289595603942871e-01,1.375170331448316574e-02,9.011508896946907043e-03,4.428187757730484009e-02,4.078512191772460938e-01
2.328259944915771484e-01,4.606845676898956299e-01,2.574737556278705597e-02,1.323131099343299866e-02,5.966227129101753235e-02,2.078484743833541870e-01
2.316214591264724731e-01,5.410321950912475586e-01,3.004022687673568726e-02,1.163087785243988037e-02,4.794308170676231384e-02,1.377321332693099976e-01
2.122416794300079346e-01,6.346792578697204590e-01,3.623404726386070251e-02,1.194484345614910126e-02,3.352189064025878906e-02,7.137823104858398438e-02
2.198063731193542480e-01,6.350257992744445801e-01,3.849646821618080139e-02,1.308333221822977066e-02,3.261740505695343018e-02,6.097065657377243042e-02
1.944652348756790161e-01,6.329463720321655273e-01,3.119773231446743011e-02,1.001395005732774734e-02,5.890106782317161560e-02,7.247554510831832886e-02
1.802734285593032837e-01,6.041063666343688965e-01,2.652438171207904816e-02,9.543080814182758331e-03,8.759628236293792725e-02,9.195650368928909302e-02
2.185977995395660400e-01,4.607746005058288574e-01,2.513635717332363129e-02,1.305549684911966324e-02,6.398738920688629150e-02,2.184484004974365234e-01
2.725741565227508545e-01,3.780160248279571533e-01,2.821449004113674164e-02,1.667253486812114716e-02,7.215446233749389648e-02,2.323683500289916992e-01
3.137123584747314453e-01,3.352972865104675293e-01,2.787729352712631226e-02,1.370784267783164978e-02,7.730576395988464355e-02,2.320995181798934937e-01
3.045114278793334961e-01,2.417331337928771973e-01,2.638222463428974152e-02,1.444563735276460648e-02,7.546119391918182373e-02,3.374663889408111572e-01
2.750189304351806641e-01,3.784300684928894043e-01,3.455705940723419189e-02,2.279436588287353516e-02,4.992340505123138428e-02,2.392762005329132080e-01
1.960327029228210449e-01,5.559068918228149414e-01,4.221053421497344971e-02,3.282050415873527527e-02,3.911058232188224792e-02,1.339187771081924438e-01
1.563519537448883057e-01,7.111421227455139160e-01,3.799214214086532593e-02,3.228454291820526123e-02,1.918850280344486237e-02,4.304078221321105957e-02
1.259928494691848755e-01,7.770758271217346191e-01,3.305929526686668396e-02,2.898591198027133942e-02,8.678419515490531921e-03,2.620773948729038239e-02
1.225085556507110596e-01,7.984426021575927734e-01,4.093557596206665039e-02,1.520613301545381546e-02,1.253331173211336136e-02,1.037375256419181824e-02
1.555417776107788086e-01,7.539149522781372070e-01,3.260871767997741699e-02,7.404130883514881134e-03,3.317103162407875061e-02,1.735948398709297180e-02
1.374935954809188843e-01,7.615878582000732422e-01,3.344605863094329834e-02,8.367549628019332886e-03,3.368698433041572571e-02,2.541792206466197968e-02
1.548382043838500977e-01,7.366682887077331543e-01,2.643747068941593170e-02,8.212596178054809570e-03,3.743246197700500488e-02,3.641093149781227112e-02
1.057462692260742188e-01,7.961476445198059082e-01,3.701832890510559082e-02,1.332301646471023560e-02,2.608764730393886566e-02,2.167713642120361328e-02
9.683190286159515381e-02,8.091962933540344238e-01,4.419247061014175415e-02,1.597360707819461823e-02,1.493387762457132339e-02,1.887186244130134583e-02
1.430889964103698730e-01,7.512830495834350586e-01,5.744518712162971497e-02,1.891751028597354889e-02,1.453388575464487076e-02,1.473140623420476913e-02
1.429081559181213379e-01,7.504544258117675781e-01,5.748023465275764465e-02,1.623131707310676575e-02,1.822007447481155396e-02,1.470581535249948502e-02
2.420281618833541870e-01,6.373240947723388672e-01,4.707008227705955505e-02,1.239239517599344254e-02,3.206094354391098022e-02,2.912433259189128876e-02
2.356436401605606079e-01,6.286133527755737305e-01,5.226261541247367859e-02,1.182817947119474411e-02,3.708197921514511108e-02,3.457015752792358398e-02
1.889604926109313965e-01,7.202769517898559570e-01,4.131986945867538452e-02,1.266590692102909088e-02,1.398005709052085876e-02,2.279671467840671539e-02
1.222462877631187439e-01,7.696768045425415039e-01,4.465149715542793274e-02,2.731474302709102631e-02,9.443938732147216797e-03,2.666675858199596405e-02
7.564021646976470947e-02,8.580650687217712402e-01,2.944446168839931488e-02,2.243300899863243103e-02,4.333748482167720795e-03,1.008347142487764359e-02
5.295310169458389282e-02,8.893420100212097168e-01,3.204655274748802185e-02,1.870300248265266418e-02,2.045125467702746391e-03,4.910204093903303146e-03
1.409967988729476929e-01,7.425224184989929199e-01,5.478991568088531494e-02,3.632815927267074585e-02,5.950997117906808853e-03,1.941175758838653564e-02
1.926914751529693604e-01,6.779851913452148438e-01,3.960204124450683594e-02,3.509732708334922791e-02,7.954885251820087433e-03,4.666904732584953308e-02
2.074935883283615112e-01,6.425671577453613281e-01,7.499949634075164795e-02,3.988561406731605530e-02,9.044178761541843414e-03,2.601004950702190399e-02
2.440242767333984375e-01,6.087282896041870117e-01,7.849270850419998169e-02,2.455506287515163422e-02,1.170434616506099701e-02,3.249536082148551941e-02
1.375655233860015869e-01,6.872209906578063965e-01,1.334013640880584717e-01,1.988716982305049896e-02,1.037419401109218597e-02,1.155069004744291306e-02
1.419529765844345093e-01,6.588812470436096191e-01,1.517768204212188721e-01,1.654119230806827545e-02,2.184746786952018738e-02,9.000239893794059753e-03
1.655465960502624512e-01,6.821861863136291504e-01,8.399109542369842529e-02,8.637056685984134674e-03,4.049875587224960327e-02,1.914043165743350983e-02
2.341116815805435181e-01,5.771559476852416992e-01,6.829236447811126709e-02,2.119732834398746490e-02,4.055880010128021240e-02,5.868386104702949524e-02
3.019831478595733643e-01,5.621688365936279297e-01,3.765924647450447083e-02,1.482386421412229538e-02,3.308503329753875732e-02,5.027987062931060791e-02
3.701657056808471680e-01,4.696159660816192627e-01,2.723356522619724274e-02,1.567180268466472626e-02,3.702411800622940063e-02,8.028881996870040894e-02
4.077405333518981934e-01,4.080377817153930664e-01,5.926131829619407654e-02,5.011899769306182861e-02,1.713564619421958923e-02,5.770573765039443970e-02
2.676856517791748047e-01,5.479750037193298340e-01,7.544227689504623413e-02,6.181949377059936523e-02,9.481708519160747528e-03,3.759581968188285828e-02
3.664954602718353271e-01,3.722376227378845215e-01,7.282262295484542847e-02,1.127428263425827026e-01,1.049496419727802277e-02,6.520652770996093750e-02
1.960320025682449341e-01,5.045233964920043945e-01,1.307131499052047729e-01,1.270143687725067139e-01,8.386175148189067841e-03,3.333090245723724365e-02
1.554517596960067749e-01,6.261324882507324219e-01,1.044581532478332520e-01,6.743250787258148193e-02,6.897619459778070450e-03,3.962747380137443542e-02
1.890227496623992920e-01,6.409576535224914551e-01,5.738156288862228394e-02,2.636059932410717010e-02,2.097547426819801331e-02,6.530201435089111328e-02
2.263473123311996460e-01,6.212712526321411133e-01,5.812543258070945740e-02,2.690388634800910950e-02,1.680593937635421753e-02,5.054613575339317322e-02
1.812260895967483521e-01,6.663183569908142090e-01,5.793594568967819214e-02,2.208201959729194641e-02,3.011231124401092529e-02,4.232520237565040588e-02
2.422177791595458984e-01,5.077120065689086914e-01,4.590837284922599792e-02,2.296915277838706970e-02,4.803559184074401855e-02,1.331571489572525024e-01
3.167683780193328857e-01,4.332159757614135742e-01,4.028471931815147400e-02,2.631521597504615784e-02,5.378038808703422546e-02,1.296352744102478027e-01
2.890472412109375000e-01,4.777106642723083496e-01,5.034459382295608521e-02,3.194345161318778992e-02,5.224037915468215942e-02,9.871359169483184814e-02
3.682953119277954102e-01,3.693659901618957520e-01,6.072075664997100830e-02,4.293686896562576294e-02,5.264314636588096619e-02,1.060379371047019958e-01
3.575572669506072998e-01,4.650059044361114502e-01,6.078889966011047363e-02,2.326972037553787231e-02,5.876486003398895264e-02,3.461328893899917603e-02
5.419185161590576172e-01,2.291929274797439575e-01,3.840417414903640747e-02,4.206144809722900391e-02,2.048549987375736237e-02,1.279373317956924438e-01
5.372655987739562988e-01,1.162613779306411743e-01,1.719322614371776581e-02,2.550100907683372498e-02,1.551981922239065170e-02,2.882588505744934082e-01
5.060380101203918457e-01,1.510824114084243774e-01,1.695002801716327667e-02,1.704227179288864136e-02,1.545797102153301239e-02,2.934293448925018311e-01
4.435203969478607178e-01,9.091483801603317261e-02,1.040217652916908264e-02,1.619668863713741302e-02,7.441649213433265686e-03,4.315243363380432129e-01
2.945519387722015381e-01,4.037160873413085938e-01,3.531705215573310852e-02,2.176012285053730011e-02,2.543839998543262482e-02,2.192165255546569824e-01
2.068315595388412476e-01,6.401575803756713867e-01,4.486779868602752686e-02,2.116666175425052643e-02,1.966589130461215973e-02,6.731061637401580811e-02
2.816032171249389648e-01,5.773260593414306641e-01,4.050310328602790833e-02,2.289442345499992371e-02,1.608593389391899109e-02,6.158731505274772644e-02
1.583146452903747559e-01,6.906284093856811523e-01,4.381014034152030945e-02,2.265571989119052887e-02,1.730525307357311249e-02,6.728585064411163330e-02
1.312584877014160156e-01,7.327215075492858887e-01,2.722718939185142517e-02,2.976470068097114563e-02,7.462306413799524307e-03,7.156585901975631714e-02
2.107325643301010132e-01,6.363291144371032715e-01,4.200549051165580750e-02,4.033929482102394104e-02,7.548153400421142578e-03,6.304541230201721191e-02
2.155547440052032471e-01,6.457677483558654785e-01,4.513419419527053833e-02,4.636235162615776062e-02,1.142530422657728195e-02,3.575571998953819275e-02
2.611585855484008789e-01,6.155371665954589844e-01,3.265700489282608032e-02,3.702006861567497253e-02,1.324453763663768768e-02,4.038257151842117310e-02
3.722388744354248047e-01,4.548954069614410400e-01,2.470929548144340515e-02,5.534643307328224182e-02,6.173621863126754761e-03,8.663630485534667969e-02
3.572960793972015381e-01,3.694158494472503662e-01,2.564673498272895813e-02,4.165958985686302185e-02,1.317872479557991028e-02,1.928029954433441162e-01
3.378568589687347412e-01,3.860932886600494385e-01,2.902586758136749268e-02,2.952720783650875092e-02,2.196483500301837921e-02,1.955319494009017944e-01
3.456909954547882080e-01,4.402987062931060791e-01,3.121263906359672546e-02,3.549638390541076660e-02,8.697068318724632263e-03,1.386042237281799316e-01
3.718839585781097412e-01,4.137019217014312744e-01,5.364472419023513794e-02,5.116960033774375916e-02,1.465507317334413528e-02,9.494476765394210815e-02
3.660326898097991943e-01,4.638946652412414551e-01,4.183731973171234131e-02,1.778985746204853058e-02,3.456684201955795288e-02,7.587870210409164429e-02
3.938541412353515625e-01,3.990354835987091064e-01,4.175832122564315796e-02,2.724992670118808746e-02,2.288826182484626770e-02,1.152138262987136841e-01
2.624026834964752197e-01,5.136443972587585449e-01,3.899510949850082397e-02,1.743858493864536285e-02,4.106327518820762634e-02,1.264559477567672729e-01
2.659425139427185059e-01,4.467811882495880127e-01,3.159840777516365051e-02,1.138944830745458603e-02,6.104212999343872070e-02,1.832462549209594727e-01
2.209791392087936401e-01,5.105187892913818359e-01,2.031752280890941620e-02,1.352711673825979233e-02,2.717512100934982300e-02,2.074823230504989624e-01
2.549141049385070801e-01,2.980578839778900146e-01,1.671439781785011292e-02,1.308974158018827438e-02,3.448582068085670471e-02,3.827379941940307617e-01
2.086818963289260864e-01,3.232006728649139404e-01,1.297998242080211639e-02,1.466679666191339493e-02,2.807007730007171631e-02,4.124006330966949463e-01
2.007753252983093262e-01,4.848915338516235352e-01,2.368098683655261993e-02,1.655457727611064911e-02,3.488359600305557251e-02,2.392140179872512817e-01
1.364967823028564453e-01,7.304938435554504395e-01,3.114967606961727142e-02,1.464469823986291885e-02,2.943445369601249695e-02,5.778052285313606262e-02
1.076616272330284119e-01,7.907953262329101562e-01,3.201965987682342529e-02,1.099415589123964310e-02,2.419065125286579132e-02,3.433860465884208679e-02
1.150282397866249084e-01,7.718765139579772949e-01,2.950395271182060242e-02,9.567945264279842377e-03,2.969079464673995972e-02,4.433261230587959290e-02
2.145351767539978027e-01,5.968157052993774414e-01,2.559338696300983429e-02,1.182977389544248581e-02,2.989187464118003845e-02,1.213341057300567627e-01
1.958637088537216187e-01,5.911867618560791016e-01,2.668021060526371002e-02,1.423606649041175842e-02,3.526076301932334900e-02,1.367725282907485962e-01
3.650755882263183594e-01,2.882315516471862793e-01,1.752355135977268219e-02,1.466772146522998810e-02,2.462779544293880463e-02,2.898738682270050049e-01
3.212156891822814941e-01,1.476878225803375244e-01,1.107445545494556427e-02,1.443211827427148819e-02,2.064214460551738739e-02,4.849477708339691162e-01
2.886681258678436279e-01,2.346385568380355835e-01,1.818874105811119080e-02,2.639609947800636292e-02,2.449899353086948395e-02,4.076094329357147217e-01
2.922435402870178223e-01,2.504687309265136719e-01,2.331842854619026184e-02,3.773348778486251831e-02,2.332758717238903046e-02,3.729082942008972168e-01
1.972461938858032227e-01,5.364186167716979980e-01,3.879858180880546570e-02,3.259113058447837830e-02,4.534395039081573486e-02,1.496015042066574097e-01
1.199880391359329224e-01,7.159540057182312012e-01,4.295279458165168762e-02,3.178205341100692749e-02,3.149895742535591125e-02,5.782427638769149780e-02
1.291539818048477173e-01,7.274072170257568359e-01,3.365875035524368286e-02,2.847766131162643433e-02,2.597885765135288239e-02,5.532348528504371643e-02
9.673785418272018433e-02,8.011899590492248535e-01,5.152465775609016418e-02,2.197566069662570953e-02,1.459295768290758133e-02,1.397895067930221558e-02
1.369482129812240601e-01,7.518313527107238770e-01,4.741715639829635620e-02,3.007845766842365265e-02,1.047467626631259918e-02,2.325010299682617188e-02
1.135096922516822815e-01,7.707347273826599121e-01,7.220802456140518188e-02,2.583137713372707367e-02,9.596587158739566803e-03,8.119685575366020203e-03
9.745186567306518555e-02,8.336839675903320312e-01,4.359632730484008789e-02,9.440756402909755707e-03,1.035189069807529449e-02,5.475183948874473572e-03
1.589289009571075439e-01,7.535825967788696289e-01,3.677149862051010132e-02,1.470292918384075165e-02,9.499069303274154663e-03,2.651498466730117798e-02
2.638518810272216797e-01,5.906131863594055176e-01,2.337221615016460419e-02,2.012758329510688782e-02,9.541644714772701263e-03,9.249345958232879639e-02
2.860730886459350586e-01,3.074583411216735840e-01,1.312855165451765060e-02,1.473446283489465714e-02,1.349262334406375885e-02,3.651129901409149170e-01
2.618803083896636963e-01,1.501589566469192505e-01,7.306341081857681274e-03,9.544745087623596191e-03,1.353264227509498596e-02,5.575769543647766113e-01
3.109844326972961426e-01,2.848762273788452148e-01,1.857381314039230347e-02,9.796727448701858521e-03,6.338566541671752930e-02,3.123831450939178467e-01
2.819375097751617432e-01,3.776541352272033691e-01,2.444987185299396515e-02,8.788823150098323822e-03,9.713652729988098145e-02,2.100330293178558350e-01
1.926923692226409912e-01,6.737248897552490234e-01,3.710425272583961487e-02,1.223045121878385544e-02,3.817294538021087646e-02,4.607510939240455627e-02
1.490792781114578247e-01,7.396748661994934082e-01,3.898822516202926636e-02,1.946660503745079041e-02,2.033854648470878601e-02,3.245255723595619202e-02
1.310191601514816284e-01,7.444078922271728516e-01,4.122432321310043335e-02,2.861758880317211151e-02,1.180146634578704834e-02,4.292953759431838989e-02
8.776909857988357544e-02,8.390119671821594238e-01,2.760644815862178802e-02,2.353912778198719025e-02,4.681312944740056992e-03,1.739188656210899353e-02
1.060034409165382385e-01,8.001481294631958008e-01,3.984361141920089722e-02,2.706278860569000244e-02,6.550731137394905090e-03,2.039128728210926056e-02
1.979802995920181274e-01,6.301452517509460449e-01,4.509292915463447571e-02,8.963342756032943726e-02,4.553306847810745239e-03,3.259476646780967712e-02
2.552108168601989746e-01,5.863385796546936035e-01,4.237055033445358276e-02,5.900891870260238647e-02,6.262212526053190231e-03,5.080896243453025818e-02
2.205563932657241821e-01,6.428703665733337402e-01,3.969870135188102722e-02,5.471860244870185852e-02,5.096295848488807678e-03,3.705962374806404114e-02
3.893964290618896484e-01,4.102333486080169678e-01,2.404585108160972595e-02,6.338924914598464966e-02,4.329829011112451553e-03,1.086052954196929932e-01
6.493525505065917969e-01,1.592286080121994019e-01,1.073323655873537064e-02,2.775035612285137177e-02,3.422617446631193161e-03,1.495126485824584961e-01
6.462621092796325684e-01,1.315866559743881226e-01,8.909290656447410583e-03,2.667384408414363861e-02,2.616982208564877510e-03,1.839511543512344360e-01
6.245244145393371582e-01,1.054745912551879883e-01,5.676812026649713516e-03,1.772114261984825134e-02,3.419328480958938599e-03,2.431838214397430420e-01
5.682781934738159180e-01,1.122137010097503662e-01,8.941242471337318420e-03,2.409028634428977966e-02,3.948039840906858444e-03,2.825285196304321289e-01
4.578886032104492188e-01,3.039909005165100098e-01,3.626227006316184998e-02,6.060394272208213806e-02,1.308129820972681046e-02,1.281730085611343384e-01
2.880810797214508057e-01,4.466814100742340088e-01,5.794674903154373169e-02,2.768582478165626526e-02,4.056781157851219177e-02,1.390371471643447876e-01
2.275851070880889893e-01,5.711614489555358887e-01,6.241942569613456726e-02,4.820807650685310364e-02,2.949396707117557526e-02,6.113193556666374207e-02
1.950935423374176025e-01,6.078270077705383301e-01,3.605285659432411194e-02,1.761040464043617249e-02,5.135571211576461792e-02,9.206047654151916504e-02
2.082235813140869141e-01,5.373975038528442383e-01,3.913814947009086609e-02,2.320327982306480408e-02,4.122725874185562134e-02,1.508102416992187500e-01
1.834834367036819458e-01,5.600650906562805176e-01,3.147342801094055176e-02,1.203630492091178894e-02,6.661975383758544922e-02,1.463220417499542236e-01
2.018069624900817871e-01,5.508003234863281250e-01,3.220136463642120361e-02,1.180299557745456696e-02,9.468323737382888794e-02,1.087051033973693848e-01
2.466085255146026611e-01,4.259758889675140381e-01,2.303455583751201630e-02,1.125807128846645355e-02,7.500194758176803589e-02,2.181208878755569458e-01
3.783015310764312744e-01,2.590284347534179688e-01,1.739586330950260162e-02,8.761131204664707184e-03,8.835439383983612061e-02,2.481586337089538574e-01
3.228790760040283203e-01,3.686983585357666016e-01,2.066402323544025421e-02,1.613088324666023254e-02,3.021077997982501984e-02,2.414168864488601685e-01
3.754958808422088623e-01,3.133028447628021240e-01,1.467507332563400269e-02,1.077322382479906082e-02,3.986385092139244080e-02,2.458892315626144409e-01
3.271398842334747314e-01,3.437751233577728271e-01,1.450248062610626221e-02,1.579394564032554626e-02,2.674044296145439148e-02,2.720481753349304199e-01
1.862870156764984131e-01,5.008661746978759766e-01,1.354695670306682587e-02,2.317582257091999054e-02,1.681048795580863953e-02,2.593135833740234375e-01
1.687273830175399780e-01,5.964745283126831055e-01,2.070071175694465637e-02,4.614853113889694214e-02,1.078583672642707825e-02,1.571629494428634644e-01
1.553166359663009644e-01,6.851744651794433594e-01,2.341726981103420258e-02,2.554575726389884949e-02,1.290546357631683350e-02,9.764041006565093994e-02
1.728390753269195557e-01,5.212247371673583984e-01,1.685590110719203949e-02,1.749361678957939148e-02,2.089748904109001160e-02,2.506891489028930664e-01
1.817796975374221802e-01,6.352728605270385742e-01,2.347141690552234650e-02,1.451746374368667603e-02,2.921067923307418823e-02,1.157479360699653625e-01
2.876822650432586670e-01,5.023313760757446289e-01,2.478125691413879395e-02,1.249837130308151245e-02,5.028571933507919312e-02,1.224209591746330261e-01
2.906343042850494385e-01,2.929721772670745850e-01,1.181880943477153778e-02,1.072147954255342484e-02,3.964516147971153259e-02,3.542080819606781006e-01
3.539850711822509766e-01,2.673289477825164795e-01,1.530102360993623734e-02,1.298441737890243530e-02,2.947923168540000916e-02,3.209212720394134521e-01
4.171783030033111572e-01,2.132076174020767212e-01,1.688937656581401825e-02,1.290493365377187729e-02,2.134898677468299866e-02,3.184707760810852051e-01
4.567053318023681641e-01,8.997872471809387207e-02,1.185457780957221985e-02,1.625783741474151611e-02,1.673685014247894287e-02,4.084666371345520020e-01
5.215625762939453125e-01,1.543148308992385864e-01,2.419249154627323151e-02,1.918765343725681305e-02,3.232042491436004639e-02,2.484219670295715332e-01
4.835963845252990723e-01,1.552353203296661377e-01,2.213219180703163147e-02,1.150810346007347107e-02,7.368725538253784180e-02,2.538407742977142334e-01
6.043072938919067383e-01,9.599661082029342651e-02,1.221005246043205261e-02,1.052356697618961334e-02,3.422811254858970642e-02,2.427343726158142090e-01
6.273453235626220703e-01,1.036070883274078369e-01,9.972284547984600067e-03,3.771290415897965431e-03,4.852291941642761230e-02,2.067811489105224609e-01
6.775448322296142578e-01,5.881302803754806519e-02,1.053404714912176132e-02,9.977106936275959015e-03,1.276451721787452698e-02,2.303664535284042358e-01
5.565001964569091797e-01,4.304063320159912109e-02,8.233124390244483948e-03,9.245661087334156036e-03,1.453056186437606812e-02,3.684498071670532227e-01
4.612451791763305664e-01,8.137356489896774292e-02,1.334074977785348892e-02,1.215623598545789719e-02,4.409405589103698730e-02,3.877901732921600342e-01
3.068704009056091309e-01,7.188876718282699585e-02,1.073156949132680893e-02,1.105458568781614304e-02,4.698783531785011292e-02,5.524668693542480469e-01
3.836304545402526855e-01,2.817929089069366455e-01,6.073677912354469299e-02,1.708101294934749603e-02,8.421704918146133423e-02,1.725417822599411011e-01
3.909985423088073730e-01,3.287026584148406982e-01,4.690018296241760254e-02,1.586565002799034119e-02,3.759195655584335327e-02,1.799410581588745117e-01
4.153566956520080566e-01,3.385133147239685059e-01,4.297969117760658264e-02,1.261540316045284271e-02,3.830010071396827698e-02,1.522347629070281982e-01
4.097297191619873047e-01,4.213068187236785889e-01,5.076899752020835876e-02,1.004212535917758942e-02,3.520059585571289062e-02,7.295169681310653687e-02
4.388186931610107422e-01,3.549748361110687256e-01,2.957079932093620300e-02,1.111705414950847626e-02,2.091552503407001495e-02,1.446031033992767334e-01
4.538317918777465820e-01,2.782607078552246094e-01,3.381911665201187134e-02,1.023598574101924896e-02,6.873481720685958862e-02,1.551174968481063843e-01
4.554765522480010986e-01,1.763617247343063354e-01,2.763137780129909515e-02,9.603723883628845215e-03,7.415288686752319336e-02,2.567737400531768799e-01
4.693270921707153320e-01,1.863939762115478516e-01,3.860128298401832581e-02,3.233888000249862671e-02,3.807783126831054688e-02,2.352609634399414062e-01
3.437263965606689453e-01,1.936235576868057251e-01,1.937576383352279663e-02,1.606025546789169312e-02,4.365682974457740784e-02,3.835571408271789551e-01
2.855966687202453613e-01,3.337081372737884521e-01,3.183848410844802856e-02,3.624885901808738708e-02,4.087551683187484741e-02,2.717323601245880127e-01
2.468593716621398926e-01,4.902631342411041260e-01,2.765293791890144348e-02,4.850553348660469055e-02,2.273872680962085724e-02,1.639803797006607056e-01
3.334244191646575928e-01,4.866595566272735596e-01,2.779043093323707581e-02,3.510842472314834595e-02,1.913329958915710449e-02,9.788385778665542603e-02
5.075005292892456055e-01,2.983911931514739990e-01,2.193988487124443054e-02,3.322841599583625793e-02,1.332199294120073318e-02,1.256178915500640869e-01
4.777875542640686035e-01,1.351373642683029175e-01,1.005150005221366882e-02,2.026363275945186615e-02,8.438680320978164673e-03,3.483211696147918701e-01
4.327640235424041748e-01,8.143625408411026001e-02,6.316901184618473053e-03,1.656761206686496735e-02,8.052585646510124207e-03,4.548626542091369629e-01
3.414942622184753418e-01,8.886181563138961792e-02,5.950683262199163437e-03,9.526101872324943542e-03,1.350542344152927399e-02,5.406617522239685059e-01
2.803123593330383301e-01,1.171970069408416748e-01,6.157392170280218124e-03,7.752167060971260071e-03,2.555224671959877014e-02,5.630288124084472656e-01
3.721452653408050537e-01,1.822775900363922119e-01,1.151121500879526138e-02,8.098529651761054993e-03,4.412837326526641846e-02,3.818390667438507080e-01
3.035927116870880127e-01,1.731839478015899658e-01,1.526053342968225479e-02,4.693779628723859787e-03,1.610379219055175781e-01,3.422310650348663330e-01
3.373472988605499268e-01,2.436392456293106079e-01,1.677309535443782806e-02,7.453015539795160294e-03,8.507528901100158691e-02,3.097120225429534912e-01
3.918156027793884277e-01,1.823546886444091797e-01,1.720965839922428131e-02,7.559987716376781464e-03,9.219909459352493286e-02,3.088609874248504639e-01
3.053272068500518799e-01,1.965964138507843018e-01,1.246681716293096542e-02,8.192793466150760651e-03,6.969689577817916870e-02,4.077198207378387451e-01
3.156032860279083252e-01,2.672192454338073730e-01,1.642190478742122650e-02,1.043004263192415237e-02,5.891311168670654297e-02,3.314124941825866699e-01
3.317207098007202148e-01,1.989177018404006958e-01,1.347524859011173248e-02,7.025373633950948715e-03,1.256190389394760132e-01,3.232419192790985107e-01
3.160125613212585449e-01,2.863437235355377197e-01,1.496905647218227386e-02,6.447227671742439270e-03,9.146502614021301270e-02,2.847623825073242188e-01
4.134594798088073730e-01,1.643469035625457764e-01,1.393276173621416092e-02,5.670604761689901352e-03,9.854032099246978760e-02,3.040499389171600342e-01
4.179967641830444336e-01,2.139059752225875854e-01,1.927872560918331146e-02,9.765159338712692261e-03,8.483668416738510132e-02,2.542167305946350098e-01
3.657957911491394043e-01,3.526443541049957275e-01,2.305896952748298645e-02,1.145227812230587006e-02,4.473909363150596619e-02,2.023095637559890747e-01
2.995920777320861816e-01,2.704085111618041992e-01,1.905163377523422241e-02,1.390090957283973694e-02,3.329182416200637817e-02,3.637551069259643555e-01
2.417678982019424438e-01,3.686654567718505859e-01,2.159527689218521118e-02,1.772507652640342712e-02,3.208199515938758850e-02,3.181642591953277588e-01
3.434140384197235107e-01,3.401399850845336914e-01,2.178280800580978394e-02,2.546626329421997070e-02,2.635339833796024323e-02,2.428435981273651123e-01
3.773998916149139404e-01,3.557364642620086670e-01,2.494671568274497986e-02,2.172339335083961487e-02,3.688219934701919556e-02,1.833113580942153931e-01
4.285714328289031982e-01,2.127838432788848877e-01,2.646788209676742554e-02,3.493497520685195923e-02,3.222481161355972290e-02,2.650170326232910156e-01
4.150742888450622559e-01,3.328136801719665527e-01,3.927525877952575684e-02,2.578775398433208466e-02,7.653079181909561157e-02,1.105182617902755737e-01
2.722946703433990479e-01,4.616938531398773193e-01,4.065231233835220337e-02,1.111981458961963654e-02,1.165772005915641785e-01,9.766222536563873291e-02
2.188826501369476318e-01,5.197566747665405273e-01,4.366294294595718384e-02,1.714608632028102875e-02,7.557288557291030884e-02,1.249787360429763794e-01
1.893435120582580566e-01,5.896489024162292480e-01,4.097443073987960815e-02,1.566987670958042145e-02,4.257726669311523438e-02,1.217859908938407898e-01
2.895773053169250488e-01,3.839271366596221924e-01,2.283433638513088226e-02,1.913568191230297089e-02,1.559988223016262054e-02,2.689256370067596436e-01
2.301241308450698853e-01,1.024674847722053528e-01,6.313033401966094971e-03,1.064839493483304977e-02,8.126030676066875458e-03,6.423209905624389648e-01
2.364001870155334473e-01,1.864641457796096802e-01,1.030171010643243790e-02,1.916656084358692169e-02,9.914577007293701172e-03,5.377528071403503418e-01
3.284988105297088623e-01,2.190976887941360474e-01,1.411106809973716736e-02,2.239514328539371490e-02,1.125356182456016541e-02,4.046437442302703857e-01
2.809480130672454834e-01,4.391639828681945801e-01,3.092840686440467834e-02,2.666449174284934998e-02,3.546553105115890503e-02,1.868296116590499878e-01
2.130009829998016357e-01,6.117036342620849609e-01,3.403655067086219788e-02,1.973621733486652374e-02,4.459686204791069031e-02,7.692579180002212524e-02
2.252862900495529175e-01,5.723440647125244141e-01,3.214935958385467529e-02,9.827890433371067047e-03,9.955824166536331177e-02,6.083411723375320435e-02
1.923530101776123047e-01,5.988224744796752930e-01,3.528089448809623718e-02,9.264197200536727905e-03,1.226512864232063293e-01,4.162816330790519714e-02
1.831019073724746704e-01,6.413540244102478027e-01,2.912676334381103516e-02,7.827882654964923859e-03,9.545922279357910156e-02,4.313024878501892090e-02
2.067901492118835449e-01,5.873494744300842285e-01,2.781533263623714447e-02,5.218377336859703064e-03,1.280340999364852905e-01,4.479256272315979004e-02
1.896750479936599731e-01,6.300226449966430664e-01,3.111583180725574493e-02,7.060003932565450668e-03,8.391317725181579590e-02,5.821327492594718933e-02
2.353300452232360840e-01,4.829826056957244873e-01,2.469634264707565308e-02,9.994307532906532288e-03,5.904753506183624268e-02,1.879491358995437622e-01
2.641699016094207764e-01,4.195301234722137451e-01,2.262421511113643646e-02,1.189594250172376633e-02,6.260981410741806030e-02,2.191699743270874023e-01
3.269732594490051270e-01,3.431055843830108643e-01,3.003491275012493134e-02,1.139443460851907730e-02,8.826335519552230835e-02,2.002284228801727295e-01
2.201149165630340576e-01,4.527081251144409180e-01,2.278899587690830231e-02,2.297875285148620605e-02,2.606774494051933289e-02,2.553414702415466309e-01
2.812981903553009033e-01,5.180104970932006836e-01,3.674092143774032593e-02,1.894751563668251038e-02,3.752543032169342041e-02,1.074773743748664856e-01
3.249267935752868652e-01,5.631059408187866211e-01,2.736681886017322540e-02,1.528375130146741867e-02,1.512626837939023972e-02,5.419039353728294373e-02
2.369291037321090698e-01,6.854213476181030273e-01,2.786615304648876190e-02,1.345008425414562225e-02,1.067848969250917435e-02,2.565487101674079895e-02
4.475424587726593018e-01,4.485586881637573242e-01,2.598824165761470795e-02,1.218121685087680817e-02,1.867110468447208405e-02,4.705838859081268311e-02
4.153396487236022949e-01,5.017817616462707520e-01,2.348931320011615753e-02,1.354374364018440247e-02,1.161987707018852234e-02,3.422563895583152771e-02
4.307802617549896240e-01,4.643771350383758545e-01,2.682895958423614502e-02,1.350476499646902084e-02,1.809287630021572113e-02,4.641599580645561218e-02
5.143439769744873047e-01,3.824304342269897461e-01,2.303646318614482880e-02,1.133752986788749695e-02,3.060549497604370117e-02,3.824611380696296692e-02
4.825302958488464355e-01,4.268179237842559814e-01,2.696484327316284180e-02,1.278066541999578476e-02,2.678643539547920227e-02,2.411966957151889801e-02
5.548453330993652344e-01,3.504755198955535889e-01,1.999257504940032959e-02,1.078064180910587311e-02,2.345827780663967133e-02,4.044760018587112427e-02
4.018141329288482666e-01,4.417504966259002686e-01,2.284759655594825745e-02,1.357314269989728928e-02,3.601597249507904053e-02,8.399856090545654297e-02
3.075231611728668213e-01,4.576704204082489014e-01,1.715698651969432831e-02,1.777443476021289825e-02,1.379326917231082916e-02,1.860817223787307739e-01
3.171629309654235840e-01,4.769711494445800781e-01,1.629354432225227356e-02,2.040830440819263458e-02,1.281114388257265091e-02,1.563529223203659058e-01
3.095324337482452393e-01,4.953859448432922363e-01,1.526910625398159027e-02,1.741852052509784698e-02,9.020851925015449524e-03,1.533731967210769653e-01
2.054710686206817627e-01,6.470808386802673340e-01,1.953959837555885315e-02,1.916186511516571045e-02,8.287551812827587128e-03,1.004590168595314026e-01
2.307520061731338501e-01,6.359255909919738770e-01,2.384265512228012085e-02,1.730749011039733887e-02,8.857466280460357666e-03,8.331479132175445557e-02
1.919573247432708740e-01,7.178935408592224121e-01,2.222459949553012848e-02,1.740268990397453308e-02,5.565022118389606476e-03,4.495695233345031738e-02
2.333396524190902710e-01,6.470852494239807129e-01,3.379597514867782593e-02,2.221036702394485474e-02,1.149673387408256531e-02,5.207210779190063477e-02
1.175556406378746033e-01,7.977017760276794434e-01,2.872600592672824860e-02,1.627987809479236603e-02,7.207074202597141266e-03,3.252961859107017517e-02
1.649618446826934814e-01,7.450644373893737793e-01,2.591567300260066986e-02,1.405582018196582794e-02,9.982631541788578033e-03,4.001973196864128113e-02
1.766063421964645386e-01,7.289388775825500488e-01,3.274474665522575378e-02,1.829875260591506958e-02,8.557186461985111237e-03,3.485401719808578491e-02
2.085688710212707520e-01,6.912140250205993652e-01,2.551055513322353363e-02,1.439604908227920532e-02,1.101506687700748444e-02,4.929554834961891174e-02
2.777017951011657715e-01,6.219109296798706055e-01,2.325701527297496796e-02,1.279143244028091431e-02,1.238812413066625595e-02,5.195074528455734253e-02
2.551722526550292969e-01,5.857073068618774414e-01,1.838380843400955200e-02,1.085275039076805115e-02,2.226600423455238342e-02,1.076179221272468567e-01
2.058814167976379395e-01,5.712488889694213867e-01,1.996876858174800873e-02,1.489118114113807678e-02,2.454559504985809326e-02,1.634642183780670166e-01
2.264115512371063232e-01,5.609384179115295410e-01,1.722822338342666626e-02,1.438607182353734970e-02,1.903702877461910248e-02,1.619986742734909058e-01
1.960986405611038208e-01,6.040328145027160645e-01,1.935141161084175110e-02,2.183436974883079529e-02,1.016658358275890350e-02,1.485161334276199341e-01
2.323447316884994507e-01,5.685215592384338379e-01,2.718736231327056885e-02,2.354580536484718323e-02,1.036809571087360382e-02,1.380324214696884155e-01
3.760709166526794434e-01,4.405294358730316162e-01,2.411576919257640839e-02,2.003804780542850494e-02,7.994732819497585297e-03,1.312510967254638672e-01
4.175756871700286865e-01,4.072697460651397705e-01,1.660273596644401550e-02,1.925229281187057495e-02,4.510774277150630951e-03,1.347886770963668823e-01
6.237504482269287109e-01,1.689759492874145508e-01,1.133479084819555283e-02,1.622043550014495850e-02,5.791613832116127014e-03,1.739268004894256592e-01
5.566179752349853516e-01,2.322626411914825439e-01,7.723078597337007523e-03,1.200424693524837494e-02,4.449522122740745544e-03,1.869425624608993530e-01
3.251973092555999756e-01,3.706281185150146484e-01,1.102292910218238831e-02,1.916672475636005402e-02,6.778897251933813095e-03,2.672060132026672363e-01
2.294990867376327515e-01,4.802398085594177246e-01,1.620685681700706482e-02,2.679910138249397278e-02,7.009719964116811752e-03,2.402455061674118042e-01
1.838726103305816650e-01,5.646548867225646973e-01,2.196705900132656097e-02,2.085819467902183533e-02,1.381566561758518219e-02,1.948316097259521484e-01
2.325482219457626343e-01,4.422160685062408447e-01,2.306048944592475891e-02,2.146558836102485657e-02,2.104111947119235992e-02,2.596685588359832764e-01
3.318811058998107910e-01,2.182834297418594360e-01,1.744075492024421692e-02,1.882392726838588715e-02,1.505621522665023804e-02,3.985145986080169678e-01
3.123482167720794678e-01,1.393531709909439087e-01,8.887576870620250702e-03,8.223425596952438354e-03,1.990522630512714386e-02,5.112823843955993652e-01
2.767361998558044434e-01,8.214570581912994385e-02,4.575483966618776321e-03,8.101569488644599915e-03,8.377742022275924683e-03,6.200633049011230469e-01
2.112150937318801880e-01,6.264473497867584229e-02,3.493823576718568802e-03,7.936067879199981689e-03,5.567147396504878998e-03,7.091431617736816406e-01
2.815236747264862061e-01,2.291116118431091309e-01,1.039517670869827271e-02,1.739609241485595703e-02,1.548657193779945374e-02,4.460869431495666504e-01
3.261321187019348145e-01,2.973479032516479492e-01,1.163890212774276733e-02,1.537257619202136993e-02,2.169216610491275787e-02,3.278163373470306396e-01
3.161600530147552490e-01,4.388097226619720459e-01,1.668478734791278839e-02,1.649985834956169128e-02,1.881433650851249695e-02,1.930312067270278931e-01
3.730416297912597656e-01,3.545984029769897461e-01,1.744364574551582336e-02,9.302452206611633301e-03,3.379030153155326843e-02,2.118236124515533447e-01
3.433915078639984131e-01,3.366525173187255859e-01,1.138597540557384491e-02,1.299191731959581375e-02,1.287952437996864319e-02,2.826985120773315430e-01
2.682338356971740723e-01,3.921849131584167480e-01,1.209894940257072449e-02,1.687893457710742950e-02,9.139462374150753021e-03,3.014638125896453857e-01
2.187979221343994141e-01,3.841716945171356201e-01,7.888806983828544617e-03,1.562165934592485428e-02,4.344343673437833786e-03,3.691755533218383789e-01
2.469348758459091187e-01,3.567636609077453613e-01,8.820684626698493958e-03,2.658369392156600952e-02,4.200122784823179245e-03,3.566970229148864746e-01
2.215607017278671265e-01,4.967439174652099609e-01,1.302130054682493210e-02,2.856661565601825714e-02,5.814912263303995132e-03,2.342924624681472778e-01
3.117071092128753662e-01,3.379961848258972168e-01,1.173796504735946655e-02,2.933545783162117004e-02,6.241373252123594284e-03,3.029819726943969727e-01
4.421343505382537842e-01,2.020740360021591187e-01,1.265742257237434387e-02,2.085699699819087982e-02,9.637509472668170929e-03,3.126396536827087402e-01
4.140030741691589355e-01,2.376971542835235596e-01,1.639244332909584045e-02,1.617274247109889984e-02,2.086250483989715576e-02,2.948721051216125488e-01
3.453259766101837158e-01,1.785471588373184204e-01,1.842281781136989594e-02,1.421490125358104706e-02,7.619956880807876587e-02,3.672895431518554688e-01
3.402927219867706299e-01,1.237945854663848877e-01,1.550911366939544678e-02,8.816937915980815887e-03,1.660095602273941040e-01,3.455770611763000488e-01
2.899357378482818604e-01,1.607057005167007446e-01,1.847964897751808167e-02,1.263907738029956818e-02,9.886962175369262695e-02,4.193702340126037598e-01
2.619757056236267090e-01,1.609439402818679810e-01,1.448952313512563705e-02,1.177835930138826370e-02,8.119563758373260498e-02,4.696168601512908936e-01
3.416711091995239258e-01,1.550346612930297852e-01,1.509195379912853241e-02,1.134206820279359818e-02,4.901767894625663757e-02,4.278425574302673340e-01
3.067805767059326172e-01,2.214430719614028931e-01,1.738934218883514404e-02,1.603252813220024109e-02,3.210413083434104919e-02,4.062503278255462646e-01
2.747855782508850098e-01,3.134186565876007080e-01,1.904241740703582764e-02,1.378575991839170456e-02,7.346299290657043457e-02,3.055045008659362793e-01
2.683432102203369141e-01,4.130126833915710449e-01,2.484549209475517273e-02,3.001957945525646210e-02,5.046499520540237427e-02,2.133141010999679565e-01
2.657661139965057373e-01,4.985226094722747803e-01,3.577449545264244080e-02,2.021982893347740173e-02,6.750983744859695435e-02,1.122070327401161194e-01
2.586110234260559082e-01,5.819561481475830078e-01,3.834490105509757996e-02,2.559537626802921295e-02,3.500159829854965210e-02,6.049085780978202820e-02
2.023495584726333618e-01,6.692817211151123047e-01,2.961042337119579315e-02,1.833252981305122375e-02,2.160764858126640320e-02,5.881809443235397339e-02
2.029771953821182251e-01,6.962327957153320312e-01,2.275809831917285919e-02,1.287048496305942535e-02,1.364644337445497513e-02,5.151506513357162476e-02
3.258632421493530273e-01,5.108357071876525879e-01,1.881533302366733551e-02,1.443638373166322708e-02,1.560333929955959320e-02,1.144459620118141174e-01
2.432463765144348145e-01,6.334886550903320312e-01,2.111454494297504425e-02,1.015901472419500351e-02,2.314137481153011322e-02,6.885007023811340332e-02
3.014171719551086426e-01,4.840920865535736084e-01,1.745684817433357239e-02,9.016975760459899902e-03,2.694324217736721039e-02,1.610736995935440063e-01
3.139074742794036865e-01,4.892752170562744141e-01,2.616563439369201660e-02,8.571113459765911102e-03,4.726386070251464844e-02,1.148167029023170471e-01
2.607102096080780029e-01,5.572232604026794434e-01,2.742667868733406067e-02,9.196765720844268799e-03,5.861033499240875244e-02,8.683267235755920410e-02
2.864298224449157715e-01,4.391406476497650146e-01,1.784378290176391602e-02,8.066499605774879456e-03,3.508116677403450012e-02,2.134380489587783813e-01
3.447255790233612061e-01,4.212528169155120850e-01,2.539503201842308044e-02,1.133807841688394547e-02,4.089038074016571045e-02,1.563980877399444580e-01
3.470544815063476562e-01,2.435476928949356079e-01,1.240163389593362808e-02,1.178690139204263687e-02,2.549958229064941406e-02,3.597097992897033691e-01
3.364549577236175537e-01,1.855274587869644165e-01,8.421265520155429840e-03,2.148819714784622192e-02,7.501502055674791336e-03,4.406065642833709717e-01
3.160353899002075195e-01,2.577722966670989990e-01,1.120156049728393555e-02,2.883704379200935364e-02,2.113946340978145599e-02,3.650142848491668701e-01
3.137911856174468994e-01,3.178966045379638672e-01,1.445478014647960663e-02,3.816808760166168213e-02,1.333649735897779465e-02,3.023528456687927246e-01
2.976314723491668701e-01,3.783904016017913818e-01,3.358662128448486328e-02,4.616978019475936890e-02,3.193817287683486938e-02,2.122835516929626465e-01
2.298985719680786133e-01,4.731048047542572021e-01,4.820761829614639282e-02,3.461998701095581055e-02,4.739750549197196960e-02,1.667715460062026978e-01
2.309481352567672729e-01,4.443968832492828369e-01,6.090517714619636536e-02,3.449299186468124390e-02,5.388230085372924805e-02,1.753745526075363159e-01
2.370886206626892090e-01,4.197368025779724121e-01,6.941588968038558960e-02,4.983233287930488586e-02,3.376669809222221375e-02,1.901597082614898682e-01
1.866961717605590820e-01,5.616466403007507324e-01,8.060911297798156738e-02,3.198370337486267090e-02,2.858856134116649628e-02,1.104757562279701233e-01
1.993999332189559937e-01,4.663219749927520752e-01,5.128492414951324463e-02,2.037095092236995697e-02,5.054505169391632080e-02,2.120772898197174072e-01
2.217136025428771973e-01,4.724748730659484863e-01,5.006401613354682922e-02,2.206642925739288330e-02,4.404014348983764648e-02,1.896409690380096436e-01
1.892621070146560669e-01,5.489637255668640137e-01,4.741430655121803284e-02,1.583904586732387543e-02,6.000206619501113892e-02,1.385186612606048584e-01
2.241526395082473755e-01,4.392564594745635986e-01,3.405756875872612000e-02,1.462970953434705734e-02,8.646093308925628662e-02,2.014427483081817627e-01
2.282385975122451782e-01,5.361841917037963867e-01,2.858837507665157318e-02,1.546852104365825653e-02,4.316125437617301941e-02,1.483590751886367798e-01
2.558746635913848877e-01,4.090989828109741211e-01,1.819962821900844574e-02,1.355686690658330917e-02,3.254465013742446899e-02,2.707251906394958496e-01
2.756769657135009766e-01,2.490004152059555054e-01,1.215339824557304382e-02,1.541383564472198486e-02,1.460578851401805878e-02,4.331495463848114014e-01
3.140808045864105225e-01,2.915208339691162109e-01,1.273013651371002197e-02,1.044936385005712509e-02,1.699104346334934235e-02,3.542278110980987549e-01
3.570118844509124756e-01,2.884108126163482666e-01,1.650768332183361053e-02,1.503106113523244858e-02,2.548906207084655762e-02,2.975495159626007080e-01
4.485066235065460205e-01,2.822146415710449219e-01,1.509270910173654556e-02,8.812015876173973083e-03,3.528719767928123474e-02,2.100867927074432373e-01
4.246639609336853027e-01,1.979553848505020142e-01,1.754571869969367981e-02,1.291802152991294861e-02,6.001661345362663269e-02,2.869002521038055420e-01
4.325167536735534668e-01,1.394518017768859863e-01,1.342428848147392273e-02,1.190687343478202820e-02,3.731329366564750671e-02,3.653869926929473877e-01
3.499548137187957764e-01,1.763184219598770142e-01,1.825519464910030365e-02,1.275796070694923401e-02,3.835465013980865479e-02,4.043588936328887939e-01
3.844031393527984619e-01,1.500739902257919312e-01,2.089605852961540222e-02,9.712524712085723877e-03,6.171977147459983826e-02,3.731945753097534180e-01
4.107939004898071289e-01,3.774591088294982910e-01,3.615259379148483276e-02,1.246459130197763443e-02,4.192444682121276855e-02,1.212053000926971436e-01
3.650012314319610596e-01,3.893608748912811279e-01,3.077675588428974152e-02,1.153912581503391266e-02,4.377044364809989929e-02,1.595515459775924683e-01
3.889241516590118408e-01,1.518774777650833130e-01,1.229795347899198532e-02,9.917145594954490662e-03,2.355134487152099609e-02,4.134318232536315918e-01
4.132937788963317871e-01,2.325019240379333496e-01,1.778279989957809448e-02,2.219713851809501648e-02,1.325220987200737000e-02,3.009721934795379639e-01
4.759757518768310547e-01,1.364253759384155273e-01,1.271980162709951401e-02,1.913348026573657990e-02,8.780409581959247589e-03,3.469652235507965088e-01
4.124627411365509033e-01,3.916797935962677002e-01,1.651222258806228638e-02,2.314303629100322723e-02,1.007054001092910767e-02,1.461316794157028198e-01
6.131809949874877930e-01,2.584988772869110107e-01,1.800816878676414490e-02,1.752876862883567810e-02,8.847743272781372070e-03,8.393548429012298584e-02
3.622074127197265625e-01,4.849982261657714844e-01,2.070548571646213531e-02,1.251525990664958954e-02,1.959158852696418762e-02,9.998211264610290527e-02
3.467360436916351318e-01,3.953446447849273682e-01,2.295055054128170013e-02,1.204011682420969009e-02,4.460222274065017700e-02,1.783263385295867920e-01
4.482949078083038330e-01,3.429188430309295654e-01,2.035880088806152344e-02,1.418864075094461441e-02,2.643465995788574219e-02,1.478041708469390869e-01
3.386551439762115479e-01,4.605441391468048096e-01,2.980109676718711853e-02,1.202354207634925842e-02,4.579225182533264160e-02,1.131837964057922363e-01
3.560240864753723145e-01,3.926870524883270264e-01,1.892969012260437012e-02,1.509589422494173050e-02,2.649107575416564941e-02,1.907722800970077515e-01
2.930527627468109131e-01,4.655306041240692139e-01,2.279950678348541260e-02,2.443665638566017151e-02,1.708923652768135071e-02,1.770913004875183105e-01
1.949623674154281616e-01,6.731956601142883301e-01,2.208127640187740326e-02,2.252744138240814209e-02,9.551409631967544556e-03,7.768176496028900146e-02
2.613376379013061523e-01,6.254370212554931641e-01,2.451780252158641815e-02,2.464902959764003754e-02,7.485629059374332428e-03,5.657294392585754395e-02
2.717787921428680420e-01,6.043419241905212402e-01,2.210381999611854553e-02,3.617897629737854004e-02,4.098735749721527100e-03,6.149766221642494202e-02
1.578226685523986816e-01,7.654053568840026855e-01,3.893924877047538757e-02,1.737593673169612885e-02,5.063649266958236694e-03,1.539313979446887970e-02
2.218333631753921509e-01,6.574220061302185059e-01,4.191538691520690918e-02,4.357658699154853821e-02,4.143482074141502380e-03,3.110920079052448273e-02
2.284756302833557129e-01,6.581917405128479004e-01,4.330095648765563965e-02,2.738605253398418427e-02,8.007347583770751953e-03,3.463828563690185547e-02
1.286931633949279785e-01,7.742871642112731934e-01,5.918825790286064148e-02,1.538037136197090149e-02,1.080023217946290970e-02,1.165073830634355545e-02
1.102225258946418762e-01,8.277918100357055664e-01,3.402357175946235657e-02,9.815563447773456573e-03,9.415983222424983978e-03,8.730533532798290253e-03
1.355361938476562500e-01,7.729494571685791016e-01,5.746802687644958496e-02,9.809752926230430603e-03,1.650076359510421753e-02,7.735739927738904953e-03
1.164506897330284119e-01,8.198941349983215332e-01,3.664050996303558350e-02,4.543820861726999283e-03,1.754396408796310425e-02,4.926966037601232529e-03
1.242449954152107239e-01,8.212439417839050293e-01,2.964723110198974609e-02,4.712549503892660141e-03,1.429843436926603317e-02,5.852872040122747421e-03
2.020218372344970703e-01,7.384656667709350586e-01,2.680099382996559143e-02,1.254569273442029953e-02,8.692961186170578003e-03,1.147286035120487213e-02
3.449882864952087402e-01,5.786153674125671387e-01,2.592811733484268188e-02,1.764056645333766937e-02,9.455130435526371002e-03,2.337258867919445038e-02
2.263873368501663208e-01,7.157340049743652344e-01,2.039315365254878998e-02,1.533577777445316315e-02,5.787070840597152710e-03,1.636269316077232361e-02
2.660740315914154053e-01,6.533784270286560059e-01,1.514831837266683578e-02,1.759448274970054626e-02,4.772572312504053116e-03,4.303222522139549255e-02
2.720695436000823975e-01,6.512961387634277344e-01,2.481999248266220093e-02,1.468828227370977402e-02,1.063552871346473694e-02,2.649058215320110321e-02
2.333100885152816772e-01,6.992737054824829102e-01,2.247412875294685364e-02,1.017378922551870346e-02,1.039598602801561356e-02,2.437230013310909271e-02
2.747644484043121338e-01,6.280249953269958496e-01,2.527199126780033112e-02,1.927785389125347137e-02,7.836078293621540070e-03,4.482471197843551636e-02
2.883792817592620850e-01,6.251938343048095703e-01,3.128783777356147766e-02,1.904126815497875214e-02,7.851673290133476257e-03,2.824607677757740021e-02
2.146822363138198853e-01,6.805548071861267090e-01,3.490473330020904541e-02,2.343006432056427002e-02,1.093469001352787018e-02,3.549347817897796631e-02
1.976411044597625732e-01,6.452689766883850098e-01,2.277988009154796600e-02,4.832427576184272766e-02,7.290976122021675110e-03,7.869490981101989746e-02
1.936197578907012939e-01,6.919460296630859375e-01,2.152186632156372070e-02,3.142151609063148499e-02,7.751415483653545380e-03,5.373938754200935364e-02
2.141380906105041504e-01,6.642861366271972656e-01,1.544892322272062302e-02,2.615162171423435211e-02,5.814123898744583130e-03,7.416108995676040649e-02
1.844450384378433228e-01,6.522229313850402832e-01,1.287494506686925888e-02,3.450198099017143250e-02,3.955916501581668854e-03,1.119991764426231384e-01
3.665218055248260498e-01,4.522411823272705078e-01,9.004290215671062469e-03,6.781947612762451172e-02,1.736963633447885513e-03,1.026763096451759338e-01
3.226647675037384033e-01,4.955210089683532715e-01,7.757978513836860657e-03,3.236350417137145996e-02,2.208090387284755707e-03,1.394846886396408081e-01
2.610998749732971191e-01,5.364373922348022461e-01,1.021994184702634811e-02,5.345271900296211243e-02,2.463476965203881264e-03,1.363266259431838989e-01
3.592697083950042725e-01,4.156739413738250732e-01,1.273907162249088287e-02,2.151805534958839417e-02,1.006875839084386826e-02,1.807304620742797852e-01
3.475947082042694092e-01,4.676543176174163818e-01,2.292793802917003632e-02,1.497330982238054276e-02,2.004173770546913147e-02,1.268079429864883423e-01
2.908371984958648682e-01,4.400818943977355957e-01,2.445321343839168549e-02,1.642149500548839569e-02,2.382571436464786530e-02,2.043805122375488281e-01
3.363274037837982178e-01,3.663936257362365723e-01,2.603698894381523132e-02,1.322557777166366577e-02,3.656336292624473572e-02,2.214529961347579956e-01
2.574573457241058350e-01,5.994946360588073730e-01,3.076774999499320984e-02,1.278599817305803299e-02,2.378072217106819153e-02,7.571352273225784302e-02
2.785996496677398682e-01,6.115854978561401367e-01,3.507802262902259827e-02,1.499075535684823990e-02,1.536048669368028641e-02,4.438561573624610901e-02
2.808282673358917236e-01,5.941928029060363770e-01,2.353130094707012177e-02,1.186031010001897812e-02,1.521565113216638565e-02,7.437161356210708618e-02
2.205239683389663696e-01,6.982743144035339355e-01,2.180813252925872803e-02,1.615567877888679504e-02,6.698425859212875366e-03,3.653949871659278870e-02
2.418809384107589722e-01,6.823710799217224121e-01,2.318056672811508179e-02,1.426691655069589615e-02,7.085541728883981705e-03,3.121501393616199493e-02
2.261135876178741455e-01,6.839026808738708496e-01,2.646949887275695801e-02,1.776034943759441376e-02,9.959188289940357208e-03,3.579474985599517822e-02
1.297613084316253662e-01,8.109838962554931641e-01,3.303091600537300110e-02,1.066694408655166626e-02,6.779025774449110031e-03,8.777917362749576569e-03
1.942374408245086670e-01,7.422873377799987793e-01,3.440417721867561340e-02,1.306526456028223038e-02,7.010049652308225632e-03,8.995748125016689301e-03
3.370556831359863281e-01,5.726138949394226074e-01,3.826767951250076294e-02,1.292525604367256165e-02,2.009231038391590118e-02,1.904522068798542023e-02
3.525555729866027832e-01,5.825271606445312500e-01,2.715264074504375458e-02,9.464135393500328064e-03,1.162130758166313171e-02,1.667916588485240936e-02
5.665979981422424316e-01,3.653670847415924072e-01,1.316420827060937881e-02,1.695527881383895874e-02,4.704304505139589310e-03,3.321110457181930542e-02
6.513200402259826660e-01,2.339116334915161133e-01,1.023350842297077179e-02,1.446053199470043182e-02,5.420801695436239243e-03,8.465348184108734131e-02
6.120861768722534180e-01,2.677435278892517090e-01,6.785437930375337601e-03,2.534715086221694946e-02,1.963602844625711441e-03,8.607414364814758301e-02
4.522795677185058594e-01,3.014059960842132568e-01,8.463763631880283356e-03,8.669093251228332520e-02,1.403096946887671947e-03,1.497566401958465576e-01
2.826512753963470459e-01,5.609266161918640137e-01,1.622109301388263702e-02,6.759981065988540649e-02,2.803614130243659019e-03,6.979762762784957886e-02
2.021947652101516724e-01,6.582131385803222656e-01,2.031802944839000702e-02,6.993072479963302612e-02,2.229714067652821541e-03,4.711367562413215637e-02
2.275689691305160522e-01,6.093438267707824707e-01,2.158913947641849518e-02,5.719554424285888672e-02,3.461561864241957664e-03,8.084090054035186768e-02
2.866272926330566406e-01,5.822937488555908203e-01,2.417771704494953156e-02,3.698553144931793213e-02,6.410838104784488678e-03,6.350482255220413208e-02
3.048652410507202148e-01,5.670956373214721680e-01,2.300463989377021790e-02,2.142388187348842621e-02,1.177421119064092636e-02,7.183635234832763672e-02
4.173196852207183838e-01,4.073143899440765381e-01,2.048429101705551147e-02,2.245349064469337463e-02,1.553542353212833405e-02,1.168926283717155457e-01
4.054013490676879883e-01,4.797643721103668213e-01,2.017361856997013092e-02,1.620111055672168732e-02,1.034981664270162582e-02,6.810972839593887329e-02
3.627904355525970459e-01,5.319349765777587891e-01,2.006731927394866943e-02,1.339342631399631500e-02,1.071342546492815018e-02,6.110042333602905273e-02
3.464712500572204590e-01,5.558869838714599609e-01,1.947289519011974335e-02,1.611214317381381989e-02,5.943350959569215775e-03,5.611338093876838684e-02
4.030538499355316162e-01,4.984430372714996338e-01,2.531265653669834137e-02,1.828569360077381134e-02,4.912763368338346481e-03,4.999198764562606812e-02
2.559549510478973389e-01,6.874353885650634766e-01,2.321022935211658478e-02,1.167124137282371521e-02,4.710596520453691483e-03,1.701761223375797272e-02
3.289940059185028076e-01,5.994126200675964355e-01,2.645298652350902557e-02,1.305062603205442429e-02,7.019230630248785019e-03,2.507056854665279388e-02
2.733958959579467773e-01,6.399685144424438477e-01,2.359769679605960846e-02,1.418766193091869354e-02,8.122672326862812042e-03,4.072748869657516479e-02
2.782916426658630371e-01,6.140099167823791504e-01,2.439514920115470886e-02,1.298793312162160873e-02,1.302970480173826218e-02,5.728568136692047119e-02
2.337620556354522705e-01,6.236639022827148438e-01,2.075688727200031281e-02,1.464439742267131805e-02,1.260471995919942856e-02,9.456803649663925171e-02
3.158169388771057129e-01,5.075320005416870117e-01,1.560343708842992783e-02,1.500476337969303131e-02,9.944220073521137238e-03,1.360987275838851929e-01
2.660939991474151611e-01,4.817246794700622559e-01,1.278386916965246201e-02,1.213462650775909424e-02,1.368356496095657349e-02,2.135792970657348633e-01
3.505822718143463135e-01,3.446008563041687012e-01,1.196745876222848892e-02,8.694865740835666656e-03,2.574898675084114075e-02,2.584055364131927490e-01
3.556033968925476074e-01,2.176239043474197388e-01,1.425913162529468536e-02,2.212756685912609100e-02,1.023775152862071991e-02,3.801481723785400391e-01
4.123698770999908447e-01,2.752220034599304199e-01,1.873860694468021393e-02,2.486159093677997589e-02,1.314768567681312561e-02,2.556602358818054199e-01
3.780863881111145020e-01,4.294151663780212402e-01,2.569156885147094727e-02,3.160805627703666687e-02,1.152817159891128540e-02,1.236706897616386414e-01
2.920416891574859619e-01,5.385595560073852539e-01,2.599473111331462860e-02,2.925521135330200195e-02,6.931708194315433502e-03,1.072171032428741455e-01
3.117682933807373047e-01,5.151540637016296387e-01,1.866583153605461121e-02,1.982969604432582855e-02,8.441586978733539581e-03,1.261404007673263550e-01
3.903844654560089111e-01,4.586936533451080322e-01,1.302684471011161804e-02,1.480423472821712494e-02,5.785047542303800583e-03,1.173058003187179565e-01
3.537182211875915527e-01,5.559416413307189941e-01,1.855028048157691956e-02,1.311976555734872818e-02,6.075520999729633331e-03,5.259465053677558899e-02
2.653008103370666504e-01,6.739955544471740723e-01,1.937619410455226898e-02,1.110831834375858307e-02,4.882286302745342255e-03,2.533687464892864227e-02
2.467102408409118652e-01,6.786201000213623047e-01,2.591358684003353119e-02,1.576724275946617126e-02,7.119837217032909393e-03,2.586906775832176208e-02
3.445143103599548340e-01,5.556450486183166504e-01,2.548656798899173737e-02,2.131047472357749939e-02,7.060835603624582291e-03,4.598271101713180542e-02
3.420154154300689697e-01,5.332659482955932617e-01,2.688370458781719208e-02,2.896562591195106506e-02,9.521936066448688507e-03,5.934736877679824829e-02
5.103034973144531250e-01,3.036636412143707275e-01,1.584178023040294647e-02,3.136413171887397766e-02,8.105477318167686462e-03,1.307213902473449707e-01
4.323813021183013916e-01,2.932731807231903076e-01,1.268473919481039047e-02,3.659806028008460999e-02,1.282700616866350174e-02,2.122357487678527832e-01
3.797095715999603271e-01,4.191021025180816650e-01,1.952954381704330444e-02,2.965049259364604950e-02,1.965891383588314056e-02,1.323493421077728271e-01
2.098657488822937012e-01,5.834802389144897461e-01,1.956522092223167419e-02,2.893987484276294708e-02,2.498825266957283020e-02,1.331607401371002197e-01
2.734721899032592773e-01,4.651101827621459961e-01,2.952502295374870300e-02,3.369919955730438232e-02,3.373407199978828430e-02,1.644593179225921631e-01
2.033063024282455444e-01,4.926736354827880859e-01,1.933479309082031250e-02,2.465082518756389618e-02,2.219486795365810394e-02,2.378396689891815186e-01
2.504352331161499023e-01,5.023362040519714355e-01,2.942325174808502197e-02,3.656860813498497009e-02,1.761266775429248810e-02,1.636240035295486450e-01
3.420870900154113770e-01,3.812249600887298584e-01,2.627174183726310730e-02,4.521511495113372803e-02,1.390238385647535324e-02,1.912987828254699707e-01
4.254046380519866943e-01,1.062368750572204590e-01,7.641660980880260468e-03,1.738394238054752350e-02,6.919264327734708786e-03,4.364135563373565674e-01
2.782221138477325439e-01,4.561887308955192566e-02,4.084249027073383331e-03,6.794771645218133926e-03,9.287825785577297211e-03,6.559921503067016602e-01
3.862660229206085205e-01,2.698041312396526337e-02,3.904831362888216972e-03,5.362730938941240311e-03,8.937472477555274963e-03,5.685485601425170898e-01
3.282278478145599365e-01,4.188290983438491821e-02,4.890242591500282288e-03,5.346221383661031723e-03,1.194129697978496552e-02,6.077114939689636230e-01
3.826682567596435547e-01,2.549085319042205811e-01,2.284989319741725922e-02,2.152730152010917664e-02,3.021670319139957428e-02,2.878292500972747803e-01
2.660878896713256836e-01,4.984940588474273682e-01,3.753132373094558716e-02,2.260721102356910706e-02,2.594596147537231445e-02,1.493336558341979980e-01
2.191136479377746582e-01,6.125649809837341309e-01,3.408041223883628845e-02,3.210693225264549255e-02,1.617041043937206268e-02,8.596365153789520264e-02
2.217293679714202881e-01,6.449403166770935059e-01,3.977373987436294556e-02,3.356501460075378418e-02,1.056674029678106308e-02,4.942481964826583862e-02
2.540578246116638184e-01,6.486966013908386230e-01,3.953458368778228760e-02,2.441177144646644592e-02,7.455782499164342880e-03,2.584347128868103027e-02
2.476349771022796631e-01,6.299214363098144531e-01,4.211874678730964661e-02,3.709161654114723206e-02,5.288206040859222412e-03,3.794493153691291809e-02
3.142103552818298340e-01,5.882890224456787109e-01,2.414993569254875183e-02,2.379248104989528656e-02,5.081985145807266235e-03,4.447613656520843506e-02
2.835830450057983398e-01,6.380534172058105469e-01,1.924948953092098236e-02,2.047898061573505402e-02,4.273951519280672073e-03,3.436113148927688599e-02
1.942000240087509155e-01,7.413867712020874023e-01,2.247009985148906708e-02,1.426755543798208237e-02,4.860389977693557739e-03,2.281513810157775879e-02
1.815764307975769043e-01,7.735027074813842773e-01,2.209732495248317719e-02,1.076136063784360886e-02,2.737788250669836998e-03,9.324369952082633972e-03
1.486471295356750488e-01,8.111085295677185059e-01,2.375982329249382019e-02,7.821576669812202454e-03,3.260196419432759285e-03,5.402707029134035110e-03
1.364943981170654297e-01,8.238372206687927246e-01,1.787420548498630524e-02,1.004144549369812012e-02,2.748746657744050026e-03,9.003923274576663971e-03
1.882001012563705444e-01,7.560364007949829102e-01,1.183370873332023621e-02,1.308110728859901428e-02,2.217413624748587608e-03,2.863126248121261597e-02
2.907347977161407471e-01,5.530864596366882324e-01,8.689412847161293030e-03,2.191040292382240295e-02,2.469726372510194778e-03,1.231092736124992371e-01
3.818772137165069580e-01,2.309794276952743530e-01,6.323940586298704147e-03,2.216794714331626892e-02,3.512757131829857826e-03,3.551387190818786621e-01
3.534528613090515137e-01,6.900867819786071777e-02,2.520378213375806808e-03,9.147317148745059967e-03,2.505474258214235306e-03,5.633652806282043457e-01
3.929783999919891357e-01,4.706486687064170837e-02,1.948855584487318993e-03,7.657169364392757416e-03,2.233190461993217468e-03,5.481175184249877930e-01
4.826574027538299561e-01,7.050094008445739746e-02,5.301404278725385666e-03,1.474129781126976013e-02,5.299950949847698212e-03,4.214989840984344482e-01
4.902836978435516357e-01,3.600179031491279602e-02,3.829521359875798225e-03,1.773394271731376648e-02,2.982529578730463982e-03,4.491685628890991211e-01
4.464932084083557129e-01,1.768833398818969727e-01,1.167856529355049133e-02,2.205662801861763000e-02,1.060435455292463303e-02,3.322839140892028809e-01
3.567414581775665283e-01,2.158389538526535034e-01,1.387744303792715073e-02,2.042661607265472412e-02,1.989773288369178772e-02,3.732177615165710449e-01
4.552901983261108398e-01,1.447567492723464966e-01,1.173671986907720566e-02,1.061243563890457153e-02,3.384023159742355347e-02,3.437637090682983398e-01
3.351579904556274414e-01,3.158040046691894531e-01,2.444247901439666748e-02,1.272795163094997406e-02,5.511786788702011108e-02,2.567497491836547852e-01
3.265634477138519287e-01,3.128413558006286621e-01,1.943810470402240753e-02,1.233223453164100647e-02,4.260378703474998474e-02,2.862211167812347412e-01
1.865373998880386353e-01,5.758317708969116211e-01,2.793167158961296082e-02,2.478549629449844360e-02,2.049082331359386444e-02,1.644228994846343994e-01
1.932660490274429321e-01,5.821490883827209473e-01,2.883111312985420227e-02,3.876746073365211487e-02,1.056338194757699966e-02,1.464229822158813477e-01
2.002731114625930786e-01,4.071452915668487549e-01,1.639627851545810699e-02,3.181166201829910278e-02,6.029282696545124054e-03,3.383443951606750488e-01
2.976522743701934814e-01,4.936542212963104248e-01,1.921493746340274811e-02,4.680296033620834351e-02,5.997752770781517029e-03,1.366778463125228882e-01
3.918614685535430908e-01,4.606012403964996338e-01,2.061138674616813660e-02,1.892946474254131317e-02,1.287720724940299988e-02,9.511920809745788574e-02
4.645760357379913330e-01,4.214250147342681885e-01,1.844364777207374573e-02,1.756189018487930298e-02,1.003470085561275482e-02,6.795881688594818115e-02
5.544634461402893066e-01,3.695470988750457764e-01,1.999440602958202362e-02,8.785268291831016541e-03,1.414083968847990036e-02,3.306899964809417725e-02
5.042679905891418457e-01,4.380471706390380859e-01,1.950504444539546967e-02,1.116817165166139603e-02,1.088381931185722351e-02,1.612776517868041992e-02
3.621700704097747803e-01,5.754532217979431152e-01,2.358426526188850403e-02,1.130155846476554871e-02,1.137107983231544495e-02,1.611975580453872681e-02
4.327863752841949463e-01,5.170766115188598633e-01,1.862697303295135498e-02,9.597727097570896149e-03,7.200907915830612183e-03,1.471147220581769943e-02
6.083213686943054199e-01,3.195850849151611328e-01,1.263232529163360596e-02,1.486798562109470367e-02,3.918094560503959656e-03,4.067508876323699951e-02
5.090999007225036621e-01,4.123142957687377930e-01,1.425426639616489410e-02,1.933191530406475067e-02,3.991879988461732864e-03,4.100770130753517151e-02
4.820759892463684082e-01,4.518930315971374512e-01,1.202113553881645203e-02,1.617279089987277985e-02,2.944663166999816895e-03,3.489236533641815186e-02
5.538304448127746582e-01,3.412024676799774170e-01,1.234142202883958817e-02,1.640428975224494934e-02,4.706271924078464508e-03,7.151510566473007202e-02
3.985365629196166992e-01,4.892210662364959717e-01,1.811791583895683289e-02,1.814750395715236664e-02,7.879338227212429047e-03,6.809762865304946899e-02
2.683583498001098633e-01,6.460287570953369141e-01,2.094195783138275146e-02,1.098296977579593658e-02,1.037175022065639496e-02,4.331611841917037964e-02
2.353376895189285278e-01,6.877560615539550781e-01,2.260883152484893799e-02,1.482079736888408661e-02,7.472294848412275314e-03,3.200441226363182068e-02
3.567475974559783936e-01,5.539278984069824219e-01,1.950977928936481476e-02,1.813894137740135193e-02,8.844810537993907928e-03,4.283099249005317688e-02
3.455492556095123291e-01,5.527970790863037109e-01,2.182962931692600250e-02,3.406918048858642578e-02,6.426709238439798355e-03,3.932818025350570679e-02
3.889299035072326660e-01,5.292310118675231934e-01,1.723162271082401276e-02,2.242164127528667450e-02,4.269230179488658905e-03,3.791652992367744446e-02
6.279789209365844727e-01,2.417390495538711548e-01,1.353065483272075653e-02,1.916403137147426605e-02,5.922066047787666321e-03,9.166519343852996826e-02
5.716270208358764648e-01,2.819623351097106934e-01,1.826057769358158112e-02,1.881858706474304199e-02,1.057629566639661789e-02,9.875515103340148926e-02
6.319791674613952637e-01,1.818687915802001953e-01,1.865778304636478424e-02,2.192024327814579010e-02,1.316553819924592972e-02,1.324086040258407593e-01
7.305325865745544434e-01,1.146186962723731995e-01,1.726505160331726074e-02,2.340004779398441315e-02,1.037961896508932114e-02,1.038039922714233398e-01
6.392946839332580566e-01,1.254160106182098389e-01,1.296288333833217621e-02,1.866192370653152466e-02,1.355360820889472961e-02,1.901109218597412109e-01
7.562769055366516113e-01,9.371509402990341187e-02,1.126639638096094131e-02,2.760848775506019592e-02,7.399634458124637604e-03,1.037334203720092773e-01
7.249766588211059570e-01,1.280958652496337891e-01,9.465785697102546692e-03,1.673576049506664276e-02,2.076556161046028137e-02,9.996036440134048462e-02
6.800513863563537598e-01,1.033429503440856934e-01,5.480073858052492142e-03,1.597451046109199524e-02,8.228053338825702667e-03,1.869230419397354126e-01
6.436724662780761719e-01,1.893513649702072144e-01,6.288313306868076324e-03,1.446766592562198639e-02,1.008581276983022690e-02,1.361342817544937134e-01
5.813839435577392578e-01,2.456888109445571899e-01,6.685627624392509460e-03,1.704636774957180023e-02,6.588124670088291168e-03,1.426070481538772583e-01
5.816894769668579102e-01,2.376032024621963501e-01,5.592084024101495743e-03,1.351138576865196228e-02,3.208285430446267128e-03,1.583956032991409302e-01
4.386254251003265381e-01,3.817268610000610352e-01,8.381381630897521973e-03,1.410042215138673782e-02,5.211175885051488876e-03,1.519547402858734131e-01
3.342106342315673828e-01,5.925598740577697754e-01,1.345840282738208771e-02,1.102978270500898361e-02,6.345645990222692490e-03,4.239565134048461914e-02
1.952238380908966064e-01,7.503062486648559570e-01,2.291169017553329468e-02,6.699135061353445053e-03,1.121556013822555542e-02,1.364356931298971176e-02
1.526182591915130615e-01,7.957075238227844238e-01,3.082762844860553741e-02,7.338976487517356873e-03,6.912366021424531937e-03,6.595315877348184586e-03
1.180813014507293701e-01,8.408216834068298340e-01,2.551907487213611603e-02,6.996570620685815811e-03,4.223511554300785065e-03,4.357759375125169754e-03
1.323536187410354614e-01,8.288791775703430176e-01,2.479911595582962036e-02,6.431781686842441559e-03,3.423062851652503014e-03,4.113133996725082397e-03
2.047321647405624390e-01,7.534747719764709473e-01,2.106458321213722229e-02,8.920936845242977142e-03,4.086792469024658203e-03,7.720788475126028061e-03
4.599398374557495117e-01,4.770680963993072510e-01,1.885188743472099304e-02,1.106689311563968658e-02,7.205666974186897278e-03,2.586764842271804810e-02
3.307884931564331055e-01,6.161853671073913574e-01,1.888097077608108521e-02,9.258006699383258820e-03,6.558673456311225891e-03,1.832859031856060028e-02
2.814258933067321777e-01,6.476996541023254395e-01,2.528370916843414307e-02,1.278916746377944946e-02,9.094492532312870026e-03,2.370715700089931488e-02
3.570630252361297607e-01,5.559328794479370117e-01,2.845765277743339539e-02,1.858951523900032043e-02,9.719058871269226074e-03,3.023779764771461487e-02
2.780098319053649902e-01,6.384414434432983398e-01,3.776581212878227234e-02,1.320733316242694855e-02,1.555117405951023102e-02,1.702441275119781494e-02
2.047048956155776978e-01,7.405218482017517090e-01,2.333306707441806793e-02,1.238213106989860535e-02,6.185786798596382141e-03,1.287240255624055862e-02
1.614448577165603638e-01,7.659956216812133789e-01,3.457395359873771667e-02,1.901237294077873230e-02,5.931496620178222656e-03,1.304168440401554108e-02
1.650147289037704468e-01,7.581982016563415527e-01,2.864059433341026306e-02,2.578574419021606445e-02,4.244969226419925690e-03,1.811568625271320343e-02
1.452546417713165283e-01,7.619440555572509766e-01,2.411915548145771027e-02,3.662322461605072021e-02,3.399976296350359917e-03,2.865891344845294952e-02
2.336676269769668579e-01,5.450315475463867188e-01,1.687208749353885651e-02,9.172613173723220825e-02,2.634752076119184494e-03,1.100678443908691406e-01
4.211898744106292725e-01,2.455750405788421631e-01,7.331264670938253403e-03,5.710429698228836060e-02,1.687312847934663296e-03,2.671122252941131592e-01
3.799292445182800293e-01,1.253327429294586182e-01,2.854895778000354767e-03,3.142309933900833130e-02,9.223773959092795849e-04,4.595375359058380127e-01
3.633688986301422119e-01,1.541646420955657959e-01,3.423147136345505714e-03,2.687684819102287292e-02,1.890557701699435711e-03,4.502758681774139404e-01
5.551521778106689453e-01,1.400512903928756714e-01,6.300937850028276443e-03,1.410505548119544983e-02,7.376796100288629532e-03,2.770138084888458252e-01
4.631692767143249512e-01,9.590502083301544189e-02,5.727370269596576691e-03,8.625292219221591949e-03,1.396334636956453323e-02,4.126096665859222412e-01
6.278858184814453125e-01,4.373036324977874756e-02,6.488229148089885712e-03,7.172144018113613129e-03,2.376647852361202240e-02,2.909570634365081787e-01
6.890673041343688965e-01,1.537637505680322647e-02,2.742350334301590919e-03,7.098861038684844971e-03,6.208695005625486374e-03,2.795063555240631104e-01
7.146359086036682129e-01,2.212910912930965424e-02,5.057195667177438736e-03,1.337519474327564240e-02,7.807734888046979904e-03,2.369947880506515503e-01
5.877231955528259277e-01,7.919207960367202759e-02,7.474716287106275558e-03,3.531248867511749268e-02,4.618911538273096085e-03,2.856786251068115234e-01
4.970357120037078857e-01,2.780690789222717285e-01,2.378158643841743469e-02,3.570093959569931030e-02,1.353966258466243744e-02,1.518729627132415771e-01
1.796782463788986206e-01,7.221968770027160645e-01,3.015994280576705933e-02,2.664327435195446014e-02,1.102211605757474899e-02,3.029958344995975494e-02
6.523805856704711914e-02,8.769595026969909668e-01,2.907533943653106689e-02,9.198579937219619751e-03,1.264957431703805923e-02,6.878917105495929718e-03
9.562499821186065674e-02,8.416890501976013184e-01,3.272077441215515137e-02,6.541135720908641815e-03,1.701414212584495544e-02,6.409858353435993195e-03
1.304782629013061523e-01,8.222323060035705566e-01,1.858570240437984467e-02,1.305710431188344955e-02,3.194493707269430161e-03,1.245210133492946625e-02
2.264699637889862061e-01,6.868507862091064453e-01,1.822730898857116699e-02,2.695308625698089600e-02,5.177052225917577744e-03,3.632187098264694214e-02
3.181312084197998047e-01,6.016274690628051758e-01,1.746484450995922089e-02,2.092664688825607300e-02,6.417754106223583221e-03,3.543208166956901550e-02
2.621097564697265625e-01,6.639707088470458984e-01,1.826819032430648804e-02,3.085694275796413422e-02,3.686886513605713844e-03,2.110745571553707123e-02
3.455648124217987061e-01,5.629497170448303223e-01,2.003055810928344727e-02,3.261004760861396790e-02,3.947712946683168411e-03,3.489705175161361694e-02
3.882992267608642578e-01,5.130208730697631836e-01,1.708084158599376678e-02,2.076437138020992279e-02,5.557270720601081848e-03,5.527746304869651794e-02
4.896606802940368652e-01,3.091384768486022949e-01,9.602068923413753510e-03,2.492754347622394562e-02,3.877472598105669022e-03,1.627937406301498413e-01
5.505434870719909668e-01,2.095547616481781006e-01,6.517091765999794006e-03,1.528605725616216660e-02,3.788534551858901978e-03,2.143100053071975708e-01
6.611800193786621094e-01,9.419570863246917725e-02,4.347568843513727188e-03,1.298954244703054428e-02,2.817203057929873466e-03,2.244698554277420044e-01
8.024007678031921387e-01,5.237729474902153015e-02,5.053976085036993027e-03,1.679377257823944092e-02,2.260537585243582726e-03,1.211136430501937866e-01
8.163818120956420898e-01,5.620466545224189758e-02,6.497097667306661606e-03,1.766139641404151917e-02,2.381847705692052841e-03,1.008731424808502197e-01
7.215089797973632812e-01,9.366267919540405273e-02,5.335443187505006790e-03,1.120026223361492157e-02,3.759835846722126007e-03,1.645327955484390259e-01
7.502834796905517578e-01,1.085976511240005493e-01,6.379528436809778214e-03,1.541805267333984375e-02,3.669819328933954239e-03,1.156514510512351990e-01
6.927242279052734375e-01,1.977079361677169800e-01,8.865753188729286194e-03,1.315277721732854843e-02,6.762250326573848724e-03,8.078700304031372070e-02
5.127110481262207031e-01,3.547657728195190430e-01,1.921301893889904022e-02,4.599845409393310547e-02,5.694841966032981873e-03,6.161677837371826172e-02
2.998062074184417725e-01,6.000755429267883301e-01,3.890269994735717773e-02,2.713700383901596069e-02,1.178206969052553177e-02,2.229637093842029572e-02
1.710715293884277344e-01,7.051432728767395020e-01,4.899925738573074341e-02,4.358249902725219727e-02,1.160893961787223816e-02,1.959447748959064484e-02
1.692997664213180542e-01,7.153357863426208496e-01,3.492131456732749939e-02,2.193373441696166992e-02,1.233130134642124176e-02,4.617811739444732666e-02
2.557010650634765625e-01,6.103971600532531738e-01,3.839953988790512085e-02,1.762407086789608002e-02,2.254427596926689148e-02,5.533396080136299133e-02
2.902094721794128418e-01,4.943628013134002686e-01,1.545320637524127960e-02,1.493396982550621033e-02,1.682069711387157440e-02,1.682199239730834961e-01
2.618351876735687256e-01,2.310644686222076416e-01,8.552247658371925354e-03,1.548769325017929077e-02,9.357053786516189575e-03,4.737033545970916748e-01
3.128436803817749023e-01,2.048467099666595459e-01,6.273687817156314850e-03,9.929948486387729645e-03,8.303439244627952576e-03,4.578024744987487793e-01
2.771835923194885254e-01,3.839017450809478760e-01,1.578052714467048645e-02,1.571056805551052094e-02,1.344048511236906052e-02,2.939830720424652100e-01
1.695974171161651611e-01,6.229338049888610840e-01,2.481582947075366974e-02,2.153317071497440338e-02,1.225135847926139832e-02,1.488684564828872681e-01
1.763339042663574219e-01,5.875424742698669434e-01,3.105702251195907593e-02,3.590968623757362366e-02,7.614702451974153519e-03,1.615422517061233521e-01
1.376649737358093262e-01,6.586910486221313477e-01,2.347002178430557251e-02,2.005428448319435120e-02,6.871328223496675491e-03,1.532484591007232666e-01
1.567795872688293457e-01,4.786339104175567627e-01,1.277821231633424759e-02,1.794589683413505554e-02,4.776049870997667313e-03,3.290863037109375000e-01
1.446551382541656494e-01,2.469240874052047729e-01,5.709897261112928391e-03,1.017753221094608307e-02,3.614978631958365440e-03,5.889183282852172852e-01
1.904109865427017212e-01,4.043904244899749756e-01,8.269220590591430664e-03,1.045745890587568283e-02,7.957861758768558502e-03,3.785139918327331543e-01
2.278812676668167114e-01,5.599920153617858887e-01,1.956534385681152344e-02,1.228154543787240982e-02,2.081957459449768066e-02,1.594602167606353760e-01
4.110863804817199707e-01,3.672891557216644287e-01,1.471043284982442856e-02,1.107089966535568237e-02,2.085037343204021454e-02,1.749927550554275513e-01
5.085214972496032715e-01,3.581399917602539062e-01,2.206668257713317871e-02,1.316521037369966507e-02,2.307410910725593567e-02,7.503244280815124512e-02
4.502365887165069580e-01,4.108031392097473145e-01,2.544345520436763763e-02,2.131508104503154755e-02,2.160389535129070282e-02,7.059781998395919800e-02
4.613925218582153320e-01,3.973767757415771484e-01,2.376087196171283722e-02,2.042524516582489014e-02,1.671459339559078217e-02,8.032992482185363770e-02
2.740522325038909912e-01,6.211403012275695801e-01,3.039395436644554138e-02,2.753136865794658661e-02,1.004355214536190033e-02,3.683858364820480347e-02
1.644551604986190796e-01,7.658150196075439453e-01,2.509748935699462891e-02,1.481224689632654190e-02,7.390487007796764374e-03,2.242961153388023376e-02
3.168471157550811768e-01,5.825588703155517578e-01,2.231350727379322052e-02,2.336155809462070465e-02,6.197930313646793365e-03,4.872096329927444458e-02
4.145669043064117432e-01,4.888748824596405029e-01,2.468907088041305542e-02,2.139848284423351288e-02,8.132888004183769226e-03,4.233771562576293945e-02
2.650856375694274902e-01,6.625285148620605469e-01,2.096691727638244629e-02,1.780741102993488312e-02,6.042143795639276505e-03,2.756927721202373505e-02
3.296239972114562988e-01,5.982191562652587891e-01,2.494301833212375641e-02,1.399854291230440140e-02,1.017599180340766907e-02,2.303932048380374908e-02
1.594471633434295654e-01,7.781105041503906250e-01,2.836614474654197693e-02,1.134852506220340729e-02,1.059134211391210556e-02,1.213615760207176208e-02
2.074496597051620483e-01,7.300187945365905762e-01,2.314410544931888580e-02,1.547571271657943726e-02,9.207348339259624481e-03,1.470435597002506256e-02
1.477839350700378418e-01,8.091781139373779297e-01,2.084117196500301361e-02,1.237325929105281830e-02,3.536470234394073486e-03,6.287061143666505814e-03
1.767061054706573486e-01,7.610591053962707520e-01,2.955842390656471252e-02,1.849954016506671906e-02,4.824275616556406021e-03,9.352584369480609894e-03
2.466895878314971924e-01,6.800444722175598145e-01,3.472119197249412537e-02,1.885628513991832733e-02,9.185578674077987671e-03,1.050291396677494049e-02
2.131057083606719971e-01,7.329589128494262695e-01,2.602525427937507629e-02,9.874070063233375549e-03,8.074986748397350311e-03,9.961103089153766632e-03
3.066255450248718262e-01,6.254509091377258301e-01,3.304364532232284546e-02,1.058440003544092178e-02,1.196392346173524857e-02,1.233157794922590256e-02
6.333227157592773438e-01,2.918255031108856201e-01,1.147108804434537888e-02,9.099074639379978180e-03,7.338611874729394913e-03,4.694293066859245300e-02
6.226414442062377930e-01,3.151048719882965088e-01,1.205661427229642868e-02,1.160161197185516357e-02,4.291432444006204605e-03,3.430406004190444946e-02
5.963014364242553711e-01,3.254798948764801025e-01,1.206679828464984894e-02,1.723872311413288116e-02,3.970008343458175659e-03,4.494313150644302368e-02
5.223301649093627930e-01,3.993257582187652588e-01,1.799084991216659546e-02,1.699330657720565796e-02,5.172550212591886520e-03,3.818734735250473022e-02
3.029783964157104492e-01,6.418601274490356445e-01,2.172563783824443817e-02,1.738281734287738800e-02,4.255181644111871719e-03,1.179779134690761566e-02
2.369502186775207520e-01,7.026382684707641602e-01,2.508564479649066925e-02,1.304156705737113953e-02,5.449352320283651352e-03,1.683496497571468353e-02
3.787382543087005615e-01,5.410260558128356934e-01,1.788148097693920135e-02,2.126457355916500092e-02,6.696359720081090927e-03,3.439330682158470154e-02
2.809212505817413330e-01,6.653968095779418945e-01,1.821339502930641174e-02,1.314884144812822342e-02,5.880582146346569061e-03,1.643910631537437439e-02
4.527153968811035156e-01,4.739965498447418213e-01,1.783768273890018463e-02,1.383072789758443832e-02,6.362473126500844955e-03,3.525725007057189941e-02
5.703155994415283203e-01,3.588044345378875732e-01,1.456106640398502350e-02,2.370956912636756897e-02,4.049855284392833710e-03,2.855947241187095642e-02
7.176848649978637695e-01,2.119711190462112427e-01,2.013814449310302734e-02,2.105409651994705200e-02,4.794993903487920761e-03,2.435685694217681885e-02
6.331313848495483398e-01,2.964355349540710449e-01,1.630655862390995026e-02,1.921302452683448792e-02,4.734226036816835403e-03,3.017916530370712280e-02
6.611391305923461914e-01,2.648960053920745850e-01,1.214667409658432007e-02,1.884931139647960663e-02,3.601358737796545029e-03,3.936760127544403076e-02
6.851982474327087402e-01,2.079995423555374146e-01,1.215047389268875122e-02,2.580421045422554016e-02,3.360160626471042633e-03,6.548743695020675659e-02
4.433869421482086182e-01,4.024671316146850586e-01,1.032920461148023605e-02,2.476545609533786774e-02,3.979793284088373184e-03,1.150715574622154236e-01
4.154025614261627197e-01,3.764658570289611816e-01,9.498897008597850800e-03,2.634107135236263275e-02,3.032634034752845764e-03,1.692588776350021362e-01
3.913393616676330566e-01,4.612101316452026367e-01,1.189214736223220825e-02,2.338874898850917816e-02,3.586971899494528770e-03,1.085826009511947632e-01
4.516260027885437012e-01,3.889352679252624512e-01,1.265542581677436829e-02,2.397300675511360168e-02,5.470175296068191528e-03,1.173401027917861938e-01
3.424151241779327393e-01,5.184265375137329102e-01,2.102578058838844299e-02,1.672620512545108795e-02,9.794797748327255249e-03,9.161154925823211670e-02
3.280988335609436035e-01,5.253757834434509277e-01,1.980238780379295349e-02,2.456791140139102936e-02,9.959564544260501862e-03,9.219548851251602173e-02
4.171766340732574463e-01,2.324330210685729980e-01,7.676993496716022491e-03,1.954131387174129486e-02,5.011105909943580627e-03,3.181609511375427246e-01
4.900269210338592529e-01,1.365590393543243408e-01,4.966599866747856140e-03,3.205328062176704407e-02,2.288453048095107079e-03,3.341057300567626953e-01
6.613645553588867188e-01,7.198216021060943604e-02,4.041516222059726715e-03,1.858773268759250641e-02,1.630658050999045372e-03,2.423933148384094238e-01
8.200546503067016602e-01,5.938532948493957520e-02,3.236079355701804161e-03,1.183858886361122131e-02,1.183361047878861427e-03,1.043019741773605347e-01
6.667326688766479492e-01,2.391183674335479736e-01,1.004464738070964813e-02,1.655237749218940735e-02,3.023857250809669495e-03,6.452813744544982910e-02
4.901106357574462891e-01,4.521443843841552734e-01,1.899843290448188782e-02,1.513706613332033157e-02,3.595838323235511780e-03,2.001365832984447479e-02
4.170409739017486572e-01,5.248494148254394531e-01,2.615008316934108734e-02,1.172920875251293182e-02,6.247549783438444138e-03,1.398274488747119904e-02
5.705966353416442871e-01,3.635520935058593750e-01,1.761513948440551758e-02,2.279758639633655548e-02,4.245982971042394638e-03,2.119260281324386597e-02
6.340795755386352539e-01,2.842204272747039795e-01,1.166457124054431915e-02,2.313676103949546814e-02,3.338172798976302147e-03,4.356048256158828735e-02
5.353106856346130371e-01,3.696621954441070557e-01,1.460429001599550247e-02,4.140760749578475952e-02,2.796809887513518333e-03,3.621837869286537170e-02
4.666793942451477051e-01,4.600108563899993896e-01,1.813291199505329132e-02,2.244347333908081055e-02,3.675024257972836494e-03,2.905838191509246826e-02
2.950897216796875000e-01,6.413574814796447754e-01,1.771046593785285950e-02,1.653042994439601898e-02,3.111949423328042030e-03,2.619996853172779083e-02
3.042977154254913330e-01,6.361451745033264160e-01,1.606726273894309998e-02,1.570462062954902649e-02,2.386321313679218292e-03,2.539882436394691467e-02
2.659793198108673096e-01,6.852493882179260254e-01,1.558734383434057236e-02,1.456741988658905029e-02,2.495274413377046585e-03,1.612120866775512695e-02
3.229611515998840332e-01,6.170893907546997070e-01,1.364941522479057312e-02,1.432198751717805862e-02,2.401964273303747177e-03,2.957597933709621429e-02
3.295934796333312988e-01,6.199584603309631348e-01,1.469897571951150894e-02,1.936125755310058594e-02,2.133020432665944099e-03,1.425465196371078491e-02
1.966127753257751465e-01,7.578437328338623047e-01,2.152386121451854706e-02,1.251429319381713867e-02,3.051214618608355522e-03,8.454159833490848541e-03
1.831166744232177734e-01,7.638915181159973145e-01,2.212700620293617249e-02,1.713487133383750916e-02,2.709006424993276596e-03,1.102092210203409195e-02
2.363446652889251709e-01,6.850244402885437012e-01,1.988692581653594971e-02,3.170534968376159668e-02,3.644196316599845886e-03,2.339448779821395874e-02
2.337609529495239258e-01,6.656672954559326172e-01,2.566072531044483185e-02,2.999273687601089478e-02,6.254933308809995651e-03,3.866335749626159668e-02
5.788713097572326660e-01,2.802923321723937988e-01,1.749618910253047943e-02,2.339801937341690063e-02,8.295048028230667114e-03,9.164717048406600952e-02
5.590204596519470215e-01,1.981037706136703491e-01,7.644022349268198013e-03,1.187257189303636551e-02,7.071260828524827957e-03,2.162878960371017456e-01
5.814917683601379395e-01,1.873865574598312378e-01,8.309395983815193176e-03,1.127747725695371628e-02,9.380259551107883453e-03,2.021545469760894775e-01
4.771378934383392334e-01,3.537512421607971191e-01,1.445563044399023056e-02,1.317423675209283829e-02,1.035846676677465439e-02,1.311225444078445435e-01
4.450404345989227295e-01,4.306764304637908936e-01,1.556765660643577576e-02,1.667537353932857513e-02,7.080905605107545853e-03,8.495920896530151367e-02
4.190067946910858154e-01,4.595147967338562012e-01,1.721049100160598755e-02,1.832932978868484497e-02,6.062425673007965088e-03,7.987615466117858887e-02
5.736494064331054688e-01,2.300769239664077759e-01,4.754300694912672043e-03,2.218588255345821381e-02,1.515426905825734138e-03,1.678181439638137817e-01
5.547507405281066895e-01,1.530717909336090088e-01,3.140831599012017250e-03,1.518144924193620682e-02,1.300554722547531128e-03,2.725545763969421387e-01
6.246548295021057129e-01,2.041160762310028076e-01,4.751044325530529022e-03,1.724654808640480042e-02,1.508293556980788708e-03,1.477232426404953003e-01
4.195507466793060303e-01,4.563995003700256348e-01,8.856651373207569122e-03,2.361986041069030762e-02,1.948625198565423489e-03,8.962464332580566406e-02
2.477137893438339233e-01,6.842893362045288086e-01,2.330145798623561859e-02,2.259145677089691162e-02,3.409292548894882202e-03,1.869465038180351257e-02
1.614049375057220459e-01,7.815845608711242676e-01,2.670882269740104675e-02,2.029047347605228424e-02,2.784158335998654366e-03,7.227041292935609818e-03
2.725741565227508545e-01,6.651480197906494141e-01,1.629050262272357941e-02,1.761415600776672363e-02,2.967958804219961166e-03,2.540515922009944916e-02
2.654893398284912109e-01,6.729742884635925293e-01,1.495255902409553528e-02,2.198591455817222595e-02,3.203984349966049194e-03,2.139395289123058319e-02
3.682259321212768555e-01,5.716027617454528809e-01,1.439771801233291626e-02,1.610336080193519592e-02,4.947186447679996490e-03,2.472310513257980347e-02
4.095024764537811279e-01,5.230252742767333984e-01,1.388816162943840027e-02,1.896860636770725250e-02,4.904215689748525620e-03,2.971126511693000793e-02
2.754037380218505859e-01,6.784058809280395508e-01,1.554818823933601379e-02,1.165300887078046799e-02,5.581279285252094269e-03,1.340785622596740723e-02
2.195737957954406738e-01,7.347636818885803223e-01,2.192378602921962738e-02,8.721936494112014771e-03,7.325362414121627808e-03,7.691401988267898560e-03
2.478541731834411621e-01,6.966972351074218750e-01,2.306610718369483948e-02,1.068169716745615005e-02,8.984817191958427429e-03,1.271607168018817902e-02
4.189446866512298584e-01,5.056720972061157227e-01,1.741715148091316223e-02,1.039807684719562531e-02,1.279129553586244583e-02,3.477666154503822327e-02
4.469112753868103027e-01,4.675569236278533936e-01,2.012743614614009857e-02,1.223763730376958847e-02,1.245651207864284515e-02,4.071030765771865845e-02
5.059750080108642578e-01,4.215706288814544678e-01,1.418815925717353821e-02,1.087263412773609161e-02,7.480029016733169556e-03,3.991349786520004272e-02
6.797703504562377930e-01,2.445438802242279053e-01,1.165267359465360641e-02,1.444961130619049072e-02,3.673322964459657669e-03,4.591028019785881042e-02
6.489881873130798340e-01,3.007282018661499023e-01,1.406816951930522919e-02,1.176064927130937576e-02,4.108043853193521500e-03,2.034673281013965607e-02
3.521517813205718994e-01,6.060197949409484863e-01,1.824648119509220123e-02,9.141353890299797058e-03,4.247329197824001312e-03,1.019332744181156158e-02
2.327561080455780029e-01,7.208994030952453613e-01,2.676019817590713501e-02,1.112878881394863129e-02,2.795019652694463730e-03,5.660441238433122635e-03
1.144818589091300964e-01,8.395189046859741211e-01,2.934377454221248627e-02,8.708938956260681152e-03,3.379392903298139572e-03,4.567180294543504715e-03
9.011863172054290771e-02,8.637542724609375000e-01,2.703614346683025360e-02,1.201929524540901184e-02,2.905979985371232033e-03,4.165622405707836151e-03
6.824229657649993896e-02,8.757403492927551270e-01,3.572863340377807617e-02,1.408016681671142578e-02,2.941576065495610237e-03,3.267032792791724205e-03
1.444696485996246338e-01,7.960835099220275879e-01,2.760170400142669678e-02,1.563864015042781830e-02,5.438984837383031845e-03,1.076747570186853409e-02
2.621772289276123047e-01,6.687968373298645020e-01,2.589964121580123901e-02,2.403805032372474670e-02,3.720945445820689201e-03,1.536728255450725555e-02
3.218759000301361084e-01,6.064991354942321777e-01,2.273504622280597687e-02,2.431928366422653198e-02,3.581021213904023170e-03,2.098955400288105011e-02
4.233964681625366211e-01,5.207397341728210449e-01,1.367666479200124741e-02,1.768043823540210724e-02,2.334368648007512093e-03,2.217227220535278320e-02
2.722227871417999268e-01,6.649530529975891113e-01,2.725226618349552155e-02,1.958361081779003143e-02,3.366376273334026337e-03,1.262187678366899490e-02
1.907882541418075562e-01,7.439243793487548828e-01,2.884728647768497467e-02,2.395525574684143066e-02,2.568370429798960686e-03,9.916484355926513672e-03
3.201531171798706055e-01,5.989522933959960938e-01,2.870161831378936768e-02,2.692386135458946228e-02,4.298967309296131134e-03,2.097026258707046509e-02
2.070770412683486938e-01,7.141139507293701172e-01,3.186035528779029846e-02,2.372718602418899536e-02,5.050611216574907303e-03,1.817090623080730438e-02
2.266213744878768921e-01,6.979332566261291504e-01,3.238530829548835754e-02,2.122802659869194031e-02,6.734909955412149429e-03,1.509714405983686447e-02
2.806083559989929199e-01,6.549904346466064453e-01,2.291952259838581085e-02,1.520888973027467728e-02,5.353605374693870544e-03,2.091911435127258301e-02
3.404667973518371582e-01,5.889402627944946289e-01,2.479669451713562012e-02,1.998083665966987610e-02,9.146720170974731445e-03,1.666879281401634216e-02
2.193936258554458618e-01,7.170740365982055664e-01,2.897605672478675842e-02,1.321996841579675674e-02,1.031411439180374146e-02,1.102231070399284363e-02
1.530031412839889526e-01,7.987567186355590820e-01,2.429650351405143738e-02,1.023772545158863068e-02,6.826116237789392471e-03,6.879792548716068268e-03
1.685626506805419922e-01,7.879751920700073242e-01,1.899908110499382019e-02,1.299560256302356720e-02,4.051760304719209671e-03,7.415847852826118469e-03
2.942560315132141113e-01,6.514665484428405762e-01,1.212208438664674759e-02,1.498102582991123199e-02,2.723418176174163818e-03,2.445095032453536987e-02
5.261097550392150879e-01,3.901810646057128906e-01,6.972494069486856461e-03,2.339148148894309998e-02,1.342726638540625572e-03,5.200245231389999390e-02
6.910496950149536133e-01,1.837995350360870361e-01,3.457969520241022110e-03,2.763620764017105103e-02,7.300515426322817802e-04,9.332654625177383423e-02
7.586435079574584961e-01,6.839424371719360352e-02,2.508240984752774239e-03,7.933904975652694702e-02,4.026034730486571789e-04,9.071224182844161987e-02
7.923403382301330566e-01,1.010456681251525879e-01,3.785301931202411652e-03,3.152054548263549805e-02,1.247146399691700935e-03,7.006103545427322388e-02
7.620771527290344238e-01,1.559509187936782837e-01,5.746502429246902466e-03,3.811518475413322449e-02,2.028622198849916458e-03,3.608157113194465637e-02
8.710513710975646973e-01,8.066109567880630493e-02,3.629415063187479973e-03,2.373147755861282349e-02,9.155789157375693321e-04,2.001105993986129761e-02
7.763901948928833008e-01,1.701569855213165283e-01,4.195566289126873016e-03,1.369116175919771194e-02,1.152628217823803425e-03,3.441337496042251587e-02
7.868617773056030273e-01,1.503273248672485352e-01,3.957430832087993622e-03,1.960803195834159851e-02,8.124741143546998501e-04,3.843288496136665344e-02
7.644644379615783691e-01,8.659679442644119263e-02,1.507302047684788704e-03,1.246719714254140854e-02,4.403776838444173336e-04,1.345239728689193726e-01
6.645137667655944824e-01,1.396909505128860474e-01,2.958697034046053886e-03,1.680378988385200500e-02,1.101113390177488327e-03,1.749316155910491943e-01
6.833240985870361328e-01,1.408574432134628296e-01,3.920353017747402191e-03,1.601871475577354431e-02,1.870835316367447376e-03,1.540085673332214355e-01
4.175320267677307129e-01,4.628659188747406006e-01,9.913507848978042603e-03,1.499126106500625610e-02,5.615754984319210052e-03,8.908158540725708008e-02
2.082991153001785278e-01,7.241727709770202637e-01,1.950442790985107422e-02,2.001024410128593445e-02,4.788674414157867432e-03,2.322465553879737854e-02
1.179053559899330139e-01,8.399583697319030762e-01,2.218515798449516296e-02,1.124942861497402191e-02,3.453344805166125298e-03,5.248340312391519547e-03
1.401919871568679810e-01,8.081877827644348145e-01,1.902862824499607086e-02,1.987054012715816498e-02,2.428242471069097519e-03,1.029278896749019623e-02
1.288266330957412720e-01,8.086175322532653809e-01,1.840482465922832489e-02,2.736752480268478394e-02,2.524498151615262032e-03,1.425902917981147766e-02
1.573696285486221313e-01,7.913383841514587402e-01,1.671518012881278992e-02,1.360441092401742935e-02,4.124803934246301651e-03,1.684753410518169403e-02
1.581196486949920654e-01,7.973811030387878418e-01,1.588901132345199585e-02,9.306676685810089111e-03,6.750706117600202560e-03,1.255279779434204102e-02
1.016932204365730286e-01,8.576766848564147949e-01,2.172958292067050934e-02,5.074117798358201981e-03,9.565678425133228302e-03,4.260713700205087662e-03
1.326046735048294067e-01,8.261432051658630371e-01,1.905571110546588898e-02,9.094315581023693085e-03,6.051321513950824738e-03,7.050698623061180115e-03
1.595136821269989014e-01,8.024023175239562988e-01,1.358817517757415771e-02,1.254471205174922943e-02,1.883030869066715240e-03,1.006814185529947281e-02
2.474067211151123047e-01,7.006972432136535645e-01,1.423393283039331436e-02,2.045567892491817474e-02,1.613725093193352222e-03,1.559269987046718597e-02
2.681871950626373291e-01,6.840313673019409180e-01,1.114537101238965988e-02,2.106827124953269958e-02,1.048425445333123207e-03,1.451936550438404083e-02
4.981404840946197510e-01,4.498904049396514893e-01,8.958280086517333984e-03,2.023446001112461090e-02,1.387693919241428375e-03,2.138868160545825958e-02
6.975722312927246094e-01,2.553453147411346436e-01,4.424205515533685684e-03,1.234351377934217453e-02,9.468916105106472969e-04,2.936784364283084869e-02
6.822780966758728027e-01,2.566407918930053711e-01,9.466405957937240601e-03,3.364923968911170959e-02,1.246867584995925426e-03,1.671863533556461334e-02
6.446113586425781250e-01,2.809961140155792236e-01,8.881432935595512390e-03,4.562444984912872314e-02,1.167007605545222759e-03,1.871961727738380432e-02
7.016282081604003906e-01,2.416031062602996826e-01,1.198256947100162506e-02,2.809864096343517303e-02,1.832356792874634266e-03,1.485506631433963776e-02
4.399800002574920654e-01,4.977273941040039062e-01,1.782813481986522675e-02,3.357462584972381592e-02,1.626032753847539425e-03,9.263749234378337860e-03
5.251931548118591309e-01,4.110778570175170898e-01,1.301990728825330734e-02,3.563128784298896790e-02,1.296530012041330338e-03,1.378124952316284180e-02
7.214719057083129883e-01,2.137682437896728516e-01,3.722161985933780670e-03,1.912176050245761871e-02,7.093336316756904125e-04,4.120660200715065002e-02
6.205978989601135254e-01,2.869378030300140381e-01,4.511665552854537964e-03,2.642662264406681061e-02,8.265728829428553581e-04,6.069947779178619385e-02
5.849899053573608398e-01,3.355829715728759766e-01,4.195560235530138016e-03,2.206123992800712585e-02,7.628683233633637428e-04,5.240749567747116089e-02
3.709609210491180420e-01,5.700497627258300781e-01,8.667780086398124695e-03,1.893579214811325073e-02,1.622404204681515694e-03,2.976333163678646088e-02
2.936355769634246826e-01,6.627478003501892090e-01,1.455503795295953751e-02,1.144845876842737198e-02,3.118854714557528496e-03,1.449428685009479523e-02
2.520768642425537109e-01,7.076652050018310547e-01,2.105320431292057037e-02,8.716300129890441895e-03,4.070122726261615753e-03,6.418305914849042892e-03
3.185284733772277832e-01,6.249564290046691895e-01,2.537650056183338165e-02,1.638434641063213348e-02,4.092006478458642960e-03,1.066224463284015656e-02
2.613381147384643555e-01,6.828795075416564941e-01,2.210685610771179199e-02,1.977720670402050018e-02,3.029467305168509483e-03,1.086890697479248047e-02
1.920249462127685547e-01,7.142568826675415039e-01,2.226828224956989288e-02,5.922411009669303894e-02,1.623826567083597183e-03,1.060197595506906509e-02
2.304778248071670532e-01,6.826772093772888184e-01,1.737225800752639771e-02,5.091158673167228699e-02,1.795737771317362785e-03,1.676534116268157959e-02
2.699326872825622559e-01,6.359193325042724609e-01,1.801664754748344421e-02,5.979304015636444092e-02,1.890116487629711628e-03,1.444812119007110596e-02
4.234109520912170410e-01,4.990332424640655518e-01,1.281037367880344391e-02,4.247726127505302429e-02,1.733141834847629070e-03,2.053504437208175659e-02
5.497875809669494629e-01,3.673784732818603516e-01,7.106140255928039551e-03,2.795651927590370178e-02,1.665021292865276337e-03,4.610630869865417480e-02
7.318578362464904785e-01,1.615091115236282349e-01,5.396432243287563324e-03,1.941300742328166962e-02,1.837606308981776237e-03,7.998605817556381226e-02
6.833506822586059570e-01,2.322528213262557983e-01,6.853510159999132156e-03,1.715162955224514008e-02,2.738022943958640099e-03,5.765333026647567749e-02
6.681793332099914551e-01,1.888661980628967285e-01,6.243125535547733307e-03,2.232260629534721375e-02,2.887423848733305931e-03,1.115012243390083313e-01
4.504732191562652588e-01,4.508487880229949951e-01,1.397773344069719315e-02,2.724342048168182373e-02,5.874887574464082718e-03,5.158186331391334534e-02
1.794277131557464600e-01,7.393176555633544922e-01,2.646792866289615631e-02,2.370246686041355133e-02,9.919501841068267822e-03,2.116476185619831085e-02
2.654646635055541992e-01,5.772973895072937012e-01,1.346248760819435120e-02,4.425032809376716614e-02,4.228179808706045151e-03,9.529695659875869751e-02
2.113433480262756348e-01,6.516008377075195312e-01,1.338056102395057678e-02,4.762626066803932190e-02,2.501866547390818596e-03,7.354713231325149536e-02
4.243848621845245361e-01,4.551813304424285889e-01,7.705411408096551895e-03,3.689993917942047119e-02,1.585092279128730297e-03,7.424335926771163940e-02
3.993370532989501953e-01,4.897542595863342285e-01,6.736372597515583038e-03,2.303890325129032135e-02,1.119586755521595478e-03,8.001377433538436890e-02
4.008140265941619873e-01,5.235500931739807129e-01,6.775909569114446640e-03,2.485700882971286774e-02,9.781860280781984329e-04,4.302475973963737488e-02
3.913614749908447266e-01,5.382817387580871582e-01,1.318938378244638443e-02,3.309271484613418579e-02,1.241222140379250050e-03,2.283346652984619141e-02
2.585676610469818115e-01,6.687358617782592773e-01,1.683208532631397247e-02,3.310477733612060547e-02,1.842977362684905529e-03,2.091661281883716583e-02
1.785909086465835571e-01,7.438742518424987793e-01,1.981476135551929474e-02,4.233137518167495728e-02,1.854507019743323326e-03,1.353430096060037613e-02
2.127568274736404419e-01,7.126216888427734375e-01,1.814722456037998199e-02,4.531200230121612549e-02,1.712140860036015511e-03,9.450089186429977417e-03
3.831311464309692383e-01,5.357429385185241699e-01,1.245662104338407516e-02,4.523591324687004089e-02,2.178673632442951202e-03,2.125485986471176147e-02
4.239395856857299805e-01,5.215622782707214355e-01,1.135968603193759918e-02,2.795745991170406342e-02,2.099772915244102478e-03,1.308117993175983429e-02
3.972887396812438965e-01,5.530976653099060059e-01,1.154370047152042389e-02,2.232371270656585693e-02,2.302217530086636543e-03,1.344389747828245163e-02
4.424036741256713867e-01,5.062784552574157715e-01,1.417434681206941605e-02,2.275407500565052032e-02,2.520144451409578323e-03,1.186929736286401749e-02
1.876836866140365601e-01,7.711901068687438965e-01,1.405473798513412476e-02,1.638392172753810883e-02,1.892430940642952919e-03,8.795095607638359070e-03
1.557733416557312012e-01,8.001881837844848633e-01,1.899977028369903564e-02,1.537739485502243042e-02,3.487385343760251999e-03,6.173890549689531326e-03
1.563901305198669434e-01,7.924011349678039551e-01,2.573727630078792572e-02,1.435392256826162338e-02,4.916739184409379959e-03,6.200873292982578278e-03
1.522250175476074219e-01,7.730809450149536133e-01,1.913961209356784821e-02,4.242481291294097900e-02,2.917096717283129692e-03,1.021244749426841736e-02
1.926146149635314941e-01,7.108629345893859863e-01,2.169447392225265503e-02,5.641869455575942993e-02,3.602462355047464371e-03,1.480680610984563828e-02
1.485043317079544067e-01,7.719421386718750000e-01,1.966224238276481628e-02,4.633818566799163818e-02,2.209696685895323753e-03,1.134336274117231369e-02
1.311148256063461304e-01,7.967985272407531738e-01,2.561117708683013916e-02,3.719196468591690063e-02,2.252060221508145332e-03,7.031406741589307785e-03
1.237616539001464844e-01,8.307492733001708984e-01,2.616976387798786163e-02,1.201309729367494583e-02,2.723982790485024452e-03,4.582192283123731613e-03
9.668842703104019165e-02,8.663355112075805664e-01,2.223573438823223114e-02,8.652724325656890869e-03,2.316072583198547363e-03,3.771512536332011223e-03
1.533173322677612305e-01,8.049551844596862793e-01,2.051875181496143341e-02,1.153300143778324127e-02,2.519902773201465607e-03,7.155876141041517258e-03
2.076923102140426636e-01,7.338873147964477539e-01,2.341703139245510101e-02,1.666473224759101868e-02,3.351640421897172928e-03,1.498699840158224106e-02
2.283108979463577271e-01,7.172508239746093750e-01,1.897049508988857269e-02,1.526901032775640488e-02,4.624047782272100449e-03,1.557467970997095108e-02
1.948999315500259399e-01,7.482854127883911133e-01,1.905935257673263550e-02,1.502203196287155151e-02,4.421920515596866608e-03,1.831119507551193237e-02
3.131167888641357422e-01,6.100495457649230957e-01,1.534567680209875107e-02,2.474936656653881073e-02,3.466431517153978348e-03,3.327211365103721619e-02
3.916546106338500977e-01,5.398179888725280762e-01,1.397599093616008759e-02,1.989141851663589478e-02,4.485665354877710342e-03,3.017429634928703308e-02
3.403171300888061523e-01,5.791280269622802734e-01,1.471497304737567902e-02,3.494350239634513855e-02,2.817923435941338539e-03,2.807842940092086792e-02
2.200466394424438477e-01,7.143213152885437012e-01,1.575141400098800659e-02,3.352507203817367554e-02,2.177555579692125320e-03,1.417802553623914719e-02
1.830487996339797974e-01,7.665480971336364746e-01,2.042585052549839020e-02,1.949458755552768707e-02,2.814389765262603760e-03,7.668280508369207382e-03
1.767882704734802246e-01,7.815813422203063965e-01,1.913656108081340790e-02,1.173809543251991272e-02,3.658351954072713852e-03,7.097373716533184052e-03
1.824128329753875732e-01,7.687765359878540039e-01,2.081496827304363251e-02,1.658479496836662292e-02,3.290313761681318283e-03,8.120571263134479523e-03
2.839325070381164551e-01,6.698255538940429688e-01,1.193115860223770142e-02,1.250260137021541595e-02,2.502790419384837151e-03,1.930538378655910492e-02
2.999157905578613281e-01,6.562337875366210938e-01,1.176964584738016129e-02,1.284494996070861816e-02,2.703019883483648300e-03,1.653288491070270538e-02
2.889363765716552734e-01,6.606587171554565430e-01,1.386885251849889755e-02,1.710164546966552734e-02,2.143864054232835770e-03,1.729062199592590332e-02
3.050063550472259521e-01,6.427189111709594727e-01,1.212041079998016357e-02,1.843325607478618622e-02,1.513107097707688808e-03,2.020792290568351746e-02
5.076282024383544922e-01,4.256229698657989502e-01,1.108282897621393204e-02,2.514503523707389832e-02,1.569864572957158089e-03,2.895113639533519745e-02
6.538561582565307617e-01,2.803616523742675781e-01,9.859717451035976410e-03,1.837656088173389435e-02,2.114459872245788574e-03,3.543145954608917236e-02
6.317026019096374512e-01,2.896040081977844238e-01,8.709617890417575836e-03,3.147099167108535767e-02,1.259353477507829666e-03,3.725350275635719299e-02
6.986287832260131836e-01,2.198084145784378052e-01,4.749699030071496964e-03,2.472577430307865143e-02,9.123430936597287655e-04,5.117489024996757507e-02
3.225294351577758789e-01,6.061220169067382812e-01,9.991037659347057343e-03,4.733328148722648621e-02,9.192743455059826374e-04,1.310495752841234207e-02
1.821051836013793945e-01,7.712611556053161621e-01,1.347501575946807861e-02,2.184060402214527130e-02,1.416052808053791523e-03,9.901932440698146820e-03
2.795239984989166260e-01,6.688541769981384277e-01,1.517914514988660812e-02,2.271831221878528595e-02,1.749282004311680794e-03,1.197499688714742661e-02
2.884448170661926270e-01,6.487365961074829102e-01,1.672915741801261902e-02,3.207330778241157532e-02,1.995387021452188492e-03,1.202071458101272583e-02
3.469049036502838135e-01,5.971205234527587891e-01,2.397975511848926544e-02,1.609202660620212555e-02,5.203053820878267288e-03,1.069969311356544495e-02
4.520906209945678711e-01,4.905244708061218262e-01,2.029463276267051697e-02,1.646709255874156952e-02,6.489242892712354660e-03,1.413384824991226196e-02
2.961043715476989746e-01,6.421868801116943359e-01,2.418059296905994415e-02,1.109178271144628525e-02,1.267744414508342743e-02,1.375895552337169647e-02
3.882003426551818848e-01,5.416306257247924805e-01,2.160453237593173981e-02,1.840790919959545135e-02,9.062568657100200653e-03,2.109413407742977142e-02
4.419858753681182861e-01,4.869134426116943359e-01,1.654624752700328827e-02,2.054285630583763123e-02,7.131123449653387070e-03,2.688040025532245636e-02
2.164916247129440308e-01,7.194825410842895508e-01,1.484868489205837250e-02,2.034597285091876984e-02,5.070187617093324661e-03,2.376111783087253571e-02
3.361410498619079590e-01,5.890570878982543945e-01,1.312351878732442856e-02,1.893596723675727844e-02,5.396055057644844055e-03,3.734628111124038696e-02
1.720790416002273560e-01,7.528052926063537598e-01,1.116889063268899918e-02,2.052402868866920471e-02,2.823165152221918106e-03,4.059959575533866882e-02
2.494269907474517822e-01,6.888021230697631836e-01,1.202831696718931198e-02,1.581181026995182037e-02,2.526059281080961227e-03,3.140475228428840637e-02
4.109724164009094238e-01,5.328025221824645996e-01,9.445775300264358521e-03,1.368635799735784531e-02,1.820509904064238071e-03,3.127240762114524841e-02
3.727014362812042236e-01,5.288386940956115723e-01,9.524707682430744171e-03,1.574924588203430176e-02,2.332253381609916687e-03,7.085362821817398071e-02
4.183924198150634766e-01,4.922772943973541260e-01,7.683709263801574707e-03,1.455253176391124725e-02,3.789200447499752045e-03,6.330471485853195190e-02
5.430474877357482910e-01,3.636877238750457764e-01,1.120517309755086899e-02,9.568287059664726257e-03,9.256199002265930176e-03,6.323513388633728027e-02
4.003328979015350342e-01,5.203508734703063965e-01,1.211906317621469498e-02,1.246201153844594955e-02,8.048322051763534546e-03,4.668681696057319641e-02
2.915948033332824707e-01,6.340392231941223145e-01,1.218458916991949081e-02,2.039789035916328430e-02,4.499481059610843658e-03,3.728397190570831299e-02
2.578727900981903076e-01,6.669112443923950195e-01,1.533957105129957199e-02,2.185138501226902008e-02,4.937362857162952423e-03,3.308758512139320374e-02
2.418236881494522095e-01,6.769947409629821777e-01,1.610012538731098175e-02,3.124037012457847595e-02,2.852425444871187210e-03,3.098869323730468750e-02
4.170759022235870361e-01,4.883833825588226318e-01,1.659105531871318817e-02,2.587760798633098602e-02,3.276896895840764046e-03,4.879510030150413513e-02
5.034137964248657227e-01,4.029667675495147705e-01,7.386430166661739349e-03,1.365731842815876007e-02,2.661937614902853966e-03,6.991375982761383057e-02
7.402203679084777832e-01,1.875085085630416870e-01,5.780542735010385513e-03,1.356233563274145126e-02,1.748229027725756168e-03,5.118007212877273560e-02
4.215506017208099365e-01,5.285001993179321289e-01,1.327329315245151520e-02,9.344382211565971375e-03,4.375662188977003098e-03,2.295584045350551605e-02
2.262908518314361572e-01,7.261805534362792969e-01,1.802125759422779083e-02,1.235824357718229294e-02,5.006773862987756729e-03,1.214233320206403732e-02
1.160902827978134155e-01,8.393984436988830566e-01,1.925424113869667053e-02,1.512701995670795441e-02,2.766768680885434151e-03,7.363270968198776245e-03
1.293548494577407837e-01,8.306765556335449219e-01,1.748797483742237091e-02,9.712277911603450775e-03,3.155154176056385040e-03,9.613233618438243866e-03
2.050650417804718018e-01,7.370619177818298340e-01,1.605346798896789551e-02,1.894073560833930969e-02,3.098673420026898384e-03,1.978013291954994202e-02
4.194513261318206787e-01,5.034677982330322266e-01,1.403713412582874298e-02,1.954546570777893066e-02,4.272977355867624283e-03,3.922530263662338257e-02
4.508096277713775635e-01,4.305123090744018555e-01,2.517760731279850006e-02,5.915133655071258545e-02,3.950124606490135193e-03,3.039900586009025574e-02
6.369006037712097168e-01,2.636001408100128174e-01,1.930045895278453827e-02,4.558232799172401428e-02,3.976415377110242844e-03,3.064010292291641235e-02
6.600977778434753418e-01,2.136081457138061523e-01,2.279607951641082764e-02,7.000815123319625854e-02,2.931893570348620415e-03,3.055782057344913483e-02
6.007976531982421875e-01,2.844185829162597656e-01,1.330701261758804321e-02,3.626304864883422852e-02,2.877917373552918434e-03,6.233584880828857422e-02
5.989621877670288086e-01,2.505725622177124023e-01,1.167642790824174881e-02,5.330769717693328857e-02,2.048708265647292137e-03,8.343242108821868896e-02
5.807021260261535645e-01,2.695625722408294678e-01,1.056727580726146698e-02,4.720398038625717163e-02,3.104856936261057854e-03,8.885917812585830688e-02
2.696345448493957520e-01,6.186876893043518066e-01,1.593542098999023438e-02,4.895486310124397278e-02,4.614084493368864059e-03,4.217339307069778442e-02
2.294161617755889893e-01,6.395087838172912598e-01,2.554240077733993530e-02,5.209021270275115967e-02,7.367801386862993240e-03,4.607465118169784546e-02
1.884726583957672119e-01,6.987269520759582520e-01,1.527549047023057938e-02,3.040421381592750549e-02,5.410595331341028214e-03,6.170996651053428650e-02
1.440714895725250244e-01,7.707374691963195801e-01,1.561394240707159042e-02,3.402287885546684265e-02,3.362475195899605751e-03,3.219166398048400879e-02
9.638324379920959473e-02,8.387411236763000488e-01,1.611900515854358673e-02,2.664665505290031433e-02,2.622786210849881172e-03,1.948713511228561401e-02
1.396593451499938965e-01,7.946519255638122559e-01,1.823468133807182312e-02,2.466501854360103607e-02,3.997300285845994949e-03,1.879177615046501160e-02
5.564591288566589355e-02,9.035639166831970215e-01,2.107986062765121460e-02,1.232781913131475449e-02,3.108965931460261345e-03,4.273546393960714340e-03
1.027575507760047913e-01,8.430228233337402344e-01,2.662633359432220459e-02,1.470618881285190582e-02,5.790174473077058792e-03,7.096942514181137085e-03
2.921525835990905762e-01,6.401605606079101562e-01,3.170169517397880554e-02,1.578163914382457733e-02,8.770152926445007324e-03,1.143339183181524277e-02
4.875818192958831787e-01,4.453165531158447266e-01,1.922029443085193634e-02,1.619696803390979767e-02,5.120081827044487000e-03,2.656428702175617218e-02
5.895465612411499023e-01,3.492242097854614258e-01,1.127400156110525131e-02,1.171148009598255157e-02,4.285272676497697830e-03,3.395839035511016846e-02
7.402298450469970703e-01,2.018239349126815796e-01,1.178078353404998779e-02,1.116884686052799225e-02,5.078285466879606247e-03,2.991840802133083344e-02
6.615958213806152344e-01,2.606683075428009033e-01,9.917862713336944580e-03,1.376266684383153915e-02,4.257136024534702301e-03,4.979816824197769165e-02
4.268992245197296143e-01,5.002062916755676270e-01,1.695016957819461823e-02,1.222223974764347076e-02,7.673033513128757477e-03,3.604907542467117310e-02
4.345568418502807617e-01,4.715960919857025146e-01,1.896905340254306793e-02,1.984290219843387604e-02,8.645639754831790924e-03,4.638947546482086182e-02
5.292944908142089844e-01,3.610028028488159180e-01,1.407563686370849609e-02,1.889370009303092957e-02,8.230492472648620605e-03,6.850288808345794678e-02
4.904683232307434082e-01,4.128631055355072021e-01,1.660348288714885712e-02,1.780314370989799500e-02,1.255878712981939316e-02,4.970317706465721130e-02
4.954679906368255615e-01,3.905271589756011963e-01,2.123251371085643768e-02,1.925027742981910706e-02,2.030044421553611755e-02,5.322162061929702759e-02
3.320938050746917725e-01,5.609512329101562500e-01,2.416804060339927673e-02,1.135467272251844406e-02,2.796828560531139374e-02,4.346395283937454224e-02
2.978208363056182861e-01,6.079605221748352051e-01,2.876170910894870758e-02,1.416646316647529602e-02,2.059887349605560303e-02,3.069151937961578369e-02
2.405337691307067871e-01,6.741733551025390625e-01,2.766136266291141510e-02,1.299754064530134201e-02,1.542476471513509750e-02,2.920922823250293732e-02
3.489319086074829102e-01,5.403997302055358887e-01,1.922190003097057343e-02,2.181780897080898285e-02,7.028266321867704391e-03,6.260034441947937012e-02
4.507320225238800049e-01,4.430972635746002197e-01,1.548978779464960098e-02,2.650363743305206299e-02,4.599913023412227631e-03,5.957736447453498840e-02
4.259572029113769531e-01,4.665576219558715820e-01,1.154936570674180984e-02,2.448581531643867493e-02,3.218168392777442932e-03,6.823184341192245483e-02
4.538736939430236816e-01,4.613769948482513428e-01,1.333689969033002853e-02,1.877830550074577332e-02,4.764107521623373032e-03,4.786986112594604492e-02
2.755912542343139648e-01,6.603614687919616699e-01,1.740732043981552124e-02,2.396998926997184753e-02,4.935051314532756805e-03,1.773490943014621735e-02
2.570837438106536865e-01,6.767707467079162598e-01,1.855317503213882446e-02,2.832091972231864929e-02,4.423703067004680634e-03,1.484770141541957855e-02
3.148596286773681641e-01,6.225857138633728027e-01,2.128348685801029205e-02,2.610133029520511627e-02,4.592510871589183807e-03,1.057725027203559875e-02
2.268120050430297852e-01,7.067111730575561523e-01,2.440081164240837097e-02,2.608409337699413300e-02,5.833295173943042755e-03,1.015857513993978500e-02
1.818601340055465698e-01,7.616636753082275391e-01,2.013794332742691040e-02,2.066656388342380524e-02,3.823433304205536842e-03,1.184813212603330612e-02
2.488396018743515015e-01,6.872778534889221191e-01,2.044266462326049805e-02,1.915492676198482513e-02,4.068341571837663651e-03,2.021658048033714294e-02
2.483581900596618652e-01,6.760729551315307617e-01,1.914551854133605957e-02,1.833336241543292999e-02,5.174298305064439774e-03,3.291565179824829102e-02
3.093632757663726807e-01,6.194627285003662109e-01,1.508185453712940216e-02,1.083489507436752319e-02,5.970191210508346558e-03,3.928703442215919495e-02
2.712604999542236328e-01,6.684901714324951172e-01,1.589524373412132263e-02,1.070193853229284286e-02,5.739681888371706009e-03,2.791243046522140503e-02
1.706006526947021484e-01,7.825502753257751465e-01,1.243914477527141571e-02,7.685297634452581406e-03,4.531269427388906479e-03,2.219340018928050995e-02
1.904843300580978394e-01,7.552815675735473633e-01,1.175629720091819763e-02,1.915792562067508698e-02,2.270570956170558929e-03,2.104935422539710999e-02
2.141541540622711182e-01,7.320776581764221191e-01,9.891822002828121185e-03,1.874989643692970276e-02,1.808480126783251762e-03,2.331788837909698486e-02
2.040341943502426147e-01,7.336464524269104004e-01,1.062940899282693863e-02,2.430159971117973328e-02,2.098148921504616737e-03,2.529014833271503448e-02
2.778559923171997070e-01,6.528316736221313477e-01,1.513453014194965363e-02,2.886470966041088104e-02,3.801296697929501534e-03,2.151184901595115662e-02
2.208724915981292725e-01,7.089502215385437012e-01,1.866579614579677582e-02,2.911724336445331573e-02,6.902690511196851730e-03,1.549152750521898270e-02
1.962214857339859009e-01,7.370442748069763184e-01,2.057427167892456055e-02,1.597696356475353241e-02,1.493895985186100006e-02,1.524411886930465698e-02
2.930775582790374756e-01,6.093249917030334473e-01,2.373896539211273193e-02,3.533624112606048584e-02,7.746088318526744843e-03,3.077607043087482452e-02
4.821522831916809082e-01,4.143118560314178467e-01,1.836097426712512970e-02,2.700564637780189514e-02,1.112722326070070267e-02,4.704200848937034607e-02
2.852592468261718750e-01,6.497663259506225586e-01,2.614530734717845917e-02,1.913996227085590363e-02,6.129347253590822220e-03,1.355976145714521408e-02
3.062011897563934326e-01,6.375409960746765137e-01,2.097222395241260529e-02,1.109097339212894440e-02,6.537599023431539536e-03,1.765711791813373566e-02
2.606496810913085938e-01,6.860154867172241211e-01,2.003150992095470428e-02,1.440944429486989975e-02,5.947512574493885040e-03,1.294643338769674301e-02
1.256660670042037964e-01,8.229214549064636230e-01,2.721937559545040131e-02,1.097758673131465912e-02,7.077726535499095917e-03,6.137799005955457687e-03
1.267276555299758911e-01,8.153806328773498535e-01,2.640240825712680817e-02,1.572076976299285889e-02,5.216134246438741684e-03,1.055240724235773087e-02
1.202828660607337952e-01,8.162372112274169922e-01,2.614438533782958984e-02,1.673511043190956116e-02,5.961021408438682556e-03,1.463939994573593140e-02
1.920451670885086060e-01,7.284283638000488281e-01,2.129676938056945801e-02,2.555282227694988251e-02,3.665351541712880135e-03,2.901161834597587585e-02
3.076433539390563965e-01,5.898349285125732422e-01,1.694815792143344879e-02,2.723039500415325165e-02,2.856142353266477585e-03,5.548701062798500061e-02
3.035020530223846436e-01,6.226395368576049805e-01,1.980760693550109863e-02,1.521250139921903610e-02,5.741425789892673492e-03,3.309694677591323853e-02
5.657034516334533691e-01,3.517157137393951416e-01,1.031954679638147354e-02,2.334155514836311340e-02,2.869298681616783142e-03,4.605052247643470764e-02
5.013359189033508301e-01,4.190122187137603760e-01,1.270753517746925354e-02,2.099442109465599060e-02,3.117324318736791611e-03,4.283258691430091858e-02
3.538268208503723145e-01,5.849259495735168457e-01,1.973039098083972931e-02,1.568739861249923706e-02,5.471736192703247070e-03,2.035768143832683563e-02
5.438026189804077148e-01,3.963753581047058105e-01,1.719100028276443481e-02,1.415210962295532227e-02,6.087573710829019547e-03,2.239133976399898529e-02
4.910269379615783691e-01,4.494503736495971680e-01,1.633770018815994263e-02,2.079736813902854919e-02,5.680713802576065063e-03,1.670697890222072601e-02
6.810586452484130859e-01,2.293715924024581909e-01,8.419717662036418915e-03,1.323849149048328400e-02,3.318880684673786163e-03,6.459257751703262329e-02
7.537566423416137695e-01,1.116129979491233826e-01,4.311457742005586624e-03,1.740280911326408386e-02,1.480148872360587120e-03,1.114360168576240540e-01
6.670094728469848633e-01,1.610832214355468750e-01,3.646164666861295700e-03,2.042815461754798889e-02,9.361571865156292915e-04,1.468967944383621216e-01
7.314461469650268555e-01,1.301218867301940918e-01,3.900569630786776543e-03,2.157952450215816498e-02,9.549345122650265694e-04,1.119969040155410767e-01
3.790418207645416260e-01,5.488150119781494141e-01,1.329596992582082748e-02,1.666227728128433228e-02,4.078088793903589249e-03,3.810691088438034058e-02
2.328329682350158691e-01,7.119481563568115234e-01,2.137721143662929535e-02,1.536228507757186890e-02,4.562899004667997360e-03,1.391655486077070236e-02
2.829057574272155762e-01,6.553668379783630371e-01,2.485879138112068176e-02,1.091808918863534927e-02,7.701699156314134598e-03,1.824875921010971069e-02
1.275031715631484985e-01,8.217720389366149902e-01,1.835480146110057831e-02,1.101021934300661087e-02,5.629930179566144943e-03,1.572980545461177826e-02
1.798742562532424927e-01,7.519010901451110840e-01,2.175337262451648712e-02,2.084569633007049561e-02,4.458921030163764954e-03,2.116664871573448181e-02
1.423642784357070923e-01,7.212754487991333008e-01,6.066201254725456238e-02,6.088057532906532288e-02,3.474285127595067024e-03,1.134336460381746292e-02
1.382737904787063599e-01,7.461542487144470215e-01,5.285325273871421814e-02,4.524281993508338928e-02,5.185558926314115524e-03,1.229036971926689148e-02
1.761814951896667480e-01,7.143803834915161133e-01,5.926426872611045837e-02,3.288563713431358337e-02,6.315685808658599854e-03,1.097266655415296555e-02
2.390916794538497925e-01,6.342604160308837891e-01,6.059657037258148193e-02,3.170940652489662170e-02,8.216358721256256104e-03,2.612549252808094025e-02
4.522290229797363281e-01,4.500429928302764893e-01,1.883198879659175873e-02,1.190375257283449173e-02,7.692831568419933319e-03,5.929942801594734192e-02
3.280651867389678955e-01,6.009954810142517090e-01,1.954497955739498138e-02,1.149383466690778732e-02,6.147596519440412521e-03,3.375301137566566467e-02
2.451739609241485596e-01,6.877898573875427246e-01,1.642198674380779266e-02,1.636627875268459320e-02,4.273240454494953156e-03,2.997464500367641449e-02
1.604671478271484375e-01,7.862777709960937500e-01,2.135880663990974426e-02,1.202510483562946320e-02,5.459590349346399307e-03,1.441156677901744843e-02
7.565178722143173218e-02,8.828159570693969727e-01,1.927692815661430359e-02,8.816190995275974274e-03,6.305381190031766891e-03,7.133929990231990814e-03
8.754213899374008179e-02,8.678247332572937012e-01,1.944741792976856232e-02,9.892912581562995911e-03,7.252848241478204727e-03,8.039894513785839081e-03
9.204842150211334229e-02,8.566433191299438477e-01,2.047769352793693542e-02,7.528801448643207550e-03,1.417522691190242767e-02,9.126602672040462494e-03
1.116447225213050842e-01,8.337619900703430176e-01,2.213791012763977051e-02,7.939133793115615845e-03,1.447369530797004700e-02,1.004245877265930176e-02
1.109400764107704163e-01,8.315689563751220703e-01,2.264266088604927063e-02,1.004876475781202316e-02,1.348369754850864410e-02,1.131587941199541092e-02
1.524697393178939819e-01,7.736793160438537598e-01,2.337264642119407654e-02,1.594988629221916199e-02,9.763801470398902893e-03,2.476459555327892303e-02
1.128347739577293396e-01,8.296759724617004395e-01,2.300786040723323822e-02,1.320215035229921341e-02,8.602706715464591980e-03,1.267659012228250504e-02
1.289952546358108521e-01,8.033977150917053223e-01,2.280461415648460388e-02,2.129130065441131592e-02,6.222143769264221191e-03,1.728906109929084778e-02
2.894878387451171875e-01,6.319667696952819824e-01,1.879589632153511047e-02,3.209757804870605469e-02,4.302054177969694138e-03,2.334991469979286194e-02
3.484414815902709961e-01,5.612134933471679688e-01,1.842556893825531006e-02,4.730621352791786194e-02,3.010876942425966263e-03,2.160235680639743805e-02
4.820105433464050293e-01,4.159198999404907227e-01,1.562824100255966187e-02,5.960056185722351074e-02,2.032866468653082848e-03,2.480797842144966125e-02
3.222537040710449219e-01,5.639206767082214355e-01,1.931275241076946259e-02,7.445378601551055908e-02,2.868796000257134438e-03,1.719023846089839935e-02
1.952987164258956909e-01,7.414827346801757812e-01,2.185475639998912811e-02,2.958590537309646606e-02,3.520123427733778954e-03,8.257724344730377197e-03
2.011121809482574463e-01,7.237051129341125488e-01,1.843576692044734955e-02,3.456652909517288208e-02,3.601681208238005638e-03,1.857865415513515472e-02
3.602209389209747314e-01,5.547388195991516113e-01,1.389412209391593933e-02,2.926194667816162109e-02,3.526699263602495193e-03,3.835755214095115662e-02
5.891506075859069824e-01,3.022823333740234375e-01,8.583878166973590851e-03,2.596401982009410858e-02,2.199889393523335457e-03,7.181931287050247192e-02
6.291608810424804688e-01,2.463537901639938354e-01,7.843777537345886230e-03,3.894585743546485901e-02,2.130205510184168816e-03,7.556553184986114502e-02
3.467044234275817871e-01,5.784392356872558594e-01,1.189754717051982880e-02,2.673016302287578583e-02,2.936191158369183540e-03,3.329242765903472900e-02
2.105967402458190918e-01,7.222108244895935059e-01,2.258042246103286743e-02,2.490329369902610779e-02,3.896781709045171738e-03,1.581189408898353577e-02
1.258668750524520874e-01,8.148738741874694824e-01,3.056257031857967377e-02,1.441851537674665451e-02,6.801007781177759171e-03,7.477310020476579666e-03
9.307825565338134766e-02,8.600326776504516602e-01,2.604278549551963806e-02,1.034928020089864731e-02,5.117570981383323669e-03,5.379452835768461227e-03
7.778984308242797852e-02,8.752549290657043457e-01,2.654661796987056732e-02,7.863562554121017456e-03,8.045765571296215057e-03,4.499268252402544022e-03
1.649690568447113037e-01,7.778538465499877930e-01,2.555150352418422699e-02,1.024983543902635574e-02,1.231224741786718369e-02,9.063438512384891510e-03
2.107790410518646240e-01,7.331073284149169922e-01,2.295459993183612823e-02,1.143486052751541138e-02,1.129192858934402466e-02,1.043217349797487259e-02
2.098596096038818359e-01,7.344693541526794434e-01,2.331368438899517059e-02,1.173689216375350952e-02,1.038397569209337234e-02,1.023648399859666824e-02
2.347244024276733398e-01,7.175118327140808105e-01,2.039678953588008881e-02,7.669441867619752884e-03,1.137729361653327942e-02,8.320210501551628113e-03
2.860823571681976318e-01,6.610956192016601562e-01,2.307391352951526642e-02,1.039657555520534515e-02,8.436785079538822174e-03,1.091472711414098740e-02
1.681255549192428589e-01,7.917408347129821777e-01,1.978927291929721832e-02,8.117672055959701538e-03,5.625762976706027985e-03,6.600958295166492462e-03
1.524925827980041504e-01,8.079912662506103516e-01,1.818849518895149231e-02,5.900927819311618805e-03,9.100596420466899872e-03,6.326127331703901291e-03
1.672584712505340576e-01,7.863467335700988770e-01,2.059449627995491028e-02,1.012816186994314194e-02,8.507438935339450836e-03,7.164703216403722763e-03
1.048819199204444885e-01,8.565400242805480957e-01,1.766726747155189514e-02,6.835796870291233063e-03,8.865070529282093048e-03,5.209967959672212601e-03
1.645580679178237915e-01,7.968201041221618652e-01,1.468186825513839722e-02,8.568621240556240082e-03,7.971453480422496796e-03,7.399994414299726486e-03
3.726621568202972412e-01,5.514229536056518555e-01,1.688737422227859497e-02,3.178278356790542603e-02,4.780790302902460098e-03,2.246376313269138336e-02
4.291017353534698486e-01,4.913235008716583252e-01,1.465299818664789200e-02,3.751422837376594543e-02,3.027488710358738899e-03,2.438006177544593811e-02
5.920332074165344238e-01,3.266339600086212158e-01,1.492848340421915054e-02,2.937404252588748932e-02,3.911760635673999786e-03,3.311859816312789917e-02
4.739775359630584717e-01,4.437925517559051514e-01,1.734984107315540314e-02,3.791025653481483459e-02,3.657701425254344940e-03,2.331206947565078735e-02
5.575646162033081055e-01,3.555935919284820557e-01,1.121042482554912567e-02,2.723539806902408600e-02,3.452843986451625824e-03,4.494315758347511292e-02
3.648554384708404541e-01,5.589566826820373535e-01,1.616811379790306091e-02,2.844259142875671387e-02,3.653606167063117027e-03,2.792352810502052307e-02
3.879394531250000000e-01,5.279327034950256348e-01,1.333854161202907562e-02,3.669878467917442322e-02,2.280903980135917664e-03,3.180956840515136719e-02
2.931108474731445312e-01,6.398291587829589844e-01,1.847891323268413544e-02,2.762134931981563568e-02,2.311004325747489929e-03,1.864885166287422180e-02
2.283182144165039062e-01,7.044217586517333984e-01,2.725054882466793060e-02,2.822266146540641785e-02,2.998492447659373283e-03,8.788225241005420685e-03
1.211081221699714661e-01,8.189785480499267578e-01,3.660560026764869690e-02,1.463133003562688828e-02,4.103318788111209869e-03,4.573224112391471863e-03
2.471887171268463135e-01,6.944757103919982910e-01,2.487303689122200012e-02,1.688911393284797668e-02,4.349209833890199661e-03,1.222428027540445328e-02
2.779205143451690674e-01,6.590728759765625000e-01,2.561618015170097351e-02,1.111463923007249832e-02,1.135199703276157379e-02,1.492373365908861160e-02
3.181336820125579834e-01,6.141096949577331543e-01,2.633314579725265503e-02,1.087178941816091537e-02,1.329507585614919662e-02,1.725668460130691528e-02
3.577834665775299072e-01,5.820120573043823242e-01,2.592979930341243744e-02,8.212061598896980286e-03,1.230941247195005417e-02,1.375324465334415436e-02
3.041100502014160156e-01,6.256514787673950195e-01,2.973134815692901611e-02,8.578105829656124115e-03,1.525592990219593048e-02,1.667307876050472260e-02
2.477542310953140259e-01,6.960113048553466797e-01,2.566562034189701080e-02,1.240286231040954590e-02,6.181444041430950165e-03,1.198455598205327988e-02
2.964535951614379883e-01,6.314634680747985840e-01,3.375600278377532959e-02,2.392380125820636749e-02,4.585176706314086914e-03,9.818023070693016052e-03
1.404207199811935425e-01,7.943695187568664551e-01,3.425828740000724792e-02,1.891290955245494843e-02,4.733367357403039932e-03,7.305264938622713089e-03
1.633669883012771606e-01,7.649979591369628906e-01,3.446425125002861023e-02,1.479227840900421143e-02,1.172275375574827194e-02,1.065579894930124283e-02
1.947313249111175537e-01,7.226952910423278809e-01,3.438947722315788269e-02,1.807871833443641663e-02,1.624356023967266083e-02,1.386172231286764145e-02
1.743295341730117798e-01,7.519717812538146973e-01,2.808145061135292053e-02,7.212824653834104538e-03,2.575499564409255981e-02,1.264934334903955460e-02
3.035485446453094482e-01,6.382611989974975586e-01,2.437222003936767578e-02,8.803645148873329163e-03,1.317813619971275330e-02,1.183623261749744415e-02
3.063792884349822998e-01,6.412056684494018555e-01,2.112183347344398499e-02,1.001468300819396973e-02,9.143804199993610382e-03,1.213466282933950424e-02
2.863699495792388916e-01,6.632525324821472168e-01,2.171402797102928162e-02,1.251838542520999908e-02,4.587523639202117920e-03,1.155756507068872452e-02
3.112037479877471924e-01,6.311340332031250000e-01,2.248040027916431427e-02,1.359878573566675186e-02,6.866609677672386169e-03,1.471655350178480148e-02
2.711372077465057373e-01,6.742364168167114258e-01,2.542177215218544006e-02,1.268730219453573227e-02,6.387441884726285934e-03,1.012982986867427826e-02
2.103802412748336792e-01,7.310454249382019043e-01,2.814183384180068970e-02,1.343033462762832642e-02,7.937087677419185638e-03,9.064965881407260895e-03
2.353209704160690308e-01,6.929890513420104980e-01,2.484139800071716309e-02,2.835049107670783997e-02,7.146554999053478241e-03,1.135158073157072067e-02
2.731542885303497314e-01,6.571505069732666016e-01,2.458056248724460602e-02,2.424663491547107697e-02,9.708428755402565002e-03,1.115959882736206055e-02
2.793928682804107666e-01,6.214581131935119629e-01,3.421371430158615112e-02,4.817646741867065430e-02,5.850607063621282578e-03,1.090820878744125366e-02
4.149856567382812500e-01,4.882872402667999268e-01,2.350833453238010406e-02,3.730797395110130310e-02,8.441691286861896515e-03,2.746910415589809418e-02
2.450047582387924194e-01,6.872709989547729492e-01,2.344344183802604675e-02,2.115543000400066376e-02,6.586528848856687546e-03,1.653884351253509521e-02
2.427311092615127563e-01,7.064558863639831543e-01,2.046401798725128174e-02,1.196046359837055206e-02,5.179589614272117615e-03,1.320887263864278793e-02
2.075097858905792236e-01,7.248474359512329102e-01,2.656596712768077850e-02,2.520496211946010590e-02,3.991878591477870941e-03,1.187994237989187241e-02
2.652502954006195068e-01,6.794590950012207031e-01,2.354764193296432495e-02,1.559458207339048386e-02,5.603920668363571167e-03,1.054453384131193161e-02
1.263212710618972778e-01,8.250707983970642090e-01,2.712092176079750061e-02,1.262076478451490402e-02,3.696620697155594826e-03,5.169556010514497757e-03
1.347845643758773804e-01,8.187993168830871582e-01,1.741620339453220367e-02,1.738476380705833435e-02,2.430355874821543694e-03,9.184895083308219910e-03
1.324681043624877930e-01,8.082547187805175781e-01,1.921599358320236206e-02,2.776308916509151459e-02,3.086368786171078682e-03,9.211853146553039551e-03
9.916245937347412109e-02,8.696956634521484375e-01,1.338573172688484192e-02,9.412246756255626678e-03,2.427526749670505524e-03,5.916347261518239975e-03
2.086820006370544434e-01,7.456906437873840332e-01,9.342972189188003540e-03,1.384222693741321564e-02,1.928068115375936031e-03,2.051419764757156372e-02
2.827793359756469727e-01,6.795228123664855957e-01,1.288315281271934509e-02,1.136652380228042603e-02,2.751110820099711418e-03,1.069698203355073929e-02
3.314213454723358154e-01,6.351125240325927734e-01,1.236893422901630402e-02,9.138352237641811371e-03,2.269036136567592621e-03,9.689796715974807739e-03
2.572784721851348877e-01,7.009554505348205566e-01,1.565316878259181976e-02,1.527872402220964432e-02,2.078883349895477295e-03,8.755293674767017365e-03
1.822209060192108154e-01,7.770479321479797363e-01,1.962692663073539734e-02,1.116591505706310272e-02,3.757651196792721748e-03,6.180649157613515854e-03
8.595988899469375610e-02,8.787894845008850098e-01,1.906158961355686188e-02,9.044898673892021179e-03,3.336954629048705101e-03,3.807250643149018288e-03
6.290703266859054565e-02,8.948177695274353027e-01,2.209171839058399200e-02,1.342472340911626816e-02,2.671164460480213165e-03,4.087575245648622513e-03
7.291546463966369629e-02,8.844730854034423828e-01,2.313715964555740356e-02,1.036097574979066849e-02,4.760747309774160385e-03,4.352530464529991150e-03
1.463694572448730469e-01,7.842105627059936523e-01,2.172388322651386261e-02,3.043113276362419128e-02,3.467166097834706306e-03,1.379775628447532654e-02
3.287788927555084229e-01,5.946322679519653320e-01,1.357407029718160629e-02,3.113369084894657135e-02,2.973698545247316360e-03,2.890729345381259918e-02
2.988695800304412842e-01,6.012381315231323242e-01,1.463590655475854874e-02,5.143911764025688171e-02,2.088216831907629967e-03,3.172908723354339600e-02
4.377123415470123291e-01,3.720296919345855713e-01,7.758880034089088440e-03,7.014567404985427856e-02,1.070267055183649063e-03,1.112831309437751770e-01
2.162397056818008423e-01,6.405296921730041504e-01,1.373116392642259598e-02,7.070312649011611938e-02,1.654206658713519573e-03,5.714210495352745056e-02
1.762017905712127686e-01,7.348372340202331543e-01,1.183112524449825287e-02,3.642570599913597107e-02,1.465945271775126457e-03,3.923819214105606079e-02
1.906615793704986572e-01,7.170900106430053711e-01,1.080482546240091324e-02,3.511677682399749756e-02,1.281701261177659035e-03,4.504508897662162781e-02
1.046913042664527893e-01,8.571717739105224609e-01,1.532063260674476624e-02,1.285039912909269333e-02,2.179604489356279373e-03,7.786244619637727737e-03
1.375389546155929565e-01,8.259037733078002930e-01,1.460133120417594910e-02,8.656886406242847443e-03,3.186922054737806320e-03,1.011212170124053955e-02
1.640764921903610229e-01,7.952952384948730469e-01,1.663797348737716675e-02,1.223379839211702347e-02,2.744668629020452499e-03,9.011884219944477081e-03
1.235199719667434692e-01,8.425928354263305664e-01,1.438939943909645081e-02,1.002365350723266602e-02,1.853408990427851677e-03,7.620631717145442963e-03
2.239152044057846069e-01,7.305961251258850098e-01,1.587414368987083435e-02,1.312572043389081955e-02,2.654624637216329575e-03,1.383414398878812790e-02
1.871255785226821899e-01,7.640151977539062500e-01,1.498163025826215744e-02,1.185871101915836334e-02,2.915526507422327995e-03,1.910341717302799225e-02
2.180245369672775269e-01,7.350368499755859375e-01,1.591443829238414764e-02,9.918332099914550781e-03,4.172688815742731094e-03,1.693312451243400574e-02
2.646575570106506348e-01,6.795709133148193359e-01,2.093574404716491699e-02,1.315951719880104065e-02,4.997721873223781586e-03,1.667851395905017853e-02
3.282865881919860840e-01,6.162479519844055176e-01,1.845261827111244202e-02,1.800000108778476715e-02,6.026917137205600739e-03,1.298592146486043930e-02
2.169804424047470093e-01,7.360395193099975586e-01,1.925392821431159973e-02,1.205215882509946823e-02,6.155426148325204849e-03,9.518551640212535858e-03
3.495914936065673828e-01,5.940055251121520996e-01,1.895321905612945557e-02,1.227360125631093979e-02,1.060595829039812088e-02,1.457029301673173904e-02
6.207876205444335938e-01,2.857328951358795166e-01,1.278589945286512375e-02,2.465791441500186920e-02,5.707115866243839264e-03,5.032858252525329590e-02
6.576303243637084961e-01,2.375808060169219971e-01,1.015864685177803040e-02,3.198633715510368347e-02,3.839786862954497337e-03,5.880399420857429504e-02
7.413009405136108398e-01,1.682682782411575317e-01,8.801894262433052063e-03,2.277815900743007660e-02,2.708992920815944672e-03,5.614176765084266663e-02
6.270875930786132812e-01,2.956416010856628418e-01,1.203260850161314011e-02,2.195174433290958405e-02,3.951257560402154922e-03,3.933526575565338135e-02
4.681701362133026123e-01,4.528851509094238281e-01,2.010146528482437134e-02,1.777815818786621094e-02,5.434953607618808746e-03,3.563017770648002625e-02
4.132013618946075439e-01,5.169848203659057617e-01,1.901170797646045685e-02,1.380115840584039688e-02,6.042188033461570740e-03,3.095876798033714294e-02
5.903000831604003906e-01,3.306096792221069336e-01,1.566611602902412415e-02,1.344319246709346771e-02,7.604944519698619843e-03,4.237599670886993408e-02
5.873998403549194336e-01,3.349928557872772217e-01,1.804270222783088684e-02,2.045899443328380585e-02,6.559295579791069031e-03,3.254627436399459839e-02
6.054613590240478516e-01,3.286543488502502441e-01,1.457554008811712265e-02,1.725468412041664124e-02,3.810891415923833847e-03,3.024305589497089386e-02
5.899158716201782227e-01,3.557845950126647949e-01,1.427878253161907196e-02,1.222334895282983780e-02,4.919733852148056030e-03,2.287767641246318817e-02
4.730486571788787842e-01,4.783326685428619385e-01,1.345129124820232391e-02,1.261720806360244751e-02,4.578690975904464722e-03,1.797136105597019196e-02
5.305411815643310547e-01,4.131522476673126221e-01,1.194664929062128067e-02,1.575719006359577179e-02,4.472329746931791306e-03,2.413050644099712372e-02
4.813337326049804688e-01,4.577306807041168213e-01,2.049833722412586212e-02,1.783083938062191010e-02,6.120723672211170197e-03,1.648570224642753601e-02
4.020583331584930420e-01,5.183234214782714844e-01,1.726124063134193420e-02,2.212009206414222717e-02,5.423058755695819855e-03,3.481387346982955933e-02
3.997827470302581787e-01,4.988676309585571289e-01,1.760197244584560394e-02,2.461314015090465546e-02,7.492783013731241226e-03,5.164174735546112061e-02
3.957658410072326660e-01,5.072950720787048340e-01,1.723186485469341278e-02,3.329646587371826172e-02,5.880745127797126770e-03,4.053007438778877258e-02
2.493015974760055542e-01,6.668698191642761230e-01,2.427127957344055176e-02,2.756263315677642822e-02,7.459091488271951675e-03,2.453561685979366302e-02
4.176698625087738037e-01,5.128867030143737793e-01,1.363841723650693893e-02,1.736440882086753845e-02,5.753888748586177826e-03,3.268672153353691101e-02
3.062613606452941895e-01,6.152247786521911621e-01,1.406869478523731232e-02,3.671891242265701294e-02,3.211697796359658241e-03,2.451466023921966553e-02
3.360403478145599365e-01,5.995101332664489746e-01,1.138611789792776108e-02,2.519894950091838837e-02,2.279094187542796135e-03,2.558525651693344116e-02
1.833475381135940552e-01,7.366358041763305664e-01,1.361289341002702713e-02,4.117012023925781250e-02,1.536333118565380573e-03,2.369732782244682312e-02
1.157295852899551392e-01,8.319059610366821289e-01,2.120621129870414734e-02,2.023501321673393250e-02,2.100979676470160484e-03,8.822249248623847961e-03
7.258979976177215576e-02,8.815414905548095703e-01,2.405113726854324341e-02,1.233110111206769943e-02,2.832193393260240555e-03,6.654179655015468597e-03
1.509499996900558472e-01,7.747778892517089844e-01,2.356965839862823486e-02,1.927090063691139221e-02,4.442632663995027542e-03,2.698890492320060730e-02
2.114787548780441284e-01,7.232003211975097656e-01,1.292587537318468094e-02,1.708801649510860443e-02,2.744243945926427841e-03,3.256274014711380005e-02
2.523296177387237549e-01,6.623800396919250488e-01,1.879602484405040741e-02,1.888597756624221802e-02,4.263424314558506012e-03,4.334500059485435486e-02
2.721670866012573242e-01,6.646381020545959473e-01,1.359880529344081879e-02,1.459026802331209183e-02,3.888559527695178986e-03,3.111717291176319122e-02
2.664661705493927002e-01,6.692520380020141602e-01,2.031504735350608826e-02,1.399562601000070572e-02,4.760550335049629211e-03,2.521057240664958954e-02
2.520057857036590576e-01,6.893159151077270508e-01,2.923691459000110626e-02,8.396552875638008118e-03,1.152526773512363434e-02,9.519533254206180573e-03
3.531419932842254639e-01,5.877944231033325195e-01,2.448432333767414093e-02,9.908399544656276703e-03,1.027463935315608978e-02,1.439612358808517456e-02
5.458222031593322754e-01,3.841715157032012939e-01,1.688944362103939056e-02,1.969432830810546875e-02,7.669624406844377518e-03,2.575282193720340729e-02
6.560329794883728027e-01,2.760578691959381104e-01,1.238156110048294067e-02,1.462093368172645569e-02,5.533346440643072128e-03,3.537333384156227112e-02
5.407269001007080078e-01,4.040599465370178223e-01,1.593919470906257629e-02,1.694831810891628265e-02,5.113556049764156342e-03,1.721203885972499847e-02
5.819333195686340332e-01,3.520131111145019531e-01,1.627742499113082886e-02,2.145473472774028778e-02,5.322852637618780136e-03,2.299867942929267883e-02
3.607018589973449707e-01,5.724483132362365723e-01,2.178166061639785767e-02,1.267558149993419647e-02,7.491231430321931839e-03,2.490129694342613220e-02
1.826508343219757080e-01,7.610191106796264648e-01,2.335630916059017181e-02,1.138238608837127686e-02,6.577675696462392807e-03,1.501372363418340683e-02
1.506860852241516113e-01,7.858526706695556641e-01,2.581058628857135773e-02,1.611553691327571869e-02,6.071564741432666779e-03,1.546353194862604141e-02
8.147858828306198120e-02,8.774409294128417969e-01,2.442921325564384460e-02,6.608472671359777451e-03,5.944365169852972031e-03,4.098399542272090912e-03
9.004522114992141724e-02,8.726296424865722656e-01,1.980908028781414032e-02,5.866072140634059906e-03,7.256550714373588562e-03,4.393404815346002579e-03
1.848587989807128906e-01,7.697958946228027344e-01,1.449355017393827438e-02,8.719678036868572235e-03,5.463878158479928970e-03,1.666821353137493134e-02
2.646875381469726562e-01,6.783686280250549316e-01,1.445010025054216385e-02,1.251239050179719925e-02,5.677400156855583191e-03,2.430390194058418274e-02
2.391898930072784424e-01,6.992981433868408203e-01,1.634566485881805420e-02,1.628156751394271851e-02,4.458050709217786789e-03,2.442652918398380280e-02
2.242933511734008789e-01,7.205219268798828125e-01,1.663906127214431763e-02,1.853778213262557983e-02,3.236028132960200310e-03,1.677186600863933563e-02
1.359001100063323975e-01,8.187034130096435547e-01,1.968868076801300049e-02,1.464592758566141129e-02,3.179843304678797722e-03,7.882107980549335480e-03
1.926743537187576294e-01,7.659953832626342773e-01,2.096122875809669495e-02,8.342051878571510315e-03,4.575088154524564743e-03,7.451875135302543640e-03
2.327664047479629517e-01,7.073904871940612793e-01,1.360808592289686203e-02,1.204587239772081375e-02,3.725228132680058479e-03,3.046392649412155151e-02
2.494107186794281006e-01,6.814989447593688965e-01,1.424671616405248642e-02,1.561142224818468094e-02,4.564950708299875259e-03,3.466727957129478455e-02
2.639639377593994141e-01,6.226795315742492676e-01,1.586057431995868683e-02,2.467577531933784485e-02,6.607595365494489670e-03,6.621258705854415894e-02
2.162070274353027344e-01,6.823368072509765625e-01,1.568651944398880005e-02,2.859908528625965118e-02,5.631056148558855057e-03,5.153956636786460876e-02
1.681214570999145508e-01,7.714635729789733887e-01,2.288051135838031769e-02,2.094688639044761658e-02,4.507986363023519516e-03,1.207962539047002792e-02
2.005017399787902832e-01,7.369332313537597656e-01,2.469647489488124847e-02,2.410979755222797394e-02,3.671405371278524399e-03,1.008738111704587936e-02
2.812087833881378174e-01,6.579169034957885742e-01,2.530051022768020630e-02,1.544739212840795517e-02,6.675797514617443085e-03,1.345053315162658691e-02
3.572078943252563477e-01,5.901789069175720215e-01,2.015510946512222290e-02,8.995579555630683899e-03,7.159580010920763016e-03,1.630294695496559143e-02
6.406911015510559082e-01,2.883406579494476318e-01,1.625383272767066956e-02,1.201950106769800186e-02,8.264515548944473267e-03,3.443041443824768066e-02
6.486952900886535645e-01,2.655109763145446777e-01,1.159947738051414490e-02,7.940351031720638275e-03,1.113415975123643875e-02,5.511981248855590820e-02
8.097680211067199707e-01,7.193616032600402832e-02,4.231335595250129700e-03,5.817796103656291962e-03,3.849584609270095825e-03,1.043971031904220581e-01
8.876612186431884766e-01,3.518167510628700256e-02,2.065814565867185593e-03,6.193269509822130203e-03,1.464088563807308674e-03,6.743396818637847900e-02
8.879519104957580566e-01,2.937469072639942169e-02,2.032506279647350311e-03,1.049658562988042831e-02,8.412159513682126999e-04,6.930306553840637207e-02
8.903079628944396973e-01,4.043399542570114136e-02,1.983359688892960548e-03,8.980898186564445496e-03,6.649475544691085815e-04,5.762897431850433350e-02
7.020120620727539062e-01,2.221797257661819458e-01,9.054372087121009827e-03,2.331035956740379333e-02,1.736644888296723366e-03,4.170685634016990662e-02
2.208635807037353516e-01,7.392398715019226074e-01,1.410274673253297806e-02,1.437203120440244675e-02,1.952699036337435246e-03,9.469116106629371643e-03
7.705950736999511719e-02,8.951759338378906250e-01,1.255350653082132339e-02,8.591057732701301575e-03,2.046937355771660805e-03,4.572937265038490295e-03
6.323460489511489868e-02,9.085415601730346680e-01,1.553677022457122803e-02,6.096425931900739670e-03,3.007200313732028008e-03,3.583377460017800331e-03
5.412854254245758057e-02,9.162933826446533203e-01,1.826552301645278931e-02,5.529266782104969025e-03,3.234710777178406715e-03,2.548587974160909653e-03
1.367994248867034912e-01,8.195641040802001953e-01,2.034398727118968964e-02,1.464056223630905151e-02,2.452570479363203049e-03,6.199295632541179657e-03
1.465196460485458374e-01,8.030211329460144043e-01,2.831531129777431488e-02,1.218881364911794662e-02,3.447491442784667015e-03,6.507433485239744186e-03
2.551221251487731934e-01,6.721171736717224121e-01,3.340404108166694641e-02,2.561095729470252991e-02,3.906511235982179642e-03,9.839164093136787415e-03
3.688735365867614746e-01,5.833857059478759766e-01,2.031295001506805420e-02,1.270711608231067657e-02,4.177368711680173874e-03,1.054332312196493149e-02
2.453653663396835327e-01,7.029637098312377930e-01,2.291045710444450378e-02,1.562904380261898041e-02,4.785450175404548645e-03,8.345982059836387634e-03
2.415578812360763550e-01,7.101469039916992188e-01,1.818489469587802887e-02,1.332166790962219238e-02,4.913124255836009979e-03,1.187556236982345581e-02
2.539502084255218506e-01,6.926718354225158691e-01,1.706480048596858978e-02,1.788867078721523285e-02,3.571732202544808388e-03,1.485280506312847137e-02
3.332814574241638184e-01,6.151152849197387695e-01,1.671535521745681763e-02,1.551933865994215012e-02,4.142353776842355728e-03,1.522612106055021286e-02
5.167887210845947266e-01,4.189496338367462158e-01,9.466190822422504425e-03,1.076020300388336182e-02,3.662552218884229660e-03,4.037263616919517517e-02
5.102453231811523438e-01,4.149409532546997070e-01,9.052602574229240417e-03,1.171971485018730164e-02,3.494803560897707939e-03,5.054650083184242249e-02
5.518655776977539062e-01,3.699142038822174072e-01,1.023825723677873611e-02,1.681518554687500000e-02,2.136013470590114594e-03,4.903090745210647583e-02
5.320664644241333008e-01,3.586421012878417969e-01,1.507052127271890640e-02,3.595784679055213928e-02,1.833225367590785027e-03,5.642981082201004028e-02
2.899037599563598633e-01,6.283017992973327637e-01,2.579549513757228851e-02,3.784794732928276062e-02,1.965890871360898018e-03,1.618511043488979340e-02
1.773928254842758179e-01,7.439313530921936035e-01,4.002116993069648743e-02,3.094683028757572174e-02,2.522180788218975067e-03,5.185707472264766693e-03
1.830260902643203735e-01,7.419804930686950684e-01,3.407576680183410645e-02,3.165907040238380432e-02,2.409733366221189499e-03,6.848882883787155151e-03
3.643481135368347168e-01,5.646350383758544922e-01,2.571844682097434998e-02,3.075131401419639587e-02,3.112791106104850769e-03,1.143431197851896286e-02
4.335142374038696289e-01,5.068400502204895020e-01,1.855460368096828461e-02,1.933706551790237427e-02,4.286266397684812546e-03,1.746770925819873810e-02
3.497652113437652588e-01,5.815479755401611328e-01,1.751752011477947235e-02,2.747788839042186737e-02,4.530909936875104904e-03,1.916041970252990723e-02
2.732857763767242432e-01,6.464080214500427246e-01,1.645966805517673492e-02,3.106279298663139343e-02,4.155754111707210541e-03,2.862809039652347565e-02
2.603597939014434814e-01,6.487452387809753418e-01,1.509017217904329300e-02,4.051898792386054993e-02,2.759734634310007095e-03,3.252605721354484558e-02
2.968546748161315918e-01,6.335080862045288086e-01,1.173596642911434174e-02,2.443395182490348816e-02,2.755020046606659889e-03,3.071226738393306732e-02
4.189595878124237061e-01,5.046788454055786133e-01,1.107851229608058929e-02,2.109093219041824341e-02,2.984266029670834541e-03,4.120787605643272400e-02
3.877110779285430908e-01,5.539698004722595215e-01,1.141115557402372360e-02,1.247378531843423843e-02,4.650310613214969635e-03,2.978389337658882141e-02
2.440040856599807739e-01,7.085261344909667969e-01,1.390729099512100220e-02,1.100701931864023209e-02,5.415223073214292526e-03,1.714016124606132507e-02
1.020328029990196228e-01,8.616161942481994629e-01,1.560508180409669876e-02,1.008781604468822479e-02,3.559183329343795776e-03,7.098977919667959213e-03
1.250652372837066650e-01,8.366783261299133301e-01,1.919566839933395386e-02,8.551405742764472961e-03,4.712773952633142471e-03,5.796570796519517899e-03
2.723397314548492432e-01,6.803643107414245605e-01,1.846237480640411377e-02,1.078361179679632187e-02,5.957815330475568771e-03,1.209231466054916382e-02
3.431266844272613525e-01,5.916612148284912109e-01,1.554244197905063629e-02,1.507709268480539322e-02,5.281795747578144073e-03,2.931068837642669678e-02
4.314221143722534180e-01,5.024293661117553711e-01,1.211423892527818680e-02,1.279964298009872437e-02,4.034369718283414841e-03,3.720033541321754456e-02
4.264414608478546143e-01,5.090724825859069824e-01,1.422895397990942001e-02,2.085279859602451324e-02,3.311850363388657570e-03,2.609246969223022461e-02
4.106081128120422363e-01,5.098514556884765625e-01,1.465821452438831329e-02,2.337179146707057953e-02,3.098869230598211288e-03,3.841160237789154053e-02
3.366450667381286621e-01,6.000396609306335449e-01,1.503597758710384369e-02,2.167527377605438232e-02,3.588581457734107971e-03,2.301546931266784668e-02
1.894468665122985840e-01,7.079151868820190430e-01,2.715758047997951508e-02,5.909800529479980469e-02,2.717433730140328407e-03,1.366490405052900314e-02
1.253667473793029785e-01,8.182480931282043457e-01,2.071898244321346283e-02,2.408255264163017273e-02,3.358204849064350128e-03,8.225500583648681641e-03
1.083878502249717712e-01,8.455360531806945801e-01,2.208494208753108978e-02,1.551462989300489426e-02,3.402033820748329163e-03,5.074457265436649323e-03
1.202543824911117554e-01,8.310469388961791992e-01,1.978521235287189484e-02,1.694647781550884247e-02,2.794583793729543686e-03,9.172329679131507874e-03
2.088714241981506348e-01,7.412118315696716309e-01,1.758453808724880219e-02,1.412190124392509460e-02,3.463524859398603439e-03,1.474674697965383530e-02
1.986650377511978149e-01,7.458361387252807617e-01,1.632132567465305328e-02,1.751708984375000000e-02,2.869783435016870499e-03,1.879067532718181610e-02
4.067427515983581543e-01,5.039613246917724609e-01,1.185404323041439056e-02,3.301418945193290710e-02,1.718501211144030094e-03,4.270917177200317383e-02
4.879840016365051270e-01,3.859530985355377197e-01,1.083880010992288589e-02,4.582165926694869995e-02,2.977780299261212349e-03,6.642469763755798340e-02
6.542432308197021484e-01,2.711251378059387207e-01,8.021636866033077240e-03,2.052855677902698517e-02,2.461201744154095650e-03,4.362023994326591492e-02
6.380307078361511230e-01,2.657775878906250000e-01,9.543327614665031433e-03,5.679775029420852661e-02,1.977605279535055161e-03,2.787309698760509491e-02
4.577431678771972656e-01,4.701518416404724121e-01,1.517779659479856491e-02,2.886486612260341644e-02,2.952030859887599945e-03,2.511026337742805481e-02
3.171690404415130615e-01,5.970439910888671875e-01,1.938281022012233734e-02,5.029779672622680664e-02,2.126180101186037064e-03,1.398012693971395493e-02
2.682439684867858887e-01,6.625184416770935059e-01,1.780207082629203796e-02,3.666318953037261963e-02,1.795702381059527397e-03,1.297663990408182144e-02
1.310718357563018799e-01,8.210796117782592773e-01,2.375262044370174408e-02,1.530959829688072205e-02,2.680307487025856972e-03,6.106064189225435257e-03
1.349890530109405518e-01,8.146229386329650879e-01,2.362711913883686066e-02,1.348157599568367004e-02,4.168884828686714172e-03,9.110488928854465485e-03
1.716364920139312744e-01,7.588676214218139648e-01,2.564157918095588684e-02,1.993451453745365143e-02,5.533392541110515594e-03,1.838632673025131226e-02
1.398356705904006958e-01,8.047916293144226074e-01,1.404468528926372528e-02,1.835766993463039398e-02,3.076984779909253120e-03,1.989349536597728729e-02
3.793598413467407227e-01,5.120109915733337402e-01,1.042384933680295944e-02,1.851730048656463623e-02,3.024215810000896454e-03,7.666378468275070190e-02
4.824540615081787109e-01,4.388652443885803223e-01,1.282737031579017639e-02,1.762835681438446045e-02,4.265030380338430405e-03,4.395997896790504456e-02
4.667013585567474365e-01,4.226796627044677734e-01,1.380562782287597656e-02,2.338828146457672119e-02,3.355862107127904892e-03,7.006914168596267700e-02
5.457776784896850586e-01,3.353892564773559570e-01,1.153537631034851074e-02,3.562808781862258911e-02,2.204217948019504547e-03,6.946537643671035767e-02
5.461121201515197754e-01,3.071429133415222168e-01,8.008490316569805145e-03,2.847764082252979279e-02,2.124239690601825714e-03,1.081345230340957642e-01
5.013238787651062012e-01,3.061416745185852051e-01,8.680520579218864441e-03,3.121183067560195923e-02,1.935668056830763817e-03,1.507063955068588257e-01
3.275637626647949219e-01,5.658435821533203125e-01,1.151745207607746124e-02,2.319286391139030457e-02,2.770393388345837593e-03,6.911189854145050049e-02
5.309932827949523926e-01,3.573623299598693848e-01,6.177354138344526291e-03,2.042758278548717499e-02,1.771020120941102505e-03,8.326843380928039551e-02
5.227723717689514160e-01,4.157377779483795166e-01,9.504714980721473694e-03,1.852812618017196655e-02,1.975391292944550514e-03,3.148158267140388489e-02
5.120922923088073730e-01,4.260098338127136230e-01,9.162536822259426117e-03,1.905194669961929321e-02,2.037525642663240433e-03,3.164581954479217529e-02
8.157013058662414551e-01,9.803175926208496094e-02,3.373360959812998772e-03,2.519218809902667999e-02,8.824936230666935444e-04,5.681902915239334106e-02
8.544891476631164551e-01,5.682073533535003662e-02,2.103107748553156853e-03,9.267902001738548279e-03,8.448698790743947029e-04,7.647425681352615356e-02
9.029078483581542969e-01,3.103501535952091217e-02,1.205072738230228424e-03,1.043651346117258072e-02,3.541957994457334280e-04,5.406131222844123840e-02
9.008079171180725098e-01,5.314092710614204407e-02,2.432167064398527145e-03,1.391959004104137421e-02,6.383625441230833530e-04,2.906098403036594391e-02
7.937187552452087402e-01,1.617766767740249634e-01,5.976590793579816818e-03,2.339661680161952972e-02,1.058056368492543697e-03,1.407325360924005508e-02
7.132056355476379395e-01,2.362966537475585938e-01,8.231530897319316864e-03,2.508160099387168884e-02,1.544803031720221043e-03,1.563970744609832764e-02
7.369071841239929199e-01,2.098671644926071167e-01,7.603350095450878143e-03,2.154578268527984619e-02,2.417779061943292618e-03,2.165872417390346527e-02
8.081854581832885742e-01,1.248260140419006348e-01,4.527391400188207626e-03,2.147492952644824982e-02,2.053109230473637581e-03,3.893312811851501465e-02
5.947401523590087891e-01,3.417493104934692383e-01,1.018734835088253021e-02,2.245824411511421204e-02,3.415676532313227654e-03,2.744930423796176910e-02
6.478872895240783691e-01,3.056885302066802979e-01,8.391710929572582245e-03,1.367773581296205521e-02,2.833850681781768799e-03,2.152084931731224060e-02
6.543194055557250977e-01,2.905474305152893066e-01,7.367164362221956253e-03,1.726685091853141785e-02,2.384841674938797951e-03,2.811422385275363922e-02
4.602546691894531250e-01,4.909479022026062012e-01,1.097346656024456024e-02,1.547047588974237442e-02,2.120212186127901077e-03,2.023322321474552155e-02
4.109629094600677490e-01,5.455172657966613770e-01,1.015564706176519394e-02,1.298789586871862411e-02,1.981503795832395554e-03,1.839486323297023773e-02
3.672338426113128662e-01,5.719903111457824707e-01,1.465990953147411346e-02,2.645464241504669189e-02,2.289752010256052017e-03,1.737158000469207764e-02
3.229153454303741455e-01,5.899506211280822754e-01,1.866468042135238647e-02,4.316287860274314880e-02,2.813770901411771774e-03,2.249274216592311859e-02
5.445033311843872070e-01,3.698916137218475342e-01,9.238070808351039886e-03,2.796626836061477661e-02,1.618090318515896797e-03,4.678263887763023376e-02
6.238654255867004395e-01,2.722553610801696777e-01,7.034293375909328461e-03,3.601992502808570862e-02,1.628530677407979965e-03,5.919653177261352539e-02
4.736990034580230713e-01,4.320693612098693848e-01,9.200048632919788361e-03,2.972461469471454620e-02,1.658106571994721889e-03,5.364887788891792297e-02
4.383688271045684814e-01,4.916624426841735840e-01,9.741765446960926056e-03,2.440673485398292542e-02,1.675707870163023472e-03,3.414461389183998108e-02
2.012701332569122314e-01,7.530516386032104492e-01,1.755429990589618683e-02,1.239174418151378632e-02,3.423599759116768837e-03,1.230855565518140793e-02
2.035321146249771118e-01,7.607446908950805664e-01,1.386606600135564804e-02,7.804848719388246536e-03,3.220770042389631271e-03,1.083140261471271515e-02
2.539363503456115723e-01,7.084515690803527832e-01,1.280584838241338730e-02,1.128844358026981354e-02,2.342627150937914848e-03,1.117518544197082520e-02
5.694027543067932129e-01,3.941469788551330566e-01,1.012418698519468307e-02,7.900407537817955017e-03,2.859761007130146027e-03,1.556592248380184174e-02
4.045906364917755127e-01,5.567363500595092773e-01,1.045266352593898773e-02,8.164726197719573975e-03,3.045628545805811882e-03,1.700999215245246887e-02
4.378083348274230957e-01,5.247872471809387207e-01,1.058952510356903076e-02,1.088379882276058197e-02,2.066897228360176086e-03,1.386415027081966400e-02
2.823432087898254395e-01,6.744568347930908203e-01,1.248202845454216003e-02,1.248590927571058273e-02,2.071316586807370186e-03,1.616079173982143402e-02
2.170099169015884399e-01,7.332360744476318359e-01,2.457858622074127197e-02,1.362776104360818863e-02,3.083750838413834572e-03,8.463884703814983368e-03
2.791098356246948242e-01,6.772506833076477051e-01,1.546844001859426498e-02,1.306457351893186569e-02,2.419789787381887436e-03,1.268669404089450836e-02
1.526161581277847290e-01,7.798549532890319824e-01,3.603889793157577515e-02,2.203189395368099213e-02,3.426451701670885086e-03,6.031587254256010056e-03
3.826708495616912842e-01,5.652877688407897949e-01,1.342411059886217117e-02,1.183782517910003662e-02,3.151688957586884499e-03,2.362763509154319763e-02
4.916271865367889404e-01,4.597556889057159424e-01,1.193076558411121368e-02,9.961294010281562805e-03,3.275508293882012367e-03,2.344963513314723969e-02
4.649553000926971436e-01,4.728742241859436035e-01,1.443174760788679123e-02,1.416666992008686066e-02,3.874660702422261238e-03,2.969727478921413422e-02
4.464774429798126221e-01,4.914851188659667969e-01,1.864880882203578949e-02,1.017150469124317169e-02,7.377020083367824554e-03,2.584012225270271301e-02
4.119030535221099854e-01,5.301246643066406250e-01,1.922894082963466644e-02,1.518510933965444565e-02,5.807379726320505142e-03,1.775086484849452972e-02
2.343174368143081665e-01,7.082544565200805664e-01,2.665638551115989685e-02,1.341813430190086365e-02,6.145808380097150803e-03,1.120778918266296387e-02
4.312394559383392334e-01,5.182161927223205566e-01,1.780192181468009949e-02,1.056708861142396927e-02,5.969175603240728378e-03,1.620609313249588013e-02
5.641947388648986816e-01,3.882277011871337891e-01,1.214431133121252060e-02,1.161036454141139984e-02,3.184655681252479553e-03,2.063827030360698700e-02
4.509306848049163818e-01,4.933937788009643555e-01,1.558615453541278839e-02,1.381032261997461319e-02,4.653745330870151520e-03,2.162539027631282806e-02
3.214350640773773193e-01,6.156488656997680664e-01,1.463093142956495285e-02,1.450568344444036484e-02,3.903685370460152626e-03,2.987576089799404144e-02
2.602522969245910645e-01,6.371234059333801270e-01,1.255995780229568481e-02,3.090778738260269165e-02,2.387675223872065544e-03,5.676894262433052063e-02
3.841075897216796875e-01,5.185866951942443848e-01,1.487765647470951080e-02,1.972880959510803223e-02,3.826130880042910576e-03,5.887313559651374817e-02
5.968258976936340332e-01,3.208729028701782227e-01,8.838668465614318848e-03,1.168883312493562698e-02,2.727954182773828506e-03,5.904578417539596558e-02
6.828948259353637695e-01,2.394558936357498169e-01,8.525604382157325745e-03,9.044315665960311890e-03,3.560689045116305351e-03,5.651875212788581848e-02
8.044277429580688477e-01,1.440570056438446045e-01,5.947496742010116577e-03,9.461509995162487030e-03,2.229704055935144424e-03,3.387652710080146790e-02
6.089773178100585938e-01,3.244073390960693359e-01,9.977939538657665253e-03,1.715201325714588165e-02,2.130618318915367126e-03,3.735484182834625244e-02
3.326106071472167969e-01,5.934324264526367188e-01,2.477326057851314545e-02,2.335453405976295471e-02,2.673055045306682587e-03,2.315611951053142548e-02
4.641784429550170898e-01,4.570404291152954102e-01,1.436560973525047302e-02,2.361007034778594971e-02,2.056586556136608124e-03,3.874884545803070068e-02
4.394064545631408691e-01,4.796901345252990723e-01,1.444926951080560684e-02,2.843473665416240692e-02,2.638174919411540031e-03,3.538114577531814575e-02
3.437132835388183594e-01,5.897177457809448242e-01,1.311554107815027237e-02,1.660759001970291138e-02,3.414502367377281189e-03,3.343132883310317993e-02
5.668474435806274414e-01,3.070314526557922363e-01,5.486444570124149323e-03,1.633705012500286102e-02,2.596147358417510986e-03,1.017014905810356140e-01
4.377739131450653076e-01,4.042458534240722656e-01,6.222350522875785828e-03,1.655542664229869843e-02,3.693273523822426796e-03,1.315092742443084717e-01
4.117262959480285645e-01,4.435235261917114258e-01,6.755989510565996170e-03,2.418523468077182770e-02,2.996887546032667160e-03,1.108120083808898926e-01
4.598765373229980469e-01,3.752555549144744873e-01,6.841317284852266312e-03,4.077056422829627991e-02,2.126835752278566360e-03,1.151292398571968079e-01
5.280525684356689453e-01,3.368617892265319824e-01,1.186132524162530899e-02,4.378701373934745789e-02,4.055127967149019241e-03,7.538224011659622192e-02
1.932029724121093750e-01,7.229269742965698242e-01,1.772884838283061981e-02,3.263058885931968689e-02,4.672800190746784210e-03,2.883780375123023987e-02
1.922713071107864380e-01,7.185714840888977051e-01,2.301247790455818176e-02,4.768545180559158325e-02,4.738884512335062027e-03,1.372043322771787643e-02
2.504657208919525146e-01,6.740317344665527344e-01,1.983562111854553223e-02,3.146949410438537598e-02,5.009269807487726212e-03,1.918820478022098541e-02
2.393065989017486572e-01,6.856453418731689453e-01,2.094268240034580231e-02,2.962311357259750366e-02,5.789785180240869522e-03,1.869252510368824005e-02
3.398593366146087646e-01,5.926647782325744629e-01,1.827721297740936279e-02,2.066671662032604218e-02,4.915416240692138672e-03,2.361655421555042267e-02
3.217974901199340820e-01,6.072568893432617188e-01,2.057264372706413269e-02,2.514358051121234894e-02,4.203850869089365005e-03,2.102551050484180450e-02
2.103073745965957642e-01,7.334232926368713379e-01,2.448534592986106873e-02,1.462982967495918274e-02,4.644174128770828247e-03,1.251004915684461594e-02
3.884395062923431396e-01,5.359849333763122559e-01,1.403127796947956085e-02,1.624523475766181946e-02,3.626013640314340591e-03,4.167303815484046936e-02
7.135960459709167480e-01,2.060163617134094238e-01,6.612470373511314392e-03,8.918963372707366943e-03,2.364097163081169128e-03,6.249203160405158997e-02
7.116830348968505859e-01,2.121361792087554932e-01,4.644114058464765549e-03,7.739873137325048447e-03,1.467600464820861816e-03,6.232918798923492432e-02
6.399598717689514160e-01,1.729800403118133545e-01,3.555654548108577728e-03,1.165113970637321472e-02,1.361789298243820667e-03,1.704915761947631836e-01
7.255222797393798828e-01,1.568809449672698975e-01,3.449951065704226494e-03,1.201205793768167496e-02,1.052826992236077785e-03,1.010820046067237854e-01
3.843921422958374023e-01,5.495965480804443359e-01,1.440908666700124741e-02,2.089392021298408508e-02,2.493555191904306412e-03,2.821477502584457397e-02
5.087969899177551270e-01,4.274621605873107910e-01,1.267990376800298691e-02,2.184122987091541290e-02,2.358186990022659302e-03,2.686152793467044830e-02
4.339829087257385254e-01,5.093622803688049316e-01,1.715390756726264954e-02,1.741274632513523102e-02,2.566914539784193039e-03,1.952124387025833130e-02
6.465150117874145508e-01,2.665903866291046143e-01,5.574492737650871277e-03,1.820727623999118805e-02,1.043262076564133167e-03,6.206952035427093506e-02
7.957410812377929688e-01,1.447257995605468750e-01,4.323382396250963211e-03,1.186289172619581223e-02,1.374379033222794533e-03,4.197239503264427185e-02
7.744051814079284668e-01,1.518471091985702515e-01,6.042602006345987320e-03,2.334234118461608887e-02,2.218255074694752693e-03,4.214447364211082458e-02
6.115011572837829590e-01,3.149521052837371826e-01,8.524954319000244141e-03,1.269007381051778793e-02,6.813972722738981247e-03,4.551778733730316162e-02
3.903029561042785645e-01,5.370442867279052734e-01,2.098355442285537720e-02,1.553503796458244324e-02,1.235194317996501923e-02,2.378215454518795013e-02
4.112708568572998047e-01,5.285010337829589844e-01,2.087963931262493134e-02,7.958747446537017822e-03,1.330591086298227310e-02,1.808381080627441406e-02
5.389127731323242188e-01,4.008621871471405029e-01,1.792038977146148682e-02,1.354499254375696182e-02,7.604527752846479416e-03,2.115518413484096527e-02
5.150611996650695801e-01,4.223014712333679199e-01,2.237984165549278259e-02,1.640794984996318817e-02,6.617004983127117157e-03,1.723249629139900208e-02
5.716555118560791016e-01,3.607922494411468506e-01,1.805635727941989899e-02,2.344099618494510651e-02,3.631380386650562286e-03,2.242351882159709930e-02
3.145007789134979248e-01,6.140882968902587891e-01,2.633849531412124634e-02,2.707347832620143890e-02,4.522914532572031021e-03,1.347600948065519333e-02
1.334690451622009277e-01,8.166114687919616699e-01,2.620266191661357880e-02,1.623016223311424255e-02,2.306772163137793541e-03,5.179902538657188416e-03
1.692331135272979736e-01,7.945805788040161133e-01,1.612680219113826752e-02,1.109727006405591965e-02,1.988741103559732437e-03,6.973459385335445404e-03
5.340436697006225586e-01,4.073015153408050537e-01,1.014631055295467377e-02,1.563338004052639008e-02,1.757623394951224327e-03,3.111748024821281433e-02
2.831647694110870361e-01,6.552426218986511230e-01,1.231221295893192291e-02,1.958950795233249664e-02,1.950037782080471516e-03,2.774084173142910004e-02
4.870530366897583008e-01,4.211042225360870361e-01,9.250480681657791138e-03,2.323165722191333771e-02,1.931234030053019524e-03,5.742938444018363953e-02
3.009304106235504150e-01,6.309351325035095215e-01,1.194094493985176086e-02,2.511972002685070038e-02,1.711996039375662804e-03,2.936176769435405731e-02
1.154044419527053833e-01,8.271942138671875000e-01,2.202566526830196381e-02,2.030902169644832611e-02,2.297543454915285110e-03,1.276909280568361282e-02
1.670070290565490723e-01,7.682165503501892090e-01,1.940971426665782928e-02,2.650542743504047394e-02,2.449896419420838356e-03,1.641138643026351929e-02
2.424388974905014038e-01,6.867659687995910645e-01,1.456429250538349152e-02,2.924388274550437927e-02,2.232517348602414131e-03,2.475445158779621124e-02
3.842148184776306152e-01,4.708082377910614014e-01,1.494332961738109589e-02,9.521022439002990723e-02,1.503078732639551163e-03,3.332019969820976257e-02
6.965963840484619141e-01,1.967638731002807617e-01,7.499590050429105759e-03,5.042734369635581970e-02,1.284196507185697556e-03,4.742857068777084351e-02
6.308259963989257812e-01,2.801575064659118652e-01,9.912149049341678619e-03,4.642434790730476379e-02,2.456018235534429550e-03,3.022398613393306732e-02
5.885854959487915039e-01,3.367971479892730713e-01,9.858097881078720093e-03,2.909349836409091949e-02,2.792501822113990784e-03,3.287323564291000366e-02
3.513605594635009766e-01,5.798726081848144531e-01,1.369141601026058197e-02,3.136469051241874695e-02,2.206879435107111931e-03,2.150380983948707581e-02
2.857903540134429932e-01,6.672765016555786133e-01,1.344544161111116409e-02,1.544325798749923706e-02,2.197426510974764824e-03,1.584697701036930084e-02
3.669059872627258301e-01,5.906711816787719727e-01,1.186535507440567017e-02,1.645812019705772400e-02,1.445381087251007557e-03,1.265403069555759430e-02
4.896449446678161621e-01,4.681262969970703125e-01,1.211019791662693024e-02,1.593198440968990326e-02,1.644250471144914627e-03,1.254222728312015533e-02
5.545852184295654297e-01,3.697705864906311035e-01,1.179286651313304901e-02,3.467835485935211182e-02,1.449559233151376247e-03,2.772343531250953674e-02
8.189293742179870605e-01,1.081084758043289185e-01,4.525029566138982773e-03,2.514573000371456146e-02,9.274416370317339897e-04,4.236389324069023132e-02
7.882454395294189453e-01,1.377306431531906128e-01,5.588358733803033829e-03,2.087406441569328308e-02,1.585320336744189262e-03,4.597624018788337708e-02
7.929303050041198730e-01,1.173923090100288391e-01,5.616039969027042389e-03,2.648358419537544250e-02,1.802597194910049438e-03,5.577526241540908813e-02
7.709877490997314453e-01,1.233222186565399170e-01,4.801120609045028687e-03,1.252266857773065567e-02,2.870176685974001884e-03,8.549607545137405396e-02
5.600604414939880371e-01,3.648586869239807129e-01,1.591545902192592621e-02,1.453558448702096939e-02,8.639125153422355652e-03,3.599074482917785645e-02
4.510365426540374756e-01,4.549519717693328857e-01,1.956030912697315216e-02,2.198379673063755035e-02,6.852945778518915176e-03,4.561430960893630981e-02
3.687298595905303955e-01,5.317133665084838867e-01,1.783527992665767670e-02,3.360652551054954529e-02,4.687809385359287262e-03,4.342718794941902161e-02
2.761724889278411865e-01,6.181900501251220703e-01,2.103627659380435944e-02,5.529818683862686157e-02,3.960334230214357376e-03,2.534269541501998901e-02
1.703408807516098022e-01,7.527406215667724609e-01,1.885657198727130890e-02,3.809732198715209961e-02,3.091096179559826851e-03,1.687352918088436127e-02
2.117296308279037476e-01,7.210953831672668457e-01,1.594832539558410645e-02,2.514242380857467651e-02,3.291634609922766685e-03,2.279260568320751190e-02
2.529114484786987305e-01,6.449398398399353027e-01,1.174673903733491898e-02,3.484985977411270142e-02,3.314279019832611084e-03,5.223784968256950378e-02
5.340159535408020020e-01,2.618096768856048584e-01,4.087731242179870605e-03,2.418340183794498444e-02,1.762484549544751644e-03,1.741408109664916992e-01
6.175265312194824219e-01,1.924284249544143677e-01,2.886372152715921402e-03,4.828059673309326172e-02,5.475086509250104427e-04,1.383305788040161133e-01
7.503154277801513672e-01,1.218612715601921082e-01,2.584175439551472664e-03,2.078450284898281097e-02,6.618933985009789467e-04,1.037927865982055664e-01
7.633201479911804199e-01,1.208496019244194031e-01,1.794552663341164589e-03,1.448224857449531555e-02,4.036842728964984417e-04,9.914980083703994751e-02
6.927469372749328613e-01,1.918362826108932495e-01,6.137224379926919937e-03,2.998894080519676208e-02,9.881588630378246307e-04,7.830239087343215942e-02
6.898514032363891602e-01,2.224171012639999390e-01,8.382881991565227509e-03,1.588428020477294922e-02,1.641286886297166348e-03,6.182305142283439636e-02
7.131438255310058594e-01,1.812451630830764771e-01,6.087765563279390335e-03,1.897246390581130981e-02,1.423643669113516808e-03,7.912709563970565796e-02
3.432100713253021240e-01,5.674247145652770996e-01,3.071579337120056152e-02,2.285417728126049042e-02,5.570599809288978577e-03,3.022455424070358276e-02
2.706319689750671387e-01,6.666930913925170898e-01,2.310578711330890656e-02,1.558805722743272781e-02,5.319412332028150558e-03,1.866166107356548309e-02
2.308267056941986084e-01,7.202352285385131836e-01,2.183078229427337646e-02,1.265883445739746094e-02,5.141132045537233353e-03,9.307265281677246094e-03
8.938141167163848877e-02,8.713421821594238281e-01,2.184371091425418854e-02,6.800810340791940689e-03,6.622433196753263474e-03,4.009448457509279251e-03
2.079005986452102661e-01,7.430956363677978516e-01,1.358260028064250946e-02,1.059230323880910873e-02,4.382798913866281509e-03,2.044614404439926147e-02
3.645269572734832764e-01,5.586506128311157227e-01,1.523630600422620773e-02,1.221563480794429779e-02,8.195581845939159393e-03,4.117491096258163452e-02
3.390925526618957520e-01,5.676299333572387695e-01,9.920565411448478699e-03,1.159274857491254807e-02,6.790411192923784256e-03,6.497385352849960327e-02
3.692222833633422852e-01,5.371142029762268066e-01,9.876634925603866577e-03,1.720266602933406830e-02,3.873409936204552650e-03,6.271074712276458740e-02
4.762272536754608154e-01,4.505491256713867188e-01,1.118348818272352219e-02,2.218550816178321838e-02,3.008380765095353127e-03,3.684621304273605347e-02
3.469495773315429688e-01,6.054646372795104980e-01,1.433945354074239731e-02,1.403082534670829773e-02,3.388645127415657043e-03,1.582693308591842651e-02
6.367897987365722656e-01,2.930668890476226807e-01,7.011665031313896179e-03,1.473035849630832672e-02,2.139285672456026077e-03,4.626201093196868896e-02
5.586163997650146484e-01,3.695849478244781494e-01,8.007199503481388092e-03,1.498018298298120499e-02,2.961536869406700134e-03,4.584972932934761047e-02
4.143587052822113037e-01,5.133710503578186035e-01,1.125931926071643829e-02,1.400745194405317307e-02,4.653205163776874542e-03,4.235022515058517456e-02
5.971583127975463867e-01,2.863804101943969727e-01,6.901368498802185059e-03,1.430120132863521576e-02,3.463990055024623871e-03,9.179460257291793823e-02
4.330801069736480713e-01,5.002714395523071289e-01,1.620542816817760468e-02,1.741060987114906311e-02,6.164106540381908417e-03,2.686836570501327515e-02
3.725895881652832031e-01,5.568681955337524414e-01,1.694118604063987732e-02,2.323383465409278870e-02,5.508364643901586533e-03,2.485892176628112793e-02
3.815726041793823242e-01,5.638617873191833496e-01,1.807736605405807495e-02,1.398241613060235977e-02,5.954459309577941895e-03,1.655138470232486725e-02
3.452987074851989746e-01,6.030253171920776367e-01,1.873967424035072327e-02,1.339575648307800293e-02,6.649229209870100021e-03,1.289130002260208130e-02
5.089086890220642090e-01,4.477501809597015381e-01,1.227799057960510254e-02,8.707202039659023285e-03,4.708492197096347809e-03,1.764742285013198853e-02
5.876421332359313965e-01,3.747377097606658936e-01,1.048469357192516327e-02,1.034693513065576553e-02,2.733863424509763718e-03,1.405464392155408859e-02
6.997318267822265625e-01,2.631828784942626953e-01,6.597897503525018692e-03,1.528738439083099365e-02,1.155052450485527515e-03,1.404501590877771378e-02
7.389102578163146973e-01,2.125036865472793579e-01,5.385862197726964951e-03,2.028488554060459137e-02,1.003311481326818466e-03,2.191197499632835388e-02
8.216419219970703125e-01,1.085837185382843018e-01,2.241268754005432129e-03,1.953524351119995117e-02,4.240578855387866497e-04,4.757387191057205200e-02
7.924844622611999512e-01,1.261433511972427368e-01,2.299071289598941803e-03,4.011530801653862000e-02,4.256230313330888748e-04,3.853217884898185730e-02
7.734577655792236328e-01,1.452124565839767456e-01,3.165663452818989754e-03,2.724897116422653198e-02,8.113087387755513191e-04,5.010395869612693787e-02
6.056694388389587402e-01,3.333592414855957031e-01,5.627688020467758179e-03,2.022611163556575775e-02,1.131172059103846550e-03,3.398638218641281128e-02
6.686578392982482910e-01,2.702637910842895508e-01,5.937704350799322128e-03,1.362819038331508636e-02,1.610850566066801548e-03,3.990168869495391846e-02
5.291365981101989746e-01,4.075691699981689453e-01,9.692584164440631866e-03,2.527886629104614258e-02,1.730933669023215771e-03,2.659190073609352112e-02
6.221943497657775879e-01,3.053048551082611084e-01,8.794083259999752045e-03,3.869515657424926758e-02,1.585115562193095684e-03,2.342640049755573273e-02
6.600356698036193848e-01,2.819992601871490479e-01,7.363998796790838242e-03,1.992950588464736938e-02,2.674630843102931976e-03,2.799695171415805817e-02
5.823751688003540039e-01,3.513594865798950195e-01,7.051613181829452515e-03,2.223931811749935150e-02,1.812124508433043957e-03,3.516231104731559753e-02
6.752070188522338867e-01,2.583475410938262939e-01,5.192963406443595886e-03,1.998223550617694855e-02,1.449390780180692673e-03,3.982092067599296570e-02
6.844725608825683594e-01,2.607863545417785645e-01,6.887210998684167862e-03,1.288050971925258636e-02,2.250504679977893829e-03,3.272288665175437927e-02
7.223842740058898926e-01,2.224303930997848511e-01,7.151123136281967163e-03,1.729785837233066559e-02,1.664689159952104092e-03,2.907173894345760345e-02
8.062829375267028809e-01,1.387558430433273315e-01,5.295031704008579254e-03,1.363352779299020767e-02,1.554316142573952675e-03,3.447834029793739319e-02
8.863804340362548828e-01,5.771212279796600342e-02,2.769584767520427704e-03,1.253385003656148911e-02,1.075022504664957523e-03,3.952901065349578857e-02
8.290627002716064453e-01,1.126952692866325378e-01,5.399196408689022064e-03,1.183272432535886765e-02,2.256020437926054001e-03,3.875409439206123352e-02
7.895954847335815430e-01,1.653352677822113037e-01,7.127592805773019791e-03,1.375525444746017456e-02,2.492005936801433563e-03,2.169438265264034271e-02
4.634340107440948486e-01,4.830547571182250977e-01,1.838135533034801483e-02,1.398364175111055374e-02,6.183639634400606155e-03,1.496259681880474091e-02
1.877601295709609985e-01,7.636477351188659668e-01,2.668474800884723663e-02,8.727799169719219208e-03,6.425010971724987030e-03,6.754567846655845642e-03
1.719427406787872314e-01,7.729588747024536133e-01,2.648783102631568909e-02,1.568803377449512482e-02,4.743699450045824051e-03,8.178765885531902313e-03
3.634992837905883789e-01,5.757898688316345215e-01,1.888427510857582092e-02,1.783008687198162079e-02,4.473739303648471832e-03,1.952268742024898529e-02
4.523064494132995605e-01,4.913468658924102783e-01,1.197696663439273834e-02,1.933576725423336029e-02,2.594599267467856407e-03,2.243932150304317474e-02
5.787227153778076172e-01,3.531123101711273193e-01,1.088130567222833633e-02,2.804958075284957886e-02,1.671804231591522694e-03,2.756228856742382050e-02
4.158417582511901855e-01,5.049787759780883789e-01,1.322972774505615234e-02,3.226208314299583435e-02,2.444464480504393578e-03,3.124317154288291931e-02
3.365705609321594238e-01,5.846351981163024902e-01,1.472706813365221024e-02,2.421469613909721375e-02,2.815039129927754402e-03,3.703737258911132812e-02
3.238821029663085938e-01,5.969622731208801270e-01,1.697504520416259766e-02,1.860629394650459290e-02,3.431964898481965065e-03,4.014224186539649963e-02
3.911627233028411865e-01,5.355862379074096680e-01,2.091420069336891174e-02,1.190718263387680054e-02,8.493335917592048645e-03,3.193634375929832458e-02
5.579870939254760742e-01,3.719514012336730957e-01,9.582719765603542328e-03,1.335929241031408310e-02,3.306998405605554581e-03,4.381253942847251892e-02
5.661044120788574219e-01,3.558353781700134277e-01,9.353959932923316956e-03,1.884318515658378601e-02,3.882381366565823555e-03,4.598072543740272522e-02
3.770552873611450195e-01,5.604585409164428711e-01,1.121739856898784637e-02,1.508871652185916901e-02,3.665904048830270767e-03,3.251413255929946899e-02
4.403923749923706055e-01,4.932581186294555664e-01,1.095207221806049347e-02,2.570251002907752991e-02,3.421730361878871918e-03,2.627318166196346283e-02
4.516323506832122803e-01,4.825073778629302979e-01,1.175862923264503479e-02,2.290108427405357361e-02,2.951367991045117378e-03,2.824923023581504822e-02
5.276573896408081055e-01,3.957140743732452393e-01,9.106891229748725891e-03,1.895509846508502960e-02,4.541149362921714783e-03,4.402537643909454346e-02
7.664900422096252441e-01,1.082169637084007263e-01,4.261830355972051620e-03,1.080435607582330704e-02,3.493117867037653923e-03,1.067337691783905029e-01
6.436875462532043457e-01,2.109894007444381714e-01,8.351299911737442017e-03,2.396185882389545441e-02,4.757592454552650452e-03,1.082523167133331299e-01
5.350791215896606445e-01,8.965124934911727905e-02,2.445881254971027374e-03,7.988660596311092377e-03,2.383851213380694389e-03,3.624512255191802979e-01
4.324992597103118896e-01,2.447246611118316650e-01,3.255559597164392471e-03,1.304752938449382782e-02,2.403699560090899467e-03,3.040692806243896484e-01
4.905976653099060059e-01,1.842769831418991089e-01,2.698187949135899544e-03,1.233290042728185654e-02,1.161396154202520847e-03,3.089329004287719727e-01
3.665502965450286865e-01,4.462078809738159180e-01,4.553675185889005661e-03,1.908217556774616241e-02,1.176331657916307449e-03,1.624296307563781738e-01
3.467194139957427979e-01,5.215651392936706543e-01,7.461771834641695023e-03,2.279273048043251038e-02,1.392718986608088017e-03,1.000680625438690186e-01
3.279849588871002197e-01,5.674748420715332031e-01,1.350927911698818207e-02,2.705725468695163727e-02,4.267911426723003387e-03,5.970574915409088135e-02
3.409576117992401123e-01,5.226766467094421387e-01,1.534817367792129517e-02,3.573901206254959106e-02,5.359026603400707245e-03,7.991951704025268555e-02
4.423975050449371338e-01,4.302585124969482422e-01,1.263875234872102737e-02,4.491966962814331055e-02,3.703969996422529221e-03,6.608156859874725342e-02
5.303112864494323730e-01,3.502313494682312012e-01,1.236805506050586700e-02,4.094115272164344788e-02,3.383388509973883629e-03,6.276484578847885132e-02
3.944013416767120361e-01,4.759103953838348389e-01,1.379161048680543900e-02,5.336265265941619873e-02,3.430682467296719551e-03,5.910327658057212830e-02
3.262449204921722412e-01,5.765611529350280762e-01,1.739850454032421112e-02,3.431685641407966614e-02,5.010754801332950592e-03,4.046782106161117554e-02
2.396659255027770996e-01,6.828929781913757324e-01,2.102969028055667877e-02,2.299805916845798492e-02,5.868935957551002502e-03,2.754444815218448639e-02
2.719582021236419678e-01,6.655260324478149414e-01,2.565409801900386810e-02,1.496026478707790375e-02,7.432250306010246277e-03,1.446918118745088577e-02
3.801843225955963135e-01,5.506721735000610352e-01,2.166296355426311493e-02,1.869332417845726013e-02,6.396589335054159164e-03,2.239060588181018829e-02
3.647890090942382812e-01,5.443105101585388184e-01,1.812965422868728638e-02,2.294897846877574921e-02,5.516665522009134293e-03,4.430509358644485474e-02
4.841300845146179199e-01,4.042096734046936035e-01,1.565597578883171082e-02,3.245191276073455811e-02,5.802760832011699677e-03,5.774958804249763489e-02
5.660519003868103027e-01,3.116133511066436768e-01,1.128131058067083359e-02,2.618835493922233582e-02,5.105680320411920547e-03,7.975944876670837402e-02
4.222106039524078369e-01,4.692420363426208496e-01,1.298808678984642029e-02,3.020015545189380646e-02,4.920839797705411911e-03,6.043834239244461060e-02
5.649516582489013672e-01,3.315402865409851074e-01,1.199241075664758682e-02,2.219677716493606567e-02,5.342436023056507111e-03,6.397644430398941040e-02
5.504317283630371094e-01,3.541894257068634033e-01,1.206596940755844116e-02,2.121601440012454987e-02,4.397590644657611847e-03,5.769924819469451904e-02
2.669983506202697754e-01,6.715947985649108887e-01,2.223537489771842957e-02,1.872517913579940796e-02,4.860547836869955063e-03,1.558571401983499527e-02
2.008695155382156372e-01,7.283313274383544922e-01,2.582035027444362640e-02,2.829812280833721161e-02,4.185555037111043930e-03,1.249509863555431366e-02
2.477622926235198975e-01,6.898736357688903809e-01,2.096594683825969696e-02,2.375270426273345947e-02,3.574585774913430214e-03,1.407086383551359177e-02
2.765680253505706787e-01,6.395269632339477539e-01,1.859295554459095001e-02,2.933451533317565918e-02,3.035147907212376595e-03,3.294233977794647217e-02
3.006140291690826416e-01,6.115538477897644043e-01,2.081012725830078125e-02,2.937223948538303375e-02,2.936002798378467560e-03,3.471380844712257385e-02
4.192090332508087158e-01,4.970529675483703613e-01,1.840694993734359741e-02,3.047429956495761871e-02,2.709901425987482071e-03,3.214682638645172119e-02
3.075107038021087646e-01,6.135726571083068848e-01,2.744819782674312592e-02,2.699609473347663879e-02,3.925254568457603455e-03,2.054695785045623779e-02
2.487317323684692383e-01,6.987715363502502441e-01,2.235054783523082733e-02,1.174890715628862381e-02,5.232034716755151749e-03,1.316528022289276123e-02
3.574953079223632812e-01,5.915653109550476074e-01,1.859891973435878754e-02,1.088034268468618393e-02,7.174786645919084549e-03,1.428529061377048492e-02
2.879146635532379150e-01,6.656125783920288086e-01,1.720109768211841583e-02,1.167546026408672333e-02,4.880094900727272034e-03,1.271608378738164902e-02
4.257230758666992188e-01,5.124400854110717773e-01,9.989971294999122620e-03,1.318974606692790985e-02,2.716659335419535637e-03,3.594044595956802368e-02
4.314154684543609619e-01,4.661542475223541260e-01,6.708621047437191010e-03,2.011631987988948822e-02,1.844793325290083885e-03,7.376051694154739380e-02
4.062653481960296631e-01,4.816546440124511719e-01,6.182185374200344086e-03,1.654513552784919739e-02,1.814123359508812428e-03,8.753868192434310913e-02
4.120185375213623047e-01,4.844992160797119141e-01,9.715921245515346527e-03,2.749592810869216919e-02,1.959494315087795258e-03,6.431083381175994873e-02
3.285939097404479980e-01,5.723679065704345703e-01,1.285821199417114258e-02,2.786953561007976532e-02,2.642565639689564705e-03,5.566786229610443115e-02
3.164588212966918945e-01,6.016278862953186035e-01,2.201700769364833832e-02,2.770689502358436584e-02,5.611832719296216965e-03,2.657751366496086121e-02
1.588427871465682983e-01,7.731680870056152344e-01,2.581827156245708466e-02,1.587991602718830109e-02,7.698710076510906219e-03,1.859223097562789917e-02
2.142973840236663818e-01,6.650044918060302734e-01,2.040323428809642792e-02,3.751579672098159790e-02,5.684077274054288864e-03,5.709503218531608582e-02
4.042558073997497559e-01,4.694750308990478516e-01,1.914995722472667694e-02,3.321290388703346252e-02,5.983440205454826355e-03,6.792290508747100830e-02
3.801801502704620361e-01,4.664059579372406006e-01,1.535306032747030258e-02,4.564978182315826416e-02,3.326035104691982269e-03,8.908502012491226196e-02
5.684752464294433594e-01,2.398087233304977417e-01,7.271071430295705795e-03,4.792080819606781006e-02,1.942578237503767014e-03,1.345816999673843384e-01
4.580398201942443848e-01,3.528927862644195557e-01,8.978494442999362946e-03,6.021421402692794800e-02,1.768759218975901604e-03,1.181060001254081726e-01
3.863488733768463135e-01,4.468644857406616211e-01,1.416803151369094849e-02,4.016574099659919739e-02,3.702655201777815819e-03,1.087502613663673401e-01
3.232833147048950195e-01,5.293630957603454590e-01,1.250334735959768295e-02,3.901759162545204163e-02,3.962100483477115631e-03,9.187059849500656128e-02
2.026498019695281982e-01,6.757196784019470215e-01,1.864155754446983337e-02,2.376990020275115967e-02,9.563596919178962708e-03,6.965544074773788452e-02
2.752340137958526611e-01,5.560749173164367676e-01,1.540972944349050522e-02,2.232598699629306793e-02,1.349956262856721878e-02,1.174557879567146301e-01
4.617441892623901367e-01,3.140969872474670410e-01,9.684761054813861847e-03,1.972069777548313141e-02,8.885503746569156647e-03,1.858679354190826416e-01
6.167449355125427246e-01,1.407046169042587280e-01,6.729871500283479691e-03,1.738362200558185577e-02,5.636692978441715240e-03,2.128002494573593140e-01
5.781734585762023926e-01,2.840612530708312988e-01,7.971020415425300598e-03,1.829132810235023499e-02,4.258362110704183578e-03,1.072446107864379883e-01
6.071791648864746094e-01,2.388557940721511841e-01,7.170329801738262177e-03,1.825753599405288696e-02,2.720706630498170853e-03,1.258164793252944946e-01
7.293770909309387207e-01,1.558432132005691528e-01,4.567677620798349380e-03,2.511190436780452728e-02,1.138825318776071072e-03,8.396135270595550537e-02
7.624208927154541016e-01,1.536718755960464478e-01,6.361907813698053360e-03,2.959478273987770081e-02,1.499727251939475536e-03,4.645092412829399109e-02
7.033035159111022949e-01,1.651733815670013428e-01,9.596571326255798340e-03,7.218598574399948120e-02,1.198812737129628658e-03,4.854157939553260803e-02
6.550440192222595215e-01,2.332860976457595825e-01,1.478201150894165039e-02,7.178608328104019165e-02,1.918888534419238567e-03,2.318285219371318817e-02
4.112547338008880615e-01,4.771579205989837646e-01,3.005584143102169037e-02,5.957887694239616394e-02,3.213818650692701340e-03,1.873881742358207703e-02
2.605074942111968994e-01,6.788246035575866699e-01,2.728524059057235718e-02,1.724833808839321136e-02,5.503951106220483780e-03,1.063045673072338104e-02
2.001718133687973022e-01,7.544552087783813477e-01,2.166897989809513092e-02,8.658140897750854492e-03,6.122228223830461502e-03,8.923558518290519714e-03
3.248959779739379883e-01,5.939888954162597656e-01,2.086618915200233459e-02,9.626938961446285248e-03,1.809861883521080017e-02,3.252326697111129761e-02
2.565534114837646484e-01,6.581128835678100586e-01,2.140934765338897705e-02,9.606987237930297852e-03,2.632598765194416046e-02,2.799150161445140839e-02
2.059194296598434448e-01,7.183704972267150879e-01,2.029099501669406891e-02,1.333405356854200363e-02,1.436883769929409027e-02,2.771622501313686371e-02
2.317500859498977661e-01,6.902472972869873047e-01,2.413201890885829926e-02,1.581619493663311005e-02,1.371502969413995743e-02,2.433931827545166016e-02
1.715865731239318848e-01,7.544256448745727539e-01,2.982804551720619202e-02,2.398658543825149536e-02,8.803162723779678345e-03,1.136996969580650330e-02
1.524703502655029297e-01,7.579531669616699219e-01,3.240023925900459290e-02,4.459974914789199829e-02,3.933738917112350464e-03,8.642841130495071411e-03
2.501235306262969971e-01,6.710211634635925293e-01,3.408465161919593811e-02,2.246036566793918610e-02,9.230744093656539917e-03,1.307956129312515259e-02
1.926325261592864990e-01,7.176719307899475098e-01,3.824053332209587097e-02,3.369898349046707153e-02,6.378067657351493835e-03,1.137796603143215179e-02
2.136855274438858032e-01,7.159515619277954102e-01,2.934738993644714355e-02,1.943334192037582397e-02,7.987542077898979187e-03,1.359468698501586914e-02
1.959327012300491333e-01,7.279604673385620117e-01,3.829045966267585754e-02,1.237823534756898880e-02,1.363575458526611328e-02,1.180241629481315613e-02
1.626637279987335205e-01,7.699868679046630859e-01,2.917821519076824188e-02,1.127886772155761719e-02,1.621595211327075958e-02,1.067645382136106491e-02
2.689225077629089355e-01,6.182761788368225098e-01,3.536205366253852844e-02,3.617592900991439819e-02,1.106347329914569855e-02,3.019984252750873566e-02
3.210290372371673584e-01,5.683103799819946289e-01,2.126637846231460571e-02,2.846136502921581268e-02,8.502684533596038818e-03,5.243016779422760010e-02
3.539896905422210693e-01,5.435288548469543457e-01,2.209967561066150665e-02,2.758037671446800232e-02,5.749161355197429657e-03,4.705223068594932556e-02
4.134664833545684814e-01,4.819022715091705322e-01,2.398731186985969543e-02,2.691366337239742279e-02,9.030421264469623566e-03,4.469975456595420837e-02
4.645743370056152344e-01,4.516988694667816162e-01,2.870906703174114227e-02,2.113731391727924347e-02,8.670778013765811920e-03,2.520973607897758484e-02
4.142791926860809326e-01,5.037479996681213379e-01,2.514079399406909943e-02,1.790792495012283325e-02,7.400697562843561172e-03,3.152349218726158142e-02
5.006468296051025391e-01,4.057814180850982666e-01,1.739120669662952423e-02,1.831767149269580841e-02,8.250623010098934174e-03,4.961225017905235291e-02
4.804462492465972900e-01,4.066521823406219482e-01,1.465451531112194061e-02,2.409015037119388580e-02,5.706835538148880005e-03,6.845003366470336914e-02
5.065950155258178711e-01,3.781346678733825684e-01,1.291676145046949387e-02,2.770105376839637756e-02,4.488007631152868271e-03,7.016454637050628662e-02
5.156369209289550781e-01,3.926581740379333496e-01,1.299338694661855698e-02,1.940505951642990112e-02,4.222963005304336548e-03,5.508355051279067993e-02
5.430554151535034180e-01,3.821884691715240479e-01,1.083801779896020889e-02,1.517775282263755798e-02,3.259415272623300552e-03,4.548094049096107483e-02
6.760893464088439941e-01,2.668189704418182373e-01,9.093646891415119171e-03,1.128918863832950592e-02,3.042239462956786156e-03,3.366651013493537903e-02
7.081645131111145020e-01,2.384046018123626709e-01,8.781431242823600769e-03,1.251325756311416626e-02,2.399853430688381195e-03,2.973627485334873199e-02
7.130600810050964355e-01,2.347286492586135864e-01,8.207106031477451324e-03,9.838032536208629608e-03,2.671630121767520905e-03,3.149443864822387695e-02
7.406519055366516113e-01,2.034884989261627197e-01,6.980390753597021103e-03,9.362145327031612396e-03,2.478841459378600121e-03,3.703833371400833130e-02
5.606085062026977539e-01,3.801741898059844971e-01,1.138522755354642868e-02,9.728629142045974731e-03,3.452245844528079033e-03,3.465118259191513062e-02
4.766163527965545654e-01,4.624458849430084229e-01,1.297461241483688354e-02,1.609071530401706696e-02,2.931292168796062469e-03,2.894107624888420105e-02
4.065290987491607666e-01,5.232295393943786621e-01,1.206998154520988464e-02,2.250219695270061493e-02,1.971938414499163628e-03,3.369725123047828674e-02
4.386419355869293213e-01,5.081177949905395508e-01,1.439848542213439941e-02,1.527546811848878860e-02,2.814607927575707436e-03,2.075181528925895691e-02
5.004917979240417480e-01,4.332862198352813721e-01,1.730483211576938629e-02,2.320712991058826447e-02,2.717837924137711525e-03,2.299220301210880280e-02
5.231326222419738770e-01,4.231864809989929199e-01,1.518492400646209717e-02,2.119918912649154663e-02,2.303384244441986084e-03,1.499339658766984940e-02
2.944059073925018311e-01,6.524460911750793457e-01,2.249742485582828522e-02,1.624211482703685760e-02,3.906436264514923096e-03,1.050197985023260117e-02
4.025276303291320801e-01,5.467739701271057129e-01,2.031584829092025757e-02,1.364570856094360352e-02,4.024904686957597733e-03,1.271206233650445938e-02
4.328867197036743164e-01,4.960503280162811279e-01,1.911761797964572906e-02,2.163833938539028168e-02,5.072793923318386078e-03,2.523420937359333038e-02
3.231833875179290771e-01,6.027852296829223633e-01,3.167103603482246399e-02,1.166465878486633301e-02,8.910465054214000702e-03,2.178516797721385956e-02
3.391582965850830078e-01,5.798870325088500977e-01,3.058877401053905487e-02,1.250984333455562592e-02,8.863327093422412872e-03,2.899274788796901703e-02
3.095486164093017578e-01,6.193500757217407227e-01,3.233122453093528748e-02,1.358834095299243927e-02,6.754883099347352982e-03,1.842684485018253326e-02
1.368617713451385498e-01,8.118343353271484375e-01,2.821216173470020294e-02,9.491119533777236938e-03,5.492943804711103439e-03,8.107569068670272827e-03
1.312035322189331055e-01,8.160679340362548828e-01,3.042583353817462921e-02,1.044985745102167130e-02,4.903110209852457047e-03,6.949717178940773010e-03
1.695794016122817993e-01,7.887463569641113281e-01,2.056875079870223999e-02,8.266944438219070435e-03,5.073483102023601532e-03,7.765082642436027527e-03
1.717172414064407349e-01,7.812104821205139160e-01,2.397149987518787384e-02,9.558103978633880615e-03,5.817356519401073456e-03,7.725186180323362350e-03
1.912718713283538818e-01,7.638896703720092773e-01,2.413308434188365936e-02,6.447187624871730804e-03,7.883466780185699463e-03,6.374759133905172348e-03
1.986639052629470825e-01,7.436799407005310059e-01,3.563139960169792175e-02,1.040698401629924774e-02,5.413576029241085052e-03,6.204242818057537079e-03
1.466292738914489746e-01,7.989589571952819824e-01,3.401065617799758911e-02,8.445974439382553101e-03,6.140985991805791855e-03,5.814160220324993134e-03
1.621328890323638916e-01,7.693149447441101074e-01,3.968530520796775818e-02,1.116466987878084183e-02,7.904578931629657745e-03,9.797466918826103210e-03
2.205765992403030396e-01,7.172223925590515137e-01,3.025574423372745514e-02,1.142722740769386292e-02,6.282958202064037323e-03,1.423514541238546371e-02
4.633842408657073975e-01,4.082068204879760742e-01,1.598106883466243744e-02,1.343915890902280807e-02,7.389518432319164276e-03,9.159913659095764160e-02
5.711267590522766113e-01,2.518799006938934326e-01,1.287556346505880356e-02,1.748122833669185638e-02,1.075115427374839783e-02,1.358853876590728760e-01
4.976502060890197754e-01,2.468699365854263306e-01,1.006460189819335938e-02,1.743220724165439606e-02,1.009207125753164291e-02,2.178909629583358765e-01
4.961261451244354248e-01,4.654148966073989868e-02,3.542996710166335106e-03,1.041294727474451065e-02,5.024101119488477707e-03,4.383522570133209229e-01
5.678756237030029297e-01,8.014609664678573608e-02,5.671681836247444153e-03,9.193353354930877686e-03,1.417916547507047653e-02,3.229340612888336182e-01
6.441186070442199707e-01,9.486243128776550293e-02,7.409440353512763977e-03,1.030162721872329712e-02,9.590389207005500793e-03,2.337175160646438599e-01
5.945154428482055664e-01,6.637466698884963989e-02,4.154199734330177307e-03,7.862953469157218933e-03,4.615669604390859604e-03,3.224770724773406982e-01
4.926784932613372803e-01,3.448044955730438232e-01,1.605743169784545898e-02,1.747684553265571594e-02,9.421491064131259918e-03,1.195613667368888855e-01
4.001348912715911865e-01,4.510371088981628418e-01,2.202717773616313934e-02,3.238075971603393555e-02,7.159378379583358765e-03,8.726063370704650879e-02
3.391433060169219971e-01,5.172148346900939941e-01,2.197663113474845886e-02,2.877118811011314392e-02,5.364388227462768555e-03,8.752961456775665283e-02
3.348252773284912109e-01,5.255267024040222168e-01,2.354171685874462128e-02,3.694033995270729065e-02,7.337171118706464767e-03,7.182881981134414673e-02
4.856664538383483887e-01,3.649037182331085205e-01,1.549159083515405655e-02,1.897422783076763153e-02,6.340316031128168106e-03,1.086236387491226196e-01
5.394419431686401367e-01,3.346517682075500488e-01,1.460680831223726273e-02,1.546390261501073837e-02,1.023221667855978012e-02,8.560338616371154785e-02
5.909299850463867188e-01,3.326176106929779053e-01,1.206379756331443787e-02,1.017945539206266403e-02,7.389189209789037704e-03,4.681989178061485291e-02
5.248608589172363281e-01,4.061196446418762207e-01,1.673954911530017853e-02,1.021522190421819687e-02,1.064802333712577820e-02,3.141678497195243835e-02
4.854881465435028076e-01,4.392260313034057617e-01,1.641159132122993469e-02,1.244003325700759888e-02,9.727392345666885376e-03,3.670682385563850403e-02
3.333848714828491211e-01,5.898438692092895508e-01,2.688973210752010345e-02,1.798591576516628265e-02,9.787366725504398346e-03,2.210826240479946136e-02
2.023040056228637695e-01,7.074435949325561523e-01,4.454745724797248840e-02,2.756466530263423920e-02,5.348009523004293442e-03,1.279229950159788132e-02
2.361994981765747070e-01,6.930940747261047363e-01,2.729939855635166168e-02,1.675990037620067596e-02,8.386841975152492523e-03,1.826031133532524109e-02
2.484691292047500610e-01,6.707617640495300293e-01,3.035580180585384369e-02,2.702524699270725250e-02,4.715657327324151993e-03,1.867251098155975342e-02
1.600550562143325806e-01,7.919019460678100586e-01,2.161080390214920044e-02,1.317258737981319427e-02,3.375979140400886536e-03,9.883567690849304199e-03
2.116137892007827759e-01,7.333762049674987793e-01,2.020093053579330444e-02,1.493208389729261398e-02,3.676249179989099503e-03,1.620073243975639343e-02
1.397752463817596436e-01,8.081400990486145020e-01,2.167018689215183258e-02,1.482775341719388962e-02,3.580352058634161949e-03,1.200631260871887207e-02
2.779074311256408691e-01,6.585329174995422363e-01,1.439260598272085190e-02,1.674648001790046692e-02,2.430198248475790024e-03,2.999024465680122375e-02
3.421291708946228027e-01,5.872383713722229004e-01,1.751123741269111633e-02,1.468516606837511063e-02,4.311506170779466629e-03,3.412458673119544983e-02
4.639514088630676270e-01,4.316322505474090576e-01,1.900864951312541962e-02,2.164408378303050995e-02,4.266777075827121735e-03,5.949681252241134644e-02
4.888009428977966309e-01,4.084349572658538818e-01,2.155373804271221161e-02,2.275113947689533234e-02,4.148929379880428314e-03,5.431032180786132812e-02
4.867985546588897705e-01,4.285451471805572510e-01,3.079872950911521912e-02,2.453582175076007843e-02,4.895912948995828629e-03,2.442577667534351349e-02
6.585742831230163574e-01,2.196767181158065796e-01,1.995077170431613922e-02,3.263407945632934570e-02,2.783718751743435860e-03,6.638049334287643433e-02
7.158627510070800781e-01,1.880955249071121216e-01,2.268442511558532715e-02,3.741220012307167053e-02,2.647461136803030968e-03,3.329768404364585876e-02
7.630187869071960449e-01,1.442327648401260376e-01,7.600320503115653992e-03,2.027471177279949188e-02,1.859477139078080654e-03,6.301385909318923950e-02
7.210502028465270996e-01,1.450177580118179321e-01,7.103209383785724640e-03,2.289679087698459625e-02,2.483737654983997345e-03,1.014484018087387085e-01
4.576125741004943848e-01,4.311248064041137695e-01,1.368996500968933105e-02,2.489206753671169281e-02,6.013611797243356705e-03,6.666706502437591553e-02
3.558079004287719727e-01,5.755785107612609863e-01,1.146261487156152725e-02,1.150898449122905731e-02,4.931740462779998779e-03,4.071032628417015076e-02
1.746240407228469849e-01,7.677836418151855469e-01,2.035992220044136047e-02,1.491877902299165726e-02,4.288951866328716278e-03,1.802463456988334656e-02
1.118616908788681030e-01,8.311024308204650879e-01,3.358876705169677734e-02,1.193323358893394470e-02,6.436182651668787003e-03,5.077665671706199646e-03
1.873934417963027954e-01,7.269997596740722656e-01,3.582900017499923706e-02,3.397932276129722595e-02,2.826205687597393990e-03,1.297225803136825562e-02
2.502153217792510986e-01,6.304714083671569824e-01,3.615438565611839294e-02,6.177662685513496399e-02,2.781532704830169678e-03,1.860072463750839233e-02
5.818291306495666504e-01,2.775807380676269531e-01,2.299791015684604645e-02,6.029170379042625427e-02,3.894903697073459625e-03,5.340549349784851074e-02
5.589872002601623535e-01,3.039138615131378174e-01,1.917398907244205475e-02,5.833723768591880798e-02,3.626598976552486420e-03,5.596113950014114380e-02
3.598135411739349365e-01,5.126101970672607422e-01,2.583899721503257751e-02,4.473460093140602112e-02,6.849349942058324814e-03,5.015332251787185669e-02
3.092910647392272949e-01,6.082262396812438965e-01,2.663051895797252655e-02,1.887887716293334961e-02,7.283319719135761261e-03,2.968989685177803040e-02
2.941062152385711670e-01,6.267852783203125000e-01,2.888344042003154755e-02,1.531180553138256073e-02,8.129742927849292755e-03,2.678349427878856659e-02
4.144102632999420166e-01,4.923742115497589111e-01,1.690319180488586426e-02,1.501107681542634964e-02,5.005058366805315018e-03,5.629616975784301758e-02
4.123670458793640137e-01,5.162454247474670410e-01,1.540410704910755157e-02,1.822307705879211426e-02,2.923146821558475494e-03,3.483722731471061707e-02
5.286280512809753418e-01,3.633633553981781006e-01,9.119832888245582581e-03,2.523097954690456390e-02,2.011073054745793343e-03,7.164672762155532837e-02
5.567386746406555176e-01,3.146017491817474365e-01,7.775863632559776306e-03,2.747214026749134064e-02,1.642776071093976498e-03,9.176889806985855103e-02
5.254588127136230469e-01,3.874397575855255127e-01,1.070703659206628799e-02,2.103296853601932526e-02,2.447102451696991920e-03,5.291434749960899353e-02
6.547700166702270508e-01,2.410977929830551147e-01,1.066675502806901932e-02,2.002389170229434967e-02,3.598376875743269920e-03,6.984318047761917114e-02
5.608993768692016602e-01,3.509168922901153564e-01,1.645703427493572235e-02,2.142729610204696655e-02,5.543982610106468201e-03,4.475542157888412476e-02
7.261537909507751465e-01,1.992041617631912231e-01,1.105527579784393311e-02,1.126956008374691010e-02,6.023052614182233810e-03,4.629416391253471375e-02
8.110769391059875488e-01,8.657883107662200928e-02,7.891814224421977997e-03,1.313921995460987091e-02,5.337099079042673111e-03,7.597611099481582642e-02
8.477796912193298340e-01,5.497566610574722290e-02,4.686252679675817490e-03,1.039841305464506149e-02,2.845428651198744774e-03,7.931448519229888916e-02
8.282769918441772461e-01,4.799439013004302979e-02,4.149085842072963715e-03,7.770930416882038116e-03,4.401152487844228745e-03,1.074074581265449524e-01
6.951071023941040039e-01,1.064612641930580139e-01,8.075750432908535004e-03,1.404342334717512131e-02,1.147403195500373840e-02,1.648384332656860352e-01
6.339189410209655762e-01,1.856482326984405518e-01,1.015131920576095581e-02,1.232352387160062790e-02,9.980980306863784790e-03,1.479769796133041382e-01
4.929221272468566895e-01,4.001888632774353027e-01,1.991178467869758606e-02,1.959806680679321289e-02,9.636187925934791565e-03,5.774297192692756653e-02
5.181415081024169922e-01,3.748082518577575684e-01,1.202369481325149536e-02,1.550743915140628815e-02,5.678581539541482925e-03,7.384059578180313110e-02
3.599757850170135498e-01,5.702430009841918945e-01,1.534909661859273911e-02,1.261290349066257477e-02,6.501841824501752853e-03,3.531745076179504395e-02
2.506375312805175781e-01,6.917952299118041992e-01,1.698351278901100159e-02,1.156038045883178711e-02,6.067349109798669815e-03,2.295602671802043915e-02
3.670965433120727539e-01,5.637174844741821289e-01,1.885980926454067230e-02,1.181604247540235519e-02,1.271499320864677429e-02,2.579517289996147156e-02
1.768474578857421875e-01,7.595652937889099121e-01,2.984160743653774261e-02,7.028328254818916321e-03,1.764390990138053894e-02,9.073275141417980194e-03
1.397706419229507446e-01,8.010567426681518555e-01,2.433997765183448792e-02,9.415509179234504700e-03,1.405203994363546371e-02,1.136507932096719742e-02
2.868204414844512939e-01,6.453076004981994629e-01,2.136017568409442902e-02,1.192855183035135269e-02,1.118469797074794769e-02,2.339854463934898376e-02
2.667598426342010498e-01,6.581768393516540527e-01,2.427102252840995789e-02,1.926397904753684998e-02,6.606816314160823822e-03,2.492151409387588501e-02
2.532050311565399170e-01,6.814105510711669922e-01,2.047804184257984161e-02,1.291507482528686523e-02,8.280594833195209503e-03,2.371069043874740601e-02
3.106094002723693848e-01,6.183151602745056152e-01,2.387911267578601837e-02,8.325435221195220947e-03,1.776545867323875427e-02,2.110554650425910950e-02
2.048192769289016724e-01,7.359328866004943848e-01,2.237409539520740509e-02,8.940595202147960663e-03,1.295811310410499573e-02,1.497517433017492294e-02
3.943560123443603516e-01,5.345976948738098145e-01,1.750835962593555450e-02,8.608650416135787964e-03,1.064162328839302063e-02,3.428770974278450012e-02
2.884097695350646973e-01,6.463428735733032227e-01,1.499787624925374985e-02,9.788259863853454590e-03,5.920197814702987671e-03,3.454101830720901489e-02
2.960271239280700684e-01,6.452193260192871094e-01,1.688711903989315033e-02,1.147016603499650955e-02,4.851575009524822235e-03,2.554468624293804169e-02
3.049736618995666504e-01,6.248350739479064941e-01,2.178343385457992554e-02,1.956127770245075226e-02,4.236215725541114807e-03,2.461037412285804749e-02
1.418880820274353027e-01,8.011386394500732422e-01,3.224353119730949402e-02,1.357854157686233521e-02,5.200319457799196243e-03,5.950897000730037689e-03
2.009094208478927612e-01,7.496309280395507812e-01,2.186593972146511078e-02,1.048574130982160568e-02,4.740255419164896011e-03,1.236767135560512543e-02
3.516113162040710449e-01,5.554301142692565918e-01,2.491067349910736084e-02,1.796479150652885437e-02,8.950079791247844696e-03,4.113294556736946106e-02
5.897734761238098145e-01,2.668824493885040283e-01,1.120869256556034088e-02,1.127893291413784027e-02,7.095886394381523132e-03,1.137606725096702576e-01
6.847771406173706055e-01,1.224770322442054749e-01,6.746050436049699783e-03,1.163253095000982285e-02,3.741341875866055489e-03,1.706259399652481079e-01
7.238472700119018555e-01,1.130022481083869934e-01,6.341918371617794037e-03,1.187144406139850616e-02,4.201834090054035187e-03,1.407353281974792480e-01
5.850414037704467773e-01,1.496801376342773438e-01,1.013121102005243301e-02,1.976420357823371887e-02,6.485001184046268463e-03,2.288980484008789062e-01
3.981246650218963623e-01,4.331583082675933838e-01,1.728063635528087616e-02,2.417969331145286560e-02,9.195102378726005554e-03,1.180616021156311035e-01
3.762001395225524902e-01,4.776292443275451660e-01,2.065726742148399353e-02,2.139957994222640991e-02,1.177251990884542465e-02,9.234127402305603027e-02
4.879207611083984375e-01,3.518251776695251465e-01,1.189524214714765549e-02,1.618548482656478882e-02,8.912889286875724792e-03,1.232604235410690308e-01
3.915711641311645508e-01,5.267795324325561523e-01,1.697818189859390259e-02,1.561412401497364044e-02,7.280900608748197556e-03,4.177614301443099976e-02
6.160132884979248047e-01,2.824473679065704346e-01,1.078462600708007812e-02,1.031069364398717880e-02,5.034302361309528351e-03,7.540976256132125854e-02
5.273143649101257324e-01,3.810235261917114258e-01,1.315123960375785828e-02,1.339096855372190475e-02,5.987450014799833298e-03,5.913243070244789124e-02
5.200042724609375000e-01,4.010984301567077637e-01,1.420505996793508530e-02,1.308323163539171219e-02,5.685680080205202103e-03,4.592335596680641174e-02
6.224542260169982910e-01,2.791368365287780762e-01,1.256623957306146622e-02,1.634786650538444519e-02,4.779613576829433441e-03,6.471525877714157104e-02
7.179353237152099609e-01,1.987050771713256836e-01,9.473113343119621277e-03,1.392219774425029755e-02,5.610990803688764572e-03,5.435330048203468323e-02
7.464239001274108887e-01,1.703233867883682251e-01,9.655850939452648163e-03,1.257528271526098251e-02,9.164252318441867828e-03,5.185734108090400696e-02
7.733044028282165527e-01,1.298782825469970703e-01,8.413338102400302887e-03,1.480559632182121277e-02,6.534320302307605743e-03,6.706406921148300171e-02
6.810154914855957031e-01,2.264724522829055786e-01,1.346431020647287369e-02,1.204756647348403931e-02,1.192810945212841034e-02,5.507206916809082031e-02
4.951585531234741211e-01,3.947039842605590820e-01,2.104177325963973999e-02,2.072940953075885773e-02,1.072043646126985550e-02,5.764581263065338135e-02
4.299871921539306641e-01,4.833971858024597168e-01,2.249434404075145721e-02,1.559823285788297653e-02,9.566778317093849182e-03,3.895632177591323853e-02
5.076712965965270996e-01,4.230526089668273926e-01,1.734028756618499756e-02,1.280834991484880447e-02,7.138988003134727478e-03,3.198850899934768677e-02
2.892969250679016113e-01,6.536883115768432617e-01,2.407442592084407806e-02,1.447823457419872284e-02,5.702152382582426071e-03,1.276003662496805191e-02
3.967412710189819336e-01,5.497667193412780762e-01,2.275979705154895782e-02,9.379033930599689484e-03,9.300093166530132294e-03,1.205301191657781601e-02
3.130203783512115479e-01,6.245121955871582031e-01,2.580999769270420074e-02,8.149544708430767059e-03,1.546660717576742172e-02,1.304127741605043411e-02
2.699550390243530273e-01,6.662090420722961426e-01,2.863580361008644104e-02,8.581150323152542114e-03,1.418961770832538605e-02,1.242937240749597549e-02
5.486100912094116211e-01,3.463461995124816895e-01,1.785001531243324280e-02,9.088964201509952545e-03,1.600335165858268738e-02,6.210143119096755981e-02
5.214008092880249023e-01,3.417564928531646729e-01,1.524217426776885986e-02,7.008614018559455872e-03,1.936174556612968445e-02,9.523017704486846924e-02
4.232014417648315430e-01,4.470821022987365723e-01,2.394549921154975891e-02,1.255153492093086243e-02,1.189223770052194595e-02,8.132724463939666748e-02
4.730827510356903076e-01,2.990624904632568359e-01,1.969933509826660156e-02,1.547375507652759552e-02,9.023725055158138275e-03,1.836579144001007080e-01
3.916507065296173096e-01,4.252503216266632080e-01,3.210888430476188660e-02,1.526694186031818390e-02,1.710099913179874420e-02,1.186221241950988770e-01
2.543750107288360596e-01,6.221421957015991211e-01,3.240660950541496277e-02,1.520613580942153931e-02,1.082434877753257751e-02,6.504575908184051514e-02
2.883854508399963379e-01,6.227421760559082031e-01,2.091793529689311981e-02,9.331560693681240082e-03,1.028290111571550369e-02,4.833991825580596924e-02
2.557535767555236816e-01,6.724963188171386719e-01,2.465172111988067627e-02,9.157578460872173309e-03,1.395531278103590012e-02,2.398551255464553833e-02
1.817681938409805298e-01,7.571314573287963867e-01,2.198236435651779175e-02,7.513410877436399460e-03,1.541600376367568970e-02,1.618846878409385681e-02
2.947843372821807861e-01,6.571725010871887207e-01,1.952745392918586731e-02,7.835837081074714661e-03,8.042379282414913177e-03,1.263745501637458801e-02
3.903557062149047852e-01,5.620677471160888672e-01,1.360473874956369400e-02,1.101766806095838547e-02,5.695664789527654648e-03,1.725847460329532623e-02
5.290564894676208496e-01,4.127101302146911621e-01,1.099748816341161728e-02,1.903032697737216949e-02,4.337122663855552673e-03,2.386847324669361115e-02
5.599737167358398438e-01,3.983673751354217529e-01,8.858562447130680084e-03,1.081108208745718002e-02,5.647866521030664444e-03,1.634143479168415070e-02
5.379241704940795898e-01,4.047393500804901123e-01,1.157600991427898407e-02,1.870314404368400574e-02,5.659752525389194489e-03,2.139768004417419434e-02
4.126639962196350098e-01,5.308390855789184570e-01,1.691716723144054413e-02,1.096806768327951431e-02,1.173486188054084778e-02,1.687686890363693237e-02
4.546446502208709717e-01,4.878215789794921875e-01,1.474878005683422089e-02,9.479173459112644196e-03,9.689455851912498474e-03,2.361634746193885803e-02
4.254279434680938721e-01,5.147713422775268555e-01,1.623625308275222778e-02,1.711556315422058105e-02,3.987847361713647842e-03,2.246102876961231232e-02
6.169912219047546387e-01,3.309088647365570068e-01,1.163269020617008209e-02,1.190553139895200729e-02,3.117683343589305878e-03,2.544399537146091461e-02
6.666767597198486328e-01,2.843245267868041992e-01,1.075216475874185562e-02,1.038879342377185822e-02,2.927289577201008797e-03,2.493051253259181976e-02
4.390417933464050293e-01,5.083578228950500488e-01,1.590869575738906860e-02,1.072276849299669266e-02,3.955754451453685760e-03,2.201310545206069946e-02
4.542032778263092041e-01,4.891920089721679688e-01,1.645104773342609406e-02,9.416674263775348663e-03,5.609577056020498276e-03,2.512733265757560730e-02
2.926366329193115234e-01,6.461960077285766602e-01,2.435241080820560455e-02,1.424238085746765137e-02,6.545099895447492599e-03,1.602743938565254211e-02
3.912619650363922119e-01,5.379785895347595215e-01,2.235162071883678436e-02,1.625715009868144989e-02,1.135903596878051758e-02,2.079158090054988861e-02
2.732880711555480957e-01,6.623750925064086914e-01,2.553643286228179932e-02,2.036395296454429626e-02,7.918452844023704529e-03,1.051793899387121201e-02
2.846930921077728271e-01,6.438406705856323242e-01,2.751343138515949249e-02,1.208351831883192062e-02,1.726676709949970245e-02,1.460245996713638306e-02
1.902769804000854492e-01,7.514711618423461914e-01,2.452936768531799316e-02,8.831221610307693481e-03,1.411916594952344894e-02,1.077212113887071609e-02
1.496976315975189209e-01,8.047600388526916504e-01,2.197248116135597229e-02,8.699663914740085602e-03,7.040151394903659821e-03,7.830059155821800232e-03
1.984256356954574585e-01,7.631629705429077148e-01,1.697775721549987793e-02,7.178361527621746063e-03,5.318704526871442795e-03,8.936465717852115631e-03
6.496832370758056641e-01,2.854281961917877197e-01,1.546879019588232040e-02,2.222082018852233887e-02,3.399705281481146812e-03,2.379920892417430878e-02
3.702552318572998047e-01,5.636333227157592773e-01,1.695352420210838318e-02,1.904814876616001129e-02,3.139333100989460945e-03,2.697042934596538544e-02
4.589438736438751221e-01,4.200640320777893066e-01,1.380953472107648849e-02,6.043963134288787842e-02,1.744971377775073051e-03,4.499800503253936768e-02
5.195104479789733887e-01,3.449465334415435791e-01,1.662496291100978851e-02,6.167059391736984253e-02,2.660904079675674438e-03,5.458658561110496521e-02
2.806887328624725342e-01,5.940698385238647461e-01,2.475239150226116180e-02,6.141562387347221375e-02,4.095601849257946014e-03,3.497787564992904663e-02
3.692195415496826172e-01,5.501436591148376465e-01,1.700574345886707306e-02,2.770648337900638580e-02,3.709285752847790718e-03,3.221525251865386963e-02
4.912187755107879639e-01,4.451809227466583252e-01,2.141751721501350403e-02,1.545394677668809891e-02,8.651887066662311554e-03,1.807695254683494568e-02
4.474284946918487549e-01,5.026862025260925293e-01,2.212765440344810486e-02,8.812750689685344696e-03,6.951910909265279770e-03,1.199298445135354996e-02
4.036858975887298584e-01,5.487950444221496582e-01,2.090327441692352295e-02,9.212002158164978027e-03,5.574141629040241241e-03,1.182958390563726425e-02
3.841997385025024414e-01,5.632195472717285156e-01,2.375332079827785492e-02,1.154410000890493393e-02,5.717049818485975266e-03,1.156620588153600693e-02
3.917192518711090088e-01,5.491296648979187012e-01,2.451160922646522522e-02,1.426266692578792572e-02,4.381326027214527130e-03,1.599548757076263428e-02
5.477866530418395996e-01,3.999275863170623779e-01,1.783790811896324158e-02,1.064349897205829620e-02,4.585373681038618088e-03,1.921885274350643158e-02
6.012698411941528320e-01,3.373969495296478271e-01,1.864923536777496338e-02,8.485851809382438660e-03,9.312720037996768951e-03,2.488537691533565521e-02
4.882748723030090332e-01,4.529852867126464844e-01,1.499626226723194122e-02,8.614717982709407806e-03,8.927472867071628571e-03,2.620138600468635559e-02
5.436529517173767090e-01,3.961176872253417969e-01,1.819988526403903961e-02,1.047964673489332199e-02,1.158373802900314331e-02,1.996605657041072845e-02
3.742407858371734619e-01,5.565325021743774414e-01,2.403683960437774658e-02,9.900649078190326691e-03,1.758204959332942963e-02,1.770719699561595917e-02
2.273305654525756836e-01,6.998586654663085938e-01,2.700683660805225372e-02,8.135207928717136383e-03,2.439829893410205841e-02,1.327037718147039413e-02
1.438542306423187256e-01,7.924452424049377441e-01,3.360420092940330505e-02,7.805572357028722763e-03,1.395861897617578506e-02,8.332052268087863922e-03
3.456720411777496338e-01,5.873006582260131836e-01,3.447707369923591614e-02,9.626522660255432129e-03,1.235747523605823517e-02,1.056623086333274841e-02
3.002254068851470947e-01,6.309586167335510254e-01,3.669087961316108704e-02,1.397691108286380768e-02,9.342137724161148071e-03,8.806094527244567871e-03
4.346084892749786377e-01,5.050489902496337891e-01,2.726491540670394897e-02,1.430983562022447586e-02,6.647435016930103302e-03,1.212032511830329895e-02
6.742103099822998047e-01,2.819545269012451172e-01,1.153502054512500763e-02,9.985989890992641449e-03,3.849644912406802177e-03,1.846452802419662476e-02
7.364875078201293945e-01,2.073562294244766235e-01,8.588870055973529816e-03,1.429850608110427856e-02,2.026406116783618927e-03,3.124250285327434540e-02
8.020296096801757812e-01,1.383889466524124146e-01,5.750813521444797516e-03,1.043334789574146271e-02,1.889742561616003513e-03,4.150761291384696960e-02
8.676722049713134766e-01,7.986395061016082764e-02,4.225487355142831802e-03,8.077699691057205200e-03,1.287344726733863354e-03,3.887325152754783630e-02
9.176632761955261230e-01,3.469252586364746094e-02,3.036420792341232300e-03,6.040086504071950912e-03,1.145424437709152699e-03,3.742220252752304077e-02
6.454468369483947754e-01,2.906847894191741943e-01,1.890945807099342346e-02,1.304904185235500336e-02,6.001681089401245117e-03,2.590829320251941681e-02
4.255076944828033447e-01,5.073704123497009277e-01,2.454718016088008881e-02,1.497650053352117538e-02,8.436598815023899078e-03,1.916156709194183350e-02
3.090908527374267578e-01,6.150894165039062500e-01,3.080482035875320435e-02,1.914994046092033386e-02,8.363516069948673248e-03,1.750149391591548920e-02
4.227406382560729980e-01,4.849067926406860352e-01,1.576120778918266296e-02,3.036048077046871185e-02,3.961296286433935165e-03,4.226956143975257874e-02
6.780327558517456055e-01,2.083122879266738892e-01,7.746634073555469513e-03,1.921577192842960358e-02,3.038505557924509048e-03,8.365405350923538208e-02
7.149724960327148438e-01,1.689218878746032715e-01,6.559028755873441696e-03,2.814211696386337280e-02,1.580734271556138992e-03,7.982366532087326050e-02
6.107856035232543945e-01,2.550034821033477783e-01,1.195780839771032333e-02,3.697353973984718323e-02,2.362715313211083412e-03,8.291682600975036621e-02
6.271944046020507812e-01,2.988076210021972656e-01,1.608839444816112518e-02,2.403970435261726379e-02,4.383995663374662399e-03,2.948585525155067444e-02
3.214654922485351562e-01,6.014316082000732422e-01,3.174382448196411133e-02,2.281996607780456543e-02,6.870358716696500778e-03,1.566877216100692749e-02
3.307673037052154541e-01,6.128538250923156738e-01,2.355088479816913605e-02,1.081458758562803268e-02,7.566178683191537857e-03,1.444717962294816971e-02
4.283989965915679932e-01,5.152358412742614746e-01,1.973235048353672028e-02,1.149399019777774811e-02,7.010388188064098358e-03,1.812844164669513702e-02
5.649774670600891113e-01,3.775157332420349121e-01,1.423266995698213577e-02,1.136251911520957947e-02,5.000632256269454956e-03,2.691098675131797791e-02
5.705370306968688965e-01,3.559265136718750000e-01,1.415538880974054337e-02,2.264632098376750946e-02,4.122450016438961029e-03,3.261227533221244812e-02
3.474139869213104248e-01,5.838039517402648926e-01,2.112184278666973114e-02,2.044636942446231842e-02,5.621622782200574875e-03,2.159232273697853088e-02
3.003956079483032227e-01,6.359889507293701172e-01,2.224429696798324585e-02,1.370252296328544617e-02,7.971981540322303772e-03,1.969664916396141052e-02
2.579545378684997559e-01,6.765944361686706543e-01,2.651142701506614685e-02,1.173224113881587982e-02,1.056563481688499451e-02,1.664168015122413635e-02
3.968795835971832275e-01,5.306700468063354492e-01,2.550061047077178955e-02,1.120226364582777023e-02,1.155968569219112396e-02,2.418776415288448334e-02
7.438232898712158203e-01,1.889705061912536621e-01,1.437477394938468933e-02,9.363348595798015594e-03,7.032229099422693253e-03,3.643584996461868286e-02
7.586955428123474121e-01,1.687995195388793945e-01,9.584547020494937897e-03,1.041620690375566483e-02,4.646088462322950363e-03,4.785815253853797913e-02
7.674010992050170898e-01,1.588861346244812012e-01,1.024186890572309494e-02,1.667445339262485504e-02,2.978874603286385536e-03,4.381746798753738403e-02
6.875290274620056152e-01,2.391398847103118896e-01,1.323633175343275070e-02,2.112698368728160858e-02,3.519478486850857735e-03,3.544833138585090637e-02
6.733534932136535645e-01,2.324413061141967773e-01,1.482007186859846115e-02,2.632872015237808228e-02,3.614858724176883698e-03,4.944153875112533569e-02
6.508845686912536621e-01,2.746611833572387695e-01,1.990729570388793945e-02,1.823441684246063232e-02,4.800172988325357437e-03,3.151247277855873108e-02
5.318312048912048340e-01,3.966065645217895508e-01,2.674759551882743835e-02,1.535330340266227722e-02,8.141530677676200867e-03,2.131973579525947571e-02
4.621858000755310059e-01,4.657100439071655273e-01,3.239971399307250977e-02,9.672031737864017487e-03,1.478868536651134491e-02,1.524362061172723770e-02
4.557204842567443848e-01,4.754860699176788330e-01,2.501076832413673401e-02,6.956839933991432190e-03,1.913343183696269989e-02,1.769232191145420074e-02
4.942402839660644531e-01,4.316640794277191162e-01,2.216462977230548859e-02,5.377846769988536835e-03,3.008471429347991943e-02,1.646843180060386658e-02
5.588427782058715820e-01,3.802033364772796631e-01,1.547582820057868958e-02,4.889306612312793732e-03,1.992208510637283325e-02,2.066671103239059448e-02
4.544436335563659668e-01,4.810522794723510742e-01,2.103369310498237610e-02,7.571461610496044159e-03,1.732308417558670044e-02,1.857582293450832367e-02
4.715955257415771484e-01,4.760415554046630859e-01,2.002507820725440979e-02,1.071585435420274734e-02,6.875418592244386673e-03,1.474662218242883682e-02
3.141097128391265869e-01,6.280910968780517578e-01,2.223499864339828491e-02,1.803126372396945953e-02,2.992837922647595406e-03,1.454021316021680832e-02
3.790670037269592285e-01,5.589038729667663574e-01,1.567503996193408966e-02,1.952593401074409485e-02,2.904552966356277466e-03,2.392368018627166748e-02
4.648099243640899658e-01,4.529607892036437988e-01,1.514727994799613953e-02,1.876979321241378784e-02,4.589049145579338074e-03,4.372325167059898376e-02
4.808221161365509033e-01,3.641811907291412354e-01,9.207130409777164459e-03,1.595602184534072876e-02,3.886875929310917854e-03,1.259466856718063354e-01
4.774355888366699219e-01,2.642725706100463867e-01,8.366399444639682770e-03,1.680585183203220367e-02,4.499773960560560226e-03,2.286198288202285767e-01
6.242857575416564941e-01,1.492152065038681030e-01,6.525863893330097198e-03,1.052466407418251038e-02,5.900587420910596848e-03,2.035479545593261719e-01
7.333105802536010742e-01,1.212938055396080017e-01,5.309516098350286484e-03,7.601542863994836807e-03,5.570008885115385056e-03,1.269146800041198730e-01
7.740209102630615234e-01,1.546656936407089233e-01,5.605071783065795898e-03,6.231615319848060608e-03,5.565029103308916092e-03,5.391174182295799255e-02
8.092936873435974121e-01,1.446126699447631836e-01,5.665746051818132401e-03,5.487078800797462463e-03,4.541384521871805191e-03,3.039953857660293579e-02
5.043537020683288574e-01,4.399181008338928223e-01,1.328419614583253860e-02,1.197449862957000732e-02,6.146424449980258942e-03,2.432305552065372467e-02
3.608639538288116455e-01,5.778264403343200684e-01,1.784048415720462799e-02,1.854779012501239777e-02,4.336379002779722214e-03,2.058495767414569855e-02
3.687763512134552002e-01,5.490124225616455078e-01,2.031035162508487701e-02,2.525520697236061096e-02,5.292370915412902832e-03,3.135323151946067810e-02
2.359979897737503052e-01,6.724279522895812988e-01,1.816314831376075745e-02,4.128020629286766052e-02,3.732422133907675743e-03,2.839835174381732941e-02
3.444108963012695312e-01,5.463613271713256836e-01,1.175449788570404053e-02,4.077697545289993286e-02,2.425374696031212807e-03,5.427094176411628723e-02
6.224418282508850098e-01,2.020809203386306763e-01,5.212948657572269440e-03,2.705956436693668365e-02,1.768162124790251255e-03,1.414365619421005249e-01
5.798422694206237793e-01,2.131173610687255859e-01,3.586354199796915054e-03,2.120048366487026215e-02,1.118912827223539352e-03,1.811346560716629028e-01
6.619377732276916504e-01,1.851475089788436890e-01,3.877975745126605034e-03,1.539430394768714905e-02,1.192734460346400738e-03,1.324497461318969727e-01
7.294606566429138184e-01,1.874922215938568115e-01,5.147061776369810104e-03,1.559253968298435211e-02,1.491889124736189842e-03,6.081565842032432556e-02
4.164871573448181152e-01,4.954794049263000488e-01,1.518720295280218124e-02,3.059531375765800476e-02,2.873600227758288383e-03,3.937732800841331482e-02
5.836703181266784668e-01,3.176904916763305664e-01,1.410105917602777481e-02,4.233181476593017578e-02,2.897392027080059052e-03,3.930887579917907715e-02
4.896655380725860596e-01,4.230783283710479736e-01,1.779705286026000977e-02,2.598878927528858185e-02,5.534523632377386093e-03,3.793572261929512024e-02
6.614056229591369629e-01,2.630463540554046631e-01,1.333172153681516647e-02,2.078131772577762604e-02,4.906484857201576233e-03,3.652856126427650452e-02
5.887861251831054688e-01,3.510229587554931641e-01,1.763579249382019043e-02,1.075785700231790543e-02,1.168614346534013748e-02,2.011117525398731232e-02
4.138581752777099609e-01,5.246829390525817871e-01,2.235589735209941864e-02,1.170621439814567566e-02,1.062770746648311615e-02,1.676918193697929382e-02
5.799586176872253418e-01,3.601967394351959229e-01,1.405465137213468552e-02,1.042516715824604034e-02,9.806869551539421082e-03,2.555788867175579071e-02
7.311546206474304199e-01,2.193392664194107056e-01,1.103448402136564255e-02,9.035177528858184814e-03,5.517459940165281296e-03,2.391903102397918701e-02
8.220776915550231934e-01,1.413833051919937134e-01,7.196564693003892899e-03,8.869370445609092712e-03,2.703633159399032593e-03,1.776954531669616699e-02
8.907805681228637695e-01,7.478185743093490601e-02,4.193083848804235458e-03,5.265420768409967422e-03,2.041850937530398369e-03,2.293727360665798187e-02
8.943986892700195312e-01,6.226684898138046265e-02,3.213126445189118385e-03,5.571584217250347137e-03,1.706323120743036270e-03,3.284342586994171143e-02
8.372262120246887207e-01,1.172800213098526001e-01,5.066709127277135849e-03,9.309506043791770935e-03,2.428630599752068520e-03,2.868893556296825409e-02
7.533733844757080078e-01,1.881552338600158691e-01,9.875315241515636444e-03,1.099075842648744583e-02,4.152240231633186340e-03,3.345301747322082520e-02
5.862551927566528320e-01,3.299747109413146973e-01,1.803321205079555511e-02,1.804964430630207062e-02,9.962882846593856812e-03,3.772434592247009277e-02
5.541130900382995605e-01,3.406879603862762451e-01,2.295633405447006226e-02,3.180317580699920654e-02,8.881850168108940125e-03,4.155755043029785156e-02
4.847662150859832764e-01,4.124999344348907471e-01,2.642456255853176117e-02,2.800486981868743896e-02,1.211489643901586533e-02,3.618955984711647034e-02
6.121858954429626465e-01,2.843243181705474854e-01,1.469444297254085541e-02,2.532023936510086060e-02,7.386575918644666672e-03,5.608846992254257202e-02
5.149368643760681152e-01,3.676978051662445068e-01,2.562117390334606171e-02,2.583547495305538177e-02,1.527201011776924133e-02,5.063671618700027466e-02
7.325023412704467773e-01,1.284919679164886475e-01,1.493018306791782379e-02,2.924923971295356750e-02,6.988549139350652695e-03,8.783771842718124390e-02
6.895900368690490723e-01,1.229936033487319946e-01,1.202863547950983047e-02,2.124211192131042480e-02,6.567092612385749817e-03,1.475785970687866211e-01
6.767677664756774902e-01,7.866085320711135864e-02,6.574641913175582886e-03,1.867919787764549255e-02,6.056179292500019073e-03,2.132613360881805420e-01
6.440697312355041504e-01,1.454188227653503418e-01,9.022702462971210480e-03,1.411905419081449509e-02,9.490484371781349182e-03,1.778791993856430054e-01
6.450287103652954102e-01,1.945139765739440918e-01,1.114662643522024155e-02,1.497361343353986740e-02,7.562048733234405518e-03,1.267750412225723267e-01
5.682812929153442383e-01,3.165438175201416016e-01,1.014519669115543365e-02,1.504692249000072479e-02,6.823411677032709122e-03,8.315938711166381836e-02
5.392091274261474609e-01,3.203439414501190186e-01,6.276309024542570114e-03,1.596756279468536377e-02,3.515989053994417191e-03,1.146870777010917664e-01
6.201925873756408691e-01,2.056741863489151001e-01,4.045889247208833694e-03,1.457248255610466003e-02,1.139682717621326447e-03,1.543751209974288940e-01
6.529149413108825684e-01,1.587451398372650146e-01,2.443082630634307861e-03,1.146967895328998566e-02,8.759308839216828346e-04,1.735511869192123413e-01
5.135358572006225586e-01,3.231859207153320312e-01,5.637355614453554153e-03,1.433028280735015869e-02,1.797730685211718082e-03,1.415128856897354126e-01
5.120247006416320801e-01,3.958564996719360352e-01,1.101576164364814758e-02,2.387890405952930450e-02,1.965068513527512550e-03,5.525906383991241455e-02
4.332873225212097168e-01,4.840066730976104736e-01,1.724155992269515991e-02,2.260548248887062073e-02,4.294903948903083801e-03,3.856411203742027283e-02
3.843881487846374512e-01,5.345622301101684570e-01,2.477804198861122131e-02,2.304008789360523224e-02,7.056736387312412262e-03,2.617479488253593445e-02
3.642365932464599609e-01,5.633245110511779785e-01,3.050813078880310059e-02,1.639176346361637115e-02,8.581230416893959045e-03,1.695781387388706207e-02
2.113711237907409668e-01,7.272299528121948242e-01,2.705050446093082428e-02,1.257602684199810028e-02,6.449318025261163712e-03,1.532296650111675262e-02
2.944715917110443115e-01,6.318543553352355957e-01,3.015352785587310791e-02,1.636801473796367645e-02,9.441369213163852692e-03,1.771110296249389648e-02
3.833833038806915283e-01,5.226098895072937012e-01,2.510698139667510986e-02,1.655339077115058899e-02,1.504101138561964035e-02,3.730537742376327515e-02
2.762713730335235596e-01,6.431049704551696777e-01,2.166182175278663635e-02,1.553113665431737900e-02,1.370240002870559692e-02,2.972825057804584503e-02
3.893903791904449463e-01,5.242448449134826660e-01,2.368313632905483246e-02,1.617812737822532654e-02,1.334196049720048904e-02,3.316158056259155273e-02
3.741131722927093506e-01,5.305532217025756836e-01,2.994085848331451416e-02,1.723341643810272217e-02,1.777384057641029358e-02,3.038542531430721283e-02
2.785927355289459229e-01,6.333560943603515625e-01,4.320876300334930420e-02,1.645095832645893097e-02,1.121805422008037567e-02,1.717326976358890533e-02
3.499572873115539551e-01,5.796418190002441406e-01,3.043760918080806732e-02,1.603556424379348755e-02,7.239879574626684189e-03,1.668777689337730408e-02
3.665544688701629639e-01,5.390114784240722656e-01,4.736927896738052368e-02,1.942272298038005829e-02,9.294220246374607086e-03,1.834785006940364838e-02
4.301802515983581543e-01,4.883845448493957520e-01,4.045453667640686035e-02,2.053100243210792542e-02,5.307552870362997055e-03,1.514210551977157593e-02
5.005967020988464355e-01,4.404626190662384033e-01,2.595768682658672333e-02,1.049050036817789078e-02,6.609716452658176422e-03,1.588275283575057983e-02
6.375477910041809082e-01,3.048294484615325928e-01,2.205377444624900818e-02,9.639297612011432648e-03,6.322491448372602463e-03,1.960728876292705536e-02
8.700089454650878906e-01,8.793587982654571533e-02,9.169030934572219849e-03,8.313408121466636658e-03,3.693702863529324532e-03,2.087895013391971588e-02
9.244637489318847656e-01,3.659436479210853577e-02,4.060961771756410599e-03,6.355172954499721527e-03,2.183273434638977051e-03,2.634249627590179443e-02
8.914567232131958008e-01,4.701308161020278931e-02,3.469295334070920944e-03,7.700742222368717194e-03,1.496419077739119530e-03,4.886380210518836975e-02
7.852045297622680664e-01,1.331474781036376953e-01,8.450278080999851227e-03,1.873454637825489044e-02,2.761470619589090347e-03,5.170157924294471741e-02
3.237808644771575928e-01,6.097235679626464844e-01,2.614564821124076843e-02,1.381373871117830276e-02,6.523617077618837357e-03,2.001259475946426392e-02
3.988456726074218750e-01,5.384522080421447754e-01,2.133071422576904297e-02,1.404138188809156418e-02,5.449102260172367096e-03,2.188098616898059845e-02
5.895675420761108398e-01,3.540315032005310059e-01,1.691786386072635651e-02,9.246821515262126923e-03,5.503985099494457245e-03,2.473225817084312439e-02
8.292113542556762695e-01,1.272194832563400269e-01,6.191513501107692719e-03,6.656840443611145020e-03,2.791392616927623749e-03,2.792935073375701904e-02
9.169673323631286621e-01,5.173165723681449890e-02,2.711842767894268036e-03,5.422998219728469849e-03,8.760713390074670315e-04,2.229006960988044739e-02
9.327622652053833008e-01,2.515311911702156067e-02,1.585416728630661964e-03,4.247535951435565948e-03,8.760914788581430912e-04,3.537567332386970520e-02
8.900535702705383301e-01,6.250090897083282471e-02,5.299528129398822784e-03,8.800092153251171112e-03,1.837722607888281345e-03,3.150821849703788757e-02
7.517255544662475586e-01,1.890732347965240479e-01,1.134372502565383911e-02,9.219248779118061066e-03,3.644545096904039383e-03,3.499367460608482361e-02
5.979802608489990234e-01,3.013176918029785156e-01,1.633465476334095001e-02,1.169067993760108948e-02,5.263445898890495300e-03,6.741320341825485229e-02
5.195164084434509277e-01,3.996500372886657715e-01,2.180997282266616821e-02,1.279336865991353989e-02,5.630983505398035049e-03,4.059918969869613647e-02
5.895954370498657227e-01,3.376971781253814697e-01,1.399334799498319626e-02,1.567428745329380035e-02,3.853368107229471207e-03,3.918628394603729248e-02
6.609008312225341797e-01,2.411152422428131104e-01,7.014694623649120331e-03,9.766423143446445465e-03,2.901457715779542923e-03,7.830149680376052856e-02
6.879876852035522461e-01,2.298774421215057373e-01,8.271010592579841614e-03,1.135467644780874252e-02,3.413371741771697998e-03,5.909582972526550293e-02
7.681665420532226562e-01,1.395639330148696899e-01,7.095380220562219620e-03,1.038616802543401718e-02,3.944461233913898468e-03,7.084352523088455200e-02
7.531833052635192871e-01,1.540573984384536743e-01,9.711165912449359894e-03,8.932112716138362885e-03,9.154589846730232239e-03,6.496135890483856201e-02
7.032115459442138672e-01,1.931484937667846680e-01,1.010061427950859070e-02,8.620213717222213745e-03,1.115741766989231110e-02,7.376169413328170776e-02
6.909456849098205566e-01,2.226994186639785767e-01,1.023330260068178177e-02,1.105693820863962173e-02,8.229193277657032013e-03,5.683539807796478271e-02
7.757931351661682129e-01,1.463073343038558960e-01,7.068703882396221161e-03,1.557855028659105301e-02,3.887103172019124031e-03,5.136515945196151733e-02
8.249375820159912109e-01,9.385783225297927856e-02,3.774127922952175140e-03,9.774333797395229340e-03,2.167396480217576027e-03,6.548865139484405518e-02
8.562079071998596191e-01,6.490146368741989136e-02,2.738110953941941261e-03,7.816878147423267365e-03,1.232824521139264107e-03,6.710293889045715332e-02
7.464183568954467773e-01,1.834552437067031860e-01,5.163252353668212891e-03,1.307218801230192184e-02,2.248307457193732262e-03,4.964258149266242981e-02
6.478763222694396973e-01,2.596651017665863037e-01,1.211815793067216873e-02,3.144488111138343811e-02,2.955376403406262398e-03,4.594014585018157959e-02
4.568750560283660889e-01,4.440104663372039795e-01,1.476567797362804413e-02,2.254647947847843170e-02,4.401138518005609512e-03,5.740116536617279053e-02
4.244235455989837646e-01,4.918718039989471436e-01,2.167218364775180817e-02,2.499475143849849701e-02,6.587642244994640350e-03,3.045004978775978088e-02
5.481306910514831543e-01,3.365595638751983643e-01,1.555597875267267227e-02,1.728607341647148132e-02,1.005825214087963104e-02,7.240936905145645142e-02
6.574792265892028809e-01,2.352767884731292725e-01,1.045129355043172836e-02,1.049526128917932510e-02,8.675767108798027039e-03,7.762167602777481079e-02
7.462733983993530273e-01,1.453552842140197754e-01,8.041889406740665436e-03,1.081074588000774384e-02,9.385093115270137787e-03,8.013353496789932251e-02
5.546269416809082031e-01,2.618573904037475586e-01,1.234128046780824661e-02,1.148234773427248001e-02,1.994704268872737885e-02,1.397450417280197144e-01
6.857934594154357910e-01,1.698582917451858521e-01,1.019103266298770905e-02,1.112896762788295746e-02,1.122892461717128754e-02,1.117993965744972229e-01
6.216625571250915527e-01,1.459530293941497803e-01,9.664596989750862122e-03,1.024929154664278030e-02,1.551473699510097504e-02,1.969558894634246826e-01
5.177259445190429688e-01,2.294972240924835205e-01,1.031222660094499588e-02,1.220075599849224091e-02,1.679321378469467163e-02,2.134706079959869385e-01
3.991189897060394287e-01,4.315012097358703613e-01,1.565713994204998016e-02,1.331423223018646240e-02,1.215988304466009140e-02,1.282485276460647583e-01
4.130222797393798828e-01,4.817436933517456055e-01,2.268748171627521515e-02,2.325564622879028320e-02,7.048146799206733704e-03,5.224275961518287659e-02
4.654041230678558350e-01,4.195892810821533203e-01,1.569826528429985046e-02,4.725220054388046265e-02,2.900107298046350479e-03,4.915607348084449768e-02
4.064266979694366455e-01,4.709843397140502930e-01,1.346496492624282837e-02,4.650960490107536316e-02,3.382722847163677216e-03,5.923167988657951355e-02
5.060855150222778320e-01,3.844369649887084961e-01,1.201920304447412491e-02,3.248951956629753113e-02,5.117625463753938675e-03,5.985116586089134216e-02
5.077788829803466797e-01,3.976289629936218262e-01,1.238772179931402206e-02,2.539862878620624542e-02,4.185874946415424347e-03,5.261994525790214539e-02
4.692291617393493652e-01,4.413959681987762451e-01,1.541038323193788528e-02,1.463884767144918442e-02,1.108148321509361267e-02,4.824420437216758728e-02
4.972163140773773193e-01,4.226770997047424316e-01,1.707409135997295380e-02,1.626847498118877411e-02,8.422296494245529175e-03,3.834170848131179810e-02
5.004581809043884277e-01,4.238228797912597656e-01,1.301442645490169525e-02,1.471994072198867798e-02,4.777714144438505173e-03,4.320683330297470093e-02
4.345937967300415039e-01,4.644418358802795410e-01,1.565461419522762299e-02,3.323986381292343140e-02,5.750831682235002518e-03,4.631898179650306702e-02
4.942747056484222412e-01,3.912070691585540771e-01,1.418877113610506058e-02,2.617504633963108063e-02,5.301008466631174088e-03,6.885347515344619751e-02
6.679930090904235840e-01,2.175107300281524658e-01,1.023221481591463089e-02,3.062386624515056610e-02,4.086311906576156616e-03,6.955391168594360352e-02
6.864183545112609863e-01,2.296458929777145386e-01,1.353390980511903763e-02,2.686208300292491913e-02,4.149167332798242569e-03,3.939055651426315308e-02
6.786251664161682129e-01,2.560370862483978271e-01,1.494822464883327484e-02,1.223699096590280533e-02,6.229100748896598816e-03,3.192336484789848328e-02
4.606574773788452148e-01,4.736240804195404053e-01,2.475144155323505402e-02,1.791556924581527710e-02,4.511196631938219070e-03,1.854025013744831085e-02
2.575990855693817139e-01,6.872044205665588379e-01,2.559169195592403412e-02,1.507604401558637619e-02,3.376173553988337517e-03,1.115265209227800369e-02
2.389716207981109619e-01,7.059744000434875488e-01,2.969325892627239227e-02,1.461838092654943466e-02,3.449019975960254669e-03,7.293335627764463425e-03
3.879719674587249756e-01,5.558443069458007812e-01,2.869170159101486206e-02,1.293253898620605469e-02,5.180959124118089676e-03,9.378467686474323273e-03
5.300552845001220703e-01,4.183347821235656738e-01,2.223897911608219147e-02,1.301550772041082382e-02,4.723842255771160126e-03,1.163169089704751968e-02
6.655573248863220215e-01,2.937520742416381836e-01,1.457199268043041229e-02,8.573704399168491364e-03,4.803430289030075073e-03,1.274138409644365311e-02
6.630172729492187500e-01,2.935769855976104736e-01,1.669286936521530151e-02,7.526767905801534653e-03,6.776795256882905960e-03,1.240932289510965347e-02
4.152502715587615967e-01,5.360606312751770020e-01,1.903525553643703461e-02,8.756855502724647522e-03,6.702681537717580795e-03,1.419430039823055267e-02
3.075203597545623779e-01,6.432951688766479492e-01,1.659520715475082397e-02,1.355697028338909149e-02,3.897356567904353142e-03,1.513498928397893906e-02
3.586547672748565674e-01,5.803534388542175293e-01,1.616213656961917877e-02,2.342899143695831299e-02,3.033740678802132607e-03,1.836682111024856567e-02
3.616707026958465576e-01,5.660570859909057617e-01,1.908950135111808777e-02,2.499783039093017578e-02,4.317682702094316483e-03,2.386721409857273102e-02
5.250675082206726074e-01,3.890351057052612305e-01,1.836861856281757355e-02,4.388383775949478149e-02,4.783678334206342697e-03,1.886116527020931244e-02
4.637641310691833496e-01,4.771159589290618896e-01,1.603377610445022583e-02,1.458898838609457016e-02,7.047524675726890564e-03,2.144971117377281189e-02
6.392230987548828125e-01,2.905046939849853516e-01,9.360633790493011475e-03,1.672034710645675659e-02,4.265134222805500031e-03,3.992603719234466553e-02
6.805430054664611816e-01,2.287876307964324951e-01,8.612186647951602936e-03,1.194403786212205887e-02,7.352668792009353638e-03,6.276042014360427856e-02
6.901718378067016602e-01,1.998235732316970825e-01,9.136701002717018127e-03,1.216807402670383453e-02,9.616393595933914185e-03,7.908349484205245972e-02
6.203099489212036133e-01,2.765103578567504883e-01,1.110096089541912079e-02,1.245428062975406647e-02,1.282006688416004181e-02,6.680444628000259399e-02
6.132006645202636719e-01,3.073230385780334473e-01,1.602672040462493896e-02,7.932378910481929779e-03,2.370863407850265503e-02,3.180868178606033325e-02
7.151525616645812988e-01,2.155672609806060791e-01,1.153118815273046494e-02,8.645510300993919373e-03,1.568590104579925537e-02,3.341758623719215393e-02
7.501237392425537109e-01,1.954464167356491089e-01,6.893136072903871536e-03,8.936750702559947968e-03,5.924419499933719635e-03,3.267560154199600220e-02
7.258162498474121094e-01,2.187854200601577759e-01,8.464257232844829559e-03,7.576602511107921600e-03,7.839357480406761169e-03,3.151815757155418396e-02
7.536219954490661621e-01,1.790520101785659790e-01,6.470632739365100861e-03,8.675372228026390076e-03,4.670613445341587067e-03,4.750929400324821472e-02
8.226306438446044922e-01,1.085667982697486877e-01,6.334656383842229843e-03,1.735756732523441315e-02,3.001899225637316704e-03,4.210847243666648865e-02
8.526854515075683594e-01,7.664680480957031250e-02,5.533558782190084457e-03,1.397889200598001480e-02,3.189596813172101974e-03,4.796566069126129150e-02
9.067711830139160156e-01,3.197476640343666077e-02,2.736228983849287033e-03,1.015810109674930573e-02,1.686598872765898705e-03,4.667320474982261658e-02
9.272105097770690918e-01,2.515505626797676086e-02,2.668886678293347359e-03,9.357874281704425812e-03,1.229586545377969742e-03,3.437810763716697693e-02
8.484334349632263184e-01,1.020191311836242676e-01,5.472762044519186020e-03,9.810957126319408417e-03,1.997160259634256363e-03,3.226659074425697327e-02
7.281881570816040039e-01,2.191964387893676758e-01,8.205174468457698822e-03,1.215909421443939209e-02,2.049502218142151833e-03,3.020167909562587738e-02
5.391601324081420898e-01,4.043170809745788574e-01,1.009674556553363800e-02,1.797564700245857239e-02,1.935359090566635132e-03,2.651500143110752106e-02
3.325619697570800781e-01,6.146528124809265137e-01,1.632067002356052399e-02,1.317926961928606033e-02,4.526847973465919495e-03,1.875840127468109131e-02
3.448623716831207275e-01,5.998769402503967285e-01,1.496970932930707932e-02,1.234097778797149658e-02,5.572165362536907196e-03,2.237789332866668701e-02
4.836235344409942627e-01,4.466152191162109375e-01,1.104347407817840576e-02,2.063862234354019165e-02,4.099979996681213379e-03,3.397920355200767517e-02
3.266961574554443359e-01,6.132286190986633301e-01,1.412358600646257401e-02,1.596774719655513763e-02,5.428727250546216965e-03,2.455522865056991577e-02
3.884136974811553955e-01,5.415367484092712402e-01,1.849745213985443115e-02,2.989224158227443695e-02,3.960996400564908981e-03,1.769897155463695526e-02
5.584006905555725098e-01,3.918198943138122559e-01,1.270817033946514130e-02,1.489063445478677750e-02,3.167142858728766441e-03,1.901353895664215088e-02
5.327611565589904785e-01,4.181132018566131592e-01,1.253079343587160110e-02,1.506710425019264221e-02,2.675701864063739777e-03,1.885209046304225922e-02
5.817263722419738770e-01,3.486203849315643311e-01,1.135583128780126572e-02,1.707147248089313507e-02,3.339378861710429192e-03,3.788655623793601990e-02
8.447938561439514160e-01,7.057201117277145386e-02,3.669732250273227692e-03,7.241129409521818161e-03,2.253770828247070312e-03,7.146944105625152588e-02
9.072213768959045410e-01,2.254553325474262238e-02,2.075857250019907951e-03,4.267070908099412918e-03,1.244115177541971207e-03,6.264604628086090088e-02
9.060933589935302734e-01,2.705187723040580750e-02,2.717678435146808624e-03,4.938799887895584106e-03,1.911739003844559193e-03,5.728655308485031128e-02
9.242050647735595703e-01,2.634773030877113342e-02,2.596961567178368568e-03,2.808997640386223793e-03,1.743733650073409081e-03,4.229757934808731079e-02
8.669096827507019043e-01,9.723479300737380981e-02,7.228447590023279190e-03,4.544246476143598557e-03,4.239599220454692841e-03,1.984321512281894684e-02
8.967838883399963379e-01,6.766765564680099487e-02,5.888486281037330627e-03,4.417320713400840759e-03,3.960255999118089676e-03,2.128234505653381348e-02
6.471248269081115723e-01,2.916001081466674805e-01,1.653160899877548218e-02,9.656956419348716736e-03,8.606325834989547729e-03,2.648018673062324524e-02
5.388935208320617676e-01,4.046649336814880371e-01,1.864154264330863953e-02,1.041960995644330978e-02,8.131421171128749847e-03,1.924898102879524231e-02
4.178991913795471191e-01,5.116517543792724609e-01,2.303333394229412079e-02,1.226187776774168015e-02,8.789042942225933075e-03,2.636479772627353668e-02
4.456856548786163330e-01,4.845609068870544434e-01,2.001597359776496887e-02,1.443607173860073090e-02,8.011566475033760071e-03,2.728983759880065918e-02
6.498543620109558105e-01,2.517989277839660645e-01,1.050728373229503632e-02,1.734020188450813293e-02,4.724018275737762451e-03,6.577517092227935791e-02
7.187778949737548828e-01,1.871434599161148071e-01,1.014982815831899643e-02,1.726912893354892731e-02,3.782343585044145584e-03,6.287746131420135498e-02
7.615964412689208984e-01,1.387038230895996094e-01,8.549081161618232727e-03,3.378603234887123108e-02,2.170233754441142082e-03,5.519435927271842957e-02
7.557943463325500488e-01,1.650551408529281616e-01,1.065762527287006378e-02,3.057833388447761536e-02,3.017708426341414452e-03,3.489686176180839539e-02
7.629954218864440918e-01,1.641014516353607178e-01,1.399629283696413040e-02,3.062156401574611664e-02,4.889517091214656830e-03,2.339576371014118195e-02
6.725322604179382324e-01,2.197079509496688843e-01,1.267187856137752533e-02,3.528289124369621277e-02,4.621968604624271393e-03,5.518309772014617920e-02
6.426765322685241699e-01,2.405145317316055298e-01,1.197132468223571777e-02,2.073604986071586609e-02,5.898163653910160065e-03,7.820340991020202637e-02
6.857722401618957520e-01,1.684510856866836548e-01,9.647618047893047333e-03,3.219649568200111389e-02,4.482690710574388504e-03,9.944991022348403931e-02
6.818320155143737793e-01,1.644860059022903442e-01,1.028505153954029083e-02,3.630976378917694092e-02,3.340951399877667427e-03,1.037462279200553894e-01
5.730345249176025391e-01,3.126114606857299805e-01,1.785903424024581909e-02,3.143363073468208313e-02,7.104681339114904404e-03,5.795670300722122192e-02
4.760896265506744385e-01,4.115449488162994385e-01,2.677596919238567352e-02,2.958630397915840149e-02,1.490319799631834030e-02,4.109995067119598389e-02
3.251570761203765869e-01,5.755505561828613281e-01,4.216773435473442078e-02,1.693089678883552551e-02,1.724038645625114441e-02,2.295332588255405426e-02
2.828659117221832275e-01,6.238209605216979980e-01,2.980607934296131134e-02,1.797119155526161194e-02,1.284882891923189163e-02,3.268693760037422180e-02
3.707008659839630127e-01,4.680273532867431641e-01,2.732475847005844116e-02,1.931083388626575470e-02,1.829960942268371582e-02,9.633657336235046387e-02
5.618435144424438477e-01,1.946950703859329224e-01,1.501886919140815735e-02,1.574250310659408569e-02,1.382442284375429153e-02,1.988755762577056885e-01
5.307845473289489746e-01,1.292283236980438232e-01,1.090576872229576111e-02,1.168147008866071701e-02,1.890640333294868469e-02,2.984934747219085693e-01
6.272583007812500000e-01,6.257772445678710938e-02,6.065048277378082275e-03,8.796604350209236145e-03,1.232398021966218948e-02,2.829783260822296143e-01
5.621995329856872559e-01,1.540118157863616943e-01,1.401645131409168243e-02,1.479345839470624924e-02,1.740701310336589813e-02,2.375717312097549438e-01
3.866350948810577393e-01,2.628261744976043701e-01,1.453243102878332138e-02,1.135716214776039124e-02,2.320662885904312134e-02,3.014425337314605713e-01
4.124804735183715820e-01,3.332370817661285400e-01,1.983133703470230103e-02,1.154320128262042999e-02,3.222788125276565552e-02,1.906800270080566406e-01
3.927322030067443848e-01,2.437679916620254517e-01,1.337342802435159683e-02,6.912996061146259308e-03,2.699083276093006134e-02,3.162225782871246338e-01
3.429276049137115479e-01,3.059547841548919678e-01,1.708741672337055206e-02,7.176513783633708954e-03,4.117786884307861328e-02,2.856758236885070801e-01
3.434251844882965088e-01,4.315820336341857910e-01,2.552037499845027924e-02,1.201496273279190063e-02,2.533365041017532349e-02,1.621238887310028076e-01
3.285624086856842041e-01,5.108450651168823242e-01,3.540090471506118774e-02,1.271167118102312088e-02,2.464192174375057220e-02,8.783795684576034546e-02
2.852838039398193359e-01,5.523376464843750000e-01,6.475944072008132935e-02,1.302375551313161850e-02,5.273700505495071411e-02,3.185829147696495056e-02
3.505968451499938965e-01,4.990438520908355713e-01,5.008759349584579468e-02,1.321988645941019058e-02,4.720277339220046997e-02,3.984915092587471008e-02
3.071791827678680420e-01,5.457317829132080078e-01,3.864639624953269958e-02,1.091760117560625076e-02,5.225352942943572998e-02,4.527151957154273987e-02
3.629902005195617676e-01,4.850747287273406982e-01,4.465134814381599426e-02,1.449392456561326981e-02,4.031977802515029907e-02,5.246999114751815796e-02
3.257605731487274170e-01,5.542042851448059082e-01,3.665124624967575073e-02,1.434098556637763977e-02,2.083847858011722565e-02,4.820442199707031250e-02
3.724423348903656006e-01,5.033793449401855469e-01,4.932958632707595825e-02,1.312017440795898438e-02,2.497924491763114929e-02,3.674937784671783447e-02
5.660702586174011230e-01,3.029382526874542236e-01,3.143228963017463684e-02,1.503565255552530289e-02,2.144737541675567627e-02,6.307610124349594116e-02
7.595208287239074707e-01,9.117750823497772217e-02,1.234466303139925003e-02,8.264866657555103302e-03,1.204986404627561569e-02,1.166422963142395020e-01
7.682195305824279785e-01,9.973494708538055420e-02,1.912109181284904480e-02,7.664313539862632751e-03,2.254742383956909180e-02,8.271256834268569946e-02
7.905110120773315430e-01,1.096816360950469971e-01,1.162246335297822952e-02,6.271226797252893448e-03,1.585942320525646210e-02,6.605420261621475220e-02
7.290747165679931641e-01,1.222346425056457520e-01,9.373220615088939667e-03,5.289068445563316345e-03,1.853427663445472717e-02,1.154941022396087646e-01
7.125170230865478516e-01,1.670387983322143555e-01,1.317673269659280777e-02,5.495599005371332169e-03,2.174474112689495087e-02,8.002718538045883179e-02
7.485347390174865723e-01,1.309267580509185791e-01,1.319503877311944962e-02,6.973751354962587357e-03,1.752655580639839172e-02,8.284307271242141724e-02
7.633897066116333008e-01,1.365660578012466431e-01,1.089235302060842514e-02,5.381238181143999100e-03,1.142764091491699219e-02,7.234306633472442627e-02
6.105380058288574219e-01,3.026293218135833740e-01,2.191096171736717224e-02,7.819675840437412262e-03,1.494819298386573792e-02,4.215376451611518860e-02
5.028066635131835938e-01,4.216545522212982178e-01,1.919920183718204498e-02,7.807505782693624496e-03,1.074976194649934769e-02,3.778229653835296631e-02
4.521847963333129883e-01,4.697487652301788330e-01,2.175710350275039673e-02,1.300951372832059860e-02,7.007911801338195801e-03,3.629187494516372681e-02
5.149537920951843262e-01,4.035601317882537842e-01,1.722759567201137543e-02,1.164697669446468353e-02,6.339266896247863770e-03,4.627218469977378845e-02
5.429035425186157227e-01,3.851601183414459229e-01,1.402909960597753525e-02,9.768759831786155701e-03,5.425127223134040833e-03,4.271341115236282349e-02
4.813728332519531250e-01,4.443555474281311035e-01,2.967526204884052277e-02,9.935040026903152466e-03,1.244495715945959091e-02,2.221621014177799225e-02
4.283026754856109619e-01,4.704633057117462158e-01,6.241776049137115479e-02,1.228723768144845963e-02,1.377158798277378082e-02,1.275747083127498627e-02
4.625616371631622314e-01,4.536446928977966309e-01,4.326058924198150635e-02,1.045407913625240326e-02,1.625030674040317535e-02,1.382864452898502350e-02
4.558545053005218506e-01,4.462764263153076172e-01,4.929510131478309631e-02,1.926052384078502655e-02,1.345758605748414993e-02,1.585587300360202789e-02
3.933453261852264404e-01,5.293433666229248047e-01,3.468105196952819824e-02,9.794202633202075958e-03,1.757721044123172760e-02,1.525876019150018692e-02
3.577767014503479004e-01,5.585778951644897461e-01,3.883516043424606323e-02,7.798501756042242050e-03,2.079269848763942719e-02,1.621911488473415375e-02
3.273596763610839844e-01,5.832068920135498047e-01,3.664502501487731934e-02,8.482462726533412933e-03,1.869187504053115845e-02,2.561406604945659637e-02
3.471474945545196533e-01,5.263100862503051758e-01,6.496420502662658691e-02,1.980474032461643219e-02,1.812865398824214935e-02,2.364483103156089783e-02
4.053027629852294922e-01,4.872922897338867188e-01,3.766304627060890198e-02,2.763034962117671967e-02,9.701488539576530457e-03,3.241007030010223389e-02
6.014418005943298340e-01,2.342157065868377686e-01,1.764576695859432220e-02,2.561525441706180573e-02,7.370009552687406540e-03,1.137115135788917542e-01
7.682558298110961914e-01,9.969417750835418701e-02,1.369566004723310471e-02,1.728733815252780914e-02,7.878392003476619720e-03,9.318856894969940186e-02
6.368502378463745117e-01,1.659191399812698364e-01,1.104908529669046402e-02,1.111167483031749725e-02,1.136386021971702576e-02,1.637060195207595825e-01
5.390110611915588379e-01,2.418513149023056030e-01,1.243096217513084412e-02,8.092895150184631348e-03,1.823768019676208496e-02,1.803760826587677002e-01
6.007829308509826660e-01,2.594040632247924805e-01,1.437806803733110428e-02,9.356340393424034119e-03,1.627717353403568268e-02,9.980128705501556396e-02
3.918141424655914307e-01,5.349427461624145508e-01,2.103902399539947510e-02,1.126370858401060104e-02,9.223314002156257629e-03,3.171700984239578247e-02
4.710974991321563721e-01,4.558837413787841797e-01,2.969617955386638641e-02,2.047578617930412292e-02,5.847772583365440369e-03,1.699910499155521393e-02
4.419831931591033936e-01,4.669032096862792969e-01,2.987506426870822906e-02,6.475292611867189407e-03,3.303151950240135193e-02,2.173178270459175110e-02
5.006134510040283203e-01,3.894411325454711914e-01,2.188265696167945862e-02,3.858816344290971756e-03,5.279127135872840881e-02,3.141267970204353333e-02
5.381585955619812012e-01,3.413242399692535400e-01,1.782861351966857910e-02,3.352348459884524345e-03,5.841625481843948364e-02,4.091991484165191650e-02
6.586273312568664551e-01,2.127514630556106567e-01,1.512391585856676102e-02,2.658269368112087250e-03,6.677627563476562500e-02,4.406282678246498108e-02
7.184574007987976074e-01,1.938188970088958740e-01,1.677705161273479462e-02,3.867071587592363358e-03,3.138042613863945007e-02,3.569917380809783936e-02
6.798179745674133301e-01,2.412725538015365601e-01,1.758748851716518402e-02,6.614219862967729568e-03,1.809525303542613983e-02,3.661255910992622375e-02
6.954126954078674316e-01,2.112118452787399292e-01,1.664649881422519684e-02,7.560823578387498856e-03,2.100313454866409302e-02,4.816500470042228699e-02
5.510197877883911133e-01,3.106891214847564697e-01,1.915168575942516327e-02,1.184621080756187439e-02,2.559640631079673767e-02,8.169680088758468628e-02
5.162124633789062500e-01,3.223587274551391602e-01,2.292075194418430328e-02,1.754292659461498260e-02,3.014218248426914215e-02,9.082297980785369873e-02
4.176223576068878174e-01,4.083694815635681152e-01,2.469316497445106506e-02,1.080862618982791901e-02,3.201107308268547058e-02,1.064952909946441650e-01
3.848844170570373535e-01,3.532687425613403320e-01,2.146635018289089203e-02,9.064742363989353180e-03,5.028592795133590698e-02,1.810298413038253784e-01
3.101510703563690186e-01,3.753292560577392578e-01,2.238809876143932343e-02,9.091408923268318176e-03,4.562930390238761902e-02,2.374108582735061646e-01
2.963477075099945068e-01,3.022812902927398682e-01,1.582732237875461578e-02,1.280006673187017441e-02,1.977808028459548950e-02,3.529656231403350830e-01
2.735489010810852051e-01,2.584264576435089111e-01,1.160799339413642883e-02,1.648808270692825317e-02,1.127917971462011337e-02,4.286493062973022461e-01
3.604713976383209229e-01,2.555005550384521484e-01,1.594603061676025391e-02,1.275870669633150101e-02,2.178289182484149933e-02,3.335403501987457275e-01
3.846636414527893066e-01,1.839752048254013062e-01,1.703154668211936951e-02,1.381106674671173096e-02,3.545116260647773743e-02,3.650673031806945801e-01
4.089513421058654785e-01,2.826575338840484619e-01,2.285781502723693848e-02,1.120382826775312424e-02,7.133612036705017090e-02,2.029933482408523560e-01
4.139944314956665039e-01,3.192697465419769287e-01,3.835558146238327026e-02,6.739180535078048706e-03,1.546680927276611328e-01,6.697299331426620483e-02
4.857596158981323242e-01,3.286827802658081055e-01,4.368512704968452454e-02,9.364377707242965698e-03,8.608117699623107910e-02,4.642688110470771790e-02
4.254558384418487549e-01,4.443181753158569336e-01,3.027494065463542938e-02,7.576328236609697342e-03,5.535704642534255981e-02,3.701770678162574768e-02
3.272923529148101807e-01,5.765766501426696777e-01,3.064861707389354706e-02,9.285949170589447021e-03,2.687655203044414520e-02,2.931987494230270386e-02
4.816515445709228516e-01,3.879242837429046631e-01,1.156930346041917801e-02,9.019697085022926331e-03,1.674693077802658081e-02,9.308829158544540405e-02
3.848217427730560303e-01,4.317912757396697998e-01,1.314005814492702484e-02,6.892905104905366898e-03,3.047139756381511688e-02,1.328825801610946655e-01
4.545581638813018799e-01,3.197749853134155273e-01,1.207823678851127625e-02,7.311390712857246399e-03,2.764362841844558716e-02,1.786336451768875122e-01
5.835196375846862793e-01,2.243145555257797241e-01,1.434136275202035904e-02,6.544705014675855637e-03,3.948099166154861450e-02,1.317987591028213501e-01
3.656738698482513428e-01,4.305301904678344727e-01,3.130759671330451965e-02,6.533774547278881073e-03,1.211392208933830261e-01,4.481530189514160156e-02
5.663285255432128906e-01,2.928467392921447754e-01,2.558406442403793335e-02,5.611568223685026169e-03,6.209435313940048218e-02,4.753465950489044189e-02
4.268298745155334473e-01,4.416840374469757080e-01,5.929266661405563354e-02,8.824594318866729736e-03,4.192707687616348267e-02,2.144183404743671417e-02
4.965068995952606201e-01,3.553140759468078613e-01,6.236741319298744202e-02,8.779781870543956757e-03,4.960068687796592712e-02,2.743114903569221497e-02
5.306829810142517090e-01,3.453040122985839844e-01,4.912516474723815918e-02,8.335174992680549622e-03,4.322877526283264160e-02,2.332389913499355316e-02
4.477287232875823975e-01,4.098142683506011963e-01,6.827605515718460083e-02,1.167135592550039291e-02,3.534119203686714172e-02,2.716831304132938385e-02
5.362446904182434082e-01,3.220753371715545654e-01,3.965744003653526306e-02,9.324539452791213989e-03,5.361981689929962158e-02,3.907810896635055542e-02
4.298139214515686035e-01,4.568420052528381348e-01,2.829444222152233124e-02,9.794786572456359863e-03,3.842297568917274475e-02,3.683178871870040894e-02
3.476883471012115479e-01,5.441946983337402344e-01,4.464632645249366760e-02,1.809481158852577209e-02,1.900886557996273041e-02,2.636698447167873383e-02
3.931997120380401611e-01,4.808837473392486572e-01,3.992538899183273315e-02,9.451821446418762207e-03,4.311304539442062378e-02,3.342637419700622559e-02
4.278990626335144043e-01,4.492681324481964111e-01,4.268910735845565796e-02,8.390587754547595978e-03,4.851214215159416199e-02,2.324089221656322479e-02
5.795700550079345703e-01,2.856219708919525146e-01,3.628860786557197571e-02,5.285019986331462860e-03,7.242863625288009644e-02,2.080564200878143311e-02
5.243450403213500977e-01,3.378714323043823242e-01,3.263181820511817932e-02,6.063156295567750931e-03,7.520782202482223511e-02,2.388081327080726624e-02
5.794712901115417480e-01,2.954430580139160156e-01,2.695325016975402832e-02,5.446173250675201416e-03,6.548621505498886108e-02,2.719996683299541473e-02
3.723157942295074463e-01,4.718695878982543945e-01,3.769187256693840027e-02,5.661870352923870087e-03,8.882488310337066650e-02,2.363595739006996155e-02
3.562620282173156738e-01,5.462103486061096191e-01,2.617572434246540070e-02,9.792806580662727356e-03,3.136538341641426086e-02,3.019375540316104889e-02
5.748961567878723145e-01,3.370959460735321045e-01,1.681589893996715546e-02,8.819526061415672302e-03,1.964350789785385132e-02,4.272888973355293274e-02
6.493300795555114746e-01,2.675910294055938721e-01,1.237212214618921280e-02,9.718313813209533691e-03,1.184540521353483200e-02,4.914310202002525330e-02
6.808816790580749512e-01,2.463831156492233276e-01,1.720022037625312805e-02,1.404232159256935120e-02,5.796826444566249847e-03,3.569591417908668518e-02
5.877480506896972656e-01,3.320247530937194824e-01,2.002154663205146790e-02,1.433779671788215637e-02,8.362303487956523895e-03,3.750552609562873840e-02
5.991771221160888672e-01,2.693670988082885742e-01,2.680553682148456573e-02,1.836162060499191284e-02,1.428491249680519104e-02,7.200367003679275513e-02
6.434344649314880371e-01,1.741963177919387817e-01,1.945802755653858185e-02,1.859903894364833832e-02,9.757111780345439911e-03,1.345549672842025757e-01
5.386193990707397461e-01,1.466023325920104980e-01,1.491480786353349686e-02,1.179812382906675339e-02,2.091580443084239960e-02,2.671495079994201660e-01
4.853145778179168701e-01,5.680611729621887207e-02,6.248176563531160355e-03,7.536869030445814133e-03,1.264849305152893066e-02,4.314458370208740234e-01
4.808174073696136475e-01,8.988893032073974609e-02,7.227715104818344116e-03,5.516542587429285049e-03,1.505837682634592056e-02,4.014909863471984863e-01
3.905544579029083252e-01,2.931272983551025391e-01,1.656746305525302887e-02,5.565248895436525345e-03,8.402068167924880981e-02,2.101649492979049683e-01
4.636435806751251221e-01,3.197580277919769287e-01,1.914167404174804688e-02,6.848735269159078598e-03,4.926637932658195496e-02,1.413415819406509399e-01
3.952325284481048584e-01,3.170861303806304932e-01,1.355490274727344513e-02,8.888098411262035370e-03,3.027827106416225433e-02,2.349600195884704590e-01
4.838031828403472900e-01,3.152215182781219482e-01,1.990792900323867798e-02,7.445137482136487961e-03,4.792595282196998596e-02,1.256963014602661133e-01
4.320933818817138672e-01,3.722005486488342285e-01,1.546081062406301498e-02,1.080056745558977127e-02,1.495420932769775391e-02,1.544904857873916626e-01
3.964393138885498047e-01,3.031934201717376709e-01,1.236008107662200928e-02,1.072033401578664780e-02,1.934270001947879791e-02,2.579441964626312256e-01
5.046733617782592773e-01,2.014171332120895386e-01,1.598218642175197601e-02,6.283882539719343185e-03,4.097522050142288208e-02,2.306682169437408447e-01
4.888314008712768555e-01,1.185419037938117981e-01,9.063800796866416931e-03,6.215744651854038239e-03,1.578167453408241272e-02,3.615654110908508301e-01
6.919043064117431641e-01,7.382712513208389282e-02,6.430617067962884903e-03,4.933211021125316620e-03,7.160607725381851196e-03,2.157440483570098877e-01
8.172525763511657715e-01,7.525908201932907104e-02,7.868635468184947968e-03,4.440092481672763824e-03,8.416154421865940094e-03,8.676350861787796021e-02
6.502966284751892090e-01,2.510820329189300537e-01,1.626468822360038757e-02,7.502802647650241852e-03,1.371640339493751526e-02,6.113743036985397339e-02
4.837969839572906494e-01,4.003089964389801025e-01,3.032753057777881622e-02,1.161793339997529984e-02,2.604736760258674622e-02,4.790119826793670654e-02
3.462112545967102051e-01,4.986887574195861816e-01,5.286947265267372131e-02,2.104925923049449921e-02,3.371021151542663574e-02,4.747101292014122009e-02
4.129283428192138672e-01,4.427489340305328369e-01,3.305500000715255737e-02,1.268757041543722153e-02,2.587098255753517151e-02,7.270919531583786011e-02
5.885533690452575684e-01,2.325600683689117432e-01,1.951993815600872040e-02,7.795116864144802094e-03,3.047493845224380493e-02,1.210965737700462341e-01
5.988393425941467285e-01,2.975609898567199707e-01,2.028769440948963165e-02,8.965776301920413971e-03,2.162331156432628632e-02,5.272288247942924500e-02
6.394178867340087891e-01,2.412281632423400879e-01,1.661666296422481537e-02,6.908670533448457718e-03,2.620288357138633728e-02,6.962577253580093384e-02
5.491183996200561523e-01,3.051566779613494873e-01,2.064241282641887665e-02,5.517784971743822098e-03,4.757466539740562439e-02,7.199019938707351685e-02
5.354793071746826172e-01,2.945205867290496826e-01,2.089719288051128387e-02,5.148035939782857895e-03,6.298439949750900269e-02,8.097043633460998535e-02
5.239640474319458008e-01,3.047440052032470703e-01,1.746993139386177063e-02,6.333378143608570099e-03,2.737136185169219971e-02,1.201172769069671631e-01
6.011381149291992188e-01,2.259539663791656494e-01,1.596644334495067596e-02,8.684990927577018738e-03,2.050604112446308136e-02,1.277505904436111450e-01
4.867359101772308350e-01,3.840692639350891113e-01,2.839577943086624146e-02,9.922728873789310455e-03,3.071094863116741180e-02,6.016548350453376770e-02
5.187198519706726074e-01,3.603943884372711182e-01,2.572574093937873840e-02,9.608410298824310303e-03,3.046025708317756653e-02,5.509138479828834534e-02
5.939109325408935547e-01,2.560630440711975098e-01,3.632138296961784363e-02,2.079037576913833618e-02,3.060643747448921204e-02,6.230787932872772217e-02
5.369636416435241699e-01,3.290585875511169434e-01,4.182459041476249695e-02,1.292656455188989639e-02,3.760838508605957031e-02,4.161824658513069153e-02
4.325652420520782471e-01,4.356467425823211670e-01,5.395539104938507080e-02,2.582998573780059814e-02,1.962166652083396912e-02,3.238095343112945557e-02
3.646655678749084473e-01,4.772548377513885498e-01,4.980862513184547424e-02,1.666295528411865234e-02,3.508986905217170715e-02,5.651818588376045227e-02
3.536005616188049316e-01,5.077570080757141113e-01,3.858337178826332092e-02,1.235025562345981598e-02,2.922702021896839142e-02,5.848180502653121948e-02
3.168598711490631104e-01,4.852998554706573486e-01,3.581955656409263611e-02,1.280299294739961624e-02,3.846157342195510864e-02,1.107560992240905762e-01
4.227572381496429443e-01,3.004998862743377686e-01,2.033006027340888977e-02,8.361222222447395325e-03,3.982220590114593506e-02,2.082293927669525146e-01
3.959902226924896240e-01,3.508150279521942139e-01,1.797255128622055054e-02,8.748492226004600525e-03,2.298644930124282837e-02,2.034872323274612427e-01
3.884957432746887207e-01,4.186760783195495605e-01,2.386184781789779663e-02,9.163692593574523926e-03,3.178850188851356506e-02,1.280141025781631470e-01
4.640024304389953613e-01,3.457715809345245361e-01,1.740023493766784668e-02,7.574934978038072586e-03,2.345779724419116974e-02,1.417930126190185547e-01
4.186579883098602295e-01,3.808194398880004883e-01,2.173632755875587463e-02,8.406090550124645233e-03,3.289457783102989197e-02,1.374855637550354004e-01
3.935228288173675537e-01,4.435716867446899414e-01,2.792086824774742126e-02,9.439289569854736328e-03,3.166945278644561768e-02,9.387577325105667114e-02
3.673638999462127686e-01,4.371196627616882324e-01,2.579248324036598206e-02,1.389334816485643387e-02,1.614476554095745087e-02,1.396859288215637207e-01
3.453631699085235596e-01,4.639017879962921143e-01,2.268199995160102844e-02,1.668031699955463409e-02,1.290843170136213303e-02,1.384643018245697021e-01
4.524572491645812988e-01,4.091985821723937988e-01,1.973667740821838379e-02,1.154048088937997818e-02,1.112597621977329254e-02,9.594104439020156860e-02
5.918788313865661621e-01,2.766787111759185791e-01,2.485791966319084167e-02,1.628969609737396240e-02,8.027954958379268646e-03,8.226696401834487915e-02
6.184955239295959473e-01,2.818143665790557861e-01,3.371829912066459656e-02,1.105138659477233887e-02,1.675310172140598297e-02,3.816724941134452820e-02
6.608910560607910156e-01,1.925171315670013428e-01,3.318836912512779236e-02,9.986263699829578400e-03,2.386927790939807892e-02,7.954789698123931885e-02
4.379177987575531006e-01,3.584876656532287598e-01,3.819098696112632751e-02,9.623961523175239563e-03,4.384114965796470642e-02,1.119384467601776123e-01
3.944970667362213135e-01,3.615500032901763916e-01,5.112321302294731140e-02,1.594556868076324463e-02,4.985494911670684814e-02,1.270292401313781738e-01
3.701496422290802002e-01,3.193057179450988770e-01,3.083761036396026611e-02,1.390680298209190369e-02,3.233338519930839539e-02,2.334667891263961792e-01
5.540750622749328613e-01,2.220786064863204956e-01,2.401317842304706573e-02,1.527970377355813980e-02,1.240167859941720963e-02,1.721517890691757202e-01
6.300716400146484375e-01,1.623456329107284546e-01,1.189174223691225052e-02,1.345664542168378830e-02,7.114932406693696976e-03,1.751194298267364502e-01
7.272958159446716309e-01,1.167511865496635437e-01,7.108637597411870956e-03,7.825571112334728241e-03,5.521472543478012085e-03,1.354973018169403076e-01
7.670539617538452148e-01,1.247740164399147034e-01,7.404461968690156937e-03,5.792330019176006317e-03,1.083957217633724213e-02,8.413568139076232910e-02
6.893009543418884277e-01,1.915889680385589600e-01,8.659992367029190063e-03,5.448868032544851303e-03,1.242856122553348541e-02,9.257267415523529053e-02
5.688116550445556641e-01,3.149459064006805420e-01,1.736542768776416779e-02,6.543916650116443634e-03,2.600481919944286346e-02,6.632830202579498291e-02
5.342950224876403809e-01,3.433946669101715088e-01,1.626212708652019501e-02,7.565829902887344360e-03,2.848467417061328888e-02,6.999759376049041748e-02
4.129721224308013916e-01,4.546789228916168213e-01,2.509873546659946442e-02,1.034076884388923645e-02,2.091541886329650879e-02,7.599397003650665283e-02
4.002773761749267578e-01,4.740216732025146484e-01,2.220950648188591003e-02,1.466656383126974106e-02,1.037608925253152847e-02,7.844881713390350342e-02
3.800943791866302490e-01,4.881968796253204346e-01,2.610232681035995483e-02,1.113819796591997147e-02,1.779993437230587006e-02,7.666826993227005005e-02
4.791831374168395996e-01,3.294726908206939697e-01,2.140764892101287842e-02,1.378046907484531403e-02,2.216590009629726410e-02,1.339900493621826172e-01
6.777087450027465820e-01,1.851288825273513794e-01,1.484891586005687714e-02,8.877056650817394257e-03,1.960224099457263947e-02,9.383415430784225464e-02
7.196183800697326660e-01,1.386271864175796509e-01,1.108228415250778198e-02,7.025081198662519455e-03,1.436109282076358795e-02,1.092859432101249695e-01
7.083875536918640137e-01,6.561497598886489868e-02,5.055867135524749756e-03,3.566489787772297859e-03,1.128048170357942581e-02,2.060944885015487671e-01
6.679630875587463379e-01,1.300461292266845703e-01,7.075707428157329559e-03,7.679044269025325775e-03,1.133762486279010773e-02,1.758984774351119995e-01
6.171541213989257812e-01,1.983913630247116089e-01,1.121159642934799194e-02,1.031814143061637878e-02,7.024426478892564774e-03,1.559002995491027832e-01
5.725244879722595215e-01,1.297980248928070068e-01,6.510571576654911041e-03,1.163525320589542389e-02,4.443606827408075333e-03,2.750879526138305664e-01
5.516957044601440430e-01,2.167674154043197632e-01,1.014966983348131180e-02,1.324048079550266266e-02,4.706886596977710724e-03,2.034398764371871948e-01
5.458295941352844238e-01,3.522292673587799072e-01,1.912092231214046478e-02,1.425166707485914230e-02,5.708582233637571335e-03,6.285993009805679321e-02
6.642903685569763184e-01,1.511684358119964600e-01,8.663322776556015015e-03,1.095864269882440567e-02,4.157440736889839172e-03,1.607616841793060303e-01
7.163151502609252930e-01,1.090585067868232727e-01,1.047416683286428452e-02,1.072242204099893570e-02,5.650782492011785507e-03,1.477788984775543213e-01
7.996072769165039062e-01,3.983808308839797974e-02,4.803205840289592743e-03,6.034652702510356903e-03,3.832319285720586777e-03,1.458843350410461426e-01
6.638453006744384766e-01,2.721652574837207794e-02,3.067314159125089645e-03,4.179487004876136780e-03,4.543488379567861557e-03,2.971478700637817383e-01
6.313185691833496094e-01,2.364307083189487457e-02,2.229716861620545387e-03,3.235402284190058708e-03,3.645014017820358276e-03,3.359281718730926514e-01
6.924448609352111816e-01,3.273757547140121460e-02,5.341402254998683929e-03,5.275297909975051880e-03,5.720004905015230179e-03,2.584808468818664551e-01
5.986397862434387207e-01,1.611230522394180298e-01,2.126631140708923340e-02,7.940049283206462860e-03,2.174571715295314789e-02,1.892850399017333984e-01
6.518623232841491699e-01,1.732914894819259644e-01,2.210401929914951324e-02,6.499686744064092636e-03,2.328124456107616425e-02,1.229611784219741821e-01
5.441932082176208496e-01,2.734745740890502930e-01,4.380857944488525391e-02,6.761203054338693619e-03,5.892774090170860291e-02,7.283475995063781738e-02
7.334183454513549805e-01,1.062825545668601990e-01,2.461007423698902130e-02,4.874352365732192993e-03,5.708434060215950012e-02,7.373041659593582153e-02
6.815021038055419922e-01,1.088115870952606201e-01,8.834443986415863037e-03,6.305719260126352310e-03,2.023804932832717896e-02,1.743080615997314453e-01
6.657258868217468262e-01,9.376119822263717651e-02,7.557509467005729675e-03,1.038385368883609772e-02,1.811618730425834656e-02,2.044553458690643311e-01
4.578795135021209717e-01,3.057759106159210205e-01,1.370460167527198792e-02,1.341216824948787689e-02,2.258362248539924622e-02,1.866441965103149414e-01
4.012405872344970703e-01,2.575652003288269043e-01,7.608491461724042892e-03,1.415703725069761276e-02,8.083236403763294220e-03,3.113453686237335205e-01
4.717003703117370605e-01,2.496872693300247192e-01,1.108460500836372375e-02,1.216165162622928619e-02,1.006138324737548828e-02,2.453047633171081543e-01
4.168719649314880371e-01,2.646709978580474854e-01,1.175372116267681122e-02,1.147683709859848022e-02,1.072107441723346710e-02,2.845053672790527344e-01
5.829436182975769043e-01,1.516261100769042969e-01,1.067717280238866806e-02,1.057364791631698608e-02,7.718970533460378647e-03,2.364605218172073364e-01
7.680016160011291504e-01,9.293730556964874268e-02,6.886130664497613907e-03,6.892838981002569199e-03,4.847590811550617218e-03,1.204345375299453735e-01
7.783430218696594238e-01,1.437803655862808228e-01,1.350100338459014893e-02,7.377067580819129944e-03,7.565821986645460129e-03,4.943272843956947327e-02
7.782549262046813965e-01,1.534406244754791260e-01,1.318406313657760620e-02,6.609847303479909897e-03,8.107076399028301239e-03,4.040341451764106750e-02
7.774773836135864258e-01,1.470322757959365845e-01,1.439326070249080658e-02,1.030342839658260345e-02,7.723534014075994492e-03,4.307013377547264099e-02
5.914856791496276855e-01,3.144094645977020264e-01,2.402463369071483612e-02,1.652111485600471497e-02,9.872983209788799286e-03,4.368609189987182617e-02
5.460017323493957520e-01,3.377539217472076416e-01,2.980545908212661743e-02,1.358415093272924423e-02,1.295198500156402588e-02,5.990285426378250122e-02
4.212619662284851074e-01,4.363857209682464600e-01,4.213193058967590332e-02,2.011559531092643738e-02,1.297304686158895493e-02,6.713169813156127930e-02
3.351210951805114746e-01,5.228490829467773438e-01,4.245964065194129944e-02,1.948025077581405640e-02,1.962794363498687744e-02,6.046195700764656067e-02
3.638765215873718262e-01,4.354724287986755371e-01,3.146230801939964294e-02,1.874948665499687195e-02,2.281369641423225403e-02,1.276255548000335693e-01
3.761246502399444580e-01,3.568945527076721191e-01,3.521206602454185486e-02,1.510244328528642654e-02,4.254404827952384949e-02,1.741222739219665527e-01
3.397709131240844727e-01,3.419754803180694580e-01,1.942959986627101898e-02,1.437297649681568146e-02,3.288407996296882629e-02,2.515668272972106934e-01
4.415228664875030518e-01,2.559742927551269531e-01,2.126427739858627319e-02,1.450611744076013565e-02,2.915536798536777496e-02,2.375770807266235352e-01
5.079447031021118164e-01,2.901258468627929688e-01,1.643539033830165863e-02,1.848263479769229889e-02,1.165682449936866760e-02,1.553546786308288574e-01
4.988661408424377441e-01,3.945088386535644531e-01,2.152085490524768829e-02,1.628028601408004761e-02,1.336554065346717834e-02,5.545825511217117310e-02
4.815227091312408447e-01,4.136149287223815918e-01,2.210757322609424591e-02,1.522316504269838333e-02,1.339678373187780380e-02,5.413490533828735352e-02
5.813733339309692383e-01,2.764579057693481445e-01,1.585225574672222137e-02,1.182123832404613495e-02,1.032425556331872940e-02,1.041710153222084045e-01
6.433991193771362305e-01,1.956143826246261597e-01,1.308530941605567932e-02,1.377272047102451324e-02,8.573194965720176697e-03,1.255552917718887329e-01
6.042278409004211426e-01,1.328901350498199463e-01,6.058896426111459732e-03,1.159678772091865540e-02,3.438584506511688232e-03,2.417877316474914551e-01
4.626258313655853271e-01,1.319120824337005615e-01,5.876810755580663681e-03,1.145850960165262222e-02,3.609089180827140808e-03,3.845176994800567627e-01
3.803614377975463867e-01,8.433785289525985718e-02,2.048057271167635918e-03,6.645601242780685425e-03,1.840116572566330433e-03,5.247669219970703125e-01
3.907760083675384521e-01,1.154041588306427002e-01,2.853751415386795998e-03,8.294090628623962402e-03,1.727845752611756325e-03,4.809441268444061279e-01
5.824163556098937988e-01,2.081044316291809082e-01,7.870389148592948914e-03,1.094592455774545670e-02,9.744665585458278656e-03,1.809181869029998779e-01
6.906105875968933105e-01,1.446189135313034058e-01,1.004242245107889175e-02,6.193734239786863327e-03,2.387763001024723053e-02,1.246567368507385254e-01
7.187266349792480469e-01,1.214374452829360962e-01,1.435297075659036636e-02,4.125857260078191757e-03,7.142990082502365112e-02,6.992717087268829346e-02
5.832851529121398926e-01,1.600169688463211060e-01,2.079826593399047852e-02,3.180881496518850327e-03,1.835227161645889282e-01,4.919601976871490479e-02
5.114685893058776855e-01,2.952740192413330078e-01,2.357046678662300110e-02,3.307904349640011787e-03,1.296089589595794678e-01,3.677000105381011963e-02
4.571135640144348145e-01,4.178716838359832764e-01,2.679888717830181122e-02,3.883820027112960815e-03,7.386779785156250000e-02,2.046437188982963562e-02
4.419198334217071533e-01,4.625568389892578125e-01,2.471122704446315765e-02,4.386346321552991867e-03,3.950471058487892151e-02,2.692098170518875122e-02
5.332468152046203613e-01,3.707316517829895020e-01,2.079565450549125671e-02,5.029303021728992462e-03,2.847060747444629669e-02,4.172592982649803162e-02
6.056887507438659668e-01,2.440201491117477417e-01,1.516460347920656204e-02,6.313422694802284241e-03,1.864807680249214172e-02,1.101650670170783997e-01
6.124658584594726562e-01,8.942970633506774902e-02,8.424072526395320892e-03,6.187157705426216125e-03,1.214533019810914993e-02,2.713478207588195801e-01
6.334545016288757324e-01,5.238370969891548157e-02,7.910621352493762970e-03,5.050548817962408066e-03,1.277869939804077148e-02,2.884219288825988770e-01
5.424715876579284668e-01,2.455662339925765991e-01,3.184706345200538635e-02,1.588306389749050140e-02,1.844569854438304901e-02,1.457863152027130127e-01
4.471072256565093994e-01,3.922896683216094971e-01,3.511102125048637390e-02,1.527818292379379272e-02,2.083378098905086517e-02,8.938014507293701172e-02
3.006920218467712402e-01,5.813512802124023438e-01,6.247778981924057007e-02,1.318874116986989975e-02,2.012809924781322479e-02,2.216204814612865448e-02
2.338405698537826538e-01,6.710293889045715332e-01,5.060399696230888367e-02,1.111536752432584763e-02,1.629790663719177246e-02,1.711283065378665924e-02
2.832120060920715332e-01,6.127744913101196289e-01,4.074294492602348328e-02,8.601389825344085693e-03,2.601876668632030487e-02,2.865034900605678558e-02
3.432221710681915283e-01,5.428810715675354004e-01,3.942292183637619019e-02,8.470277301967144012e-03,3.096131607890129089e-02,3.504225239157676697e-02
3.883524835109710693e-01,4.802039563655853271e-01,3.855177015066146851e-02,5.994322709739208221e-03,5.171237885951995850e-02,3.518506139516830444e-02
4.089590311050415039e-01,4.473385512828826904e-01,3.470472246408462524e-02,3.787572961300611496e-03,7.914555817842483521e-02,2.606449835002422333e-02
3.665507137775421143e-01,4.941415488719940186e-01,4.337355121970176697e-02,3.674104344099760056e-03,7.385854423046112061e-02,1.840152405202388763e-02
3.497532010078430176e-01,5.197474956512451172e-01,4.060475155711174011e-02,3.535239724442362785e-03,7.195869833230972290e-02,1.440062932670116425e-02
4.392162859439849854e-01,4.544447660446166992e-01,4.382142797112464905e-02,5.121240857988595963e-03,3.908595815300941467e-02,1.831031963229179382e-02
6.625430583953857422e-01,2.503155767917633057e-01,3.339173644781112671e-02,6.261681672185659409e-03,2.213368378579616547e-02,2.535425499081611633e-02
6.850476264953613281e-01,2.236617654561996460e-01,2.956177294254302979e-02,6.821458693593740463e-03,2.360067889094352722e-02,3.130661323666572571e-02
7.241896986961364746e-01,1.924328356981277466e-01,2.563666366040706635e-02,5.622626747936010361e-03,2.437917515635490417e-02,2.773899585008621216e-02
7.076240181922912598e-01,1.886146366596221924e-01,2.963547594845294952e-02,6.209650076925754547e-03,2.982014603912830353e-02,3.809615969657897949e-02
7.123116254806518555e-01,1.904898583889007568e-01,3.600336238741874695e-02,7.807929068803787231e-03,2.664151787757873535e-02,2.674577943980693817e-02
4.101037979125976562e-01,4.922672510147094727e-01,3.544143214821815491e-02,5.773305892944335938e-03,3.458052128553390503e-02,2.183371409773826599e-02
3.619983792304992676e-01,5.412579774856567383e-01,3.577179461717605591e-02,6.933392491191625595e-03,2.835993655025959015e-02,2.567859552800655365e-02
2.919138073921203613e-01,6.296327114105224609e-01,3.454942628741264343e-02,6.506762467324733734e-03,2.096295170485973358e-02,1.643429510295391083e-02
2.960810959339141846e-01,6.207224130630493164e-01,3.309427201747894287e-02,6.663317792117595673e-03,2.119682170450687408e-02,2.224199473857879639e-02
3.274193406105041504e-01,5.609520673751831055e-01,2.917518466711044312e-02,7.008190266788005829e-03,2.471031807363033295e-02,5.073485523462295532e-02
3.723216354846954346e-01,5.125927329063415527e-01,3.121468424797058105e-02,7.531804963946342468e-03,2.631559036672115326e-02,5.002362281084060669e-02
3.605139255523681641e-01,5.190991163253784180e-01,2.772655524313449860e-02,7.906338199973106384e-03,2.182251214981079102e-02,6.293157488107681274e-02
4.514889717102050781e-01,4.465281069278717041e-01,2.374325506389141083e-02,8.056324906647205353e-03,1.158496551215648651e-02,5.859835445880889893e-02
4.389897882938385010e-01,4.650316238403320312e-01,2.630467340350151062e-02,9.669568389654159546e-03,8.531630970537662506e-03,5.147260054945945740e-02
3.767062127590179443e-01,5.106669068336486816e-01,2.296204492449760437e-02,9.473500773310661316e-03,8.686346933245658875e-03,7.150496542453765869e-02
4.370473027229309082e-01,4.098762571811676025e-01,1.989908143877983093e-02,8.594148792326450348e-03,1.299867592751979828e-02,1.115845367312431335e-01
3.561556041240692139e-01,4.494546949863433838e-01,2.039625495672225952e-02,8.698600344359874725e-03,1.938023790717124939e-02,1.459145843982696533e-01
4.513493180274963379e-01,3.529519736766815186e-01,1.811499893665313721e-02,5.987777840346097946e-03,2.355819940567016602e-02,1.480376124382019043e-01
4.612548649311065674e-01,3.010376095771789551e-01,1.727719977498054504e-02,6.131724920123815536e-03,2.223623543977737427e-02,1.920622736215591431e-01
4.765498042106628418e-01,3.894872069358825684e-01,2.664679102599620819e-02,6.675985176116228104e-03,2.332404442131519318e-02,7.731623202562332153e-02
4.080002605915069580e-01,4.933608770370483398e-01,3.902308642864227295e-02,8.793342858552932739e-03,1.606459729373455048e-02,3.475787118077278137e-02
3.870985805988311768e-01,5.044239163398742676e-01,5.059012025594711304e-02,7.454094942659139633e-03,2.835196256637573242e-02,2.208134159445762634e-02
2.964269518852233887e-01,5.998575091361999512e-01,5.785847455263137817e-02,8.226932026445865631e-03,2.482860535383224487e-02,1.280154846608638763e-02
4.047452509403228760e-01,5.100297927856445312e-01,4.130008071660995483e-02,8.687829598784446716e-03,1.657804474234580994e-02,1.865913346409797668e-02
3.634514212608337402e-01,5.537524819374084473e-01,4.059930890798568726e-02,9.738610126078128815e-03,1.483760308474302292e-02,1.762054860591888428e-02
3.308912813663482666e-01,5.932424068450927734e-01,3.874409943819046021e-02,8.363329805433750153e-03,1.442829985171556473e-02,1.433055847883224487e-02
2.877939343452453613e-01,6.333041191101074219e-01,4.516135156154632568e-02,8.954062126576900482e-03,1.192878838628530502e-02,1.285778265446424484e-02
2.544869780540466309e-01,6.712039113044738770e-01,3.541062772274017334e-02,6.085149012506008148e-03,2.030186727643013000e-02,1.251145265996456146e-02
2.733782231807708740e-01,6.320317387580871582e-01,3.005445562303066254e-02,4.339966922998428345e-03,3.833141550421714783e-02,2.186414785683155060e-02
3.462483286857604980e-01,5.153521299362182617e-01,2.710727229714393616e-02,4.555773455649614334e-03,7.265124469995498657e-02,3.408518806099891663e-02
3.691329956054687500e-01,4.606862962245941162e-01,2.387449517846107483e-02,4.061891231685876846e-03,9.167149662971496582e-02,5.057281628251075745e-02
3.518246114253997803e-01,4.260816276073455811e-01,2.147590182721614838e-02,4.661862738430500031e-03,1.191998496651649475e-01,7.675623148679733276e-02
2.396061271429061890e-01,5.915594696998596191e-01,2.779176458716392517e-02,5.466477479785680771e-03,9.570042788982391357e-02,3.987573087215423584e-02
1.795194149017333984e-01,7.137607932090759277e-01,2.814065851271152496e-02,5.648363847285509109e-03,4.666379094123840332e-02,2.626697719097137451e-02
1.812245845794677734e-01,7.151660323143005371e-01,2.881252020597457886e-02,6.062014494091272354e-03,3.824440762400627136e-02,3.049049712717533112e-02
2.793401479721069336e-01,5.974922776222229004e-01,3.711131215095520020e-02,7.654503919184207916e-03,3.125956654548645020e-02,4.714218899607658386e-02
2.646748721599578857e-01,6.097290515899658203e-01,4.072987660765647888e-02,8.267140947282314301e-03,3.328669443726539612e-02,4.331223666667938232e-02
3.462990224361419678e-01,5.017536878585815430e-01,3.127803653478622437e-02,8.345443755388259888e-03,3.645818307995796204e-02,7.586564868688583374e-02
3.748267889022827148e-01,4.893159270286560059e-01,3.711833804845809937e-02,7.541135419160127640e-03,4.475366696715354919e-02,4.644419625401496887e-02
4.423347711563110352e-01,4.435860216617584229e-01,3.250702470541000366e-02,6.578704807907342911e-03,3.569568693637847900e-02,3.929777815937995911e-02
4.514023363590240479e-01,4.290922582149505615e-01,3.385454416275024414e-02,6.436231546103954315e-03,4.275605455040931702e-02,3.645861521363258362e-02
4.884619414806365967e-01,4.073657095432281494e-01,3.161558881402015686e-02,6.020154338330030441e-03,3.546666726469993591e-02,3.107001632452011108e-02
4.400240480899810791e-01,4.453357458114624023e-01,3.375540673732757568e-02,6.767627317458391190e-03,3.263092041015625000e-02,4.148620739579200745e-02
3.980413079261779785e-01,4.562092721462249756e-01,3.272853046655654907e-02,7.040081545710563660e-03,3.836008161306381226e-02,6.762076169252395630e-02
3.613174259662628174e-01,4.744284152984619141e-01,3.216195106506347656e-02,6.706937216222286224e-03,4.074676334857940674e-02,8.463838696479797363e-02
4.182098507881164551e-01,4.112137258052825928e-01,2.856420353055000305e-02,6.494416855275630951e-03,4.019103944301605225e-02,9.532676637172698975e-02
3.852066993713378906e-01,4.659566283226013184e-01,4.099208116531372070e-02,5.907533690333366394e-03,5.656545609235763550e-02,4.537154361605644226e-02
4.324519932270050049e-01,4.603777229785919189e-01,4.775469005107879639e-02,6.533549632877111435e-03,3.166879713535308838e-02,2.121314592659473419e-02
5.679417252540588379e-01,3.327709734439849854e-01,3.719592466950416565e-02,5.378353409469127655e-03,3.243048861622810364e-02,2.428255230188369751e-02
5.403955578804016113e-01,3.621095418930053711e-01,5.001440271735191345e-02,6.468011531978845596e-03,2.510126493871212006e-02,1.591120101511478424e-02
5.823106169700622559e-01,3.165633380413055420e-01,6.110121309757232666e-02,7.700374349951744080e-03,1.765093393623828888e-02,1.467355806380510330e-02
4.796940684318542480e-01,4.185248911380767822e-01,5.858664214611053467e-02,7.768220733851194382e-03,1.799714937806129456e-02,1.742882467806339264e-02
4.151788353919982910e-01,4.915532469749450684e-01,5.579028278589248657e-02,9.439680725336074829e-03,1.247933134436607361e-02,1.555846352130174637e-02
3.552330136299133301e-01,5.467148423194885254e-01,4.933779686689376831e-02,8.019642904400825500e-03,1.817132160067558289e-02,2.252335846424102783e-02
2.979436516761779785e-01,6.028051376342773438e-01,4.508756473660469055e-02,8.151166141033172607e-03,1.704204641282558441e-02,2.897051908075809479e-02
3.645576536655426025e-01,5.343527197837829590e-01,3.017075918614864349e-02,5.883959122002124786e-03,2.721619606018066406e-02,3.781863674521446228e-02
3.347457647323608398e-01,5.446012020111083984e-01,3.094046749174594879e-02,5.822798237204551697e-03,3.918661177158355713e-02,4.470307752490043640e-02
3.836494088172912598e-01,5.074660778045654297e-01,3.046789765357971191e-02,5.899556446820497513e-03,3.424378857016563416e-02,3.827323764562606812e-02
3.757257759571075439e-01,5.082736611366271973e-01,3.205183148384094238e-02,6.183799356222152710e-03,3.233490884304046631e-02,4.543004184961318970e-02
5.524280667304992676e-01,3.188211023807525635e-01,4.030053317546844482e-02,7.814976386725902557e-03,2.672668918967247009e-02,5.390862375497817993e-02
5.142725706100463867e-01,3.608849048614501953e-01,3.268536552786827087e-02,7.558722048997879028e-03,2.004403993487358093e-02,6.455441564321517944e-02
4.554761946201324463e-01,4.241759777069091797e-01,4.001179337501525879e-02,8.523588068783283234e-03,1.945159770548343658e-02,5.236090347170829773e-02
3.705711960792541504e-01,5.262716412544250488e-01,4.397306591272354126e-02,8.773180656135082245e-03,1.673051714897155762e-02,3.368041664361953735e-02
2.365839779376983643e-01,6.806569695472717285e-01,4.097943753004074097e-02,1.031693816184997559e-02,1.183441933244466782e-02,1.962813548743724823e-02
1.939959079027175903e-01,7.236350178718566895e-01,3.876683488488197327e-02,1.150728389620780945e-02,1.045871339738368988e-02,2.163618244230747223e-02
2.676349878311157227e-01,6.445246934890747070e-01,3.849047422409057617e-02,1.203581131994724274e-02,1.207967847585678101e-02,2.523434162139892578e-02
2.562296092510223389e-01,6.699590682983398438e-01,3.418176993727684021e-02,7.961971685290336609e-03,1.402898877859115601e-02,1.763866841793060303e-02
3.701219856739044189e-01,5.392586588859558105e-01,3.369385749101638794e-02,6.878908723592758179e-03,2.049535326659679413e-02,2.955123968422412872e-02
3.770695924758911133e-01,5.351905226707458496e-01,3.884179145097732544e-02,6.677235476672649384e-03,1.746469922363758087e-02,2.475617453455924988e-02
3.212293982505798340e-01,5.898805856704711914e-01,4.376927763223648071e-02,8.044634945690631866e-03,1.260646991431713104e-02,2.446954511106014252e-02
3.002680838108062744e-01,5.981253981590270996e-01,4.420709609985351562e-02,9.298714809119701385e-03,1.437592133879661560e-02,3.372474387288093567e-02
2.935865819454193115e-01,6.114428043365478516e-01,3.497748449444770813e-02,8.952279575169086456e-03,1.230233162641525269e-02,3.873841837048530579e-02
2.485617250204086304e-01,6.484704017639160156e-01,3.584530949592590332e-02,8.983123116195201874e-03,1.680226996541023254e-02,4.133713617920875549e-02
2.151091247797012329e-01,6.791261434555053711e-01,3.251607343554496765e-02,8.404582738876342773e-03,2.521505206823348999e-02,3.962902352213859558e-02
2.236490249633789062e-01,6.731665730476379395e-01,4.001697525382041931e-02,9.175219573080539703e-03,2.424881421029567719e-02,2.974338643252849579e-02
2.866351306438446045e-01,6.083071231842041016e-01,3.577831014990806580e-02,1.007417961955070496e-02,1.952402666211128235e-02,3.968116268515586853e-02
2.579278051853179932e-01,6.569952368736267090e-01,3.016090951859951019e-02,8.828467689454555511e-03,1.519966498017311096e-02,3.088799677789211273e-02
3.266211152076721191e-01,5.883481502532958984e-01,2.544218860566616058e-02,8.197981864213943481e-03,1.270770654082298279e-02,3.868292644619941711e-02
4.254105687141418457e-01,4.870300292968750000e-01,2.189582958817481995e-02,7.209690753370523453e-03,1.180213224142789841e-02,4.665170609951019287e-02
4.013320505619049072e-01,5.300796031951904297e-01,2.517954632639884949e-02,6.110232789069414139e-03,1.227476727217435837e-02,2.502384968101978302e-02
3.930379748344421387e-01,5.386856198310852051e-01,2.517712861299514771e-02,6.023443769663572311e-03,1.531110052019357681e-02,2.176478318870067596e-02
4.599887430667877197e-01,4.659296274185180664e-01,3.023499809205532074e-02,6.756915710866451263e-03,1.831622235476970673e-02,1.877346262335777283e-02
2.847126722335815430e-01,6.412283182144165039e-01,4.279964417219161987e-02,6.933430209755897522e-03,1.578243076801300049e-02,8.543491363525390625e-03
2.993575930595397949e-01,6.244383454322814941e-01,4.211021214723587036e-02,7.409111130982637405e-03,1.564602740108966827e-02,1.103870570659637451e-02
3.839674592018127441e-01,5.276674032211303711e-01,4.417466372251510620e-02,6.746861152350902557e-03,2.093951962888240814e-02,1.650416664779186249e-02
4.493923187255859375e-01,4.685143530368804932e-01,2.867498993873596191e-02,5.868452135473489761e-03,1.732069998979568481e-02,3.022917173802852631e-02
4.184402823448181152e-01,5.067086815834045410e-01,2.291093207895755768e-02,4.952087067067623138e-03,1.631251163780689240e-02,3.067553602159023285e-02
4.071174561977386475e-01,5.245333313941955566e-01,2.289909124374389648e-02,5.224036052823066711e-03,1.630089990794658661e-02,2.392528764903545380e-02
3.225419521331787109e-01,6.160839796066284180e-01,2.854766696691513062e-02,6.148501764982938766e-03,1.133670099079608917e-02,1.534123253077268600e-02
2.874808907508850098e-01,6.488401889801025391e-01,3.351745754480361938e-02,5.685683339834213257e-03,1.383887324482202530e-02,1.063695456832647324e-02
2.910797894001007080e-01,6.440985202789306641e-01,3.148478642106056213e-02,6.093905307352542877e-03,1.288183499127626419e-02,1.436115149408578873e-02
3.867985010147094727e-01,5.341213941574096680e-01,2.682324685156345367e-02,7.217962294816970825e-03,1.146584842354059219e-02,3.357301652431488037e-02
4.579655826091766357e-01,4.504999518394470215e-01,3.030673600733280182e-02,1.013632584363222122e-02,1.231904886662960052e-02,3.877242282032966614e-02
3.655870854854583740e-01,5.496329665184020996e-01,3.110211342573165894e-02,1.046269759535789490e-02,1.161849219352006912e-02,3.159655630588531494e-02
3.510513007640838623e-01,5.696637630462646484e-01,3.405907005071640015e-02,1.383550465106964111e-02,8.688526228070259094e-03,2.270193584263324738e-02
4.457999467849731445e-01,4.853914082050323486e-01,3.015487268567085266e-02,8.578998968005180359e-03,1.121308933943510056e-02,1.886162720620632172e-02
3.837645649909973145e-01,5.525953769683837891e-01,3.290899097919464111e-02,7.160655688494443893e-03,1.106606610119342804e-02,1.250445283949375153e-02
4.546327292919158936e-01,4.701812565326690674e-01,3.342717140913009644e-02,6.682947743684053421e-03,1.304160617291927338e-02,2.203428186476230621e-02
4.905988872051239014e-01,4.237082302570343018e-01,2.782853320240974426e-02,7.407783064991235733e-03,1.410667132586240768e-02,3.634982556104660034e-02
4.383197426795959473e-01,4.415221512317657471e-01,3.242702037096023560e-02,7.563349325209856033e-03,2.655543759465217590e-02,5.361246317625045776e-02
3.341327607631683350e-01,5.465596318244934082e-01,3.697780892252922058e-02,8.054864592850208282e-03,2.925900928676128387e-02,4.501594603061676025e-02
3.304233849048614502e-01,5.520186424255371094e-01,4.513880610466003418e-02,7.932815700769424438e-03,3.206780925393104553e-02,3.241855278611183167e-02
4.077269434928894043e-01,5.076243877410888672e-01,4.223225638270378113e-02,7.900715805590152740e-03,1.888647861778736115e-02,1.562919281423091888e-02
3.684061765670776367e-01,5.561999678611755371e-01,3.862575441598892212e-02,6.161764729768037796e-03,1.837385818362236023e-02,1.223242934793233871e-02
3.804876208305358887e-01,5.397727489471435547e-01,4.212244600057601929e-02,8.090103976428508759e-03,1.345596462488174438e-02,1.607109978795051575e-02
3.971802294254302979e-01,5.253776907920837402e-01,3.565314784646034241e-02,5.414349492639303207e-03,2.015949971973896027e-02,1.621505804359912872e-02
3.005290031433105469e-01,6.139234900474548340e-01,3.863113746047019958e-02,5.653215106576681137e-03,2.627651952207088470e-02,1.498655881732702255e-02
3.428570330142974854e-01,5.630336403846740723e-01,4.704524949193000793e-02,6.785253994166851044e-03,2.401929534971714020e-02,1.625961624085903168e-02
3.217160403728485107e-01,5.819188952445983887e-01,3.993778303265571594e-02,6.833016406744718552e-03,2.779743634164333344e-02,2.179672755300998688e-02
3.539051115512847900e-01,5.359539389610290527e-01,3.542738407850265503e-02,8.175813592970371246e-03,2.365920506417751312e-02,4.287850111722946167e-02
2.218280285596847534e-01,6.864070296287536621e-01,3.487404435873031616e-02,1.126774493604898453e-02,1.332926843315362930e-02,3.229377418756484985e-02
2.996204793453216553e-01,6.075545549392700195e-01,2.737449854612350464e-02,8.111661300063133240e-03,1.776762492954730988e-02,3.957116976380348206e-02
2.529911994934082031e-01,6.733844876289367676e-01,2.815450355410575867e-02,7.740132976323366165e-03,1.545039284974336624e-02,2.227929420769214630e-02
2.348134964704513550e-01,6.835748553276062012e-01,3.449288010597229004e-02,9.344340302050113678e-03,1.578723266720771790e-02,2.198712341487407684e-02
3.408213257789611816e-01,5.422145724296569824e-01,5.079612880945205688e-02,1.078871171921491623e-02,2.577091567218303680e-02,2.960831299424171448e-02
4.125568568706512451e-01,4.624398946762084961e-01,4.051167145371437073e-02,9.419782087206840515e-03,3.206378594040870667e-02,4.300794750452041626e-02
3.798368573188781738e-01,4.462959468364715576e-01,3.298126906156539917e-02,8.598225191235542297e-03,5.610907450318336487e-02,7.617866247892379761e-02
4.227961897850036621e-01,4.308255612850189209e-01,3.396505862474441528e-02,6.579665932804346085e-03,5.558244511485099792e-02,5.025112256407737732e-02
2.703856527805328369e-01,6.468225717544555664e-01,2.815661393105983734e-02,6.721145007759332657e-03,2.499583363533020020e-02,2.291815727949142456e-02
2.009324431419372559e-01,7.323036789894104004e-01,3.175130859017372131e-02,7.658223155885934830e-03,1.470183208584785461e-02,1.265252940356731415e-02
2.296320050954818726e-01,6.977116465568542480e-01,3.570049628615379333e-02,7.276963442564010620e-03,1.682087220251560211e-02,1.285810023546218872e-02
3.002269864082336426e-01,6.200257539749145508e-01,3.417202085256576538e-02,7.968191988766193390e-03,1.655548438429832458e-02,2.105154283344745636e-02
4.582013785839080811e-01,4.191111028194427490e-01,2.448686771094799042e-02,6.595670711249113083e-03,2.140707895159721375e-02,7.019782811403274536e-02
5.438795685768127441e-01,2.954144775867462158e-01,2.724463492631912231e-02,5.731535609811544418e-03,4.018489271402359009e-02,8.754485845565795898e-02
5.359194278717041016e-01,2.451494783163070679e-01,2.071419171988964081e-02,6.179015617817640305e-03,3.655514866113662720e-02,1.554827392101287842e-01
5.327684283256530762e-01,2.501425445079803467e-01,1.732167229056358337e-02,6.798503454774618149e-03,3.319919854402542114e-02,1.597696095705032349e-01
4.526451826095581055e-01,3.906537592411041260e-01,2.152566239237785339e-02,9.299152530729770660e-03,2.800069749355316162e-02,9.787550568580627441e-02
5.538259148597717285e-01,2.988869547843933105e-01,1.819819398224353790e-02,9.704940952360630035e-03,1.457728259265422821e-02,1.048067882657051086e-01
4.467417299747467041e-01,3.661757707595825195e-01,1.977693103253841400e-02,1.239106990396976471e-02,1.374842692166566849e-02,1.411660760641098022e-01
3.901608288288116455e-01,4.505509436130523682e-01,2.729868143796920776e-02,7.943565957248210907e-03,3.070713765919208527e-02,9.333878010511398315e-02
3.988232314586639404e-01,4.195002615451812744e-01,3.044930286705493927e-02,7.848904468119144440e-03,3.733447194099426270e-02,1.060438379645347595e-01
3.400475680828094482e-01,5.142614841461181641e-01,3.767993673682212830e-02,8.229269646108150482e-03,3.418501093983650208e-02,6.559681892395019531e-02
3.684509992599487305e-01,5.013138651847839355e-01,3.046146966516971588e-02,6.759271491318941116e-03,3.100102208554744720e-02,6.201330944895744324e-02
4.513499736785888672e-01,4.381866753101348877e-01,2.975496836006641388e-02,7.994279265403747559e-03,2.074641175568103790e-02,5.196777731180191040e-02
5.101436972618103027e-01,3.568912744522094727e-01,2.208612672984600067e-02,7.925450801849365234e-03,1.161764934659004211e-02,9.133573621511459351e-02
5.377592444419860840e-01,3.367145061492919922e-01,2.176730893552303314e-02,7.505146320909261703e-03,1.427800487726926804e-02,8.197583258152008057e-02
6.110873222351074219e-01,2.594196796417236328e-01,1.652042381465435028e-02,7.323346566408872604e-03,1.265404932200908661e-02,9.299507737159729004e-02
5.583668947219848633e-01,3.349848985671997070e-01,1.690513454377651215e-02,8.074339479207992554e-03,1.237229630351066589e-02,6.929634511470794678e-02
4.819676280021667480e-01,4.018184542655944824e-01,1.810792088508605957e-02,9.062715806066989899e-03,1.307498198002576828e-02,7.596823573112487793e-02
4.886637330055236816e-01,3.772516548633575439e-01,1.873367652297019958e-02,9.835117496550083160e-03,1.574688032269477844e-02,8.976893872022628784e-02
3.955276012420654297e-01,4.799677729606628418e-01,2.708232030272483826e-02,7.908471859991550446e-03,2.966450527310371399e-02,5.984930321574211121e-02
3.265739679336547852e-01,5.290487408638000488e-01,3.267997875809669495e-02,8.092666044831275940e-03,4.001272469758987427e-02,6.359193474054336548e-02
2.845526933670043945e-01,5.925384163856506348e-01,3.761418163776397705e-02,5.435192957520484924e-03,5.484754592180252075e-02,2.501193992793560028e-02
2.533044517040252686e-01,6.418520212173461914e-01,5.610470846295356750e-02,7.937613874673843384e-03,2.983862906694412231e-02,1.096254400908946991e-02
2.460191547870635986e-01,6.529599428176879883e-01,5.757209658622741699e-02,9.601866826415061951e-03,2.096570655703544617e-02,1.288120076060295105e-02
3.835841715335845947e-01,4.967108070850372314e-01,4.053486511111259460e-02,1.115622371435165405e-02,2.340143732726573944e-02,4.461242258548736572e-02
4.449687600135803223e-01,4.077513515949249268e-01,3.226078301668167114e-02,1.188800483942031860e-02,2.496469765901565552e-02,7.816641777753829956e-02
4.672765731811523438e-01,3.637609481811523438e-01,2.592974528670310974e-02,9.187611751258373260e-03,3.406394273042678833e-02,9.978121519088745117e-02
4.737125635147094727e-01,3.599034547805786133e-01,2.420266903936862946e-02,5.134081933647394180e-03,4.733305051922798157e-02,8.971420675516128540e-02
4.943817257881164551e-01,3.603299260139465332e-01,2.244475856423377991e-02,4.915875848382711411e-03,4.170278087258338928e-02,7.622489333152770996e-02
4.038625657558441162e-01,4.532294273376464844e-01,4.639716818928718567e-02,4.987397231161594391e-03,6.012717261910438538e-02,3.139621391892433167e-02
4.185423552989959717e-01,4.189908802509307861e-01,6.695627421140670776e-02,4.513262305408716202e-03,6.667950004339218140e-02,2.431774139404296875e-02
3.592641949653625488e-01,4.682689309120178223e-01,1.054724156856536865e-01,8.985348977148532867e-03,4.342197999358177185e-02,1.458721514791250229e-02
2.764650881290435791e-01,5.470746755599975586e-01,1.258394122123718262e-01,1.435980293899774551e-02,2.246969379484653473e-02,1.379138696938753128e-02
2.397169470787048340e-01,6.125115156173706055e-01,1.051609292626380920e-01,2.071062289178371429e-02,1.033448055386543274e-02,1.156556699424982071e-02
4.063692390918731689e-01,4.835548400878906250e-01,6.574661284685134888e-02,1.807338930666446686e-02,9.638101793825626373e-03,1.661781966686248779e-02
4.333184659481048584e-01,4.479667246341705322e-01,6.215043738484382629e-02,2.730113826692104340e-02,7.979376241564750671e-03,2.128383517265319824e-02
4.971829652786254883e-01,3.731643557548522949e-01,7.031957805156707764e-02,3.341300413012504578e-02,1.006680261343717575e-02,1.585329137742519379e-02
5.605147480964660645e-01,3.034469485282897949e-01,5.605484172701835632e-02,4.978675395250320435e-02,7.964552380144596100e-03,2.223216556012630463e-02
4.518019556999206543e-01,4.240419864654541016e-01,5.572763830423355103e-02,2.697436511516571045e-02,1.666632294654846191e-02,2.478767372667789459e-02
4.580597281455993652e-01,4.317780137062072754e-01,5.020056664943695068e-02,2.126722782850265503e-02,1.738602854311466217e-02,2.130846492946147919e-02
4.588384330272674561e-01,4.555327296257019043e-01,3.545833006501197815e-02,1.338062155991792679e-02,1.138544827699661255e-02,2.540450356900691986e-02
4.666155576705932617e-01,4.500927031040191650e-01,3.159237280488014221e-02,7.639875169843435287e-03,1.904204301536083221e-02,2.501744218170642853e-02
4.917844831943511963e-01,4.244801998138427734e-01,3.189674764871597290e-02,7.597666699439287186e-03,1.706081070005893707e-02,2.718006819486618042e-02
4.544224739074707031e-01,4.602202177047729492e-01,3.210455179214477539e-02,6.620083004236221313e-03,1.946515962481498718e-02,2.716763503849506378e-02
4.307215511798858643e-01,4.712842106819152832e-01,3.577565774321556091e-02,7.100597023963928223e-03,2.414615079760551453e-02,3.097190894186496735e-02
4.359735250473022461e-01,4.533328413963317871e-01,3.817325085401535034e-02,6.291187368333339691e-03,3.300567716360092163e-02,3.322340920567512512e-02
3.248906135559082031e-01,5.577685236930847168e-01,3.686037659645080566e-02,8.249615319073200226e-03,2.883452922105789185e-02,4.339640587568283081e-02
3.748480677604675293e-01,4.700148999691009521e-01,3.697762638330459595e-02,7.024147082120180130e-03,4.662445932626724243e-02,6.451074779033660889e-02
4.160351455211639404e-01,4.051603078842163086e-01,2.757282182574272156e-02,6.468077655881643295e-03,4.536252096295356750e-02,9.940113872289657593e-02
4.546976685523986816e-01,3.870646059513092041e-01,3.203422948718070984e-02,6.991669069975614548e-03,3.939171880483627319e-02,7.982009649276733398e-02
4.941630065441131592e-01,3.495699465274810791e-01,2.948289178311824799e-02,8.341931737959384918e-03,2.888847514986991882e-02,8.955370634794235229e-02
5.993824601173400879e-01,2.493089139461517334e-01,2.497987821698188782e-02,6.728480104357004166e-03,2.704473026096820831e-02,9.255555272102355957e-02
6.029469370841979980e-01,2.770767211914062500e-01,2.847122959792613983e-02,6.202778778970241547e-03,2.806809544563293457e-02,5.723430216312408447e-02
4.766642451286315918e-01,3.957540690898895264e-01,3.441306576132774353e-02,5.946342367678880692e-03,3.906773403286933899e-02,4.815453663468360901e-02
4.160538613796234131e-01,4.702946543693542480e-01,4.167332500219345093e-02,5.966781172901391983e-03,3.636542335152626038e-02,2.964594028890132904e-02
3.109667897224426270e-01,5.801326632499694824e-01,4.030702263116836548e-02,4.690035246312618256e-03,4.834771901369094849e-02,1.555578503757715225e-02
3.003143966197967529e-01,5.898176431655883789e-01,4.108908027410507202e-02,5.884930025786161423e-03,4.220443591475486755e-02,2.068953588604927063e-02
4.625488817691802979e-01,4.097342789173126221e-01,3.751500323414802551e-02,8.047078736126422882e-03,3.517191112041473389e-02,4.698280245065689087e-02
4.215072989463806152e-01,4.011947214603424072e-01,4.987130314111709595e-02,1.059976685792207718e-02,5.496753752231597900e-02,6.185938790440559387e-02
4.791951477527618408e-01,3.565499484539031982e-01,5.740385875105857849e-02,9.629550389945507050e-03,4.897107928991317749e-02,4.825044050812721252e-02
4.426529109477996826e-01,3.845695257186889648e-01,5.577930808067321777e-02,8.156750351190567017e-03,7.297801226377487183e-02,3.586353734135627747e-02
2.964196503162384033e-01,5.440414547920227051e-01,5.274272710084915161e-02,4.921806044876575470e-03,8.968198299407958984e-02,1.219235453754663467e-02
3.284434676170349121e-01,5.252383351325988770e-01,4.855646938085556030e-02,7.796030025929212570e-03,6.830873340368270874e-02,2.165700308978557587e-02
4.310891628265380859e-01,4.263953268527984619e-01,4.378906637430191040e-02,6.738524883985519409e-03,6.355994194746017456e-02,2.842788212001323700e-02
4.694002568721771240e-01,3.950957655906677246e-01,4.821956157684326172e-02,1.066936179995536804e-02,3.868516162037849426e-02,3.792990371584892273e-02
5.007178187370300293e-01,3.492931127548217773e-01,4.026688635349273682e-02,9.311886504292488098e-03,2.667406760156154633e-02,7.373616844415664673e-02
4.661360085010528564e-01,3.880996108055114746e-01,3.631150349974632263e-02,7.889793254435062408e-03,3.311147540807723999e-02,6.845152378082275391e-02
5.701179504394531250e-01,2.825803160667419434e-01,3.822711482644081116e-02,8.412099443376064301e-03,2.690263837575912476e-02,7.375983148813247681e-02
4.944343566894531250e-01,3.383776545524597168e-01,4.009890183806419373e-02,7.970703765749931335e-03,4.274887591600418091e-02,7.636946439743041992e-02
3.849476277828216553e-01,4.726005494594573975e-01,5.469863861799240112e-02,1.052782032638788223e-02,3.567073121666908264e-02,4.155465587973594666e-02
4.585103988647460938e-01,4.011446535587310791e-01,4.813013970851898193e-02,1.000047195702791214e-02,3.796536475419998169e-02,4.424897581338882446e-02
4.268971085548400879e-01,4.379276335239410400e-01,4.083056375384330750e-02,7.685403805226087570e-03,4.111401736736297607e-02,4.554525762796401978e-02
4.857638776302337646e-01,3.567498624324798584e-01,3.854203596711158752e-02,6.794867571443319321e-03,5.425786972045898438e-02,5.789140984416007996e-02
5.787942409515380859e-01,2.224684357643127441e-01,2.895562723278999329e-02,5.042070522904396057e-03,7.182366400957107544e-02,9.291598200798034668e-02
5.499408841133117676e-01,2.673578262329101562e-01,3.396797552704811096e-02,5.256008822470903397e-03,6.792832165956497192e-02,7.554898411035537720e-02
5.675407648086547852e-01,2.045760452747344971e-01,2.994763851165771484e-02,5.339570809155702591e-03,7.414394617080688477e-02,1.184520870447158813e-01
5.979081988334655762e-01,2.168952226638793945e-01,3.129716590046882629e-02,5.762597545981407166e-03,5.316944420337677002e-02,9.496740996837615967e-02
5.767870545387268066e-01,2.304773032665252686e-01,2.635797113180160522e-02,4.886843729764223099e-03,5.776895582675933838e-02,1.037218868732452393e-01
5.363829135894775391e-01,2.858557105064392090e-01,2.771002799272537231e-02,5.909049883484840393e-03,5.633198469877243042e-02,8.781033754348754883e-02
6.420331001281738281e-01,2.128223180770874023e-01,3.186285868287086487e-02,5.289642605930566788e-03,5.872402712702751160e-02,4.926813393831253052e-02
6.099951267242431641e-01,2.349921762943267822e-01,3.990896418690681458e-02,5.637689959257841110e-03,6.799966096878051758e-02,4.146638512611389160e-02
7.169290781021118164e-01,1.697383970022201538e-01,3.557207435369491577e-02,5.862598307430744171e-03,3.833540156483650208e-02,3.356242179870605469e-02
5.247451066970825195e-01,3.346535563468933105e-01,4.251774027943611145e-02,6.895795464515686035e-03,4.051605239510536194e-02,5.067183822393417358e-02
4.346453845500946045e-01,4.133494198322296143e-01,5.068727210164070129e-02,7.203073240816593170e-03,3.885421901941299438e-02,5.526076257228851318e-02
3.186628818511962891e-01,5.329653024673461914e-01,5.174028873443603516e-02,9.146059863269329071e-03,3.565980866551399231e-02,5.182569846510887146e-02
2.772722840309143066e-01,5.806410908699035645e-01,5.834412947297096252e-02,9.549486450850963593e-03,3.606740385293960571e-02,3.812561184167861938e-02
2.444522380828857422e-01,5.965371727943420410e-01,9.446325898170471191e-02,1.783712953329086304e-02,2.449738979339599609e-02,2.221280708909034729e-02
2.379560768604278564e-01,5.950555205345153809e-01,1.074513047933578491e-01,1.805938221514225006e-02,2.428327687084674835e-02,1.719453185796737671e-02
2.785122394561767578e-01,5.492883324623107910e-01,1.120941042900085449e-01,2.685979381203651428e-02,1.763681881129741669e-02,1.560870744287967682e-02
2.531494200229644775e-01,6.153265833854675293e-01,8.223855495452880859e-02,1.801579445600509644e-02,1.805895380675792694e-02,1.321064773947000504e-02
4.069719314575195312e-01,4.736408591270446777e-01,6.721694767475128174e-02,9.614740498363971710e-03,2.138770557940006256e-02,2.116769738495349884e-02
4.557529389858245850e-01,4.397849738597869873e-01,5.635414645075798035e-02,9.523107670247554779e-03,1.665259897708892822e-02,2.193224802613258362e-02
5.361891388893127441e-01,3.635943830013275146e-01,3.899420052766799927e-02,8.863585069775581360e-03,1.709913834929466248e-02,3.525954112410545349e-02
4.685331284999847412e-01,4.119901359081268311e-01,3.348201885819435120e-02,1.021801773458719254e-02,2.034936472773551941e-02,5.542736500501632690e-02
3.046796619892120361e-01,5.850468277931213379e-01,4.119771346449851990e-02,1.364578586071729660e-02,1.792556233704090118e-02,3.750449791550636292e-02
4.013004601001739502e-01,4.892808794975280762e-01,3.118833899497985840e-02,9.201946668326854706e-03,2.228161133825778961e-02,4.674682766199111938e-02
4.901297986507415771e-01,3.290615975856781006e-01,1.791712641716003418e-02,8.253129199147224426e-03,1.217442844063043594e-02,1.424638628959655762e-01
4.934296607971191406e-01,3.134806454181671143e-01,1.326873619109392166e-02,6.543959490954875946e-03,1.122903078794479370e-02,1.620479524135589600e-01
6.088960170745849609e-01,2.279507368803024292e-01,1.883390359580516815e-02,7.569800596684217453e-03,1.064617466181516647e-02,1.261032968759536743e-01
5.725871920585632324e-01,2.366214543581008911e-01,6.851486116647720337e-02,9.655329398810863495e-03,2.281776256859302521e-02,8.980345726013183594e-02
3.622910678386688232e-01,4.304848611354827881e-01,1.293042600154876709e-01,1.280435640364885330e-02,3.369067236781120300e-02,3.142472356557846069e-02
2.962431907653808594e-01,5.039461851119995117e-01,1.141704916954040527e-01,1.481929700821638107e-02,3.526623547077178955e-02,3.555454313755035400e-02
2.030401825904846191e-01,5.940573811531066895e-01,1.149926483631134033e-01,1.437214575707912445e-02,4.421970248222351074e-02,2.931801415979862213e-02
2.463646084070205688e-01,6.211400628089904785e-01,5.873251333832740784e-02,1.191769633442163467e-02,2.768976800143718719e-02,3.415538743138313293e-02
2.914976179599761963e-01,5.678665041923522949e-01,4.437363892793655396e-02,1.130055915564298630e-02,3.095272555947303772e-02,5.400890111923217773e-02
3.335168063640594482e-01,5.284815430641174316e-01,4.587030038237571716e-02,9.437514469027519226e-03,3.607094287872314453e-02,4.662285372614860535e-02
3.876174390316009521e-01,4.698972105979919434e-01,3.526411205530166626e-02,1.111097913235425949e-02,2.076251059770584106e-02,7.534779608249664307e-02
4.523474872112274170e-01,3.854369521141052246e-01,3.218515589833259583e-02,1.268616784363985062e-02,1.758579351007938385e-02,9.975837171077728271e-02
4.170908331871032715e-01,4.425922632217407227e-01,3.286240622401237488e-02,8.266978897154331207e-03,2.949411049485206604e-02,6.969355046749114990e-02
3.126018345355987549e-01,5.677661895751953125e-01,3.445173054933547974e-02,8.738795295357704163e-03,2.069632522761821747e-02,5.574513599276542664e-02
3.826234638690948486e-01,4.786514043807983398e-01,3.829360753297805786e-02,8.384082466363906860e-03,2.428017370402812958e-02,6.776727735996246338e-02
2.737539112567901611e-01,5.960944294929504395e-01,4.512256756424903870e-02,9.375515393912792206e-03,2.760367654263973236e-02,4.804984107613563538e-02
3.482938706874847412e-01,5.194205641746520996e-01,5.344495549798011780e-02,1.056937780231237411e-02,2.164060249924659729e-02,4.663067683577537537e-02
3.033865988254547119e-01,5.843214988708496094e-01,4.189053550362586975e-02,1.047573238611221313e-02,1.389844715595245361e-02,4.602715745568275452e-02
3.688420057296752930e-01,5.317769646644592285e-01,3.643613681197166443e-02,9.452721104025840759e-03,1.527515333145856857e-02,3.821694850921630859e-02
3.809654414653778076e-01,5.105304718017578125e-01,3.496401011943817139e-02,9.723201394081115723e-03,1.578835025429725647e-02,4.802855476737022400e-02
4.177692532539367676e-01,4.845851063728332520e-01,3.361175581812858582e-02,1.024198438972234726e-02,1.234239712357521057e-02,4.144958779215812683e-02
6.074125766754150391e-01,2.758181095123291016e-01,2.506841905415058136e-02,9.519783779978752136e-03,1.028644759207963943e-02,7.189463824033737183e-02
6.259505152702331543e-01,2.464915663003921509e-01,2.392150647938251495e-02,9.092411957681179047e-03,1.160514261573553085e-02,8.293893933296203613e-02
6.686478257179260254e-01,1.999516189098358154e-01,2.204116620123386383e-02,1.125128101557493210e-02,8.705774322152137756e-03,8.940243721008300781e-02
6.088047623634338379e-01,2.443959861993789673e-01,2.787321992218494415e-02,1.309620402753353119e-02,9.421096183359622955e-03,9.640870988368988037e-02
5.322396159172058105e-01,3.359943032264709473e-01,3.400014340877532959e-02,1.213623303920030594e-02,1.467970851808786392e-02,7.095000147819519043e-02
5.365049839019775391e-01,3.452815413475036621e-01,3.081762976944446564e-02,1.194147486239671707e-02,1.204516831785440445e-02,6.340921670198440552e-02
4.427961409091949463e-01,4.504531919956207275e-01,4.328226670622825623e-02,1.289881207048892975e-02,1.326389238238334656e-02,3.730563819408416748e-02
5.838702321052551270e-01,3.188714087009429932e-01,3.419286385178565979e-02,1.304199267178773880e-02,1.038565207272768021e-02,3.963793069124221802e-02
5.790259242057800293e-01,3.225942552089691162e-01,3.424508124589920044e-02,1.559395994991064072e-02,8.121550083160400391e-03,4.041916131973266602e-02
4.652374982833862305e-01,4.425205588340759277e-01,3.197769820690155029e-02,1.355526130646467209e-02,9.585768915712833405e-03,3.712329640984535217e-02
3.204918801784515381e-01,5.833288431167602539e-01,4.576322808861732483e-02,1.327629294246435165e-02,1.249606721103191376e-02,2.464367449283599854e-02
1.982616484165191650e-01,7.046520709991455078e-01,5.732330307364463806e-02,9.170026518404483795e-03,1.453693211078643799e-02,1.605596952140331268e-02
2.061055898666381836e-01,7.003443241119384766e-01,5.747051164507865906e-02,8.904685266315937042e-03,1.398134790360927582e-02,1.319365482777357101e-02
3.006114661693572998e-01,5.712556242942810059e-01,5.851964280009269714e-02,1.035683602094650269e-02,2.154633961617946625e-02,3.771008178591728210e-02
2.944011986255645752e-01,5.676105618476867676e-01,4.973853006958961487e-02,1.061594672501087189e-02,2.388099394738674164e-02,5.375279113650321960e-02
3.446109294891357422e-01,4.754374623298645020e-01,3.397365659475326538e-02,1.022692676633596420e-02,3.201669082045555115e-02,1.037343069911003113e-01
1.992150247097015381e-01,6.790506839752197266e-01,3.901877626776695251e-02,9.079026989638805389e-03,2.594275586307048798e-02,4.769368097186088562e-02
1.798258721828460693e-01,7.156425118446350098e-01,4.141698405146598816e-02,9.263982065021991730e-03,2.393994107842445374e-02,2.991068735718727112e-02
1.427220553159713745e-01,7.505937814712524414e-01,6.870740652084350586e-02,9.443112649023532867e-03,1.617361605167388916e-02,1.236011274158954620e-02
1.900339722633361816e-01,6.932130455970764160e-01,7.839870452880859375e-02,8.342143148183822632e-03,1.907001435756683350e-02,1.094208192080259323e-02
3.097558021545410156e-01,5.518206357955932617e-01,8.699887245893478394e-02,1.031781919300556183e-02,1.974279619753360748e-02,2.136412076652050018e-02
3.974069952964782715e-01,4.694270491600036621e-01,7.651701569557189941e-02,1.304990332573652267e-02,1.703570038080215454e-02,2.656329236924648285e-02
4.540417194366455078e-01,4.337927401065826416e-01,4.679102450609207153e-02,1.359669212251901627e-02,1.149425189942121506e-02,4.028347879648208618e-02
6.235215663909912109e-01,2.882953584194183350e-01,1.677099056541919708e-02,1.189734227955341339e-02,5.768991541117429733e-03,5.374570190906524658e-02
5.888835787773132324e-01,3.143763244152069092e-01,1.517267432063817978e-02,1.123092323541641235e-02,5.726074799895286560e-03,6.461030244827270508e-02
4.943551719188690186e-01,4.169453382492065430e-01,1.499025523662567139e-02,1.213318854570388794e-02,4.529290366917848587e-03,5.704684928059577942e-02
4.482857584953308105e-01,4.481393098831176758e-01,1.970730163156986237e-02,1.113259792327880859e-02,9.876993484795093536e-03,6.285802274942398071e-02
3.142791092395782471e-01,5.950736999511718750e-01,2.634785138070583344e-02,8.322726935148239136e-03,1.512471307069063187e-02,4.085193946957588196e-02
2.923120856285095215e-01,6.016892194747924805e-01,3.379875048995018005e-02,8.499147370457649231e-03,2.263878472149372101e-02,4.106197506189346313e-02
2.844377756118774414e-01,6.187467575073242188e-01,4.485795274376869202e-02,7.093065883964300156e-03,2.624984830617904663e-02,1.861451193690299988e-02
2.858501076698303223e-01,6.005812883377075195e-01,6.764744222164154053e-02,7.752858567982912064e-03,2.462120726704597473e-02,1.354718860238790512e-02
2.526438236236572266e-01,6.518831849098205566e-01,5.628169700503349304e-02,6.312013603746891022e-03,2.273035235702991486e-02,1.014889683574438095e-02
2.300568222999572754e-01,6.691128015518188477e-01,6.232709810137748718e-02,6.442113779485225677e-03,2.381024509668350220e-02,8.250919170677661896e-03
2.072497606277465820e-01,6.811990737915039062e-01,6.715428084135055542e-02,6.685874890536069870e-03,2.667519636452198029e-02,1.103577204048633575e-02
2.006978690624237061e-01,7.024771571159362793e-01,5.223587527871131897e-02,5.963162053376436234e-03,2.618288435041904449e-02,1.244304515421390533e-02
2.070744037628173828e-01,6.893671154975891113e-01,4.845115914940834045e-02,6.119568832218647003e-03,3.177767246961593628e-02,1.721004210412502289e-02
2.517068982124328613e-01,6.206937432289123535e-01,5.304904282093048096e-02,7.830038666725158691e-03,2.978694066405296326e-02,3.693336248397827148e-02
2.175656408071517944e-01,6.859623789787292480e-01,3.968876600265502930e-02,7.839100435376167297e-03,1.938077434897422791e-02,2.956333011388778687e-02
1.610865145921707153e-01,7.375199794769287109e-01,6.564745306968688965e-02,9.628090076148509979e-03,1.342405751347541809e-02,1.269393786787986755e-02
1.654293239116668701e-01,7.327998280525207520e-01,6.544502824544906616e-02,9.212474338710308075e-03,1.365786418318748474e-02,1.345556695014238358e-02
1.770753413438796997e-01,7.178423404693603516e-01,6.466767936944961548e-02,9.042805992066860199e-03,1.549866423010826111e-02,1.587317697703838348e-02
2.069150209426879883e-01,6.839910149574279785e-01,7.014933228492736816e-02,7.952441461384296417e-03,1.732620038092136383e-02,1.366601046174764633e-02
2.486831098794937134e-01,6.533464193344116211e-01,4.204073920845985413e-02,6.272540893405675888e-03,2.649606019258499146e-02,2.316110953688621521e-02
3.297702670097351074e-01,5.667066574096679688e-01,2.866851910948753357e-02,6.061995867639780045e-03,2.964554913341999054e-02,3.914707526564598083e-02
3.017189502716064453e-01,6.016342043876647949e-01,2.750358916819095612e-02,5.624831654131412506e-03,3.133264929056167603e-02,3.218579292297363281e-02
3.514795005321502686e-01,5.579627752304077148e-01,2.586820721626281738e-02,5.981344264000654221e-03,2.939672581851482391e-02,2.931134216487407684e-02
3.502829372882843018e-01,5.598847270011901855e-01,3.097036667168140411e-02,7.664416916668415070e-03,2.163084968924522400e-02,2.956678904592990875e-02
3.000560402870178223e-01,6.086003184318542480e-01,3.829863294959068298e-02,8.372018113732337952e-03,2.129416167736053467e-02,2.337881363928318024e-02
1.892933994531631470e-01,7.356418371200561523e-01,3.817353025078773499e-02,7.375033106654882431e-03,1.686592772603034973e-02,1.265031471848487854e-02
1.958687156438827515e-01,7.268916368484497070e-01,4.224962368607521057e-02,5.395207088440656662e-03,1.919086277484893799e-02,1.040388364344835281e-02
1.904228776693344116e-01,7.301744818687438965e-01,4.198764264583587646e-02,5.247180350124835968e-03,2.169809676706790924e-02,1.046964991837739944e-02
1.888048499822616577e-01,7.445079088211059570e-01,3.620878234505653381e-02,5.806467030197381973e-03,1.464897207915782928e-02,1.002305001020431519e-02
2.318910956382751465e-01,6.862020492553710938e-01,4.396945983171463013e-02,7.402847986668348312e-03,1.717234402894973755e-02,1.336214505136013031e-02
2.463928461074829102e-01,6.529335975646972656e-01,5.716012790799140930e-02,8.497131057083606720e-03,2.143931947648525238e-02,1.357708219438791275e-02
2.731873393058776855e-01,6.270544528961181641e-01,5.349661037325859070e-02,8.483455516397953033e-03,1.965749077498912811e-02,1.812064275145530701e-02
2.374301701784133911e-01,6.721820235252380371e-01,4.977720230817794800e-02,7.932856678962707520e-03,1.903919875621795654e-02,1.363851875066757202e-02
2.299230694770812988e-01,6.683163046836853027e-01,6.089740246534347534e-02,1.135566178709268570e-02,1.564850099384784698e-02,1.385903172194957733e-02
2.763896286487579346e-01,6.118134260177612305e-01,6.690973043441772461e-02,8.896349929273128510e-03,2.002472057938575745e-02,1.596613042056560516e-02
2.816065847873687744e-01,6.116368770599365234e-01,6.019237637519836426e-02,1.294316630810499191e-02,1.466230582445859909e-02,1.895869150757789612e-02
2.745758295059204102e-01,6.288408637046813965e-01,4.865986481308937073e-02,9.350352920591831207e-03,1.908919960260391235e-02,1.948386989533901215e-02
2.191965430974960327e-01,6.921214461326599121e-01,3.677962720394134521e-02,7.646625861525535583e-03,2.366974949836730957e-02,2.058606594800949097e-02
1.753224879503250122e-01,7.358295917510986328e-01,3.843657299876213074e-02,8.314815349876880646e-03,2.142759971320629120e-02,2.066891081631183624e-02
1.381732076406478882e-01,7.770641446113586426e-01,4.539195448160171509e-02,6.451182998716831207e-03,2.145388349890708923e-02,1.146561559289693832e-02
1.592095643281936646e-01,7.179022431373596191e-01,6.842976063489913940e-02,9.412899613380432129e-03,2.857648022472858429e-02,1.646903716027736664e-02
1.832104474306106567e-01,7.043341994285583496e-01,6.896796822547912598e-02,1.087710540741682053e-02,1.683086715638637543e-02,1.577955298125743866e-02
2.448264658451080322e-01,6.313443183898925781e-01,7.348167896270751953e-02,1.111469604074954987e-02,1.799277029931545258e-02,2.124009840190410614e-02
2.747351825237274170e-01,6.193049550056457520e-01,5.843057483434677124e-02,8.748420514166355133e-03,1.710880175232887268e-02,2.167201042175292969e-02
3.213374018669128418e-01,5.836488604545593262e-01,4.004752635955810547e-02,8.273658342659473419e-03,1.546596642583608627e-02,3.122652880847454071e-02
3.517581224441528320e-01,5.689424276351928711e-01,3.424279019236564636e-02,6.063075736165046692e-03,1.832441426813602448e-02,2.066918276250362396e-02
3.939271271228790283e-01,5.213823318481445312e-01,3.120100311934947968e-02,6.868778262287378311e-03,1.769633218646049500e-02,2.892447076737880707e-02
3.754882812500000000e-01,5.426151752471923828e-01,2.626998350024223328e-02,7.298691198229789734e-03,1.497667375952005386e-02,3.335121273994445801e-02
3.359482884407043457e-01,5.843369960784912109e-01,2.803566493093967438e-02,7.925570011138916016e-03,1.445888914167881012e-02,2.929461374878883362e-02
3.567750155925750732e-01,5.610334277153015137e-01,2.621668204665184021e-02,8.067397400736808777e-03,1.300356909632682800e-02,3.490396589040756226e-02
4.482710361480712891e-01,4.805375635623931885e-01,2.562837302684783936e-02,9.179331362247467041e-03,9.361173957586288452e-03,2.702250517904758453e-02
4.694193899631500244e-01,4.592311978340148926e-01,2.283897995948791504e-02,8.137267082929611206e-03,9.414653293788433075e-03,3.095848113298416138e-02
4.396898746490478516e-01,4.672828912734985352e-01,2.311019971966743469e-02,1.015923451632261276e-02,1.052380912005901337e-02,4.923397302627563477e-02
4.591003656387329102e-01,4.595316648483276367e-01,2.181160822510719299e-02,9.385119192302227020e-03,9.133511222898960114e-03,4.103777930140495300e-02
4.506970047950744629e-01,4.661327600479125977e-01,3.242177143692970276e-02,1.008321531116962433e-02,1.206343341618776321e-02,2.860170975327491760e-02
4.480146169662475586e-01,4.646220505237579346e-01,3.508068248629570007e-02,8.878517895936965942e-03,1.275539863854646683e-02,3.064882941544055939e-02
5.297302603721618652e-01,3.921705484390258789e-01,2.831005118787288666e-02,7.651200052350759506e-03,1.265468820929527283e-02,2.948330342769622803e-02
4.173683822154998779e-01,4.906093776226043701e-01,3.663314506411552429e-02,1.239608880132436752e-02,1.004326250404119492e-02,3.294979780912399292e-02
4.622899591922760010e-01,4.525962769985198975e-01,3.263251110911369324e-02,8.756718598306179047e-03,1.445711124688386917e-02,2.926737628877162933e-02
3.739386498928070068e-01,5.415366888046264648e-01,3.395688906311988831e-02,7.896531373262405396e-03,1.508671604096889496e-02,2.758451178669929504e-02
3.068226873874664307e-01,6.082625389099121094e-01,3.680009394884109497e-02,1.178186014294624329e-02,1.238390244543552399e-02,2.394875511527061462e-02
3.077633380889892578e-01,6.023576855659484863e-01,4.343050718307495117e-02,1.136495824903249741e-02,1.470806077122688293e-02,2.037531509995460510e-02
2.968117594718933105e-01,6.187804341316223145e-01,2.848967909812927246e-02,7.072424516081809998e-03,2.290796861052513123e-02,2.593771740794181824e-02
2.675281465053558350e-01,6.485865116119384766e-01,3.453296050429344177e-02,7.521252613514661789e-03,2.376782149076461792e-02,1.806335337460041046e-02
2.309551835060119629e-01,6.793439388275146484e-01,3.714072331786155701e-02,6.817361805588006973e-03,2.969883568584918976e-02,1.604411005973815918e-02
2.726265788078308105e-01,6.359351277351379395e-01,3.099440783262252808e-02,5.883805453777313232e-03,3.238774836063385010e-02,2.217234484851360321e-02
2.529488205909729004e-01,6.497331857681274414e-01,3.800520673394203186e-02,7.788611575961112976e-03,2.855524979531764984e-02,2.296889759600162506e-02
2.276626080274581909e-01,6.808783411979675293e-01,5.172164738178253174e-02,8.715561591088771820e-03,1.589929871261119843e-02,1.512245647609233856e-02
2.762914597988128662e-01,5.993677377700805664e-01,6.575421243906021118e-02,9.700894355773925781e-03,2.495852485299110413e-02,2.392724342644214630e-02
2.401960641145706177e-01,6.265655159950256348e-01,8.998873084783554077e-02,9.095154702663421631e-03,2.176557295024394989e-02,1.238902751356363297e-02
1.971320956945419312e-01,6.570034623146057129e-01,1.052196174860000610e-01,8.241796866059303284e-03,2.256270498037338257e-02,9.840330109000205994e-03
1.711870431900024414e-01,6.898107528686523438e-01,1.013662964105606079e-01,7.422613445669412613e-03,2.168197743594646454e-02,8.531313389539718628e-03
2.123705446720123291e-01,6.949878334999084473e-01,5.338161438703536987e-02,6.600840948522090912e-03,1.982397958636283875e-02,1.283530332148075104e-02
1.997444480657577515e-01,7.109263539314270020e-01,5.233567580580711365e-02,6.913061253726482391e-03,1.906730234622955322e-02,1.101312134414911270e-02
2.043350338935852051e-01,7.158016562461853027e-01,4.153607413172721863e-02,6.750555243343114853e-03,1.770404912531375885e-02,1.387255731970071793e-02
2.305099219083786011e-01,6.842979192733764648e-01,4.101768136024475098e-02,6.931814365088939667e-03,2.097423002123832703e-02,1.626837253570556641e-02
1.962284147739410400e-01,7.212927937507629395e-01,3.923180326819419861e-02,6.382147315889596939e-03,2.288766764104366302e-02,1.397716533392667770e-02
1.580016762018203735e-01,7.695389389991760254e-01,3.886553272604942322e-02,5.860264413058757782e-03,1.761567592620849609e-02,1.011791545897722244e-02
2.048089355230331421e-01,7.114347219467163086e-01,4.612193629145622253e-02,7.488872390240430832e-03,1.849359087646007538e-02,1.165192015469074249e-02
2.094363868236541748e-01,6.976237893104553223e-01,5.565415695309638977e-02,8.945680223405361176e-03,1.770942844450473785e-02,1.063051912933588028e-02
2.442032247781753540e-01,6.640797853469848633e-01,5.078751593828201294e-02,1.011781580746173859e-02,1.588308438658714294e-02,1.492851320654153824e-02
2.509569227695465088e-01,6.658036112785339355e-01,4.006726667284965515e-02,1.059486903250217438e-02,1.339982450008392334e-02,1.917759329080581665e-02
2.902440130710601807e-01,6.259880661964416504e-01,3.182615712285041809e-02,7.742979563772678375e-03,1.683575101196765900e-02,2.736312337219715118e-02
3.628973960876464844e-01,5.671772956848144531e-01,2.489512041211128235e-02,7.363017648458480835e-03,1.057298388332128525e-02,2.709420584142208099e-02
4.270357787609100342e-01,4.996103048324584961e-01,2.504239417612552643e-02,6.059275940060615540e-03,1.721967197954654694e-02,2.503259666264057159e-02
4.566567242145538330e-01,4.722144901752471924e-01,2.283558435738086700e-02,5.757238715887069702e-03,1.559672690927982330e-02,2.693921886384487152e-02
4.699556529521942139e-01,4.607202708721160889e-01,2.223108522593975067e-02,5.326298065483570099e-03,1.781441830098628998e-02,2.395226620137691498e-02
4.008934199810028076e-01,5.206922292709350586e-01,2.543764375150203705e-02,4.898027516901493073e-03,2.411229908466339111e-02,2.396636083722114563e-02
3.793240487575531006e-01,5.470044612884521484e-01,2.857400476932525635e-02,5.952258594334125519e-03,2.074299752712249756e-02,1.840224117040634155e-02
3.286388218402862549e-01,5.978727340698242188e-01,2.978458814322948456e-02,6.461167708039283752e-03,1.932905614376068115e-02,1.791370287537574768e-02
3.011633157730102539e-01,6.247790455818176270e-01,3.076261468231678009e-02,7.383760064840316772e-03,1.756420359015464783e-02,1.834711991250514984e-02
2.795823216438293457e-01,6.406737565994262695e-01,3.528695181012153625e-02,1.303147803992033005e-02,1.172345411032438278e-02,1.970199309289455414e-02
2.843311727046966553e-01,6.292699575424194336e-01,4.394610971212387085e-02,1.857221126556396484e-02,7.571387104690074921e-03,1.630910858511924744e-02
2.838618457317352295e-01,6.345957517623901367e-01,3.982461616396903992e-02,1.777366735041141510e-02,6.547574419528245926e-03,1.739645935595035553e-02
2.019066065549850464e-01,7.163814306259155273e-01,4.256408661603927612e-02,1.871716417372226715e-02,5.914276465773582458e-03,1.451654639095067978e-02
2.205277234315872192e-01,7.084282636642456055e-01,3.762289509177207947e-02,1.265377644449472427e-02,6.846789736300706863e-03,1.392047666013240814e-02
1.982612609863281250e-01,7.406651377677917480e-01,3.420022502541542053e-02,7.949712686240673065e-03,8.211737498641014099e-03,1.071192231029272079e-02
1.772253066301345825e-01,7.667667269706726074e-01,3.072704561054706573e-02,7.473014295101165771e-03,7.859953679144382477e-03,9.947987273335456848e-03
2.112641185522079468e-01,7.318744063377380371e-01,2.979844249784946442e-02,7.166827563196420670e-03,9.421263821423053741e-03,1.047494169324636459e-02
1.913234144449234009e-01,7.403231263160705566e-01,3.651721775531768799e-02,7.097239140421152115e-03,1.436133962124586105e-02,1.037767529487609863e-02
2.473730146884918213e-01,6.672159433364868164e-01,5.132187530398368835e-02,8.315674029290676117e-03,1.497186440974473953e-02,1.080163847655057907e-02
2.306920140981674194e-01,6.873701214790344238e-01,4.714503884315490723e-02,7.500126957893371582e-03,1.609077677130699158e-02,1.120190694928169250e-02
2.343777567148208618e-01,6.737258434295654297e-01,5.987064540386199951e-02,9.095407091081142426e-03,1.285071019083261490e-02,1.007961481809616089e-02
2.924374938011169434e-01,6.266266703605651855e-01,4.744838550686836243e-02,1.046709530055522919e-02,9.395725093781948090e-03,1.362471561878919601e-02
4.226153492927551270e-01,5.093684792518615723e-01,3.277673944830894470e-02,9.394022636115550995e-03,8.649087511003017426e-03,1.719623245298862457e-02
4.017958045005798340e-01,5.059291720390319824e-01,6.203992664813995361e-02,9.595712646842002869e-03,1.005320437252521515e-02,1.058614533394575119e-02
4.067128896713256836e-01,4.813665449619293213e-01,7.755355536937713623e-02,8.918384090065956116e-03,1.429906487464904785e-02,1.114962901920080185e-02
2.177136689424514771e-01,6.377938389778137207e-01,1.168060451745986938e-01,1.060083787888288498e-02,1.177966780960559845e-02,5.305923987179994583e-03
1.751125901937484741e-01,6.843868494033813477e-01,1.110393851995468140e-01,8.285393938422203064e-03,1.591065712273120880e-02,5.265098065137863159e-03
2.198078781366348267e-01,6.682921648025512695e-01,8.347070217132568359e-02,9.111926890909671783e-03,1.325286459177732468e-02,6.064355373382568359e-03
2.535926103591918945e-01,6.430972814559936523e-01,6.262546777725219727e-02,8.878165856003761292e-03,2.094887569546699524e-02,1.085761748254299164e-02
3.281550407409667969e-01,5.909881591796875000e-01,4.227883368730545044e-02,9.139765053987503052e-03,1.561165787279605865e-02,1.382664777338504791e-02
3.140390515327453613e-01,5.743992328643798828e-01,6.574872136116027832e-02,1.072248443961143494e-02,2.216397784650325775e-02,1.292644813656806946e-02
3.961451947689056396e-01,4.598679244518280029e-01,9.069471061229705811e-02,1.477807108312845230e-02,2.421656437218189240e-02,1.429752539843320847e-02
3.510371446609497070e-01,5.349404215812683105e-01,7.586526870727539062e-02,1.181755121797323227e-02,1.489627175033092499e-02,1.144333928823471069e-02
3.103156089782714844e-01,5.963625311851501465e-01,5.913289636373519897e-02,1.290121674537658691e-02,1.050142105668783188e-02,1.078635733574628830e-02
3.618120849132537842e-01,5.672650933265686035e-01,3.841301053762435913e-02,8.532500825822353363e-03,9.435141459107398987e-03,1.454222202301025391e-02
3.956498801708221436e-01,5.373498797416687012e-01,2.924142032861709595e-02,8.978912606835365295e-03,1.017541624605655670e-02,1.860457099974155426e-02
4.051814377307891846e-01,5.195521712303161621e-01,2.609725669026374817e-02,6.875344086438417435e-03,1.512996945530176163e-02,2.716391161084175110e-02
4.192727208137512207e-01,5.019504427909851074e-01,2.497748658061027527e-02,7.218087092041969299e-03,1.803146861493587494e-02,2.854979783296585083e-02
3.541124463081359863e-01,5.679414868354797363e-01,2.828883193433284760e-02,5.978639703243970871e-03,1.928761042654514313e-02,2.439090609550476074e-02
2.809876203536987305e-01,6.392956376075744629e-01,3.375575691461563110e-02,6.219395902007818222e-03,2.111793309450149536e-02,1.862360723316669464e-02
2.761742770671844482e-01,6.446254253387451172e-01,3.231638669967651367e-02,6.705415435135364532e-03,2.027527801692485809e-02,1.990318112075328827e-02
2.070520222187042236e-01,7.199513316154479980e-01,3.605518117547035217e-02,8.015992119908332825e-03,1.461177319288253784e-02,1.431373227387666702e-02
2.382694035768508911e-01,6.833105683326721191e-01,4.025431349873542786e-02,8.946622721850872040e-03,1.416898518800735474e-02,1.505011040717363358e-02
3.218648731708526611e-01,5.867692232131958008e-01,4.039200767874717712e-02,1.520941220223903656e-02,9.894070215523242950e-03,2.587036788463592529e-02
3.331609070301055908e-01,5.798079967498779297e-01,3.209193423390388489e-02,1.101593021303415298e-02,1.286006253212690353e-02,3.106314688920974731e-02
3.427040576934814453e-01,5.651162266731262207e-01,3.397186100482940674e-02,9.303268976509571075e-03,1.722394675016403198e-02,3.168058395385742188e-02
3.239355385303497314e-01,5.982129573822021484e-01,2.708273567259311676e-02,8.766642771661281586e-03,1.403412409126758575e-02,2.796809375286102295e-02
2.474711835384368896e-01,6.832603812217712402e-01,3.097372688353061676e-02,8.718479424715042114e-03,1.329201553016901016e-02,1.628420315682888031e-02
2.641883790493011475e-01,6.722303032875061035e-01,2.944361232221126556e-02,9.800925850868225098e-03,8.322711102664470673e-03,1.601411215960979462e-02
2.252169698476791382e-01,7.076988220214843750e-01,3.356127440929412842e-02,1.370314043015241623e-02,5.776862148195505142e-03,1.404297817498445511e-02
2.693839967250823975e-01,6.523330807685852051e-01,3.479214757680892944e-02,1.597433909773826599e-02,8.416776545345783234e-03,1.909965090453624725e-02
3.198359012603759766e-01,5.954792499542236328e-01,3.618193790316581726e-02,1.565336808562278748e-02,1.200916990637779236e-02,2.084031142294406891e-02
2.673605978488922119e-01,6.408063173294067383e-01,4.036263749003410339e-02,9.084384888410568237e-03,2.566454559564590454e-02,1.672145351767539978e-02
1.917976438999176025e-01,7.359308600425720215e-01,2.906599640846252441e-02,4.670752678066492081e-03,2.511262148618698120e-02,1.342203188687562943e-02
2.122693061828613281e-01,7.114149928092956543e-01,2.670981921255588531e-02,4.213009029626846313e-03,2.971112169325351715e-02,1.568177342414855957e-02
2.495422512292861938e-01,6.698870658874511719e-01,3.382411226630210876e-02,5.685325246304273605e-03,2.410656772553920746e-02,1.695459149777889252e-02
2.816605865955352783e-01,6.404588222503662109e-01,3.108362667262554169e-02,6.262374576181173325e-03,1.869730651378631592e-02,2.183732204139232635e-02
3.362436592578887939e-01,5.871109366416931152e-01,2.973142825067043304e-02,5.982994101941585541e-03,1.831663399934768677e-02,2.261427789926528931e-02
3.912677466869354248e-01,5.309560298919677734e-01,3.505547344684600830e-02,1.060588005930185318e-02,1.197515055537223816e-02,2.013964764773845673e-02
3.940415680408477783e-01,5.317378044128417969e-01,3.022845461964607239e-02,1.093915291130542755e-02,1.061001233756542206e-02,2.244307287037372589e-02
4.480129182338714600e-01,4.776556789875030518e-01,2.964824624359607697e-02,1.675058901309967041e-02,6.348518189042806625e-03,2.158413082361221313e-02
4.421816170215606689e-01,4.818076789379119873e-01,2.765019237995147705e-02,1.638742536306381226e-02,6.754404399544000626e-03,2.521877177059650421e-02
4.159391820430755615e-01,5.114216208457946777e-01,2.844122424721717834e-02,1.157395076006650925e-02,8.989335969090461731e-03,2.363479696214199066e-02
3.497365415096282959e-01,5.764591097831726074e-01,2.866894006729125977e-02,1.005409937351942062e-02,1.062331721186637878e-02,2.445791661739349365e-02
2.984034419059753418e-01,6.155472993850708008e-01,3.701353818178176880e-02,8.721350692212581635e-03,1.689792983233928680e-02,2.341643348336219788e-02
2.431629598140716553e-01,6.726535558700561523e-01,3.951801359653472900e-02,1.242028921842575073e-02,1.452153362333774567e-02,1.772363670170307159e-02
1.910253167152404785e-01,7.043905854225158691e-01,6.034922227263450623e-02,1.403487473726272583e-02,1.775975525379180908e-02,1.244025863707065582e-02
1.323572546243667603e-01,7.790762186050415039e-01,5.445768684148788452e-02,1.533030904829502106e-02,1.045589242130517960e-02,8.322709240019321442e-03
1.302896887063980103e-01,7.579231858253479004e-01,8.292617648839950562e-02,1.209291536360979080e-02,1.111907977610826492e-02,5.648877937346696854e-03
1.909978836774826050e-01,7.005013227462768555e-01,7.621601969003677368e-02,1.123902294784784317e-02,1.276286225765943527e-02,8.282873779535293579e-03
2.224708050489425659e-01,6.647534370422363281e-01,8.076003193855285645e-02,1.119659002870321274e-02,1.243565510958433151e-02,8.383522741496562958e-03
2.942495942115783691e-01,6.187560558319091797e-01,5.485004186630249023e-02,9.034950286149978638e-03,1.266570389270782471e-02,1.044351980090141296e-02
2.177447229623794556e-01,6.885915994644165039e-01,6.208398193120956421e-02,8.048132993280887604e-03,1.497545838356018066e-02,8.556023240089416504e-03
1.799014806747436523e-01,7.461825013160705566e-01,4.672831669449806213e-02,6.611169781535863876e-03,1.273494958877563477e-02,7.841656915843486786e-03
1.687159240245819092e-01,7.478001117706298828e-01,4.973078146576881409e-02,5.610822234302759171e-03,1.959175430238246918e-02,8.550535887479782104e-03
1.785115301609039307e-01,7.538621425628662109e-01,3.922399133443832397e-02,5.866880528628826141e-03,1.442698575556278229e-02,8.108449168503284454e-03
2.070979326963424683e-01,7.315155863761901855e-01,3.127118945121765137e-02,5.635543260723352432e-03,1.465271413326263428e-02,9.827123023569583893e-03
2.006775885820388794e-01,7.414054870605468750e-01,3.212709724903106689e-02,7.689637131989002228e-03,8.780756965279579163e-03,9.319358505308628082e-03
2.097255289554595947e-01,7.298911213874816895e-01,3.786489740014076233e-02,7.840227335691452026e-03,7.241847459226846695e-03,7.436412386596202850e-03
2.489052116870880127e-01,6.896587610244750977e-01,3.532104939222335815e-02,7.883382961153984070e-03,7.671400438994169235e-03,1.056017912924289703e-02
2.361188232898712158e-01,7.047480344772338867e-01,3.551395982503890991e-02,8.075588382780551910e-03,5.938802380114793777e-03,9.604739025235176086e-03
1.862165778875350952e-01,7.666176557540893555e-01,2.642079815268516541e-02,6.023026071488857269e-03,6.109741050750017166e-03,8.612177334725856781e-03
2.852492630481719971e-01,6.644066572189331055e-01,2.279271371662616730e-02,6.522073410451412201e-03,7.856202311813831329e-03,1.317301299422979355e-02
3.097687065601348877e-01,6.420846581459045410e-01,2.292237244546413422e-02,7.484255358576774597e-03,6.881890818476676941e-03,1.085813250392675400e-02
3.009107708930969238e-01,6.469445228576660156e-01,2.336077392101287842e-02,6.942462176084518433e-03,9.578797966241836548e-03,1.226269546896219254e-02
3.039267063140869141e-01,6.372527480125427246e-01,2.851599082350730896e-02,8.363900706171989441e-03,9.394661523401737213e-03,1.254591718316078186e-02
2.837896645069122314e-01,6.530683040618896484e-01,3.049612976610660553e-02,8.627845905721187592e-03,1.117632072418928146e-02,1.284178998321294785e-02
2.429932057857513428e-01,6.913657188415527344e-01,3.076205030083656311e-02,7.836339995265007019e-03,1.213783863931894302e-02,1.490485761314630508e-02
2.751251757144927979e-01,6.585595607757568359e-01,3.127223998308181763e-02,7.176225539296865463e-03,1.294689811766147614e-02,1.491990406066179276e-02
3.456017673015594482e-01,5.882372856140136719e-01,2.670767903327941895e-02,5.938654299825429916e-03,1.502662245184183121e-02,1.848792470991611481e-02
1.915838420391082764e-01,7.452626824378967285e-01,2.915917150676250458e-02,4.613406490534543991e-03,1.763255335390567780e-02,1.174839399755001068e-02
2.018146216869354248e-01,7.339830994606018066e-01,3.010001219809055328e-02,4.518636502325534821e-03,1.840914972126483917e-02,1.117439288645982742e-02
1.710643619298934937e-01,7.715331315994262695e-01,2.838352508842945099e-02,4.577566869556903839e-03,1.516180392354726791e-02,9.279727004468441010e-03
1.350699216127395630e-01,8.130649328231811523e-01,2.786086685955524445e-02,4.768484272062778473e-03,1.176862977445125580e-02,7.467214018106460571e-03
1.761837303638458252e-01,7.737524509429931641e-01,2.558016404509544373e-02,5.189654882997274399e-03,1.035292446613311768e-02,8.941144682466983795e-03
2.711529731750488281e-01,6.751606464385986328e-01,2.462573349475860596e-02,5.446462426334619522e-03,1.241221372038125992e-02,1.120199449360370636e-02
2.383762001991271973e-01,7.085836529731750488e-01,2.607091329991817474e-02,4.912158008664846420e-03,1.293347775936126709e-02,9.123617783188819885e-03
2.258452773094177246e-01,7.225558161735534668e-01,2.396570891141891479e-02,4.260640591382980347e-03,1.431226450949907303e-02,9.060339070856571198e-03
2.177568823099136353e-01,7.277004718780517578e-01,2.651233226060867310e-02,4.542657174170017242e-03,1.441220752894878387e-02,9.075411595404148102e-03
2.610060274600982666e-01,6.869187951087951660e-01,2.560835704207420349e-02,5.075073800981044769e-03,1.129982247948646545e-02,1.009188219904899597e-02
2.870783507823944092e-01,6.636443734169006348e-01,2.481967210769653320e-02,5.256652366369962692e-03,9.029285982251167297e-03,1.017173193395137787e-02
3.402829766273498535e-01,6.077667474746704102e-01,2.678910642862319946e-02,6.304472219198942184e-03,8.084019646048545837e-03,1.077265013009309769e-02
3.629656434059143066e-01,5.831395387649536133e-01,2.724663726985454559e-02,7.126346230506896973e-03,7.660781033337116241e-03,1.186106912791728973e-02
2.770399451255798340e-01,6.691593527793884277e-01,2.816584333777427673e-02,7.090725935995578766e-03,7.826798595488071442e-03,1.071723457425832748e-02
2.674195468425750732e-01,6.685021519660949707e-01,3.401802107691764832e-02,1.106008980423212051e-02,7.428271695971488953e-03,1.157190464437007904e-02
3.189068734645843506e-01,6.239760518074035645e-01,2.800638042390346527e-02,1.064205262809991837e-02,6.400189828127622604e-03,1.206837035715579987e-02
3.057715296745300293e-01,6.243858933448791504e-01,4.119908437132835388e-02,1.265363395214080811e-02,6.512746680527925491e-03,9.477083571255207062e-03
3.160929679870605469e-01,6.084876060485839844e-01,4.712760448455810547e-02,1.535494159907102585e-02,5.642112810164690018e-03,7.294830866158008575e-03
2.585281729698181152e-01,6.727690696716308594e-01,4.301829636096954346e-02,1.262760628014802933e-02,6.255224347114562988e-03,6.801621522754430771e-03
2.818006277084350586e-01,6.516723632812500000e-01,3.937727212905883789e-02,8.196001872420310974e-03,9.944494813680648804e-03,9.009275585412979126e-03
2.720547020435333252e-01,6.761783361434936523e-01,2.601602673530578613e-02,5.888542626053094864e-03,9.910980239510536194e-03,9.951426647603511810e-03
3.633457720279693604e-01,5.835856795310974121e-01,2.286699973046779633e-02,4.995920695364475250e-03,1.334174256771802902e-02,1.186375226825475693e-02
3.169066905975341797e-01,6.273959279060363770e-01,2.764556929469108582e-02,6.357941776514053345e-03,1.160867325961589813e-02,1.008515153080224991e-02
2.676454782485961914e-01,6.768165230751037598e-01,3.093877248466014862e-02,6.982173770666122437e-03,9.255547076463699341e-03,8.361506275832653046e-03
1.540092676877975464e-01,7.973318696022033691e-01,2.656944096088409424e-02,5.609170533716678619e-03,9.557435289025306702e-03,6.922904402017593384e-03
1.450338363647460938e-01,8.023306727409362793e-01,3.109528496861457825e-02,6.232761777937412262e-03,8.932447992265224457e-03,6.375002209097146988e-03
1.876261830329895020e-01,7.502576112747192383e-01,3.526137024164199829e-02,6.987782660871744156e-03,1.177015434950590134e-02,8.096853271126747131e-03
3.156422376632690430e-01,6.155875325202941895e-01,3.206353262066841125e-02,7.748334668576717377e-03,1.429608929902315140e-02,1.466221734881401062e-02
3.853010535240173340e-01,5.435509681701660156e-01,3.417129814624786377e-02,9.044912643730640411e-03,1.291103661060333252e-02,1.502068806439638138e-02
3.465303480625152588e-01,5.816214680671691895e-01,2.972806803882122040e-02,7.978928275406360626e-03,1.553700026124715805e-02,1.860432513058185577e-02
3.508245050907135010e-01,5.720072984695434570e-01,2.915294282138347626e-02,7.650537416338920593e-03,1.698526740074157715e-02,2.337936311960220337e-02
2.968721389770507812e-01,6.252474784851074219e-01,2.924632281064987183e-02,8.013182319700717926e-03,1.655366085469722748e-02,2.406715787947177887e-02
3.011997640132904053e-01,6.188802123069763184e-01,2.962335757911205292e-02,6.170108448714017868e-03,2.170370891690254211e-02,2.242285013198852539e-02
3.221312463283538818e-01,6.077516674995422363e-01,2.836174517869949341e-02,6.961091887205839157e-03,1.451779529452323914e-02,2.027637325227260590e-02
3.173507452011108398e-01,6.155070066452026367e-01,3.308038040995597839e-02,6.761298049241304398e-03,1.351183187216520309e-02,1.378879882395267487e-02
2.949557304382324219e-01,6.492773890495300293e-01,2.780462987720966339e-02,6.349031347781419754e-03,1.072247046977281570e-02,1.089081633836030960e-02
2.382122874259948730e-01,7.077572941780090332e-01,2.990617230534553528e-02,6.497639231383800507e-03,9.113742038607597351e-03,8.512926287949085236e-03
2.063506096601486206e-01,7.378670573234558105e-01,3.239094465970993042e-02,7.200361229479312897e-03,8.297320455312728882e-03,7.893567904829978943e-03
2.160619050264358521e-01,7.183150649070739746e-01,4.117232933640480042e-02,8.815831504762172699e-03,8.305015973746776581e-03,7.329919375479221344e-03
2.835783064365386963e-01,6.589198708534240723e-01,3.229001536965370178e-02,6.890329997986555099e-03,9.671570733189582825e-03,8.649921976029872894e-03
2.212329655885696411e-01,7.263255119323730469e-01,3.066974878311157227e-02,6.918056402355432510e-03,7.261198014020919800e-03,7.592551410198211670e-03
2.151556164026260376e-01,7.410277724266052246e-01,2.449101209640502930e-02,5.894405301660299301e-03,6.178341340273618698e-03,7.252880837768316269e-03
2.004101574420928955e-01,7.519103884696960449e-01,2.715795300900936127e-02,6.947594229131937027e-03,6.243485491722822189e-03,7.330424152314662933e-03
1.984465420246124268e-01,7.575185894966125488e-01,2.476673945784568787e-02,5.902692209929227829e-03,6.382477935403585434e-03,6.982974708080291748e-03
3.068566322326660156e-01,6.440721154212951660e-01,2.572094649076461792e-02,6.860323715955018997e-03,7.001688703894615173e-03,9.488288313150405884e-03
4.389990270137786865e-01,5.091608762741088867e-01,2.051111310720443726e-02,6.188210565596818924e-03,9.173657745122909546e-03,1.596717163920402527e-02
4.630831778049468994e-01,4.859201610088348389e-01,2.209829725325107574e-02,6.683664396405220032e-03,7.806085515767335892e-03,1.440860889852046967e-02
4.240084588527679443e-01,5.273616909980773926e-01,2.075982652604579926e-02,5.736730992794036865e-03,8.591755293309688568e-03,1.354163046926259995e-02
3.388863205909729004e-01,6.168225407600402832e-01,2.186750620603561401e-02,6.503438111394643784e-03,6.212220527231693268e-03,9.707974269986152649e-03
1.792417019605636597e-01,7.812628149986267090e-01,2.323163673281669617e-02,6.912863813340663910e-03,4.144098144024610519e-03,5.206828936934471130e-03
1.602274030447006226e-01,7.990603446960449219e-01,2.420111745595932007e-02,6.435900926589965820e-03,4.620396532118320465e-03,5.454759113490581512e-03
1.713572591543197632e-01,7.826551795005798340e-01,2.703842520713806152e-02,6.597839761525392532e-03,6.264774128794670105e-03,6.086425390094518661e-03
1.633386164903640747e-01,7.965678572654724121e-01,2.140126377344131470e-02,5.374912638217210770e-03,6.614387035369873047e-03,6.702977232635021210e-03
1.978330165147781372e-01,7.540245652198791504e-01,2.430131286382675171e-02,5.368247628211975098e-03,9.317186661064624786e-03,9.155642241239547729e-03
2.730866372585296631e-01,6.718305349349975586e-01,2.694738283753395081e-02,5.838206037878990173e-03,1.114533934742212296e-02,1.115190517157316208e-02
2.344036698341369629e-01,7.159126996994018555e-01,2.666469290852546692e-02,5.426379386335611343e-03,9.570998139679431915e-03,8.021580986678600311e-03
2.849322557449340820e-01,6.619488596916198730e-01,2.640914358198642731e-02,5.094116088002920151e-03,1.276423595845699310e-02,8.851364254951477051e-03
2.867430448532104492e-01,6.611578464508056641e-01,2.349208854138851166e-02,4.878480918705463409e-03,1.290144119411706924e-02,1.082715205848217010e-02
3.646832406520843506e-01,5.759725570678710938e-01,2.664933539927005768e-02,5.323337856680154800e-03,1.551236212253570557e-02,1.185912173241376877e-02
3.254502713680267334e-01,6.069430708885192871e-01,3.534428775310516357e-02,5.916321650147438049e-03,1.495576556771993637e-02,1.139026973396539688e-02
3.225757479667663574e-01,6.110160350799560547e-01,3.818719834089279175e-02,6.998602300882339478e-03,1.053028088063001633e-02,1.069214101880788803e-02
3.195670247077941895e-01,6.129521727561950684e-01,3.986492380499839783e-02,8.230704814195632935e-03,9.805335663259029388e-03,9.579757228493690491e-03
2.215459048748016357e-01,7.198737859725952148e-01,3.535800054669380188e-02,7.375792600214481354e-03,8.189090527594089508e-03,7.657321635633707047e-03
1.933821290731430054e-01,7.618674635887145996e-01,2.498020790517330170e-02,5.730822216719388962e-03,7.009016349911689758e-03,7.030344568192958832e-03
2.503384649753570557e-01,7.010181546211242676e-01,2.563348412513732910e-02,7.038275711238384247e-03,6.883907597512006760e-03,9.087845683097839355e-03
1.650642603635787964e-01,7.935585975646972656e-01,2.351437509059906006e-02,5.465216469019651413e-03,6.090502720326185226e-03,6.306980736553668976e-03
1.567366570234298706e-01,8.010307550430297852e-01,2.386528439819812775e-02,5.476601887494325638e-03,6.314080208539962769e-03,6.576653104275465012e-03
1.716306656599044800e-01,7.824056744575500488e-01,2.762141637504100800e-02,6.779714953154325485e-03,5.352207925170660019e-03,6.210253573954105377e-03
1.463173925876617432e-01,8.029217720031738281e-01,3.252092376351356506e-02,8.517722599208354950e-03,4.589094314724206924e-03,5.133090540766716003e-03
2.253592312335968018e-01,7.311094999313354492e-01,2.429417520761489868e-02,7.742325775325298309e-03,4.519550595432519913e-03,6.975173950195312500e-03
2.214897722005844116e-01,7.392162680625915527e-01,2.123304829001426697e-02,6.629208568483591080e-03,4.380607046186923981e-03,7.051141466945409775e-03
2.630248069763183594e-01,6.954182982444763184e-01,2.134044654667377472e-02,7.264120038598775864e-03,4.797994624823331833e-03,8.154210634529590607e-03
2.304417639970779419e-01,7.275159358978271484e-01,2.216819487512111664e-02,6.136811338365077972e-03,5.914851557463407516e-03,7.822461426258087158e-03
1.918471455574035645e-01,7.637825608253479004e-01,2.287870272994041443e-02,5.086457356810569763e-03,8.565885014832019806e-03,7.839304395020008087e-03
1.924849003553390503e-01,7.559003829956054688e-01,3.258137404918670654e-02,5.484561435878276825e-03,7.507943548262119293e-03,6.040948443114757538e-03
2.432702183723449707e-01,6.946736574172973633e-01,3.994003683328628540e-02,6.490470841526985168e-03,8.979368023574352264e-03,6.646345835179090500e-03
1.440558284521102905e-01,7.738661170005798340e-01,6.420658528804779053e-02,6.927037145942449570e-03,7.198429666459560394e-03,3.746049245819449425e-03
1.573977023363113403e-01,7.733140587806701660e-01,5.242527648806571960e-02,6.942305713891983032e-03,6.056733895093202591e-03,3.863892052322626114e-03
1.426315754652023315e-01,7.937761545181274414e-01,4.591666162014007568e-02,6.573346909135580063e-03,6.957973353564739227e-03,4.144314676523208618e-03
1.111186370253562927e-01,8.335480093955993652e-01,3.975131362676620483e-02,5.436542909592390060e-03,6.588802672922611237e-03,3.556627081707119942e-03
1.180475428700447083e-01,8.309528827667236328e-01,3.422698378562927246e-02,5.831412505358457565e-03,6.851155310869216919e-03,4.089972469955682755e-03
1.137079969048500061e-01,8.323999047279357910e-01,3.609193116426467896e-02,6.238235160708427429e-03,7.042358163744211197e-03,4.519559442996978760e-03
1.201971471309661865e-01,8.258872628211975098e-01,3.697625547647476196e-02,5.973354447633028030e-03,6.559186149388551712e-03,4.406815860420465469e-03
1.880648881196975708e-01,7.569996714591979980e-01,3.263635933399200439e-02,6.307454779744148254e-03,8.740034885704517365e-03,7.251608651131391525e-03
2.395677119493484497e-01,7.073483467102050781e-01,2.991154976189136505e-02,6.265593226999044418e-03,8.228437975049018860e-03,8.678345009684562683e-03
2.959050834178924561e-01,6.504976749420166016e-01,2.843841724097728729e-02,7.040401920676231384e-03,7.749532349407672882e-03,1.036887802183628082e-02
2.609043121337890625e-01,6.813633441925048828e-01,3.028772957623004913e-02,7.063899654895067215e-03,9.524221532046794891e-03,1.085646264255046844e-02
2.577525675296783447e-01,6.893859505653381348e-01,2.861431799829006195e-02,6.825301796197891235e-03,7.891376502811908722e-03,9.530469775199890137e-03
2.072607576847076416e-01,7.392168641090393066e-01,2.865991741418838501e-02,6.502869073301553726e-03,8.740391582250595093e-03,9.619130752980709076e-03
2.045112997293472290e-01,7.413117289543151855e-01,3.008367866277694702e-02,6.828306708484888077e-03,8.445627056062221527e-03,8.819348178803920746e-03
2.062044590711593628e-01,7.381178140640258789e-01,3.173822537064552307e-02,6.966399494558572769e-03,8.153616450726985931e-03,8.819339796900749207e-03
2.056812047958374023e-01,7.426159381866455078e-01,2.930692583322525024e-02,7.042917888611555099e-03,7.101660594344139099e-03,8.251272141933441162e-03
2.749493122100830078e-01,6.707741022109985352e-01,2.932476438581943512e-02,7.118887268006801605e-03,7.920620031654834747e-03,9.912282228469848633e-03
2.781293094158172607e-01,6.706702113151550293e-01,2.625522017478942871e-02,6.124157458543777466e-03,8.856105618178844452e-03,9.965101256966590881e-03
3.238412737846374512e-01,6.184456348419189453e-01,2.986414544284343719e-02,7.238523568958044052e-03,9.370422922074794769e-03,1.124004181474447250e-02
3.323871493339538574e-01,6.114400029182434082e-01,2.837896719574928284e-02,7.391124963760375977e-03,8.451594039797782898e-03,1.195125654339790344e-02
2.404151707887649536e-01,6.936969161033630371e-01,3.866434842348098755e-02,7.845465093851089478e-03,1.021987758576869965e-02,9.158213622868061066e-03
2.638487815856933594e-01,6.543793678283691406e-01,5.276786535978317261e-02,1.036528963595628738e-02,9.804687462747097015e-03,8.833940140902996063e-03
1.646658629179000854e-01,7.384160161018371582e-01,7.291338592767715454e-02,1.108231488615274429e-02,7.193380035459995270e-03,5.729062948375940323e-03
1.556411832571029663e-01,7.423759102821350098e-01,7.847257703542709351e-02,1.136597897857427597e-02,7.129007019102573395e-03,5.015340168029069901e-03
1.741314977407455444e-01,7.394664883613586426e-01,6.559315323829650879e-02,9.618067182600498199e-03,6.319956853985786438e-03,4.870804958045482635e-03
1.508125513792037964e-01,7.918655872344970703e-01,4.059185460209846497e-02,6.696749478578567505e-03,5.335413385182619095e-03,4.697775002568960190e-03
2.373455166816711426e-01,7.133182287216186523e-01,2.701429463922977448e-02,6.183300167322158813e-03,7.717237807810306549e-03,8.421466685831546783e-03
2.565769255161285400e-01,6.904026269912719727e-01,2.771923504769802094e-02,7.032921537756919861e-03,8.042395114898681641e-03,1.022594328969717026e-02
1.739090830087661743e-01,7.748606204986572266e-01,2.635677345097064972e-02,6.417537108063697815e-03,8.870702236890792847e-03,9.585334919393062592e-03
2.181205004453659058e-01,7.265446186065673828e-01,2.958582527935504913e-02,7.586241699755191803e-03,7.962781004607677460e-03,1.020004041492938995e-02
2.139168232679367065e-01,7.330169677734375000e-01,2.783513069152832031e-02,7.196477614343166351e-03,7.636234164237976074e-03,1.039832457900047302e-02
2.055924385786056519e-01,7.378806471824645996e-01,3.049153648316860199e-02,8.052389137446880341e-03,8.668225258588790894e-03,9.314657188951969147e-03
2.859230935573577881e-01,6.627207398414611816e-01,2.605542168021202087e-02,6.572122685611248016e-03,8.604276925325393677e-03,1.012433040887117386e-02
3.146094977855682373e-01,6.282588243484497070e-01,3.067361563444137573e-02,7.016658782958984375e-03,9.740894660353660583e-03,9.700568392872810364e-03
2.235967367887496948e-01,7.253406643867492676e-01,2.748062461614608765e-02,5.644741468131542206e-03,1.029337663203477859e-02,7.643783465027809143e-03
2.988474667072296143e-01,6.566328406333923340e-01,2.207466587424278259e-02,5.034467671066522598e-03,8.408375084400177002e-03,9.002177044749259949e-03
3.356858491897583008e-01,6.113496422767639160e-01,2.689660154283046722e-02,6.280093453824520111e-03,9.006058797240257263e-03,1.078170910477638245e-02
2.664606869220733643e-01,6.815530061721801758e-01,2.802107296884059906e-02,6.857994478195905685e-03,7.911273278295993805e-03,9.195947088301181793e-03
3.257890343666076660e-01,6.186811327934265137e-01,2.680862322449684143e-02,5.885754711925983429e-03,1.081637013703584671e-02,1.201905962079763412e-02
3.608191013336181641e-01,5.858696103096008301e-01,2.638340555131435394e-02,7.433915976434946060e-03,7.826537825167179108e-03,1.166751701384782791e-02
3.032228350639343262e-01,6.400838494300842285e-01,3.077122569084167480e-02,8.291302248835563660e-03,7.336781360208988190e-03,1.029394753277301788e-02
3.033379316329956055e-01,6.412715911865234375e-01,3.179948404431343079e-02,9.282678365707397461e-03,5.698992870748043060e-03,8.609265089035034180e-03
2.189230918884277344e-01,7.216653227806091309e-01,3.648956492543220520e-02,9.982895106077194214e-03,5.164310801774263382e-03,7.774838712066411972e-03
1.829236745834350586e-01,7.609005570411682129e-01,3.484959155321121216e-02,8.637938648462295532e-03,5.402852781116962433e-03,7.285484578460454941e-03
1.955879777669906616e-01,7.459816932678222656e-01,3.632488846778869629e-02,9.056389331817626953e-03,5.948993377387523651e-03,7.099979557096958160e-03
2.234602868556976318e-01,7.230764627456665039e-01,3.027838282287120819e-02,6.372898817062377930e-03,8.159655146300792694e-03,8.652325719594955444e-03
2.268174886703491211e-01,7.227385640144348145e-01,2.790680713951587677e-02,5.502380430698394775e-03,9.165703319013118744e-03,7.869073189795017242e-03
1.956789344549179077e-01,7.568351626396179199e-01,2.753463387489318848e-02,5.435917526483535767e-03,7.644350640475749969e-03,6.870975252240896225e-03
2.040279209613800049e-01,7.509375810623168945e-01,2.575157210230827332e-02,6.238331086933612823e-03,6.189317908138036728e-03,6.855322513729333878e-03
2.227409780025482178e-01,7.320384383201599121e-01,2.525237388908863068e-02,5.698228720575571060e-03,6.698673591017723083e-03,7.571255788207054138e-03
2.293855100870132446e-01,7.251908183097839355e-01,2.589968964457511902e-02,5.930790212005376816e-03,6.445946171879768372e-03,7.147314958274364471e-03
2.486321777105331421e-01,7.051521539688110352e-01,2.543480135500431061e-02,5.576959811151027679e-03,7.606667466461658478e-03,7.597224786877632141e-03
2.477855682373046875e-01,7.049369812011718750e-01,2.589721418917179108e-02,5.450666882097721100e-03,8.045513182878494263e-03,7.883997634053230286e-03
2.922686338424682617e-01,6.592817902565002441e-01,2.462824806571006775e-02,5.345313344150781631e-03,9.018986485898494720e-03,9.457014501094818115e-03
2.641719281673431396e-01,6.911369562149047852e-01,2.229161746799945831e-02,4.865165334194898605e-03,8.864121511578559875e-03,8.670303039252758026e-03
1.973845809698104858e-01,7.602358460426330566e-01,2.274948731064796448e-02,4.766207654029130936e-03,7.818041369318962097e-03,7.045872509479522705e-03
2.124047726392745972e-01,7.402119636535644531e-01,2.653211168944835663e-02,5.567036103457212448e-03,7.853928022086620331e-03,7.430211640894412994e-03
2.305421233177185059e-01,7.150938510894775391e-01,3.223324194550514221e-02,6.615227088332176208e-03,7.791811134666204453e-03,7.723727729171514511e-03
2.777770459651947021e-01,6.702819466590881348e-01,2.917646057903766632e-02,6.642410997301340103e-03,7.904572412371635437e-03,8.217565715312957764e-03
3.083521425724029541e-01,6.405305862426757812e-01,2.897965349256992340e-02,6.422426551580429077e-03,7.376399822533130646e-03,8.338902145624160767e-03
2.979207336902618408e-01,6.592442393302917480e-01,2.299297600984573364e-02,6.069183349609375000e-03,5.843443796038627625e-03,7.929477840662002563e-03
3.209852278232574463e-01,6.348550915718078613e-01,2.460177987813949585e-02,6.584411952644586563e-03,5.901370663195848465e-03,7.072148378938436508e-03
2.440385818481445312e-01,6.956915259361267090e-01,3.819981217384338379e-02,7.153880782425403595e-03,7.998284883797168732e-03,6.917923223227262497e-03
1.818855106830596924e-01,7.529579401016235352e-01,4.515334591269493103e-02,6.737537682056427002e-03,7.912223227322101593e-03,5.353414453566074371e-03
1.714953929185867310e-01,7.417174577713012695e-01,6.420700252056121826e-02,8.257254958152770996e-03,8.916675113141536713e-03,5.406178999692201614e-03
1.217928826808929443e-01,8.036345243453979492e-01,5.692694336175918579e-02,7.735489867627620697e-03,6.183223798871040344e-03,3.726795781403779984e-03
1.112561598420143127e-01,8.247782588005065918e-01,4.818516597151756287e-02,7.724155671894550323e-03,4.530256148427724838e-03,3.525977255776524544e-03
1.557575315237045288e-01,7.955858707427978516e-01,3.272335603833198547e-02,6.582862697541713715e-03,4.939061589539051056e-03,4.411336965858936310e-03
1.423066258430480957e-01,8.037000298500061035e-01,3.884438425302505493e-02,6.168704945594072342e-03,5.034455098211765289e-03,3.945711068809032440e-03
1.976793110370635986e-01,7.493171691894531250e-01,3.540174290537834167e-02,6.695008371025323868e-03,5.845998413860797882e-03,5.060771014541387558e-03
1.873788684606552124e-01,7.637416720390319824e-01,3.144440054893493652e-02,6.103910505771636963e-03,6.193928420543670654e-03,5.137244239449501038e-03
1.346890926361083984e-01,8.131603598594665527e-01,3.606471046805381775e-02,6.041594780981540680e-03,5.861069541424512863e-03,4.183214623481035233e-03
1.700185388326644897e-01,7.803895473480224609e-01,3.163522481918334961e-02,5.985545460134744644e-03,6.656158249825239182e-03,5.314977373927831650e-03
1.219538077712059021e-01,8.276649713516235352e-01,3.408519923686981201e-02,6.570176687091588974e-03,5.620370618999004364e-03,4.105389583855867386e-03
1.227848231792449951e-01,8.249112367630004883e-01,3.644719719886779785e-02,5.883470177650451660e-03,5.999107379466295242e-03,3.974104300141334534e-03
1.116152331233024597e-01,8.366553783416748047e-01,3.678840026259422302e-02,5.356419365853071213e-03,6.185233127325773239e-03,3.399454290047287941e-03
1.488573551177978516e-01,8.013846874237060547e-01,3.218142315745353699e-02,5.876834504306316376e-03,6.522313226014375687e-03,5.177269689738750458e-03
1.421704590320587158e-01,8.035244345664978027e-01,3.565100952982902527e-02,5.948442965745925903e-03,6.864395923912525177e-03,5.841333884745836258e-03
1.924692988395690918e-01,7.631940841674804688e-01,2.561645768582820892e-02,5.403629969805479050e-03,6.135697942227125168e-03,7.180845830589532852e-03
1.195543408393859863e-01,8.475386500358581543e-01,1.821967028081417084e-02,4.055593628436326981e-03,5.560515448451042175e-03,5.071254912763834000e-03
1.775636076927185059e-01,7.842538356781005859e-01,2.078144997358322144e-02,4.426261410117149353e-03,7.079232484102249146e-03,5.895575508475303650e-03
2.181223034858703613e-01,7.400167584419250488e-01,2.271309867501258850e-02,5.071703810244798660e-03,7.776041515171527863e-03,6.300131324678659439e-03
2.136236578226089478e-01,7.427538633346557617e-01,2.176770567893981934e-02,5.292844958603382111e-03,8.686847984790802002e-03,7.875050418078899384e-03
2.197325378656387329e-01,7.334989309310913086e-01,2.502906136214733124e-02,6.928923074156045914e-03,7.380764000117778778e-03,7.429701741784811020e-03
2.066466063261032104e-01,7.451159954071044922e-01,2.621594257652759552e-02,7.079022936522960663e-03,6.863976363092660904e-03,8.078505285084247589e-03
2.291909307241439819e-01,7.187535166740417480e-01,2.857165411114692688e-02,8.535600267350673676e-03,6.501622498035430908e-03,8.446671068668365479e-03
2.204379737377166748e-01,7.331235408782958984e-01,2.653541415929794312e-02,6.983262021094560623e-03,5.558024626225233078e-03,7.361788768321275711e-03
2.412313669919967651e-01,7.128190398216247559e-01,2.603646926581859589e-02,7.239047437906265259e-03,5.418565589934587479e-03,7.255403790622949600e-03
2.144303470849990845e-01,7.349343895912170410e-01,2.984992414712905884e-02,9.161604568362236023e-03,4.769260063767433167e-03,6.854386534541845322e-03
1.903496086597442627e-01,7.631654143333435059e-01,2.770027704536914825e-02,9.619147516787052155e-03,3.623759839683771133e-03,5.541862454265356064e-03
2.107623070478439331e-01,7.392404675483703613e-01,2.999913133680820465e-02,8.619655855000019073e-03,5.183957982808351517e-03,6.194511894136667252e-03
1.871834695339202881e-01,7.640431523323059082e-01,2.908453531563282013e-02,8.893772959709167480e-03,4.700776189565658569e-03,6.094222422689199448e-03
2.565210461616516113e-01,6.929190158843994141e-01,2.783639356493949890e-02,8.066806010901927948e-03,6.257571745663881302e-03,8.399157784879207611e-03
1.981755644083023071e-01,7.491497993469238281e-01,3.385221585631370544e-02,6.212482228875160217e-03,6.462584249675273895e-03,6.147363688796758652e-03
1.582449078559875488e-01,7.864118218421936035e-01,3.715604543685913086e-02,6.010802462697029114e-03,6.879566237330436707e-03,5.296830553561449051e-03
1.986767947673797607e-01,7.510311603546142578e-01,3.022557310760021210e-02,4.986333660781383514e-03,8.694467134773731232e-03,6.385712418705224991e-03
1.767425388097763062e-01,7.697370052337646484e-01,3.302865847945213318e-02,5.020174663513898849e-03,9.583812206983566284e-03,5.887729115784168243e-03
2.084352821111679077e-01,7.378826141357421875e-01,3.052485175430774689e-02,4.768314305692911148e-03,1.094127725809812546e-02,7.447649724781513214e-03
2.261130660772323608e-01,7.217635512351989746e-01,2.631455287337303162e-02,4.947799257934093475e-03,1.226455625146627426e-02,8.596481755375862122e-03
1.995587348937988281e-01,7.512546777725219727e-01,2.697774581611156464e-02,5.954577121883630753e-03,8.346099406480789185e-03,7.908136583864688873e-03
1.946864128112792969e-01,7.563815116882324219e-01,2.851612493395805359e-02,6.858125794678926468e-03,6.583138369023799896e-03,6.974641699343919754e-03
1.987039893865585327e-01,7.507839202880859375e-01,3.052551671862602234e-02,7.648926693946123123e-03,5.610384512692689896e-03,6.727188359946012497e-03
2.517555654048919678e-01,6.930497884750366211e-01,3.217561170458793640e-02,9.129718877375125885e-03,5.828649736940860748e-03,8.060690946877002716e-03
2.160074859857559204e-01,7.316405773162841797e-01,3.142103180289268494e-02,7.316328585147857666e-03,6.869168952107429504e-03,6.745493505150079727e-03
2.154096364974975586e-01,7.330421209335327148e-01,3.120686858892440796e-02,6.007860880345106125e-03,8.123978041112422943e-03,6.209552753716707230e-03
2.356054186820983887e-01,7.141012549400329590e-01,2.748508006334304810e-02,5.282543133944272995e-03,1.025136187672615051e-02,7.274331990629434586e-03
2.710052430629730225e-01,6.836098432540893555e-01,2.387976087629795074e-02,4.716779105365276337e-03,9.787963703274726868e-03,7.000270765274763107e-03
2.819340229034423828e-01,6.776449084281921387e-01,2.190215326845645905e-02,4.763450473546981812e-03,7.023775018751621246e-03,6.731730885803699493e-03
3.121351003646850586e-01,6.419018507003784180e-01,2.560159564018249512e-02,6.266866810619831085e-03,6.234610918909311295e-03,7.859908975660800934e-03
3.489064276218414307e-01,6.049920916557312012e-01,2.621656470000743866e-02,7.104014977812767029e-03,5.111747886985540390e-03,7.669117301702499390e-03
3.209372758865356445e-01,6.300776004791259766e-01,2.774112671613693237e-02,9.172690100967884064e-03,4.653259180486202240e-03,7.417984772473573685e-03
2.430030256509780884e-01,7.092591524124145508e-01,2.762290462851524353e-02,6.987073924392461777e-03,6.021054461598396301e-03,7.106782402843236923e-03
2.332126647233963013e-01,7.211004495620727539e-01,2.572214789688587189e-02,6.941023748368024826e-03,6.256082095205783844e-03,6.767689716070890427e-03
2.544041872024536133e-01,6.979665756225585938e-01,2.511665597558021545e-02,5.854774266481399536e-03,8.299421519041061401e-03,8.358454331755638123e-03
2.648205757141113281e-01,6.885627508163452148e-01,2.302170358598232269e-02,4.450859967619180679e-03,1.103541068732738495e-02,8.108687587082386017e-03
2.052157372236251831e-01,7.496194243431091309e-01,2.388310246169567108e-02,4.535290412604808807e-03,9.674773551523685455e-03,7.071748841553926468e-03
2.463565021753311157e-01,7.031734585762023926e-01,2.519310824573040009e-02,4.820336122065782547e-03,1.211422774940729141e-02,8.342411369085311890e-03
2.477894127368927002e-01,7.002632021903991699e-01,2.973648719489574432e-02,6.474751513451337814e-03,8.175880648195743561e-03,7.560227997601032257e-03
2.034939527511596680e-01,7.370450496673583984e-01,3.852549567818641663e-02,7.049054838716983795e-03,7.265332154929637909e-03,6.621178705245256424e-03
2.278247624635696411e-01,7.173146605491638184e-01,3.329839184880256653e-02,7.726239506155252457e-03,6.121790502220392227e-03,7.714201230555772781e-03
1.763461083173751831e-01,7.587347626686096191e-01,4.429106786847114563e-02,9.442934766411781311e-03,5.357552319765090942e-03,5.827618297189474106e-03
1.591445058584213257e-01,7.913357019424438477e-01,3.137476742267608643e-02,7.964681833982467651e-03,4.606541246175765991e-03,5.573845934122800827e-03
1.439547538757324219e-01,8.125646710395812988e-01,2.679861150681972504e-02,6.364671047776937485e-03,5.157754290848970413e-03,5.159574095159769058e-03
1.335282474756240845e-01,8.199270963668823242e-01,3.106030821800231934e-02,7.113849278539419174e-03,4.385874606668949127e-03,3.984634764492511749e-03
1.424373388290405273e-01,8.136350512504577637e-01,2.846413291990756989e-02,6.084344349801540375e-03,4.738708958029747009e-03,4.640570376068353653e-03
1.236453130841255188e-01,8.256266713142395020e-01,3.504056110978126526e-02,6.723796948790550232e-03,4.882047418504953384e-03,4.081698600202798843e-03
1.543810367584228516e-01,7.881982326507568359e-01,3.953358530998229980e-02,7.134150713682174683e-03,5.675581283867359161e-03,5.077369976788759232e-03
2.139844596385955811e-01,7.328516244888305664e-01,3.169544041156768799e-02,6.546143442392349243e-03,7.022072095423936844e-03,7.900185883045196533e-03
2.316386699676513672e-01,7.133200764656066895e-01,3.437823802232742310e-02,6.957936100661754608e-03,6.324265152215957642e-03,7.380777969956398010e-03
2.422909140586853027e-01,7.079660892486572266e-01,2.989675104618072510e-02,6.078796926885843277e-03,5.753873847424983978e-03,8.013596758246421814e-03
2.963118851184844971e-01,6.604918837547302246e-01,2.237303741276264191e-02,5.371747538447380066e-03,6.460255477577447891e-03,8.991224691271781921e-03
3.708130121231079102e-01,5.858947634696960449e-01,2.159110084176063538e-02,5.822418723255395889e-03,5.992110818624496460e-03,9.886582382023334503e-03
3.368803262710571289e-01,6.167992353439331055e-01,2.321548946201801300e-02,6.110731046646833420e-03,6.462675053626298904e-03,1.053160615265369415e-02
3.502441942691802979e-01,5.999577641487121582e-01,2.716829627752304077e-02,7.808453403413295746e-03,5.677778273820877075e-03,9.143482893705368042e-03
3.016699850559234619e-01,6.370370984077453613e-01,3.675190731883049011e-02,1.034862175583839417e-02,5.010749213397502899e-03,9.181709028780460358e-03
2.827810049057006836e-01,6.669825911521911621e-01,2.818709053099155426e-02,7.408539298921823502e-03,5.524856969714164734e-03,9.115866385400295258e-03
3.103660345077514648e-01,6.293712258338928223e-01,3.731106594204902649e-02,9.704629890620708466e-03,5.238221492618322372e-03,8.008798584342002869e-03
3.788895606994628906e-01,5.741937756538391113e-01,2.506114542484283447e-02,8.272530511021614075e-03,4.280591383576393127e-03,9.302382357418537140e-03
4.944910109043121338e-01,4.633570611476898193e-01,2.193218283355236053e-02,7.641116157174110413e-03,4.100834950804710388e-03,8.477797731757164001e-03
4.221794903278350830e-01,5.308761000633239746e-01,2.660991251468658447e-02,7.381447125226259232e-03,4.870719276368618011e-03,8.082296699285507202e-03
5.264826416969299316e-01,4.293530881404876709e-01,2.291358634829521179e-02,7.167401257902383804e-03,5.274299066513776779e-03,8.808939717710018158e-03
3.245117366313934326e-01,6.226565837860107422e-01,3.264999762177467346e-02,6.977380719035863876e-03,6.565039977431297302e-03,6.639355327934026718e-03
2.558636069297790527e-01,6.845489144325256348e-01,3.645995259284973145e-02,7.024214603006839752e-03,8.894359692931175232e-03,7.209050003439188004e-03
2.551475465297698975e-01,6.889324188232421875e-01,3.368688747286796570e-02,6.657357793301343918e-03,8.374872617423534393e-03,7.200901396572589874e-03
1.562818586826324463e-01,8.012318015098571777e-01,2.636329457163810730e-02,5.405720788985490799e-03,5.569330416619777679e-03,5.147913470864295959e-03
1.485897451639175415e-01,8.077851533889770508e-01,2.773201279342174530e-02,6.166221573948860168e-03,5.171873606741428375e-03,4.555095918476581573e-03
1.285294741392135620e-01,8.320214748382568359e-01,2.471004799008369446e-02,5.607316736131906509e-03,4.511692095547914505e-03,4.619930405169725418e-03
1.035213246941566467e-01,8.616877794265747070e-01,2.163355052471160889e-02,4.965615458786487579e-03,4.422329831868410110e-03,3.769388888031244278e-03
1.449428945779800415e-01,8.165408372879028320e-01,2.304134517908096313e-02,5.272270180284976959e-03,5.160571075975894928e-03,5.042093805968761444e-03
1.873233169317245483e-01,7.726194858551025391e-01,2.288478054106235504e-02,5.892053712159395218e-03,5.215037148445844650e-03,6.065241061151027679e-03
2.200848907232284546e-01,7.391253113746643066e-01,2.133527956902980804e-02,4.833902698010206223e-03,7.060414180159568787e-03,7.560262922197580338e-03
2.381198257207870483e-01,7.181887626647949219e-01,2.360937371850013733e-02,4.845072515308856964e-03,8.024415932595729828e-03,7.212403230369091034e-03
1.997003406286239624e-01,7.583335041999816895e-01,2.347370609641075134e-02,4.661255516111850739e-03,7.835420779883861542e-03,5.995745770633220673e-03
1.914237439632415771e-01,7.657316923141479492e-01,2.439045347273349762e-02,5.293281748890876770e-03,7.308491971343755722e-03,5.852257367223501205e-03
2.044055610895156860e-01,7.520344853401184082e-01,2.434587478637695312e-02,5.340188741683959961e-03,7.652316242456436157e-03,6.221645046025514603e-03
2.038129568099975586e-01,7.485411763191223145e-01,2.962992154061794281e-02,5.795038770884275436e-03,6.544976029545068741e-03,5.675922147929668427e-03
2.482521384954452515e-01,7.048274874687194824e-01,2.754713781177997589e-02,6.610082928091287613e-03,5.905842408537864685e-03,6.857393775135278702e-03
2.568347156047821045e-01,6.987742781639099121e-01,2.672222815454006195e-02,6.513702217489480972e-03,4.651187919080257416e-03,6.503876298666000366e-03
2.465277761220932007e-01,7.105422019958496094e-01,2.518576756119728088e-02,7.933814078569412231e-03,3.564339131116867065e-03,6.246155127882957458e-03
2.533684074878692627e-01,7.114933729171752930e-01,2.003909647464752197e-02,6.124810781329870224e-03,3.034920198842883110e-03,5.939329043030738831e-03
3.548277020454406738e-01,6.098836660385131836e-01,1.819910295307636261e-02,6.481076590716838837e-03,3.061278723180294037e-03,7.547205779701471329e-03
4.013759791851043701e-01,5.618981122970581055e-01,1.836461387574672699e-02,6.343520246446132660e-03,3.705373965203762054e-03,8.312452584505081177e-03
5.051074028015136719e-01,4.576277434825897217e-01,1.914444379508495331e-02,6.287353113293647766e-03,3.732698969542980194e-03,8.100298233330249786e-03
5.538393259048461914e-01,4.072481393814086914e-01,1.952526345849037170e-02,5.919292569160461426e-03,4.360229708254337311e-03,9.107771329581737518e-03
4.232377707958221436e-01,5.286735296249389648e-01,2.744971588253974915e-02,7.052338682115077972e-03,5.570105742663145065e-03,8.016554638743400574e-03
3.445569276809692383e-01,6.039862036705017090e-01,2.893907949328422546e-02,7.023421581834554672e-03,6.763988640159368515e-03,8.730454370379447937e-03
3.126699030399322510e-01,6.265131831169128418e-01,3.696344792842864990e-02,8.064794354140758514e-03,7.165199611335992813e-03,8.623523637652397156e-03
2.678389847278594971e-01,6.639286279678344727e-01,4.332018271088600159e-02,7.990183308720588684e-03,8.949818089604377747e-03,7.972258143126964569e-03
2.396405786275863647e-01,7.026514410972595215e-01,3.289175033569335938e-02,7.201818749308586121e-03,8.865475654602050781e-03,8.748900145292282104e-03
2.578776478767395020e-01,6.795701384544372559e-01,3.627907857298851013e-02,6.827033590525388718e-03,1.066290773451328278e-02,8.783050812780857086e-03
1.757130920886993408e-01,7.693448066711425781e-01,3.145807236433029175e-02,6.064517423510551453e-03,9.981420822441577911e-03,7.438151165843009949e-03
1.940657645463943481e-01,7.536384463310241699e-01,3.024378977715969086e-02,6.222882308065891266e-03,8.770876564085483551e-03,7.058171555399894714e-03
1.507492363452911377e-01,7.927883267402648926e-01,3.746577724814414978e-02,7.607422303408384323e-03,6.231933832168579102e-03,5.157310515642166138e-03
1.652336120605468750e-01,7.825532555580139160e-01,3.270459175109863281e-02,7.694960106164216995e-03,5.826616194099187851e-03,5.986965727061033249e-03
2.210866063833236694e-01,7.260586619377136230e-01,3.104767948389053345e-02,6.923469714820384979e-03,7.426304277032613754e-03,7.457275409251451492e-03
2.156211733818054199e-01,7.311624288558959961e-01,3.073512576520442963e-02,6.502106785774230957e-03,8.349236100912094116e-03,7.629917003214359283e-03
2.792498469352722168e-01,6.699501276016235352e-01,2.654117159545421600e-02,6.093862932175397873e-03,9.248864836990833282e-03,8.916189894080162048e-03
1.844489723443984985e-01,7.704832553863525391e-01,2.411356382071971893e-02,5.049618892371654510e-03,9.132924489676952362e-03,6.771657615900039673e-03
1.529100835323333740e-01,8.046740889549255371e-01,2.384872548282146454e-02,4.984845407307147980e-03,8.012044243514537811e-03,5.570333451032638550e-03
1.675362735986709595e-01,7.951154708862304688e-01,2.093497104942798615e-02,4.907668102532625198e-03,5.800782237201929092e-03,5.704861599951982498e-03
1.968078613281250000e-01,7.629008889198303223e-01,2.226319909095764160e-02,4.985935520380735397e-03,6.690119393169879913e-03,6.351922638714313507e-03
2.282593548297882080e-01,7.259155511856079102e-01,2.521643042564392090e-02,6.087079644203186035e-03,7.121313363313674927e-03,7.400278467684984207e-03
2.554911375045776367e-01,6.958124041557312012e-01,2.646770328283309937e-02,6.007892545312643051e-03,7.781058549880981445e-03,8.439777418971061707e-03
2.811669111251831055e-01,6.647591590881347656e-01,2.967060729861259460e-02,7.003680802881717682e-03,8.381045423448085785e-03,9.018548764288425446e-03
2.125113308429718018e-01,7.351437211036682129e-01,2.954360283911228180e-02,6.642730440944433212e-03,8.172182366251945496e-03,7.986517623066902161e-03
2.106071114540100098e-01,7.339844107627868652e-01,3.242531791329383850e-02,6.975853815674781799e-03,8.206456899642944336e-03,7.800826802849769592e-03
1.848887503147125244e-01,7.668815851211547852e-01,2.760666236281394958e-02,5.804998334497213364e-03,7.546940818428993225e-03,7.271058391779661179e-03
1.565137356519699097e-01,8.013655543327331543e-01,2.462723292410373688e-02,5.360308568924665451e-03,6.079806480556726456e-03,6.053410004824399948e-03
2.000059187412261963e-01,7.550926208496093750e-01,2.538048475980758667e-02,5.659655202180147171e-03,6.654530297964811325e-03,7.206799462437629700e-03
2.191646993160247803e-01,7.332718968391418457e-01,2.816541865468025208e-02,5.865279585123062134e-03,6.701503414660692215e-03,6.831046193838119507e-03
2.676092088222503662e-01,6.801337003707885742e-01,3.020175360143184662e-02,6.914235651493072510e-03,7.011581677943468094e-03,8.129524998366832733e-03
4.253504574298858643e-01,5.234833359718322754e-01,2.690777182579040527e-02,7.663636468350887299e-03,6.971787195652723312e-03,9.623017162084579468e-03
6.202886700630187988e-01,3.310932815074920654e-01,2.588516101241111755e-02,7.936790585517883301e-03,5.561904516071081161e-03,9.234106168150901794e-03
5.535913109779357910e-01,3.983999192714691162e-01,2.472662180662155151e-02,8.716757409274578094e-03,5.040739197283983231e-03,9.524642489850521088e-03
5.309791564941406250e-01,4.275540411472320557e-01,1.905098371207714081e-02,6.292401347309350967e-03,6.281333509832620621e-03,9.842006489634513855e-03
4.224978089332580566e-01,5.278851985931396484e-01,2.632374688982963562e-02,8.432001806795597076e-03,6.481603719294071198e-03,8.379606530070304871e-03
3.470087349414825439e-01,6.090575456619262695e-01,2.228304184973239899e-02,4.969295114278793335e-03,8.388233371078968048e-03,8.293204009532928467e-03
3.738182783126831055e-01,5.827639698982238770e-01,2.105981111526489258e-02,4.659802187234163284e-03,8.330848067998886108e-03,9.367253631353378296e-03
3.908877074718475342e-01,5.633909106254577637e-01,2.252695895731449127e-02,5.211567506194114685e-03,7.359882816672325134e-03,1.062300242483615875e-02
3.877819180488586426e-01,5.615001320838928223e-01,2.714817039668560028e-02,6.380123086273670197e-03,6.787122227251529694e-03,1.040245220065116882e-02
3.394072949886322021e-01,6.106080412864685059e-01,2.858872525393962860e-02,6.935191340744495392e-03,5.750643555074930191e-03,8.710076101124286652e-03
2.855566740036010742e-01,6.620760560035705566e-01,3.150071948766708374e-02,6.886031478643417358e-03,6.352890748530626297e-03,7.627712097018957138e-03
2.422511875629425049e-01,7.063026428222656250e-01,3.129120916128158569e-02,7.103858049958944321e-03,6.043836008757352829e-03,7.007396314293146133e-03
2.635495364665985107e-01,6.915988326072692871e-01,2.561258524656295776e-02,7.099576294422149658e-03,5.089263897389173508e-03,7.050194311887025833e-03
2.408041059970855713e-01,7.063658833503723145e-01,3.027039580047130585e-02,9.549003094434738159e-03,5.518459714949131012e-03,7.492078468203544617e-03
2.124597728252410889e-01,7.397396564483642578e-01,2.776906080543994904e-02,8.990854024887084961e-03,4.582047928124666214e-03,6.458621472120285034e-03
2.104576230049133301e-01,7.393924593925476074e-01,3.033478930592536926e-02,1.001468859612941742e-02,4.183655139058828354e-03,5.616758950054645538e-03
1.747769862413406372e-01,7.800899744033813477e-01,2.696769870817661285e-02,8.146642707288265228e-03,4.598367493599653244e-03,5.420381668955087662e-03
1.713182181119918823e-01,7.802695631980895996e-01,3.017575293779373169e-02,6.844502408057451248e-03,5.964489188045263290e-03,5.427376832813024521e-03
1.802967041730880737e-01,7.780495285987854004e-01,2.411418408155441284e-02,5.136578809469938278e-03,6.472369190305471420e-03,5.930770654231309891e-03
1.396937072277069092e-01,8.172810077667236328e-01,2.607418596744537354e-02,5.767967086285352707e-03,5.954762920737266541e-03,5.228328518569469452e-03
1.411207169294357300e-01,8.167721033096313477e-01,2.517184428870677948e-02,5.221725441515445709e-03,6.428837776184082031e-03,5.284814629703760147e-03
1.554037034511566162e-01,7.969764471054077148e-01,2.858091518282890320e-02,6.784200202673673630e-03,6.129318382591009140e-03,6.125476211309432983e-03
1.875504702329635620e-01,7.553523778915405273e-01,3.517940267920494080e-02,8.145790547132492065e-03,7.060809992253780365e-03,6.711144000291824341e-03
2.075280994176864624e-01,7.428484559059143066e-01,2.879059128463268280e-02,8.039401844143867493e-03,5.625709891319274902e-03,7.167805917561054230e-03
2.738711535930633545e-01,6.735544800758361816e-01,2.849202789366245270e-02,8.648849092423915863e-03,6.483291275799274445e-03,8.950261399149894714e-03
2.368356436491012573e-01,7.161432504653930664e-01,2.524754777550697327e-02,7.013122551143169403e-03,6.531761027872562408e-03,8.228627964854240417e-03
2.024998664855957031e-01,7.582087516784667969e-01,2.060875669121742249e-02,5.570578854531049728e-03,5.514299962669610977e-03,7.597743999212980270e-03
1.750578135251998901e-01,7.779186964035034180e-01,2.835803106427192688e-02,5.821725819259881973e-03,6.671924144029617310e-03,6.171786226332187653e-03
1.575016528367996216e-01,7.906668186187744141e-01,3.343112766742706299e-02,5.659355781972408295e-03,6.887966766953468323e-03,5.853091832250356674e-03
1.405988186597824097e-01,8.093258142471313477e-01,3.242398798465728760e-02,6.098447367548942566e-03,6.137981079518795013e-03,5.414998158812522888e-03
1.643384397029876709e-01,7.821575999259948730e-01,3.532516211271286011e-02,6.242189556360244751e-03,6.272585131227970123e-03,5.664047785103321075e-03
1.738657355308532715e-01,7.754294872283935547e-01,3.255604580044746399e-02,6.609416101127862930e-03,5.633326247334480286e-03,5.905936006456613541e-03
1.875678896903991699e-01,7.678774595260620117e-01,2.587808854877948761e-02,6.308573298156261444e-03,5.706744734197854996e-03,6.661341525614261627e-03
1.923267990350723267e-01,7.613306045532226562e-01,2.666660957038402557e-02,5.952380597591400146e-03,6.927968934178352356e-03,6.795660592615604401e-03
1.762428581714630127e-01,7.765648365020751953e-01,2.726887539029121399e-02,5.695072002708911896e-03,7.814193144440650940e-03,6.414231378585100174e-03
1.470885872840881348e-01,8.104981184005737305e-01,2.407333813607692719e-02,5.103301256895065308e-03,6.976463366299867630e-03,6.260096561163663864e-03
1.752019524574279785e-01,7.782937288284301758e-01,2.610645815730094910e-02,5.828419234603643417e-03,7.425807882100343704e-03,7.143594324588775635e-03
1.553676277399063110e-01,8.028279542922973633e-01,2.324453555047512054e-02,5.257116165012121201e-03,6.366126704961061478e-03,6.936587858945131302e-03
1.906819343566894531e-01,7.667160630226135254e-01,2.359349280595779419e-02,6.490152329206466675e-03,5.262581165879964828e-03,7.255879230797290802e-03
2.751115262508392334e-01,6.720073223114013672e-01,2.763700112700462341e-02,7.845292799174785614e-03,7.065057754516601562e-03,1.033390499651432037e-02
2.879194319248199463e-01,6.643834114074707031e-01,2.522179111838340759e-02,6.697468459606170654e-03,7.278555538505315781e-03,8.499436080455780029e-03
2.866164445877075195e-01,6.637773513793945312e-01,2.638273127377033234e-02,6.961114238947629929e-03,8.149431087076663971e-03,8.112907409667968750e-03
2.649779617786407471e-01,6.857390999794006348e-01,2.848662249743938446e-02,6.087026093155145645e-03,7.964845746755599976e-03,6.744493264704942703e-03
2.162816524505615234e-01,7.400714755058288574e-01,2.535531856119632721e-02,5.526410415768623352e-03,6.657629739493131638e-03,6.107499357312917709e-03
2.171236574649810791e-01,7.422286272048950195e-01,2.365995757281780243e-02,5.156715400516986847e-03,6.025555077940225601e-03,5.805458873510360718e-03
2.330239117145538330e-01,7.266329526901245117e-01,2.260564640164375305e-02,5.644652992486953735e-03,5.376458168029785156e-03,6.716485135257244110e-03
2.802055776119232178e-01,6.752839088439941406e-01,2.452652156352996826e-02,5.801818333566188812e-03,6.323204841464757919e-03,7.858905009925365448e-03
3.999033868312835693e-01,5.529741644859313965e-01,2.540565095841884613e-02,6.360166240483522415e-03,6.127506028860807419e-03,9.229059331119060516e-03
3.782705962657928467e-01,5.714071393013000488e-01,2.509473077952861786e-02,6.274249404668807983e-03,7.769161369651556015e-03,1.118415687233209610e-02
2.575066089630126953e-01,6.884847879409790039e-01,2.936310134828090668e-02,6.044998764991760254e-03,9.518738836050033569e-03,9.081786498427391052e-03
2.656366229057312012e-01,6.770014166831970215e-01,3.150968253612518311e-02,7.022360339760780334e-03,9.311699308454990387e-03,9.518199600279331207e-03
1.907977461814880371e-01,7.507553696632385254e-01,3.697152808308601379e-02,7.049916312098503113e-03,7.551175076514482498e-03,6.874212995171546936e-03
1.650661975145339966e-01,7.823587059974670410e-01,3.250401467084884644e-02,6.245783995836973190e-03,7.668983656913042068e-03,6.156306713819503784e-03
2.152717262506484985e-01,7.264885306358337402e-01,3.525728359818458557e-02,6.003641523420810699e-03,1.002242416143417358e-02,6.956373807042837143e-03
2.000814974308013916e-01,7.416657209396362305e-01,3.481813147664070129e-02,6.475540343672037125e-03,1.006698049604892731e-02,6.892062257975339890e-03
1.842276602983474731e-01,7.664693593978881836e-01,2.761597000062465668e-02,4.874310921877622604e-03,1.048299390822649002e-02,6.329646799713373184e-03
1.833632737398147583e-01,7.669493556022644043e-01,2.514678426086902618e-02,4.554145503789186478e-03,1.227599289268255234e-02,7.710477802902460098e-03
1.397908478975296021e-01,8.067093491554260254e-01,3.366132825613021851e-02,5.421410780400037766e-03,9.371817111968994141e-03,5.045352969318628311e-03
1.212500557303428650e-01,8.359903693199157715e-01,2.547031641006469727e-02,4.722224082797765732e-03,7.361775264143943787e-03,5.205209366977214813e-03
1.974252462387084961e-01,7.478678822517395020e-01,3.381537646055221558e-02,6.699069403111934662e-03,7.655694149434566498e-03,6.536812987178564072e-03
2.569540739059448242e-01,6.853011250495910645e-01,3.563406318426132202e-02,7.733219303190708160e-03,7.356170099228620529e-03,7.021375466138124466e-03
3.839322030544281006e-01,5.622054934501647949e-01,2.577131614089012146e-02,7.564774714410305023e-03,9.194551035761833191e-03,1.133159641176462173e-02
3.620406985282897949e-01,5.850463509559631348e-01,2.586774155497550964e-02,7.826284505426883698e-03,8.550940081477165222e-03,1.066793128848075867e-02
2.502116560935974121e-01,6.927544474601745605e-01,3.032091073691844940e-02,7.315256167203187943e-03,1.018233504146337509e-02,9.215357713401317596e-03
2.377954721450805664e-01,7.054435610771179199e-01,3.101031482219696045e-02,7.256871089339256287e-03,9.018123149871826172e-03,9.475586004555225372e-03
1.902145296335220337e-01,7.590423822402954102e-01,2.898076735436916351e-02,5.829989444464445114e-03,8.666038513183593750e-03,7.266189437359571457e-03
1.871619820594787598e-01,7.496085762977600098e-01,4.183114692568778992e-02,7.042484357953071594e-03,7.755921687930822372e-03,6.599909160286188126e-03
1.988062262535095215e-01,7.328423261642456055e-01,4.619913548231124878e-02,7.136918138712644577e-03,8.347918279469013214e-03,6.667484063655138016e-03
1.768497526645660400e-01,7.553277015686035156e-01,4.626854881644248962e-02,6.806950550526380539e-03,8.928881958127021790e-03,5.818238016217947006e-03
2.074028253555297852e-01,7.335304021835327148e-01,3.669944405555725098e-02,6.367864552885293961e-03,8.896408602595329285e-03,7.102968171238899231e-03
2.603999376296997070e-01,6.781389713287353516e-01,3.876255825161933899e-02,6.617157254368066788e-03,8.537197485566139221e-03,7.544253021478652954e-03
3.603660166263580322e-01,5.811164975166320801e-01,3.087259270250797272e-02,6.752785760909318924e-03,9.599676355719566345e-03,1.129250414669513702e-02
3.104614913463592529e-01,6.392299532890319824e-01,2.634750492870807648e-02,6.202806252986192703e-03,7.600213401019573212e-03,1.015798654407262802e-02
3.467111289501190186e-01,5.966355204582214355e-01,2.932710386812686920e-02,6.498659029603004456e-03,9.362622164189815521e-03,1.146497018635272980e-02
3.529011011123657227e-01,5.976988673210144043e-01,2.422958984971046448e-02,5.796106997877359390e-03,8.265334181487560272e-03,1.110903639346361160e-02
3.023655712604522705e-01,6.486095190048217773e-01,2.409017272293567657e-02,5.632916931062936783e-03,8.174426853656768799e-03,1.112733781337738037e-02
3.961995840072631836e-01,5.562796592712402344e-01,2.264100499451160431e-02,6.268392782658338547e-03,7.410171907395124435e-03,1.120115909725427628e-02
4.023292064666748047e-01,5.474413037300109863e-01,2.408242039382457733e-02,7.153263315558433533e-03,6.874963175505399704e-03,1.211885176599025726e-02
3.090598881244659424e-01,6.439782381057739258e-01,2.397253178060054779e-02,7.341942749917507172e-03,6.581761408597230911e-03,9.065535850822925568e-03
3.117254972457885742e-01,6.408529877662658691e-01,2.477439865469932556e-02,7.496332284063100815e-03,6.567955948412418365e-03,8.582813665270805359e-03
2.218687683343887329e-01,7.331765294075012207e-01,2.552265487611293793e-02,6.580941379070281982e-03,5.826253443956375122e-03,7.024830207228660583e-03
2.018012553453445435e-01,7.518539428710937500e-01,2.638953365385532379e-02,5.845038685947656631e-03,7.273529190570116043e-03,6.836821325123310089e-03
2.586620450019836426e-01,6.951681971549987793e-01,2.490362152457237244e-02,5.337882786989212036e-03,7.702155970036983490e-03,8.226114325225353241e-03
2.887954711914062500e-01,6.595658659934997559e-01,2.799342572689056396e-02,5.735221318900585175e-03,8.805611170828342438e-03,9.104360826313495636e-03
2.990595102310180664e-01,6.454570889472961426e-01,3.023366443812847137e-02,6.919188424944877625e-03,7.775654550641775131e-03,1.055498514324426651e-02
3.526588976383209229e-01,5.893527269363403320e-01,3.106424398720264435e-02,7.566096261143684387e-03,8.452693000435829163e-03,1.090533193200826645e-02
3.513735234737396240e-01,5.950602889060974121e-01,2.835997380316257477e-02,7.495701778680086136e-03,7.563073653727769852e-03,1.014749892055988312e-02
4.580895900726318359e-01,4.879314303398132324e-01,2.627141773700714111e-02,6.593362428247928619e-03,8.858050219714641571e-03,1.225603464990854263e-02
4.504039883613586426e-01,4.982581138610839844e-01,2.564171515405178070e-02,6.409773137420415878e-03,8.331450633704662323e-03,1.095488481223583221e-02
3.591519594192504883e-01,5.832355022430419922e-01,2.886864356696605682e-02,6.537043489515781403e-03,1.008871290832757950e-02,1.211817003786563873e-02
3.758714199066162109e-01,5.620329380035400391e-01,2.549570426344871521e-02,5.644694436341524124e-03,1.259326841682195663e-02,1.836205460131168365e-02
2.704495489597320557e-01,6.684563755989074707e-01,2.955533191561698914e-02,6.289499811828136444e-03,1.151168812066316605e-02,1.373760588467121124e-02
3.147688508033752441e-01,6.214846968650817871e-01,3.031270764768123627e-02,6.589280907064676285e-03,1.144343335181474686e-02,1.540100388228893280e-02
2.369873970746994019e-01,7.077462077140808105e-01,2.889813855290412903e-02,6.213583983480930328e-03,9.248650632798671722e-03,1.090603694319725037e-02
2.032259851694107056e-01,7.424678206443786621e-01,3.053073957562446594e-02,6.205405574291944504e-03,8.945256471633911133e-03,8.624749258160591125e-03
2.069962322711944580e-01,7.452638149261474609e-01,2.675553224980831146e-02,5.372947547584772110e-03,8.317451924085617065e-03,7.294160779565572739e-03
2.772846817970275879e-01,6.780047416687011719e-01,2.323442138731479645e-02,5.271973088383674622e-03,7.762435823678970337e-03,8.441816084086894989e-03
4.078292846679687500e-01,5.441719889640808105e-01,2.213652990758419037e-02,5.465096794068813324e-03,8.894005790352821350e-03,1.150314230471849442e-02
4.857283830642700195e-01,4.678554832935333252e-01,1.857368834316730499e-02,5.396140273660421371e-03,7.950089871883392334e-03,1.449621934443712234e-02
3.938519954681396484e-01,5.578640103340148926e-01,2.200237102806568146e-02,5.915397778153419495e-03,8.516605012118816376e-03,1.184957381337881088e-02
4.590887129306793213e-01,4.926809668540954590e-01,2.073774114251136780e-02,6.314223632216453552e-03,7.647701073437929153e-03,1.353060640394687653e-02
4.380937814712524414e-01,5.159301757812500000e-01,2.155820839107036591e-02,6.509099621325731277e-03,6.321935448795557022e-03,1.158680487424135208e-02
3.970448374748229980e-01,5.540208220481872559e-01,2.346833795309066772e-02,6.452334579080343246e-03,7.792400196194648743e-03,1.122130267322063446e-02
4.030164182186126709e-01,5.458528399467468262e-01,2.479782514274120331e-02,6.466707680374383926e-03,8.043987676501274109e-03,1.182222273200750351e-02
4.238508641719818115e-01,5.218799710273742676e-01,2.514963038265705109e-02,6.027787458151578903e-03,1.022829115390777588e-02,1.286344882100820541e-02
3.162209391593933105e-01,6.234033107757568359e-01,2.685111202299594879e-02,5.504241213202476501e-03,1.458379253745079041e-02,1.343654282391071320e-02
2.813805341720581055e-01,6.624832749366760254e-01,2.473019622266292572e-02,5.248516798019409180e-03,1.233934983611106873e-02,1.381820999085903168e-02
2.477372288703918457e-01,6.970778107643127441e-01,2.721681073307991028e-02,5.806010216474533081e-03,9.999410249292850494e-03,1.216270215809345245e-02
2.497328668832778931e-01,7.013136744499206543e-01,2.422810159623622894e-02,5.734604317694902420e-03,8.508752100169658661e-03,1.048194989562034607e-02
2.173019349575042725e-01,7.337419390678405762e-01,2.368238940834999084e-02,4.952634684741497040e-03,1.021762192249298096e-02,1.010354887694120407e-02
2.034184038639068604e-01,7.474085688591003418e-01,2.459157258272171021e-02,5.000188481062650681e-03,1.102092862129211426e-02,8.560349233448505402e-03
2.551506161689758301e-01,6.866708397865295410e-01,2.946036681532859802e-02,5.683397874236106873e-03,1.272700633853673935e-02,1.030777115374803543e-02
2.337546348571777344e-01,7.097804546356201172e-01,3.128299117088317871e-02,6.651707924902439117e-03,9.984286502003669739e-03,8.545829914510250092e-03
2.039433270692825317e-01,7.385388016700744629e-01,3.351120278239250183e-02,6.302091758698225021e-03,1.051629055291414261e-02,7.188290357589721680e-03
2.246831655502319336e-01,7.213864326477050781e-01,3.096267022192478180e-02,5.427723750472068787e-03,1.006890740245580673e-02,7.471043150871992111e-03
2.932859361171722412e-01,6.451348662376403809e-01,3.415781632065773010e-02,7.247678935527801514e-03,9.548869915306568146e-03,1.062483619898557663e-02
3.067144751548767090e-01,6.376929879188537598e-01,2.733315154910087585e-02,5.767824128270149231e-03,1.139969285577535629e-02,1.109187211841344833e-02
3.482352495193481445e-01,5.942202806472778320e-01,2.864796482026576996e-02,5.697744898498058319e-03,1.173426676541566849e-02,1.146450359374284744e-02
3.958350718021392822e-01,5.514414310455322266e-01,2.410025149583816528e-02,5.076266359537839890e-03,1.222755573689937592e-02,1.131942681968212128e-02
3.522307574748992920e-01,5.891207456588745117e-01,2.748291753232479095e-02,5.088335834443569183e-03,1.548992842435836792e-02,1.058731786906719208e-02
2.812808454036712646e-01,6.611025929450988770e-01,3.098382987082004547e-02,5.199644248932600021e-03,1.278833672404289246e-02,8.644782006740570068e-03
3.098969161510467529e-01,6.374613046646118164e-01,2.826241217553615570e-02,5.927733611315488815e-03,9.903927333652973175e-03,8.547796867787837982e-03
3.086809217929840088e-01,6.399711966514587402e-01,2.788329496979713440e-02,6.439232733100652695e-03,8.139265701174736023e-03,8.886076509952545166e-03
2.333995401859283447e-01,7.177793979644775391e-01,2.709375321865081787e-02,6.216976791620254517e-03,7.387727033346891403e-03,8.122595958411693573e-03
2.702536284923553467e-01,6.782801747322082520e-01,2.477675117552280426e-02,4.990694113075733185e-03,1.128137949854135513e-02,1.041733939200639725e-02
3.222079575061798096e-01,6.253219246864318848e-01,2.426009625196456909e-02,5.724722985178232193e-03,1.059746276587247849e-02,1.188779063522815704e-02
3.233750164508819580e-01,6.198778748512268066e-01,2.470518462359905243e-02,5.435124970972537994e-03,1.238943077623844147e-02,1.421739999204874039e-02
3.659398257732391357e-01,5.821411609649658203e-01,2.425257302820682526e-02,5.363080650568008423e-03,1.033455878496170044e-02,1.196879241615533829e-02
3.968419134616851807e-01,5.546523928642272949e-01,2.191121876239776611e-02,5.367012694478034973e-03,9.184013120830059052e-03,1.204343885183334351e-02
4.955401122570037842e-01,4.551744163036346436e-01,2.195976860821247101e-02,6.098991725593805313e-03,8.941929787397384644e-03,1.228474546223878860e-02
4.276666045188903809e-01,5.246343612670898438e-01,2.325828559696674347e-02,6.383252795785665512e-03,7.728322874754667282e-03,1.032906956970691681e-02
4.042661786079406738e-01,5.527674555778503418e-01,2.272889576852321625e-02,6.987194996327161789e-03,5.379641894251108170e-03,7.870590314269065857e-03
4.085128903388977051e-01,5.441236495971679688e-01,2.468345127999782562e-02,8.941822685301303864e-03,5.155147984623908997e-03,8.582917042076587677e-03
3.327176868915557861e-01,6.161637902259826660e-01,2.871192619204521179e-02,8.422493934631347656e-03,5.568258464336395264e-03,8.415797725319862366e-03
4.038360714912414551e-01,5.511658787727355957e-01,2.262458018958568573e-02,7.221839856356382370e-03,5.245511420071125031e-03,9.906095452606678009e-03
4.316800832748413086e-01,5.206340551376342773e-01,2.331461384892463684e-02,6.892348639667034149e-03,6.709442473948001862e-03,1.076946500688791275e-02
4.698783457279205322e-01,4.785942137241363525e-01,2.260025218129158020e-02,6.370280869305133820e-03,9.494964964687824249e-03,1.306190714240074158e-02
4.991934299468994141e-01,4.479276239871978760e-01,2.261966653168201447e-02,6.222043186426162720e-03,9.938459843397140503e-03,1.409876812249422073e-02
5.174250602722167969e-01,4.285366237163543701e-01,2.324258908629417419e-02,7.328443694859743118e-03,8.988288231194019318e-03,1.447900943458080292e-02
4.667255282402038574e-01,4.756821990013122559e-01,2.662024833261966705e-02,7.207989227026700974e-03,9.716903790831565857e-03,1.404713932424783707e-02
4.557895362377166748e-01,4.849034845829010010e-01,3.045435808598995209e-02,8.204159326851367950e-03,8.435810916125774384e-03,1.221272908151149750e-02
4.341460764408111572e-01,5.012543797492980957e-01,3.305163234472274780e-02,8.127211593091487885e-03,1.031579915434122086e-02,1.310492400079965591e-02
3.860648572444915771e-01,5.491341948509216309e-01,3.262900188565254211e-02,7.957586087286472321e-03,1.102569233626127243e-02,1.318865548819303513e-02
3.561319410800933838e-01,5.720989704132080078e-01,3.581377491354942322e-02,7.715955376625061035e-03,1.451104693114757538e-02,1.372836437076330185e-02
3.069442510604858398e-01,6.230360865592956543e-01,3.430679440498352051e-02,6.525863427668809891e-03,1.789820007979869843e-02,1.128878537565469742e-02
3.012689948081970215e-01,6.404631137847900391e-01,2.932570502161979675e-02,6.313362624496221542e-03,1.191891264170408249e-02,1.070980355143547058e-02
3.768342733383178711e-01,5.672665834426879883e-01,3.057993575930595398e-02,7.801298983395099640e-03,8.078746497631072998e-03,9.439158253371715546e-03
3.257875442504882812e-01,6.230692863464355469e-01,2.635952644050121307e-02,6.581855006515979767e-03,8.209703490138053894e-03,9.992065839469432831e-03
3.863718509674072266e-01,5.628418326377868652e-01,2.565043978393077850e-02,6.971624214202165604e-03,6.424423307180404663e-03,1.173979323357343674e-02
3.848601579666137695e-01,5.631270408630371094e-01,2.655728533864021301e-02,6.627978291362524033e-03,7.326571270823478699e-03,1.150088477879762650e-02
2.990789711475372314e-01,6.543918848037719727e-01,2.404979243874549866e-02,6.267129909247159958e-03,6.733682006597518921e-03,9.478569030761718750e-03
2.697010934352874756e-01,6.801171302795410156e-01,2.795270644128322601e-02,5.971341393887996674e-03,7.811971940100193024e-03,8.445841260254383087e-03
3.095127940177917480e-01,6.448491811752319336e-01,2.240729145705699921e-02,5.791763309389352798e-03,7.051018532365560532e-03,1.038803067058324814e-02
3.080471158027648926e-01,6.442060470581054688e-01,2.460979856550693512e-02,6.507847923785448074e-03,6.861492060124874115e-03,9.767741896212100983e-03
3.433378040790557861e-01,6.104739904403686523e-01,2.275378070771694183e-02,6.336329970508813858e-03,7.348554208874702454e-03,9.749523364007472992e-03
3.460076749324798584e-01,6.087207198143005371e-01,2.293545007705688477e-02,5.515502300113439560e-03,7.783674169331789017e-03,9.036934003233909607e-03
3.364216983318328857e-01,6.183264255523681641e-01,2.354820258915424347e-02,5.677253473550081253e-03,7.727046031504869461e-03,8.299414068460464478e-03
3.619671165943145752e-01,5.959789752960205078e-01,2.086053602397441864e-02,5.384431686252355576e-03,6.976699922233819962e-03,8.832222782075405121e-03
3.131929039955139160e-01,6.220493316650390625e-01,4.218266531825065613e-02,8.261770009994506836e-03,6.500578951090574265e-03,7.812714204192161560e-03
3.504977822303771973e-01,5.742868781089782715e-01,4.916107654571533203e-02,7.963311858475208282e-03,8.243014104664325714e-03,9.847933426499366760e-03
3.225485980510711670e-01,5.881333947181701660e-01,6.254952400922775269e-02,8.670575916767120361e-03,8.731673471629619598e-03,9.366293437778949738e-03
2.971261739730834961e-01,6.279228925704956055e-01,4.707147181034088135e-02,7.941519841551780701e-03,9.992180392146110535e-03,9.945710189640522003e-03
3.274307548999786377e-01,6.065430045127868652e-01,3.949776291847229004e-02,7.561554200947284698e-03,9.276280179619789124e-03,9.690579026937484741e-03
3.522773087024688721e-01,5.893221497535705566e-01,2.761654183268547058e-02,5.891911685466766357e-03,1.297923363745212555e-02,1.191296800971031189e-02
4.718396663665771484e-01,4.709613323211669922e-01,2.735701389610767365e-02,6.278934422880411148e-03,1.162018161267042160e-02,1.194289512932300568e-02
3.800661265850067139e-01,5.613712668418884277e-01,2.967605553567409515e-02,6.462283432483673096e-03,1.110993139445781708e-02,1.131437066942453384e-02
4.869058132171630859e-01,4.545898735523223877e-01,2.466592006385326385e-02,5.345737561583518982e-03,1.351842656731605530e-02,1.497437898069620132e-02
5.904543399810791016e-01,3.563326895236968994e-01,2.314587682485580444e-02,6.200165487825870514e-03,9.173681028187274933e-03,1.469325274229049683e-02
6.520649194717407227e-01,2.960755527019500732e-01,1.983567327260971069e-02,4.939616657793521881e-03,1.033684704452753067e-02,1.674735359847545624e-02
6.094003319740295410e-01,3.408350646495819092e-01,2.056705951690673828e-02,5.712111946195363998e-03,8.515410125255584717e-03,1.496998034417629242e-02
5.480813980102539062e-01,3.968594670295715332e-01,2.141120098531246185e-02,6.337400060147047043e-03,9.929640218615531921e-03,1.738101243972778320e-02
4.853051900863647461e-01,4.437670111656188965e-01,3.746441006660461426e-02,8.516233414411544800e-03,1.102100126445293427e-02,1.392611954361200333e-02
2.835943102836608887e-01,6.306940317153930664e-01,5.745086818933486938e-02,9.335633367300033569e-03,9.013396687805652618e-03,9.911645203828811646e-03
2.093140184879302979e-01,6.805772781372070312e-01,8.572532981634140015e-02,1.085003651678562164e-02,7.288268301635980606e-03,6.244964431971311569e-03
1.707623004913330078e-01,7.235395312309265137e-01,8.111894875764846802e-02,1.200083736330270767e-02,7.045522332191467285e-03,5.532844457775354385e-03
2.668808996677398682e-01,6.402929425239562988e-01,6.576740741729736328e-02,1.251072809100151062e-02,6.774098146706819534e-03,7.773900870233774185e-03
3.206752538681030273e-01,6.088418960571289062e-01,4.391558095812797546e-02,9.150749072432518005e-03,7.674029096961021423e-03,9.742365218698978424e-03
3.738750219345092773e-01,5.684698820114135742e-01,2.918081544339656830e-02,6.266857497394084930e-03,1.002111658453941345e-02,1.218622364103794098e-02
4.870413839817047119e-01,4.574912786483764648e-01,2.303141914308071136e-02,5.722851492464542389e-03,1.080459821969270706e-02,1.590855605900287628e-02
5.005870461463928223e-01,4.483097195625305176e-01,2.135553769767284393e-02,4.931848496198654175e-03,1.076761633157730103e-02,1.404830720275640488e-02
4.952819347381591797e-01,4.502529501914978027e-01,2.208935096859931946e-02,5.265650805085897446e-03,1.133497245609760284e-02,1.577514223754405975e-02
4.388835132122039795e-01,5.069616436958312988e-01,2.383054979145526886e-02,5.028061103075742722e-03,1.337384805083274841e-02,1.192240137606859207e-02
4.865982234477996826e-01,4.539030790328979492e-01,2.765733562409877777e-02,5.977972410619258881e-03,1.329572033137083054e-02,1.256771944463253021e-02
3.199012279510498047e-01,6.198422908782958984e-01,3.257540240883827209e-02,6.262346636503934860e-03,1.247153989970684052e-02,8.947161957621574402e-03
2.257047146558761597e-01,7.150257229804992676e-01,3.618176653981208801e-02,7.993464358150959015e-03,8.265467360615730286e-03,6.828804966062307358e-03
3.008669018745422363e-01,6.304599046707153320e-01,4.278685897588729858e-02,9.227517992258071899e-03,8.423959836363792419e-03,8.234922774136066437e-03
2.425165027379989624e-01,6.955131292343139648e-01,3.782979398965835571e-02,8.619834668934345245e-03,8.452111855149269104e-03,7.068702019751071930e-03
3.750218152999877930e-01,5.578983426094055176e-01,3.756822645664215088e-02,9.190024808049201965e-03,1.028106827288866043e-02,1.004057936370372772e-02
4.539502859115600586e-01,4.790965616703033447e-01,3.705021366477012634e-02,9.388699196279048920e-03,9.873539209365844727e-03,1.064073760062456131e-02
4.886603355407714844e-01,4.516108036041259766e-01,2.943034470081329346e-02,8.146210573613643646e-03,1.030548010021448135e-02,1.184672489762306213e-02
4.156585931777954102e-01,5.292783379554748535e-01,2.756890654563903809e-02,7.605611346662044525e-03,8.506471291184425354e-03,1.138209737837314606e-02
4.484023153781890869e-01,4.988662004470825195e-01,2.476221881806850433e-02,6.149342749267816544e-03,9.665641933679580688e-03,1.215425878763198853e-02
4.512020945549011230e-01,4.968512058258056641e-01,2.267879620194435120e-02,6.105810403823852539e-03,8.925407193601131439e-03,1.423671469092369080e-02
3.604556620121002197e-01,5.859955549240112305e-01,2.579251676797866821e-02,6.273802835494279861e-03,9.634345769882202148e-03,1.184822153300046921e-02
4.444099366664886475e-01,5.009753108024597168e-01,2.478181198239326477e-02,6.840392947196960449e-03,8.227406069636344910e-03,1.476517692208290100e-02
3.484936654567718506e-01,5.962899923324584961e-01,2.909038402140140533e-02,8.173033595085144043e-03,6.911720149219036102e-03,1.104122214019298553e-02
2.778125107288360596e-01,6.349240541458129883e-01,6.060619652271270752e-02,1.057801023125648499e-02,7.563351187855005264e-03,8.515832945704460144e-03
2.714461088180541992e-01,6.280237436294555664e-01,7.455608993768692017e-02,1.318734511733055115e-02,6.142125464975833893e-03,6.644670851528644562e-03
2.018819451332092285e-01,6.796957254409790039e-01,9.156599640846252441e-02,1.522273290902376175e-02,6.106411572545766830e-03,5.527225323021411896e-03
3.206620514392852783e-01,5.927423238754272461e-01,5.822653323411941528e-02,1.488047931343317032e-02,5.552082788199186325e-03,7.936436682939529419e-03
4.829953312873840332e-01,4.572744369506835938e-01,2.759557962417602539e-02,1.411963440477848053e-02,4.867941606789827347e-03,1.314709428697824478e-02
4.889008700847625732e-01,4.598506093025207520e-01,2.354825660586357117e-02,1.223285868763923645e-02,3.530949354171752930e-03,1.193658076226711273e-02
5.457614064216613770e-01,4.106967449188232422e-01,1.759574934840202332e-02,8.105990476906299591e-03,4.101588390767574310e-03,1.373852137476205826e-02
4.974483549594879150e-01,4.563020169734954834e-01,2.225444838404655457e-02,6.559511646628379822e-03,5.892429035156965256e-03,1.154316030442714691e-02
4.394901394844055176e-01,5.067516565322875977e-01,2.543041855096817017e-02,6.317096296697854996e-03,8.255993016064167023e-03,1.375477947294712067e-02
4.023544788360595703e-01,5.338854193687438965e-01,3.181806579232215881e-02,6.657151505351066589e-03,1.107778679579496384e-02,1.420724019408226013e-02
3.986424207687377930e-01,5.392007231712341309e-01,2.914762683212757111e-02,6.694633979350328445e-03,1.172007247805595398e-02,1.459449995309114456e-02
3.544488251209259033e-01,5.807649493217468262e-01,3.392845764756202698e-02,7.378778886049985886e-03,1.121467910706996918e-02,1.226428057998418808e-02
3.608046472072601318e-01,5.813711881637573242e-01,2.969006635248661041e-02,7.958236150443553925e-03,8.594566956162452698e-03,1.158129144459962845e-02
4.925584197044372559e-01,4.498058855533599854e-01,2.910324186086654663e-02,8.874658495187759399e-03,7.763595320284366608e-03,1.189412549138069153e-02
4.638876914978027344e-01,4.751593768596649170e-01,3.144613653421401978e-02,7.681957446038722992e-03,9.858275763690471649e-03,1.196651905775070190e-02
5.978366136550903320e-01,3.425507545471191406e-01,2.904830686748027802e-02,7.705664727836847305e-03,8.748949505388736725e-03,1.410963013768196106e-02
6.359852552413940430e-01,3.060427308082580566e-01,2.552134171128273010e-02,6.297380197793245316e-03,1.010551024228334427e-02,1.604773104190826416e-02
6.269390583038330078e-01,3.134148120880126953e-01,2.590711414813995361e-02,6.153613328933715820e-03,1.140604075044393539e-02,1.617936603724956512e-02
4.732881188392639160e-01,4.657346904277801514e-01,2.762757055461406708e-02,6.807787343859672546e-03,1.098079048097133636e-02,1.556109637022018433e-02
4.993863999843597412e-01,4.446486234664916992e-01,2.191849611699581146e-02,7.381757721304893494e-03,8.391661569476127625e-03,1.827302202582359314e-02
4.214375317096710205e-01,5.155759453773498535e-01,2.822261862456798553e-02,8.045386523008346558e-03,1.036004442721605301e-02,1.635854318737983704e-02
4.686947166919708252e-01,4.644203484058380127e-01,2.551801875233650208e-02,7.531510666012763977e-03,1.251858938485383987e-02,2.131681330502033234e-02
4.815542697906494141e-01,4.485852420330047607e-01,2.538722380995750427e-02,6.712372414767742157e-03,1.600394211709499359e-02,2.175694517791271210e-02
4.356830418109893799e-01,4.878120422363281250e-01,3.099805489182472229e-02,6.783510092645883560e-03,1.772445254027843475e-02,2.099891565740108490e-02
4.263404607772827148e-01,5.036283135414123535e-01,3.455809876322746277e-02,6.126704160124063492e-03,1.454349886626005173e-02,1.480293460190296173e-02
3.719499409198760986e-01,5.482269525527954102e-01,4.462211206555366516e-02,7.647764869034290314e-03,1.383098959922790527e-02,1.372218225151300430e-02
3.244597315788269043e-01,6.011225581169128418e-01,3.665919974446296692e-02,8.408581838011741638e-03,1.097163278609514236e-02,1.837827451527118683e-02
4.155342578887939453e-01,5.131325721740722656e-01,3.474317863583564758e-02,7.619535550475120544e-03,1.121689472347497940e-02,1.775358989834785461e-02
4.075222015380859375e-01,5.286373496055603027e-01,2.809134311974048615e-02,9.120859205722808838e-03,8.900194428861141205e-03,1.772798411548137665e-02
4.416874945163726807e-01,4.974546730518341064e-01,2.470283582806587219e-02,7.103494834154844284e-03,1.169230882078409195e-02,1.735921390354633331e-02
5.241020321846008301e-01,4.125008285045623779e-01,2.964370884001255035e-02,6.165042053908109665e-03,1.340264268219470978e-02,1.418580394238233566e-02
5.255998373031616211e-01,4.140848517417907715e-01,2.600666135549545288e-02,5.808429792523384094e-03,1.290752831846475601e-02,1.559265423566102982e-02
4.879443645477294922e-01,4.397895634174346924e-01,3.097248263657093048e-02,5.462250206619501114e-03,1.961591653525829315e-02,1.621540449559688568e-02
4.592754542827606201e-01,4.604189097881317139e-01,3.690845891833305359e-02,6.495238281786441803e-03,2.060521580278873444e-02,1.629654131829738617e-02
4.228325188159942627e-01,5.054666399955749512e-01,3.214460611343383789e-02,6.626723334193229675e-03,1.625277474522590637e-02,1.667668484151363373e-02
3.989331722259521484e-01,5.365598797798156738e-01,3.101615048944950104e-02,6.846878211945295334e-03,1.343969907611608505e-02,1.320423651486635208e-02
4.877549111843109131e-01,4.573979079723358154e-01,2.506896108388900757e-02,7.078939583152532578e-03,8.198654279112815857e-03,1.450067572295665741e-02
5.267322659492492676e-01,4.264638721942901611e-01,2.098809927701950073e-02,6.367500405758619308e-03,6.431974936276674271e-03,1.301633659750223160e-02
4.879766702651977539e-01,4.595904648303985596e-01,2.290386147797107697e-02,6.068761460483074188e-03,8.606779389083385468e-03,1.485344395041465759e-02
5.112652778625488281e-01,4.324389696121215820e-01,2.405725978314876556e-02,5.458693951368331909e-03,1.099698711186647415e-02,1.578268036246299744e-02
4.855082035064697266e-01,4.533109664916992188e-01,2.438197471201419830e-02,5.271780304610729218e-03,1.462357025593519211e-02,1.690348982810974121e-02
3.317458331584930420e-01,5.875806212425231934e-01,4.129139706492424011e-02,8.262367919087409973e-03,1.777825504541397095e-02,1.334143150597810745e-02
2.725603878498077393e-01,6.468550562858581543e-01,4.137837141752243042e-02,8.019864559173583984e-03,1.882847771048545837e-02,1.235785428434610367e-02
3.353058099746704102e-01,5.949522852897644043e-01,3.474017977714538574e-02,9.978642687201499939e-03,1.132870931178331375e-02,1.369430031627416611e-02
3.232894837856292725e-01,6.152453422546386719e-01,2.949556335806846619e-02,1.015580911189317703e-02,8.664000779390335083e-03,1.314988080412149429e-02
3.414730131626129150e-01,6.008728146553039551e-01,2.740546688437461853e-02,7.593121379613876343e-03,8.452654816210269928e-03,1.420294586569070816e-02
3.331075608730316162e-01,6.109477877616882324e-01,2.746452949941158295e-02,9.192576631903648376e-03,5.532129202038049698e-03,1.375528890639543533e-02
3.115517497062683105e-01,6.290777921676635742e-01,2.779644355177879333e-02,7.364076096564531326e-03,8.495903573930263519e-03,1.571411080658435822e-02
3.004111945629119873e-01,6.328312754631042480e-01,2.957616373896598816e-02,7.966223172843456268e-03,1.139211840927600861e-02,1.782302558422088623e-02
3.572894334793090820e-01,5.779232978820800781e-01,2.512892894446849823e-02,6.062746979296207428e-03,1.442800648510456085e-02,1.916754059493541718e-02
3.928270936012268066e-01,5.431743264198303223e-01,2.267001196742057800e-02,5.669273436069488525e-03,1.534632500261068344e-02,2.031304873526096344e-02
3.523262143135070801e-01,5.873605608940124512e-01,2.571275830268859863e-02,5.488825496286153793e-03,1.472314260900020599e-02,1.438852306455373764e-02
3.721016347408294678e-01,5.656452775001525879e-01,2.865653298795223236e-02,6.138703785836696625e-03,1.368166971951723099e-02,1.377609744668006897e-02
2.883689403533935547e-01,6.431525349617004395e-01,4.148512706160545349e-02,7.930331863462924957e-03,1.001395657658576965e-02,9.048990905284881592e-03
3.357744812965393066e-01,5.762891173362731934e-01,5.646760016679763794e-02,1.064568012952804565e-02,9.850774891674518585e-03,1.097241230309009552e-02
3.912933766841888428e-01,5.296731591224670410e-01,4.580520838499069214e-02,1.069075427949428558e-02,9.811961092054843903e-03,1.272551808506250381e-02
3.264699280261993408e-01,5.780352950096130371e-01,6.309287250041961670e-02,1.272485591471195221e-02,8.965956047177314758e-03,1.071115583181381226e-02
3.372333347797393799e-01,5.918278098106384277e-01,3.907021880149841309e-02,1.006082165986299515e-02,7.567852735519409180e-03,1.423996128141880035e-02
3.041213452816009521e-01,6.203168630599975586e-01,3.857922181487083435e-02,8.999041281640529633e-03,1.189741864800453186e-02,1.608609594404697418e-02
3.186128139495849609e-01,6.069061756134033203e-01,4.105222597718238831e-02,8.835094980895519257e-03,1.142566744238138199e-02,1.316796988248825073e-02
2.090225070714950562e-01,7.095932364463806152e-01,5.324868485331535339e-02,8.982973173260688782e-03,1.037845481187105179e-02,8.774188347160816193e-03
3.419890403747558594e-01,5.684634447097778320e-01,4.887169227004051208e-02,1.036650221794843674e-02,1.555855758488178253e-02,1.475065201520919800e-02
3.828547894954681396e-01,5.148235559463500977e-01,5.738438665866851807e-02,8.881789632141590118e-03,1.984398625791072845e-02,1.621151901781558990e-02
4.077485203742980957e-01,4.712926149368286133e-01,7.483362406492233276e-02,1.086410880088806152e-02,1.958297565579414368e-02,1.567812822759151459e-02
4.394203424453735352e-01,4.683029055595397949e-01,4.653698578476905823e-02,9.667695499956607819e-03,1.754427514970302582e-02,1.852776296436786652e-02
2.959553599357604980e-01,5.718455910682678223e-01,9.325854480266571045e-02,1.540230307728052139e-02,1.280155871063470840e-02,1.073653716593980789e-02
2.891036570072174072e-01,5.793223381042480469e-01,9.661772102117538452e-02,1.034454070031642914e-02,1.647759228944778442e-02,8.134194649755954742e-03
2.781813144683837891e-01,5.751157402992248535e-01,1.116093322634696960e-01,1.482898835092782974e-02,1.191093679517507553e-02,8.353627286851406097e-03
3.526438176631927490e-01,5.186766386032104492e-01,9.173880517482757568e-02,1.201044674962759018e-02,1.539835799485445023e-02,9.531960822641849518e-03
2.940127253532409668e-01,5.823771953582763672e-01,9.024168550968170166e-02,8.180527016520500183e-03,1.647292263805866241e-02,8.714921772480010986e-03
2.946549654006958008e-01,5.965669155120849609e-01,7.740350812673568726e-02,8.016132749617099762e-03,1.449506916105747223e-02,8.863349445164203644e-03
3.207832574844360352e-01,5.760688185691833496e-01,6.463731825351715088e-02,6.492716725915670395e-03,2.116316556930541992e-02,1.085472665727138519e-02
3.571071326732635498e-01,5.604997277259826660e-01,4.320984706282615662e-02,5.768025293946266174e-03,2.115952409803867340e-02,1.225564535707235336e-02
2.805136144161224365e-01,6.366190314292907715e-01,5.167838931083679199e-02,6.383449304848909378e-03,1.522681675851345062e-02,9.578754194080829620e-03
2.905552089214324951e-01,6.121922731399536133e-01,6.658802926540374756e-02,7.222398184239864349e-03,1.459949277341365814e-02,8.842570707201957703e-03
2.124877125024795532e-01,6.789048314094543457e-01,7.941291481256484985e-02,8.144200779497623444e-03,1.321434509009122849e-02,7.836012169718742371e-03
2.263975441455841064e-01,6.580187678337097168e-01,8.559104055166244507e-02,1.062091160565614700e-02,1.086568925529718399e-02,8.506020531058311462e-03
2.941541075706481934e-01,6.054937243461608887e-01,6.891357153654098511e-02,8.393305353820323944e-03,1.220636628568172455e-02,1.083901617676019669e-02
3.846889436244964600e-01,5.414718389511108398e-01,3.251225128769874573e-02,7.201109547168016434e-03,1.582196727395057678e-02,1.830392330884933472e-02
3.476965129375457764e-01,5.820797085762023926e-01,3.000963479280471802e-02,5.979223642498254776e-03,1.836455240845680237e-02,1.587039232254028320e-02
2.692556977272033691e-01,6.471214890480041504e-01,3.941992670297622681e-02,5.508461035788059235e-03,2.650410868227481842e-02,1.219026185572147369e-02
2.089576423168182373e-01,6.943430304527282715e-01,4.976187646389007568e-02,5.817594472318887711e-03,2.908786199986934662e-02,1.203210651874542236e-02
2.521541416645050049e-01,6.488478183746337891e-01,5.004619061946868896e-02,6.049045827239751816e-03,3.059754520654678345e-02,1.230535469949245453e-02
2.743937671184539795e-01,6.307607293128967285e-01,4.922145977616310120e-02,5.843881051987409592e-03,2.778166718780994415e-02,1.199840009212493896e-02
4.122438430786132812e-01,5.008970499038696289e-01,4.442717880010604858e-02,7.352149579674005508e-03,1.896820589900016785e-02,1.611148193478584290e-02
5.712425112724304199e-01,3.570797741413116455e-01,2.163387648761272430e-02,5.484052933752536774e-03,1.800153590738773346e-02,2.655828371644020081e-02
4.402923882007598877e-01,4.974537193775177002e-01,2.409088052809238434e-02,6.785995792597532272e-03,1.252213120460510254e-02,1.885483786463737488e-02
3.571462035179138184e-01,5.892534255981445312e-01,2.232168428599834442e-02,9.908191859722137451e-03,6.685054395347833633e-03,1.468555442988872528e-02
3.728843927383422852e-01,5.742052197456359863e-01,2.417148835957050323e-02,1.177450921386480331e-02,5.263191647827625275e-03,1.170129701495170593e-02
2.185525745153427124e-01,7.334640622138977051e-01,2.741520851850509644e-02,7.683276664465665817e-03,5.762814544141292572e-03,7.122093811631202698e-03
1.766376644372940063e-01,7.817665934562683105e-01,2.367220446467399597e-02,6.626008544117212296e-03,5.153529345989227295e-03,6.144084036350250244e-03
2.218776494264602661e-01,7.258247137069702148e-01,2.876120805740356445e-02,7.565369829535484314e-03,7.350713945925235748e-03,8.620334789156913757e-03
2.175426036119461060e-01,7.114415168762207031e-01,4.005907848477363586e-02,8.300359360873699188e-03,1.115447189658880234e-02,1.150197535753250122e-02
3.267866969108581543e-01,5.893473625183105469e-01,4.417917877435684204e-02,7.984537631273269653e-03,1.642521098256111145e-02,1.527699641883373260e-02
3.525233268737792969e-01,5.625153779983520508e-01,3.800039738416671753e-02,8.282717317342758179e-03,1.770716905593872070e-02,2.097109705209732056e-02
3.430487215518951416e-01,5.615119338035583496e-01,4.376475140452384949e-02,8.119043894112110138e-03,2.238019742071628571e-02,2.117527835071086884e-02
2.603424191474914551e-01,6.445180773735046387e-01,4.118093475699424744e-02,6.847171578556299210e-03,2.558136917650699615e-02,2.152997255325317383e-02
2.489034682512283325e-01,6.464521288871765137e-01,4.991004243493080139e-02,8.209042251110076904e-03,2.610459551215171814e-02,2.042063511908054352e-02
2.413000911474227905e-01,6.747423410415649414e-01,4.372852295637130737e-02,8.210661821067333221e-03,1.644064858555793762e-02,1.557771768420934677e-02
3.458916842937469482e-01,5.700924992561340332e-01,3.952000662684440613e-02,8.622509427368640900e-03,1.562710106372833252e-02,2.024623379111289978e-02
3.955472707748413086e-01,5.242338180541992188e-01,3.490911424160003662e-02,8.335202932357788086e-03,1.396457757800817490e-02,2.301006391644477844e-02
3.445329368114471436e-01,5.808648467063903809e-01,3.596732020378112793e-02,8.579812943935394287e-03,1.222730614244937897e-02,1.782777719199657440e-02
3.611298203468322754e-01,5.678240060806274414e-01,3.456540033221244812e-02,7.693149615079164505e-03,1.254617981612682343e-02,1.624154113233089447e-02
2.677755355834960938e-01,6.510992050170898438e-01,4.777283966541290283e-02,8.385239169001579285e-03,1.247438229620456696e-02,1.249285601079463959e-02
2.837974429130554199e-01,6.357659697532653809e-01,4.895326122641563416e-02,7.650020532310009003e-03,1.350086834281682968e-02,1.033256202936172485e-02
3.772880733013153076e-01,5.429151654243469238e-01,4.410850629210472107e-02,8.147296495735645294e-03,1.471812371164560318e-02,1.282280869781970978e-02
4.080484509468078613e-01,5.105209946632385254e-01,4.248408600687980652e-02,7.780039682984352112e-03,1.752808503806591034e-02,1.363843679428100586e-02
3.665298521518707275e-01,5.521267652511596680e-01,3.866703808307647705e-02,6.471210625022649765e-03,2.192793041467666626e-02,1.427712664008140564e-02
4.098986983299255371e-01,5.131367444992065430e-01,3.204816207289695740e-02,6.024344824254512787e-03,2.347794733941555023e-02,1.541403681039810181e-02
4.154844284057617188e-01,5.085307955741882324e-01,3.379613906145095825e-02,6.697956006973981857e-03,2.022577822208404541e-02,1.526492461562156677e-02
4.133957624435424805e-01,5.146723985671997070e-01,3.146108984947204590e-02,6.818067282438278198e-03,1.672382280230522156e-02,1.692882739007472992e-02
5.395894050598144531e-01,3.896585404872894287e-01,2.994139492511749268e-02,7.506063207983970642e-03,1.410233229398727417e-02,1.920225843787193298e-02
4.269982278347015381e-01,5.028007626533508301e-01,3.280697762966156006e-02,7.835195399820804596e-03,1.350275147706270218e-02,1.605612039566040039e-02
4.219228923320770264e-01,5.074622631072998047e-01,2.830440178513526917e-02,1.010254770517349243e-02,1.224092487245798111e-02,1.996697857975959778e-02
2.770882248878479004e-01,6.524236798286437988e-01,3.531551361083984375e-02,1.257180795073509216e-02,9.751390665769577026e-03,1.284931879490613937e-02
3.380333781242370605e-01,5.919831395149230957e-01,3.729070350527763367e-02,1.298975944519042969e-02,8.027428761124610901e-03,1.167562510818243027e-02
2.731160819530487061e-01,6.575240492820739746e-01,3.846014663577079773e-02,1.150541193783283234e-02,7.838567718863487244e-03,1.155569218099117279e-02
3.660541772842407227e-01,5.761250257492065430e-01,2.969147264957427979e-02,1.019562408328056335e-02,6.325932685285806656e-03,1.160773448646068573e-02
3.876225352287292480e-01,5.492671132087707520e-01,3.122349455952644348e-02,8.165820501744747162e-03,9.079404175281524658e-03,1.464164722710847855e-02
4.725148975849151611e-01,4.642299413681030273e-01,2.886178530752658844e-02,9.241508319973945618e-03,8.705165237188339233e-03,1.644672267138957977e-02
4.821989536285400391e-01,4.353935420513153076e-01,3.488373756408691406e-02,9.427361190319061279e-03,1.350655127316713333e-02,2.458985149860382080e-02
5.351325869560241699e-01,3.730776309967041016e-01,3.493211790919303894e-02,8.163556456565856934e-03,1.836583949625492096e-02,3.032838553190231323e-02
4.582087993621826172e-01,4.515878260135650635e-01,3.122674115002155304e-02,7.446838542819023132e-03,1.939821429550647736e-02,3.213161602616310120e-02
4.215887784957885742e-01,4.875864982604980469e-01,3.484294191002845764e-02,8.524575270712375641e-03,1.886242255568504333e-02,2.859480306506156921e-02
3.265224099159240723e-01,6.043710708618164062e-01,2.490036189556121826e-02,5.702279042452573776e-03,1.462386641651391983e-02,2.388002909719944000e-02
4.096464216709136963e-01,5.278307199478149414e-01,2.406076341867446899e-02,5.695316940546035767e-03,1.220336183905601501e-02,2.056342922151088715e-02
3.433623611927032471e-01,5.866011381149291992e-01,3.500666469335556030e-02,7.355588022619485855e-03,1.138115487992763519e-02,1.629303023219108582e-02
2.592488825321197510e-01,6.653498411178588867e-01,4.643871635198593140e-02,8.487082086503505707e-03,1.002577506005764008e-02,1.044964790344238281e-02
3.211274743080139160e-01,6.010369062423706055e-01,4.464263468980789185e-02,8.421856909990310669e-03,1.217680796980857849e-02,1.259441487491130829e-02
3.072322309017181396e-01,6.075217723846435547e-01,4.895934462547302246e-02,8.830765262246131897e-03,1.305556297302246094e-02,1.440046634525060654e-02
3.654336035251617432e-01,5.519348382949829102e-01,4.214031249284744263e-02,9.743291884660720825e-03,1.291316095739603043e-02,1.783479563891887665e-02
3.111975491046905518e-01,6.017124652862548828e-01,4.663344100117683411e-02,1.021289080381393433e-02,1.309259980916976929e-02,1.715107634663581848e-02
2.744332849979400635e-01,6.225799322128295898e-01,6.647063046693801880e-02,1.386775076389312744e-02,9.775379672646522522e-03,1.287306938320398331e-02
3.295910954475402832e-01,5.890051126480102539e-01,4.596655070781707764e-02,1.085036713629961014e-02,9.789671748876571655e-03,1.479720231145620346e-02
2.832193672657012939e-01,6.382340192794799805e-01,4.370476305484771729e-02,8.081490173935890198e-03,1.566971838474273682e-02,1.109071169048547745e-02
3.833720088005065918e-01,5.490139722824096680e-01,3.219900652766227722e-02,6.247511133551597595e-03,1.637399010360240936e-02,1.279346924275159836e-02
3.354139328002929688e-01,5.900087952613830566e-01,3.073029965162277222e-02,4.944859538227319717e-03,2.404502965509891510e-02,1.485702395439147949e-02
3.596364855766296387e-01,5.600984692573547363e-01,2.584760636091232300e-02,4.406624473631381989e-03,2.952644601464271545e-02,2.048446238040924072e-02
4.214553534984588623e-01,5.069332122802734375e-01,2.681891247630119324e-02,5.545715335756540298e-03,1.901173591613769531e-02,2.023502625524997711e-02
4.529073834419250488e-01,4.814115166664123535e-01,2.647095546126365662e-02,6.968672387301921844e-03,1.233525760471820831e-02,1.990625821053981781e-02
4.252506196498870850e-01,5.081969499588012695e-01,2.980510890483856201e-02,7.266021799296140671e-03,1.250066608190536499e-02,1.698067225515842438e-02
4.587817192077636719e-01,4.789072871208190918e-01,3.106264397501945496e-02,9.197268635034561157e-03,7.933237589895725250e-03,1.411787886172533035e-02
4.216574728488922119e-01,5.140544772148132324e-01,2.910351008176803589e-02,8.813397027552127838e-03,8.602809160947799683e-03,1.776836439967155457e-02
3.311524093151092529e-01,6.068394184112548828e-01,3.015336580574512482e-02,8.705705404281616211e-03,8.933573961257934570e-03,1.421548984944820404e-02
3.089379370212554932e-01,6.337163448333740234e-01,2.688021212816238403e-02,7.451751269400119781e-03,8.343424648046493530e-03,1.467034965753555298e-02
3.342380225658416748e-01,6.029695272445678711e-01,2.597531303763389587e-02,6.358140613883733749e-03,1.143002044409513474e-02,1.902904361486434937e-02
2.497685551643371582e-01,6.916477084159851074e-01,2.748803794384002686e-02,6.073398515582084656e-03,1.116000395268201828e-02,1.386226993054151535e-02
2.276576459407806396e-01,7.154936790466308594e-01,2.450726926326751709e-02,5.331395659595727921e-03,1.202612649649381638e-02,1.498392410576343536e-02
3.431409001350402832e-01,5.944733023643493652e-01,2.599570900201797485e-02,5.994472652673721313e-03,1.283869706094264984e-02,1.755692064762115479e-02
3.367571234703063965e-01,6.055691838264465332e-01,2.327900379896163940e-02,5.680349189788103104e-03,1.148587837815284729e-02,1.722849346697330475e-02
3.315879702568054199e-01,6.095026135444641113e-01,2.418012917041778564e-02,6.106086075305938721e-03,1.083235628902912140e-02,1.779085956513881683e-02
4.057948291301727295e-01,5.248979926109313965e-01,2.435281313955783844e-02,6.438137032091617584e-03,1.187036372721195221e-02,2.664593048393726349e-02
4.398236274719238281e-01,4.963108897209167480e-01,2.280643396079540253e-02,6.437656469643115997e-03,1.071950793266296387e-02,2.390193380415439606e-02
4.801656305789947510e-01,4.573781192302703857e-01,2.345235273241996765e-02,6.840095389634370804e-03,9.891884401440620422e-03,2.227192744612693787e-02
3.933909237384796143e-01,5.383603572845458984e-01,2.835739590227603912e-02,6.957604549825191498e-03,1.264660153537988663e-02,2.028712630271911621e-02
3.631143867969512939e-01,5.742876529693603516e-01,3.050924837589263916e-02,7.528564892709255219e-03,9.261096827685832977e-03,1.529908180236816406e-02
3.405261039733886719e-01,5.915416479110717773e-01,3.390062972903251648e-02,7.636305410414934158e-03,1.192163582891225815e-02,1.447368972003459930e-02
3.523051142692565918e-01,5.816599130630493164e-01,3.271347284317016602e-02,7.942488417029380798e-03,1.186910271644592285e-02,1.350991055369377136e-02
4.044729173183441162e-01,5.396851897239685059e-01,2.440165914595127106e-02,6.205947138369083405e-03,1.071604061871767044e-02,1.451818645000457764e-02
3.937374055385589600e-01,5.443812608718872070e-01,2.718449383974075317e-02,7.181002292782068253e-03,1.140965893864631653e-02,1.610616408288478851e-02
3.219266235828399658e-01,6.179490685462951660e-01,2.883193641901016235e-02,7.099985145032405853e-03,1.075077801942825317e-02,1.344157289713621140e-02
3.255480825901031494e-01,6.179393529891967773e-01,2.494555711746215820e-02,6.472250446677207947e-03,9.329639375209808350e-03,1.576514728367328644e-02
2.902286946773529053e-01,6.484514474868774414e-01,2.568630501627922058e-02,6.627555005252361298e-03,1.064265798777341843e-02,1.836326904594898224e-02
2.978095114231109619e-01,6.369484663009643555e-01,3.078996390104293823e-02,7.276732474565505981e-03,1.077850442379713058e-02,1.639676839113235474e-02
2.088583558797836304e-01,7.267037034034729004e-01,3.541352599859237671e-02,8.124646730720996857e-03,9.021679870784282684e-03,1.187810022383928299e-02
2.124288529157638550e-01,7.132725715637207031e-01,3.881961479783058167e-02,7.640491239726543427e-03,1.324971020221710205e-02,1.458881236612796783e-02
1.796424388885498047e-01,7.469938397407531738e-01,4.152609035372734070e-02,7.928253151476383209e-03,1.275545451790094376e-02,1.115382835268974304e-02
1.730911433696746826e-01,7.613323330879211426e-01,3.588388487696647644e-02,6.484040524810552597e-03,1.252806559205055237e-02,1.068058796226978302e-02
2.012229710817337036e-01,7.325372695922851562e-01,2.984963357448577881e-02,5.361565388739109039e-03,1.693512871861457825e-02,1.409339439123868942e-02
2.105181664228439331e-01,7.258503437042236328e-01,3.183989226818084717e-02,6.076782941818237305e-03,1.332028862088918686e-02,1.239447388797998428e-02
2.558584511280059814e-01,6.778462529182434082e-01,3.308546543121337891e-02,6.034377031028270721e-03,1.356287952512502670e-02,1.361250225454568863e-02
2.838670611381530762e-01,6.497005224227905273e-01,3.188456222414970398e-02,7.296918425709009171e-03,1.129856333136558533e-02,1.595237292349338531e-02
2.896774411201477051e-01,6.479519605636596680e-01,3.164749965071678162e-02,7.741203065961599350e-03,8.887080475687980652e-03,1.409488543868064880e-02
2.534926533699035645e-01,6.828535199165344238e-01,3.423156961798667908e-02,9.345118887722492218e-03,7.897068746387958527e-03,1.218017004430294037e-02
3.127146661281585693e-01,6.256046891212463379e-01,3.222739696502685547e-02,9.620909579098224640e-03,8.210311643779277802e-03,1.162205543369054794e-02
2.808296084403991699e-01,6.474068164825439453e-01,4.213134199380874634e-02,1.189410965889692307e-02,7.945420220494270325e-03,9.792663156986236572e-03
2.665266990661621094e-01,6.530944108963012695e-01,5.106442794203758240e-02,1.136240456253290176e-02,9.069742634892463684e-03,8.882422000169754028e-03
2.283578664064407349e-01,6.850821971893310547e-01,5.888784304261207581e-02,1.093489304184913635e-02,9.212468750774860382e-03,7.524707820266485214e-03
2.156648188829421997e-01,6.972737312316894531e-01,5.804101377725601196e-02,1.030215248465538025e-02,1.129827369004487991e-02,7.419998291879892349e-03
2.216699272394180298e-01,7.057949304580688477e-01,4.196038842201232910e-02,6.373455747961997986e-03,1.455659791827201843e-02,9.644694626331329346e-03
2.985270917415618896e-01,6.318596005439758301e-01,2.990098483860492706e-02,6.053577177226543427e-03,1.818913966417312622e-02,1.546966098248958588e-02
2.903485894203186035e-01,6.420125365257263184e-01,2.516630291938781738e-02,4.881391301751136780e-03,2.036127634346485138e-02,1.722980476915836334e-02
3.104529380798339844e-01,6.239988803863525391e-01,2.352884039282798767e-02,5.229790229350328445e-03,1.739001087844371796e-02,1.939957961440086365e-02
2.849419713020324707e-01,6.533662676811218262e-01,2.246258780360221863e-02,5.120154935866594315e-03,1.392148900777101517e-02,2.018745057284832001e-02
2.803503274917602539e-01,6.525722146034240723e-01,2.983408235013484955e-02,6.959913298487663269e-03,1.288445759564638138e-02,1.739900745451450348e-02
2.749895453453063965e-01,6.605519652366638184e-01,2.872073091566562653e-02,7.531231734901666641e-03,1.162689458578824997e-02,1.657966151833534241e-02
2.375912666320800781e-01,6.917865872383117676e-01,3.543421626091003418e-02,8.249689824879169464e-03,1.226363610476255417e-02,1.467462070286273956e-02
2.146627753973007202e-01,7.216357588768005371e-01,2.917584776878356934e-02,5.945109296590089798e-03,1.510575041174888611e-02,1.347462274134159088e-02
2.483624815940856934e-01,6.839855313301086426e-01,2.911479398608207703e-02,5.903181619942188263e-03,1.653423532843589783e-02,1.609975285828113556e-02
3.150627315044403076e-01,6.099119186401367188e-01,3.011952154338359833e-02,6.272288970649242401e-03,1.701253093779087067e-02,2.162099629640579224e-02
3.630394339561462402e-01,5.716905593872070312e-01,2.741314470767974854e-02,6.356728728860616684e-03,1.223699841648340225e-02,1.926309242844581604e-02
3.884001672267913818e-01,5.311216711997985840e-01,3.318895399570465088e-02,8.132355287671089172e-03,1.443979889154434204e-02,2.471700496971607208e-02
4.104350507259368896e-01,5.116829276084899902e-01,3.089084662497043610e-02,7.166189607232809067e-03,1.589329540729522705e-02,2.393170818686485291e-02
4.019886553287506104e-01,5.162995457649230957e-01,2.921101264655590057e-02,6.580960471183061600e-03,1.848859526216983795e-02,2.743113227188587189e-02
3.075966536998748779e-01,6.119751334190368652e-01,3.148639947175979614e-02,5.925975739955902100e-03,2.270337194204330444e-02,2.031245455145835876e-02
3.023202121257781982e-01,6.211585402488708496e-01,3.244370967149734497e-02,6.504900287836790085e-03,2.000999078154563904e-02,1.756272092461585999e-02
2.454354912042617798e-01,6.818373799324035645e-01,3.294556215405464172e-02,6.334836594760417938e-03,1.691635511815547943e-02,1.653038151562213898e-02
3.361387550830841064e-01,5.838571786880493164e-01,3.176815807819366455e-02,6.789834704250097275e-03,1.844688132405281067e-02,2.299931645393371582e-02
3.379526734352111816e-01,5.804589986801147461e-01,3.147210180759429932e-02,5.920825060456991196e-03,2.238560840487480164e-02,2.180981077253818512e-02
3.548382818698883057e-01,5.548453330993652344e-01,3.167115151882171631e-02,5.662825889885425568e-03,2.689313702285289764e-02,2.608918771147727966e-02
3.717912435531616211e-01,5.532395243644714355e-01,2.687573246657848358e-02,4.992442671209573746e-03,2.232044376432895660e-02,2.078066021203994751e-02
3.640224933624267578e-01,5.529172420501708984e-01,3.090702369809150696e-02,5.229725502431392670e-03,2.539946325123310089e-02,2.152408473193645477e-02
4.000917375087738037e-01,5.167230367660522461e-01,3.145193681120872498e-02,6.579895038157701492e-03,2.139887027442455292e-02,2.375455759465694427e-02
3.638500273227691650e-01,5.238462090492248535e-01,6.007403880357742310e-02,1.385259907692670822e-02,1.819658651947975159e-02,2.018052339553833008e-02
4.112983047962188721e-01,4.673075079917907715e-01,6.160164251923561096e-02,1.368354912847280502e-02,2.121959999203681946e-02,2.488944865763187408e-02
4.358252882957458496e-01,4.314773082733154297e-01,8.355936408042907715e-02,1.536318566650152206e-02,1.818568632006645203e-02,1.558912452310323715e-02
4.889306128025054932e-01,4.094322323799133301e-01,5.446329712867736816e-02,1.464791316539049149e-02,1.516696158796548843e-02,1.735894195735454559e-02
4.541369676589965820e-01,4.613262414932250977e-01,4.215787723660469055e-02,9.638104587793350220e-03,1.561815943568944931e-02,1.712262257933616638e-02
4.447404742240905762e-01,4.836609065532684326e-01,3.673291206359863281e-02,8.835001848638057709e-03,1.202145591378211975e-02,1.400922611355781555e-02
4.688283205032348633e-01,4.535056352615356445e-01,3.976240754127502441e-02,9.531148709356784821e-03,1.262465026229619980e-02,1.574775949120521545e-02
4.303503632545471191e-01,4.935258030891418457e-01,3.991976752877235413e-02,1.008890755474567413e-02,9.873062372207641602e-03,1.624216884374618530e-02
4.125452041625976562e-01,5.130045413970947266e-01,3.762663155794143677e-02,9.202484972774982452e-03,9.832465089857578278e-03,1.778867468237876892e-02
4.831161797046661377e-01,4.454939961433410645e-01,3.301976993680000305e-02,8.105160668492317200e-03,1.089885458350181580e-02,1.936605013906955719e-02
4.600430130958557129e-01,4.718370735645294189e-01,2.735626511275768280e-02,7.264061830937862396e-03,1.081181969493627548e-02,2.268782071769237518e-02
3.705572485923767090e-01,5.576121211051940918e-01,3.490853309631347656e-02,7.494007702916860580e-03,1.171480864286422729e-02,1.771331578493118286e-02
3.798546493053436279e-01,5.368967652320861816e-01,4.277460277080535889e-02,7.510107476264238358e-03,1.733462698757648468e-02,1.562927290797233582e-02
3.102311491966247559e-01,6.022734642028808594e-01,4.815686121582984924e-02,7.878950797021389008e-03,1.749863475561141968e-02,1.396095938980579376e-02
2.757366895675659180e-01,6.326251626014709473e-01,5.197901651263237000e-02,7.551433984190225601e-03,2.028929255902767181e-02,1.181834004819393158e-02
3.078799843788146973e-01,6.133447885513305664e-01,4.182105138897895813e-02,7.105369120836257935e-03,1.803974620997905731e-02,1.180908642709255219e-02
4.407643675804138184e-01,4.907077550888061523e-01,3.424468636512756348e-02,8.166214451193809509e-03,1.208670344203710556e-02,1.403022836893796921e-02
5.310139656066894531e-01,4.098559617996215820e-01,2.743191644549369812e-02,9.297719225287437439e-03,7.843522354960441589e-03,1.455693971365690231e-02
5.849562287330627441e-01,3.557298779487609863e-01,2.732918225228786469e-02,8.268738165497779846e-03,8.448014035820960999e-03,1.526810880750417709e-02
5.649331808090209961e-01,3.700196146965026855e-01,2.880427986383438110e-02,9.206239134073257446e-03,8.525771088898181915e-03,1.851094141602516174e-02
4.793612957000732422e-01,4.534246623516082764e-01,2.876363694667816162e-02,6.832969374954700470e-03,1.232801657170057297e-02,1.928951404988765717e-02
4.679558873176574707e-01,4.604269862174987793e-01,3.015865385532379150e-02,7.852702401578426361e-03,1.291074138134717941e-02,2.069509401917457581e-02
3.899642229080200195e-01,5.469476580619812012e-01,2.908217348158359528e-02,6.927338428795337677e-03,1.070519443601369858e-02,1.637347973883152008e-02
4.070349633693695068e-01,5.280503034591674805e-01,3.045364469289779663e-02,8.105543442070484161e-03,1.055387686938047409e-02,1.580158062279224396e-02
5.033066272735595703e-01,4.419925212860107422e-01,2.347578853368759155e-02,6.651520729064941406e-03,9.062059223651885986e-03,1.551142334938049316e-02
5.339816212654113770e-01,4.081934988498687744e-01,2.410599961876869202e-02,7.968459278345108032e-03,8.570565842092037201e-03,1.717983745038509369e-02
4.899983406066894531e-01,4.487228393554687500e-01,2.749650925397872925e-02,9.937864728271961212e-03,8.561886847019195557e-03,1.528250798583030701e-02
4.311655461788177490e-01,5.010607838630676270e-01,3.192214295268058777e-02,1.073556952178478241e-02,1.026735734194517136e-02,1.484861597418785095e-02
4.294856488704681396e-01,5.077542662620544434e-01,2.772095985710620880e-02,8.285007439553737640e-03,1.172901783138513565e-02,1.502514071762561798e-02
3.981620371341705322e-01,5.345478653907775879e-01,3.192903473973274231e-02,1.168295461684465408e-02,9.231746196746826172e-03,1.444641780108213425e-02
4.480911493301391602e-01,4.918858706951141357e-01,2.868254296481609344e-02,7.066591642796993256e-03,9.543611668050289154e-03,1.473030727356672287e-02
4.841242730617523193e-01,4.551372826099395752e-01,2.816534042358398438e-02,8.118527010083198547e-03,7.659183349460363388e-03,1.679534465074539185e-02
4.319480657577514648e-01,4.920419156551361084e-01,3.901975601911544800e-02,1.097788661718368530e-02,8.292172104120254517e-03,1.772019825875759125e-02
3.868127465248107910e-01,5.248652696609497070e-01,4.930990189313888550e-02,1.237502507865428925e-02,1.045701280236244202e-02,1.617999002337455750e-02
5.028360486030578613e-01,4.000140726566314697e-01,5.057109147310256958e-02,1.006180420517921448e-02,1.653836481273174286e-02,1.997859589755535126e-02
4.221158027648925781e-01,4.835728704929351807e-01,4.914367198944091797e-02,9.042914956808090210e-03,1.921233721077442169e-02,1.691238768398761749e-02
4.506198167800903320e-01,4.651813209056854248e-01,4.172577336430549622e-02,6.500784307718276978e-03,1.925282366573810577e-02,1.671959087252616882e-02
4.909308552742004395e-01,4.276543259620666504e-01,3.796945884823799133e-02,6.280873902142047882e-03,1.911819539964199066e-02,1.804629527032375336e-02
4.436446428298950195e-01,4.778783619403839111e-01,3.567116335034370422e-02,5.891838110983371735e-03,2.074454352259635925e-02,1.616958156228065491e-02
3.771950006484985352e-01,5.341880321502685547e-01,4.636288434267044067e-02,6.544259376823902130e-03,2.158235386013984680e-02,1.412741933017969131e-02
2.913706898689270020e-01,6.244816780090332031e-01,3.998381644487380981e-02,5.433372687548398972e-03,2.725064009428024292e-02,1.147985924035310745e-02
2.555489838123321533e-01,6.510887145996093750e-01,4.802047461271286011e-02,5.811184179037809372e-03,2.860890887677669525e-02,1.092180795967578888e-02
3.579349219799041748e-01,5.579051971435546875e-01,3.545834869146347046e-02,5.459405481815338135e-03,2.688983641564846039e-02,1.635241881012916565e-02
3.544957041740417480e-01,5.702522993087768555e-01,2.893053181469440460e-02,5.950112361460924149e-03,2.261850237846374512e-02,1.775286532938480377e-02
3.732385039329528809e-01,5.577968358993530273e-01,3.035631403326988220e-02,7.124019321054220200e-03,1.451188419014215469e-02,1.697248779237270355e-02
3.944968879222869873e-01,5.388259887695312500e-01,2.848692238330841064e-02,7.949339225888252258e-03,1.166950166225433350e-02,1.857139915227890015e-02
3.166697025299072266e-01,6.185901165008544922e-01,3.262798115611076355e-02,8.202281780540943146e-03,9.685558266937732697e-03,1.422442868351936340e-02
4.907117784023284912e-01,4.436408579349517822e-01,2.902222424745559692e-02,9.902134537696838379e-03,8.347040973603725433e-03,1.837607473134994507e-02
5.642034411430358887e-01,3.789769411087036133e-01,2.198801003396511078e-02,8.623281493782997131e-03,6.313502322882413864e-03,1.989477314054965973e-02
5.001462697982788086e-01,4.359151721000671387e-01,2.968041226267814636e-02,9.863690473139286041e-03,7.420846261084079742e-03,1.697363518178462982e-02
4.463763833045959473e-01,4.953140020370483398e-01,2.634003572165966034e-02,8.696484379470348358e-03,8.342635817825794220e-03,1.493050064891576767e-02
2.933854758739471436e-01,6.473944187164306641e-01,2.736538276076316833e-02,5.335548426955938339e-03,1.353855710476636887e-02,1.298057474195957184e-02
2.321612983942031860e-01,7.018858790397644043e-01,3.389254584908485413e-02,5.752694793045520782e-03,1.558889728039503098e-02,1.071875263005495071e-02
2.397035360336303711e-01,6.959142684936523438e-01,3.012867830693721771e-02,4.651456139981746674e-03,1.866759173572063446e-02,1.093439478427171707e-02
2.351618707180023193e-01,6.981036663055419922e-01,2.889364399015903473e-02,5.356802139431238174e-03,1.736151985824108124e-02,1.512251142412424088e-02
2.334148287773132324e-01,6.953994035720825195e-01,3.247667104005813599e-02,6.207991391420364380e-03,1.660407893359661102e-02,1.589705981314182281e-02
2.647417485713958740e-01,6.638250350952148438e-01,3.292444348335266113e-02,6.406578700989484787e-03,1.585357636213302612e-02,1.624859124422073364e-02
2.814503312110900879e-01,6.498072743415832520e-01,3.254918009042739868e-02,6.781347561627626419e-03,1.386664621531963348e-02,1.554519217461347580e-02
3.198081552982330322e-01,6.095369458198547363e-01,3.645167499780654907e-02,7.088657468557357788e-03,1.327259466052055359e-02,1.384195219725370407e-02
4.400046765804290771e-01,4.743855595588684082e-01,4.374524578452110291e-02,7.138433866202831268e-03,1.636721380054950714e-02,1.835873909294605255e-02
4.553712904453277588e-01,4.570095539093017578e-01,4.439011961221694946e-02,7.450919132679700851e-03,1.628981344401836395e-02,1.948842965066432953e-02
4.317273497581481934e-01,4.667696058750152588e-01,5.536324530839920044e-02,9.184924885630607605e-03,1.788915321230888367e-02,1.906565017998218536e-02
3.664375543594360352e-01,5.458627343177795410e-01,4.789396747946739197e-02,9.463538415729999542e-03,1.301799248903989792e-02,1.732430607080459595e-02
2.955046892166137695e-01,6.182489991188049316e-01,4.597068205475807190e-02,1.012791600078344345e-02,1.211164426058530807e-02,1.803596876561641693e-02
2.760924696922302246e-01,6.492876410484313965e-01,3.953675553202629089e-02,1.001002360135316849e-02,9.451809339225292206e-03,1.562122814357280731e-02
2.617756128311157227e-01,6.737088561058044434e-01,3.416890650987625122e-02,8.758516050875186920e-03,7.963153533637523651e-03,1.362491399049758911e-02
3.290332257747650146e-01,6.025167703628540039e-01,3.168129548430442810e-02,7.313154172152280807e-03,1.184427086263895035e-02,1.761132664978504181e-02
2.553142905235290527e-01,6.685965657234191895e-01,4.491408169269561768e-02,7.993121631443500519e-03,1.195028144866228104e-02,1.123170740902423859e-02
3.305413424968719482e-01,5.920710563659667969e-01,4.180616512894630432e-02,7.837994955480098724e-03,1.434780284762382507e-02,1.339565776288509369e-02
3.400084078311920166e-01,5.847969651222229004e-01,3.910540416836738586e-02,6.991477683186531067e-03,1.438401080667972565e-02,1.471373345702886581e-02
3.420329391956329346e-01,5.818457603454589844e-01,3.647309914231300354e-02,6.855955347418785095e-03,1.560427527874708176e-02,1.718798093497753143e-02
3.274596929550170898e-01,5.913341045379638672e-01,4.198066145181655884e-02,7.356376852840185165e-03,1.539790909737348557e-02,1.647116988897323608e-02
3.827849328517913818e-01,5.501822829246520996e-01,3.118738718330860138e-02,6.360679399222135544e-03,1.256899628788232803e-02,1.691571623086929321e-02
5.111424326896667480e-01,4.243232309818267822e-01,2.830504812300205231e-02,7.084107957780361176e-03,1.041892450302839279e-02,1.872621849179267883e-02
5.907286405563354492e-01,3.549301326274871826e-01,2.239305526018142700e-02,7.012574467808008194e-03,7.299890276044607162e-03,1.763561181724071503e-02
6.203292608261108398e-01,3.248578608036041260e-01,2.271243557333946228e-02,7.187508512288331985e-03,7.119228597730398178e-03,1.779386214911937714e-02
6.277020573616027832e-01,3.152580559253692627e-01,2.283573336899280548e-02,7.747164461761713028e-03,6.956634577363729477e-03,1.950027607381343842e-02
5.047731399536132812e-01,4.316675961017608643e-01,2.680451422929763794e-02,9.660481475293636322e-03,7.611237931996583939e-03,1.948308572173118591e-02
4.618622362613677979e-01,4.689133167266845703e-01,3.091861680150032043e-02,1.049263682216405869e-02,8.839169517159461975e-03,1.897396892309188843e-02
4.290890097618103027e-01,4.973108768463134766e-01,3.361522406339645386e-02,9.592067450284957886e-03,1.111560687422752380e-02,1.927727274596691132e-02
3.799537718296051025e-01,5.485255718231201172e-01,3.363450989127159119e-02,8.403272368013858795e-03,1.331589370965957642e-02,1.616695523262023926e-02
2.892717421054840088e-01,6.366806626319885254e-01,3.861492872238159180e-02,8.265033364295959473e-03,1.440818700939416885e-02,1.275946851819753647e-02
1.754252314567565918e-01,7.509585618972778320e-01,4.619507864117622375e-02,8.684453554451465607e-03,1.047021243721246719e-02,8.266367949545383453e-03
1.858222782611846924e-01,7.265822887420654297e-01,5.876541882753372192e-02,1.167563628405332565e-02,9.480468928813934326e-03,7.673937827348709106e-03
1.509438455104827881e-01,7.656965255737304688e-01,5.711983516812324524e-02,1.068082265555858612e-02,8.592028170824050903e-03,6.966986693441867828e-03
2.589998841285705566e-01,6.555811166763305664e-01,5.448404699563980103e-02,1.304111257195472717e-02,8.836416527628898621e-03,9.057403542101383209e-03
2.667681574821472168e-01,6.704529523849487305e-01,3.598553687334060669e-02,7.927454076707363129e-03,9.315323084592819214e-03,9.550533257424831390e-03
3.844020664691925049e-01,5.529605150222778320e-01,3.032285347580909729e-02,6.862711161375045776e-03,1.262768357992172241e-02,1.282421406358480453e-02
3.554849624633789062e-01,5.848799943923950195e-01,3.113552369177341461e-02,7.048482540994882584e-03,1.019019074738025665e-02,1.126094348728656769e-02
3.712303936481475830e-01,5.696530342102050781e-01,2.802820131182670593e-02,6.107277702540159225e-03,1.163329556584358215e-02,1.334775425493717194e-02
3.791961371898651123e-01,5.583861470222473145e-01,3.072220087051391602e-02,7.100968621671199799e-03,1.015994697809219360e-02,1.443456485867500305e-02
4.467572867870330811e-01,4.890782833099365234e-01,2.907879650592803955e-02,7.676389999687671661e-03,1.030590664595365524e-02,1.710333488881587982e-02
4.189561307430267334e-01,5.200728178024291992e-01,2.854306064546108246e-02,6.970581598579883575e-03,1.038410048931837082e-02,1.507331896573305130e-02
3.759281039237976074e-01,5.516244769096374512e-01,3.982477262616157532e-02,8.599665015935897827e-03,1.156651508063077927e-02,1.245650928467512131e-02
3.356277644634246826e-01,5.953698754310607910e-01,3.668471053242683411e-02,7.237431593239307404e-03,1.291423104703426361e-02,1.216602884232997894e-02
3.401144146919250488e-01,5.878457427024841309e-01,3.699925169348716736e-02,7.033465430140495300e-03,1.458455901592969894e-02,1.342264376580715179e-02
3.761200606822967529e-01,5.576527118682861328e-01,3.246234357357025146e-02,7.704756688326597214e-03,1.183079276233911514e-02,1.422938425093889236e-02
3.554625809192657471e-01,5.832506418228149414e-01,3.055473975837230682e-02,7.132590282708406448e-03,1.077289972454309464e-02,1.282646972686052322e-02
3.819200992584228516e-01,5.558904409408569336e-01,2.896086312830448151e-02,6.662076804786920547e-03,1.254211645573377609e-02,1.402440853416919708e-02
3.391558825969696045e-01,6.017042994499206543e-01,2.847663313150405884e-02,6.526083219796419144e-03,1.182396896183490753e-02,1.231314614415168762e-02
3.384643793106079102e-01,6.017844676971435547e-01,2.873319573700428009e-02,6.438465788960456848e-03,1.196762081235647202e-02,1.261197961866855621e-02
3.111951649188995361e-01,6.245343685150146484e-01,3.309036418795585632e-02,6.861706729978322983e-03,1.317648030817508698e-02,1.114176493138074875e-02
2.197559624910354614e-01,7.148860692977905273e-01,3.642424196004867554e-02,6.947751622647047043e-03,1.257673371583223343e-02,9.409285150468349457e-03
2.522881031036376953e-01,6.867991089820861816e-01,3.132816031575202942e-02,6.050186697393655777e-03,1.364686619490385056e-02,9.887657128274440765e-03
2.767148911952972412e-01,6.589209437370300293e-01,3.235464543104171753e-02,6.016416940838098526e-03,1.494055893272161484e-02,1.105252187699079514e-02
2.515221238136291504e-01,6.788604259490966797e-01,3.563489764928817749e-02,6.238366011530160904e-03,1.622400060296058655e-02,1.152015570551156998e-02
2.434958666563034058e-01,6.916964650154113770e-01,3.311168774962425232e-02,6.052740849554538727e-03,1.437434740364551544e-02,1.126882806420326233e-02
2.287259101867675781e-01,7.061772346496582031e-01,3.605967015027999878e-02,5.901031661778688431e-03,1.360666565597057343e-02,9.529533796012401581e-03
2.774801254272460938e-01,6.499330997467041016e-01,4.071664437651634216e-02,7.164504844695329666e-03,1.354776415973901749e-02,1.115794386714696884e-02
2.707648873329162598e-01,6.631401181221008301e-01,3.699624538421630859e-02,7.104284130036830902e-03,1.167807355523109436e-02,1.031632628291845322e-02
2.645195126533508301e-01,6.714531779289245605e-01,3.457254543900489807e-02,6.195067893713712692e-03,1.334692724049091339e-02,9.912788867950439453e-03
2.250069528818130493e-01,7.131237983703613281e-01,3.411615267395973206e-02,7.016963325440883636e-03,1.056370325386524200e-02,1.017234940081834793e-02
2.762031257152557373e-01,6.645507216453552246e-01,3.111485391855239868e-02,6.937180180102586746e-03,1.012890785932540894e-02,1.106513850390911102e-02
2.777455151081085205e-01,6.541303396224975586e-01,3.690570965409278870e-02,8.699125610291957855e-03,1.046366989612579346e-02,1.205562986433506012e-02
3.109000623226165771e-01,6.210118532180786133e-01,3.698538988828659058e-02,7.909330539405345917e-03,1.109078992158174515e-02,1.210265420377254486e-02
4.303884506225585938e-01,5.065355300903320312e-01,3.275947645306587219e-02,8.003973402082920074e-03,8.929315023124217987e-03,1.338321622461080551e-02
3.648201525211334229e-01,5.698254704475402832e-01,3.531896695494651794e-02,7.563062477856874466e-03,1.067485194653272629e-02,1.179757528007030487e-02
3.518187701702117920e-01,5.879371166229248047e-01,3.090824931859970093e-02,6.490574683994054794e-03,1.087114866822957993e-02,1.197410374879837036e-02
3.671884536743164062e-01,5.723595023155212402e-01,2.946291863918304443e-02,6.101343315094709396e-03,1.199602242559194565e-02,1.289184857159852982e-02
2.992994487285614014e-01,6.415802240371704102e-01,2.974256500601768494e-02,5.534396972507238388e-03,1.264811027795076370e-02,1.119525451213121414e-02
2.916371524333953857e-01,6.461800932884216309e-01,3.110883198678493500e-02,5.732000339776277542e-03,1.402822602540254593e-02,1.131364516913890839e-02
2.758413255214691162e-01,6.628811359405517578e-01,3.375256434082984924e-02,6.486379541456699371e-03,1.114372536540031433e-02,9.894897229969501495e-03
2.558297514915466309e-01,6.801041364669799805e-01,3.798725455999374390e-02,7.406856864690780640e-03,1.011378690600395203e-02,8.558223024010658264e-03
3.423481583595275879e-01,5.953125357627868652e-01,3.618809208273887634e-02,8.358323946595191956e-03,8.455643430352210999e-03,9.337229654192924500e-03
3.557783365249633789e-01,5.809867978096008301e-01,3.663026914000511169e-02,9.862599894404411316e-03,7.346287369728088379e-03,9.395649656653404236e-03
3.101087212562561035e-01,6.359016299247741699e-01,2.970944531261920929e-02,7.689897902309894562e-03,7.587887812405824661e-03,9.002344682812690735e-03
2.931193709373474121e-01,6.443634629249572754e-01,3.622186928987503052e-02,7.654472254216670990e-03,9.685627184808254242e-03,8.955174125730991364e-03
2.449707090854644775e-01,6.910976767539978027e-01,3.809129446744918823e-02,8.447783999145030975e-03,8.852399885654449463e-03,8.540108799934387207e-03
2.635912895202636719e-01,6.665646433830261230e-01,4.293888062238693237e-02,8.211310952901840210e-03,1.029909495264291763e-02,8.394776843488216400e-03
2.430238872766494751e-01,6.830735802650451660e-01,4.715757817029953003e-02,9.004781022667884827e-03,9.186377748847007751e-03,8.553864434361457825e-03
2.733272314071655273e-01,6.647406220436096191e-01,3.592683374881744385e-02,8.052956312894821167e-03,8.337917737662792206e-03,9.614404290914535522e-03
2.344744354486465454e-01,7.098775506019592285e-01,3.094945289194583893e-02,7.947036996483802795e-03,7.442886941134929657e-03,9.308631531894207001e-03
1.961190253496170044e-01,7.569898366928100586e-01,2.618726342916488647e-02,6.777030881494283676e-03,6.228318903595209122e-03,7.698520086705684662e-03
7.609367370605468750e-02,9.049711227416992188e-01,9.866524487733840942e-03,4.335744772106409073e-03,1.699266838841140270e-03,3.033772110939025879e-03
2.580248191952705383e-02,9.684614539146423340e-01,2.526853466406464577e-03,1.975876977667212486e-03,3.149290860164910555e-04,9.182863868772983551e-04
6.825448013842105865e-03,9.913661479949951172e-01,7.118713110685348511e-04,7.801234605722129345e-04,6.849005876574665308e-05,2.478231908753514290e-04
3.034632187336683273e-03,9.961114525794982910e-01,2.789143181871622801e-04,4.530901787802577019e-04,1.939754474733490497e-05,1.024886005325242877e-04
2.861285815015435219e-03,9.963803887367248535e-01,2.402283134870231152e-04,4.096812335774302483e-04,1.582802542543504387e-05,9.260769729735329747e-05
5.320884287357330322e-03,9.933253526687622070e-01,4.679320263676345348e-04,6.760117830708622932e-04,3.341322008054703474e-05,1.763143227435648441e-04
2.599811181426048279e-02,9.696597456932067871e-01,1.703597605228424072e-03,1.737034879624843597e-03,1.646308228373527527e-04,7.369043305516242981e-04
4.137434065341949463e-02,9.515581130981445312e-01,3.278690390288829803e-03,2.247327705845236778e-03,3.690949524752795696e-04,1.172352815046906471e-03
1.482653021812438965e-01,8.261629939079284668e-01,1.332093402743339539e-02,5.068693310022354126e-03,2.511150669306516647e-03,4.670939873903989792e-03
2.609952986240386963e-01,6.933068633079528809e-01,2.559514343738555908e-02,6.096632685512304306e-03,6.551176309585571289e-03,7.454962935298681259e-03
1.503522247076034546e-01,8.065297603607177734e-01,2.586817555129528046e-02,5.357807502150535583e-03,6.649826187640428543e-03,5.242281127721071243e-03
1.285713016986846924e-01,8.295598030090332031e-01,2.511385269463062286e-02,5.186432506889104843e-03,6.498118862509727478e-03,5.070537794381380081e-03
1.684191077947616577e-01,7.840340137481689453e-01,2.889919281005859375e-02,5.764378700405359268e-03,7.084518205374479294e-03,5.798784550279378891e-03
1.379462033510208130e-01,8.171833157539367676e-01,2.790317870676517487e-02,6.138184107840061188e-03,5.643086042255163193e-03,5.186010152101516724e-03
1.642698645591735840e-01,7.889467477798461914e-01,2.780034579336643219e-02,6.821942981332540512e-03,5.932121071964502335e-03,6.229019723832607269e-03
2.134265452623367310e-01,7.361584305763244629e-01,2.919471263885498047e-02,7.242084480822086334e-03,6.460370030254125595e-03,7.517779245972633362e-03
2.006943821907043457e-01,7.507883906364440918e-01,2.789145335555076599e-02,7.049638312309980392e-03,6.106282118707895279e-03,7.469820789992809296e-03
2.338328808546066284e-01,7.167981863021850586e-01,2.749930694699287415e-02,6.214146967977285385e-03,7.483774330466985703e-03,8.171786554157733917e-03
2.034859955310821533e-01,7.476345300674438477e-01,2.783560380339622498e-02,6.071128416806459427e-03,7.448681630194187164e-03,7.524074986577033997e-03
2.196905910968780518e-01,7.317475080490112305e-01,2.802042104303836823e-02,6.060224026441574097e-03,7.312675006687641144e-03,7.168596144765615463e-03
1.673273146152496338e-01,7.893344759941101074e-01,2.590196020901203156e-02,5.393589381128549576e-03,6.408861838281154633e-03,5.633707623928785324e-03
1.734398156404495239e-01,7.847374677658081055e-01,2.586413174867630005e-02,5.485732108354568481e-03,5.420883186161518097e-03,5.051888525485992432e-03
1.427870094776153564e-01,8.165889382362365723e-01,2.542181313037872314e-02,5.465873982757329941e-03,5.218075588345527649e-03,4.518315196037292480e-03
1.335356831550598145e-01,8.267896771430969238e-01,2.451300621032714844e-02,5.510312039405107498e-03,5.235100165009498596e-03,4.416265524923801422e-03
1.621045321226119995e-01,7.968478202819824219e-01,2.463784441351890564e-02,5.254901479929685593e-03,6.065932102501392365e-03,5.088952369987964630e-03
1.149821206927299500e-01,8.491883873939514160e-01,2.205752767622470856e-02,5.337988026440143585e-03,4.501291085034608841e-03,3.932749386876821518e-03
1.152001395821571350e-01,8.511174917221069336e-01,2.045840211212635040e-02,5.006934050470590591e-03,4.276276100426912308e-03,3.940726630389690399e-03
9.530201554298400879e-02,8.744914531707763672e-01,1.856425032019615173e-02,5.239007994532585144e-03,3.037723246961832047e-03,3.365510376170277596e-03
1.001538187265396118e-01,8.686686158180236816e-01,1.933146268129348755e-02,5.174223799258470535e-03,3.199098631739616394e-03,3.472740994766354561e-03
1.127430349588394165e-01,8.546959161758422852e-01,1.996670663356781006e-02,5.222982261329889297e-03,3.519553458318114281e-03,3.851837478578090668e-03
1.149536967277526855e-01,8.512581586837768555e-01,2.070610411465167999e-02,5.343501921743154526e-03,3.738585393875837326e-03,3.999835345894098282e-03
1.086659133434295654e-01,8.579872846603393555e-01,2.030663378536701202e-02,5.150221288204193115e-03,3.986143041402101517e-03,3.903679782524704933e-03
1.086028665304183960e-01,8.559659123420715332e-01,2.182021923363208771e-02,5.337527953088283539e-03,4.182541742920875549e-03,4.090844187885522842e-03
1.082929074764251709e-01,8.539064526557922363e-01,2.330616302788257599e-02,6.229315884411334991e-03,3.959899768233299255e-03,4.305247217416763306e-03
1.062252521514892578e-01,8.563029170036315918e-01,2.324012108147144318e-02,6.123118102550506592e-03,3.890393069013953209e-03,4.218318499624729156e-03
1.032164543867111206e-01,8.609247803688049316e-01,2.213445864617824554e-02,5.090272519737482071e-03,4.627288319170475006e-03,4.006800241768360138e-03
1.060677319765090942e-01,8.536008000373840332e-01,2.565668709576129913e-02,5.923686083406209946e-03,4.690737929195165634e-03,4.060444422066211700e-03
9.990824013948440552e-02,8.640320301055908203e-01,2.234674058854579926e-02,4.937321878969669342e-03,4.919703118503093719e-03,3.855925751850008965e-03
1.130371838808059692e-01,8.495864868164062500e-01,2.327698096632957458e-02,5.226126872003078461e-03,4.851018078625202179e-03,4.022321663796901703e-03
1.043996363878250122e-01,8.595195412635803223e-01,2.250466123223304749e-02,5.012700799852609634e-03,4.712251480668783188e-03,3.851163899526000023e-03
1.245189085602760315e-01,8.360373973846435547e-01,2.453096769750118256e-02,5.559688899666070938e-03,4.978580866008996964e-03,4.374400246888399124e-03
1.345093995332717896e-01,8.259236216545104980e-01,2.459268271923065186e-02,5.375581327825784683e-03,5.129229743033647537e-03,4.469458945095539093e-03
1.565533131361007690e-01,7.998012900352478027e-01,2.724923565983772278e-02,5.954016931354999542e-03,5.516915582120418549e-03,4.925233777612447739e-03
1.587263494729995728e-01,7.999417781829833984e-01,2.514305151998996735e-02,5.553768482059240341e-03,5.583678372204303741e-03,5.051384679973125458e-03
1.667928695678710938e-01,7.925208210945129395e-01,2.479750849306583405e-02,5.473616067320108414e-03,5.459662526845932007e-03,4.955402109771966934e-03
1.877784430980682373e-01,7.692480087280273438e-01,2.631166391074657440e-02,6.155456416308879852e-03,5.277885589748620987e-03,5.228544119745492935e-03
1.931636035442352295e-01,7.636149525642395020e-01,2.687263302505016327e-02,6.863695103675127029e-03,4.468383267521858215e-03,5.016790237277746201e-03
1.498668938875198364e-01,8.069927096366882324e-01,2.859616093337535858e-02,6.817971356213092804e-03,3.597212024033069611e-03,4.129074513912200928e-03
1.538776457309722900e-01,8.015242815017700195e-01,2.962066419422626495e-02,7.190718315541744232e-03,3.561680903658270836e-03,4.224978387355804443e-03
1.455778181552886963e-01,8.121714591979980469e-01,2.782052010297775269e-02,7.049682084470987320e-03,3.314408240839838982e-03,4.066051915287971497e-03
1.178476959466934204e-01,8.363235592842102051e-01,3.149382770061492920e-02,7.135143037885427475e-03,3.498391713947057724e-03,3.701389767229557037e-03
1.308339834213256836e-01,8.301584124565124512e-01,2.506761997938156128e-02,6.101225037127733231e-03,3.866670653223991394e-03,3.972013946622610092e-03
1.127623021602630615e-01,8.479744195938110352e-01,2.566341869533061981e-02,5.951597355306148529e-03,3.902922151610255241e-03,3.745374269783496857e-03
8.932260423898696899e-02,8.719484806060791016e-01,2.632970176637172699e-02,6.090566515922546387e-03,3.214373253285884857e-03,3.094359301030635834e-03
8.885668963193893433e-02,8.693708777427673340e-01,2.850560657680034637e-02,6.004611030220985413e-03,3.954580519348382950e-03,3.307645674794912338e-03
8.478745073080062866e-02,8.734813332557678223e-01,2.864285930991172791e-02,6.402603816241025925e-03,3.516292897984385490e-03,3.169503761455416679e-03
8.827619999647140503e-02,8.736315369606018066e-01,2.544792369008064270e-02,5.904401186853647232e-03,3.437417792156338692e-03,3.302587661892175674e-03
9.453242272138595581e-02,8.693168163299560547e-01,2.385368384420871735e-02,5.441368557512760162e-03,3.452260512858629227e-03,3.403533715754747391e-03
1.326809376478195190e-01,8.324046730995178223e-01,2.143313921988010406e-02,5.835575982928276062e-03,3.437358187511563301e-03,4.208385478705167770e-03
1.817078888416290283e-01,7.807490825653076172e-01,2.221116982400417328e-02,6.457004230469465256e-03,3.652191720902919769e-03,5.222709849476814270e-03
1.458937823772430420e-01,8.178891539573669434e-01,2.254349552094936371e-02,6.371218245476484299e-03,3.013308160006999969e-03,4.288995172828435898e-03
1.394142657518386841e-01,8.203278183937072754e-01,2.545472048223018646e-02,6.972004659473896027e-03,3.350159153342247009e-03,4.481163807213306427e-03
1.285160630941390991e-01,8.334077596664428711e-01,2.373904176056385040e-02,6.140748970210552216e-03,3.837151918560266495e-03,4.359152168035507202e-03
8.127051591873168945e-02,8.878361582756042480e-01,1.988293603062629700e-02,4.600753542035818100e-03,3.474946599453687668e-03,2.934723626822233200e-03
1.048460751771926880e-01,8.600071072578430176e-01,2.231668867170810699e-02,5.071136634796857834e-03,4.133712500333786011e-03,3.625206416472792625e-03
1.101738065481185913e-01,8.571532368659973145e-01,2.001428604125976562e-02,4.786245059221982956e-03,4.112713038921356201e-03,3.759739920496940613e-03
1.153875961899757385e-01,8.504994511604309082e-01,2.067194506525993347e-02,4.770296160131692886e-03,4.674395546317100525e-03,3.996262792497873306e-03
1.047167852520942688e-01,8.629812002182006836e-01,1.982528716325759888e-02,4.739333409816026688e-03,4.047169350087642670e-03,3.690097481012344360e-03
1.200777292251586914e-01,8.417713642120361328e-01,2.433610521256923676e-02,5.652166903018951416e-03,4.232788924127817154e-03,3.929760307073593140e-03
9.995129704475402832e-02,8.587503433227539062e-01,2.850540541112422943e-02,6.485581863671541214e-03,3.154980717226862907e-03,3.152403049170970917e-03
1.034539341926574707e-01,8.551640510559082031e-01,2.797439508140087128e-02,6.470617372542619705e-03,3.375908359885215759e-03,3.561134915798902512e-03
1.185511574149131775e-01,8.369023799896240234e-01,2.984830923378467560e-02,7.153518963605165482e-03,3.468501381576061249e-03,4.076107870787382126e-03
1.119353175163269043e-01,8.484131097793579102e-01,2.594101987779140472e-02,5.884005688130855560e-03,3.795593744143843651e-03,4.030889831483364105e-03
1.293165385723114014e-01,8.332386612892150879e-01,2.261186391115188599e-02,5.576889030635356903e-03,4.405443090945482254e-03,4.850546363741159439e-03
1.244089677929878235e-01,8.390611410140991211e-01,2.191374450922012329e-02,5.581840872764587402e-03,4.317339509725570679e-03,4.716937895864248276e-03
1.194030568003654480e-01,8.452187776565551758e-01,2.137760072946548462e-02,5.180701613426208496e-03,4.337948281317949295e-03,4.481903277337551117e-03
1.261042058467864990e-01,8.387575745582580566e-01,2.117845229804515839e-02,5.608668550848960876e-03,3.917433321475982666e-03,4.433657974004745483e-03
1.360239833593368530e-01,8.276546001434326172e-01,2.230732515454292297e-02,5.655628163367509842e-03,3.967295400798320770e-03,4.391127265989780426e-03
1.504603326320648193e-01,8.111127018928527832e-01,2.373157814145088196e-02,5.524654407054185867e-03,4.545319359749555588e-03,4.625372588634490967e-03
1.511849910020828247e-01,8.088837862014770508e-01,2.457030676305294037e-02,5.609290674328804016e-03,4.904383327811956406e-03,4.847136791795492172e-03
1.323989480733871460e-01,8.296059370040893555e-01,2.354310452938079834e-02,5.489133298397064209e-03,4.557183012366294861e-03,4.405612591654062271e-03
1.108001917600631714e-01,8.554196953773498535e-01,2.081742323935031891e-02,5.485001485794782639e-03,3.549915971234440804e-03,3.927827347069978714e-03
1.177754700183868408e-01,8.471164703369140625e-01,2.100540511310100555e-02,5.484453402459621429e-03,4.235353786498308182e-03,4.382784478366374969e-03
9.536502510309219360e-02,8.740377426147460938e-01,1.864937879145145416e-02,5.240818951278924942e-03,3.214223077520728111e-03,3.492764895781874657e-03
8.580657094717025757e-02,8.849272131919860840e-01,1.789743639528751373e-02,5.181694868952035904e-03,2.897498197853565216e-03,3.289453918114304543e-03
8.931836485862731934e-02,8.804194331169128418e-01,1.856446079909801483e-02,4.756348673254251480e-03,3.561036195605993271e-03,3.380436217412352562e-03
8.163245022296905518e-02,8.889049887657165527e-01,1.826998032629489899e-02,4.709714092314243317e-03,3.310176078230142593e-03,3.172704251483082771e-03
8.972481638193130493e-02,8.777231574058532715e-01,2.050198055803775787e-02,5.555295385420322418e-03,3.105584532022476196e-03,3.389311255887150764e-03
9.513763338327407837e-02,8.691478967666625977e-01,2.266862802207469940e-02,5.962984170764684677e-03,3.451464697718620300e-03,3.631331725046038628e-03
1.042925044894218445e-01,8.582003712654113770e-01,2.376200817525386810e-02,6.124697625637054443e-03,3.730585332959890366e-03,3.889866173267364502e-03
1.296957582235336304e-01,8.308360576629638672e-01,2.421545609831809998e-02,6.394819356501102448e-03,4.202328622341156006e-03,4.655610304325819016e-03
1.361426115036010742e-01,8.269982337951660156e-01,2.235844731330871582e-02,6.047003902494907379e-03,3.860873868688941002e-03,4.592716693878173828e-03
1.081618741154670715e-01,8.594844937324523926e-01,1.961838267743587494e-02,4.900815896689891815e-03,3.928047604858875275e-03,3.906406462192535400e-03
9.611354768276214600e-02,8.725570440292358398e-01,1.934664696455001831e-02,4.899098537862300873e-03,3.528284374624490738e-03,3.555512754246592522e-03
7.365383207798004150e-02,8.980542421340942383e-01,1.768225245177745819e-02,4.606042057275772095e-03,3.085345495492219925e-03,2.918253419920802116e-03
6.858014315366744995e-02,9.054589271545410156e-01,1.608917117118835449e-02,4.236484877765178680e-03,2.956404117867350578e-03,2.678745193406939507e-03
7.174564152956008911e-02,9.016789793968200684e-01,1.657243259251117706e-02,4.445337690412998199e-03,2.815364161506295204e-03,2.742226468399167061e-03
6.782587617635726929e-02,9.063909053802490234e-01,1.610711403191089630e-02,4.423270467668771744e-03,2.628763671964406967e-03,2.624005777761340141e-03
7.369809597730636597e-02,8.991860151290893555e-01,1.709514483809471130e-02,4.657560028135776520e-03,2.635430777445435524e-03,2.727705985307693481e-03
8.263085037469863892e-02,8.881497383117675781e-01,1.848199963569641113e-02,4.989185836166143417e-03,2.743509365245699883e-03,3.004627535119652748e-03
9.876988083124160767e-02,8.708144426345825195e-01,1.916807703673839569e-02,5.182542838156223297e-03,2.818355336785316467e-03,3.246718784794211388e-03
1.072440668940544128e-01,8.601661920547485352e-01,2.028052322566509247e-02,6.000719498842954636e-03,2.816583495587110519e-03,3.491860348731279373e-03
1.152954250574111938e-01,8.512414097785949707e-01,2.095215767621994019e-02,5.953394342213869095e-03,2.941643120720982552e-03,3.615919966250658035e-03
1.040759459137916565e-01,8.633792400360107422e-01,2.058456838130950928e-02,6.086565088480710983e-03,2.574719255790114403e-03,3.298986237496137619e-03
8.220311999320983887e-02,8.865275979042053223e-01,2.023600041866302490e-02,5.786781664937734604e-03,2.341862767934799194e-03,2.904726658016443253e-03
9.635987132787704468e-02,8.704856038093566895e-01,2.081257477402687073e-02,6.561821326613426208e-03,2.508850535377860069e-03,3.271292429417371750e-03
9.962234646081924438e-02,8.667738437652587891e-01,2.154851704835891724e-02,5.484276451170444489e-03,3.138595726341009140e-03,3.432331141084432602e-03
1.192477494478225708e-01,8.470400571823120117e-01,2.081653103232383728e-02,5.418275017291307449e-03,3.595812711864709854e-03,3.881437703967094421e-03
1.200123801827430725e-01,8.467563986778259277e-01,2.080547623336315155e-02,5.354564171284437180e-03,3.335355781018733978e-03,3.735805628821253777e-03
1.254035532474517822e-01,8.420941829681396484e-01,2.004983276128768921e-02,5.349596496671438217e-03,3.315476002171635628e-03,3.787476336583495140e-03
1.188490018248558044e-01,8.501979112625122070e-01,1.923179626464843750e-02,5.280876532196998596e-03,2.882427768781781197e-03,3.557933261618018150e-03
1.150098964571952820e-01,8.553819060325622559e-01,1.837219484150409698e-02,5.262559745460748672e-03,2.580393804237246513e-03,3.393041202798485756e-03
9.323897957801818848e-02,8.787263035774230957e-01,1.746811904013156891e-02,5.004062782973051071e-03,2.483745571225881577e-03,3.078756155446171761e-03
8.917217701673507690e-02,8.830088376998901367e-01,1.725198328495025635e-02,5.009373649954795837e-03,2.486897399649024010e-03,3.070774022489786148e-03
9.840729832649230957e-02,8.703674674034118652e-01,1.921106129884719849e-02,5.902453325688838959e-03,2.590419258922338486e-03,3.521382808685302734e-03
7.662382721900939941e-02,8.976106643676757812e-01,1.558576989918947220e-02,4.975230433046817780e-03,2.252955455332994461e-03,2.951523754745721817e-03
7.619106024503707886e-02,8.968511819839477539e-01,1.664453372359275818e-02,4.768885206431150436e-03,2.577126724645495415e-03,2.967117587104439735e-03
8.530566841363906860e-02,8.852542042732238770e-01,1.799390837550163269e-02,5.012874491512775421e-03,3.168279537931084633e-03,3.265002276748418808e-03
8.034246414899826050e-02,8.916373252868652344e-01,1.715692877769470215e-02,4.605467431247234344e-03,3.157887840643525124e-03,3.099744440987706184e-03
7.310322672128677368e-02,9.010809063911437988e-01,1.579419709742069244e-02,4.337511956691741943e-03,2.870766911655664444e-03,2.813448430970311165e-03
8.186035603284835815e-02,8.900257349014282227e-01,1.733611151576042175e-02,4.609824623912572861e-03,3.119129221886396408e-03,3.048965940251946449e-03
7.953134924173355103e-02,8.916278481483459473e-01,1.820127107203006744e-02,4.588730633258819580e-03,3.140088170766830444e-03,2.910648705437779427e-03
7.512685656547546387e-02,8.987628221511840820e-01,1.632523722946643829e-02,4.478219896554946899e-03,2.591190394014120102e-03,2.715735929086804390e-03
7.747965306043624878e-02,8.944031596183776855e-01,1.792932488024234772e-02,4.908700939267873764e-03,2.490398939698934555e-03,2.788808662444353104e-03
7.840820401906967163e-02,8.956680893898010254e-01,1.608590222895145416e-02,4.708392545580863953e-03,2.355485223233699799e-03,2.773845801129937172e-03
7.389310747385025024e-02,8.999128937721252441e-01,1.645006053149700165e-02,4.603345878422260284e-03,2.441409742459654808e-03,2.699204254895448685e-03
7.158017158508300781e-02,9.047244787216186523e-01,1.466636452823877335e-02,4.198268521577119827e-03,2.265965100377798080e-03,2.564704976975917816e-03
8.733952045440673828e-02,8.865580558776855469e-01,1.599368825554847717e-02,4.521805327385663986e-03,2.615520730614662170e-03,2.971491077914834023e-03
9.639225900173187256e-02,8.749917745590209961e-01,1.765963993966579437e-02,5.076941102743148804e-03,2.624105196446180344e-03,3.255408024415373802e-03
1.040943264961242676e-01,8.672162294387817383e-01,1.752934604883193970e-02,5.391075275838375092e-03,2.382150851190090179e-03,3.386704018339514732e-03
9.705925732851028442e-02,8.728396892547607422e-01,1.837687008082866669e-02,6.238799076527357101e-03,2.242152811959385872e-03,3.243238432332873344e-03
9.706970304250717163e-02,8.736817240715026855e-01,1.808173581957817078e-02,5.620665382593870163e-03,2.340586390346288681e-03,3.205453744158148766e-03
7.700517028570175171e-02,8.950568437576293945e-01,1.726046018302440643e-02,5.612730979919433594e-03,2.195473527535796165e-03,2.869366435334086418e-03
1.001589000225067139e-01,8.683279156684875488e-01,1.937220431864261627e-02,5.705600138753652573e-03,2.909474307671189308e-03,3.525887383148074150e-03
1.253502815961837769e-01,8.438771367073059082e-01,1.844438351690769196e-02,5.560563877224922180e-03,2.859048312529921532e-03,3.908565733581781387e-03
1.592302024364471436e-01,8.103495240211486816e-01,1.756901480257511139e-02,5.226640496402978897e-03,3.194565651938319206e-03,4.429935012012720108e-03
1.560125201940536499e-01,8.146005868911743164e-01,1.702806539833545685e-02,5.206651054322719574e-03,2.907431218773126602e-03,4.244789481163024902e-03
1.487358808517456055e-01,8.182636499404907227e-01,2.047792449593544006e-02,5.449142307043075562e-03,2.965174149721860886e-03,4.108298569917678833e-03
1.263471543788909912e-01,8.369522094726562500e-01,2.397159300744533539e-02,5.920020863413810730e-03,3.116472391411662102e-03,3.692441387102007866e-03
1.001659780740737915e-01,8.594736456871032715e-01,2.693511173129081726e-02,6.414140108972787857e-03,3.403129288926720619e-03,3.608024679124355316e-03
9.221850335597991943e-02,8.676323294639587402e-01,2.725679054856300354e-02,6.135187577456235886e-03,3.386673284694552422e-03,3.370535559952259064e-03
1.202075034379959106e-01,8.395956158638000488e-01,2.587426640093326569e-02,6.328781601041555405e-03,3.801368875429034233e-03,4.192558582872152328e-03
9.169836342334747314e-02,8.782883286476135254e-01,1.842529512941837311e-02,5.253559444099664688e-03,2.910333452746272087e-03,3.424106398597359657e-03
1.042839437723159790e-01,8.622543811798095703e-01,2.080759219825267792e-02,5.557268857955932617e-03,3.335743211209774017e-03,3.761170199140906334e-03
9.600950032472610474e-02,8.749078512191772461e-01,1.763852126896381378e-02,5.232470575720071793e-03,2.715653507038950920e-03,3.495906712487339973e-03
9.272253513336181641e-02,8.776420354843139648e-01,1.830894313752651215e-02,5.062234587967395782e-03,2.940928330644965172e-03,3.323356853798031807e-03
8.337359875440597534e-02,8.904020786285400391e-01,1.612549647688865662e-02,4.540623165667057037e-03,2.598722232505679131e-03,2.959455363452434540e-03
8.962251245975494385e-02,8.813300728797912598e-01,1.784822344779968262e-02,4.845921881496906281e-03,3.051138482987880707e-03,3.302137833088636398e-03
7.757795602083206177e-02,8.972585201263427734e-01,1.530084479600191116e-02,4.223832860589027405e-03,2.737051341682672501e-03,2.901842119172215462e-03
9.028051793575286865e-02,8.816651105880737305e-01,1.716584712266921997e-02,4.763280041515827179e-03,2.878317143768072128e-03,3.246973967179656029e-03
8.233984559774398804e-02,8.913016915321350098e-01,1.612672396004199982e-02,4.448239225894212723e-03,2.749123843386769295e-03,3.034343710169196129e-03
7.388448715209960938e-02,9.000792503356933594e-01,1.609778963029384613e-02,4.485067445784807205e-03,2.631677547469735146e-03,2.821748144924640656e-03
6.863733381032943726e-02,9.072235226631164551e-01,1.487672515213489532e-02,4.419889766722917557e-03,2.238876884803175926e-03,2.603706903755664825e-03
7.650953531265258789e-02,8.965258598327636719e-01,1.666596531867980957e-02,4.741160199046134949e-03,2.625179709866642952e-03,2.932334551587700844e-03
8.353208750486373901e-02,8.879076838493347168e-01,1.744941994547843933e-02,4.956308286637067795e-03,2.962556900456547737e-03,3.191989380866289139e-03
8.296389132738113403e-02,8.880496025085449219e-01,1.767119206488132477e-02,5.052940454334020615e-03,3.028092673048377037e-03,3.234219038859009743e-03
7.684691995382308960e-02,8.970361948013305664e-01,1.587425544857978821e-02,4.691955167800188065e-03,2.645041793584823608e-03,2.905530855059623718e-03
7.269345968961715698e-02,9.009729027748107910e-01,1.622572541236877441e-02,4.615009296685457230e-03,2.684944774955511093e-03,2.808129647746682167e-03
6.411811709403991699e-02,9.120833873748779297e-01,1.466111373156309128e-02,4.154887050390243530e-03,2.466750098392367363e-03,2.515768166631460190e-03
6.820696592330932617e-02,9.069632291793823242e-01,1.530851516872644424e-02,4.223198164254426956e-03,2.684549661353230476e-03,2.613522578030824661e-03
8.332364261150360107e-02,8.900548815727233887e-01,1.636609435081481934e-02,4.512308165431022644e-03,2.752281492576003075e-03,2.990765962749719620e-03
8.686428517103195190e-02,8.859831690788269043e-01,1.650545187294483185e-02,4.650170914828777313e-03,2.867429051548242569e-03,3.129588905721902847e-03
9.008678048849105835e-02,8.823825716972351074e-01,1.659534685313701630e-02,5.255830474197864532e-03,2.442721277475357056e-03,3.236891701817512512e-03
8.926189690828323364e-02,8.826469779014587402e-01,1.725431159138679504e-02,5.414922721683979034e-03,2.279878361150622368e-03,3.141980385407805443e-03
9.417053312063217163e-02,8.773983120918273926e-01,1.739696413278579712e-02,5.593024194240570068e-03,2.227887278422713280e-03,3.213384654372930527e-03
7.814908027648925781e-02,8.960161209106445312e-01,1.597047038376331329e-02,5.067838355898857117e-03,1.962867798283696175e-03,2.833598293364048004e-03
8.084156364202499390e-02,8.931797146797180176e-01,1.598851382732391357e-02,4.814493469893932343e-03,2.240620087832212448e-03,2.935033058747649193e-03
6.791873276233673096e-02,9.071840047836303711e-01,1.561372727155685425e-02,4.686928819864988327e-03,2.043054904788732529e-03,2.553581260144710541e-03
7.624438405036926270e-02,8.960672616958618164e-01,1.748597808182239532e-02,4.943083971738815308e-03,2.436156850308179855e-03,2.823218237608671188e-03
5.626194924116134644e-02,9.216207861900329590e-01,1.409490779042243958e-02,4.245145712047815323e-03,1.710138632915914059e-03,2.067070920020341873e-03
7.453751564025878906e-02,8.994079828262329102e-01,1.643206737935543060e-02,5.036164540797472000e-03,2.008667448535561562e-03,2.577766077592968941e-03
8.286824077367782593e-02,8.919453620910644531e-01,1.584035344421863556e-02,4.960746038705110550e-03,1.772519317455589771e-03,2.612840849906206131e-03
9.283629804849624634e-02,8.812310099601745605e-01,1.590084657073020935e-02,4.938006401062011719e-03,2.099622506648302078e-03,2.994151087477803230e-03
6.963736563920974731e-02,9.098090529441833496e-01,1.243104971945285797e-02,4.025841597467660904e-03,1.695169718004763126e-03,2.401439938694238663e-03
9.480775147676467896e-02,8.782856464385986328e-01,1.621470972895622253e-02,4.849051591008901596e-03,2.502231858670711517e-03,3.340549767017364502e-03
9.254379570484161377e-02,8.808557987213134766e-01,1.588747650384902954e-02,4.786533769220113754e-03,2.621179912239313126e-03,3.305323421955108643e-03
7.695759087800979614e-02,8.964715600013732910e-01,1.637058705091476440e-02,4.776427522301673889e-03,2.572910394519567490e-03,2.850808203220367432e-03
7.364097237586975098e-02,8.931187391281127930e-01,2.253979444503784180e-02,5.223893094807863235e-03,2.796905813738703728e-03,2.679729135707020760e-03
6.605175882577896118e-02,9.025685787200927734e-01,2.127134054899215698e-02,4.907989874482154846e-03,2.723903395235538483e-03,2.476445632055401802e-03
7.534559816122055054e-02,8.912445902824401855e-01,2.262556552886962891e-02,5.010404624044895172e-03,3.017972689121961594e-03,2.755865687504410744e-03
9.396912157535552979e-02,8.694934844970703125e-01,2.390338666737079620e-02,5.193916149437427521e-03,3.882789984345436096e-03,3.557344200089573860e-03
9.633957594633102417e-02,8.694267868995666504e-01,2.200772240757942200e-02,4.763486329466104507e-03,3.897889982908964157e-03,3.564491169527173042e-03
1.159715056419372559e-01,8.489238619804382324e-01,2.120176702737808228e-02,5.034379195421934128e-03,4.519952926784753799e-03,4.348518792539834976e-03
9.729839861392974854e-02,8.696295022964477539e-01,2.040463872253894806e-02,4.902538377791643143e-03,4.034185316413640976e-03,3.730728756636381149e-03
8.495793491601943970e-02,8.852037191390991211e-01,1.840035989880561829e-02,4.661533515900373459e-03,3.488411894068121910e-03,3.288036677986383438e-03
9.102121740579605103e-02,8.775190114974975586e-01,1.934816129505634308e-02,4.856837913393974304e-03,3.810598282143473625e-03,3.444107016548514366e-03
8.830901980400085449e-02,8.791005611419677734e-01,2.054291404783725739e-02,4.909885115921497345e-03,3.858244279399514198e-03,3.279437078163027763e-03
8.450493216514587402e-02,8.823149204254150391e-01,2.146735042333602905e-02,5.041113123297691345e-03,3.537274198606610298e-03,3.134405473247170448e-03
8.397863060235977173e-02,8.831270337104797363e-01,2.134252898395061493e-02,4.931750241667032242e-03,3.517531324177980423e-03,3.102676011621952057e-03
7.732102274894714355e-02,8.936044573783874512e-01,1.884938403964042664e-02,4.586728755384683609e-03,2.886669477447867393e-03,2.751887543126940727e-03
7.074221968650817871e-02,9.032123088836669922e-01,1.686823368072509766e-02,4.365312866866588593e-03,2.345985965803265572e-03,2.466010162606835365e-03
6.981515139341354370e-02,9.040023088455200195e-01,1.665385439991950989e-02,4.689666908234357834e-03,2.327158348634839058e-03,2.511909930035471916e-03
7.097158581018447876e-02,9.032780528068542480e-01,1.629354059696197510e-02,4.452078603208065033e-03,2.420620294287800789e-03,2.584094880148768425e-03
6.550268083810806274e-02,9.100996851921081543e-01,1.532461028546094894e-02,4.210379440337419510e-03,2.409450476989150047e-03,2.453210065141320229e-03
5.822155624628067017e-02,9.202020764350891113e-01,1.329366583377122879e-02,3.843618789687752724e-03,2.153234789147973061e-03,2.285774098709225655e-03
6.461835652589797974e-02,9.118937253952026367e-01,1.445464137941598892e-02,4.201250616461038589e-03,2.340765669941902161e-03,2.491244580596685410e-03
6.909906119108200073e-02,9.058398604393005371e-01,1.565879397094249725e-02,4.388519097119569778e-03,2.437638351693749428e-03,2.576067810878157616e-03
5.793878808617591858e-02,9.203125238418579102e-01,1.353200711309909821e-02,4.002679139375686646e-03,1.997964223846793175e-03,2.216081833466887474e-03
6.848784536123275757e-02,9.068702459335327148e-01,1.523513905704021454e-02,4.366928711533546448e-03,2.436747075989842415e-03,2.603149740025401115e-03
6.787608563899993896e-02,9.076464176177978516e-01,1.517580263316631317e-02,4.338726401329040527e-03,2.419291762635111809e-03,2.543827984482049942e-03
5.928438529372215271e-02,9.198989272117614746e-01,1.283737365156412125e-02,3.901561954990029335e-03,1.896532718092203140e-03,2.181004267185926437e-03
5.953659862279891968e-02,9.195649623870849609e-01,1.278585940599441528e-02,3.871809924021363258e-03,2.016726415604352951e-03,2.224112395197153091e-03
6.029610708355903625e-02,9.181795716285705566e-01,1.310827396810054779e-02,4.072541836649179459e-03,2.048899419605731964e-03,2.294637728482484818e-03
5.951768532395362854e-02,9.192017912864685059e-01,1.295066997408866882e-02,4.069561138749122620e-03,1.982124289497733116e-03,2.278108382597565651e-03
5.795256420969963074e-02,9.216128587722778320e-01,1.230201777070760727e-02,3.987863194197416306e-03,1.886586309410631657e-03,2.258056076243519783e-03
6.402241438627243042e-02,9.134427905082702637e-01,1.360594201833009720e-02,4.502361174672842026e-03,1.957525033503770828e-03,2.469080500304698944e-03
6.646107137203216553e-02,9.104719758033752441e-01,1.393874455243349075e-02,4.637829959392547607e-03,1.956290798261761665e-03,2.534101950004696846e-03
6.430696696043014526e-02,9.134323000907897949e-01,1.347635872662067413e-02,4.368678666651248932e-03,1.969256671145558357e-03,2.446471014991402626e-03
6.030919775366783142e-02,9.182970523834228516e-01,1.296214107424020767e-02,4.223048221319913864e-03,1.901744166389107704e-03,2.306904643774032593e-03
6.534930318593978882e-02,9.119022488594055176e-01,1.387918554246425629e-02,4.200556315481662750e-03,2.196701476350426674e-03,2.471900777891278267e-03
7.118515670299530029e-02,9.047054648399353027e-01,1.469941716641187668e-02,4.397256299853324890e-03,2.356736222282052040e-03,2.656002761796116829e-03
6.289375573396682739e-02,9.151860475540161133e-01,1.344173774123191833e-02,4.095705691725015640e-03,2.008829033002257347e-03,2.374000847339630127e-03
7.500702142715454102e-02,9.007867574691772461e-01,1.474554371088743210e-02,4.437566734850406647e-03,2.290324540808796883e-03,2.732739085331559181e-03
6.065346300601959229e-02,9.185007810592651367e-01,1.283622346818447113e-02,4.012850578874349594e-03,1.781831495463848114e-03,2.214921405538916588e-03
6.403397023677825928e-02,9.136025309562683105e-01,1.387699972838163376e-02,4.277681000530719757e-03,1.912000239826738834e-03,2.296750200912356377e-03
5.780135840177536011e-02,9.211077094078063965e-01,1.322252396494150162e-02,3.936748951673507690e-03,1.848860178142786026e-03,2.082750899717211723e-03
5.427677184343338013e-02,9.254149794578552246e-01,1.279973890632390976e-02,3.767637303099036217e-03,1.780022284947335720e-03,1.960912719368934631e-03
5.151196196675300598e-02,9.297509193420410156e-01,1.169298682361841202e-02,3.596947994083166122e-03,1.594698987901210785e-03,1.852473011240363121e-03
5.858033522963523865e-02,9.219849109649658203e-01,1.184339821338653564e-02,3.697696374729275703e-03,1.788334571756422520e-03,2.105339197441935539e-03
6.426119059324264526e-02,9.146882891654968262e-01,1.286273077130317688e-02,4.059407860040664673e-03,1.856161397881805897e-03,2.272199373692274094e-03
6.484141200780868530e-02,9.128527045249938965e-01,1.387026533484458923e-02,4.261832684278488159e-03,1.883617951534688473e-03,2.290200674906373024e-03
6.423065811395645142e-02,9.141438603401184082e-01,1.337720546871423721e-02,4.240730777382850647e-03,1.760766492225229740e-03,2.246867399662733078e-03
5.638204142451286316e-02,9.239428043365478516e-01,1.222882978618144989e-02,3.750439034774899483e-03,1.691962592303752899e-03,2.003830159083008766e-03
5.890819802880287170e-02,9.207224249839782715e-01,1.262086909264326096e-02,3.886923193931579590e-03,1.758864033035933971e-03,2.102704020217061043e-03
7.900275290012359619e-02,8.959354758262634277e-01,1.549241319298744202e-02,4.520425572991371155e-03,2.303436631336808205e-03,2.745378296822309494e-03
6.260476261377334595e-02,9.158861041069030762e-01,1.318750064820051193e-02,3.948523197323083878e-03,2.066778950393199921e-03,2.306287409737706184e-03
5.632664635777473450e-02,9.232450127601623535e-01,1.250150240957736969e-02,3.933975007385015488e-03,1.804063562303781509e-03,2.188697457313537598e-03
6.297515332698822021e-02,9.138287305831909180e-01,1.412921771407127380e-02,4.545237869024276733e-03,2.048805588856339455e-03,2.472868422046303749e-03
5.590271949768066406e-02,9.229006767272949219e-01,1.302138529717922211e-02,4.159392789006233215e-03,1.816917792893946171e-03,2.198974136263132095e-03
5.104804784059524536e-02,9.297239184379577637e-01,1.176829356700181961e-02,3.830483416095376015e-03,1.620114548131823540e-03,2.009036019444465637e-03
5.738931894302368164e-02,9.214769005775451660e-01,1.293081976473331451e-02,4.178666509687900543e-03,1.799415447749197483e-03,2.224833238869905472e-03
5.523212999105453491e-02,9.253066778182983398e-01,1.191353704780340195e-02,3.870205255225300789e-03,1.626484561711549759e-03,2.051122253760695457e-03
6.460581719875335693e-02,9.130799770355224609e-01,1.359275728464126587e-02,4.242382477968931198e-03,2.058621961623430252e-03,2.420487115159630775e-03
5.941364541649818420e-02,9.201981425285339355e-01,1.237359363585710526e-02,3.912747837603092194e-03,1.874850364401936531e-03,2.227066317573189735e-03
6.563635915517807007e-02,9.124307036399841309e-01,1.322631910443305969e-02,4.202838521450757980e-03,2.052288735285401344e-03,2.451328095048666000e-03
5.872741341590881348e-02,9.205548167228698730e-01,1.253181137144565582e-02,4.019163548946380615e-03,1.893258769996464252e-03,2.273590303957462311e-03
6.829527765512466431e-02,9.096528291702270508e-01,1.337569113820791245e-02,4.268238786607980728e-03,1.968476455658674240e-03,2.439468633383512497e-03
6.942807883024215698e-02,9.079189300537109375e-01,1.376242842525243759e-02,4.469263367354869843e-03,1.934739062562584877e-03,2.486639656126499176e-03
6.025486066937446594e-02,9.191719889640808105e-01,1.255487091839313507e-02,4.234265536069869995e-03,1.622863463126122952e-03,2.161082345992326736e-03
7.199513167142868042e-02,9.032193422317504883e-01,1.526898890733718872e-02,5.094662308692932129e-03,1.843141973949968815e-03,2.578845713287591934e-03
6.339177489280700684e-02,9.151480197906494141e-01,1.306845247745513916e-02,4.514235071837902069e-03,1.591463806107640266e-03,2.286031376570463181e-03
7.209158688783645630e-02,9.045907855033874512e-01,1.401728391647338867e-02,5.017401184886693954e-03,1.685961382463574409e-03,2.596911275759339333e-03
6.451658159494400024e-02,9.144484996795654297e-01,1.251125801354646683e-02,4.519350826740264893e-03,1.574969501234591007e-03,2.429331419989466667e-03
6.130111962556838989e-02,9.181325435638427734e-01,1.236875727772712708e-02,4.208689089864492416e-03,1.700610970146954060e-03,2.288227900862693787e-03
5.329809337854385376e-02,9.293012619018554688e-01,1.033605169504880905e-02,3.701566951349377632e-03,1.403768430463969707e-03,1.959325280040502548e-03
5.142545327544212341e-02,9.313412308692932129e-01,1.031388528645038605e-02,3.612247062847018242e-03,1.404761103913187981e-03,1.902408082969486713e-03
4.938315600156784058e-02,9.332598447799682617e-01,1.047991681843996048e-02,3.598527750000357628e-03,1.404278795234858990e-03,1.874252920970320702e-03
5.641552060842514038e-02,9.250481724739074707e-01,1.110295392572879791e-02,3.886707592755556107e-03,1.484456239268183708e-03,2.062279731035232544e-03
5.994598567485809326e-02,9.199930429458618164e-01,1.209055446088314056e-02,4.073462449014186859e-03,1.658863388001918793e-03,2.238087356090545654e-03
6.656382977962493896e-02,9.109023213386535645e-01,1.366292219609022141e-02,4.645911045372486115e-03,1.775240991264581680e-03,2.449837047606706619e-03
6.471920013427734375e-02,9.132238030433654785e-01,1.337698940187692642e-02,4.437740426510572433e-03,1.828861422836780548e-03,2.413404174149036407e-03
5.648459121584892273e-02,9.235232472419738770e-01,1.216197572648525238e-02,4.124455153942108154e-03,1.582122640684247017e-03,2.123582642525434494e-03
5.457335710525512695e-02,9.251089096069335938e-01,1.244249287992715836e-02,4.142899997532367706e-03,1.655127271078526974e-03,2.077145269140601158e-03
6.205788999795913696e-02,9.168347716331481934e-01,1.303048245608806610e-02,4.252895247191190720e-03,1.630633370950818062e-03,2.193196211010217667e-03
5.661639571189880371e-02,9.229638576507568359e-01,1.268773339688777924e-02,4.097809083759784698e-03,1.583170960657298565e-03,2.050974871963262558e-03
6.658048927783966064e-02,9.098809957504272461e-01,1.487536355853080750e-02,4.453185945749282837e-03,1.883391523733735085e-03,2.326447749510407448e-03
6.525576859712600708e-02,9.112827181816101074e-01,1.474974770098924637e-02,4.714565351605415344e-03,1.661246642470359802e-03,2.336024772375822067e-03
8.042640984058380127e-02,8.943719863891601562e-01,1.549391262233257294e-02,5.214693956077098846e-03,1.762968720868229866e-03,2.730170963332056999e-03
6.438961625099182129e-02,9.152079224586486816e-01,1.232242863625288010e-02,4.454003646969795227e-03,1.384681789204478264e-03,2.241425681859254837e-03
6.611213833093643188e-02,9.126419425010681152e-01,1.263025309890508652e-02,4.818269051611423492e-03,1.411664881743490696e-03,2.385755069553852081e-03
5.897752568125724792e-02,9.224289655685424805e-01,1.110612414777278900e-02,3.980156499892473221e-03,1.391649013385176659e-03,2.115408191457390785e-03
4.919432103633880615e-02,9.333813190460205078e-01,1.047661807388067245e-02,3.758437233045697212e-03,1.332493149675428867e-03,1.856704242527484894e-03
5.062148720026016235e-02,9.313189983367919922e-01,1.089448481798171997e-02,3.794423304498195648e-03,1.450690906494855881e-03,1.919873757287859917e-03
4.792635887861251831e-02,9.347177147865295410e-01,1.044508162885904312e-02,3.752158256247639656e-03,1.332203741185367107e-03,1.826460822485387325e-03
4.199495911598205566e-02,9.426250457763671875e-01,9.139075875282287598e-03,3.363660769537091255e-03,1.235253410413861275e-03,1.641984214074909687e-03
4.298209398984909058e-02,9.413997530937194824e-01,9.346261620521545410e-03,3.298609750345349312e-03,1.309461193159222603e-03,1.663942355662584305e-03
4.793218523263931274e-02,9.348179697990417480e-01,1.035682111978530884e-02,3.575323848053812981e-03,1.471608644351363182e-03,1.846050960011780262e-03
5.499058589339256287e-02,9.258625507354736328e-01,1.152948662638664246e-02,3.716353094205260277e-03,1.788136432878673077e-03,2.112958114594221115e-03
5.544181913137435913e-02,9.252725839614868164e-01,1.164260972291231155e-02,3.762531559914350510e-03,1.768217189237475395e-03,2.112283604219555855e-03
5.529948323965072632e-02,9.252722263336181641e-01,1.167329028248786926e-02,3.821821650490164757e-03,1.775462180376052856e-03,2.157734008505940437e-03
5.334448069334030151e-02,9.283985495567321777e-01,1.091537531465291977e-02,3.690815530717372894e-03,1.612880034372210503e-03,2.037888858467340469e-03
4.330329224467277527e-02,9.410002827644348145e-01,9.326676838099956512e-03,3.339316928759217262e-03,1.331591280177235603e-03,1.698793377727270126e-03
5.541505292057991028e-02,9.255853891372680664e-01,1.129385083913803101e-02,3.872401546686887741e-03,1.711852964945137501e-03,2.121385885402560234e-03
5.296232923865318298e-02,9.290765523910522461e-01,1.059137471020221710e-02,3.778212936595082283e-03,1.543344347737729549e-03,2.048211405053734779e-03
5.513816326856613159e-02,9.258076548576354980e-01,1.133465114980936050e-02,3.937209956347942352e-03,1.649798592552542686e-03,2.132438123226165771e-03
5.470993742346763611e-02,9.261744022369384766e-01,1.141835190355777740e-02,3.911611624062061310e-03,1.659855130128562450e-03,2.125830622389912605e-03
4.442202672362327576e-02,9.391078352928161621e-01,9.921898134052753448e-03,3.475554054602980614e-03,1.350765116512775421e-03,1.721863518469035625e-03
4.918120801448822021e-02,9.319918751716613770e-01,1.166053581982851028e-02,3.764587454497814178e-03,1.519339624792337418e-03,1.882552169263362885e-03
5.690998956561088562e-02,9.238013625144958496e-01,1.192642562091350555e-02,3.873105160892009735e-03,1.504522399045526981e-03,1.984567847102880478e-03
5.464639887213706970e-02,9.262075424194335938e-01,1.183480583131313324e-02,3.953461535274982452e-03,1.364677445963025093e-03,1.993125071749091148e-03
6.463305652141571045e-02,9.139277338981628418e-01,1.310996897518634796e-02,4.413524642586708069e-03,1.587369479238986969e-03,2.328329486772418022e-03
6.224915385246276855e-02,9.173598289489746094e-01,1.235827710479497910e-02,4.251432605087757111e-03,1.525868196040391922e-03,2.255372935906052589e-03
5.975917354226112366e-02,9.203997254371643066e-01,1.198146305978298187e-02,4.073333926498889923e-03,1.621419563889503479e-03,2.164782024919986725e-03
4.368405044078826904e-02,9.389654994010925293e-01,1.070787012577056885e-02,3.710456890985369682e-03,1.258540200069546700e-03,1.673520542681217194e-03
5.669324100017547607e-02,9.210847616195678711e-01,1.427594013512134552e-02,4.370771348476409912e-03,1.572420704178512096e-03,2.002890920266509056e-03
6.475676596164703369e-02,9.115718603134155273e-01,1.487001311033964157e-02,4.923971369862556458e-03,1.598608447238802910e-03,2.278722124174237251e-03
6.681236624717712402e-02,9.086961746215820312e-01,1.553431618958711624e-02,5.087119992822408676e-03,1.550775370560586452e-03,2.319090534001588821e-03
7.380517572164535522e-02,8.999671339988708496e-01,1.639743521809577942e-02,5.641757510602474213e-03,1.615253277122974396e-03,2.573186997324228287e-03
7.079250365495681763e-02,9.078099727630615234e-01,1.253206096589565277e-02,4.832249134778976440e-03,1.504422398284077644e-03,2.528847893700003624e-03
5.681621655821800232e-02,9.245886802673339844e-01,1.089978311210870743e-02,4.146655555814504623e-03,1.401119516231119633e-03,2.147522056475281715e-03
4.974491894245147705e-02,9.330865144729614258e-01,1.008027512580156326e-02,3.800076898187398911e-03,1.371385995298624039e-03,1.916939509101212025e-03
4.870872199535369873e-02,9.345238804817199707e-01,9.813167154788970947e-03,3.732479410246014595e-03,1.339948154054582119e-03,1.881835749372839928e-03
5.083405971527099609e-02,9.314933419227600098e-01,1.044853497296571732e-02,3.747327486053109169e-03,1.526969252154231071e-03,1.949728699401021004e-03
4.128792881965637207e-02,9.440048336982727051e-01,8.654008619487285614e-03,3.154739737510681152e-03,1.275473972782492638e-03,1.623043674044311047e-03
4.577436670660972595e-02,9.377529621124267578e-01,9.757017716765403748e-03,3.493212396278977394e-03,1.418699743226170540e-03,1.803724211640655994e-03
4.152927175164222717e-02,9.435874223709106445e-01,8.746486157178878784e-03,3.310424275696277618e-03,1.180784078314900398e-03,1.645740470848977566e-03
4.632893949747085571e-02,9.373555183410644531e-01,9.689073078334331512e-03,3.592046443372964859e-03,1.252046437002718449e-03,1.782407518476247787e-03
4.699543491005897522e-02,9.359830617904663086e-01,1.008195243775844574e-02,3.794111078605055809e-03,1.296187518164515495e-03,1.849218504503369331e-03
4.134273156523704529e-02,9.439845085144042969e-01,8.654613979160785675e-03,3.307078266516327858e-03,1.100317575037479401e-03,1.610757899470627308e-03
4.551725834608078003e-02,9.375279545783996582e-01,1.032148953527212143e-02,3.741257824003696442e-03,1.166199916042387486e-03,1.725988346152007580e-03
5.526283755898475647e-02,9.259912967681884766e-01,1.149505376815795898e-02,3.877161769196391106e-03,1.397405168972909451e-03,1.976332394406199455e-03
6.891146302223205566e-02,9.093982577323913574e-01,1.328522060066461563e-02,4.468739498406648636e-03,1.571065397001802921e-03,2.365121152251958847e-03
5.851426348090171814e-02,9.213675856590270996e-01,1.243137568235397339e-02,4.212884232401847839e-03,1.401266665197908878e-03,2.072559902444481850e-03
5.686100572347640991e-02,9.241585135459899902e-01,1.149864029139280319e-02,4.030478652566671371e-03,1.363754039630293846e-03,2.087541623041033745e-03
5.442897230386734009e-02,9.271492362022399902e-01,1.095218863338232040e-02,4.109399858862161636e-03,1.297196839004755020e-03,2.062953310087323189e-03
6.290040165185928345e-02,9.171854853630065918e-01,1.176777668297290802e-02,4.392240662127733231e-03,1.439029001630842686e-03,2.315081423148512840e-03
5.955719202756881714e-02,9.203318953514099121e-01,1.189900655299425125e-02,4.438013304024934769e-03,1.487803529016673565e-03,2.286033239215612411e-03
5.437092483043670654e-02,9.269312024116516113e-01,1.106036175042390823e-02,4.095375537872314453e-03,1.438319683074951172e-03,2.103633945807814598e-03
4.886314645409584045e-02,9.341835975646972656e-01,1.005942281335592270e-02,3.606042359024286270e-03,1.410655095241963863e-03,1.877102185972034931e-03
4.953096061944961548e-02,9.332439899444580078e-01,1.012716628611087799e-02,3.683940274640917778e-03,1.475450000725686550e-03,1.938404864631593227e-03
4.729884117841720581e-02,9.361681938171386719e-01,9.764458984136581421e-03,3.570062806829810143e-03,1.364389783702790737e-03,1.834086724556982517e-03
4.556898027658462524e-02,9.384373426437377930e-01,9.454661048948764801e-03,3.519663587212562561e-03,1.266141422092914581e-03,1.753249205648899078e-03
4.414513334631919861e-02,9.406397342681884766e-01,8.876455016434192657e-03,3.489982569590210915e-03,1.148142269812524319e-03,1.700524007901549339e-03
4.264243319630622864e-02,9.414176344871520996e-01,9.583374485373497009e-03,3.684414085000753403e-03,1.053393469192087650e-03,1.618896611034870148e-03
4.573778435587882996e-02,9.371036291122436523e-01,1.041366718709468842e-02,4.034035373479127884e-03,1.044749282300472260e-03,1.666173106059432030e-03
4.424129426479339600e-02,9.396986365318298340e-01,9.760859422385692596e-03,3.671714803203940392e-03,1.028927857987582684e-03,1.598625094629824162e-03
4.582533612847328186e-02,9.368498325347900391e-01,1.070668362081050873e-02,3.857410280033946037e-03,1.094147213734686375e-03,1.666609314270317554e-03
5.085200071334838867e-02,9.318609833717346191e-01,1.039678044617176056e-02,3.785353619605302811e-03,1.259986078366637230e-03,1.844872720539569855e-03
4.066723585128784180e-02,9.440805315971374512e-01,9.030830115079879761e-03,3.533203620463609695e-03,1.091781654395163059e-03,1.596410293132066727e-03
5.059080198407173157e-02,9.338554739952087402e-01,9.042557328939437866e-03,3.663580631837248802e-03,1.060050795786082745e-03,1.787518383935093880e-03
5.060345306992530823e-02,9.325100779533386230e-01,9.983189404010772705e-03,3.880250267684459686e-03,1.161177875474095345e-03,1.861826400272548199e-03
5.130949243903160095e-02,9.330889582633972168e-01,8.930740877985954285e-03,3.826747881248593330e-03,1.019209390506148338e-03,1.824791543185710907e-03
5.521580949425697327e-02,9.267955422401428223e-01,1.061714254319667816e-02,4.136748611927032471e-03,1.240999205037951469e-03,1.993667567148804665e-03
4.022512957453727722e-02,9.450767636299133301e-01,8.711495436728000641e-03,3.378034336492419243e-03,1.071580918505787849e-03,1.537014963105320930e-03
3.799302130937576294e-02,9.477989077568054199e-01,8.442053571343421936e-03,3.244422143325209618e-03,1.050558406859636307e-03,1.471043098717927933e-03
3.527291119098663330e-02,9.515690207481384277e-01,7.813807576894760132e-03,3.053516382351517677e-03,9.394559310749173164e-04,1.351314247585833073e-03
3.414866328239440918e-02,9.529350399971008301e-01,7.639097981154918671e-03,3.049268154427409172e-03,8.974917582236230373e-04,1.330446917563676834e-03
3.404223918914794922e-02,9.532698392868041992e-01,7.489396724849939346e-03,3.009227802976965904e-03,8.751896093599498272e-04,1.314047607593238354e-03
3.300277516245841980e-02,9.546408057212829590e-01,7.274224422872066498e-03,2.957027405500411987e-03,8.451153407804667950e-04,1.280076568946242332e-03
3.849241510033607483e-02,9.458844065666198730e-01,9.522780776023864746e-03,3.641230287030339241e-03,9.878771379590034485e-04,1.471336698159575462e-03
3.183838352560997009e-02,9.539917707443237305e-01,8.960188366472721100e-03,3.206657245755195618e-03,7.872623973526060581e-04,1.215749070979654789e-03
4.250992834568023682e-02,9.393544197082519531e-01,1.174021698534488678e-02,4.060610197484493256e-03,8.721830090507864952e-04,1.462532905861735344e-03
4.692845046520233154e-02,9.350360631942749023e-01,1.111736893653869629e-02,4.434777889400720596e-03,8.602786110714077950e-04,1.623074058443307877e-03
4.765376821160316467e-02,9.345616698265075684e-01,1.092469971626996994e-02,4.254098515957593918e-03,9.061351302079856396e-04,1.699595013633370399e-03
6.265498697757720947e-02,9.194056987762451172e-01,1.009658817201852798e-02,4.672919865697622299e-03,1.027540536597371101e-03,2.142248442396521568e-03
5.588168278336524963e-02,9.267042279243469238e-01,1.006013248115777969e-02,4.207359626889228821e-03,1.127381576225161552e-03,2.019350416958332062e-03
6.305722892284393311e-02,9.180843234062194824e-01,1.108902227133512497e-02,4.297913517802953720e-03,1.298752613365650177e-03,2.172842156141996384e-03
5.318419635295867920e-02,9.296938180923461914e-01,1.005152333527803421e-02,3.914599306881427765e-03,1.230260590091347694e-03,1.925566582940518856e-03
4.514553770422935486e-02,9.384921789169311523e-01,9.782446548342704773e-03,3.723801113665103912e-03,1.161400694400072098e-03,1.694675185717642307e-03
3.815781325101852417e-02,9.476059675216674805e-01,8.489842526614665985e-03,3.232955699786543846e-03,1.043710857629776001e-03,1.469722134061157703e-03
4.403693601489067078e-02,9.394888877868652344e-01,1.003717724233865738e-02,3.563898382708430290e-03,1.210639020428061485e-03,1.662321272306144238e-03
4.269490763545036316e-02,9.420564174652099609e-01,9.123133495450019836e-03,3.346744459122419357e-03,1.168102957308292389e-03,1.610771054401993752e-03
4.058288782835006714e-02,9.449649453163146973e-01,8.541965857148170471e-03,3.317289054393768311e-03,1.030751271173357964e-03,1.562254619784653187e-03
4.072638228535652161e-02,9.446073174476623535e-01,8.658380247652530670e-03,3.358436981216073036e-03,1.063765026628971100e-03,1.585625228472054005e-03
3.332100808620452881e-02,9.539216756820678711e-01,7.532069925218820572e-03,3.036071546375751495e-03,8.608672651462256908e-04,1.328182872384786606e-03
4.243299737572669983e-02,9.413651227951049805e-01,9.938350878655910492e-03,3.592008026316761971e-03,1.088728662580251694e-03,1.582773984409868717e-03
3.363500908017158508e-02,9.531587362289428711e-01,7.947068661451339722e-03,3.105899551883339882e-03,8.628016803413629532e-04,1.290458254516124725e-03
3.261224925518035889e-02,9.539421796798706055e-01,8.343263529241085052e-03,3.011783817782998085e-03,8.652683463878929615e-04,1.225248677656054497e-03
3.030272014439105988e-02,9.579250216484069824e-01,7.031364832073450089e-03,2.794712083414196968e-03,7.806178182363510132e-04,1.165624940767884254e-03
3.269509971141815186e-02,9.557260274887084961e-01,6.790821440517902374e-03,2.709796652197837830e-03,8.385576657019555569e-04,1.239836914464831352e-03
4.017385840415954590e-02,9.456710219383239746e-01,8.389594033360481262e-03,3.220233833417296410e-03,1.036907662637531757e-03,1.508363755419850349e-03
3.747038543224334717e-02,9.489342570304870605e-01,8.044825866818428040e-03,3.167122602462768555e-03,9.473838726989924908e-04,1.436097547411918640e-03
4.537936300039291382e-02,9.387500882148742676e-01,9.336707182228565216e-03,3.621218260377645493e-03,1.175247831270098686e-03,1.737344427965581417e-03
3.973599895834922791e-02,9.457094073295593262e-01,8.510190993547439575e-03,3.419019747525453568e-03,1.057088607922196388e-03,1.568337203934788704e-03
3.971462696790695190e-02,9.462472796440124512e-01,8.150279521942138672e-03,3.315857611596584320e-03,1.031584222801029682e-03,1.540377503260970116e-03
3.680183365941047668e-02,9.501065015792846680e-01,7.548843044787645340e-03,3.108807606622576714e-03,9.806602029129862785e-04,1.453363336622714996e-03
3.884724900126457214e-02,9.475737810134887695e-01,7.833626121282577515e-03,3.220289712771773338e-03,1.013819011859595776e-03,1.511318609118461609e-03
3.887405991554260254e-02,9.472820758819580078e-01,8.100647479295730591e-03,3.192885778844356537e-03,1.047575613483786583e-03,1.502765226177871227e-03
3.242244198918342590e-02,9.559435248374938965e-01,6.719564553350210190e-03,2.777696587145328522e-03,8.676965953782200813e-04,1.269002910703420639e-03
3.192511200904846191e-02,9.565063118934631348e-01,6.683195009827613831e-03,2.802157774567604065e-03,8.319647167809307575e-04,1.251345966011285782e-03
3.362207114696502686e-02,9.542766213417053223e-01,7.031587418168783188e-03,2.868287032470107079e-03,8.993434603326022625e-04,1.302051474340260029e-03
2.976833470165729523e-02,9.593600630760192871e-01,6.285261828452348709e-03,2.642405917868018150e-03,7.848462555557489395e-04,1.159057370387017727e-03
2.897416613996028900e-02,9.605569243431091309e-01,6.016626022756099701e-03,2.569549018517136574e-03,7.578363292850553989e-04,1.124944305047392845e-03
2.924070879817008972e-02,9.601304531097412109e-01,6.115979049354791641e-03,2.615947742015123367e-03,7.616661605425179005e-04,1.135327969677746296e-03
2.722752280533313751e-02,9.627074599266052246e-01,5.785873159766197205e-03,2.509444952011108398e-03,7.038157200440764427e-04,1.065856195054948330e-03
2.874417416751384735e-02,9.608000516891479492e-01,6.005510222166776657e-03,2.591327764093875885e-03,7.361993193626403809e-04,1.122699351981282234e-03
2.856833674013614655e-02,9.609103202819824219e-01,6.114995572715997696e-03,2.558512846007943153e-03,7.401100010611116886e-04,1.107811811380088329e-03
3.431278467178344727e-02,9.532493948936462402e-01,7.271083071827888489e-03,2.963355509564280510e-03,8.766339742578566074e-04,1.326715340837836266e-03
3.552488982677459717e-02,9.516838788986206055e-01,7.456083316355943680e-03,3.092499449849128723e-03,8.677894365973770618e-04,1.374789513647556305e-03
4.308259859681129456e-02,9.420496225357055664e-01,8.712513372302055359e-03,3.513598116114735603e-03,9.993904968723654747e-04,1.642303308472037315e-03
4.336996749043464661e-02,9.417010545730590820e-01,8.610676974058151245e-03,3.618541173636913300e-03,1.018618233501911163e-03,1.681061694398522377e-03
4.133509844541549683e-02,9.445888400077819824e-01,8.088373579084873199e-03,3.463388187810778618e-03,9.382945136167109013e-04,1.586098573170602322e-03
3.566060960292816162e-02,9.517112970352172852e-01,7.299806922674179077e-03,3.107758471742272377e-03,8.376819896511733532e-04,1.382777234539389610e-03
4.065491631627082825e-02,9.452704787254333496e-01,8.186526596546173096e-03,3.350716782733798027e-03,9.802572894841432571e-04,1.557136187329888344e-03
3.707338497042655945e-02,9.498271942138671875e-01,7.572653237730264664e-03,3.171071875840425491e-03,9.160643094219267368e-04,1.439582905732095242e-03
3.300645202398300171e-02,9.552140831947326660e-01,6.788520608097314835e-03,2.853394718840718269e-03,8.488013409078121185e-04,1.288783969357609749e-03
3.147162497043609619e-02,9.572349786758422852e-01,6.435184739530086517e-03,2.822476672008633614e-03,7.838209276087582111e-04,1.251918845809996128e-03
2.978000417351722717e-02,9.595693349838256836e-01,6.046616937965154648e-03,2.652575494721531868e-03,7.669411716051399708e-04,1.184526365250349045e-03
3.706870600581169128e-02,9.495656490325927734e-01,7.730891462415456772e-03,3.178323619067668915e-03,9.854057570919394493e-04,1.470960676670074463e-03
3.437580913305282593e-02,9.531729221343994141e-01,7.269996684044599533e-03,2.967448672279715538e-03,8.825527038425207138e-04,1.331211882643401623e-03
4.257303476333618164e-02,9.424022436141967773e-01,8.827209472656250000e-03,3.479523817077279091e-03,1.087126787751913071e-03,1.630726619623601437e-03
3.892666473984718323e-02,9.472244381904602051e-01,8.115216158330440521e-03,3.308842657133936882e-03,9.382638381794095039e-04,1.486628083512187004e-03
3.928048908710479736e-02,9.468294978141784668e-01,8.109334856271743774e-03,3.346413606777787209e-03,9.408037294633686543e-04,1.493512652814388275e-03
4.077646508812904358e-02,9.448973536491394043e-01,8.371261879801750183e-03,3.428213065490126610e-03,9.717118809930980206e-04,1.554950373247265816e-03
3.864716365933418274e-02,9.479380249977111816e-01,7.778570521622896194e-03,3.228055313229560852e-03,9.435653919354081154e-04,1.464658183977007866e-03
3.047643229365348816e-02,9.587467312812805176e-01,6.136832758784294128e-03,2.710933564230799675e-03,7.399295573122799397e-04,1.189258531667292118e-03
2.824950404465198517e-02,9.617363810539245605e-01,5.701678805053234100e-03,2.583326539024710655e-03,6.431273068301379681e-04,1.085955998860299587e-03
3.038341924548149109e-02,9.588330388069152832e-01,6.134515162557363510e-03,2.752444241195917130e-03,7.182289264164865017e-04,1.178294187411665916e-03
2.751762233674526215e-02,9.626336097717285156e-01,5.576592404395341873e-03,2.551432931795716286e-03,6.478746072389185429e-04,1.072779064998030663e-03
3.162971138954162598e-02,9.569973349571228027e-01,6.524981465190649033e-03,2.831115853041410446e-03,7.896771421656012535e-04,1.227193162776529789e-03
3.035193309187889099e-02,9.587109684944152832e-01,6.234257947653532028e-03,2.766191028058528900e-03,7.463503861799836159e-04,1.190292648971080780e-03
3.531299903988838196e-02,9.521533250808715820e-01,7.206639740616083145e-03,3.091809805482625961e-03,8.645349298603832722e-04,1.370634650811553001e-03
3.392452746629714966e-02,9.540510177612304688e-01,6.907744798809289932e-03,3.008932108059525490e-03,7.958477362990379333e-04,1.311995205469429493e-03
3.534595295786857605e-02,9.521548748016357422e-01,7.176882121711969376e-03,3.087514312937855721e-03,8.605997427366673946e-04,1.374351442791521549e-03
3.597594797611236572e-02,9.517525434494018555e-01,6.985451560467481613e-03,3.026047954335808754e-03,8.683599298819899559e-04,1.391547266393899918e-03
3.771364688873291016e-02,9.491544365882873535e-01,7.532204035669565201e-03,3.219491802155971527e-03,9.261813829652965069e-04,1.454046461731195450e-03
3.923968598246574402e-02,9.473353624343872070e-01,7.720751687884330750e-03,3.254378912970423698e-03,9.436815744265913963e-04,1.506173401139676571e-03
3.741751611232757568e-02,9.494825601577758789e-01,7.618879433721303940e-03,3.150007687509059906e-03,9.158594184555113316e-04,1.415228820405900478e-03
3.411883488297462463e-02,9.538583159446716309e-01,6.836523767560720444e-03,3.090148558840155602e-03,7.754032267257571220e-04,1.320695737376809120e-03
3.373712673783302307e-02,9.542571306228637695e-01,6.840347778052091599e-03,3.078932873904705048e-03,7.853076094761490822e-04,1.301106298342347145e-03
2.904722467064857483e-02,9.602754116058349609e-01,6.011903751641511917e-03,2.844855887815356255e-03,6.666756817139685154e-04,1.153789111413061619e-03
2.520900778472423553e-02,9.653712511062622070e-01,5.307574756443500519e-03,2.534263068810105324e-03,5.721549387089908123e-04,1.005650148726999760e-03
3.183676302433013916e-02,9.566713571548461914e-01,6.626241840422153473e-03,2.861806191504001617e-03,7.771117379888892174e-04,1.226760097779333591e-03
2.923159115016460419e-02,9.603177309036254883e-01,5.946384742856025696e-03,2.665058244019746780e-03,6.950198439881205559e-04,1.144209061749279499e-03
3.273401781916618347e-02,9.560127854347229004e-01,6.508053746074438095e-03,2.723316196352243423e-03,7.871287525631487370e-04,1.234721275977790356e-03
4.050695896148681641e-02,9.457902312278747559e-01,8.021536283195018768e-03,3.110573627054691315e-03,1.057998510077595711e-03,1.512771355919539928e-03
3.877641260623931885e-02,9.477481245994567871e-01,8.006648160517215729e-03,2.948288805782794952e-03,1.070334576070308685e-03,1.449935487471520901e-03
4.054103791713714600e-02,9.439956545829772949e-01,9.491831995546817780e-03,3.303232602775096893e-03,1.145212911069393158e-03,1.523024635389447212e-03
4.882315546274185181e-02,9.328588247299194336e-01,1.137378904968500137e-02,3.813799237832427025e-03,1.349208294413983822e-03,1.781185157597064972e-03
4.703989624977111816e-02,9.351075887680053711e-01,1.103079691529273987e-02,3.785250242799520493e-03,1.284265541471540928e-03,1.752113923430442810e-03
4.454604536294937134e-02,9.391592741012573242e-01,9.766940958797931671e-03,3.703129943460226059e-03,1.124087953940033913e-03,1.700475229881703854e-03
3.829454258084297180e-02,9.478946328163146973e-01,8.109832182526588440e-03,3.246851731091737747e-03,9.701164090074598789e-04,1.484016887843608856e-03
3.326148539781570435e-02,9.545359611511230469e-01,7.070626132190227509e-03,2.967567415907979012e-03,8.527643512934446335e-04,1.311614178121089935e-03
3.833756595849990845e-02,9.481095671653747559e-01,7.900769822299480438e-03,3.213047748431563377e-03,9.728302829898893833e-04,1.466225250624120235e-03
3.226049244403839111e-02,9.561844468116760254e-01,6.585718598216772079e-03,2.949423622339963913e-03,7.704013260081410408e-04,1.249467255547642708e-03
2.838014252483844757e-02,9.611629247665405273e-01,6.035120692104101181e-03,2.627505222335457802e-03,6.926862988620996475e-04,1.101707573980093002e-03
3.208814561367034912e-02,9.559029936790466309e-01,6.998382043093442917e-03,2.952051116153597832e-03,8.101965067908167839e-04,1.248268876224756241e-03
3.068290092051029205e-02,9.574200510978698730e-01,7.030608132481575012e-03,2.913016825914382935e-03,7.653755601495504379e-04,1.187995658256113529e-03
3.447439894080162048e-02,9.524825215339660645e-01,7.804931607097387314e-03,3.093908075243234634e-03,8.441311656497418880e-04,1.300191157497465611e-03
3.532552346587181091e-02,9.510538578033447266e-01,8.239095099270343781e-03,3.136776387691497803e-03,8.916809456422924995e-04,1.353020546957850456e-03
4.230745509266853333e-02,9.411031007766723633e-01,1.012005470693111420e-02,3.623258089646697044e-03,1.204316038638353348e-03,1.641891198232769966e-03
4.626045748591423035e-02,9.364773035049438477e-01,1.038372702896595001e-02,3.722767345607280731e-03,1.338317990303039551e-03,1.817428274080157280e-03
4.083231464028358459e-02,9.434357285499572754e-01,9.405421093106269836e-03,3.449253039434552193e-03,1.237530144862830639e-03,1.639654859900474548e-03
4.410129413008689880e-02,9.386840462684631348e-01,1.035885140299797058e-02,3.663625335320830345e-03,1.404619310051202774e-03,1.787576009519398212e-03
4.063462466001510620e-02,9.437283873558044434e-01,9.414818137884140015e-03,3.375364467501640320e-03,1.229383284226059914e-03,1.617472385987639427e-03
3.880886733531951904e-02,9.466029405593872070e-01,8.665814995765686035e-03,3.266676794737577438e-03,1.125218579545617104e-03,1.530535053461790085e-03
4.740704968571662903e-02,9.348028898239135742e-01,1.077948603779077530e-02,3.735477803274989128e-03,1.434630597941577435e-03,1.840451499447226524e-03
9.251657128334045410e-02,8.900711536407470703e-01,9.071233682334423065e-03,4.487503785640001297e-03,1.260869670659303665e-03,2.592782722786068916e-03
1.736362278461456299e-01,8.074781894683837891e-01,8.245593868196010590e-03,5.816174671053886414e-03,1.132658799178898335e-03,3.691121703013777733e-03
1.572640240192413330e-01,8.261025547981262207e-01,6.692068651318550110e-03,5.633809138089418411e-03,8.732398273423314095e-04,3.434343961998820305e-03
1.880793720483779907e-01,7.925475835800170898e-01,8.077387697994709015e-03,6.377743091434240341e-03,1.063306001015007496e-03,3.854623530060052872e-03
1.760108470916748047e-01,8.015856146812438965e-01,1.005615387111902237e-02,6.637650541961193085e-03,1.473080716095864773e-03,4.236624110490083694e-03
6.535714864730834961e-02,9.156301617622375488e-01,1.078880019485950470e-02,4.455117043107748032e-03,1.413982012309134007e-03,2.354830270633101463e-03
7.617857307195663452e-02,8.983693122863769531e-01,1.522508729249238968e-02,5.046428181231021881e-03,2.277881372720003128e-03,2.902692649513483047e-03
7.779905200004577637e-02,8.958817124366760254e-01,1.589698903262615204e-02,5.096417851746082306e-03,2.372858813032507896e-03,2.953053452074527740e-03
7.082543522119522095e-02,9.040389060974121094e-01,1.517499983310699463e-02,4.900073166936635971e-03,2.280791522935032845e-03,2.779699163511395454e-03
5.896256119012832642e-02,9.200674295425415039e-01,1.255054399371147156e-02,4.134355112910270691e-03,1.960093155503273010e-03,2.325039124116301537e-03
6.206622719764709473e-02,9.154376387596130371e-01,1.380063872784376144e-02,4.263087175786495209e-03,2.057060832157731056e-03,2.375253709033131599e-03
6.365687400102615356e-02,9.141904711723327637e-01,1.345846708863973618e-02,4.367578774690628052e-03,1.916301087476313114e-03,2.410339191555976868e-03
5.935608223080635071e-02,9.193660020828247070e-01,1.292444858700037003e-02,4.245082847774028778e-03,1.822212710976600647e-03,2.286144299432635307e-03
5.539399012923240662e-02,9.248981475830078125e-01,1.189614925533533096e-02,4.089546855539083481e-03,1.595498644746840000e-03,2.126734936609864235e-03
5.029195547103881836e-02,9.313319325447082520e-01,1.099987700581550598e-02,4.044471774250268936e-03,1.380636706016957760e-03,1.951106474734842777e-03
5.812839791178703308e-02,9.221093058586120605e-01,1.176994480192661285e-02,4.131089895963668823e-03,1.640708185732364655e-03,2.220715396106243134e-03
5.159807205200195312e-02,9.305092692375183105e-01,1.065718103200197220e-02,3.873209934681653976e-03,1.409893273375928402e-03,1.952493097633123398e-03
5.005282163619995117e-02,9.326117038726806641e-01,1.013816148042678833e-02,3.820989746600389481e-03,1.396031351760029793e-03,1.980254193767905235e-03
5.294219404458999634e-02,9.287040233612060547e-01,1.079853065311908722e-02,3.960990812629461288e-03,1.525312778539955616e-03,2.068970352411270142e-03
8.019062131643295288e-02,8.970450162887573242e-01,1.338621973991394043e-02,4.591028206050395966e-03,2.002826659008860588e-03,2.784306183457374573e-03
7.163649797439575195e-02,9.073942899703979492e-01,1.227004919201135635e-02,4.311328753829002380e-03,1.806586980819702148e-03,2.581301843747496605e-03
7.111834734678268433e-02,9.075492024421691895e-01,1.266430597752332687e-02,4.379569087177515030e-03,1.783268526196479797e-03,2.505308482795953751e-03
5.407670885324478149e-02,9.284183382987976074e-01,1.036692410707473755e-02,3.640503622591495514e-03,1.508956192992627621e-03,1.988646807149052620e-03
3.790125623345375061e-02,9.477662444114685059e-01,8.427035063505172729e-03,3.298900555819272995e-03,1.089432276785373688e-03,1.517227967269718647e-03
3.754146397113800049e-02,9.487168192863464355e-01,8.163052611052989960e-03,3.024540608748793602e-03,1.098372275009751320e-03,1.455816789530217648e-03
3.880021721124649048e-02,9.468013644218444824e-01,8.584212511777877808e-03,3.140020649880170822e-03,1.152055920101702213e-03,1.522087957710027695e-03
4.725065827369689941e-02,9.357547163963317871e-01,1.031960453838109970e-02,3.523627296090126038e-03,1.355940476059913635e-03,1.795561169274151325e-03
5.548419803380966187e-02,9.255744218826293945e-01,1.141046546399593353e-02,3.911604173481464386e-03,1.546378480270504951e-03,2.072856063023209572e-03
5.671680718660354614e-02,9.236806631088256836e-01,1.169859152287244797e-02,4.056305158883333206e-03,1.658134395256638527e-03,2.189543331041932106e-03
5.993629246950149536e-02,9.192631244659423828e-01,1.242273952811956406e-02,4.245631862431764603e-03,1.817756565287709236e-03,2.314450219273567200e-03
5.840123444795608521e-02,9.208980798721313477e-01,1.233214698731899261e-02,4.391986411064863205e-03,1.684667775407433510e-03,2.291826298460364342e-03
4.971713945269584656e-02,9.324598312377929688e-01,1.053201965987682343e-02,3.847955958917737007e-03,1.473231357522308826e-03,1.969836652278900146e-03
5.086970329284667969e-02,9.308368563652038574e-01,1.086267642676830292e-02,3.912913613021373749e-03,1.513392082415521145e-03,2.004319336265325546e-03
5.264408513903617859e-02,9.284269809722900391e-01,1.131312176585197449e-02,3.983656875789165497e-03,1.569111482240259647e-03,2.063045976683497429e-03
5.262961611151695251e-02,9.288461208343505859e-01,1.099277753382921219e-02,3.881958080455660820e-03,1.587932114489376545e-03,2.061594976112246513e-03
5.188346654176712036e-02,9.296566247940063477e-01,1.103220414370298386e-02,3.755056066438555717e-03,1.649721991270780563e-03,2.022985368967056274e-03
5.065928027033805847e-02,9.313185811042785645e-01,1.071313582360744476e-02,3.779828781262040138e-03,1.543957972899079323e-03,1.985221868380904198e-03
4.415776208043098450e-02,9.399417638778686523e-01,9.473571553826332092e-03,3.343533724546432495e-03,1.376772648654878139e-03,1.706491340883076191e-03
4.695639759302139282e-02,9.362322092056274414e-01,1.002119854092597961e-02,3.572360612452030182e-03,1.403674017637968063e-03,1.814030925743281841e-03
4.912066832184791565e-02,9.337978959083557129e-01,1.018058694899082184e-02,3.703555092215538025e-03,1.359433750621974468e-03,1.838013529777526855e-03
4.756148159503936768e-02,9.358623623847961426e-01,9.776552207767963409e-03,3.684667404741048813e-03,1.291138236410915852e-03,1.823718193918466568e-03
5.263853818178176880e-02,9.286355376243591309e-01,1.118372101336717606e-02,4.088808316737413406e-03,1.436622929759323597e-03,2.016856102272868156e-03
5.920107290148735046e-02,9.208254814147949219e-01,1.184036023914813995e-02,4.456495866179466248e-03,1.469391630962491035e-03,2.207152312621474266e-03
5.294151604175567627e-02,9.284195899963378906e-01,1.114879269152879715e-02,4.182963166385889053e-03,1.323735341429710388e-03,1.983438851311802864e-03
5.450914427638053894e-02,9.269588589668273926e-01,1.110634952783584595e-02,4.130923189222812653e-03,1.297922804951667786e-03,1.996821025386452675e-03
4.684814810752868652e-02,9.363736510276794434e-01,1.000288408249616623e-02,3.792172065004706383e-03,1.193836447782814503e-03,1.789366826415061951e-03
4.171806201338768005e-02,9.428444504737854004e-01,9.220188483595848083e-03,3.462140914052724838e-03,1.134316786192357540e-03,1.620827591978013515e-03
3.669123724102973938e-02,9.498150348663330078e-01,7.996535860002040863e-03,3.061461728066205978e-03,1.007097773253917694e-03,1.428625197149813175e-03
3.903884440660476685e-02,9.466904401779174805e-01,8.440551348030567169e-03,3.257890697568655014e-03,1.057210378348827362e-03,1.514964504167437553e-03
4.057022184133529663e-02,9.449955224990844727e-01,8.508500643074512482e-03,3.177555976435542107e-03,1.187285408377647400e-03,1.560889533720910549e-03
4.109214618802070618e-02,9.440850019454956055e-01,8.788114413619041443e-03,3.235363168641924858e-03,1.209272537380456924e-03,1.589961233548820019e-03
3.881517797708511353e-02,9.473074078559875488e-01,8.128738962113857269e-03,3.151529701426625252e-03,1.092510647140443325e-03,1.504641026258468628e-03
4.542643576860427856e-02,9.390276074409484863e-01,9.079706855118274689e-03,3.449896583333611488e-03,1.274607959203422070e-03,1.741704996675252914e-03
3.791615739464759827e-02,9.487219452857971191e-01,7.768360432237386703e-03,3.095547202974557877e-03,1.022059703245759010e-03,1.475856173783540726e-03
4.319249838590621948e-02,9.416280388832092285e-01,8.806618861854076385e-03,3.505611093714833260e-03,1.157828490249812603e-03,1.709303469397127628e-03
4.354016110301017761e-02,9.413523077964782715e-01,8.842856623232364655e-03,3.471633885055780411e-03,1.122601795941591263e-03,1.670342753641307354e-03
4.545612633228302002e-02,9.385160803794860840e-01,9.495195932686328888e-03,3.589974250644445419e-03,1.202634186483919621e-03,1.739935367368161678e-03
4.015839472413063049e-02,9.455108046531677246e-01,8.418188430368900299e-03,3.285555634647607803e-03,1.069147721864283085e-03,1.557832118123769760e-03
3.657088428735733032e-02,9.498314261436462402e-01,8.041768334805965424e-03,3.093075938522815704e-03,1.037430949509143829e-03,1.425493857823312283e-03
3.585388138890266418e-02,9.507822394371032715e-01,7.913873530924320221e-03,3.019581548869609833e-03,1.031181192956864834e-03,1.399333705194294453e-03
3.663388639688491821e-02,9.500999450683593750e-01,7.792657241225242615e-03,3.011369146406650543e-03,1.039675669744610786e-03,1.422547386027872562e-03
3.674715757369995117e-02,9.500724673271179199e-01,7.691114209592342377e-03,3.017067210748791695e-03,1.035849098116159439e-03,1.436345395632088184e-03
4.158587008714675903e-02,9.437215924263000488e-01,8.624527603387832642e-03,3.293639980256557465e-03,1.170816132798790932e-03,1.603554701432585716e-03
3.885251656174659729e-02,9.470343589782714844e-01,8.280193433165550232e-03,3.175430465489625931e-03,1.134533667936921120e-03,1.523017883300781250e-03
4.141693562269210815e-02,9.437690377235412598e-01,8.698524907231330872e-03,3.302374854683876038e-03,1.198938814923167229e-03,1.614124048501253128e-03
4.433664306998252869e-02,9.399586915969848633e-01,9.278514422476291656e-03,3.458907362073659897e-03,1.263273996300995350e-03,1.703885151073336601e-03
4.390293732285499573e-02,9.404578804969787598e-01,9.224924258887767792e-03,3.472702577710151672e-03,1.233986346051096916e-03,1.707591232843697071e-03
4.406305029988288879e-02,9.403315782546997070e-01,9.202251210808753967e-03,3.454372519627213478e-03,1.235233503393828869e-03,1.713642268441617489e-03
3.980914875864982605e-02,9.457991123199462891e-01,8.490256965160369873e-03,3.238777862861752510e-03,1.114267390221357346e-03,1.548384898342192173e-03
4.148071631789207458e-02,9.436732530593872070e-01,8.742632344365119934e-03,3.324814839288592339e-03,1.172065502032637596e-03,1.606521662324666977e-03
3.976641595363616943e-02,9.462999105453491211e-01,8.078589104115962982e-03,3.203341737389564514e-03,1.103685703128576279e-03,1.548029831610620022e-03
3.797646611928939819e-02,9.486333131790161133e-01,7.747892290353775024e-03,3.114415565505623817e-03,1.041166018694639206e-03,1.486791181378066540e-03
3.820417448878288269e-02,9.484517574310302734e-01,7.704003248363733292e-03,3.123889211565256119e-03,1.030851621180772781e-03,1.485384884290397167e-03
4.018544033169746399e-02,9.457039833068847656e-01,8.179543539881706238e-03,3.270825138315558434e-03,1.094074221327900887e-03,1.566190854646265507e-03
4.107492044568061829e-02,9.445084929466247559e-01,8.336812257766723633e-03,3.353120293468236923e-03,1.119286054745316505e-03,1.607279758900403976e-03
3.854206204414367676e-02,9.476117491722106934e-01,8.082542568445205688e-03,3.181588603183627129e-03,1.074129831977188587e-03,1.507772249169647694e-03
3.661175817251205444e-02,9.502462148666381836e-01,7.658436428755521774e-03,3.050987608730792999e-03,9.994166903197765350e-04,1.433221157640218735e-03
3.612942621111869812e-02,9.509309530258178711e-01,7.507400121539831161e-03,3.021734999492764473e-03,9.979763999581336975e-04,1.412474433891475201e-03
3.668369352817535400e-02,9.501778483390808105e-01,7.557935547083616257e-03,3.113092388957738876e-03,1.008816529065370560e-03,1.458611688576638699e-03
4.080336168408393860e-02,9.449506998062133789e-01,8.239648304879665375e-03,3.300674958154559135e-03,1.111144898459315300e-03,1.594439963810145855e-03
4.009838402271270752e-02,9.456177353858947754e-01,8.297692984342575073e-03,3.314448054879903793e-03,1.095832558348774910e-03,1.575894188135862350e-03
4.765961691737174988e-02,9.355371594429016113e-01,9.849905967712402344e-03,3.747951937839388847e-03,1.340375514701008797e-03,1.865041791461408138e-03
4.753224924206733704e-02,9.355065822601318359e-01,1.004254724830389023e-02,3.705543931573629379e-03,1.365679432637989521e-03,1.847302657552063465e-03
4.729219153523445129e-02,9.357324838638305664e-01,9.978561662137508392e-03,3.745800815522670746e-03,1.371018239296972752e-03,1.879972289316356182e-03
5.104005709290504456e-02,9.307322502136230469e-01,1.079845428466796875e-02,3.949757199734449387e-03,1.480645034462213516e-03,1.998636173084378242e-03
4.669367149472236633e-02,9.366138577461242676e-01,9.890132583677768707e-03,3.614807967096567154e-03,1.370153157040476799e-03,1.817337004467844963e-03
3.971559926867485046e-02,9.459565877914428711e-01,8.420406840741634369e-03,3.189926734194159508e-03,1.162063097581267357e-03,1.555417315103113651e-03
4.391833022236824036e-02,9.402425289154052734e-01,9.383008815348148346e-03,3.454765304923057556e-03,1.286071725189685822e-03,1.715278485789895058e-03
4.074180498719215393e-02,9.449303746223449707e-01,8.369646966457366943e-03,3.245888045057654381e-03,1.118469517678022385e-03,1.593930646777153015e-03
4.676076769828796387e-02,9.370191693305969238e-01,9.538927115499973297e-03,3.572572022676467896e-03,1.304622739553451538e-03,1.803909428417682648e-03
4.449421912431716919e-02,9.400379061698913574e-01,9.025434032082557678e-03,3.504396881908178329e-03,1.205430016852915287e-03,1.732584205456078053e-03
4.463417455554008484e-02,9.400102496147155762e-01,8.939878083765506744e-03,3.499129088595509529e-03,1.198659185320138931e-03,1.717921462841331959e-03
3.794842585921287537e-02,9.487738013267517090e-01,7.633320055902004242e-03,3.157890867441892624e-03,1.004218589514493942e-03,1.482346677221357822e-03
3.771831095218658447e-02,9.489722251892089844e-01,7.675661239773035049e-03,3.133491612970829010e-03,1.027082675136625767e-03,1.473193522542715073e-03
3.949873894453048706e-02,9.465329051017761230e-01,8.075870573520660400e-03,3.282359568402171135e-03,1.063533127307891846e-03,1.546471146866679192e-03
4.017250984907150269e-02,9.457622170448303223e-01,8.148727007210254669e-03,3.266774350777268410e-03,1.091413781978189945e-03,1.558406860567629337e-03
3.644200786948204041e-02,9.506037831306457520e-01,7.500566542148590088e-03,3.019772237166762352e-03,1.006581704132258892e-03,1.427183626219630241e-03
3.819921985268592834e-02,9.483466744422912598e-01,7.829386740922927856e-03,3.117628395557403564e-03,1.032113446854054928e-03,1.474859425798058510e-03
3.400022536516189575e-02,9.537861943244934082e-01,7.059990428388118744e-03,2.869208808988332748e-03,9.512461838312447071e-04,1.333141699433326721e-03
3.399078920483589172e-02,9.534739851951599121e-01,7.279787212610244751e-03,2.942977938801050186e-03,9.573946008458733559e-04,1.355135696940124035e-03
3.528505936264991760e-02,9.519585371017456055e-01,7.415076252073049545e-03,2.990939887240529060e-03,9.659269708208739758e-04,1.384439645335078239e-03
3.672499954700469971e-02,9.501696825027465820e-01,7.587769068777561188e-03,3.108102828264236450e-03,9.707398712635040283e-04,1.438742154277861118e-03
3.516672924160957336e-02,9.523293375968933105e-01,7.230061106383800507e-03,3.001556498929858208e-03,9.082575561478734016e-04,1.364103751257061958e-03
3.705096244812011719e-02,9.497347474098205566e-01,7.682715076953172684e-03,3.112903563305735588e-03,9.856995893642306328e-04,1.432936172932386398e-03
3.474532812833786011e-02,9.528906345367431641e-01,7.135013584047555923e-03,2.968511544167995453e-03,9.070676169358193874e-04,1.353473169729113579e-03
3.708680346608161926e-02,9.500392079353332520e-01,7.347479462623596191e-03,3.113141283392906189e-03,9.647437254898250103e-04,1.448735478334128857e-03
4.056372493505477905e-02,9.454474449157714844e-01,8.006204850971698761e-03,3.349904669448733330e-03,1.050758641213178635e-03,1.582045690156519413e-03
4.560015350580215454e-02,9.386518001556396484e-01,9.074064902961254120e-03,3.739250591024756432e-03,1.164283836260437965e-03,1.770461560226976871e-03
4.402422532439231873e-02,9.410805702209472656e-01,8.521325886249542236e-03,3.558133495971560478e-03,1.100673805922269821e-03,1.715049846097826958e-03
4.342398792505264282e-02,9.417457580566406250e-01,8.510571904480457306e-03,3.508666530251502991e-03,1.117924693971872330e-03,1.693073427304625511e-03
4.165343940258026123e-02,9.440333843231201172e-01,8.144645020365715027e-03,3.445058362558484077e-03,1.080036512576043606e-03,1.643435563892126083e-03
3.751124441623687744e-02,9.493311643600463867e-01,7.519175764173269272e-03,3.122016787528991699e-03,1.029379200190305710e-03,1.487057190388441086e-03
4.076110944151878357e-02,9.450377821922302246e-01,8.176253177225589752e-03,3.283191937953233719e-03,1.137906801886856556e-03,1.603734330274164677e-03
4.029124602675437927e-02,9.458470940589904785e-01,7.970453239977359772e-03,3.184183966368436813e-03,1.134213525801897049e-03,1.572879729792475700e-03
4.315792769193649292e-02,9.419490098953247070e-01,8.612599223852157593e-03,3.375911852344870567e-03,1.214563613757491112e-03,1.690027420409023762e-03
4.091209918260574341e-02,9.447345733642578125e-01,8.417420089244842529e-03,3.195372177287936211e-03,1.161843189038336277e-03,1.578711904585361481e-03
3.796928003430366516e-02,9.485230445861816406e-01,7.890074513852596283e-03,3.046540077775716782e-03,1.088473130948841572e-03,1.482584630139172077e-03
3.966351598501205444e-02,9.461132287979125977e-01,8.377487771213054657e-03,3.189907176420092583e-03,1.121619250625371933e-03,1.534249866381287575e-03
3.879467397928237915e-02,9.472779035568237305e-01,8.127599023282527924e-03,3.241658676415681839e-03,1.042915857397019863e-03,1.515210838988423347e-03
3.793169930577278137e-02,9.483721852302551270e-01,7.997434586286544800e-03,3.201171057298779488e-03,1.004855730570852757e-03,1.492752227932214737e-03
4.106493666768074036e-02,9.445129036903381348e-01,8.391174487769603729e-03,3.369267564266920090e-03,1.066785654984414577e-03,1.594853703863918781e-03
4.459762200713157654e-02,9.395763278007507324e-01,9.131571277976036072e-03,3.749505151063203812e-03,1.159779261797666550e-03,1.785198110155761242e-03
4.505926370620727539e-02,9.393472671508789062e-01,8.978550322353839874e-03,3.641765099018812180e-03,1.191122573800384998e-03,1.781973754987120628e-03
3.917764872312545776e-02,9.474171996116638184e-01,7.610039319843053818e-03,3.245666623115539551e-03,1.003612182103097439e-03,1.545853679999709129e-03
4.736910760402679443e-02,9.368765354156494141e-01,9.002913720905780792e-03,3.731292439624667168e-03,1.188657130114734173e-03,1.831547124311327934e-03
4.589026793837547302e-02,9.387825727462768555e-01,8.791191503405570984e-03,3.608469152823090553e-03,1.165924477390944958e-03,1.761568244546651840e-03
4.146050289273262024e-02,9.445476531982421875e-01,8.009104058146476746e-03,3.320418763905763626e-03,1.066164812073111534e-03,1.596098532900214195e-03
4.218079894781112671e-02,9.435327649116516113e-01,8.253366686403751373e-03,3.352619009092450142e-03,1.067798119038343430e-03,1.612750813364982605e-03
4.929252341389656067e-02,9.341826438903808594e-01,9.630263783037662506e-03,3.732609329745173454e-03,1.288314699195325375e-03,1.873669913038611412e-03
4.507797956466674805e-02,9.394851922988891602e-01,9.045937098562717438e-03,3.458724822849035263e-03,1.213803538121283054e-03,1.718201790936291218e-03
5.295930430293083191e-02,9.290336370468139648e-01,1.058384310454130173e-02,3.973306156694889069e-03,1.420570188201963902e-03,2.029239432886242867e-03
4.861506447196006775e-02,9.345582723617553711e-01,9.932725690305233002e-03,3.717651590704917908e-03,1.321384101174771786e-03,1.854815753176808357e-03
4.251092672348022461e-02,9.423102736473083496e-01,8.917054161429405212e-03,3.393638646230101585e-03,1.204489031806588173e-03,1.663533272221684456e-03
3.997021540999412537e-02,9.459873437881469727e-01,8.162965998053550720e-03,3.254617564380168915e-03,1.070394762791693211e-03,1.554331160150468349e-03
3.786782920360565186e-02,9.488888382911682129e-01,7.608417887240648270e-03,3.185847774147987366e-03,9.753049816936254501e-04,1.473834854550659657e-03
3.740430623292922974e-02,9.495925903320312500e-01,7.429885677993297577e-03,3.135335398837924004e-03,9.730635792948305607e-04,1.464825239963829517e-03
3.914636000990867615e-02,9.472603201866149902e-01,7.800641935318708420e-03,3.259276971220970154e-03,1.009288826026022434e-03,1.523977844044566154e-03
3.834306076169013977e-02,9.485314488410949707e-01,7.503718603402376175e-03,3.184570232406258583e-03,9.504025219939649105e-04,1.486776862293481827e-03
3.881115838885307312e-02,9.477756619453430176e-01,7.697957567870616913e-03,3.215273609384894371e-03,9.951874380931258202e-04,1.504837884567677975e-03
3.468189015984535217e-02,9.531583189964294434e-01,6.941976491361856461e-03,2.998765092343091965e-03,8.747952524572610855e-04,1.344356220215559006e-03
3.152601793408393860e-02,9.573553800582885742e-01,6.314699072390794754e-03,2.819199580699205399e-03,7.531981682404875755e-04,1.231365837156772614e-03
3.192789480090141296e-02,9.567810893058776855e-01,6.407729350030422211e-03,2.863846486434340477e-03,7.671476341784000397e-04,1.252274960279464722e-03
3.258904069662094116e-02,9.560180306434631348e-01,6.469795946031808853e-03,2.863788744434714317e-03,7.805690402165055275e-04,1.278826734051108360e-03
3.560748323798179626e-02,9.520449638366699219e-01,7.064233068376779556e-03,3.032309701666235924e-03,8.700614562258124352e-04,1.380953355692327023e-03
3.719660639762878418e-02,9.497547149658203125e-01,7.500541862100362778e-03,3.157736035063862801e-03,9.442216833122074604e-04,1.446149894036352634e-03
3.365185111761093140e-02,9.544768929481506348e-01,6.792930420488119125e-03,2.886825939640402794e-03,8.770184940658509731e-04,1.314542023465037346e-03
3.555957600474357605e-02,9.518259763717651367e-01,7.290921639651060104e-03,3.008401719853281975e-03,9.364764555357396603e-04,1.378614804707467556e-03
3.556050360202789307e-02,9.520940184593200684e-01,7.022047881036996841e-03,3.039516275748610497e-03,8.997140103019773960e-04,1.384182600304484367e-03
3.255977481603622437e-02,9.559593200683593750e-01,6.512830499559640884e-03,2.860794542357325554e-03,8.275579893961548805e-04,1.279618008993566036e-03
3.448131680488586426e-02,9.536226987838745117e-01,6.747145671397447586e-03,2.936379751190543175e-03,8.643444161862134933e-04,1.348089543171226978e-03
3.311235457658767700e-02,9.553494453430175781e-01,6.549272220581769943e-03,2.839443506672978401e-03,8.487969753332436085e-04,1.300745410844683647e-03
3.549399226903915405e-02,9.520435333251953125e-01,7.145404815673828125e-03,3.025770885869860649e-03,9.045175393112003803e-04,1.386748976074159145e-03
3.497501462697982788e-02,9.525264501571655273e-01,7.273610681295394897e-03,2.946489490568637848e-03,9.197134058922529221e-04,1.358781126327812672e-03
3.715199977159500122e-02,9.494673609733581543e-01,7.819178514182567596e-03,3.143415320664644241e-03,9.736072970554232597e-04,1.444474793970584869e-03
3.474823758006095886e-02,9.527754783630371094e-01,7.283051032572984695e-03,2.945936284959316254e-03,9.045726037584245205e-04,1.342709525488317013e-03
3.454162925481796265e-02,9.528249502182006836e-01,7.357764057815074921e-03,2.973284572362899780e-03,9.401129209436476231e-04,1.362209091894328594e-03
3.456969559192657471e-02,9.528530836105346680e-01,7.294300943613052368e-03,2.968194894492626190e-03,9.426194592379033566e-04,1.372081344015896320e-03
3.826061263680458069e-02,9.484363198280334473e-01,7.713000755757093430e-03,3.117117332294583321e-03,9.929923107847571373e-04,1.479830942116677761e-03
4.169870540499687195e-02,9.441480636596679688e-01,8.169244974851608276e-03,3.326573641970753670e-03,1.048778183758258820e-03,1.608845894224941730e-03
3.718335181474685669e-02,9.499834775924682617e-01,7.398075889796018600e-03,3.077266737818717957e-03,9.307404980063438416e-04,1.427040202543139458e-03
3.759016469120979309e-02,9.493459463119506836e-01,7.500631734728813171e-03,3.177321748808026314e-03,9.330633329227566719e-04,1.452834345400333405e-03
3.469941020011901855e-02,9.532803893089294434e-01,6.894823629409074783e-03,2.909224014729261398e-03,8.785786922089755535e-04,1.337663037702441216e-03
4.306452721357345581e-02,9.426299333572387695e-01,8.259466849267482758e-03,3.381040412932634354e-03,1.037878682836890221e-03,1.627255813218653202e-03
4.253177344799041748e-02,9.435593485832214355e-01,8.049433119595050812e-03,3.273652167990803719e-03,9.993986459448933601e-04,1.586286234669387341e-03
3.936308249831199646e-02,9.472262263298034668e-01,7.777345366775989532e-03,3.173254895955324173e-03,9.563807980157434940e-04,1.503677922300994396e-03
3.957835212349891663e-02,9.469199180603027344e-01,7.857031188905239105e-03,3.166025504469871521e-03,9.775131475180387497e-04,1.501217600889503956e-03
3.563616797327995300e-02,9.514542818069458008e-01,7.494076155126094818e-03,3.103229450061917305e-03,9.172945283353328705e-04,1.395069644786417484e-03
3.250504657626152039e-02,9.558441638946533203e-01,6.712723989039659500e-03,2.863187342882156372e-03,8.165104663930833340e-04,1.258356729522347450e-03
3.281324729323387146e-02,9.554268717765808105e-01,6.789116188883781433e-03,2.854128601029515266e-03,8.397422498092055321e-04,1.276895636692643166e-03
3.239446878433227539e-02,9.562231302261352539e-01,6.582980509847402573e-03,2.763169351965188980e-03,8.024144335649907589e-04,1.233979244716465473e-03
3.293737396597862244e-02,9.549981355667114258e-01,7.016385439783334732e-03,2.895063720643520355e-03,8.597367559559643269e-04,1.293275388889014721e-03
3.777797520160675049e-02,9.487693905830383301e-01,7.796802092343568802e-03,3.193175187334418297e-03,9.834869997575879097e-04,1.479124301113188267e-03
3.493563085794448853e-02,9.526557326316833496e-01,7.135034073144197464e-03,2.974287839606404305e-03,9.159725741483271122e-04,1.383177470415830612e-03
3.993623703718185425e-02,9.463302493095397949e-01,7.901648990809917450e-03,3.294486785307526588e-03,9.847589535638689995e-04,1.552619389258325100e-03
4.057953879237174988e-02,9.458365440368652344e-01,7.728697732090950012e-03,3.328525228425860405e-03,9.633827139623463154e-04,1.563273486681282520e-03
4.047808051109313965e-02,9.458085894584655762e-01,7.910224609076976776e-03,3.298091702163219452e-03,9.736035135574638844e-04,1.531323767267167568e-03
3.747034072875976562e-02,9.496761560440063477e-01,7.399471476674079895e-03,3.141648601740598679e-03,8.877781801857054234e-04,1.424651942215859890e-03
3.261875361204147339e-02,9.560675024986267090e-01,6.448281463235616684e-03,2.892386866733431816e-03,7.370376260951161385e-04,1.235973672010004520e-03
3.189697861671447754e-02,9.565034508705139160e-01,6.740385200828313828e-03,2.894220408052206039e-03,7.573675247840583324e-04,1.207471359521150589e-03
2.668379060924053192e-02,9.631434679031372070e-01,5.870569497346878052e-03,2.670624991878867149e-03,5.980302230454981327e-04,1.033426728099584579e-03
2.996039018034934998e-02,9.592906236648559570e-01,6.201911251991987228e-03,2.718961797654628754e-03,6.898406427353620529e-04,1.138405874371528625e-03
3.183006867766380310e-02,9.569108486175537109e-01,6.531198974698781967e-03,2.779112663120031357e-03,7.406116928905248642e-04,1.208191853947937489e-03
3.408587351441383362e-02,9.540339708328247070e-01,6.779612973332405090e-03,2.967036562040448189e-03,8.138433913700282574e-04,1.319598639383912086e-03
3.469348698854446411e-02,9.530333280563354492e-01,7.047558669000864029e-03,2.998560667037963867e-03,8.722348138689994812e-04,1.354880165308713913e-03
3.579529002308845520e-02,9.516665935516357422e-01,7.171235047280788422e-03,3.057033289223909378e-03,9.073346736840903759e-04,1.402486464940011501e-03
3.547806292772293091e-02,9.520653486251831055e-01,7.122762035578489304e-03,3.045221557840704918e-03,9.025718900375068188e-04,1.386039075441658497e-03
3.407828137278556824e-02,9.539940357208251953e-01,6.833875551819801331e-03,2.917377511039376259e-03,8.519795374013483524e-04,1.324399025179445744e-03
3.384096547961235046e-02,9.542195796966552734e-01,6.860693451017141342e-03,2.896250691264867783e-03,8.635437116026878357e-04,1.319015398621559143e-03
3.246129676699638367e-02,9.560502767562866211e-01,6.609658710658550262e-03,2.813095226883888245e-03,8.100844570435583591e-04,1.255526090972125530e-03
3.520771116018295288e-02,9.522706270217895508e-01,7.294623181223869324e-03,2.980881603434681892e-03,8.984818123281002045e-04,1.347640645690262318e-03
2.995816431939601898e-02,9.592637419700622559e-01,6.231850013136863708e-03,2.617994323372840881e-03,7.686322205699980259e-04,1.159516978077590466e-03
2.994966693222522736e-02,9.593099355697631836e-01,6.143202073872089386e-03,2.699262229725718498e-03,7.356872665695846081e-04,1.162332948297262192e-03
2.996424771845340729e-02,9.594674706459045410e-01,6.026394199579954147e-03,2.642554463818669319e-03,7.398879388347268105e-04,1.159330829977989197e-03
2.663995698094367981e-02,9.639023542404174805e-01,5.279392004013061523e-03,2.496582688763737679e-03,6.313376361504197121e-04,1.050441758707165718e-03
2.906289137899875641e-02,9.608595967292785645e-01,5.602372810244560242e-03,2.655959688127040863e-03,6.789174512960016727e-04,1.140419510193169117e-03
3.232098743319511414e-02,9.565472006797790527e-01,6.202177144587039948e-03,2.870147582143545151e-03,7.872308488003909588e-04,1.272266148589551449e-03
3.135119378566741943e-02,9.576648473739624023e-01,6.134589202702045441e-03,2.840505912899971008e-03,7.656716625206172466e-04,1.243137870915234089e-03
3.181437402963638306e-02,9.571111202239990234e-01,6.191379856318235397e-03,2.844256348907947540e-03,7.821959443390369415e-04,1.256680698134005070e-03
3.009650111198425293e-02,9.593415260314941406e-01,5.948999896645545959e-03,2.690131543204188347e-03,7.451153942383825779e-04,1.177661586552858353e-03
3.275829181075096130e-02,9.556655883789062500e-01,6.598800886422395706e-03,2.881477586925029755e-03,8.199556614272296429e-04,1.275890157558023930e-03
3.664765879511833191e-02,9.509515762329101562e-01,7.142741233110427856e-03,3.026953199878334999e-03,8.568955818191170692e-04,1.374135259538888931e-03
3.828836604952812195e-02,9.488492012023925781e-01,7.334606721997261047e-03,3.189035458490252495e-03,8.832273306325078011e-04,1.455547986552119255e-03
3.794349730014801025e-02,9.492572546005249023e-01,7.244441192597150803e-03,3.212698735296726227e-03,8.736310410313308239e-04,1.468460774049162865e-03
4.048324003815650940e-02,9.457016587257385254e-01,7.900679484009742737e-03,3.395540639758110046e-03,9.607219835743308067e-04,1.558200106956064701e-03
4.180236160755157471e-02,9.441646337509155273e-01,8.034794591367244720e-03,3.435177495703101158e-03,9.734691702760756016e-04,1.589571475051343441e-03
4.334003105759620667e-02,9.423084855079650879e-01,8.271680213510990143e-03,3.433176781982183456e-03,1.009922591038048267e-03,1.636621658690273762e-03
4.391138255596160889e-02,9.417233467102050781e-01,8.252684026956558228e-03,3.483823267742991447e-03,9.865236934274435043e-04,1.642207382246851921e-03
4.895125329494476318e-02,9.354787468910217285e-01,8.976570330560207367e-03,3.746361937373876572e-03,1.037147827446460724e-03,1.809974783100187778e-03
4.584018513560295105e-02,9.392878413200378418e-01,8.556306362152099609e-03,3.702325047925114632e-03,9.387996396981179714e-04,1.674530911259353161e-03
4.313767701387405396e-02,9.429911375045776367e-01,7.869666442275047302e-03,3.448957810178399086e-03,9.362064301967620850e-04,1.616322086192667484e-03
3.908311575651168823e-02,9.483382105827331543e-01,7.108857389539480209e-03,3.155562328174710274e-03,8.564800955355167389e-04,1.457759062759578228e-03
3.374002128839492798e-02,9.545593261718750000e-01,6.681903731077909470e-03,2.891806419938802719e-03,8.277595043182373047e-04,1.299281721003353596e-03
3.303305059671401978e-02,9.554500579833984375e-01,6.549106445163488388e-03,2.868894720450043678e-03,8.127964101731777191e-04,1.286164973862469196e-03
3.177910670638084412e-02,9.569944739341735840e-01,6.328477989882230759e-03,2.826154697686433792e-03,8.035643259063363075e-04,1.268165302462875843e-03
3.344858437776565552e-02,9.548336267471313477e-01,6.697012577205896378e-03,2.898862352594733238e-03,8.251988328993320465e-04,1.296626403927803040e-03
3.121624700725078583e-02,9.574660658836364746e-01,6.489100400358438492e-03,2.803736599162220955e-03,7.922973600216209888e-04,1.232469803653657436e-03
3.597292676568031311e-02,9.513611793518066406e-01,7.263947278261184692e-03,3.078182693570852280e-03,9.159508626908063889e-04,1.407818519510328770e-03
3.525801748037338257e-02,9.523524641990661621e-01,7.087984587997198105e-03,3.036782843992114067e-03,8.808600832708179951e-04,1.383967464789748192e-03
3.497339785099029541e-02,9.526245594024658203e-01,7.149165496230125427e-03,3.032352309674024582e-03,8.652045507915318012e-04,1.355326268821954727e-03
3.484034910798072815e-02,9.526637196540832520e-01,7.169204764068126678e-03,3.046143334358930588e-03,9.013073286041617393e-04,1.379309920594096184e-03
2.984379604458808899e-02,9.593715071678161621e-01,6.142917089164257050e-03,2.713396213948726654e-03,7.528609130531549454e-04,1.175427343696355820e-03
2.911091968417167664e-02,9.600815773010253906e-01,6.256148684769868851e-03,2.680168021470308304e-03,7.346798083744943142e-04,1.136615173891186714e-03
3.265731781721115112e-02,9.556586146354675293e-01,6.743410136550664902e-03,2.919587539508938789e-03,7.635158835910260677e-04,1.257597235962748528e-03
3.322027251124382019e-02,9.545431137084960938e-01,7.247500587254762650e-03,2.966159256175160408e-03,7.713243248872458935e-04,1.251596142537891865e-03
3.200526162981987000e-02,9.560263156890869141e-01,6.988546811044216156e-03,3.017207141965627670e-03,7.309287320822477341e-04,1.231693197041749954e-03
3.621173650026321411e-02,9.508909583091735840e-01,7.495552301406860352e-03,3.200184553861618042e-03,8.289990364573895931e-04,1.372512779198586941e-03
3.167437762022018433e-02,9.566895365715026855e-01,6.680718157440423965e-03,2.959079574793577194e-03,7.556306663900613785e-04,1.240549026988446712e-03
4.100909456610679626e-02,9.457634687423706055e-01,7.496502716094255447e-03,3.376197302713990211e-03,8.385822293348610401e-04,1.516172545962035656e-03
3.990032151341438293e-02,9.472361803054809570e-01,7.277701050043106079e-03,3.268711036071181297e-03,8.315545856021344662e-04,1.485638902522623539e-03
5.076869577169418335e-02,9.340662360191345215e-01,8.588152937591075897e-03,3.772521857172250748e-03,9.819588158279657364e-04,1.822378719225525856e-03
5.717202275991439819e-02,9.260490536689758301e-01,9.614076465368270874e-03,4.048950970172882080e-03,1.110197394154965878e-03,2.005774760618805885e-03
4.995716735720634460e-02,9.349147677421569824e-01,8.610928431153297424e-03,3.682918846607208252e-03,1.040665199980139732e-03,1.793680828996002674e-03
3.879869356751441956e-02,9.482172727584838867e-01,7.409826852381229401e-03,3.253287402912974358e-03,8.607271010987460613e-04,1.460068975575268269e-03
3.481984511017799377e-02,9.531571269035339355e-01,6.753908470273017883e-03,3.109305398538708687e-03,7.932694861665368080e-04,1.366624026559293270e-03
3.237025439739227295e-02,9.564683437347412109e-01,6.294490769505500793e-03,2.925917971879243851e-03,6.954281707294285297e-04,1.245631254278123379e-03
3.490699455142021179e-02,9.535161852836608887e-01,6.469322834163904190e-03,3.062676638364791870e-03,7.139492663554847240e-04,1.330932020209729671e-03
4.200898483395576477e-02,9.448005557060241699e-01,7.510602474212646484e-03,3.361774142831563950e-03,8.031316683627665043e-04,1.514953910373151302e-03
4.413839802145957947e-02,9.422636628150939941e-01,7.749629206955432892e-03,3.413876751437783241e-03,8.540757116861641407e-04,1.580275245942175388e-03
4.008593037724494934e-02,9.468724131584167480e-01,7.435173727571964264e-03,3.255022922530770302e-03,8.642617613077163696e-04,1.487287809140980244e-03
4.763231799006462097e-02,9.374763965606689453e-01,8.507857099175453186e-03,3.665364114567637444e-03,1.019428134895861149e-03,1.698529231362044811e-03
3.405493870377540588e-02,9.541453123092651367e-01,6.657558958977460861e-03,3.021919168531894684e-03,7.994553889147937298e-04,1.320710754953324795e-03
3.609704226255416870e-02,9.514877200126647949e-01,7.058546878397464752e-03,3.060657298192381859e-03,8.843300165608525276e-04,1.411630539223551750e-03
3.994214907288551331e-02,9.465947151184082031e-01,7.688725367188453674e-03,3.289996879175305367e-03,9.494557161815464497e-04,1.534918672405183315e-03
3.920438513159751892e-02,9.473044276237487793e-01,7.703366223722696304e-03,3.304602811112999916e-03,9.487689821980893612e-04,1.534472103230655193e-03
3.618912398815155029e-02,9.511655569076538086e-01,7.224842440336942673e-03,3.152889898046851158e-03,8.548871264792978764e-04,1.412653247825801373e-03
3.608825057744979858e-02,9.513854384422302246e-01,7.167366333305835724e-03,3.100480418652296066e-03,8.580975700169801712e-04,1.400477834977209568e-03
3.567161783576011658e-02,9.519049525260925293e-01,7.173120044171810150e-03,3.020640229806303978e-03,8.663808112032711506e-04,1.363274757750332355e-03
3.331306949257850647e-02,9.549679160118103027e-01,6.746290717273950577e-03,2.894225297495722771e-03,8.053250494413077831e-04,1.273198053240776062e-03
3.104667924344539642e-02,9.579248428344726562e-01,6.342743057757616043e-03,2.751909429207444191e-03,7.412352715618908405e-04,1.192500581964850426e-03
2.992832101881504059e-02,9.593704938888549805e-01,6.177625618875026703e-03,2.705045510083436966e-03,6.786951562389731407e-04,1.139864092692732811e-03
2.995635382831096649e-02,9.592375159263610840e-01,6.173886358737945557e-03,2.780995098873972893e-03,6.854932289570569992e-04,1.165634719654917717e-03
3.254087269306182861e-02,9.560961723327636719e-01,6.476900074630975723e-03,2.940637525171041489e-03,7.019235636107623577e-04,1.243369653820991516e-03
3.376795724034309387e-02,9.541994929313659668e-01,6.868319585919380188e-03,3.064975142478942871e-03,7.737441337667405605e-04,1.325503108091652393e-03
3.612263873219490051e-02,9.513257741928100586e-01,7.125898730009794235e-03,3.221595892682671547e-03,7.947270642034709454e-04,1.409420394338667393e-03
3.621966764330863953e-02,9.513364434242248535e-01,7.087651640176773071e-03,3.175314050167798996e-03,7.911805878393352032e-04,1.389815937727689743e-03
3.599188476800918579e-02,9.514831900596618652e-01,7.189352996647357941e-03,3.150708042085170746e-03,8.063215645961463451e-04,1.378485700115561485e-03
3.473215550184249878e-02,9.532630443572998047e-01,6.821280345320701599e-03,3.083384828642010689e-03,7.632142514921724796e-04,1.336975488811731339e-03
3.489229083061218262e-02,9.530565142631530762e-01,6.896577309817075729e-03,3.022711258381605148e-03,8.006699499674141407e-04,1.331318519078195095e-03
3.193116188049316406e-02,9.567441344261169434e-01,6.488577928394079208e-03,2.857938176020979881e-03,7.466747774742543697e-04,1.231538830325007439e-03
2.892071008682250977e-02,9.608543515205383301e-01,5.795872770249843597e-03,2.634990029036998749e-03,6.654668250121176243e-04,1.128714764490723610e-03
3.086983226239681244e-02,9.585253000259399414e-01,6.022983230650424957e-03,2.749226288869976997e-03,6.632811273448169231e-04,1.169290160760283470e-03
2.865589596331119537e-02,9.612557888031005859e-01,5.740976426750421524e-03,2.658943179994821548e-03,6.067555514164268970e-04,1.081675640307366848e-03
3.294068947434425354e-02,9.558383226394653320e-01,6.404801737517118454e-03,2.925429726019501686e-03,6.689644069410860538e-04,1.221775193698704243e-03
2.901295758783817291e-02,9.606471061706542969e-01,5.915028508752584457e-03,2.675477880984544754e-03,6.442732410505414009e-04,1.105241011828184128e-03
2.401156723499298096e-02,9.672213196754455566e-01,4.963948391377925873e-03,2.320349449291825294e-03,5.445574061013758183e-04,9.382070857100188732e-04
3.019535355269908905e-02,9.590294957160949707e-01,6.184414029121398926e-03,2.717001130804419518e-03,7.118101930245757103e-04,1.161856343969702721e-03
2.965417690575122833e-02,9.597488641738891602e-01,6.077999714761972427e-03,2.683201106265187263e-03,6.944239721633493900e-04,1.141343498602509499e-03
2.675117366015911102e-02,9.637198448181152344e-01,5.393073894083499908e-03,2.501746173948049545e-03,5.959278205409646034e-04,1.038352609612047672e-03
3.020302765071392059e-02,9.591081142425537109e-01,6.090008653700351715e-03,2.724343677982687950e-03,7.038259645923972130e-04,1.170506002381443977e-03
2.931399643421173096e-02,9.604116678237915039e-01,5.766083952039480209e-03,2.699752803891897202e-03,6.589094991795718670e-04,1.149646937847137451e-03
3.375850617885589600e-02,9.545513987541198730e-01,6.617456208914518356e-03,2.974712057039141655e-03,7.857516757212579250e-04,1.312242122367024422e-03
3.372272849082946777e-02,9.546566605567932129e-01,6.654773838818073273e-03,2.889672294259071350e-03,7.840832695364952087e-04,1.292038941755890846e-03
3.593958169221878052e-02,9.513501524925231934e-01,7.367518730461597443e-03,3.140531945973634720e-03,8.379512582905590534e-04,1.364230294711887836e-03
2.974583767354488373e-02,9.593241810798645020e-01,6.314082536846399307e-03,2.753242384642362595e-03,7.081313524395227432e-04,1.154528581537306309e-03
3.108738735318183899e-02,9.579514861106872559e-01,6.259293761104345322e-03,2.830155892297625542e-03,6.931525422260165215e-04,1.178399776108562946e-03
2.306726574897766113e-02,9.681017994880676270e-01,4.922971129417419434e-03,2.478003269061446190e-03,5.049749161116778851e-04,9.248193819075822830e-04
2.383912913501262665e-02,9.674989581108093262e-01,4.839275497943162918e-03,2.349191112443804741e-03,5.372649175114929676e-04,9.363071876578032970e-04
2.524128183722496033e-02,9.658312797546386719e-01,4.894612822681665421e-03,2.480279887095093727e-03,5.520033882930874825e-04,1.000581891275942326e-03
2.372324839234352112e-02,9.679525494575500488e-01,4.571383353322744370e-03,2.307489514350891113e-03,5.167740164324641228e-04,9.285141713917255402e-04
2.817767299711704254e-02,9.620542526245117188e-01,5.424946080893278122e-03,2.629002789035439491e-03,6.179240881465375423e-04,1.096053165383636951e-03
2.894946001470088959e-02,9.608753323554992676e-01,5.751481745392084122e-03,2.673813607543706894e-03,6.419077399186789989e-04,1.108020893298089504e-03
2.843056805431842804e-02,9.616326093673706055e-01,5.578802898526191711e-03,2.614059252664446831e-03,6.430725916288793087e-04,1.100829336792230606e-03
2.692450769245624542e-02,9.636057019233703613e-01,5.298067349940538406e-03,2.542878268286585808e-03,5.884470883756875992e-04,1.040215371176600456e-03
2.685646899044513702e-02,9.638117551803588867e-01,5.206841975450515747e-03,2.532718703150749207e-03,5.681049078702926636e-04,1.024007913656532764e-03
2.557422220706939697e-02,9.654386043548583984e-01,5.024819169193506241e-03,2.418515738099813461e-03,5.547958426177501678e-04,9.890904184430837631e-04
2.561549656093120575e-02,9.652249813079833984e-01,5.145711358636617661e-03,2.448672428727149963e-03,5.699891480617225170e-04,9.951144456863403320e-04
2.596684359014034271e-02,9.648271799087524414e-01,5.164736416190862656e-03,2.450901549309492111e-03,5.806492408737540245e-04,1.009679399430751801e-03
2.613474801182746887e-02,9.646890759468078613e-01,5.106166470795869827e-03,2.459328155964612961e-03,5.919024697504937649e-04,1.018850947730243206e-03
2.347966469824314117e-02,9.680505394935607910e-01,4.757308401167392731e-03,2.281258348375558853e-03,5.178619176149368286e-04,9.133952553384006023e-04
3.166548535227775574e-02,9.574738144874572754e-01,6.100257858633995056e-03,2.830602927133440971e-03,7.029409753158688545e-04,1.226902939379215240e-03
3.383845835924148560e-02,9.546676278114318848e-01,6.454219110310077667e-03,2.985307015478610992e-03,7.451405399478971958e-04,1.309073064476251602e-03
3.240289539098739624e-02,9.565194845199584961e-01,6.235853303223848343e-03,2.891332143917679787e-03,6.977643352001905441e-04,1.252743531949818134e-03
3.550467640161514282e-02,9.525600671768188477e-01,6.736600771546363831e-03,3.090244019404053688e-03,7.572942995466291904e-04,1.351068960502743721e-03
3.377531468868255615e-02,9.547166228294372559e-01,6.503787357360124588e-03,2.917431760579347610e-03,7.839799509383738041e-04,1.302971155382692814e-03
3.530241549015045166e-02,9.529221653938293457e-01,6.728482432663440704e-03,2.935803029686212540e-03,7.899794145487248898e-04,1.321193296462297440e-03
3.698188439011573792e-02,9.508135914802551270e-01,6.946041714400053024e-03,3.057662164792418480e-03,8.068083552643656731e-04,1.394084305502474308e-03
3.851999342441558838e-02,9.484527111053466797e-01,7.504452485591173172e-03,3.212025854736566544e-03,8.651850512251257896e-04,1.445625326596200466e-03
3.032709471881389618e-02,9.590747952461242676e-01,5.983531009405851364e-03,2.762799151241779327e-03,6.787577876821160316e-04,1.173018827103078365e-03
2.689658477902412415e-02,9.636693596839904785e-01,5.231305491179227829e-03,2.554882084950804710e-03,5.883268895559012890e-04,1.059530884958803654e-03
3.415259346365928650e-02,9.544596076011657715e-01,6.423629354685544968e-03,2.952511655166745186e-03,7.197307422757148743e-04,1.292016822844743729e-03
2.976316586136817932e-02,9.600043296813964844e-01,5.736084189265966415e-03,2.736312104389071465e-03,6.191045977175235748e-04,1.141061075031757355e-03
3.087479248642921448e-02,9.589286446571350098e-01,5.725598428398370743e-03,2.719588810577988625e-03,6.007772753946483135e-04,1.150545314885675907e-03
3.338805586099624634e-02,9.551240205764770508e-01,6.579848472028970718e-03,2.983696758747100830e-03,6.796789821237325668e-04,1.244702260009944439e-03
2.823212929069995880e-02,9.616732001304626465e-01,5.701214075088500977e-03,2.647147048264741898e-03,6.420199642889201641e-04,1.104379422031342983e-03
2.735116332769393921e-02,9.629515409469604492e-01,5.501851439476013184e-03,2.518349792808294296e-03,6.227972335182130337e-04,1.054237363860011101e-03
2.780531533062458038e-02,9.622642397880554199e-01,5.706592928618192673e-03,2.536171348765492439e-03,6.208570557646453381e-04,1.066814409568905830e-03
2.960249781608581543e-02,9.601446390151977539e-01,5.775116849690675735e-03,2.657609060406684875e-03,6.787985912524163723e-04,1.141288201324641705e-03
2.481567300856113434e-02,9.663491249084472656e-01,4.927529487758874893e-03,2.395051065832376480e-03,5.485113360919058323e-04,9.640385978855192661e-04
2.567346394062042236e-02,9.651196002960205078e-01,5.161872133612632751e-03,2.456842921674251556e-03,5.842215032316744328e-04,1.004016841761767864e-03
2.714246511459350586e-02,9.633721113204956055e-01,5.334613379091024399e-03,2.506616991013288498e-03,6.026725168339908123e-04,1.041645067743957043e-03
3.204212337732315063e-02,9.571120738983154297e-01,6.137720774859189987e-03,2.799515612423419952e-03,7.024975493550300598e-04,1.206133398227393627e-03
3.348113968968391418e-02,9.553878307342529297e-01,6.306807044893503189e-03,2.865939168259501457e-03,7.069080602377653122e-04,1.251361565664410591e-03
3.260466083884239197e-02,9.565055370330810547e-01,6.175298243761062622e-03,2.814181149005889893e-03,6.819515256211161613e-04,1.218248275108635426e-03
3.153256326913833618e-02,9.578736424446105957e-01,5.982917267829179764e-03,2.775609726086258888e-03,6.556771113537251949e-04,1.179637503810226917e-03
2.946898527443408966e-02,9.604358673095703125e-01,5.660222843289375305e-03,2.699007280170917511e-03,6.194277666509151459e-04,1.116586849093437195e-03
2.767075598239898682e-02,9.627076387405395508e-01,5.321450997143983841e-03,2.605656860396265984e-03,6.058627623133361340e-04,1.088486867956817150e-03
2.770412340760231018e-02,9.627652168273925781e-01,5.259658675640821457e-03,2.631242852658033371e-03,5.706389783881604671e-04,1.069111865945160389e-03
2.650956436991691589e-02,9.639400243759155273e-01,5.307629238814115524e-03,2.612283686175942421e-03,5.770568386651575565e-04,1.053474959917366505e-03
2.819121070206165314e-02,9.619897007942199707e-01,5.415557418018579483e-03,2.703455043956637383e-03,5.943204159848392010e-04,1.105777453631162643e-03
2.714581973850727081e-02,9.631985425949096680e-01,5.340791307389736176e-03,2.652046503499150276e-03,5.869158776476979256e-04,1.075808773748576641e-03
2.465203031897544861e-02,9.664667844772338867e-01,4.906086716800928116e-03,2.441337099298834801e-03,5.523494910448789597e-04,9.814621880650520325e-04
2.285766042768955231e-02,9.689017534255981445e-01,4.534678999334573746e-03,2.283059526234865189e-03,5.127686890773475170e-04,9.101259638555347919e-04
2.387503907084465027e-02,9.675959348678588867e-01,4.682813305407762527e-03,2.377922413870692253e-03,5.240589962340891361e-04,9.442652226425707340e-04
2.512140572071075439e-02,9.657943844795227051e-01,5.040399730205535889e-03,2.490405458956956863e-03,5.574153619818389416e-04,9.960314491763710976e-04
3.385809063911437988e-02,9.546365141868591309e-01,6.515129469335079193e-03,2.947431756183505058e-03,7.525615510530769825e-04,1.290196785703301430e-03
2.896500937640666962e-02,9.608533382415771484e-01,5.672025028616189957e-03,2.755297813564538956e-03,6.157996249385178089e-04,1.138562569394707680e-03
4.082776606082916260e-02,9.460518956184387207e-01,7.470045704394578934e-03,3.329402301460504532e-03,8.096182136796414852e-04,1.511196256615221500e-03
3.814089298248291016e-02,9.497204422950744629e-01,6.866196636110544205e-03,3.156330436468124390e-03,7.206284208223223686e-04,1.395465340465307236e-03
4.416546225547790527e-02,9.416252374649047852e-01,8.125355467200279236e-03,3.584085265174508095e-03,8.669376838952302933e-04,1.632858766242861748e-03
3.797039389610290527e-02,9.494706988334655762e-01,7.118948735296726227e-03,3.258302342146635056e-03,7.562714163213968277e-04,1.425356138497591019e-03
2.749899215996265411e-02,9.630141258239746094e-01,5.232609342783689499e-03,2.627823734655976295e-03,5.547222099266946316e-04,1.071723178029060364e-03
2.896185964345932007e-02,9.610325694084167480e-01,5.606225226074457169e-03,2.750585321336984634e-03,5.540126003324985504e-04,1.094816485419869423e-03
2.852693386375904083e-02,9.615953564643859863e-01,5.543317180126905441e-03,2.675739582628011703e-03,5.833023460581898689e-04,1.075271051377058029e-03
2.674511820077896118e-02,9.639387130737304688e-01,5.192798562347888947e-03,2.540794434025883675e-03,5.556574324145913124e-04,1.026949146762490273e-03
2.613308466970920563e-02,9.650812745094299316e-01,4.843784030526876450e-03,2.420004457235336304e-03,5.323626683093607426e-04,9.895337279886007309e-04
2.275408618152141571e-02,9.692385196685791016e-01,4.416779149323701859e-03,2.207628451287746429e-03,4.931290168315172195e-04,8.898257510736584663e-04
3.577762842178344727e-02,9.531623125076293945e-01,6.178081966936588287e-03,2.910185838118195534e-03,6.900111911818385124e-04,1.281803124584257603e-03
3.375546261668205261e-02,9.557593464851379395e-01,5.867870990186929703e-03,2.813828876242041588e-03,6.107337540015578270e-04,1.192783121950924397e-03
2.956081740558147430e-02,9.610570669174194336e-01,5.172234028577804565e-03,2.605927875265479088e-03,5.226616631262004375e-04,1.081303576938807964e-03
3.353269025683403015e-02,9.560831785202026367e-01,5.811291281133890152e-03,2.814795821905136108e-03,5.886188591830432415e-04,1.169295166619122028e-03
2.260992303490638733e-02,9.691381454467773438e-01,4.567605443298816681e-03,2.373376395553350449e-03,4.425536317285150290e-04,8.683441556058824062e-04
2.518964931368827820e-02,9.658272862434387207e-01,5.002457182854413986e-03,2.495776861906051636e-03,5.194477271288633347e-04,9.654454770497977734e-04
2.523879893124103546e-02,9.661676883697509766e-01,4.690617788583040237e-03,2.438961062580347061e-03,4.992358153685927391e-04,9.645459358580410480e-04
2.516599558293819427e-02,9.662897586822509766e-01,4.689810331910848618e-03,2.411054447293281555e-03,4.852476995438337326e-04,9.581753984093666077e-04
2.436612360179424286e-02,9.674333930015563965e-01,4.428803920745849609e-03,2.369636669754981995e-03,4.636440135072916746e-04,9.385076700709760189e-04
2.587676048278808594e-02,9.652631878852844238e-01,4.806145094335079193e-03,2.547011943534016609e-03,4.998722579330205917e-04,1.006969367153942585e-03
2.400166727602481842e-02,9.677479863166809082e-01,4.457844886928796768e-03,2.391515299677848816e-03,4.647710884455591440e-04,9.362361161038279533e-04
1.974498480558395386e-02,9.734568595886230469e-01,3.574693342670798302e-03,2.072530100122094154e-03,3.727998700924217701e-04,7.781332824379205704e-04
2.169348485767841339e-02,9.707995653152465820e-01,4.027744755148887634e-03,2.192301210016012192e-03,4.386206273920834064e-04,8.482427801936864853e-04
1.973621547222137451e-02,9.733279943466186523e-01,3.719061613082885742e-03,2.049659611657261848e-03,3.927572106476873159e-04,7.742759771645069122e-04
2.230352722108364105e-02,9.698529243469238281e-01,4.274258390069007874e-03,2.245590789243578911e-03,4.572155885398387909e-04,8.664114866405725479e-04
2.265029028058052063e-02,9.694125652313232422e-01,4.297536797821521759e-03,2.284077927470207214e-03,4.648733302019536495e-04,8.905247086659073830e-04
2.601488865911960602e-02,9.650565981864929199e-01,4.875631071627140045e-03,2.503377152606844902e-03,5.361601361073553562e-04,1.013464177958667278e-03
2.138579264283180237e-02,9.710556268692016602e-01,4.081845283508300781e-03,2.192691201344132423e-03,4.356461577117443085e-04,8.483779383823275566e-04
2.215265110135078430e-02,9.700598120689392090e-01,4.200603347271680832e-03,2.271672477945685387e-03,4.413137794472277164e-04,8.739871555007994175e-04
2.576514706015586853e-02,9.652653932571411133e-01,4.955993965268135071e-03,2.496247645467519760e-03,5.303805228322744370e-04,9.868572233244776726e-04
2.740513533353805542e-02,9.630949497222900391e-01,5.332087632268667221e-03,2.574266865849494934e-03,5.566600011661648750e-04,1.036794506944715977e-03
2.581870183348655701e-02,9.652608633041381836e-01,4.954699426889419556e-03,2.462862292304635048e-03,5.168400821276009083e-04,9.859428973868489265e-04
2.531891688704490662e-02,9.659811258316040039e-01,4.765859339386224747e-03,2.442240715026855469e-03,5.092374631203711033e-04,9.827114408835768700e-04
2.391084842383861542e-02,9.678585529327392578e-01,4.434668924659490585e-03,2.391535090282559395e-03,4.620129766408354044e-04,9.423707379028201103e-04
2.543925121426582336e-02,9.657143354415893555e-01,4.752799868583679199e-03,2.563382266089320183e-03,5.112927174195647240e-04,1.018958748318254948e-03
2.261765860021114349e-02,9.696804881095886230e-01,4.096677992492914200e-03,2.268975600600242615e-03,4.420523764565587044e-04,8.941411506384611130e-04
2.614625729620456696e-02,9.649431705474853516e-01,4.873149562627077103e-03,2.488125115633010864e-03,5.389238940551877022e-04,1.010447158478200436e-03
2.268701419234275818e-02,9.694160223007202148e-01,4.276715219020843506e-03,2.263159025460481644e-03,4.663830040954053402e-04,8.905371651053428650e-04
2.567549049854278564e-02,9.654913544654846191e-01,4.871895071119070053e-03,2.452978398650884628e-03,5.236614961177110672e-04,9.845690801739692688e-04
2.170156314969062805e-02,9.707673192024230957e-01,4.105883650481700897e-03,2.152367495000362396e-03,4.359893209766596556e-04,8.369586430490016937e-04
2.453788556158542633e-02,9.669384956359863281e-01,4.710558801889419556e-03,2.366938628256320953e-03,5.007204599678516388e-04,9.454251849092543125e-04
3.038658760488033295e-02,9.592837095260620117e-01,5.827873479574918747e-03,2.737976377829909325e-03,6.235177861526608467e-04,1.140354666858911514e-03
2.622860856354236603e-02,9.646705389022827148e-01,5.022014025598764420e-03,2.529277699068188667e-03,5.304189980961382389e-04,1.019179238937795162e-03
3.052958659827709198e-02,9.589529633522033691e-01,5.900291260331869125e-03,2.780407434329390526e-03,6.527841323986649513e-04,1.183921704068779945e-03
2.939098142087459564e-02,9.602533578872680664e-01,5.787460599094629288e-03,2.780574373900890350e-03,6.328349118120968342e-04,1.154803903773427010e-03
2.888978831470012665e-02,9.610899090766906738e-01,5.569564644247293472e-03,2.717297291383147240e-03,6.126786465756595135e-04,1.120779430493712425e-03
3.052891418337821960e-02,9.587072730064392090e-01,6.103071384131908417e-03,2.783987438306212425e-03,6.938496371731162071e-04,1.182958949357271194e-03
2.784916199743747711e-02,9.626554250717163086e-01,5.255423486232757568e-03,2.608637092635035515e-03,5.633551627397537231e-04,1.068028970621526241e-03
2.487726137042045593e-02,9.667299985885620117e-01,4.574974067509174347e-03,2.376655582338571548e-03,4.843778442591428757e-04,9.567419183440506458e-04
2.798191085457801819e-02,9.624609947204589844e-01,5.325687117874622345e-03,2.578914631158113480e-03,5.843611434102058411e-04,1.068156561814248562e-03
2.850377187132835388e-02,9.618132114410400391e-01,5.332669708877801895e-03,2.686724532395601273e-03,5.651547107845544815e-04,1.098383683711290359e-03
3.048552945256233215e-02,9.592511057853698730e-01,5.685293581336736679e-03,2.754856599494814873e-03,6.442444282583892345e-04,1.178874750621616840e-03
3.087419457733631134e-02,9.586926698684692383e-01,5.771833471953868866e-03,2.819208195433020592e-03,6.475826958194375038e-04,1.194555312395095825e-03
2.961998060345649719e-02,9.602385163307189941e-01,5.508724600076675415e-03,2.874868223443627357e-03,5.872504552826285362e-04,1.170717179775238037e-03
2.777581661939620972e-02,9.628269672393798828e-01,5.095129832625389099e-03,2.712519140914082527e-03,5.233765696175396442e-04,1.066214288584887981e-03
2.431078627705574036e-02,9.673336148262023926e-01,4.507040604948997498e-03,2.436404116451740265e-03,4.670780908782035112e-04,9.451582445763051510e-04
2.408401109278202057e-02,9.677957892417907715e-01,4.338875878602266312e-03,2.414894057437777519e-03,4.422395722940564156e-04,9.242405067197978497e-04
2.347409538924694061e-02,9.684439301490783691e-01,4.348253831267356873e-03,2.364921150729060173e-03,4.556485218927264214e-04,9.131418773904442787e-04
2.187276631593704224e-02,9.705877900123596191e-01,4.049341194331645966e-03,2.183336066082119942e-03,4.469683335628360510e-04,8.597790729254484177e-04
2.305490709841251373e-02,9.688100218772888184e-01,4.484264645725488663e-03,2.260799752548336983e-03,4.932851297780871391e-04,8.966220193542540073e-04
2.486152946949005127e-02,9.664994478225708008e-01,4.794857930392026901e-03,2.369584050029516220e-03,5.256783333607017994e-04,9.489994263276457787e-04
2.053733542561531067e-02,9.721954464912414551e-01,3.962460439652204514e-03,2.085107844322919846e-03,4.215145600028336048e-04,7.981418748386204243e-04
1.967808231711387634e-02,9.733737707138061523e-01,3.762198612093925476e-03,2.043895190581679344e-03,3.803947474807500839e-04,7.617293158546090126e-04
1.928183063864707947e-02,9.739370942115783691e-01,3.590293694287538528e-03,2.089458750560879707e-03,3.495184355415403843e-04,7.517634076066315174e-04
2.116417698562145233e-02,9.715712070465087891e-01,3.910202067345380783e-03,2.135843737050890923e-03,4.024293739348649979e-04,8.160176221281290054e-04
2.080442383885383606e-02,9.718155860900878906e-01,4.015956073999404907e-03,2.142721554264426231e-03,4.111910820938646793e-04,8.101374842226505280e-04
2.229751273989677429e-02,9.698698520660400391e-01,4.240204580128192902e-03,2.260012784972786903e-03,4.547242424450814724e-04,8.777603507041931152e-04
2.395477332174777985e-02,9.678078293800354004e-01,4.464174620807170868e-03,2.355031669139862061e-03,4.808206285815685987e-04,9.373209904879331589e-04
2.472696639597415924e-02,9.668616652488708496e-01,4.538733977824449539e-03,2.431105822324752808e-03,4.789427912328392267e-04,9.624861413612961769e-04
2.654941752552986145e-02,9.645802378654479980e-01,4.804093390703201294e-03,2.521982649341225624e-03,5.143060698173940182e-04,1.029918203130364418e-03
3.020966611802577972e-02,9.598788619041442871e-01,5.394737701863050461e-03,2.799796871840953827e-03,5.686515942215919495e-04,1.148254377767443657e-03
2.679252251982688904e-02,9.641551971435546875e-01,4.949668888002634048e-03,2.524410374462604523e-03,5.415803170762956142e-04,1.036604517139494419e-03
2.975958399474620819e-02,9.601300358772277832e-01,5.585651379078626633e-03,2.742775017395615578e-03,6.363619468174874783e-04,1.145563437603414059e-03
2.753553912043571472e-02,9.625687003135681152e-01,5.546113941818475723e-03,2.635525772348046303e-03,6.298538646660745144e-04,1.084361225366592407e-03
2.709298208355903625e-02,9.634512066841125488e-01,5.254090297967195511e-03,2.555870683863759041e-03,5.940585397183895111e-04,1.051789033226668835e-03
2.589130401611328125e-02,9.653143882751464844e-01,4.814132116734981537e-03,2.431263914331793785e-03,5.450827884487807751e-04,1.003749435767531395e-03
2.262177690863609314e-02,9.696153998374938965e-01,4.194854758679866791e-03,2.249187557026743889e-03,4.470834101084619761e-04,8.716640295460820198e-04
1.949975825846195221e-02,9.735808372497558594e-01,3.716455074027180672e-03,2.073279349133372307e-03,3.694451879709959030e-04,7.602452533319592476e-04
1.854723878204822540e-02,9.749904274940490723e-01,3.427377203479409218e-03,1.964076422154903412e-03,3.464943147264420986e-04,7.245827000588178635e-04
1.668888889253139496e-02,9.773230552673339844e-01,3.184553235769271851e-03,1.821982557885348797e-03,3.205322427675127983e-04,6.609165575355291367e-04
1.765309460461139679e-02,9.759086370468139648e-01,3.470052266493439674e-03,1.915265107527375221e-03,3.501641913317143917e-04,7.028082618489861488e-04
2.011597901582717896e-02,9.724961519241333008e-01,4.050737712532281876e-03,2.139665884897112846e-03,4.024006775580346584e-04,7.952112937346100807e-04
2.442913874983787537e-02,9.668954610824584961e-01,4.776802379637956619e-03,2.451717620715498924e-03,4.960404476150870323e-04,9.506585192866623402e-04
2.172470279037952423e-02,9.705446958541870117e-01,4.189527127891778946e-03,2.248222474008798599e-03,4.354726115707308054e-04,8.573774830438196659e-04
2.238853089511394501e-02,9.695954322814941406e-01,4.359338432550430298e-03,2.325258683413267136e-03,4.476044850889593363e-04,8.837738423608243465e-04
1.896752975881099701e-02,9.741004109382629395e-01,3.703514114022254944e-03,2.090476918965578079e-03,3.700041852425783873e-04,7.681763963773846626e-04
2.350839599967002869e-02,9.681515097618103027e-01,4.530158359557390213e-03,2.412292640656232834e-03,4.698472039308398962e-04,9.277909994125366211e-04
2.287269942462444305e-02,9.690560102462768555e-01,4.317994695156812668e-03,2.395787974819540977e-03,4.450495180208235979e-04,9.124110802076756954e-04
1.948980987071990967e-02,9.734961986541748047e-01,3.733509685844182968e-03,2.127857645973563194e-03,3.758414823096245527e-04,7.765648770146071911e-04
1.907468028366565704e-02,9.741764664649963379e-01,3.543386934325098991e-03,2.091304166242480278e-03,3.539904719218611717e-04,7.602331461384892464e-04
1.811595447361469269e-02,9.756582379341125488e-01,3.206677734851837158e-03,1.962959300726652145e-03,3.338028327561914921e-04,7.223561988212168217e-04
1.946841925382614136e-02,9.739412665367126465e-01,3.401467343792319298e-03,2.068432047963142395e-03,3.505980712361633778e-04,7.696059765294194221e-04
2.039350196719169617e-02,9.726797342300415039e-01,3.624188713729381561e-03,2.145228208974003792e-03,3.611273132264614105e-04,7.962546660564839840e-04
2.229607850313186646e-02,9.700087904930114746e-01,4.068105015903711319e-03,2.331206807866692543e-03,4.171213658992201090e-04,8.787429542280733585e-04
2.308169938623905182e-02,9.689561724662780762e-01,4.271617624908685684e-03,2.339187311008572578e-03,4.497655900195240974e-04,9.015369578264653683e-04
2.002063579857349396e-02,9.728581905364990234e-01,3.800589824095368385e-03,2.143634948879480362e-03,3.841407306026667356e-04,7.927585393190383911e-04
2.334056608378887177e-02,9.684181213378906250e-01,4.456824157387018204e-03,2.403504913672804832e-03,4.634131619241088629e-04,9.175738669000566006e-04
2.272990718483924866e-02,9.693896174430847168e-01,4.215382505208253860e-03,2.319722203537821770e-03,4.500508657656610012e-04,8.952490752562880516e-04
1.874498091638088226e-02,9.745904803276062012e-01,3.530311631038784981e-03,2.025671768933534622e-03,3.594854497350752354e-04,7.489673444069921970e-04
2.153337933123111725e-02,9.708794355392456055e-01,4.041378386318683624e-03,2.276830375194549561e-03,4.169840249232947826e-04,8.520645787939429283e-04
1.907641813158988953e-02,9.742472767829895020e-01,3.488921560347080231e-03,2.082086866721510887e-03,3.500721650198101997e-04,7.551967282779514790e-04
1.789986342191696167e-02,9.757855534553527832e-01,3.320750547572970390e-03,1.952270977199077606e-03,3.337193920742720366e-04,7.077935733832418919e-04
1.996163465082645416e-02,9.731052517890930176e-01,3.683339105919003487e-03,2.083071274682879448e-03,3.831076610367745161e-04,7.836345466785132885e-04
1.924474723637104034e-02,9.740719199180603027e-01,3.523804480209946632e-03,2.046938054263591766e-03,3.586435632314532995e-04,7.538789650425314903e-04
2.146974019706249237e-02,9.711704254150390625e-01,3.919768612831830978e-03,2.198551082983613014e-03,4.087641136720776558e-04,8.326597744598984718e-04
2.137143723666667938e-02,9.713678956031799316e-01,3.799736034125089645e-03,2.221266273409128189e-03,3.987785894423723221e-04,8.407662389799952507e-04
1.953178830444812775e-02,9.739289879798889160e-01,3.347157733514904976e-03,2.071357332170009613e-03,3.497085999697446823e-04,7.710634381510317326e-04
1.994686201214790344e-02,9.733106493949890137e-01,3.481781808659434319e-03,2.099119359627366066e-03,3.701362002175301313e-04,7.914018933661282063e-04
1.935932599008083344e-02,9.741462469100952148e-01,3.319759154692292213e-03,2.069069771096110344e-03,3.422858426347374916e-04,7.633450441062450409e-04
2.251016907393932343e-02,9.699418544769287109e-01,3.961831331253051758e-03,2.302532084286212921e-03,4.095365875400602818e-04,8.739838376641273499e-04
2.320592477917671204e-02,9.690409898757934570e-01,4.070432856678962708e-03,2.356456592679023743e-03,4.195609071757644415e-04,9.066120255738496780e-04
2.159945294260978699e-02,9.711753726005554199e-01,3.781850682571530342e-03,2.231773920357227325e-03,3.750723844859749079e-04,8.364277309738099575e-04
2.200205624103546143e-02,9.707010388374328613e-01,3.794219344854354858e-03,2.254474442452192307e-03,3.864862082991749048e-04,8.617009734734892845e-04
2.119354158639907837e-02,9.716982841491699219e-01,3.675415413454174995e-03,2.223333576694130898e-03,3.718883381225168705e-04,8.375519537366926670e-04
1.912541501224040985e-02,9.744303822517395020e-01,3.281565615907311440e-03,2.056017518043518066e-03,3.419842687435448170e-04,7.645273581147193909e-04
1.795581169426441193e-02,9.760101437568664551e-01,3.046781523153185844e-03,1.940862159244716167e-03,3.248899010941386223e-04,7.216367521323263645e-04
1.913833059370517731e-02,9.745259284973144531e-01,3.212989540770649910e-03,2.022956497967243195e-03,3.411402576602995396e-04,7.587433210574090481e-04
1.722936891019344330e-02,9.769475460052490234e-01,2.954533556476235390e-03,1.877691713161766529e-03,3.042980388272553682e-04,6.865661707706749439e-04
1.983569748699665070e-02,9.735314249992370605e-01,3.434702288359403610e-03,2.084610750898718834e-03,3.480525920167565346e-04,7.654718938283622265e-04
1.889702677726745605e-02,9.746671319007873535e-01,3.367031225934624672e-03,2.005110029131174088e-03,3.337087109684944153e-04,7.300124270841479301e-04
1.857290230691432953e-02,9.750258922576904297e-01,3.381524467840790749e-03,1.967682735994458199e-03,3.377811517566442490e-04,7.142116664908826351e-04
1.908363588154315948e-02,9.742702245712280273e-01,3.520885249599814415e-03,2.030451782047748566e-03,3.519177844282239676e-04,7.429668912664055824e-04
1.852886565029621124e-02,9.750326871871948242e-01,3.408312099054455757e-03,1.955057494342327118e-03,3.477721475064754486e-04,7.274338859133422375e-04
2.420089580118656158e-02,9.677096009254455566e-01,4.351633135229349136e-03,2.380144083872437477e-03,4.361895844340324402e-04,9.215997415594756603e-04
2.595074102282524109e-02,9.655053615570068359e-01,4.595944192260503769e-03,2.505864948034286499e-03,4.585937422234565020e-04,9.835388045758008957e-04
2.392941527068614960e-02,9.680952429771423340e-01,4.263598006218671799e-03,2.366259694099426270e-03,4.342015017755329609e-04,9.113873820751905441e-04
2.378521859645843506e-02,9.682960510253906250e-01,4.209797829389572144e-03,2.362746512517333031e-03,4.343054315540939569e-04,9.118307498283684254e-04
2.332890406250953674e-02,9.687089920043945312e-01,4.215979482978582382e-03,2.424545353278517723e-03,4.241321003064513206e-04,8.973518270067870617e-04
2.098011597990989685e-02,9.716176986694335938e-01,3.915516659617424011e-03,2.251513069495558739e-03,3.994165163021534681e-04,8.357886108569800854e-04
2.093668840825557709e-02,9.719821214675903320e-01,3.673788392916321754e-03,2.193193184211850166e-03,3.856064577121287584e-04,8.286628290079534054e-04
1.762081868946552277e-02,9.765254855155944824e-01,2.936593024060130119e-03,1.922251773066818714e-03,3.003816527780145407e-04,6.944620399735867977e-04
1.664610207080841064e-02,9.778532385826110840e-01,2.718521049246191978e-03,1.854086876846849918e-03,2.697872114367783070e-04,6.583299837075173855e-04
1.655593886971473694e-02,9.778775572776794434e-01,2.774048596620559692e-03,1.860778545960783958e-03,2.759610069915652275e-04,6.558250170201063156e-04
1.533434074372053146e-02,9.795020222663879395e-01,2.564557828009128571e-03,1.743484404869377613e-03,2.483376592863351107e-04,6.073047406971454620e-04
1.633610948920249939e-02,9.781748056411743164e-01,2.754563465714454651e-03,1.817686948925256729e-03,2.716276212595403194e-04,6.452032830566167831e-04
1.677183993160724640e-02,9.775518774986267090e-01,2.879993291571736336e-03,1.849670545198023319e-03,2.834659244399517775e-04,6.632729782722890377e-04
1.589110493659973145e-02,9.786319732666015625e-01,2.772398758679628372e-03,1.814985531382262707e-03,2.585571201052516699e-04,6.310642347671091557e-04
1.925916038453578949e-02,9.743072390556335449e-01,3.263297490775585175e-03,2.094566123560070992e-03,3.181550127919763327e-04,7.576555362902581692e-04
1.638685911893844604e-02,9.780147075653076172e-01,2.824668772518634796e-03,1.865278114564716816e-03,2.630670787766575813e-04,6.454890244640409946e-04
1.714487932622432709e-02,9.771509170532226562e-01,2.859218977391719818e-03,1.906026853248476982e-03,2.715620503295212984e-04,6.673310417681932449e-04
1.692346855998039246e-02,9.774433970451354980e-01,2.818114822730422020e-03,1.885440899059176445e-03,2.696216688491404057e-04,6.599809275940060616e-04
1.532662007957696915e-02,9.795239567756652832e-01,2.566362265497446060e-03,1.731543103232979774e-03,2.496454399079084396e-04,6.018289132043719292e-04
1.474320981651544571e-02,9.803600907325744629e-01,2.401689765974879265e-03,1.676154206506907940e-03,2.352290612179785967e-04,5.836162017658352852e-04
1.459368504583835602e-02,9.806500673294067383e-01,2.295556245371699333e-03,1.651228987611830235e-03,2.322302025277167559e-04,5.772243603132665157e-04
1.463681645691394806e-02,9.805542230606079102e-01,2.331207972019910812e-03,1.661597983911633492e-03,2.354192984057590365e-04,5.808100686408579350e-04
1.549264602363109589e-02,9.794119000434875488e-01,2.491442253813147545e-03,1.743176020681858063e-03,2.474951324984431267e-04,6.133402348496019840e-04
1.750580780208110809e-02,9.767699837684631348e-01,2.857300220057368279e-03,1.895884983241558075e-03,2.843832771759480238e-04,6.866568000987172127e-04
1.808056235313415527e-02,9.758211970329284668e-01,3.082557581365108490e-03,1.990895951166749001e-03,3.047878271900117397e-04,7.199341198429465294e-04
1.630470342934131622e-02,9.782029986381530762e-01,2.744135214015841484e-03,1.829651999287307262e-03,2.691285917535424232e-04,6.494989502243697643e-04
1.795777678489685059e-02,9.760761260986328125e-01,2.977045485749840736e-03,1.985516631975769997e-03,2.941282873507589102e-04,7.094101165421307087e-04
1.442327070981264114e-02,9.807403087615966797e-01,2.382267266511917114e-03,1.647756434977054596e-03,2.341182553209364414e-04,5.724588409066200256e-04
1.434078533202409744e-02,9.807749986648559570e-01,2.428544685244560242e-03,1.647812314331531525e-03,2.379196375841274858e-04,5.699709872715175152e-04
1.436440274119377136e-02,9.808077216148376465e-01,2.386466134339570999e-03,1.640028320252895355e-03,2.328517148271203041e-04,5.684589268639683723e-04
1.393477059900760651e-02,9.814237952232360840e-01,2.256424166262149811e-03,1.609836355783045292e-03,2.216370339738205075e-04,5.535573000088334084e-04
1.411727443337440491e-02,9.811927080154418945e-01,2.265367191284894943e-03,1.640643109567463398e-03,2.201508468715474010e-04,5.637377034872770309e-04
1.538598258048295975e-02,9.796888232231140137e-01,2.359962556511163712e-03,1.727796159684658051e-03,2.315127931069582701e-04,6.059584557078778744e-04
1.720221526920795441e-02,9.771908521652221680e-01,2.771129366010427475e-03,1.885026576928794384e-03,2.750995045062154531e-04,6.755172507837414742e-04
2.087726444005966187e-02,9.724262952804565430e-01,3.415456740185618401e-03,2.145746489986777306e-03,3.357000241521745920e-04,7.995882770046591759e-04
1.903165318071842194e-02,9.747305512428283691e-01,3.172400407493114471e-03,2.010901458561420441e-03,3.141452325507998466e-04,7.403243216685950756e-04
1.782830618321895599e-02,9.763690829277038574e-01,2.928845817223191261e-03,1.896228524856269360e-03,2.867010771296918392e-04,6.907878560014069080e-04
1.766034774482250214e-02,9.765130877494812012e-01,2.938505494967103004e-03,1.921803108416497707e-03,2.803722163662314415e-04,6.857558037154376507e-04
1.590176299214363098e-02,9.786479473114013672e-01,2.734682755544781685e-03,1.832794398069381714e-03,2.538460248615592718e-04,6.288930890150368214e-04
1.535558607429265976e-02,9.794761538505554199e-01,2.567134099081158638e-03,1.753841061145067215e-03,2.411946770735085011e-04,6.059817387722432613e-04
1.748239621520042419e-02,9.767436981201171875e-01,2.901007421314716339e-03,1.913737738505005836e-03,2.790828293655067682e-04,6.799856200814247131e-04
1.670215837657451630e-02,9.776286482810974121e-01,2.856078092008829117e-03,1.883056713268160820e-03,2.710320404730737209e-04,6.589732947759330273e-04
1.517928764224052429e-02,9.796662926673889160e-01,2.549280878156423569e-03,1.762303872965276241e-03,2.390281151747331023e-04,6.037278217263519764e-04
1.401779055595397949e-02,9.813715815544128418e-01,2.222562208771705627e-03,1.620449475012719631e-03,2.132160298060625792e-04,5.543694132938981056e-04
1.448604743927717209e-02,9.807440638542175293e-01,2.315730322152376175e-03,1.663879840634763241e-03,2.218585577793419361e-04,5.683577619493007660e-04
1.247844379395246506e-02,9.833185672760009766e-01,2.025232883170247078e-03,1.490887021645903587e-03,1.911834551719948649e-04,4.956600023433566093e-04
1.236853655427694321e-02,9.835126996040344238e-01,1.981292385607957840e-03,1.459157443605363369e-03,1.897012552944943309e-04,4.886612296104431152e-04
1.201160997152328491e-02,9.840309619903564453e-01,1.886920887045562267e-03,1.416865270584821701e-03,1.811069960240274668e-04,4.725501639768481255e-04
1.342909410595893860e-02,9.820776581764221191e-01,2.199957147240638733e-03,1.557214651256799698e-03,2.090294874506071210e-04,5.271383561193943024e-04
1.374522875994443893e-02,9.816417694091796875e-01,2.249733079224824905e-03,1.597962691448628902e-03,2.180768497055396438e-04,5.471355398185551167e-04
1.325973216444253922e-02,9.823256134986877441e-01,2.126581734046339989e-03,1.555338269099593163e-03,2.044910797849297523e-04,5.282690399326384068e-04
1.611013896763324738e-02,9.786009192466735840e-01,2.599905477836728096e-03,1.802995917387306690e-03,2.534482628107070923e-04,6.325957947410643101e-04
1.491190958768129349e-02,9.801799058914184570e-01,2.383577637374401093e-03,1.703734160400927067e-03,2.314656594535335898e-04,5.893430789001286030e-04
1.668551936745643616e-02,9.777734875679016113e-01,2.743611810728907585e-03,1.865577651187777519e-03,2.729714324232190847e-04,6.588638061657547951e-04
1.632602885365486145e-02,9.782272577285766602e-01,2.706874394789338112e-03,1.825476065278053284e-03,2.672311384230852127e-04,6.471365340985357761e-04
1.694525964558124542e-02,9.774801135063171387e-01,2.746292157098650932e-03,1.888895407319068909e-03,2.715214213822036982e-04,6.680831429548561573e-04
1.488061062991619110e-02,9.801811575889587402e-01,2.415256574749946594e-03,1.692221383564174175e-03,2.398785145487636328e-04,5.909106694161891937e-04
1.480498258024454117e-02,9.801551699638366699e-01,2.483157441020011902e-03,1.717609353363513947e-03,2.430621971143409610e-04,5.960180424153804779e-04
1.496730092912912369e-02,9.799643158912658691e-01,2.514625899493694305e-03,1.700471970252692699e-03,2.530386263970285654e-04,6.002856534905731678e-04
1.509871240705251694e-02,9.797080159187316895e-01,2.592822769656777382e-03,1.733296085149049759e-03,2.595443802420049906e-04,6.074883858673274517e-04
1.444768160581588745e-02,9.806025028228759766e-01,2.483850112184882164e-03,1.639351365156471729e-03,2.507365425117313862e-04,5.760004278272390366e-04
1.558342669159173965e-02,9.789636135101318359e-01,2.792067360132932663e-03,1.752079348079860210e-03,2.850985911209136248e-04,6.237753550522029400e-04
1.478910446166992188e-02,9.800255298614501953e-01,2.667534397915005684e-03,1.665688934735953808e-03,2.663847990334033966e-04,5.856188945472240448e-04
1.502447947859764099e-02,9.796168804168701172e-01,2.785793039947748184e-03,1.702479436062276363e-03,2.734980662353336811e-04,5.968632758595049381e-04
1.750499568879604340e-02,9.763293266296386719e-01,3.224424086511135101e-03,1.922551193274557590e-03,3.239307552576065063e-04,6.947458023205399513e-04
1.664902269840240479e-02,9.774965047836303711e-01,3.022146411240100861e-03,1.865516067482531071e-03,3.012038068845868111e-04,6.657611229456961155e-04
1.459075510501861572e-02,9.802312254905700684e-01,2.655988326296210289e-03,1.675741979852318764e-03,2.590918156784027815e-04,5.871968460269272327e-04
1.767973974347114563e-02,9.761017560958862305e-01,3.265039529651403427e-03,1.908012083731591702e-03,3.387753968127071857e-04,7.066070684231817722e-04
2.172873355448246002e-02,9.706812500953674316e-01,4.083800129592418671e-03,2.221542643383145332e-03,4.293417150620371103e-04,8.553349762223660946e-04
2.087712660431861877e-02,9.717602729797363281e-01,3.943559713661670685e-03,2.187364734709262848e-03,4.055323079228401184e-04,8.261930779553949833e-04
2.089349925518035889e-02,9.718441367149353027e-01,3.888671984896063805e-03,2.137834671884775162e-03,4.137699725106358528e-04,8.219477022066712379e-04
1.744041405618190765e-02,9.762570858001708984e-01,3.318282775580883026e-03,1.950806356035172939e-03,3.307163715362548828e-04,7.025572122074663639e-04
1.987443864345550537e-02,9.731842875480651855e-01,3.639139700680971146e-03,2.122404985129833221e-03,3.844806342385709286e-04,7.952884188853204250e-04
2.033806964755058289e-02,9.725443124771118164e-01,3.790868911892175674e-03,2.118612639605998993e-03,4.014877777080982924e-04,8.066601003520190716e-04
2.261345833539962769e-02,9.697887897491455078e-01,4.073430318385362625e-03,2.209888072684407234e-03,4.391227266751229763e-04,8.754031732678413391e-04
2.783963084220886230e-02,9.630212187767028809e-01,5.019293166697025299e-03,2.532633021473884583e-03,5.379164358600974083e-04,1.049316837452352047e-03
2.910702116787433624e-02,9.610556364059448242e-01,5.459192208945751190e-03,2.695566508919000626e-03,5.805848049931228161e-04,1.101942267268896103e-03
2.753549627959728241e-02,9.631206989288330078e-01,5.103610455989837646e-03,2.671596128493547440e-03,5.162642337381839752e-04,1.052308944053947926e-03
2.456047013401985168e-02,9.668813943862915039e-01,4.643735475838184357e-03,2.530354540795087814e-03,4.431127454154193401e-04,9.410458733327686787e-04
1.983130909502506256e-02,9.732464551925659180e-01,3.598944982513785362e-03,2.180017298087477684e-03,3.512118710204958916e-04,7.920700008980929852e-04
1.790522225201129913e-02,9.761358499526977539e-01,2.980541670694947243e-03,1.973072066903114319e-03,2.948127221316099167e-04,7.103628013283014297e-04
1.715511642396450043e-02,9.771410226821899414e-01,2.808823483064770699e-03,1.930957543663680553e-03,2.801209921017289162e-04,6.840001442469656467e-04
1.464604679495096207e-02,9.805977940559387207e-01,2.268691314384341240e-03,1.674692495726048946e-03,2.288004034198820591e-04,5.840105004608631134e-04
1.537491381168365479e-02,9.796559810638427734e-01,2.429636660963296890e-03,1.707791816443204880e-03,2.364074316574260592e-04,5.953850923106074333e-04
1.436945050954818726e-02,9.808946251869201660e-01,2.329522045329213142e-03,1.629175269044935703e-03,2.191607200074940920e-04,5.580268916673958302e-04
1.319901738315820694e-02,9.823936223983764648e-01,2.153299748897552490e-03,1.538646640256047249e-03,1.989410375244915485e-04,5.164150497876107693e-04
1.450426783412694931e-02,9.806234240531921387e-01,2.416996518149971962e-03,1.662915223278105259e-03,2.266251831315457821e-04,5.657047731801867485e-04
1.423087809234857559e-02,9.809108972549438477e-01,2.401104429736733437e-03,1.666863099671900272e-03,2.248166128993034363e-04,5.653520347550511360e-04
1.457890216261148453e-02,9.805021882057189941e-01,2.412145258858799934e-03,1.680441200733184814e-03,2.399765362497419119e-04,5.862916586920619011e-04
1.529322378337383270e-02,9.795123934745788574e-01,2.568028634414076805e-03,1.756249228492379189e-03,2.555460378061980009e-04,6.144468206912279129e-04
1.420982554554939270e-02,9.809563755989074707e-01,2.381238155066967010e-03,1.654559629969298840e-03,2.281788038089871407e-04,5.698611494153738022e-04
1.517403312027454376e-02,9.796191453933715820e-01,2.589304931461811066e-03,1.762608997523784637e-03,2.497806854080408812e-04,6.051738746464252472e-04
1.394254434853792191e-02,9.813511371612548828e-01,2.301114611327648163e-03,1.624889438971877098e-03,2.235981664853170514e-04,5.566953332163393497e-04
1.469448860734701157e-02,9.803527593612670898e-01,2.426983788609504700e-03,1.707248855382204056e-03,2.353659801883623004e-04,5.831636954098939896e-04
1.335570309311151505e-02,9.822151064872741699e-01,2.142606768757104874e-03,1.558650285005569458e-03,2.020965475821867585e-04,5.258980090729892254e-04
1.494068559259176254e-02,9.801378846168518066e-01,2.421006327494978905e-03,1.683376147411763668e-03,2.349954884266480803e-04,5.822571110911667347e-04
1.587969064712524414e-02,9.789181351661682129e-01,2.609122777357697487e-03,1.734736841171979904e-03,2.503087453078478575e-04,6.080585299059748650e-04
1.463200431317090988e-02,9.805212020874023438e-01,2.426025224849581718e-03,1.628882717341184616e-03,2.293194556841626763e-04,5.624736659228801727e-04
1.532469317317008972e-02,9.795137643814086914e-01,2.611933043226599693e-03,1.714125741273164749e-03,2.463023120071738958e-04,5.891807377338409424e-04
1.396929938346147537e-02,9.812278151512145996e-01,2.387607702985405922e-03,1.643044990487396717e-03,2.214731939602643251e-04,5.506916204467415810e-04
1.238922588527202606e-02,9.833884239196777344e-01,2.066025277599692345e-03,1.472140429541468620e-03,1.926978875417262316e-04,4.913913435302674770e-04
1.356575451791286469e-02,9.818826913833618164e-01,2.212287625297904015e-03,1.590287429280579090e-03,2.104279410559684038e-04,5.385162075981497765e-04
1.356312260031700134e-02,9.818111062049865723e-01,2.283070934936404228e-03,1.584184938110411167e-03,2.176037814933806658e-04,5.408279248513281345e-04
1.274685282260179520e-02,9.829843044281005859e-01,2.057699719443917274e-03,1.509151770733296871e-03,1.961405505426228046e-04,5.058456445112824440e-04
1.199022307991981506e-02,9.840410947799682617e-01,1.888490398414433002e-03,1.427215873263776302e-03,1.805242791306227446e-04,4.724216414615511894e-04
1.234684512019157410e-02,9.835647344589233398e-01,1.954261912032961845e-03,1.462367130443453789e-03,1.846147642936557531e-04,4.871359560638666153e-04
1.426119543612003326e-02,9.810329675674438477e-01,2.280173590406775475e-03,1.646353513933718204e-03,2.167158672818914056e-04,5.626131896860897541e-04
1.542118377983570099e-02,9.794848561286926270e-01,2.485352801159024239e-03,1.756329555064439774e-03,2.405786217423155904e-04,6.116886506788432598e-04
1.598525606095790863e-02,9.788058400154113770e-01,2.535403938964009285e-03,1.795429969206452370e-03,2.480409457348287106e-04,6.300139357335865498e-04
1.434364076703786850e-02,9.807958006858825684e-01,2.367709763348102570e-03,1.691537792794406414e-03,2.252054255222901702e-04,5.761394859291613102e-04
1.359308976680040359e-02,9.819246530532836914e-01,2.166428603231906891e-03,1.582604250870645046e-03,2.027646696660667658e-04,5.304896621964871883e-04
1.349661126732826233e-02,9.820028543472290039e-01,2.181570744141936302e-03,1.587376231327652931e-03,2.027133450610563159e-04,5.288086249493062496e-04
1.408788096159696579e-02,9.812521934509277344e-01,2.266004681587219238e-03,1.631968421861529350e-03,2.113322116201743484e-04,5.504474975168704987e-04
1.391004212200641632e-02,9.814374446868896484e-01,2.277082065120339394e-03,1.642378512769937515e-03,1.955303159775212407e-04,5.374646862037479877e-04
1.602661795914173126e-02,9.789062738418579102e-01,2.490205690264701843e-03,1.747926231473684311e-03,2.254966238979250193e-04,6.035460392013192177e-04
1.587470807135105133e-02,9.788886904716491699e-01,2.592024859040975571e-03,1.806497224606573582e-03,2.287451643496751785e-04,6.094030686654150486e-04
1.819309405982494354e-02,9.759787917137145996e-01,2.884156769141554832e-03,1.980624860152602196e-03,2.679285826161503792e-04,6.953366682864725590e-04
1.500190235674381256e-02,9.800243973731994629e-01,2.414718503132462502e-03,1.741161569952964783e-03,2.262238122057169676e-04,5.915890797041356564e-04
1.600138656795024872e-02,9.787750244140625000e-01,2.551659708842635155e-03,1.795452903024852276e-03,2.481864648871123791e-04,6.282948306761682034e-04
1.441918127238750458e-02,9.809205532073974609e-01,2.231745049357414246e-03,1.648665987886488438e-03,2.150999061996117234e-04,5.647712387144565582e-04
1.440449245274066925e-02,9.809699058532714844e-01,2.211281098425388336e-03,1.638245186768472195e-03,2.138117852155119181e-04,5.623295437544584274e-04
1.362176891416311264e-02,9.818707704544067383e-01,2.151296008378267288e-03,1.612593652680516243e-03,2.019663661485537887e-04,5.416295607574284077e-04
1.269534043967723846e-02,9.831248521804809570e-01,1.964607741683721542e-03,1.522624399513006210e-03,1.859213225543498993e-04,5.067763268016278744e-04
1.300004962831735611e-02,9.827544093132019043e-01,1.997805433347821236e-03,1.543977414257824421e-03,1.888312835944816470e-04,5.148812779225409031e-04
1.227718126028776169e-02,9.837020635604858398e-01,1.881334464997053146e-03,1.479483558796346188e-03,1.752498064888641238e-04,4.847896925639361143e-04
1.240527722984552383e-02,9.834818840026855469e-01,1.956130610778927803e-03,1.487704343162477016e-03,1.808906672522425652e-04,4.880469932686537504e-04
1.135809719562530518e-02,9.848812818527221680e-01,1.779238344170153141e-03,1.370390295051038265e-03,1.640912087168544531e-04,4.469699924811720848e-04
1.257081516087055206e-02,9.832870960235595703e-01,1.968166092410683632e-03,1.491080969572067261e-03,1.869725383585318923e-04,4.958218778483569622e-04
1.277429703623056412e-02,9.830407500267028809e-01,1.979854423552751541e-03,1.508996007032692432e-03,1.907404803205281496e-04,5.053375498391687870e-04
1.363497227430343628e-02,9.818903207778930664e-01,2.154667163267731667e-03,1.578528201207518578e-03,2.065481239696964622e-04,5.348924896679818630e-04
1.227113511413335800e-02,9.837231636047363281e-01,1.898803282529115677e-03,1.444518915377557278e-03,1.816059666452929378e-04,4.807371005881577730e-04
1.139547582715749741e-02,9.848682284355163574e-01,1.758937607519328594e-03,1.366218668408691883e-03,1.649724435992538929e-04,4.461147182155400515e-04
1.164438202977180481e-02,9.845851063728332520e-01,1.755313831381499767e-03,1.389463781379163265e-03,1.676545361988246441e-04,4.582207475323230028e-04
1.149843819439411163e-02,9.848121404647827148e-01,1.702713663689792156e-03,1.371540827676653862e-03,1.636387023609131575e-04,4.514979373198002577e-04
1.123666297644376755e-02,9.851822257041931152e-01,1.629565260373055935e-03,1.347434008494019508e-03,1.589165767654776573e-04,4.452243738342076540e-04
1.232221536338329315e-02,9.837210178375244141e-01,1.826403080485761166e-03,1.462361658923327923e-03,1.789085799828171730e-04,4.890402778983116150e-04
1.160872355103492737e-02,9.847123622894287109e-01,1.678226748481392860e-03,1.377191510982811451e-03,1.645102311158552766e-04,4.589408054016530514e-04
1.206874661147594452e-02,9.840413331985473633e-01,1.796255004592239857e-03,1.438377774320542812e-03,1.751864037942141294e-04,4.801327595487236977e-04
1.163131557404994965e-02,9.846581220626831055e-01,1.692323014140129089e-03,1.392085570842027664e-03,1.648998149903491139e-04,4.611550248228013515e-04
1.190163753926753998e-02,9.842979311943054199e-01,1.734543009661138058e-03,1.425159396603703499e-03,1.693618396529927850e-04,4.713940434157848358e-04
1.183305028825998306e-02,9.844151139259338379e-01,1.701431698165833950e-03,1.415608916431665421e-03,1.663292059674859047e-04,4.684250452555716038e-04
1.150042098015546799e-02,9.849317073822021484e-01,1.587627339176833630e-03,1.371575752273201942e-03,1.566043647471815348e-04,4.520794900599867105e-04
1.080574281513690948e-02,9.858319759368896484e-01,1.496623386628925800e-03,1.297265524044632912e-03,1.454119337722659111e-04,4.229273763485252857e-04
1.035283878445625305e-02,9.864414334297180176e-01,1.405989984050393105e-03,1.256536575965583324e-03,1.366089127259328961e-04,4.065940447617322206e-04
1.022220216691493988e-02,9.865933656692504883e-01,1.409428659826517105e-03,1.238581491634249687e-03,1.364593626931309700e-04,3.999414038844406605e-04
1.025214232504367828e-02,9.865188002586364746e-01,1.445907168090343475e-03,1.240938669070601463e-03,1.398648164467886090e-04,4.023927031084895134e-04
1.093345601111650467e-02,9.855639934539794922e-01,1.607097801752388477e-03,1.312597189098596573e-03,1.545767299830913544e-04,4.282092850189656019e-04
1.098271831870079041e-02,9.854468107223510742e-01,1.649434678256511688e-03,1.327983336523175240e-03,1.585722493473440409e-04,4.344802873674780130e-04
1.181624364107847214e-02,9.843185544013977051e-01,1.803547260351479053e-03,1.416541403159499168e-03,1.747542846715077758e-04,4.704230814240872860e-04
1.238088309764862061e-02,9.835752248764038086e-01,1.888854196295142174e-03,1.477501587942242622e-03,1.840429322328418493e-04,4.934892058372497559e-04
1.281847152858972549e-02,9.829031825065612793e-01,2.042692387476563454e-03,1.530048903077840805e-03,1.946359698195010424e-04,5.109275807626545429e-04
1.315607596188783646e-02,9.824677109718322754e-01,2.088499255478382111e-03,1.560635399073362350e-03,2.026043803198263049e-04,5.244836211204528809e-04
1.296645775437355042e-02,9.827483296394348145e-01,2.051360672339797020e-03,1.527863554656505585e-03,1.948933786479756236e-04,5.110266502015292645e-04
1.407386083155870438e-02,9.810929894447326660e-01,2.395220333710312843e-03,1.676153508014976978e-03,2.139130519935861230e-04,5.478336242958903313e-04
1.237032376229763031e-02,9.832271337509155273e-01,2.196647925302386284e-03,1.542884856462478638e-03,1.833514543250203133e-04,4.797712026629596949e-04
1.250293198972940445e-02,9.831659793853759766e-01,2.121022203937172890e-03,1.537334755994379520e-03,1.837011077441275120e-04,4.891059361398220062e-04
1.139711309224367142e-02,9.846636056900024414e-01,1.909226062707602978e-03,1.422705710865557194e-03,1.642171118874102831e-04,4.431972629390656948e-04
1.240611821413040161e-02,9.834327101707458496e-01,1.997827552258968353e-03,1.494360622018575668e-03,1.829293469199910760e-04,4.861155757680535316e-04
1.190031040459871292e-02,9.842929244041442871e-01,1.767211360856890678e-03,1.400794484652578831e-03,1.724015019135549664e-04,4.664668522309511900e-04
1.155599579215049744e-02,9.847419261932373047e-01,1.713284756988286972e-03,1.367075019516050816e-03,1.664513983996585011e-04,4.551207530312240124e-04
1.162463426589965820e-02,9.846134185791015625e-01,1.756010693497955799e-03,1.377400476485490799e-03,1.699796412140130997e-04,4.586081486195325851e-04
1.162804849445819855e-02,9.845551848411560059e-01,1.785220811143517494e-03,1.401643501594662666e-03,1.693175872787833214e-04,4.606683796737343073e-04
1.149301975965499878e-02,9.847457408905029297e-01,1.754033728502690792e-03,1.383258262649178505e-03,1.689699565758928657e-04,4.550387675408273935e-04
1.092555746436119080e-02,9.855064153671264648e-01,1.646918826736509800e-03,1.333854161202907562e-03,1.559478114359080791e-04,4.312841629143804312e-04
1.066977903246879578e-02,9.858356714248657227e-01,1.610646722838282585e-03,1.307583414018154144e-03,1.530478330096229911e-04,4.233623621985316277e-04
1.085107587277889252e-02,9.855474233627319336e-01,1.682058442384004593e-03,1.330125494860112667e-03,1.586743746884167194e-04,4.305516777094453573e-04
1.156274601817131042e-02,9.846304059028625488e-01,1.790128415450453758e-03,1.391359488479793072e-03,1.683165464783087373e-04,4.570825840346515179e-04
1.140572875738143921e-02,9.848738908767700195e-01,1.730683841742575169e-03,1.377261127345263958e-03,1.625669538043439388e-04,4.497461777646094561e-04
1.142591517418622971e-02,9.848726987838745117e-01,1.718030078336596489e-03,1.369050005450844765e-03,1.631566556170582771e-04,4.511167644523084164e-04
1.176475640386343002e-02,9.844400882720947266e-01,1.751067931763827801e-03,1.410981174558401108e-03,1.675484963925555348e-04,4.655012744478881359e-04
1.135477609932422638e-02,9.850196838378906250e-01,1.649464480578899384e-03,1.367470948025584221e-03,1.589969178894534707e-04,4.496531910263001919e-04
1.142539642751216888e-02,9.849204421043395996e-01,1.676399260759353638e-03,1.363660790957510471e-03,1.629897451493889093e-04,4.510541039053350687e-04
1.098288688808679581e-02,9.855014681816101074e-01,1.600710093043744564e-03,1.326911849901080132e-03,1.535802584839984775e-04,4.344049666542559862e-04
1.098616886883974075e-02,9.855464696884155273e-01,1.562775229103863239e-03,1.321931486018002033e-03,1.503839594079181552e-04,4.322048625908792019e-04
1.135633420199155807e-02,9.851472973823547363e-01,1.549724722281098366e-03,1.350040431134402752e-03,1.516561460448428988e-04,4.449938132893294096e-04
1.011418923735618591e-02,9.867606163024902344e-01,1.371481339447200298e-03,1.226353924721479416e-03,1.313454704359173775e-04,3.960367175750434399e-04
1.124403905123472214e-02,9.852504134178161621e-01,1.564156729727983475e-03,1.348807825706899166e-03,1.510395086370408535e-04,4.414482100401073694e-04
1.195363514125347137e-02,9.842446446418762207e-01,1.743738539516925812e-03,1.420083688572049141e-03,1.672001817496493459e-04,4.705762257799506187e-04
1.061556767672300339e-02,9.859474897384643555e-01,1.567257451824843884e-03,1.304167206399142742e-03,1.461226929677650332e-04,4.195256333332508802e-04
1.015101931989192963e-02,9.865125417709350586e-01,1.543479971587657928e-03,1.250519882887601852e-03,1.424710499122738838e-04,3.999195178039371967e-04
1.047040894627571106e-02,9.860975742340087891e-01,1.576316659338772297e-03,1.295704394578933716e-03,1.457735634176060557e-04,4.142742254771292210e-04
1.123073883354663849e-02,9.851263761520385742e-01,1.679503242485225201e-03,1.365514355711638927e-03,1.547255960758775473e-04,4.430479602888226509e-04
1.392583455890417099e-02,9.816661477088928223e-01,2.044821856543421745e-03,1.614463166333734989e-03,1.973951875697821379e-04,5.513218347914516926e-04
1.419405359774827957e-02,9.813821315765380859e-01,2.032768912613391876e-03,1.632558880373835564e-03,1.981603127205744386e-04,5.603183526545763016e-04
1.413180492818355560e-02,9.814432859420776367e-01,2.043822314590215683e-03,1.628853497095406055e-03,1.959479559445753694e-04,5.561691359616816044e-04
1.367675513029098511e-02,9.820245504379272461e-01,1.980941276997327805e-03,1.586711383424699306e-03,1.910881546791642904e-04,5.398564971983432770e-04
1.263936515897512436e-02,9.834244847297668457e-01,1.782687730155885220e-03,1.482046791352331638e-03,1.737035345286130905e-04,4.976191557943820953e-04
1.188261993229389191e-02,9.843952655792236328e-01,1.683718641288578510e-03,1.412215409800410271e-03,1.594454806763678789e-04,4.667035827878862619e-04
1.149550173431634903e-02,9.849019646644592285e-01,1.621541450731456280e-03,1.372577855363488197e-03,1.560403034090995789e-04,4.522350791376084089e-04
1.124451030045747757e-02,9.851963520050048828e-01,1.617047470062971115e-03,1.350955106317996979e-03,1.507846900494769216e-04,4.403261991683393717e-04
1.202472485601902008e-02,9.841485619544982910e-01,1.771442708559334278e-03,1.419876702129840851e-03,1.661217102082446218e-04,4.692416987381875515e-04
1.086662709712982178e-02,9.856688976287841797e-01,1.580778858624398708e-03,1.313350512646138668e-03,1.457122707506641746e-04,4.247380129527300596e-04
9.483636356890201569e-03,9.874408245086669922e-01,1.403209404088556767e-03,1.175772049464285374e-03,1.263857120648026466e-04,3.701313980855047703e-04
8.788493461906909943e-03,9.882888793945312500e-01,1.335043925791978836e-03,1.127626746892929077e-03,1.165590947493910789e-04,3.433856472838670015e-04
8.532878011465072632e-03,9.886411428451538086e-01,1.278799492865800858e-03,1.103330054320394993e-03,1.110502562369219959e-04,3.328625753056257963e-04
9.949821978807449341e-03,9.867097735404968262e-01,1.561057753860950470e-03,1.253945752978324890e-03,1.367897639283910394e-04,3.886182385031133890e-04
1.121264230459928513e-02,9.851226210594177246e-01,1.713276142254471779e-03,1.358901383355259895e-03,1.561712997499853373e-04,4.364354535937309265e-04
1.229410525411367416e-02,9.837793707847595215e-01,1.817907555960118771e-03,1.447581104002892971e-03,1.755559933371841908e-04,4.855783481616526842e-04
1.146945450454950333e-02,9.848421812057495117e-01,1.699347747489809990e-03,1.374070066958665848e-03,1.608717429917305708e-04,4.539989749900996685e-04
1.037848740816116333e-02,9.862666130065917969e-01,1.534941256977617741e-03,1.265132799744606018e-03,1.445514062652364373e-04,4.104072286281734705e-04
9.942294098436832428e-03,9.868573546409606934e-01,1.451711286790668964e-03,1.222373219206929207e-03,1.351650134893134236e-04,3.910294035449624062e-04
9.542787447571754456e-03,9.873400330543518066e-01,1.421948545612394810e-03,1.187909627333283424e-03,1.318017748417332768e-04,3.754228528123348951e-04
1.126615982502698898e-02,9.850483536720275879e-01,1.717261737212538719e-03,1.363962190225720406e-03,1.606416917638853192e-04,4.436057934071868658e-04
1.047272700816392899e-02,9.860464930534362793e-01,1.623107702471315861e-03,1.297643058933317661e-03,1.473530865041539073e-04,4.127424326725304127e-04
1.155372243374586105e-02,9.846110939979553223e-01,1.808498403988778591e-03,1.404209760949015617e-03,1.664465962676331401e-04,4.560617089737206697e-04
1.154400408267974854e-02,9.845534563064575195e-01,1.852178829722106457e-03,1.421332126483321190e-03,1.707092305878177285e-04,4.583996196743100882e-04
9.402446448802947998e-03,9.874187111854553223e-01,1.477740355767309666e-03,1.198159181512892246e-03,1.320677110925316811e-04,3.709409793373197317e-04
1.031547691673040390e-02,9.862999320030212402e-01,1.556503470055758953e-03,1.276808208785951138e-03,1.446514506824314594e-04,4.068434645887464285e-04
1.010750886052846909e-02,9.865820407867431641e-01,1.518798409961163998e-03,1.251547015272080898e-03,1.409091200912371278e-04,3.991602570749819279e-04
9.124381467700004578e-03,9.879170060157775879e-01,1.325003104284405708e-03,1.155457342974841595e-03,1.197243691422045231e-04,3.583145735319703817e-04
1.059638708829879761e-02,9.859819412231445312e-01,1.537722651846706867e-03,1.318281982094049454e-03,1.440553314751014113e-04,4.215271037537604570e-04
1.087718270719051361e-02,9.856843948364257812e-01,1.540660625323653221e-03,1.324221841059625149e-03,1.455111341783776879e-04,4.279551794752478600e-04
1.059631165117025375e-02,9.860082268714904785e-01,1.536619383841753006e-03,1.299590338021516800e-03,1.426855887984856963e-04,4.165466234553605318e-04
1.038125529885292053e-02,9.861726164817810059e-01,1.604968565516173840e-03,1.288445200771093369e-03,1.449202245566993952e-04,4.077833436895161867e-04
1.006291061639785767e-02,9.865547418594360352e-01,1.581880380399525166e-03,1.267315819859504700e-03,1.381287438562139869e-04,3.950573154725134373e-04
1.079314853996038437e-02,9.855646491050720215e-01,1.715834136120975018e-03,1.348462305031716824e-03,1.516458869446069002e-04,4.262922448106110096e-04
9.456547908484935760e-03,9.873825907707214355e-01,1.449346425943076611e-03,1.208853558637201786e-03,1.272609079023823142e-04,3.754345816560089588e-04
1.017212867736816406e-02,9.864766597747802734e-01,1.529784523881971836e-03,1.282469136640429497e-03,1.358205772703513503e-04,4.030282143503427505e-04
1.191023178398609161e-02,9.842087626457214355e-01,1.798952347598969936e-03,1.441494794562458992e-03,1.681684225331991911e-04,4.724223981611430645e-04
1.082416344434022903e-02,9.856702685356140137e-01,1.605889061465859413e-03,1.322887721471488476e-03,1.492692827014252543e-04,4.274512175470590591e-04
1.018701586872339249e-02,9.865599870681762695e-01,1.463025342673063278e-03,1.252910238690674305e-03,1.363730552839115262e-04,4.006350645795464516e-04
1.036532595753669739e-02,9.863794445991516113e-01,1.452304190024733543e-03,1.259335549548268318e-03,1.379558525513857603e-04,4.056573670823127031e-04
9.643306955695152283e-03,9.873305559158325195e-01,1.333571271970868111e-03,1.189952250570058823e-03,1.254037197213619947e-04,3.773991775233298540e-04
9.900026023387908936e-03,9.870218634605407715e-01,1.353983767330646515e-03,1.207998837344348431e-03,1.292996021220460534e-04,3.868682833854109049e-04
9.244937449693679810e-03,9.878976941108703613e-01,1.241905498318374157e-03,1.135367900133132935e-03,1.188789683510549366e-04,3.613310400396585464e-04
9.442562237381935120e-03,9.875932335853576660e-01,1.304180710576474667e-03,1.167492941021919250e-03,1.232904323842376471e-04,3.692124155350029469e-04
9.675594046711921692e-03,9.872956871986389160e-01,1.329197082668542862e-03,1.195123419165611267e-03,1.256973046110942960e-04,3.787055320572108030e-04
9.527901187539100647e-03,9.874778985977172852e-01,1.317315152846276760e-03,1.178050995804369450e-03,1.247769832843914628e-04,3.739830863196402788e-04
9.425041265785694122e-03,9.876082539558410645e-01,1.307301106862723827e-03,1.169763156212866306e-03,1.212619972648099065e-04,3.684111870825290680e-04
9.306713938713073730e-03,9.877182245254516602e-01,1.322051393799483776e-03,1.167746493592858315e-03,1.204737709485925734e-04,3.647774283308535814e-04
1.036496367305517197e-02,9.863364696502685547e-01,1.477493206039071083e-03,1.275463146157562733e-03,1.375935244141146541e-04,4.080141079612076283e-04
1.115075591951608658e-02,9.852038621902465820e-01,1.679620123468339443e-03,1.370856771245598793e-03,1.534656475996598601e-04,4.414378781802952290e-04
1.295932848006486893e-02,9.827992320060729980e-01,1.995084341615438461e-03,1.549733337014913559e-03,1.853987632784992456e-04,5.113261868245899677e-04
1.160112302750349045e-02,9.846642613410949707e-01,1.714260084554553032e-03,1.404934562742710114e-03,1.586586149642243981e-04,4.567401192616671324e-04
1.205710321664810181e-02,9.840430617332458496e-01,1.808021450415253639e-03,1.454949728213250637e-03,1.648276083869859576e-04,4.720600554719567299e-04
1.145189814269542694e-02,9.849509000778198242e-01,1.613697153516113758e-03,1.386946183629333973e-03,1.492590963607653975e-04,4.474415327422320843e-04
1.159566640853881836e-02,9.847028851509094238e-01,1.692142570391297340e-03,1.397317508235573769e-03,1.573707995703443885e-04,4.545236588455736637e-04
9.918382391333580017e-03,9.868085384368896484e-01,1.487475703470408916e-03,1.259789569303393364e-03,1.332084066234529018e-04,3.925575001630932093e-04
9.085269644856452942e-03,9.879453182220458984e-01,1.338542671874165535e-03,1.157340477220714092e-03,1.176081714220345020e-04,3.557500021997839212e-04
9.832673706114292145e-03,9.869901537895202637e-01,1.432703109458088875e-03,1.227443222887814045e-03,1.308423816226422787e-04,3.862070734612643719e-04
8.871512487530708313e-03,9.882909655570983887e-01,1.254382310435175896e-03,1.123286434449255466e-03,1.128428921219892800e-04,3.471234522294253111e-04
1.010209880769252777e-02,9.867247343063354492e-01,1.400805776938796043e-03,1.244314829818904400e-03,1.309158978983759880e-04,3.970293619204312563e-04
1.220309175550937653e-02,9.839440584182739258e-01,1.757803256623446941e-03,1.444377005100250244e-03,1.709068019408732653e-04,4.798047302756458521e-04
1.292046252638101578e-02,9.829623103141784668e-01,1.905561075545847416e-03,1.511501148343086243e-03,1.882957294583320618e-04,5.119592533446848392e-04
1.336723566055297852e-02,9.822943210601806641e-01,2.046524314209818840e-03,1.559863798320293427e-03,2.012813056353479624e-04,5.307460087351500988e-04
1.445918809622526169e-02,9.807009696960449219e-01,2.347486093640327454e-03,1.687266048975288868e-03,2.286532399011775851e-04,5.764949019066989422e-04
1.514002680778503418e-02,9.797862768173217773e-01,2.475681481882929802e-03,1.747721573337912560e-03,2.454349014442414045e-04,6.049256771802902222e-04
1.491443626582622528e-02,9.800894260406494141e-01,2.445041434839367867e-03,1.712874975055456161e-03,2.439794625388458371e-04,5.942014395259320736e-04
1.694861613214015961e-02,9.774583578109741211e-01,2.777344314381480217e-03,1.857506227679550648e-03,2.883136039599776268e-04,6.699862424284219742e-04
1.929775439202785492e-02,9.742552042007446289e-01,3.279353724792599678e-03,2.053733449429273605e-03,3.491617680992931128e-04,7.648493046872317791e-04
2.099318429827690125e-02,9.719591140747070312e-01,3.638419788330793381e-03,2.182968659326434135e-03,3.940479364246129990e-04,8.322137291543185711e-04
2.012693323194980621e-02,9.731280207633972168e-01,3.464555367827415466e-03,2.100669778883457184e-03,3.799709957093000412e-04,8.000000379979610443e-04
1.883636601269245148e-02,9.749363660812377930e-01,3.130892524495720863e-03,2.007262548431754112e-03,3.397890541236847639e-04,7.492956938222050667e-04
1.682216301560401917e-02,9.776068925857543945e-01,2.749004168435931206e-03,1.860854332335293293e-03,2.879191306419670582e-04,6.730158347636461258e-04
1.434756815433502197e-02,9.808893799781799316e-01,2.320682164281606674e-03,1.642725896090269089e-03,2.308126713614910841e-04,5.687982775270938873e-04
1.327413134276866913e-02,9.823687672615051270e-01,2.072907518595457077e-03,1.553071313537657261e-03,2.037991653196513653e-04,5.273494753055274487e-04
1.231465954333543777e-02,9.836983680725097656e-01,1.874658628366887569e-03,1.442933687940239906e-03,1.829147222451865673e-04,4.864713991992175579e-04
1.159460656344890594e-02,9.846364259719848633e-01,1.746017951518297195e-03,1.395448227412998676e-03,1.671468053245916963e-04,4.603510606102645397e-04
1.280021015554666519e-02,9.831227660179138184e-01,1.890205661766231060e-03,1.500811777077615261e-03,1.832417910918593407e-04,5.028207087889313698e-04
1.141409575939178467e-02,9.850124120712280273e-01,1.617686240933835506e-03,1.351676415652036667e-03,1.571985485497862101e-04,4.469178384169936180e-04
1.136810798197984695e-02,9.850543737411499023e-01,1.624075346626341343e-03,1.349523779936134815e-03,1.585676072863861918e-04,4.454719892237335443e-04
1.105318218469619751e-02,9.854309558868408203e-01,1.602589501999318600e-03,1.325392979197204113e-03,1.544232654850929976e-04,4.333688120823353529e-04
8.688011206686496735e-03,9.884323477745056152e-01,1.307570026256144047e-03,1.110931625589728355e-03,1.179719984065741301e-04,3.432517987675964832e-04
9.893113747239112854e-03,9.868864417076110840e-01,1.483042491599917412e-03,1.211506198160350323e-03,1.393212005496025085e-04,3.865817561745643616e-04
9.727185592055320740e-03,9.871062040328979492e-01,1.448429538868367672e-03,1.200097729451954365e-03,1.358498557237908244e-04,3.822851285804063082e-04
1.015792507678270340e-02,9.864975810050964355e-01,1.548078143969178200e-03,1.251430949196219444e-03,1.450349082006141543e-04,4.000225453637540340e-04
9.644596837460994720e-03,9.872121214866638184e-01,1.430838950909674168e-03,1.198105048388242722e-03,1.332302344962954521e-04,3.811024653259664774e-04
1.126489788293838501e-02,9.851329326629638672e-01,1.635421416722238064e-03,1.363285933621227741e-03,1.584225974511355162e-04,4.449393891263753176e-04
1.044381223618984222e-02,9.862254858016967773e-01,1.508993213064968586e-03,1.265958067961037159e-03,1.449180563213303685e-04,4.107344720978289843e-04
1.066082529723644257e-02,9.859304428100585938e-01,1.547522377222776413e-03,1.294510322622954845e-03,1.473174779675900936e-04,4.193391941953450441e-04
1.065846439450979233e-02,9.858596920967102051e-01,1.612724037840962410e-03,1.302762655541300774e-03,1.489347632741555572e-04,4.173904599156230688e-04
