7.496835589408874512e-01,3.872374817728996277e-02,1.116468687541782856e-03,7.262371946126222610e-03,6.003656308166682720e-04,2.026133537292480469e-01
6.221616268157958984e-01,1.922737993299961090e-02,8.434455376118421555e-04,4.962741397321224213e-03,6.105586071498692036e-04,3.521942794322967529e-01
6.903200745582580566e-01,1.484171859920024872e-02,6.436739349737763405e-04,4.804539494216442108e-03,4.264735034666955471e-04,2.889635264873504639e-01
7.205784320831298828e-01,1.195707637816667557e-02,8.958510588854551315e-04,5.515603348612785339e-03,8.796786423772573471e-04,2.601733505725860596e-01
8.951469063758850098e-01,9.067456237971782684e-03,1.068265759386122227e-03,4.308386705815792084e-03,9.680805960670113564e-04,8.944083005189895630e-02
9.388889074325561523e-01,7.507830858230590820e-03,9.347099112346768379e-04,4.974993877112865448e-03,5.621142918244004250e-04,4.713144525885581970e-02
9.263651371002197266e-01,9.202677756547927856e-03,5.126821342855691910e-04,4.587436560541391373e-03,3.502095059957355261e-04,5.898184329271316528e-02
9.217405915260314941e-01,1.213151495903730392e-02,3.265526320319622755e-04,1.157319638878107071e-02,1.010451087495312095e-04,5.412698909640312195e-02
9.035200476646423340e-01,3.457718342542648315e-02,7.089040591381490231e-04,1.492242608219385147e-02,1.919364731293171644e-04,4.607956111431121826e-02
9.416291713714599609e-01,1.093490794301033020e-02,4.311842494644224644e-04,9.788667783141136169e-03,1.337570574833080173e-04,3.708231821656227112e-02
9.246478676795959473e-01,8.084438741207122803e-03,5.978281260468065739e-04,6.973946001380681992e-03,2.669582609087228775e-04,5.942893400788307190e-02
9.282790422439575195e-01,9.075094014406204224e-03,8.976284880191087723e-04,7.720468565821647644e-03,3.815648669842630625e-04,5.364618077874183655e-02
9.676669239997863770e-01,4.197726957499980927e-03,9.862837760010734200e-05,1.993562793359160423e-03,4.517952402238734066e-05,2.599784545600414276e-02
9.753560423851013184e-01,1.089016348123550415e-02,8.313528815051540732e-05,2.865329617634415627e-03,1.774771772034000605e-05,1.078754663467407227e-02
9.800176620483398438e-01,1.249621901661157608e-02,3.173623554175719619e-05,2.481083618476986885e-03,6.915749054314801469e-06,4.966437816619873047e-03
9.638882875442504883e-01,3.066068328917026520e-02,6.409078196156769991e-05,2.613260876387357712e-03,1.102338501368649304e-05,2.762602642178535461e-03
9.441950321197509766e-01,3.984558582305908203e-02,4.030530399177223444e-04,5.700554233044385910e-03,2.243781636934727430e-04,9.631436318159103394e-03
9.612289071083068848e-01,1.394018903374671936e-02,1.353465602733194828e-03,6.044500973075628281e-03,1.154909841716289520e-03,1.627790555357933044e-02
9.150458574295043945e-01,1.002193242311477661e-02,8.008443750441074371e-03,8.474210277199745178e-03,2.121552824974060059e-02,3.723396360874176025e-02
8.055339455604553223e-01,7.309279870241880417e-03,1.575189642608165741e-02,5.446220748126506805e-03,1.062594652175903320e-01,5.969917029142379761e-02
7.133175134658813477e-01,1.183463726192712784e-02,2.152379229664802551e-02,4.505620803683996201e-03,1.854507476091384888e-01,6.336770206689834595e-02
5.818864107131958008e-01,3.824310377240180969e-02,2.442360669374465942e-02,4.746698308736085892e-03,2.800382971763610840e-01,7.066199183464050293e-02
6.181480288505554199e-01,1.191306263208389282e-01,2.966700121760368347e-02,1.071230880916118622e-02,1.510408967733383179e-01,7.130109518766403198e-02
5.528932809829711914e-01,1.716729998588562012e-01,2.871730923652648926e-02,1.686000078916549683e-02,1.591692566871643066e-01,7.068718224763870239e-02
5.724554657936096191e-01,2.614245116710662842e-01,2.806698903441429138e-02,3.837911039590835571e-02,5.208861082792282104e-02,4.758537188172340393e-02
6.258101463317871094e-01,2.287815958261489868e-01,2.636001817882061005e-02,5.402676016092300415e-02,2.802944928407669067e-02,3.699202090501785278e-02
7.216555476188659668e-01,1.305904388427734375e-01,2.477672137320041656e-02,6.978201121091842651e-02,1.825687848031520844e-02,3.493842855095863342e-02
7.028263211250305176e-01,1.543077081441879272e-01,2.723978832364082336e-02,7.015737146139144897e-02,1.647805795073509216e-02,2.899082563817501068e-02
7.274962067604064941e-01,1.408228874206542969e-01,2.586455643177032471e-02,5.934979021549224854e-02,1.653768494725227356e-02,2.992883697152137756e-02
7.373261451721191406e-01,1.317906528711318970e-01,2.607905305922031403e-02,6.192334741353988647e-02,1.521198637783527374e-02,2.766878902912139893e-02
7.406178712844848633e-01,1.236557140946388245e-01,2.653265185654163361e-02,7.109773904085159302e-02,1.203415729105472565e-02,2.606201730668544769e-02
7.375159263610839844e-01,1.176849603652954102e-01,2.730049379169940948e-02,7.887127995491027832e-02,1.165842823684215546e-02,2.696881070733070374e-02
7.445837259292602539e-01,1.103898584842681885e-01,2.577482163906097412e-02,8.408218622207641602e-02,1.008344441652297974e-02,2.508597820997238159e-02
7.442589998245239258e-01,1.037961766123771667e-01,2.701542899012565613e-02,8.862490206956863403e-02,9.980830363929271698e-03,2.632361091673374176e-02
7.387676835060119629e-01,1.159595251083374023e-01,2.748958393931388855e-02,8.217239379882812500e-02,1.056143734604120255e-02,2.504936605691909790e-02
7.544414401054382324e-01,9.685678780078887939e-02,2.555667608976364136e-02,8.465865999460220337e-02,1.036301441490650177e-02,2.812337130308151245e-02
7.487387657165527344e-01,1.115779131650924683e-01,2.558019571006298065e-02,7.582144439220428467e-02,1.058419328182935715e-02,2.769738994538784027e-02
7.555796504020690918e-01,1.156117916107177734e-01,2.497865818440914154e-02,6.963974237442016602e-02,9.965255856513977051e-03,2.422499097883701324e-02
7.717981934547424316e-01,1.041037365794181824e-01,2.459175512194633484e-02,6.578270345926284790e-02,9.734499268233776093e-03,2.398916520178318024e-02
7.847967147827148438e-01,1.031824573874473572e-01,2.442161925137042999e-02,5.374154448509216309e-02,1.073550526052713394e-02,2.312212809920310974e-02
7.798808217048645020e-01,9.239462018013000488e-02,2.609368972480297089e-02,6.702411174774169922e-02,1.021129544824361801e-02,2.439551800489425659e-02
7.491087913513183594e-01,1.294391304254531860e-01,2.693780139088630676e-02,5.635283142328262329e-02,1.208763290196657181e-02,2.607372961938381195e-02
7.825067043304443359e-01,1.079741567373275757e-01,3.535830602049827576e-02,4.530168324708938599e-02,1.111191883683204651e-02,1.774715818464756012e-02
6.957466006278991699e-01,2.260626107454299927e-01,2.822828851640224457e-02,2.807174250483512878e-02,7.668730802834033966e-03,1.422193367034196854e-02
6.434037089347839355e-01,3.003054261207580566e-01,2.587959356606006622e-02,1.461556833237409592e-02,5.796312354505062103e-03,9.999335743486881256e-03
7.875880599021911621e-01,1.639868468046188354e-01,2.533067762851715088e-02,1.090774685144424438e-02,4.236212465912103653e-03,7.950386963784694672e-03
7.496917843818664551e-01,1.979325562715530396e-01,2.658853307366371155e-02,1.306390669196844101e-02,4.049327690154314041e-03,8.673885837197303772e-03
7.266213893890380859e-01,2.214830815792083740e-01,2.367289364337921143e-02,1.460528932511806488e-02,4.562026355415582657e-03,9.055358357727527618e-03
7.848591208457946777e-01,1.428345441818237305e-01,3.292335569858551025e-02,1.948427408933639526e-02,8.687573485076427460e-03,1.121110375970602036e-02
5.502610206604003906e-01,3.691868484020233154e-01,3.337861597537994385e-02,2.152391523122787476e-02,1.326254196465015411e-02,1.238698419183492661e-02
4.784520566463470459e-01,4.444610476493835449e-01,3.080368041992187500e-02,1.979196630418300629e-02,1.396026555448770523e-02,1.253103278577327728e-02
4.784563183784484863e-01,4.444561302661895752e-01,3.080370463430881500e-02,1.979277655482292175e-02,1.396005786955356598e-02,1.253117062151432037e-02
4.784570336341857910e-01,4.444552958011627197e-01,3.080367855727672577e-02,1.979286223649978638e-02,1.395999826490879059e-02,1.253116689622402191e-02
4.784575104713439941e-01,4.444548189640045166e-01,3.080365620553493500e-02,1.979291997849941254e-02,1.395995914936065674e-02,1.253116410225629807e-02
4.784578979015350342e-01,4.444543719291687012e-01,3.080364502966403961e-02,1.979297213256359100e-02,1.395993120968341827e-02,1.253116223961114883e-02
4.784581065177917480e-01,4.444541335105895996e-01,3.080363757908344269e-02,1.979300938546657562e-02,1.395990327000617981e-02,1.253116130828857422e-02
4.784584343433380127e-01,4.444538652896881104e-01,3.080363385379314423e-02,1.979303732514381409e-02,1.395988278090953827e-02,1.253116130828857422e-02
4.784585535526275635e-01,4.444536566734313965e-01,3.080362826585769653e-02,1.979307085275650024e-02,1.395986974239349365e-02,1.253115478903055191e-02
4.784587621688842773e-01,4.444534480571746826e-01,3.080361895263195038e-02,1.979308575391769409e-02,1.395985577255487442e-02,1.253115758299827576e-02
4.784590303897857666e-01,4.444532096385955811e-01,3.080362267792224884e-02,1.979310996830463409e-02,1.395984366536140442e-02,1.253115572035312653e-02
4.784591495990753174e-01,4.444530606269836426e-01,3.080361522734165192e-02,1.979311928153038025e-02,1.395983342081308365e-02,1.253116130828857422e-02
4.784592986106872559e-01,4.444528222084045410e-01,3.080361150205135345e-02,1.979313604533672333e-02,1.395982503890991211e-02,1.253116223961114883e-02
4.784592986106872559e-01,4.444527626037597656e-01,3.080361150205135345e-02,1.979314535856246948e-02,1.395982224494218826e-02,1.253116223961114883e-02
4.784594774246215820e-01,4.444527626037597656e-01,3.080361522734165192e-02,1.979316212236881256e-02,1.395981758832931519e-02,1.253116503357887268e-02
4.784595370292663574e-01,4.444527626037597656e-01,3.080361150205135345e-02,1.979316398501396179e-02,1.395980454981327057e-02,1.253116223961114883e-02
4.784596860408782959e-01,4.444526433944702148e-01,3.080360777676105499e-02,1.979316957294940948e-02,1.395979896187782288e-02,1.253115758299827576e-02
4.784598052501678467e-01,4.444525539875030518e-01,3.080360777676105499e-02,1.979318074882030487e-02,1.395979616791009903e-02,1.253115758299827576e-02
4.784598052501678467e-01,4.444525539875030518e-01,3.080360777676105499e-02,1.979319378733634949e-02,1.395979337394237518e-02,1.253115758299827576e-02
4.784598648548126221e-01,4.444524943828582764e-01,3.080361150205135345e-02,1.979319751262664795e-02,1.395979151129722595e-02,1.253115665167570114e-02
4.784598648548126221e-01,4.444524943828582764e-01,3.080360218882560730e-02,1.979320310056209564e-02,1.395978871732950211e-02,1.253115944564342499e-02
4.784599244594573975e-01,4.444524347782135010e-01,3.080360591411590576e-02,1.979320868849754333e-02,1.395978312939405441e-02,1.253116130828857422e-02
4.784599244594573975e-01,4.444523453712463379e-01,3.080360591411590576e-02,1.979320868849754333e-02,1.395978312939405441e-02,1.253115851432085037e-02
4.784599542617797852e-01,4.444523155689239502e-01,3.080360032618045807e-02,1.979320868849754333e-02,1.395978406071662903e-02,1.253115572035312653e-02
4.784600138664245605e-01,4.444522559642791748e-01,3.080359660089015961e-02,1.979321241378784180e-02,1.395978592336177826e-02,1.253115478903055191e-02
4.784601330757141113e-01,4.444522559642791748e-01,3.080359660089015961e-02,1.979321613907814026e-02,1.395978312939405441e-02,1.253115106374025345e-02
4.784601330757141113e-01,4.444522261619567871e-01,3.080359660089015961e-02,1.979321613907814026e-02,1.395977567881345749e-02,1.253115478903055191e-02
4.784601330757141113e-01,4.444522559642791748e-01,3.080359660089015961e-02,1.979322172701358795e-02,1.395977567881345749e-02,1.253115478903055191e-02
4.784601330757141113e-01,4.444522559642791748e-01,3.080359660089015961e-02,1.979322172701358795e-02,1.395977567881345749e-02,1.253115478903055191e-02
4.784602522850036621e-01,4.444520473480224609e-01,3.080359846353530884e-02,1.979322172701358795e-02,1.395977288484573364e-02,1.253115851432085037e-02
4.784602522850036621e-01,4.444520473480224609e-01,3.080359846353530884e-02,1.979323104023933411e-02,1.395977288484573364e-02,1.253116037696599960e-02
4.784603416919708252e-01,4.444519281387329102e-01,3.080359660089015961e-02,1.979322545230388641e-02,1.395976822823286057e-02,1.253116037696599960e-02
4.784603416919708252e-01,4.444519281387329102e-01,3.080359660089015961e-02,1.979322545230388641e-02,1.395976822823286057e-02,1.253116037696599960e-02
4.784604012966156006e-01,4.444518685340881348e-01,3.080359287559986115e-02,1.979322731494903564e-02,1.395977009087800980e-02,1.253116223961114883e-02
4.784604012966156006e-01,4.444519281387329102e-01,3.080359287559986115e-02,1.979323290288448334e-02,1.395977009087800980e-02,1.253116503357887268e-02
4.784604609012603760e-01,4.444518685340881348e-01,3.080359660089015961e-02,1.979323104023933411e-02,1.395976543426513672e-02,1.253116317093372345e-02
4.784604609012603760e-01,4.444518089294433594e-01,3.080358915030956268e-02,1.979323662817478180e-02,1.395976543426513672e-02,1.253116317093372345e-02
4.784605205059051514e-01,4.444517791271209717e-01,3.080358728766441345e-02,1.979323290288448334e-02,1.395976357161998749e-02,1.253115851432085037e-02
4.784605205059051514e-01,4.444517791271209717e-01,3.080358728766441345e-02,1.979323290288448334e-02,1.395976729691028595e-02,1.253116130828857422e-02
4.784605205059051514e-01,4.444517195224761963e-01,3.080358728766441345e-02,1.979323290288448334e-02,1.395976729691028595e-02,1.253116503357887268e-02
4.784605801105499268e-01,4.444517195224761963e-01,3.080358356237411499e-02,1.979323476552963257e-02,1.395976915955543518e-02,1.253116689622402191e-02
4.784605801105499268e-01,4.444517195224761963e-01,3.080359101295471191e-02,1.979323476552963257e-02,1.395976543426513672e-02,1.253116689622402191e-02
4.784605205059051514e-01,4.444517791271209717e-01,3.080359287559986115e-02,1.979323849081993103e-02,1.395976729691028595e-02,1.253117062151432037e-02
4.784605801105499268e-01,4.444517195224761963e-01,3.080359101295471191e-02,1.979323476552963257e-02,1.395976915955543518e-02,1.253116969019174576e-02
4.784605801105499268e-01,4.444517195224761963e-01,3.080359101295471191e-02,1.979324035346508026e-02,1.395976915955543518e-02,1.253117248415946960e-02
4.784605801105499268e-01,4.444516599178314209e-01,3.080359101295471191e-02,1.979324035346508026e-02,1.395976915955543518e-02,1.253117248415946960e-02
4.784605801105499268e-01,4.444516599178314209e-01,3.080359101295471191e-02,1.979323476552963257e-02,1.395976915955543518e-02,1.253116969019174576e-02
4.784606099128723145e-01,4.444516301155090332e-01,3.080359287559986115e-02,1.979323662817478180e-02,1.395977009087800980e-02,1.253117248415946960e-02
4.784606099128723145e-01,4.444516301155090332e-01,3.080359287559986115e-02,1.979323662817478180e-02,1.395977009087800980e-02,1.253117248415946960e-02
4.784606695175170898e-01,4.444516003131866455e-01,3.080358915030956268e-02,1.979323849081993103e-02,1.395977195352315903e-02,1.253117807209491730e-02
4.784607887268066406e-01,4.444514513015747070e-01,3.080359660089015961e-02,1.979324407875537872e-02,1.395977567881345749e-02,1.253117714077234268e-02
4.784608483314514160e-01,4.444514513015747070e-01,3.080360032618045807e-02,1.979324221611022949e-02,1.395977754145860672e-02,1.253117900341749191e-02
4.784608483314514160e-01,4.444513618946075439e-01,3.080359287559986115e-02,1.979324221611022949e-02,1.395977754145860672e-02,1.253118552267551422e-02
4.784608483314514160e-01,4.444513618946075439e-01,3.080359287559986115e-02,1.979324221611022949e-02,1.395977754145860672e-02,1.253118552267551422e-02
4.784609377384185791e-01,4.444513320922851562e-01,3.080359287559986115e-02,1.979324221611022949e-02,1.395977940410375595e-02,1.253118738532066345e-02
4.784609377384185791e-01,4.444513320922851562e-01,3.080359287559986115e-02,1.979324221611022949e-02,1.395977940410375595e-02,1.253119390457868576e-02
4.784609377384185791e-01,4.444512724876403809e-01,3.080359846353530884e-02,1.979324594140052795e-02,1.395977940410375595e-02,1.253119017928838730e-02
4.784609973430633545e-01,4.444512128829956055e-01,3.080359660089015961e-02,1.979324407875537872e-02,1.395978126674890518e-02,1.253119576722383499e-02
4.784609377384185791e-01,4.444512128829956055e-01,3.080359287559986115e-02,1.979323662817478180e-02,1.395978312939405441e-02,1.253119949251413345e-02
4.784609973430633545e-01,4.444510638713836670e-01,3.080358169972896576e-02,1.979323476552963257e-02,1.395978778600692749e-02,1.253120042383670807e-02
4.784611165523529053e-01,4.444509446620941162e-01,3.080358915030956268e-02,1.979324035346508026e-02,1.395979523658752441e-02,1.253120973706245422e-02
4.784612357616424561e-01,4.444508552551269531e-01,3.080359660089015961e-02,1.979323476552963257e-02,1.395979430526494980e-02,1.253121346235275269e-02
4.784612357616424561e-01,4.444508552551269531e-01,3.080358915030956268e-02,1.979323476552963257e-02,1.395979430526494980e-02,1.253121346235275269e-02
4.784612655639648438e-01,4.444507658481597900e-01,3.080359101295471191e-02,1.979322545230388641e-02,1.395979523658752441e-02,1.253121998161077499e-02
4.784615039825439453e-01,4.444506168365478516e-01,3.080358915030956268e-02,1.979322731494903564e-02,1.395979989320039749e-02,1.253122650086879730e-02
4.784615635871887207e-01,4.444505274295806885e-01,3.080359287559986115e-02,1.979322917759418488e-02,1.395979803055524826e-02,1.253123302012681961e-02
4.784615933895111084e-01,4.444504380226135254e-01,3.080359473824501038e-02,1.979323104023933411e-02,1.395979896187782288e-02,1.253123767673969269e-02
4.784617125988006592e-01,4.444503188133239746e-01,3.080359473824501038e-02,1.979323662817478180e-02,1.395980827510356903e-02,1.253124978393316269e-02
4.784618318080902100e-01,4.444502294063568115e-01,3.080358915030956268e-02,1.979323104023933411e-02,1.395981200039386749e-02,1.253125909715890884e-02
4.784619808197021484e-01,4.444501101970672607e-01,3.080359101295471191e-02,1.979323290288448334e-02,1.395981665700674057e-02,1.253128051757812500e-02
4.784622192382812500e-01,4.444498717784881592e-01,3.080358542501926422e-02,1.979322917759418488e-02,1.395982317626476288e-02,1.253129355609416962e-02
4.784623086452484131e-01,4.444496929645538330e-01,3.080358356237411499e-02,1.979322172701358795e-02,1.395983342081308365e-02,1.253130752593278885e-02
4.784626960754394531e-01,4.444493055343627930e-01,3.080358728766441345e-02,1.979323662817478180e-02,1.395984459668397903e-02,1.253133546561002731e-02
4.784629642963409424e-01,4.444490671157836914e-01,3.080359101295471191e-02,1.979323476552963257e-02,1.395985204726457596e-02,1.253136247396469116e-02
4.784632921218872070e-01,4.444485306739807129e-01,3.080357983708381653e-02,1.979322545230388641e-02,1.395986136049032211e-02,1.253140531480312347e-02
4.784637391567230225e-01,4.444482028484344482e-01,3.080359473824501038e-02,1.979317702353000641e-02,1.395990792661905289e-02,1.253143139183521271e-02
4.788045585155487061e-01,4.440203011035919189e-01,3.083635680377483368e-02,1.986068300902843475e-02,1.394001394510269165e-02,1.253801770508289337e-02
5.480408072471618652e-01,3.633910417556762695e-01,3.536369651556015015e-02,1.989955455064773560e-02,1.735129021108150482e-02,1.595361344516277313e-02
6.080260872840881348e-01,3.192823231220245361e-01,2.670679055154323578e-02,2.240752615034580231e-02,9.360707364976406097e-03,1.421651989221572876e-02
4.553869962692260742e-01,5.111592411994934082e-01,9.345557540655136108e-03,1.314960699528455734e-02,2.144427970051765442e-03,8.814183063805103302e-03
2.618918120861053467e-01,7.161180377006530762e-01,3.678075503557920456e-03,1.189819909632205963e-02,5.293774884194135666e-04,5.884466227144002914e-03
3.449665307998657227e-01,6.129899024963378906e-01,1.955535262823104858e-03,2.757972292602062225e-02,2.141202130587771535e-04,1.229422446340322495e-02
4.448083639144897461e-01,5.132417082786560059e-01,1.264647697098553181e-03,2.180660888552665710e-02,1.811635593185201287e-04,1.869759149849414825e-02
7.878451943397521973e-01,1.267122775316238403e-01,1.113813370466232300e-03,2.521803602576255798e-02,3.094381827395409346e-04,5.880120769143104553e-02
8.626794815063476562e-01,2.413064241409301758e-02,1.046112272888422012e-03,1.254096347838640213e-02,5.528142210096120834e-04,9.904997795820236206e-02
7.225527763366699219e-01,2.467602258548140526e-03,3.950251848436892033e-04,2.784015610814094543e-03,7.136904750950634480e-04,2.710868716239929199e-01
4.222623109817504883e-01,3.316989750601351261e-04,4.367191286291927099e-05,5.544950836338102818e-04,1.025458041112869978e-04,5.767052769660949707e-01
3.774544298648834229e-01,1.591165346326306462e-04,3.433835445321165025e-05,4.128979344386607409e-04,9.438550478080287576e-05,6.218448877334594727e-01
2.573930323123931885e-01,6.476161797763779759e-05,8.630230695416685194e-06,1.845951628638431430e-04,1.828824133554007858e-05,7.423307299613952637e-01
2.463582754135131836e-01,1.236580574186518788e-04,2.055383265542332083e-05,3.991567355114966631e-04,4.249140692991204560e-05,7.530558109283447266e-01
4.048880636692047119e-01,9.837420657277107239e-04,1.933343592099845409e-04,1.866900012828409672e-03,4.905252135358750820e-04,5.915775299072265625e-01
4.071089029312133789e-01,1.766572240740060806e-03,2.325076929992064834e-04,1.597968512214720249e-03,8.873590268194675446e-04,5.884066820144653320e-01
3.856551945209503174e-01,1.960866851732134819e-03,2.811002777889370918e-04,1.792371389456093311e-03,7.279507117345929146e-04,6.095824241638183594e-01
2.811297476291656494e-01,1.652262057177722454e-03,1.095333282137289643e-04,1.429073046892881393e-03,2.586779592093080282e-04,7.154206633567810059e-01
3.599438667297363281e-01,8.321467903442680836e-04,5.629934094031341374e-05,1.565215876325964928e-03,5.966242679278366268e-05,6.375428438186645508e-01
3.551446199417114258e-01,6.064571789465844631e-04,4.144397826166823506e-05,1.366451382637023926e-03,4.225622615194879472e-05,6.427987217903137207e-01
2.216991633176803589e-01,9.210716234520077705e-04,4.729025386041030288e-05,1.199303544126451015e-03,5.541703285416588187e-05,7.760777473449707031e-01
2.355494648218154907e-01,1.640828209929168224e-03,1.004417063086293638e-04,1.804353320039808750e-03,1.322171301580965519e-04,7.607726454734802246e-01
1.209256127476692200e-01,1.431142678484320641e-03,4.991970854462124407e-05,7.585946586914360523e-04,7.785685738781467080e-05,8.767568469047546387e-01
1.045906320214271545e-01,4.635339602828025818e-03,1.103784525184892118e-04,1.423434470780193806e-03,1.961275265784934163e-04,8.890440464019775391e-01
9.281458705663681030e-02,2.576914383098483086e-03,6.804144504712894559e-05,9.965151548385620117e-04,1.032343207043595612e-04,9.034407138824462891e-01
1.613533496856689453e-01,3.700507106259465218e-03,9.662104275776073337e-05,1.303814467974007130e-03,1.339100999757647514e-04,8.334118127822875977e-01
2.982368469238281250e-01,4.321687389165163040e-03,3.090366662945598364e-04,2.475510351359844208e-03,7.257795659825205803e-04,6.939311623573303223e-01
2.195221781730651855e-01,1.908772392198443413e-03,1.671728387009352446e-04,1.989700831472873688e-03,3.972958947997540236e-04,7.760149240493774414e-01
4.024567008018493652e-01,1.557760522700846195e-03,1.461821084376424551e-04,3.594669047743082047e-03,2.654822892509400845e-04,5.919792056083679199e-01
6.747661828994750977e-01,1.501642516814172268e-03,1.445384405087679625e-04,3.095286432653665543e-03,2.332988078705966473e-04,3.202591538429260254e-01
6.406372785568237305e-01,9.942051256075501442e-04,8.309458644362166524e-05,3.376969136297702789e-03,1.089314828277565539e-04,3.547995388507843018e-01
6.645858287811279297e-01,8.981243590824306011e-04,8.122417057165876031e-05,2.510136459022760391e-03,8.505337609676644206e-05,3.318396806716918945e-01
6.924563050270080566e-01,1.306963386014103889e-03,1.261087163584306836e-04,2.554395701736211777e-03,1.349854574073106050e-04,3.034212589263916016e-01
5.180598497390747070e-01,1.305226585827767849e-03,2.293497091159224510e-04,2.134168986231088638e-03,5.073242355138063431e-04,4.777641296386718750e-01
3.354896306991577148e-01,8.021623827517032623e-03,8.919572574086487293e-04,3.991551697254180908e-03,2.682823222130537033e-03,6.489223837852478027e-01
2.749199867248535156e-01,2.211066335439682007e-02,1.401306595653295517e-03,4.464818630367517471e-03,5.506313405930995941e-03,6.915969252586364746e-01
4.608584940433502197e-01,6.722269579768180847e-03,3.362272982485592365e-04,2.405781298875808716e-03,1.051494153216481209e-03,5.286257266998291016e-01
5.504660606384277344e-01,6.878614425659179688e-03,2.102522557834163308e-04,2.428907668218016624e-03,4.475549503695219755e-04,4.395686984062194824e-01
5.862913727760314941e-01,1.591352559626102448e-02,2.549256896600127220e-04,3.013317240402102470e-03,2.845571434590965509e-04,3.942424356937408447e-01
5.581099987030029297e-01,1.145981997251510620e-02,2.275422302773222327e-04,2.373129129409790039e-03,2.465246943756937981e-04,4.275829792022705078e-01
5.221295356750488281e-01,3.053372353315353394e-02,1.022137119434773922e-03,4.317261744290590286e-03,1.143100671470165253e-03,4.408542811870574951e-01
5.926591753959655762e-01,6.882436573505401611e-02,4.534655250608921051e-03,8.754345588386058807e-03,4.917097277939319611e-03,3.203103840351104736e-01
5.891621112823486328e-01,1.905338466167449951e-02,1.621239003725349903e-03,6.845390889793634415e-03,1.573371118865907192e-03,3.817444741725921631e-01
5.356800556182861328e-01,1.202142424881458282e-02,1.463102409616112709e-03,8.101365529000759125e-03,1.287466846406459808e-03,4.414466023445129395e-01
5.354357957839965820e-01,2.609343733638525009e-03,5.076687666587531567e-04,2.948260400444269180e-03,6.343917339108884335e-04,4.578646123409271240e-01
5.359747409820556641e-01,2.052402589470148087e-03,2.924014115706086159e-04,2.083699684590101242e-03,3.517215955071151257e-04,4.592451453208923340e-01
4.523509740829467773e-01,7.346144993789494038e-04,7.684672164032235742e-05,5.638721631839871407e-04,1.355275016976520419e-04,5.461381673812866211e-01
5.075522065162658691e-01,4.439079784788191319e-04,6.172301073092967272e-05,3.392537473700940609e-04,1.109718068619258702e-04,4.914919137954711914e-01
5.661443471908569336e-01,8.544060983695089817e-04,6.904956535436213017e-05,7.849187240935862064e-04,1.085117546608671546e-04,4.320387840270996094e-01
4.721075892448425293e-01,5.264846840873360634e-04,4.691393041866831481e-05,8.849379955790936947e-04,6.305762508418411016e-05,5.263710618019104004e-01
4.976090490818023682e-01,1.335921115241944790e-03,1.356985303573310375e-04,1.682675443589687347e-03,2.284704969497397542e-04,4.990081191062927246e-01
5.612964630126953125e-01,6.533807143568992615e-03,1.443797256797552109e-03,7.191798649728298187e-03,3.223374020308256149e-03,4.203106462955474854e-01
6.320388317108154297e-01,2.308889850974082947e-02,2.386735519394278526e-03,1.248429901897907257e-02,2.872332464903593063e-03,3.271289765834808350e-01
7.161998748779296875e-01,2.275508083403110504e-02,5.147762596607208252e-03,8.657527156174182892e-03,1.210142020136117935e-02,2.351382523775100708e-01
5.761134624481201172e-01,9.079515002667903900e-03,2.152136061340570450e-03,6.638522725552320480e-03,7.397693581879138947e-03,3.986187279224395752e-01
5.428040623664855957e-01,8.850365877151489258e-03,1.498461933806538582e-03,7.045351434499025345e-03,3.291707718744874001e-03,4.365100562572479248e-01
7.213736176490783691e-01,3.322133794426918030e-03,5.399786168709397316e-04,2.697091782465577126e-03,7.571932510472834110e-04,2.713099420070648193e-01
7.861366868019104004e-01,3.775286022573709488e-03,6.818101974204182625e-04,2.891726093366742134e-03,7.549750735051929951e-04,2.057595103979110718e-01
6.402251720428466797e-01,8.917841129004955292e-03,9.619233896955847740e-04,4.050395451486110687e-03,1.349470228888094425e-03,3.444950580596923828e-01
6.387652754783630371e-01,4.456018097698688507e-03,3.199844213668256998e-04,2.309584524482488632e-03,6.010970682837069035e-04,3.535480499267578125e-01
6.021508574485778809e-01,5.264675244688987732e-03,2.691016998142004013e-04,1.732598990201950073e-03,5.050052423030138016e-04,3.900777697563171387e-01
4.371508061885833740e-01,2.863903064280748367e-03,2.042493142653256655e-04,2.032039687037467957e-03,4.193866625428199768e-04,5.573295354843139648e-01
5.789829492568969727e-01,6.665120017714798450e-04,5.742011489928700030e-05,1.531508285552263260e-03,5.600707299890927970e-05,4.187056720256805420e-01
6.274400949478149414e-01,8.188172942027449608e-04,5.887528823222965002e-05,2.621778985485434532e-03,4.916011312161572278e-05,3.690113425254821777e-01
7.762966752052307129e-01,1.003295532427728176e-03,1.243851875187829137e-04,2.822028473019599915e-03,9.826118912314996123e-05,2.196553051471710205e-01
7.930219769477844238e-01,8.248420199379324913e-04,6.793219654355198145e-05,2.097832970321178436e-03,5.575360773946158588e-05,2.039315998554229736e-01
8.058655858039855957e-01,8.431109599769115448e-04,6.729734013788402081e-05,1.515077077783644199e-03,5.461438922793604434e-05,1.916542947292327881e-01
6.859328746795654297e-01,1.256480813026428223e-03,6.484064215328544378e-05,1.662019873037934303e-03,6.225704419193789363e-05,3.110215067863464355e-01
5.164043307304382324e-01,4.726980114355683327e-04,2.782239607768133283e-05,4.735961556434631348e-04,3.508735244395211339e-05,4.825864434242248535e-01
4.121514856815338135e-01,1.171330339275300503e-03,6.868325726827606559e-05,1.155687845312058926e-03,1.000380580080673099e-04,5.853528380393981934e-01
4.284732639789581299e-01,2.285576425492763519e-03,2.077925310004502535e-04,2.270532539114356041e-03,4.410877299960702658e-04,5.663217306137084961e-01
6.414421200752258301e-01,9.915899485349655151e-03,6.667092675343155861e-04,8.077988401055335999e-03,1.213536947034299374e-03,3.386838436126708984e-01
7.245773077011108398e-01,4.955692216753959656e-03,2.260859037050977349e-04,5.962665658444166183e-03,2.966700703836977482e-04,2.639816999435424805e-01
6.999592781066894531e-01,1.576974755153059959e-03,8.596100087743252516e-05,4.550626967102289200e-03,1.128386356867849827e-04,2.937143743038177490e-01
5.883203744888305664e-01,5.462385015562176704e-04,2.479004069755319506e-05,2.589504700154066086e-03,3.090677273576147854e-05,4.084882140159606934e-01
3.845225572586059570e-01,3.934165870305150747e-04,1.846177110564894974e-05,1.773106982000172138e-03,3.671130980364978313e-05,6.132557988166809082e-01
2.926505506038665771e-01,5.425731069408357143e-04,8.950028131948783994e-05,3.092220984399318695e-03,3.759571991395205259e-04,7.032492160797119141e-01
3.055937886238098145e-01,6.070940289646387100e-04,1.342848554486408830e-04,1.664315233938395977e-03,6.188306142576038837e-04,6.913816928863525391e-01
4.276959300041198730e-01,1.260492485016584396e-03,1.560825912747532129e-04,2.889069495722651482e-03,4.727126506622880697e-04,5.675257444381713867e-01
4.006217718124389648e-01,3.945521079003810883e-03,2.671821566764265299e-04,3.185297129675745964e-03,8.469810127280652523e-04,5.911332964897155762e-01
5.865764617919921875e-01,2.811417216435074806e-03,2.422288671368733048e-04,2.762943506240844727e-03,4.114075272809714079e-04,4.071954190731048584e-01
5.486041307449340820e-01,1.476487959735095501e-03,6.181441858643665910e-05,1.222659135237336159e-03,9.389631304657086730e-05,4.485410451889038086e-01
6.720791459083557129e-01,1.288206200115382671e-03,1.491504954174160957e-04,9.026816114783287048e-04,3.602707001846283674e-04,3.252204954624176025e-01
8.239209651947021484e-01,5.809066351503133774e-04,9.844973828876391053e-05,6.338707171380519867e-04,1.638415415072813630e-04,1.746020615100860596e-01
7.228813171386718750e-01,2.135126851499080658e-04,2.979335295094642788e-05,6.067624781280755997e-04,3.931575338356196880e-05,2.762293219566345215e-01
7.209471464157104492e-01,3.876755072269588709e-04,6.608366675209254026e-05,1.095460727810859680e-03,7.632982305949553847e-05,2.774272561073303223e-01
4.688902795314788818e-01,3.894596593454480171e-04,5.452967161545529962e-05,2.028028713539242744e-03,7.958125206641852856e-05,5.285580754280090332e-01
3.554365038871765137e-01,8.390763541683554649e-04,1.037473120959475636e-04,1.958680339157581329e-03,1.813420676626265049e-04,6.414806842803955078e-01
2.893197834491729736e-01,1.113884965889155865e-03,1.406065566698089242e-04,1.729982555843889713e-03,4.103788232896476984e-04,7.072853446006774902e-01
1.834319233894348145e-01,2.550904871895909309e-03,2.728280960582196712e-04,1.837895484641194344e-03,1.389010925777256489e-03,8.105174899101257324e-01
2.371976524591445923e-01,2.130059059709310532e-03,1.916241744766011834e-04,2.038871869444847107e-03,8.660714956931769848e-04,7.575758099555969238e-01
3.615004420280456543e-01,4.352966323494911194e-03,3.816554963123053312e-04,3.752894233912229538e-03,1.115734805352985859e-03,6.288962364196777344e-01
5.780619382858276367e-01,4.425516817718744278e-03,4.258686094544827938e-04,6.272966042160987854e-03,5.607207422144711018e-04,4.102530181407928467e-01
6.641257405281066895e-01,2.795761451125144958e-03,2.854774647857993841e-04,3.784079570323228836e-03,3.777978417929261923e-04,3.286311328411102295e-01
8.680506348609924316e-01,1.626947778277099133e-03,2.638594014570116997e-04,2.686961088329553604e-03,3.097153385169804096e-04,1.270618885755538940e-01
8.370155096054077148e-01,2.326290588825941086e-03,3.555617877282202244e-04,2.985555212944746017e-03,4.453653236851096153e-04,1.568718105554580688e-01
8.628788590431213379e-01,1.625554170459508896e-03,3.670003789011389017e-04,2.196433721110224724e-03,7.620432297699153423e-04,1.321700811386108398e-01
7.263808250427246094e-01,1.371519290842115879e-03,1.322945463471114635e-04,1.524999388493597507e-03,2.467808371875435114e-04,2.703436017036437988e-01
4.996492862701416016e-01,1.031776540912687778e-03,1.106821582652628422e-04,9.735800558701157570e-04,2.404645347269251943e-04,4.979942739009857178e-01
5.835660696029663086e-01,1.382461749017238617e-03,8.307412645081058145e-05,1.035121735185384750e-03,1.326101046288385987e-04,4.138006567955017090e-01
3.080774545669555664e-01,7.371370447799563408e-04,4.137281212024390697e-05,7.262501167133450508e-04,6.253569881664589047e-05,6.903553009033203125e-01
4.773544371128082275e-01,1.266938052140176296e-03,1.000007760012522340e-04,1.923229312524199486e-03,1.214962030644528568e-04,5.192338228225708008e-01
5.236635804176330566e-01,2.563903108239173889e-03,2.581676817499101162e-04,3.585460595786571503e-03,3.350399783812463284e-04,4.695937931537628174e-01
3.424425125122070312e-01,9.538920712657272816e-04,9.128401143243536353e-05,3.359314287081360817e-03,1.056661494658328593e-04,6.530473232269287109e-01
2.833673357963562012e-01,7.041342323645949364e-04,4.309269934310577810e-05,2.229739911854267120e-03,6.970330287003889680e-05,7.135859131813049316e-01
1.521430015563964844e-01,2.155163529096171260e-04,1.074321880878414959e-05,3.692409663926810026e-04,1.957401036634109914e-05,8.472419977188110352e-01
2.201940864324569702e-01,2.466748119331896305e-04,1.202136900246841833e-05,4.884250229224562645e-04,1.493259696871973574e-05,7.790438532829284668e-01
3.163929283618927002e-01,1.106283380067907274e-04,6.705530722683761269e-06,1.987449359148740768e-04,8.718329809198621660e-06,6.832822561264038086e-01
2.938760519027709961e-01,1.662797731114551425e-04,1.270610118808690459e-05,2.597470011096447706e-04,1.712400626274757087e-05,7.056681513786315918e-01
3.813661336898803711e-01,4.602483531925827265e-04,3.721924440469592810e-05,6.074695847928524017e-04,5.328569022822193801e-05,6.174756288528442383e-01
2.660472989082336426e-01,2.026692818617448211e-04,2.406278508715331554e-05,5.373826134018599987e-04,4.075051765539683402e-05,7.331478595733642578e-01
3.109616637229919434e-01,3.199578204657882452e-04,5.125254756421782076e-05,5.715781589969992638e-04,8.824503311188891530e-05,6.880072951316833496e-01
3.550234735012054443e-01,3.812228096649050713e-03,5.481371190398931503e-04,2.912100870162248611e-03,1.701392116956412792e-03,6.360027790069580078e-01
3.163276016712188721e-01,3.262070938944816589e-03,4.539195506367832422e-04,2.389917615801095963e-03,1.285267295315861702e-03,6.762811541557312012e-01
5.087900161743164062e-01,1.124792173504829407e-02,1.374732237309217453e-03,5.735539831221103668e-03,3.532381029799580574e-03,4.693193733692169189e-01
5.499032139778137207e-01,1.068262755870819092e-02,1.445941161364316940e-03,7.743800058960914612e-03,2.347836038097739220e-03,4.278766214847564697e-01
5.431438088417053223e-01,2.954959636554121971e-03,2.908521564677357674e-04,3.849103115499019623e-03,2.965672174468636513e-04,4.494647383689880371e-01
7.136883735656738281e-01,3.483298001810908318e-03,3.566012601368129253e-04,4.355432931333780289e-03,3.485650522634387016e-04,2.777678370475769043e-01
6.207340359687805176e-01,2.654955256730318069e-03,3.669023572001606226e-04,3.960746806114912033e-03,5.768499686382710934e-04,3.717064559459686279e-01
5.376321077346801758e-01,2.495340537279844284e-03,2.509519690647721291e-04,4.131999798119068146e-03,3.598627808969467878e-04,4.551298022270202637e-01
3.667281568050384521e-01,3.105633193626999855e-03,2.938431280199438334e-04,4.989567678421735764e-03,5.920032854191958904e-04,6.242907643318176270e-01
4.347258508205413818e-01,2.803996903821825981e-03,2.337825426366180182e-04,8.475093171000480652e-03,3.773542703129351139e-04,5.533838868141174316e-01
4.512658715248107910e-01,5.162132438272237778e-03,2.737787435762584209e-04,4.967978224158287048e-03,4.587406583596020937e-04,5.378714203834533691e-01
3.127456009387969971e-01,2.642725594341754913e-03,1.816512667573988438e-04,3.401963505893945694e-03,4.707978514488786459e-04,6.805572509765625000e-01
4.233890473842620850e-01,1.779867801815271378e-03,1.971602760022506118e-04,6.723360624164342880e-03,3.536822914611548185e-04,5.675569176673889160e-01
4.682392477989196777e-01,3.075283253565430641e-03,3.813205112237483263e-04,1.015316415578126907e-02,6.920443265698850155e-04,5.174589157104492188e-01
1.909382790327072144e-01,1.304305857047438622e-03,1.394222636008635163e-04,3.442246001213788986e-03,2.922708808910101652e-04,8.038834333419799805e-01
3.442204296588897705e-01,4.911649506539106369e-03,3.920085728168487549e-04,5.929927807301282883e-03,6.179889314807951450e-04,6.439279913902282715e-01
4.925726652145385742e-01,8.748474530875682831e-03,6.245932308956980705e-04,6.955847609788179398e-03,7.332632667385041714e-04,4.903652071952819824e-01
3.677387833595275879e-01,3.649969352409243584e-03,5.124068120494484901e-04,1.833701273426413536e-03,1.096057356335222721e-03,6.251690387725830078e-01
4.300076365470886230e-01,4.748911131173372269e-03,7.081598741933703423e-04,2.045777859166264534e-03,1.557796495035290718e-03,5.609316825866699219e-01
3.767089247703552246e-01,6.153206340968608856e-03,8.172542438842356205e-04,2.387827029451727867e-03,1.400133245624601841e-03,6.125325560569763184e-01
2.535986006259918213e-01,2.927286317571997643e-03,3.106345247942954302e-04,1.458629034459590912e-03,5.193286342546343803e-04,7.411854267120361328e-01
2.753911912441253662e-01,2.918909303843975067e-03,2.486542216502130032e-04,1.229914953000843525e-03,4.051204014103859663e-04,7.198061943054199219e-01
2.192510813474655151e-01,3.232813905924558640e-03,3.289426094852387905e-04,1.955676125362515450e-03,5.816035554744303226e-04,7.746499180793762207e-01
3.700210154056549072e-01,3.373413346707820892e-03,4.456365713849663734e-04,2.511865226551890373e-03,8.424650877714157104e-04,6.228056550025939941e-01
6.011124253273010254e-01,1.074993400834500790e-03,2.182213938795030117e-04,1.441337051801383495e-03,3.670843143481761217e-04,3.957859575748443604e-01
5.678591728210449219e-01,1.165726920589804649e-03,2.315901801921427250e-04,2.037763362750411034e-03,3.269106382504105568e-04,4.283788204193115234e-01
6.541328430175781250e-01,3.511826216708868742e-04,6.928946095285937190e-05,7.860879413783550262e-04,1.079169887816533446e-04,3.445526063442230225e-01
6.647605299949645996e-01,9.449844947084784508e-04,1.985350099857896566e-04,1.183371874503791332e-03,6.036597769707441330e-04,3.323088586330413818e-01
4.734153747558593750e-01,1.242281985469162464e-03,1.731377415126189590e-04,1.608563237823545933e-03,3.449425857979804277e-04,5.232155919075012207e-01
2.292486280202865601e-01,3.714060643687844276e-03,4.602837143465876579e-04,2.863456029444932938e-03,1.261955359950661659e-03,7.624516487121582031e-01
2.105407565832138062e-01,6.268169265240430832e-03,6.537209264934062958e-04,5.359383765608072281e-03,1.544137718155980110e-03,7.756338715553283691e-01
1.965539455413818359e-01,6.300373002886772156e-03,4.740931326523423195e-04,4.074377939105033875e-03,7.558860816061496735e-04,7.918412685394287109e-01
2.217539250850677490e-01,1.694378559477627277e-03,1.896291505545377731e-04,1.284813508391380310e-03,4.223677387926727533e-04,7.746548652648925781e-01
4.096207916736602783e-01,2.002420369535684586e-03,2.914354845415800810e-04,1.120521803386509418e-03,1.150905387476086617e-03,5.858139395713806152e-01
3.744603395462036133e-01,1.189072965644299984e-03,1.745145709719508886e-04,6.595611339434981346e-04,4.723050806205719709e-04,6.230442523956298828e-01
4.195509850978851318e-01,5.085465381853282452e-04,1.550057349959388375e-04,4.596405779011547565e-04,4.380524333100765944e-04,5.788878202438354492e-01
3.450444340705871582e-01,8.751397253945469856e-04,2.590256917756050825e-04,9.060431038960814476e-04,1.204173080623149872e-03,6.517112255096435547e-01
3.082603812217712402e-01,9.876838885247707367e-04,2.300895866937935352e-04,1.431507174856960773e-03,7.101696683093905449e-04,6.883801817893981934e-01
2.691928744316101074e-01,5.153346573933959007e-04,1.410857366863638163e-04,1.159659004770219326e-03,7.400828762911260128e-04,7.282509207725524902e-01
2.916976809501647949e-01,1.070490106940269470e-03,2.138076670235022902e-04,1.893981592729687691e-03,1.395149389281868935e-03,7.037287950515747070e-01
2.839321792125701904e-01,1.293697627261281013e-03,2.529289631638675928e-04,2.213457366451621056e-03,1.614852808415889740e-03,7.106928825378417969e-01
3.330817222595214844e-01,1.673240098170936108e-03,2.009526942856609821e-04,2.521545393392443657e-03,5.393098690547049046e-04,6.619832515716552734e-01
4.188241958618164062e-01,1.192733878269791603e-03,1.512448070570826530e-04,1.898699207231402397e-03,4.119667282793670893e-04,5.775211453437805176e-01
2.674245536327362061e-01,3.392269718460738659e-04,2.341079016332514584e-05,5.765648675151169300e-04,3.739828025572933257e-05,7.315988540649414062e-01
2.258021831512451172e-01,4.250162746757268906e-04,2.895404395530931652e-05,8.498189854435622692e-04,4.211186023894697428e-05,7.728520035743713379e-01
4.134325683116912842e-01,3.632269508671015501e-04,1.995864840864669532e-05,6.106839282438158989e-04,2.273366044391877949e-05,5.855509042739868164e-01
5.390229821205139160e-01,4.990486777387559414e-04,2.491752275091130286e-05,6.825620657764375210e-04,2.563394264143425971e-05,4.597448110580444336e-01
5.149196386337280273e-01,3.896054113283753395e-04,1.606526348041370511e-05,4.668432520702481270e-04,1.947366581589449197e-05,4.841883778572082520e-01
7.477328777313232422e-01,2.505892189219594002e-04,1.306584363192087039e-05,3.930578823201358318e-04,1.573974805069155991e-05,2.515946030616760254e-01
8.699640035629272461e-01,2.117136609740555286e-04,2.238974593637976795e-05,3.006281331181526184e-04,2.094542469421867281e-05,1.294803172349929810e-01
8.804530501365661621e-01,3.272435569670051336e-04,3.421828296268358827e-05,5.341367796063423157e-04,2.998471245518885553e-05,1.186212822794914246e-01
9.102184772491455078e-01,8.716777083463966846e-04,1.551452296553179622e-04,1.211261027492582798e-03,1.587456499692052603e-04,8.738470077514648438e-02
7.544848918914794922e-01,3.681684844195842743e-03,3.431012155488133430e-04,4.345792811363935471e-03,3.548526437953114510e-04,2.367897033691406250e-01
5.844777226448059082e-01,4.023890942335128784e-03,3.570714907255023718e-04,4.580262582749128342e-03,4.247674951329827309e-04,4.061363935470581055e-01
4.745889306068420410e-01,4.548564087599515915e-03,1.612527412362396717e-04,3.713201964274048805e-03,1.851024862844496965e-04,5.168029665946960449e-01
1.979043185710906982e-01,3.637625370174646378e-03,1.310467778239399195e-04,3.168671857565641403e-03,1.617070083739235997e-04,7.949966192245483398e-01
3.144231736660003662e-01,5.130971781909465790e-03,2.022741246037185192e-04,3.060532966628670692e-03,2.011595206568017602e-04,6.769819259643554688e-01
3.636803925037384033e-01,7.141318637877702713e-03,3.180391213390976191e-04,4.928482696413993835e-03,3.305850550532341003e-04,6.236011385917663574e-01
1.915954351425170898e-01,7.057936396449804306e-03,5.296557792462408543e-04,3.857142524793744087e-03,1.043524243868887424e-03,7.959163188934326172e-01
2.138608843088150024e-01,9.881680831313133240e-03,7.073900778777897358e-04,5.809547845274209976e-03,1.469890470616519451e-03,7.682705521583557129e-01
2.195857763290405273e-01,3.429653355851769447e-03,5.178755382075905800e-04,5.018617957830429077e-03,1.691778423264622688e-03,7.697563171386718750e-01
4.780780971050262451e-01,4.560872446745634079e-03,7.843913626857101917e-04,8.958607912063598633e-03,2.035029930993914604e-03,5.055829286575317383e-01
5.508982539176940918e-01,1.435471815057098866e-03,2.501581038814038038e-04,3.596721217036247253e-03,5.152038065716624260e-04,4.433041512966156006e-01
7.763609290122985840e-01,8.212456596083939075e-04,1.537319039925932884e-04,2.127541229128837585e-03,2.424699341645464301e-04,2.202940583229064941e-01
7.470303177833557129e-01,1.507622189819812775e-03,3.145078662782907486e-04,2.526311669498682022e-03,7.770830416120588779e-04,2.478441148996353149e-01
5.718551278114318848e-01,2.006802940741181374e-03,5.466525908559560776e-04,2.183027798309922218e-03,2.139890799298882484e-03,4.212685227394104004e-01
3.970018923282623291e-01,4.460393451154232025e-03,5.552119109779596329e-04,2.732929540798068047e-03,1.930198748596012592e-03,5.933193564414978027e-01
3.017129898071289062e-01,1.024695951491594315e-02,1.567603670991957188e-03,4.694013390690088272e-03,7.538892328739166260e-03,6.742395758628845215e-01
2.578962743282318115e-01,1.045866962522268295e-02,6.676611374132335186e-04,4.054027143865823746e-03,1.440270571038126945e-03,7.254831194877624512e-01
1.709882616996765137e-01,7.618901785463094711e-03,3.139274485874921083e-04,2.908995840698480606e-03,4.913168959319591522e-04,8.176785707473754883e-01
1.802860200405120850e-01,2.464127726852893829e-03,1.429887634003534913e-04,1.624159049242734909e-03,1.958602515514940023e-04,8.152867555618286133e-01
2.623634636402130127e-01,4.199141636490821838e-03,3.034511464647948742e-04,2.605145098641514778e-03,7.386506767943501472e-04,7.297901511192321777e-01
1.677645295858383179e-01,3.439739113673567772e-03,1.470279967179521918e-04,1.357224886305630207e-03,3.463701577857136726e-04,8.269451260566711426e-01
2.498051226139068604e-01,2.429335145279765129e-03,1.263621670659631491e-04,2.831038553267717361e-03,1.963922695722430944e-04,7.446117997169494629e-01
3.452697992324829102e-01,1.783873187378048897e-03,1.059644346241839230e-04,3.547743195667862892e-03,1.411145640304312110e-04,6.491515040397644043e-01
3.774404525756835938e-01,8.529468323104083538e-04,9.903867612592875957e-05,3.260291647166013718e-03,1.168760572909377515e-04,6.182304620742797852e-01
4.067322015762329102e-01,1.468371599912643433e-03,1.664131123106926680e-04,3.873712383210659027e-03,1.512359012849628925e-04,5.876080393791198730e-01
2.634743154048919678e-01,9.295295458287000656e-04,2.251762343803420663e-04,2.308837836608290672e-03,3.579433832783252001e-04,7.327042818069458008e-01
4.209142029285430908e-01,2.030853880569338799e-03,6.305846618488430977e-04,3.158478764817118645e-03,1.386704854667186737e-03,5.718792080879211426e-01
6.688793897628784180e-01,3.981469199061393738e-03,8.689136593602597713e-04,3.970311954617500305e-03,1.262158504687249660e-03,3.210377693176269531e-01
8.194863200187683105e-01,2.699863398447632790e-03,7.011767011135816574e-04,1.924426876939833164e-03,2.239665016531944275e-03,1.729485392570495605e-01
7.643402814865112305e-01,1.497898437082767487e-02,2.548102056607604027e-03,3.801171667873859406e-03,1.451634988188743591e-02,1.998151242733001709e-01
5.993744730949401855e-01,1.337781269103288651e-02,1.662420574575662613e-03,3.895453177392482758e-03,1.073837466537952423e-02,3.709513843059539795e-01
3.391029834747314453e-01,1.417695451527833939e-02,1.254421775229275227e-03,6.845628842711448669e-03,4.144013859331607819e-03,6.344760060310363770e-01
2.011243999004364014e-01,1.106184534728527069e-02,1.116316881962120533e-03,1.018187310546636581e-02,3.672678722068667412e-03,7.728428840637207031e-01
1.847004890441894531e-01,2.639929763972759247e-03,2.965971361845731735e-04,3.981507383286952972e-03,6.022516172379255295e-04,8.077792525291442871e-01
2.634283900260925293e-01,1.186879235319793224e-03,1.932275627041235566e-04,2.879514824599027634e-03,4.587662115227431059e-04,7.318531870841979980e-01
3.423806726932525635e-01,8.077415986917912960e-04,1.051650106091983616e-04,1.136920647695660591e-03,1.868245599325746298e-04,6.553826928138732910e-01
4.629568755626678467e-01,1.119872438721358776e-03,2.130494540324434638e-04,1.136342878453433514e-03,6.517709116451442242e-04,5.339220762252807617e-01
6.718454957008361816e-01,1.183964544907212257e-03,2.777127665467560291e-04,1.422734349034726620e-03,4.568169533740729094e-04,3.248133063316345215e-01
6.846767663955688477e-01,8.601343142800033092e-04,2.368579152971506119e-04,1.009017811156809330e-03,4.681189893744885921e-04,3.127492070198059082e-01
6.475408077239990234e-01,2.280096756294369698e-03,5.675539141520857811e-04,1.561086624860763550e-03,1.791987800970673561e-03,3.462585508823394775e-01
6.617246270179748535e-01,2.035639481619000435e-03,5.264460342004895210e-04,1.291923807002604008e-03,1.145037473179399967e-03,3.332762420177459717e-01
6.777482032775878906e-01,1.337036024779081345e-03,3.115190775133669376e-04,9.917481802403926849e-04,7.119347574189305305e-04,3.188995122909545898e-01
5.289948582649230957e-01,2.674195449799299240e-03,8.224228513427078724e-04,2.231034217402338982e-03,3.060105955228209496e-03,4.622174501419067383e-01
5.860013961791992188e-01,1.942430739291012287e-03,6.535646971315145493e-04,1.427917391993105412e-03,3.603265387937426567e-03,4.063713550567626953e-01
4.930616617202758789e-01,1.319765578955411911e-03,4.166878352407366037e-04,1.053132466040551662e-03,3.656954271718859673e-03,5.004917979240417480e-01
4.738052487373352051e-01,2.555134939029812813e-03,7.273916271515190601e-04,1.764897839166224003e-03,5.812346935272216797e-03,5.153350234031677246e-01
4.478330016136169434e-01,5.334182642400264740e-03,1.743669970892369747e-03,2.806407166644930840e-03,1.389487087726593018e-02,5.283879041671752930e-01
4.483883976936340332e-01,6.463956553488969803e-03,1.646763528697192669e-03,2.845753915607929230e-03,8.972889743745326996e-03,5.316821932792663574e-01
4.537978768348693848e-01,9.019059129059314728e-03,2.390381647273898125e-03,2.924215747043490410e-03,1.468409411609172821e-02,5.171843767166137695e-01
3.084906935691833496e-01,9.728264994919300079e-03,2.316384343430399895e-03,4.110553767532110214e-03,8.247198536992073059e-03,6.671069860458374023e-01
3.228301107883453369e-01,8.221480995416641235e-03,2.737557515501976013e-03,5.726034287363290787e-03,6.017187610268592834e-03,6.544677019119262695e-01
3.664515912532806396e-01,6.341074127703905106e-03,4.995631054043769836e-03,5.623020697385072708e-03,1.674336194992065430e-02,5.998452305793762207e-01
4.248909950256347656e-01,7.438376545906066895e-03,2.639347454532980919e-03,6.414749659597873688e-03,5.694828461855649948e-03,5.529216527938842773e-01
6.417250633239746094e-01,7.678271736949682236e-03,1.355029875412583351e-03,4.143778234720230103e-03,1.840541255660355091e-03,3.432573676109313965e-01
7.369004487991333008e-01,6.133426912128925323e-03,1.366927288472652435e-03,3.218102268874645233e-03,3.673166269436478615e-03,2.487078160047531128e-01
6.393553614616394043e-01,3.324208781123161316e-03,3.139984037261456251e-04,2.761530457064509392e-03,7.009055116213858128e-04,3.535440564155578613e-01
6.736547946929931641e-01,3.005138831213116646e-03,5.278361495584249496e-04,1.366213196888566017e-03,1.457546255551278591e-03,3.199884593486785889e-01
4.494558274745941162e-01,5.930924322456121445e-03,1.043450087308883667e-03,4.122883081436157227e-03,3.483081003651022911e-03,5.359638929367065430e-01
6.163439154624938965e-01,1.336647849529981613e-02,1.991081051528453827e-03,7.574749179184436798e-03,4.498976282775402069e-03,3.562249243259429932e-01
6.925099492073059082e-01,5.863133352249860764e-03,1.154794241301715374e-03,5.203432869166135788e-03,2.378224628046154976e-03,2.928905189037322998e-01
6.391061544418334961e-01,5.779191385954618454e-03,7.315339753404259682e-04,3.378129797056317329e-03,1.291716471314430237e-03,3.497133553028106689e-01
6.208575963973999023e-01,2.714397385716438293e-03,4.016771854367107153e-04,2.178218215703964233e-03,1.024172757752239704e-03,3.728239536285400391e-01
7.221532464027404785e-01,1.507606822997331619e-03,6.285185809247195721e-04,1.072460901923477650e-03,2.266822615638375282e-03,2.723712325096130371e-01
6.053785681724548340e-01,1.348296878859400749e-03,4.399690660648047924e-04,1.282288692891597748e-03,1.301989308558404446e-03,3.902489244937896729e-01
3.372157514095306396e-01,1.940254587680101395e-03,4.793782136403024197e-04,1.814613933674991131e-03,1.506718224845826626e-03,6.570432782173156738e-01
4.221122860908508301e-01,2.276571933180093765e-03,4.458487092051655054e-04,1.487034372985363007e-03,1.069010351784527302e-03,5.726091861724853516e-01
3.274172842502593994e-01,9.057109709829092026e-04,1.368598459521308541e-04,1.246287021785974503e-03,2.996479161083698273e-04,6.699942350387573242e-01
3.155338168144226074e-01,7.840618491172790527e-04,6.824325828347355127e-05,1.105048111639916897e-03,1.060604408849030733e-04,6.824027895927429199e-01
4.907614886760711670e-01,1.066247699782252312e-03,1.051563158398494124e-04,1.575394999235868454e-03,1.481912477174773812e-04,5.063435435295104980e-01
5.452682375907897949e-01,8.435680065304040909e-04,7.519757491536438465e-05,9.641036158427596092e-04,1.099443325074389577e-04,4.527389407157897949e-01
6.117169260978698730e-01,1.028975704684853554e-03,2.422554680379107594e-04,1.473043113946914673e-03,9.961643954738974571e-04,3.845426142215728760e-01
6.889408230781555176e-01,3.819253994151949883e-03,6.230843719094991684e-04,3.579140640795230865e-03,1.875472255051136017e-03,3.011622130870819092e-01
6.182674169540405273e-01,5.321598146110773087e-03,1.473966054618358612e-03,4.814889747649431229e-03,4.915333818644285202e-03,3.652067184448242188e-01
6.256685256958007812e-01,8.396348915994167328e-03,1.851458800956606865e-03,6.269009318202733994e-03,6.954053882509469986e-03,3.508607149124145508e-01
7.063989639282226562e-01,3.817141288891434669e-03,1.223725033923983574e-03,1.012916769832372665e-02,1.684842747636139393e-03,2.767461240291595459e-01
5.286592245101928711e-01,3.092913189902901649e-03,3.859241842292249203e-04,4.981624893844127655e-03,4.126878338865935802e-04,4.624676704406738281e-01
6.559469103813171387e-01,2.731924876570701599e-03,2.150227519450709224e-04,2.604133682325482368e-03,2.519232220947742462e-04,3.382500708103179932e-01
7.652328610420227051e-01,1.349394558928906918e-03,1.729633804643526673e-04,2.334847813472151756e-03,1.744982582749798894e-04,2.307355105876922607e-01
6.972978711128234863e-01,2.251572674140334129e-03,2.523657458368688822e-04,2.292298711836338043e-03,2.868391748052090406e-04,2.976189553737640381e-01
7.222092151641845703e-01,2.375305397436022758e-03,1.347645156783983111e-04,1.613440108485519886e-03,1.506351836724206805e-04,2.735166847705841064e-01
5.359510183334350586e-01,1.529937027953565121e-03,1.119438456953503191e-04,1.445571775548160076e-03,1.288546918658539653e-04,4.608327150344848633e-01
5.345291495323181152e-01,1.608220860362052917e-03,1.094341787393204868e-04,1.986492890864610672e-03,1.789121160982176661e-04,4.615877270698547363e-01
6.758884191513061523e-01,1.515513518825173378e-03,9.476987906964495778e-05,1.586097525432705879e-03,1.292909437324851751e-04,3.207859694957733154e-01
8.204276561737060547e-01,1.544385100714862347e-03,4.422383208293467760e-04,3.109304932877421379e-03,6.412556394934654236e-04,1.738350391387939453e-01
8.558443188667297363e-01,9.903796017169952393e-04,1.939231879077851772e-04,2.169285435229539871e-03,2.393789181951433420e-04,1.405626982450485229e-01
8.134477734565734863e-01,8.611366502009332180e-04,2.325193054275587201e-04,1.420872868038713932e-03,4.030429117847234011e-04,1.836346238851547241e-01
7.144310474395751953e-01,1.189042348414659500e-03,1.726696063997223973e-04,1.486407825723290443e-03,2.328716800548136234e-04,2.824879884719848633e-01
4.617135822772979736e-01,7.371106767095625401e-04,6.938869046280160546e-05,8.390404400415718555e-04,1.233104994753375649e-04,5.365175604820251465e-01
4.673535525798797607e-01,1.794964307919144630e-03,8.159971184795722365e-05,1.028011552989482880e-03,1.000658085104078054e-04,5.296418070793151855e-01
3.812708258628845215e-01,2.391186309978365898e-03,1.070340149453841150e-04,1.547791645862162113e-03,1.234298979397863150e-04,6.145597696304321289e-01
2.772279679775238037e-01,1.053082407452166080e-03,5.513038559001870453e-05,9.554208372719585896e-04,5.647733996738679707e-05,7.206519246101379395e-01
2.214317768812179565e-01,1.196839497424662113e-03,4.382075712783262134e-05,1.737986691296100616e-03,3.712208490469492972e-05,7.755524516105651855e-01
2.408224940299987793e-01,7.538265781477093697e-04,2.695842704270035028e-05,1.046191435307264328e-03,2.765555836958810687e-05,7.573228478431701660e-01
2.843291461467742920e-01,9.223708766512572765e-04,3.018072311533614993e-05,1.565428450703620911e-03,3.667713463073596358e-05,7.131161689758300781e-01
4.176717102527618408e-01,5.437837913632392883e-03,1.678997505223378539e-04,3.375189611688256264e-03,2.653406118042767048e-04,5.730819702148437500e-01
3.986410200595855713e-01,3.601221367716789246e-03,1.476737088523805141e-04,2.406259300187230110e-03,3.376946842763572931e-04,5.948660969734191895e-01
3.604190945625305176e-01,2.365405904129147530e-03,9.821577259572222829e-05,1.804504310712218285e-03,1.847609673859551549e-04,6.351280212402343750e-01
1.761273145675659180e-01,1.597283757291734219e-03,9.404267620993778110e-05,2.191575476899743080e-03,2.056960656773298979e-04,8.197841048240661621e-01
1.865436583757400513e-01,2.421254292130470276e-03,1.031483479891903698e-04,2.811595797538757324e-03,1.672017679084092379e-04,8.079531192779541016e-01
2.093612253665924072e-01,8.032321347855031490e-04,5.629553197650238872e-05,2.199721988290548325e-03,6.316144572338089347e-05,7.875164151191711426e-01
3.800566792488098145e-01,2.931646071374416351e-03,1.726060727378353477e-04,3.321644850075244904e-03,2.357039193157106638e-04,6.132816672325134277e-01
3.381655812263488770e-01,2.483854768797755241e-03,2.594847173895686865e-04,2.657291712239384651e-03,5.275692092254757881e-04,6.559062600135803223e-01
2.824420034885406494e-01,1.759757986292243004e-03,1.382953487336635590e-04,9.349748142994940281e-04,3.059706068597733974e-04,7.144190073013305664e-01
2.404307574033737183e-01,7.019615732133388519e-04,6.548529199790209532e-05,6.702960235998034477e-04,1.488677517045289278e-04,7.579826712608337402e-01
2.017173618078231812e-01,1.118914442486129701e-04,1.169187908089952543e-05,2.786698169074952602e-04,1.981037530640605837e-05,7.978605031967163086e-01
9.788504987955093384e-02,7.421199552481994033e-05,5.823780611535767093e-06,1.880046038422733545e-04,9.398956535733304918e-06,9.018375873565673828e-01
2.474555522203445435e-01,2.563268644735217094e-04,8.387974048673640937e-06,6.582726491615176201e-04,1.036605681292712688e-05,7.516111731529235840e-01
3.003594279289245605e-01,1.163408160209655762e-04,6.350214789563324302e-06,5.224309279583394527e-04,8.825687473290599883e-06,6.989865899085998535e-01
4.148091673851013184e-01,8.051160839386284351e-04,4.852197889704257250e-05,1.952219870872795582e-03,7.451508281519636512e-05,5.823104977607727051e-01
5.242398381233215332e-01,4.184002988040447235e-03,2.714852162171155214e-04,4.723853431642055511e-03,8.887093863449990749e-04,4.656921029090881348e-01
4.945386648178100586e-01,9.516649879515171051e-03,8.347806870006024837e-04,7.267700973898172379e-03,4.579246975481510162e-03,4.832629561424255371e-01
4.081259071826934814e-01,1.467674970626831055e-02,1.867108396254479885e-03,6.462635472416877747e-03,1.892099156975746155e-02,5.499464869499206543e-01
2.675113379955291748e-01,1.804905384778976440e-02,2.104454673826694489e-03,4.772411193698644638e-03,2.657156996428966522e-02,6.809911131858825684e-01
3.532870113849639893e-01,7.635472342371940613e-03,9.033276000991463661e-04,3.406238742172718048e-03,4.784679505974054337e-03,6.299833059310913086e-01
5.328440666198730469e-01,2.008898649364709854e-03,2.846313873305916786e-04,1.633932581171393394e-03,9.155034786090254784e-04,4.623130261898040771e-01
5.150054693222045898e-01,3.990707453340291977e-03,3.428250493016093969e-04,2.654755022376775742e-03,6.437822594307363033e-04,4.773624241352081299e-01
5.273725986480712891e-01,1.043979637324810028e-02,7.494885358028113842e-04,4.558935295790433884e-03,1.522411941550672054e-03,4.553568065166473389e-01
4.252011477947235107e-01,2.170960046350955963e-02,1.709311152808368206e-03,7.710408419370651245e-03,5.545869003981351852e-03,5.381236672401428223e-01
3.502661585807800293e-01,7.383666001260280609e-03,4.038068291265517473e-04,2.998021664097905159e-03,1.155057922005653381e-03,6.377933025360107422e-01
4.464496374130249023e-01,1.722042448818683624e-03,8.793495362624526024e-05,1.934912288561463356e-03,1.970400044228881598e-04,5.496084690093994141e-01
4.519726634025573730e-01,1.214642034028656781e-04,7.340585852944059297e-06,2.283086068928241730e-04,2.045529618044383824e-05,5.476497411727905273e-01
7.822594642639160156e-01,1.281596196349710226e-04,6.395769560185726732e-06,3.345015284139662981e-04,9.522247637505643070e-06,2.172619700431823730e-01
8.598289489746093750e-01,2.704409416764974594e-04,2.901652624132111669e-05,6.191783468239009380e-04,5.611096639768220484e-05,1.391964405775070190e-01
8.364374041557312012e-01,3.891100932378321886e-04,6.904100155225023627e-05,1.081872498616576195e-03,1.632571802474558353e-04,1.618594378232955933e-01
6.255851387977600098e-01,3.915659035556018353e-04,8.784861711319535971e-05,1.122452318668365479e-03,2.407836145721375942e-04,3.725721836090087891e-01
6.177315711975097656e-01,6.559179746545851231e-04,2.520832349546253681e-04,1.224677776917815208e-03,6.806133897043764591e-04,3.794551789760589600e-01
5.390311479568481445e-01,3.178102197125554085e-04,7.056137837935239077e-05,7.969987345859408379e-04,8.383719250559806824e-05,4.596995711326599121e-01
7.143663167953491211e-01,8.739323820918798447e-04,1.896900212159380317e-04,1.262593781575560570e-03,1.648959441808983684e-04,2.831427156925201416e-01
6.894308924674987793e-01,2.380133839324116707e-03,5.094728549011051655e-04,3.052167594432830811e-03,3.244761028327047825e-04,3.043028116226196289e-01
6.334090232849121094e-01,3.877118928357958794e-03,5.595316179096698761e-04,4.060352221131324768e-03,5.923023563809692860e-04,3.575017154216766357e-01
6.473422646522521973e-01,6.924159359186887741e-03,1.348826452158391476e-03,1.108783483505249023e-02,1.862658886238932610e-03,3.314342498779296875e-01
7.860280871391296387e-01,8.421762846410274506e-03,1.118284417316317558e-03,1.097350660711526871e-02,1.282975659705698490e-03,1.921754330396652222e-01
8.050117492675781250e-01,3.518726211041212082e-03,8.770875865593552589e-04,4.926706198602914810e-03,2.032679272815585136e-03,1.836329996585845947e-01
6.852853298187255859e-01,6.614335812628269196e-03,6.398837431333959103e-04,1.074853818863630295e-02,5.859764060005545616e-04,2.961259186267852783e-01
5.297546386718750000e-01,7.968196645379066467e-03,4.546018899418413639e-04,8.563360199332237244e-03,3.661694936454296112e-04,4.528929889202117920e-01
3.442949354648590088e-01,1.126618683338165283e-02,1.078322413377463818e-03,1.276512350887060165e-02,1.543761114589869976e-03,6.290516853332519531e-01
2.662901580333709717e-01,6.125388201326131821e-03,4.811973485630005598e-04,8.946681395173072815e-03,9.479481377638876438e-04,7.172086834907531738e-01
2.460605055093765259e-01,4.612637683749198914e-03,4.707206098828464746e-04,7.164651993662118912e-03,1.443715183995664120e-03,7.402477860450744629e-01
4.325553178787231445e-01,2.474122680723667145e-03,2.986643812619149685e-04,2.867274917662143707e-03,9.711347520351409912e-04,5.608335137367248535e-01
6.882042884826660156e-01,8.001074893400073051e-04,9.390807099407538772e-05,6.388431647792458534e-04,2.392548776697367430e-04,3.100235760211944580e-01
7.890274524688720703e-01,6.792704225517809391e-04,5.454107667901553214e-05,6.111373077146708965e-04,8.318274194607511163e-05,2.095443904399871826e-01
8.796121478080749512e-01,2.746192621998488903e-04,2.124337515851948410e-05,5.380138754844665527e-04,2.257286178064532578e-05,1.195313632488250732e-01
7.212442159652709961e-01,1.081456197425723076e-03,6.271610618568956852e-05,1.867669285275042057e-03,6.405634485417976975e-05,2.756800353527069092e-01
4.317750930786132812e-01,1.169641851447522640e-03,6.739716627635061741e-05,2.927003661170601845e-03,8.773188164923340082e-05,5.639731287956237793e-01
3.302830457687377930e-01,1.299589406698942184e-03,8.737828466109931469e-05,3.528347006067633629e-03,1.266710169147700071e-04,6.646749973297119141e-01
3.090926110744476318e-01,1.021943870000541210e-03,8.084599539870396256e-05,2.947477856650948524e-03,1.237284159287810326e-04,6.867334246635437012e-01
2.634950280189514160e-01,9.717447101138532162e-04,8.323012298205867410e-05,3.343515330925583839e-03,1.232623762916773558e-04,7.319831848144531250e-01
3.299310803413391113e-01,1.317150075919926167e-03,6.463681347668170929e-05,2.494275337085127831e-03,7.329124491661787033e-05,6.661195755004882812e-01
2.381114214658737183e-01,5.452586920000612736e-04,2.555635728640481830e-05,9.444304159842431545e-04,3.373297658981755376e-05,7.603396177291870117e-01
3.439560234546661377e-01,8.844782714731991291e-04,5.918749957345426083e-05,1.429771888069808483e-03,8.215929119614884257e-05,6.535883545875549316e-01
4.770301282405853271e-01,1.497046789154410362e-03,1.466092508053407073e-04,2.083949511870741844e-03,2.639968588482588530e-04,5.189782977104187012e-01
4.971724152565002441e-01,1.522886101156473160e-03,3.191828727722167969e-04,1.405795686878263950e-03,2.110160188749432564e-03,4.974695444107055664e-01
7.689391374588012695e-01,2.239177003502845764e-03,1.004322199150919914e-03,5.281425081193447113e-03,3.937844652682542801e-03,2.185981422662734985e-01
6.986024975776672363e-01,1.326410681940615177e-03,2.515529922675341368e-04,2.440529176965355873e-03,9.081637836061418056e-04,2.964708209037780762e-01
5.413857698440551758e-01,1.321938587352633476e-03,1.647223980398848653e-04,1.310552819631993771e-03,7.781161693856120110e-04,4.550389051437377930e-01
4.923935234546661377e-01,8.123787119984626770e-04,7.889565313234925270e-05,1.151571399532258511e-03,1.757367281243205070e-04,5.053879618644714355e-01
5.147714018821716309e-01,1.806838117772713304e-04,1.346862882201094180e-05,4.588542506098747253e-04,2.275215592817403376e-05,4.845528900623321533e-01
3.367443680763244629e-01,2.943059662356972694e-04,1.640405753278173506e-05,4.521090886555612087e-04,2.958962977572809905e-05,6.624632477760314941e-01
3.054374456405639648e-01,2.195396373281255364e-04,2.649273847055155784e-05,5.451944889500737190e-04,5.690350735676474869e-05,6.937144398689270020e-01
2.973087430000305176e-01,1.692152145551517606e-04,1.509024605184094980e-05,3.062997711822390556e-04,3.162063512718304992e-05,7.021690607070922852e-01
3.864126205444335938e-01,2.178684226237237453e-04,3.795138763962313533e-05,3.105668874923139811e-04,1.476336765335872769e-04,6.128734350204467773e-01
3.989787101745605469e-01,2.540417481213808060e-04,5.090814374852925539e-05,3.717730869539082050e-04,1.932431187015026808e-04,6.001513004302978516e-01
3.313623666763305664e-01,1.791890681488439441e-04,2.285333721374627203e-05,3.516042197588831186e-04,8.568175690015777946e-05,6.679983139038085938e-01
3.459810614585876465e-01,1.744680484989657998e-04,2.345572283957153559e-05,3.795859520323574543e-04,5.409295044955797493e-05,6.533873081207275391e-01
3.669330775737762451e-01,5.544067244045436382e-04,4.652093048207461834e-05,1.118799787946045399e-03,8.431406604358926415e-05,6.312628984451293945e-01
3.904832899570465088e-01,6.738087977282702923e-04,4.473260923987254500e-05,1.488445326685905457e-03,5.499214967130683362e-05,6.072546839714050293e-01
4.537951946258544922e-01,1.520170946605503559e-03,1.616137451492249966e-04,2.105146879330277443e-03,2.347909030504524708e-04,5.421831011772155762e-01
3.785906434059143066e-01,2.970292698591947556e-03,3.017453709617257118e-04,6.492964457720518112e-03,3.741841646842658520e-04,6.112701892852783203e-01
2.686543464660644531e-01,2.917236648499965668e-03,5.065787117928266525e-04,3.839657409116625786e-03,9.918106952682137489e-04,7.230904102325439453e-01
2.082263231277465820e-01,3.909758292138576508e-03,5.635638372041285038e-04,4.710207227617502213e-03,1.291478984057903290e-03,7.812986969947814941e-01
1.688245683908462524e-01,3.695441875606775284e-03,4.518956411629915237e-04,3.035436617210507393e-03,1.099384739063680172e-03,8.228933215141296387e-01
3.829536437988281250e-01,3.135927952826023102e-03,5.262276972644031048e-04,1.699921907857060432e-03,1.115257036872208118e-03,6.105690598487854004e-01
4.283985495567321777e-01,1.782846404239535332e-03,2.824786934070289135e-04,1.167307374998927116e-03,4.286613548174500465e-04,5.679401755332946777e-01
4.334920346736907959e-01,3.922343254089355469e-03,4.607849987223744392e-04,3.278035903349518776e-03,4.712569352705031633e-04,5.583755373954772949e-01
6.047693490982055664e-01,3.242989070713520050e-03,4.179758252575993538e-04,3.338601673021912575e-03,4.076961777172982693e-04,3.878233134746551514e-01
3.732713162899017334e-01,3.360746661201119423e-03,3.167635004501789808e-04,4.373811185359954834e-03,5.998201668262481689e-04,6.180775761604309082e-01
3.599748313426971436e-01,1.880846568383276463e-03,1.955131301656365395e-04,5.503841210156679153e-03,2.566144976299256086e-04,6.321883201599121094e-01
6.157250404357910156e-01,3.670908976346254349e-03,2.539418928790837526e-04,5.058311391621828079e-03,3.807530447375029325e-04,3.749111592769622803e-01
5.085083842277526855e-01,2.706679049879312515e-03,3.438057901803404093e-04,4.030196461826562881e-03,1.120210974477231503e-03,4.832906424999237061e-01
5.443735718727111816e-01,2.737784758210182190e-03,3.438155399635434151e-04,4.064490087330341339e-03,1.172095653600990772e-03,4.473082423210144043e-01
5.860189199447631836e-01,5.745995789766311646e-03,8.941410924308001995e-04,1.470213755965232849e-02,2.857010113075375557e-03,3.897817432880401611e-01
4.980290532112121582e-01,5.500411614775657654e-03,6.822766736149787903e-04,1.150638610124588013e-02,1.988054485991597176e-03,4.822938144207000732e-01
4.022942185401916504e-01,7.807291694916784763e-04,1.415203732904046774e-04,4.520272370427846909e-03,2.772605512291193008e-04,5.919860601425170898e-01
2.964615821838378906e-01,2.479096874594688416e-04,2.326348658243659884e-05,2.141723176464438438e-03,2.435886926832608879e-05,7.011011242866516113e-01
3.065179586410522461e-01,1.502193772466853261e-04,1.163713204732630402e-05,4.787263169419020414e-04,1.801705184334423393e-05,6.928234696388244629e-01
2.588416635990142822e-01,1.438345789210870862e-04,2.024615241680294275e-05,4.108191060367971659e-04,4.935654942528344691e-05,7.405340671539306641e-01
3.508544266223907471e-01,7.777796708978712559e-04,8.539135160390287638e-05,8.460131939500570297e-04,1.712257217150181532e-04,6.472652554512023926e-01
3.493443727493286133e-01,1.666097436100244522e-03,2.234165149275213480e-04,1.739383907988667488e-03,4.995795316062867641e-04,6.465271115303039551e-01
5.127757191658020020e-01,2.777565736323595047e-03,4.466155951377004385e-04,4.853724036365747452e-03,7.635764195583760738e-04,4.783827066421508789e-01
5.246477723121643066e-01,2.992964116856455803e-03,7.709399214945733547e-04,4.466027952730655670e-03,2.557806903496384621e-03,4.645644426345825195e-01
5.302258133888244629e-01,4.714001435786485672e-03,1.306274789385497570e-03,6.207951344549655914e-03,4.054730292409658432e-03,4.534912407398223877e-01
7.060998082160949707e-01,2.405767329037189484e-03,5.388637655414640903e-04,4.647358786314725876e-03,1.191879739053547382e-03,2.851162552833557129e-01
7.960661053657531738e-01,1.674401341006159782e-03,5.813883035443723202e-04,2.763661090284585953e-03,1.607626094482839108e-03,1.973069608211517334e-01
6.625611186027526855e-01,8.977540768682956696e-03,2.029931405559182167e-03,9.220873937010765076e-03,5.439830943942070007e-03,3.117707073688507080e-01
5.976051092147827148e-01,9.995934553444385529e-03,1.007970073260366917e-03,6.546345073729753494e-03,4.121915902942419052e-03,3.807227313518524170e-01
4.105605185031890869e-01,6.801006849855184555e-03,6.097490550018846989e-04,8.004630915820598602e-03,1.500459737144410610e-03,5.725236535072326660e-01
2.424665689468383789e-01,4.852924495935440063e-03,4.753635439556092024e-04,5.192964803427457809e-03,1.823965576477348804e-03,7.451881766319274902e-01
2.188970446586608887e-01,7.538674864917993546e-03,5.139571730978786945e-04,4.520331043750047684e-03,1.026602461934089661e-03,7.675033807754516602e-01
1.691411584615707397e-01,2.322285436093807220e-03,1.920626382343471050e-04,3.119814675301313400e-03,2.622377360239624977e-04,8.249624371528625488e-01
2.615224421024322510e-01,3.724764101207256317e-03,2.900228137150406837e-04,4.494729917496442795e-03,3.309902094770222902e-04,7.296369671821594238e-01
4.255530834197998047e-01,1.039285864681005478e-02,9.380018454976379871e-04,1.514337304979562759e-02,9.349198662675917149e-04,5.470377802848815918e-01
2.460008710622787476e-01,2.117949072271585464e-03,1.439644984202459455e-04,3.862131386995315552e-03,1.574402849655598402e-04,7.477176189422607422e-01
4.356700181961059570e-01,1.416236511431634426e-03,1.905898243421688676e-04,4.321374930441379547e-03,2.537640975788235664e-04,5.581480264663696289e-01
5.347424149513244629e-01,1.161496154963970184e-03,1.610136387171223760e-04,6.156564224511384964e-03,3.032230015378445387e-04,4.574752449989318848e-01
3.565501272678375244e-01,8.214380359277129173e-04,7.219017425086349249e-05,1.420946908183395863e-03,1.595168578205630183e-04,6.409757733345031738e-01
3.537214398384094238e-01,1.027890830300748348e-03,1.113683392759412527e-04,1.292917178943753242e-03,2.870615571737289429e-04,6.435592174530029297e-01
3.890694975852966309e-01,5.680046160705387592e-04,5.029281601309776306e-05,9.065493941307067871e-04,1.237713586306199431e-04,6.092818975448608398e-01
3.897307515144348145e-01,6.243298994377255440e-04,4.085289401700720191e-05,7.697899127379059792e-04,6.812228821218013763e-05,6.087661981582641602e-01
3.658401668071746826e-01,1.014434383250772953e-03,1.062387818819843233e-04,1.117234351113438606e-03,2.433026966173201799e-04,6.316786408424377441e-01
3.341372311115264893e-01,1.828817650675773621e-03,2.089154877467080951e-04,1.065168762579560280e-03,8.019119268283247948e-04,6.619579792022705078e-01
3.931812942028045654e-01,5.754727404564619064e-03,7.410573889501392841e-04,3.201671876013278961e-03,2.905725268647074699e-03,5.942155122756958008e-01
3.962041139602661133e-01,2.760674618184566498e-02,3.014304907992482185e-03,7.887596264481544495e-03,1.532529294490814209e-02,5.499620437622070312e-01
5.452405810356140137e-01,1.148167252540588379e-02,1.577843446284532547e-03,3.951029852032661438e-03,7.240720093250274658e-03,4.305081367492675781e-01
7.216783761978149414e-01,4.803394898772239685e-03,8.202833705581724644e-04,8.673711679875850677e-03,1.119828666560351849e-03,2.629044353961944580e-01
7.969303727149963379e-01,2.311300253495573997e-03,2.307131508132442832e-04,4.214645363390445709e-03,2.076060918625444174e-04,1.961053013801574707e-01
7.793645858764648438e-01,9.589204564690589905e-04,1.430646370863541961e-04,3.808159613981842995e-03,1.646902528591454029e-04,2.155605703592300415e-01
6.983589529991149902e-01,1.089210971258580685e-03,1.376098080072551966e-04,4.198745824396610260e-03,1.635890803299844265e-04,2.960519194602966309e-01
6.856450438499450684e-01,1.432691817171871662e-03,1.573231857037171721e-04,3.745819209143519402e-03,1.999871747102588415e-04,3.088190555572509766e-01
6.436243057250976562e-01,1.510639558546245098e-03,1.448230468668043613e-04,2.138898242264986038e-03,2.050910552497953176e-04,3.523762226104736328e-01
6.002894639968872070e-01,1.561952056363224983e-03,2.166273479815572500e-04,1.366582699120044708e-03,3.104433417320251465e-04,3.962549865245819092e-01
7.516208291053771973e-01,9.333697147667407990e-03,1.643510069698095322e-03,3.142486326396465302e-03,4.251572769135236740e-03,2.300078570842742920e-01
5.218527317047119141e-01,2.981801889836788177e-02,6.191920489072799683e-03,5.961893592029809952e-03,2.103809081017971039e-02,4.151374399662017822e-01
3.207441568374633789e-01,2.735719271004199982e-02,6.081680301576852798e-03,7.620029151439666748e-03,2.067067474126815796e-02,6.175262331962585449e-01
2.856878340244293213e-01,1.293532736599445343e-02,4.294883925467729568e-03,7.833628915250301361e-03,1.371255423873662949e-02,6.755357980728149414e-01
2.470285594463348389e-01,7.209214381873607635e-03,6.985387881286442280e-04,7.013490423560142517e-03,1.388967735692858696e-03,7.366611957550048828e-01
4.750827252864837646e-01,3.275481518357992172e-03,2.973530208691954613e-04,3.506451146677136421e-03,5.075649823993444443e-04,5.173303484916687012e-01
7.142186760902404785e-01,5.940922419540584087e-04,6.035606202203780413e-05,8.014705381356179714e-04,7.811652903910726309e-05,2.842473685741424561e-01
7.559854388236999512e-01,3.526365035213530064e-04,2.430264976283069700e-05,4.190178879071027040e-04,2.240742651338223368e-05,2.431960403919219971e-01
7.176393866539001465e-01,2.918751270044595003e-04,1.621468072698917240e-05,3.680448862724006176e-04,1.692956175247672945e-05,2.816675305366516113e-01
7.158727645874023438e-01,1.927242265082895756e-04,1.268655614694580436e-05,4.290712240617722273e-04,1.694276579655706882e-05,2.834757566452026367e-01
5.385488867759704590e-01,1.742523600114509463e-04,1.674743725743610412e-05,4.136895004194229841e-04,3.981183544965460896e-05,4.608065485954284668e-01
5.990257263183593750e-01,4.092264280188828707e-04,5.976396278128959239e-05,9.768428280949592590e-04,1.960203517228364944e-04,3.993324041366577148e-01
5.717147588729858398e-01,6.626307149417698383e-04,1.543623802717775106e-04,1.545036211609840393e-03,7.920390926301479340e-04,4.251311421394348145e-01
3.495385944843292236e-01,4.359954909887164831e-04,1.050162100000306964e-04,1.037299050949513912e-03,4.812061379197984934e-04,6.484019160270690918e-01
2.234677970409393311e-01,4.671825154218822718e-04,1.379108725814148784e-04,8.685832144692540169e-04,1.069212448783218861e-03,7.739893198013305664e-01
3.173049986362457275e-01,8.165496983565390110e-04,2.611090894788503647e-04,1.942795817740261555e-03,1.333455787971615791e-03,6.783410906791687012e-01
4.314386546611785889e-01,1.499043311923742294e-03,3.094403946306556463e-04,3.889665240421891212e-03,6.412013317458331585e-04,5.622220039367675781e-01
5.166956186294555664e-01,3.424189519137144089e-03,3.766833106055855751e-04,4.166511353105306625e-03,7.039827178232371807e-04,4.746330082416534424e-01
5.910212993621826172e-01,2.756737871095538139e-03,5.380958318710327148e-04,4.685591440647840500e-03,1.865363446995615959e-03,3.991328179836273193e-01
6.464588642120361328e-01,4.549833014607429504e-03,6.922905449755489826e-04,3.902901196852326393e-03,1.165761263109743595e-03,3.432303965091705322e-01
6.293773651123046875e-01,2.226880006492137909e-02,2.058244543150067329e-03,1.079587358981370926e-02,2.268415410071611404e-03,3.332314193248748779e-01
5.190433263778686523e-01,1.237027160823345184e-02,2.090993570163846016e-03,8.650708943605422974e-03,1.879633287899196148e-03,4.559650421142578125e-01
4.683264195919036865e-01,7.767546456307172775e-03,1.257658703252673149e-03,8.059911429882049561e-03,1.566154998727142811e-03,5.130222439765930176e-01
5.457656383514404297e-01,3.786305431276559830e-03,6.611373391933739185e-04,3.988851327449083328e-03,1.136411097832024097e-03,4.446616768836975098e-01
6.664707064628601074e-01,7.457446772605180740e-04,1.944768009707331657e-04,1.248175278306007385e-03,7.668627076782286167e-04,3.305740654468536377e-01
6.534998416900634766e-01,3.826811735052615404e-04,1.574442576384171844e-04,1.114055514335632324e-03,8.385922992601990700e-04,3.440073728561401367e-01
5.324575901031494141e-01,1.212900271639227867e-03,1.748013455653563142e-04,2.412016037851572037e-03,4.989695735275745392e-04,4.632437825202941895e-01
4.154365360736846924e-01,6.184465601108968258e-04,6.474314432125538588e-05,1.031777355819940567e-03,1.354589912807568908e-04,5.827130675315856934e-01
4.585215151309967041e-01,2.645999193191528320e-03,1.585159188834950328e-04,1.916208886541426182e-03,2.876715443562716246e-04,5.364701151847839355e-01
5.993216633796691895e-01,1.054466585628688335e-03,1.253419177373871207e-04,1.341750496067106724e-03,3.308162267785519361e-04,3.978260457515716553e-01
6.691211462020874023e-01,1.106126466765999794e-03,2.209889062214642763e-04,1.220355741679668427e-03,1.041427720338106155e-03,3.272900283336639404e-01
6.999137401580810547e-01,3.057608846575021744e-03,3.996826999355107546e-04,2.850991906598210335e-03,1.591139938682317734e-03,2.921868860721588135e-01
6.791388392448425293e-01,2.609565854072570801e-03,4.190751933492720127e-04,2.332788193598389626e-03,1.760323531925678253e-03,3.137395083904266357e-01
7.253190875053405762e-01,1.392476959154009819e-03,1.724207832012325525e-04,1.229407615028321743e-03,6.159252370707690716e-04,2.712706923484802246e-01
6.119933724403381348e-01,1.392091624438762665e-03,1.052697552950121462e-04,1.507925335317850113e-03,1.994750346057116985e-04,3.848018944263458252e-01
6.042860746383666992e-01,1.534599112346768379e-03,1.943982642842456698e-04,2.102390630170702934e-03,5.305719096213579178e-04,3.913519680500030518e-01
4.690153598785400391e-01,4.055580589920282364e-03,5.135855753906071186e-04,2.636736026033759117e-03,4.661463201045989990e-03,5.191172957420349121e-01
2.391580194234848022e-01,7.798329461365938187e-03,7.436688174493610859e-04,4.386018961668014526e-03,5.725514609366655350e-03,7.421884536743164062e-01
3.373927772045135498e-01,6.358980201184749603e-03,7.305897306650876999e-04,3.157785627990961075e-03,5.425773095339536667e-03,6.469340920448303223e-01
5.365338325500488281e-01,3.965794108808040619e-03,5.194685072638094425e-04,1.995029160752892494e-03,3.741261316463351250e-03,4.532446563243865967e-01
6.331631541252136230e-01,2.055569784715771675e-03,2.736163442023098469e-04,1.992168836295604706e-03,5.748594412580132484e-04,3.619405329227447510e-01
5.456481575965881348e-01,1.459160121157765388e-03,1.809643144952133298e-04,1.267586951144039631e-03,6.481839227490127087e-04,4.507959187030792236e-01
5.774511694908142090e-01,2.308370778337121010e-03,3.519089950714260340e-04,2.233634004369378090e-03,1.546168583445250988e-03,4.161087274551391602e-01
6.746039986610412598e-01,4.344019573181867599e-03,6.059143925085663795e-04,4.210522864013910294e-03,1.233080634847283363e-03,3.150025904178619385e-01
6.564452648162841797e-01,2.752311760559678078e-03,6.453068926930427551e-04,3.772571915760636330e-03,1.820525038056075573e-03,3.345641195774078369e-01
4.930650591850280762e-01,1.065325224772095680e-03,1.960015069926157594e-04,2.303692279383540154e-03,4.137696814723312855e-04,5.029560923576354980e-01
6.283333301544189453e-01,3.394985571503639221e-03,3.497833677101880312e-04,6.478942930698394775e-03,3.464128531049937010e-04,3.610965311527252197e-01
3.801478147506713867e-01,3.673614002764225006e-03,2.404081606073305011e-04,5.546050146222114563e-03,3.149515250697731972e-04,6.100772023200988770e-01
3.462453782558441162e-01,3.022165969014167786e-03,1.569111482240259647e-04,4.533519037067890167e-03,1.708209310891106725e-04,6.458712220191955566e-01
2.604286074638366699e-01,1.641221810132265091e-03,2.334198507014662027e-04,4.121146630495786667e-03,7.567384745925664902e-04,7.328188419342041016e-01
4.195917546749114990e-01,1.121930428780615330e-03,2.126426115864887834e-04,3.736454527825117111e-03,7.617417140863835812e-04,5.745754837989807129e-01
2.716929614543914795e-01,3.945085627492517233e-04,8.866954158293083310e-05,1.123746391385793686e-03,4.462306969799101353e-04,7.262538075447082520e-01
2.448583543300628662e-01,2.521788410376757383e-04,5.309610423864796758e-05,9.193953010253608227e-04,2.946990134660154581e-04,7.536223530769348145e-01
4.366616904735565186e-01,4.121340753044933081e-04,4.018969048047438264e-05,5.724120419472455978e-04,1.001490090857259929e-04,5.622133612632751465e-01
4.305482208728790283e-01,5.347005208022892475e-04,5.686643635272048414e-05,8.007900905795395374e-04,1.342508621746674180e-04,5.679251551628112793e-01
6.538761854171752930e-01,1.591939711943268776e-03,3.340843250043690205e-04,1.463482156395912170e-03,1.064180047251284122e-03,3.416700959205627441e-01
7.175706624984741211e-01,1.625904696993529797e-03,5.508926697075366974e-04,2.856878796592354774e-03,1.748075592331588268e-03,2.756475210189819336e-01
7.417290806770324707e-01,3.537516575306653976e-03,7.967473356984555721e-04,5.603602621704339981e-03,1.706144306808710098e-03,2.466268539428710938e-01
5.049408674240112305e-01,3.876993199810385704e-03,5.503071006387472153e-04,4.397911950945854187e-03,1.101559726521372795e-03,4.851323664188385010e-01
5.585539340972900391e-01,6.177656818181276321e-03,6.328946328721940517e-04,6.580758374184370041e-03,8.338710758835077286e-04,4.272208213806152344e-01
6.204558610916137695e-01,2.598527120426297188e-03,2.262815978610888124e-04,1.806618878617882729e-03,3.892692038789391518e-04,3.745234310626983643e-01
5.960580110549926758e-01,4.583541303873062134e-03,3.629616112448275089e-04,3.562632715329527855e-03,4.571388417389243841e-04,3.949756622314453125e-01
7.443236112594604492e-01,2.468577818945050240e-03,3.412517835386097431e-04,1.714623766019940376e-03,7.060099742375314236e-04,2.504459619522094727e-01
7.774340510368347168e-01,2.267564181238412857e-03,3.149627300444990396e-04,1.555135706439614296e-03,4.522391245700418949e-04,2.179761528968811035e-01
7.411115765571594238e-01,4.794961307197809219e-03,6.556307198479771614e-04,2.888672286644577980e-03,6.733012269251048565e-04,2.498757839202880859e-01
7.516781091690063477e-01,4.406142979860305786e-03,6.674430333077907562e-04,2.289650263264775276e-03,6.048529176041483879e-04,2.403537631034851074e-01
5.635154843330383301e-01,4.261945374310016632e-03,2.975401002913713455e-04,2.553147962316870689e-03,2.500127884559333324e-04,4.291218817234039307e-01
5.238980650901794434e-01,2.102513331919908524e-03,1.472371804993599653e-04,2.270743716508150101e-03,1.335780689259991050e-04,4.714477956295013428e-01
3.720622360706329346e-01,1.597503083758056164e-03,6.969553214730694890e-05,1.293699955567717552e-03,6.679358921246603131e-05,6.249100565910339355e-01
4.531092643737792969e-01,1.511645969003438950e-03,5.790029536001384258e-05,1.129460288211703300e-03,4.772123429575003684e-05,5.441440343856811523e-01
5.670971274375915527e-01,2.258783206343650818e-03,1.817358570406213403e-04,2.064204541966319084e-03,2.912943309638649225e-04,4.281068742275238037e-01
5.120128989219665527e-01,2.735626418143510818e-03,2.398004580754786730e-04,2.308228984475135803e-03,3.696138155646622181e-04,4.823338389396667480e-01
5.587244033813476562e-01,4.168701358139514923e-03,5.636939895339310169e-04,3.244797466322779655e-03,1.594126923009753227e-03,4.317042827606201172e-01
4.762892425060272217e-01,6.642808206379413605e-03,1.071965554729104042e-03,3.989822231233119965e-03,4.114991519600152969e-03,5.078911781311035156e-01
5.820956230163574219e-01,2.925528911873698235e-03,5.190237425267696381e-04,2.398737706243991852e-03,1.678969594649970531e-03,4.103820621967315674e-01
5.288939476013183594e-01,2.010331489145755768e-03,1.565174461575224996e-04,1.228008884936571121e-03,4.006324452348053455e-04,4.673105776309967041e-01
6.886511445045471191e-01,2.512017963454127312e-03,1.558380172355100513e-04,1.365468022413551807e-03,2.451112959533929825e-04,3.070704936981201172e-01
5.650349259376525879e-01,1.133472891524434090e-03,5.858032818650826812e-05,9.394472581334412098e-04,7.573775656055659056e-05,4.327577948570251465e-01
4.943563640117645264e-01,1.620396389625966549e-03,1.045990429702214897e-04,1.567111350595951080e-03,2.155053516617044806e-04,5.021360516548156738e-01
3.662510812282562256e-01,1.553043606691062450e-03,1.309160143136978149e-04,1.265604631043970585e-03,4.743017198052257299e-04,6.303250789642333984e-01
2.247878909111022949e-01,1.556862844154238701e-03,2.072591887554153800e-04,1.383249298669397831e-03,5.674859858117997646e-04,7.714973092079162598e-01
3.777910470962524414e-01,1.038980088196694851e-03,1.408037060173228383e-04,1.515332958661019802e-03,2.689231769181787968e-04,6.192448735237121582e-01
5.881096720695495605e-01,2.239221939817070961e-03,2.197490975959226489e-04,1.722498564049601555e-03,2.509849146008491516e-04,4.074578285217285156e-01
5.611332654953002930e-01,1.800489262677729130e-03,2.841736713889986277e-04,1.383148250170052052e-03,5.510185146704316139e-04,4.348479509353637695e-01
6.364237070083618164e-01,7.281503640115261078e-04,1.502853847341611981e-04,8.099634433165192604e-04,2.981819561682641506e-04,3.615897297859191895e-01
7.849581837654113770e-01,7.898413459770381451e-04,2.516430977266281843e-04,6.859731511212885380e-04,1.082421164028346539e-03,2.122318446636199951e-01
7.392508983612060547e-01,1.242185709998011589e-03,2.862865221686661243e-04,1.174191129393875599e-03,9.331500041298568249e-04,2.571132779121398926e-01
8.249218463897705078e-01,2.171093365177512169e-03,5.812823656015098095e-04,1.685721916146576405e-03,1.608768710866570473e-03,1.690312027931213379e-01
7.070185542106628418e-01,2.668038476258516312e-03,5.471518379636108875e-04,1.822630991227924824e-03,1.497879042290151119e-03,2.864457666873931885e-01
7.899314165115356445e-01,4.679759964346885681e-03,7.965441327542066574e-04,3.184725996106863022e-03,8.458807133138179779e-04,2.005616724491119385e-01
8.282809853553771973e-01,2.803444163873791695e-03,3.456620324868708849e-04,1.923143048770725727e-03,3.998345637228339911e-04,1.662468612194061279e-01
8.376457095146179199e-01,1.500110374763607979e-03,9.616393799660727382e-05,9.783534333109855652e-04,8.529879414709284902e-05,1.596943438053131104e-01
8.406388163566589355e-01,6.719196098856627941e-04,7.029253902146592736e-05,6.740188691765069962e-04,9.319569653598591685e-05,1.578517407178878784e-01
8.146947026252746582e-01,9.476850391365587711e-04,1.177235244540497661e-04,8.483829442411661148e-04,5.455152713693678379e-04,1.828460842370986938e-01
7.012698054313659668e-01,1.162359141744673252e-03,2.738396287895739079e-04,1.069563091732561588e-03,2.314754296094179153e-03,2.939096987247467041e-01
5.554057955741882324e-01,2.627359470352530479e-03,9.423002484254539013e-04,1.809504581615328789e-03,1.447632908821105957e-02,4.247387647628784180e-01
4.427410066127777100e-01,2.744292141869664192e-03,9.912350215017795563e-04,2.013807650655508041e-03,1.221756450831890106e-02,5.392920374870300293e-01
4.588220119476318359e-01,1.820462523028254509e-03,4.453271394595503807e-04,2.154185203835368156e-03,1.588405808433890343e-03,5.351696014404296875e-01
5.536865592002868652e-01,1.038762857206165791e-03,2.622982137836515903e-04,2.062653191387653351e-03,6.897890125401318073e-04,4.422599375247955322e-01
4.467237293720245361e-01,7.847810047678649426e-04,2.041482803178951144e-04,1.425931695848703384e-03,4.782654286827892065e-04,5.503830909729003906e-01
4.384124875068664551e-01,7.617367664352059364e-04,2.132296067429706454e-04,1.179898274131119251e-03,6.415665266104042530e-04,5.587911009788513184e-01
5.402159690856933594e-01,1.903856289573013783e-03,5.420822999440133572e-04,1.809115405194461346e-03,2.213907428085803986e-03,4.533150494098663330e-01
4.980169832706451416e-01,1.262057921849191189e-03,2.290356933372095227e-04,1.616412773728370667e-03,8.010978344827890396e-04,4.980744719505310059e-01
5.039804577827453613e-01,6.873895181342959404e-04,1.693038793746381998e-04,1.493822783231735229e-03,5.945474840700626373e-04,4.930744767189025879e-01
5.838810205459594727e-01,1.309662940911948681e-03,2.802428207360208035e-04,3.010343760251998901e-03,7.982003735378384590e-04,4.107205271720886230e-01
4.890057146549224854e-01,1.787266694009304047e-03,2.657725708559155464e-04,2.806403441354632378e-03,1.033470616675913334e-03,5.051013231277465820e-01
3.389942944049835205e-01,3.871769411489367485e-03,4.099500656593590975e-04,3.253205213695764542e-03,1.947386306710541248e-03,6.515234112739562988e-01
2.993863523006439209e-01,8.498325012624263763e-03,9.460365981794893742e-04,4.692166578024625778e-03,5.728764459490776062e-03,6.807483434677124023e-01
2.534844577312469482e-01,1.633506640791893005e-02,1.569559215568006039e-03,3.503177082166075706e-03,1.149071566760540009e-02,7.136170268058776855e-01
3.347760438919067383e-01,1.618665084242820740e-02,2.123246202245354652e-03,5.833464208990335464e-03,1.527880504727363586e-02,6.258018016815185547e-01
4.879977703094482422e-01,1.212438661605119705e-02,1.338257105089724064e-03,4.197266884148120880e-03,5.266289692372083664e-03,4.890759885311126709e-01
5.329821109771728516e-01,1.396418083459138870e-02,2.013235120102763176e-03,4.823475144803524017e-03,1.369546353816986084e-02,4.325215518474578857e-01
7.182305455207824707e-01,3.928054589778184891e-03,3.343959106132388115e-04,2.063114428892731667e-03,7.223702850751578808e-04,2.747214734554290771e-01
7.836531400680541992e-01,2.604539040476083755e-03,2.288059913553297520e-04,2.047527814283967018e-03,3.722655237652361393e-04,2.110937088727951050e-01
7.981415987014770508e-01,1.276766415685415268e-03,1.918557099997997284e-04,2.495167776942253113e-03,2.470894833095371723e-04,1.976475119590759277e-01
7.446386218070983887e-01,1.013964647427201271e-03,1.361629547318443656e-04,2.253855345770716667e-03,1.341195893473923206e-04,2.518232762813568115e-01
5.528912544250488281e-01,6.102099432609975338e-04,1.712562225293368101e-04,2.174271037802100182e-03,2.809778088703751564e-04,4.438720345497131348e-01
4.702697694301605225e-01,2.491143241059035063e-04,4.174920104560442269e-05,1.838693162426352501e-03,5.059170143795199692e-05,5.275501012802124023e-01
3.598164916038513184e-01,4.733937967102974653e-04,8.326816896442323923e-05,1.866257516667246819e-03,1.366715150652453303e-04,6.376239657402038574e-01
2.359065115451812744e-01,3.006894839927554131e-04,5.393209721660241485e-05,1.058272551745176315e-03,1.318901049671694636e-04,7.625487446784973145e-01
1.371474564075469971e-01,1.926360855577513576e-04,4.814473868464119732e-05,7.042663637548685074e-04,1.357454457320272923e-04,8.617717623710632324e-01
1.749238967895507812e-01,4.835284198634326458e-04,1.683571026660501957e-04,1.339663867838680744e-03,5.325956735759973526e-04,8.225519657135009766e-01
2.262856662273406982e-01,1.059542526490986347e-03,4.597211664076894522e-04,3.169279079884290695e-03,1.650060294196009636e-03,7.673757076263427734e-01
2.144385725259780884e-01,1.189882517792284489e-03,4.435948794707655907e-04,5.127926822751760483e-03,9.208458941429853439e-04,7.778791189193725586e-01
4.977154731750488281e-01,2.026300877332687378e-03,7.947081467136740685e-04,8.404665626585483551e-03,1.519810524769127369e-03,4.895390272140502930e-01
5.561930537223815918e-01,1.777036814019083977e-03,5.544096347875893116e-04,3.789546201005578041e-03,8.671404793858528137e-04,4.368187189102172852e-01
6.848500370979309082e-01,3.503229701891541481e-03,8.275167201645672321e-04,3.316161688417196274e-03,1.460368279367685318e-03,3.060427606105804443e-01
8.479773402214050293e-01,1.579592004418373108e-02,3.113568760454654694e-03,4.952272865921258926e-03,3.208517329767346382e-03,1.249524131417274475e-01
8.750392794609069824e-01,4.833603277802467346e-02,6.353375967592000961e-03,7.039346266537904739e-03,4.448955412954092026e-03,5.878298729658126831e-02
7.703487277030944824e-01,1.716299653053283691e-01,1.388837769627571106e-02,2.022484131157398224e-02,4.776332061737775803e-03,1.913167536258697510e-02
8.908033370971679688e-01,6.084101274609565735e-02,2.432807814329862595e-03,1.098321098834276199e-02,6.648596026934683323e-04,3.427461162209510803e-02
9.227838516235351562e-01,1.447038166224956512e-02,5.948274047113955021e-04,4.468292929232120514e-03,3.267161082476377487e-04,5.735600739717483521e-02
8.258922100067138672e-01,3.913303837180137634e-03,2.275948645547032356e-04,1.676056068390607834e-03,2.797056222334504128e-04,1.680110245943069458e-01
8.586997985839843750e-01,7.496311445720493793e-04,6.294836930464953184e-05,6.017208797857165337e-04,1.114083788706921041e-04,1.397745758295059204e-01
6.625208258628845215e-01,1.258233678527176380e-03,7.565668784081935883e-05,6.510347011499106884e-04,1.444161171093583107e-04,3.353498578071594238e-01
6.386452913284301758e-01,7.811115356162190437e-04,5.633412365568801761e-05,7.460938650183379650e-04,1.049799611791968346e-04,3.596661388874053955e-01
4.362860620021820068e-01,9.163717622868716717e-04,6.634101737290620804e-05,1.022116513922810555e-03,1.039977796608582139e-04,5.616052150726318359e-01
2.651192545890808105e-01,1.163034117780625820e-03,7.923511293483898044e-05,1.018532435409724712e-03,2.089790068566799164e-04,7.324110269546508789e-01
1.437543034553527832e-01,1.266426173970103264e-03,1.658104010857641697e-04,1.245604245923459530e-03,9.551490657031536102e-04,8.526126742362976074e-01
2.208725363016128540e-01,7.877661846578121185e-03,7.620668620802462101e-04,4.008368123322725296e-03,4.020232241600751877e-03,7.624591588973999023e-01
2.041774839162826538e-01,6.017346866428852081e-03,8.585998439230024815e-04,4.952205810695886612e-03,4.360671155154705048e-03,7.796336412429809570e-01
3.185877799987792969e-01,5.741225089877843857e-03,8.644047193229198456e-04,3.882855409756302834e-03,4.182606469839811325e-03,6.667411923408508301e-01
3.656380474567413330e-01,4.619163926690816879e-03,7.146165589801967144e-04,4.316346719861030579e-03,1.389237935654819012e-03,6.233226060867309570e-01
4.818941354751586914e-01,6.161279045045375824e-03,7.257821853272616863e-04,6.426797714084386826e-03,8.752818685024976730e-04,5.039167404174804688e-01
4.392269253730773926e-01,6.541037932038307190e-03,8.485163561999797821e-04,4.780256655067205429e-03,1.683122245594859123e-03,5.469201803207397461e-01
4.714198410511016846e-01,8.596948347985744476e-03,1.047725672833621502e-03,8.134217001497745514e-03,1.916639273986220360e-03,5.088845491409301758e-01
5.913476943969726562e-01,7.465175818651914597e-03,1.024381141178309917e-03,7.826616056263446808e-03,2.591144526377320290e-03,3.897450268268585205e-01
3.878751397132873535e-01,2.539384411647915840e-03,3.867218038067221642e-04,4.677681252360343933e-03,1.090773497708141804e-03,6.034302711486816406e-01
4.908188581466674805e-01,1.526289735920727253e-03,2.054778015008196235e-04,2.257676329463720322e-03,3.763565036933869123e-04,5.048153996467590332e-01
4.444108009338378906e-01,1.289053587242960930e-03,1.925532269524410367e-04,1.516159740276634693e-03,6.782872369512915611e-04,5.519132018089294434e-01
3.892188966274261475e-01,3.111810190603137016e-03,3.496685530990362167e-04,1.729056937620043755e-03,1.163797569461166859e-03,6.044267416000366211e-01
3.954677879810333252e-01,6.475043948739767075e-03,5.688656237907707691e-04,2.897024387493729591e-03,2.259890548884868622e-03,5.923314094543457031e-01
5.090654492378234863e-01,8.139940910041332245e-03,7.153719780035316944e-04,3.821305464953184128e-03,1.698930631391704082e-03,4.765589237213134766e-01
4.232587814331054688e-01,4.497170913964509964e-03,2.594151592347770929e-04,2.795443870127201080e-03,5.223515327088534832e-04,5.686668157577514648e-01
4.877881705760955811e-01,1.550724147818982601e-03,5.452617551782168448e-05,1.237938413396477699e-03,6.232104351511225104e-05,5.093063712120056152e-01
6.515921950340270996e-01,1.100090448744595051e-03,6.316272629192098975e-05,1.079750363714993000e-03,8.918838284444063902e-05,3.460756540298461914e-01
7.610110044479370117e-01,8.885341812856495380e-04,5.675235297530889511e-05,1.182926585897803307e-03,6.264587136683985591e-05,2.367981523275375366e-01
7.187157869338989258e-01,1.139715081080794334e-03,8.911440818337723613e-05,2.241909038275480270e-03,1.358767622150480747e-04,2.776775956153869629e-01
7.281970977783203125e-01,1.358352252282202244e-03,1.227325847139582038e-04,3.728631418198347092e-03,1.348759979009628296e-04,2.664582431316375732e-01
6.255778074264526367e-01,8.272038539871573448e-04,4.320812877267599106e-05,2.647760557010769844e-03,6.601068889722228050e-05,3.708381056785583496e-01
4.249421656131744385e-01,4.522417730186134577e-04,1.996362334466539323e-05,1.226074993610382080e-03,2.650689566507935524e-05,5.733330845832824707e-01
3.897994160652160645e-01,4.175688081886619329e-04,1.364099807688035071e-05,8.805891848169267178e-04,2.478763781255111098e-05,6.088638901710510254e-01
1.657213121652603149e-01,2.773381711449474096e-04,1.271647488465532660e-05,6.239002686925232410e-04,2.473857239237986505e-05,8.333399891853332520e-01
1.285368055105209351e-01,1.502488739788532257e-04,7.995109626790508628e-06,3.472503158263862133e-04,1.769894151948392391e-05,8.709399700164794922e-01
9.321236610412597656e-02,8.770648128120228648e-05,2.911326873800135218e-06,2.045754517894238234e-04,5.851307378179626539e-06,9.064866304397583008e-01
1.828186511993408203e-01,1.327927311649546027e-04,2.136689545295666903e-06,1.798720622900873423e-04,3.075764880122733302e-06,8.168634772300720215e-01
3.372476696968078613e-01,1.020712370518594980e-04,2.948032943095313385e-06,2.024169953074306250e-04,4.386457021610112861e-06,6.624405384063720703e-01
2.166419476270675659e-01,8.268302190117537975e-05,3.934202140953857452e-06,1.703718444332480431e-04,1.098705797630827874e-05,7.830900549888610840e-01
3.344582617282867432e-01,4.297130217310041189e-04,2.406083876849152148e-05,6.898398860357701778e-04,4.937801713822409511e-05,6.643487215042114258e-01
3.177751302719116211e-01,7.985421107150614262e-04,8.266691293101757765e-05,1.225160551257431507e-03,2.848858130164444447e-04,6.798335909843444824e-01
2.723454535007476807e-01,1.868357416242361069e-03,1.196262019220739603e-04,2.431190572679042816e-03,3.428387572057545185e-04,7.228925824165344238e-01
4.048731327056884766e-01,1.563413534313440323e-03,5.900733231101185083e-05,1.267776940949261189e-03,1.394974970025941730e-04,5.920971035957336426e-01
3.881447017192840576e-01,2.846591873094439507e-03,7.668906619073823094e-05,1.801359816454350948e-03,1.206571178045123816e-04,6.070100665092468262e-01
3.183992803096771240e-01,5.080468254163861275e-04,2.479454815329518169e-05,6.225147517397999763e-04,4.010502743767574430e-05,6.804051995277404785e-01
4.600627720355987549e-01,2.107594482367858291e-04,1.592288390384055674e-05,4.329973016865551472e-04,2.220737951574847102e-05,5.392553806304931641e-01
5.508207082748413086e-01,6.213648593984544277e-04,8.123043517116457224e-05,9.192368597723543644e-04,1.034898668876849115e-04,4.474539756774902344e-01
6.419726610183715820e-01,5.047764861956238747e-04,7.491896394640207291e-05,1.110234064981341362e-03,7.286034815479069948e-05,3.562645912170410156e-01
4.563077986240386963e-01,2.694515977054834366e-03,1.203920837724581361e-04,1.961602829396724701e-03,1.232681388501077890e-04,5.387924909591674805e-01
4.184356331825256348e-01,1.478508464060723782e-03,8.799522765912115574e-05,1.402359805069863796e-03,9.466474875807762146e-05,5.785008072853088379e-01
5.013120174407958984e-01,1.462285872548818588e-03,7.196463411673903465e-05,1.302302931435406208e-03,9.559046884533017874e-05,4.957558512687683105e-01
6.412336826324462891e-01,1.403795788064599037e-03,8.142933802446350455e-05,1.597675029188394547e-03,1.279130810871720314e-04,3.555555939674377441e-01
7.970070838928222656e-01,5.068220780231058598e-04,7.637831004103645682e-05,1.133238431066274643e-03,1.234640367329120636e-04,2.011531740427017212e-01
9.495596289634704590e-01,5.104473093524575233e-04,6.936804129509255290e-05,1.180823310278356075e-03,7.564270345028489828e-05,4.860415309667587280e-02
9.414001703262329102e-01,4.457446339074522257e-04,4.549114601104520261e-05,1.053754589520394802e-03,4.521265509538352489e-05,5.700958520174026489e-02
8.672769665718078613e-01,1.450701034627854824e-03,1.081418595276772976e-04,2.023102482780814171e-03,1.894937304314225912e-04,1.289515942335128784e-01
7.445497512817382812e-01,1.652048714458942413e-02,5.700600449927151203e-04,7.210452109575271606e-03,1.319529954344034195e-03,2.298296988010406494e-01
5.333366990089416504e-01,2.541584707796573639e-02,1.060214941389858723e-03,1.436517573893070221e-02,3.607256803661584854e-03,4.222147762775421143e-01
2.300829589366912842e-01,3.777319937944412231e-02,2.889792900532484055e-03,1.744230464100837708e-02,2.408208511769771576e-02,6.877295970916748047e-01
2.115604281425476074e-01,1.582900062203407288e-02,1.666491152718663216e-03,1.135691441595554352e-02,9.585618972778320312e-03,7.500015497207641602e-01
2.293091565370559692e-01,6.359222345054149628e-03,7.189115276560187340e-04,5.133599974215030670e-03,2.216623863205313683e-03,7.562624812126159668e-01
2.521942257881164551e-01,2.838667714968323708e-03,7.872644346207380295e-04,2.972017275169491768e-03,2.286732662469148636e-03,7.389211058616638184e-01
3.109001815319061279e-01,4.641869105398654938e-03,1.402616966515779495e-03,6.144356913864612579e-03,4.032325465232133865e-03,6.728787422180175781e-01
5.342055559158325195e-01,3.485315013676881790e-03,1.314406166784465313e-03,3.803646890446543694e-03,2.569056348875164986e-03,4.546219706535339355e-01
5.791999697685241699e-01,2.605139743536710739e-03,7.233218639157712460e-04,4.472365137189626694e-03,9.586826781742274761e-04,4.120405316352844238e-01
6.000785827636718750e-01,2.399812918156385422e-03,8.190841181203722954e-04,4.847806412726640701e-03,1.030251150950789452e-03,3.908244967460632324e-01
5.641158223152160645e-01,2.576518338173627853e-03,4.830867983400821686e-04,3.176892176270484924e-03,5.341845098882913589e-04,4.291133284568786621e-01
6.897910833358764648e-01,2.851266413927078247e-03,4.103660758119076490e-04,2.594427205622196198e-03,3.305482096038758755e-04,3.040223717689514160e-01
5.958119034767150879e-01,2.379317535087466240e-03,1.617676462046802044e-04,2.296602586284279823e-03,1.594727509655058384e-04,3.991909027099609375e-01
6.007056236267089844e-01,1.787371351383626461e-03,1.459527265978977084e-04,1.830035122111439705e-03,2.754722954705357552e-04,3.952554762363433838e-01
5.852876901626586914e-01,9.637887706048786640e-04,5.657237124978564680e-05,1.382858492434024811e-03,1.216833625221624970e-04,4.121873676776885986e-01
4.213601052761077881e-01,4.389456589706242085e-04,4.041799911647103727e-05,1.110963639803230762e-03,1.485685352236032486e-04,5.769009590148925781e-01
5.755769610404968262e-01,7.739496650174260139e-04,1.337514986516907811e-04,1.978054177016019821e-03,3.765605506487190723e-04,4.211607575416564941e-01
6.544867157936096191e-01,7.593652117066085339e-04,1.969076984096318483e-04,1.091976300813257694e-03,5.917241796851158142e-04,3.428732752799987793e-01
5.717755556106567383e-01,8.739017648622393608e-04,2.625833731144666672e-04,1.344485790468752384e-03,5.633303662762045860e-04,4.251802265644073486e-01
7.535013556480407715e-01,1.477942685596644878e-03,3.590092528611421585e-04,1.920524169690907001e-03,5.197518039494752884e-04,2.422213405370712280e-01
7.242236137390136719e-01,1.109733479097485542e-03,2.416492498014122248e-04,1.961826346814632416e-03,3.454521938692778349e-04,2.721177339553833008e-01
4.733346402645111084e-01,9.059744770638644695e-04,1.221909478772431612e-04,2.206769771873950958e-03,1.440684136468917131e-04,5.232862830162048340e-01
5.374540686607360840e-01,2.243831841042265296e-04,3.068313526455312967e-05,8.156155818141996861e-04,4.158393494435586035e-05,4.614337086677551270e-01
4.689771533012390137e-01,1.693552039796486497e-04,2.061768100247718394e-05,8.169653592631220818e-04,3.076599386986345053e-05,5.299851298332214355e-01
5.053551793098449707e-01,1.737044804031029344e-04,2.132446024916134775e-05,4.763960023410618305e-04,3.049802398891188204e-05,4.939429461956024170e-01
6.882439851760864258e-01,3.368642646819353104e-04,8.090276242000982165e-05,5.076687084510922432e-04,1.512394082965329289e-04,3.106793463230133057e-01
7.621078491210937500e-01,1.968555618077516556e-03,4.749841755256056786e-04,1.578285358846187592e-03,1.887249643914401531e-03,2.319831550121307373e-01
6.871834397315979004e-01,7.493479643017053604e-03,1.089423312805593014e-03,2.273484831675887108e-03,7.176188286393880844e-03,2.947838902473449707e-01
6.938957571983337402e-01,1.109861023724079132e-02,2.038713311776518822e-03,3.344304393976926804e-03,1.772466488182544708e-02,2.718979120254516602e-01
7.421098351478576660e-01,1.710371300578117371e-02,3.677935805171728134e-03,5.074992310255765915e-03,3.023171797394752502e-02,2.018018662929534912e-01
6.395874619483947754e-01,9.978387504816055298e-03,1.274315407499670982e-03,4.077878780663013458e-03,6.603909656405448914e-03,3.384780883789062500e-01
6.736716032028198242e-01,5.344306584447622299e-03,5.288497777655720711e-04,3.819789970293641090e-03,9.356428636237978935e-04,3.156998157501220703e-01
3.983483016490936279e-01,8.496653288602828979e-03,3.879782743752002716e-04,5.228838883340358734e-03,6.518117734231054783e-04,5.868864059448242188e-01
3.172764182090759277e-01,7.230194285511970520e-03,2.732328721322119236e-04,5.459089297801256180e-03,3.762642736546695232e-04,6.693848967552185059e-01
3.074374496936798096e-01,1.966523006558418274e-03,1.369593519484624267e-04,1.801153761334717274e-03,4.011708369944244623e-04,6.882567405700683594e-01
3.549560606479644775e-01,2.701682737097144127e-03,1.918470225064083934e-04,2.497494919225573540e-03,5.112004000693559647e-04,6.391416788101196289e-01
3.950448930263519287e-01,3.459691768512129784e-03,2.442812256049364805e-04,3.105126088485121727e-03,7.560416706837713718e-04,5.973899364471435547e-01
3.927202224731445312e-01,7.399509777314960957e-04,1.383129711030051112e-04,1.385298091918230057e-03,4.775551205966621637e-04,6.045386791229248047e-01
4.332457780838012695e-01,2.075416967272758484e-03,6.109668174758553505e-04,2.366637345403432846e-03,7.685285527259111404e-03,5.540159344673156738e-01
3.056511282920837402e-01,2.311611780896782875e-03,6.156495655886828899e-04,2.211094368249177933e-03,5.288819782435894012e-03,6.839217543601989746e-01
2.524279356002807617e-01,2.787733916193246841e-03,6.659651990048587322e-04,3.291015047580003738e-03,4.346970468759536743e-03,7.364803552627563477e-01
4.477963745594024658e-01,3.150603501126170158e-03,8.193464018404483795e-04,2.328586997464299202e-03,4.223337396979331970e-03,5.416817665100097656e-01
4.245855808258056641e-01,3.619358874857425690e-03,6.875394028611481190e-04,2.496395492926239967e-03,1.600840827450156212e-03,5.670102238655090332e-01
3.850371837615966797e-01,1.627466292120516300e-03,2.572524535935372114e-04,1.364539959467947483e-03,5.594986723735928535e-04,6.111540794372558594e-01
4.911482334136962891e-01,1.719558960758149624e-03,3.789063193835318089e-04,1.478111138567328453e-03,9.322609985247254372e-04,5.043429136276245117e-01
3.664805889129638672e-01,2.116684336215257645e-03,4.503510135691612959e-04,1.551794121041893959e-03,1.539750373922288418e-03,6.278608441352844238e-01
2.848492264747619629e-01,2.705936320126056671e-03,5.451159086078405380e-04,3.254514420405030251e-03,1.437490922398865223e-03,7.072077393531799316e-01
1.942955106496810913e-01,1.133433892391622066e-03,1.918663911055773497e-04,1.684282324276864529e-03,4.321442393120378256e-04,8.022627830505371094e-01
3.188575804233551025e-01,5.096694803796708584e-04,4.217066089040599763e-05,8.535980596207082272e-04,5.571700239670462906e-05,6.796812415122985840e-01
1.965789943933486938e-01,5.910672480240464211e-04,7.439403270836919546e-05,1.100440276786684990e-03,1.475463795941323042e-04,8.015075922012329102e-01
3.802011907100677490e-01,5.438842927105724812e-04,6.432645022869110107e-05,7.762266905046999454e-04,1.332188694505020976e-04,6.182811856269836426e-01
5.800017118453979492e-01,2.106007654219865799e-03,9.881772712105885148e-05,1.577441114932298660e-03,1.308058854192495346e-04,4.160852432250976562e-01
5.971932411193847656e-01,1.756569603458046913e-03,7.690243364777415991e-05,1.356804277747869492e-03,1.064261741703376174e-04,3.995100557804107666e-01
7.989439368247985840e-01,1.068314653821289539e-03,7.208239549072459340e-05,1.200552098453044891e-03,7.575206836918368936e-05,1.986393928527832031e-01
5.823528766632080078e-01,4.644063883461058140e-04,1.801170401449780911e-05,7.145531126298010349e-04,2.012657205341383815e-05,4.164300262928009033e-01
5.652925372123718262e-01,5.173421814106404781e-04,2.293137367814779282e-05,7.198658422566950321e-04,2.893720375141128898e-05,4.334184229373931885e-01
6.449330449104309082e-01,4.976085620000958443e-04,3.650859434856101871e-05,9.763491107150912285e-04,3.752129123313352466e-05,3.535190522670745850e-01
3.887456655502319336e-01,4.157199291512370110e-04,4.030646596220321953e-05,8.317789761349558830e-04,6.416333781089633703e-05,6.099023818969726562e-01
3.648092746734619141e-01,8.905251743271946907e-04,1.410256809322163463e-04,1.250386936590075493e-03,4.139074007980525494e-04,6.324949264526367188e-01
1.843261271715164185e-01,5.920181865803897381e-04,9.262532694265246391e-05,6.259100628085434437e-04,3.292288165539503098e-04,8.140340447425842285e-01
1.757324039936065674e-01,9.450560901314020157e-04,1.070848447852768004e-04,6.926298374310135841e-04,3.698835789691656828e-04,8.221529126167297363e-01
2.061876952648162842e-01,2.099301200360059738e-03,1.423325593350455165e-04,1.748213660903275013e-03,2.592336677480489016e-04,7.895632386207580566e-01
4.454775452613830566e-01,3.395447041839361191e-03,1.983442343771457672e-04,5.425065290182828903e-03,1.813956623664125800e-04,5.453221797943115234e-01
3.859599828720092773e-01,2.864801324903964996e-03,6.611907883780077100e-05,8.071924559772014618e-03,3.689153891173191369e-05,6.030002832412719727e-01
4.300115108489990234e-01,2.881323918700218201e-03,7.943029049783945084e-05,8.053826168179512024e-03,4.371164322947151959e-05,5.589301586151123047e-01
3.762697279453277588e-01,4.993102047592401505e-03,9.175669401884078979e-05,1.419524103403091431e-02,4.413956412463448942e-05,6.044059991836547852e-01
2.325773835182189941e-01,4.036549478769302368e-03,9.214854071615263820e-05,1.082433760166168213e-02,5.363619129639118910e-05,7.524159550666809082e-01
2.630430161952972412e-01,3.076791996136307716e-03,1.326301717199385166e-04,4.931351169943809509e-03,1.799557066988199949e-04,7.286362051963806152e-01
1.977640837430953979e-01,4.252501297742128372e-03,2.208727528341114521e-04,3.187196096405386925e-03,4.813686246052384377e-04,7.940939664840698242e-01
2.391002774238586426e-01,2.489264123141765594e-03,2.607465139590203762e-04,3.377372631803154945e-03,6.583870854228734970e-04,7.541139125823974609e-01
2.794668972492218018e-01,1.905019045807421207e-03,2.569663629401475191e-04,2.065564738586544991e-03,5.829099682159721851e-04,7.157225608825683594e-01
2.599066197872161865e-01,3.914478700608015060e-03,3.064644697587937117e-04,3.235701704397797585e-03,7.143471739254891872e-04,7.319223880767822266e-01
3.297913968563079834e-01,9.837865829467773438e-03,1.051675993949174881e-03,8.526753634214401245e-03,3.458684310317039490e-03,6.473336815834045410e-01
3.350007832050323486e-01,5.965708754956722260e-03,6.880896398797631264e-04,5.584076978266239166e-03,1.955823041498661041e-03,6.508055329322814941e-01
4.379926323890686035e-01,1.094647496938705444e-02,8.864868432283401489e-04,7.410860154777765274e-03,2.048888942226767540e-03,5.407146215438842773e-01
6.134108304977416992e-01,9.073931723833084106e-03,9.397015674039721489e-04,5.709367338567972183e-03,2.548488788306713104e-03,3.683176636695861816e-01
4.849150776863098145e-01,3.289521671831607819e-03,2.597065176814794540e-04,2.294044010341167450e-03,4.953488823957741261e-04,5.087463259696960449e-01
4.258769750595092773e-01,2.183427801355719566e-03,1.664040319155901670e-04,1.469903159886598587e-03,3.243146638851612806e-04,5.699790120124816895e-01
2.646873295307159424e-01,1.298764836974442005e-03,1.441652275389060378e-04,1.303729251958429813e-03,3.342839190736413002e-04,7.322317361831665039e-01
4.208161532878875732e-01,2.427450614050030708e-03,2.540328132454305887e-04,1.674146391451358795e-03,4.248691839165985584e-04,5.744033455848693848e-01
6.706979870796203613e-01,2.849952550604939461e-03,3.739320382010191679e-04,1.692613470368087292e-03,5.523662548512220383e-04,3.238331377506256104e-01
7.865442633628845215e-01,7.493464276194572449e-03,1.711371471174061298e-03,4.443343263119459152e-03,2.587243914604187012e-03,1.972203254699707031e-01
7.587434649467468262e-01,6.555117666721343994e-03,1.471131108701229095e-03,4.182924516499042511e-03,2.759794471785426140e-03,2.262875437736511230e-01
7.519312500953674316e-01,3.282575169578194618e-03,7.213752833195030689e-04,4.155468195676803589e-03,1.608221093192696571e-03,2.383011132478713989e-01
4.723906815052032471e-01,6.041732151061296463e-03,1.021457719616591930e-03,5.641999188810586929e-03,6.433924194425344467e-03,5.084702372550964355e-01
4.289110898971557617e-01,3.944759257137775421e-03,6.523774354718625546e-04,4.925408400595188141e-03,3.138848813250660896e-03,5.584275126457214355e-01
3.785673081874847412e-01,2.417606068775057793e-03,6.037246203050017357e-04,6.023251917213201523e-03,2.349403221160173416e-03,6.100386977195739746e-01
3.048031330108642578e-01,3.320723073557019234e-03,7.379630114883184433e-04,5.438599735498428345e-03,3.459827043116092682e-03,6.822397708892822266e-01
2.779691219329833984e-01,1.460019964724779129e-03,3.000837168656289577e-04,2.311467425897717476e-03,8.431174792349338531e-04,7.171161770820617676e-01
2.277227938175201416e-01,1.155553851276636124e-03,1.647168246563524008e-04,2.388210501521825790e-03,1.804625062504783273e-04,7.683882117271423340e-01
3.007838129997253418e-01,1.077117631211876869e-03,8.937917300499975681e-05,1.554716844111680984e-03,7.990172889549285173e-05,6.964150667190551758e-01
3.602124154567718506e-01,4.984148545190691948e-04,3.875529728247784078e-05,3.827039035968482494e-04,6.904899782966822386e-05,6.387987136840820312e-01
3.290457725524902344e-01,2.380738034844398499e-03,6.097267032600939274e-05,9.532238473184406757e-04,7.458241452695801854e-05,6.674847602844238281e-01
3.452405035495758057e-01,5.149204283952713013e-03,1.578510273247957230e-04,1.463807187974452972e-03,2.235470165032893419e-04,6.477650403976440430e-01
4.172519147396087646e-01,1.651748083531856537e-02,9.679506183601915836e-04,3.203891683369874954e-03,2.151454798877239227e-03,5.599072575569152832e-01
4.287897050380706787e-01,2.941557392477989197e-02,3.032859414815902710e-03,4.854294005781412125e-03,8.986717090010643005e-03,5.249209403991699219e-01
5.902680754661560059e-01,1.419098116457462311e-02,2.199093345552682877e-03,2.533607883378863335e-03,1.114590838551521301e-02,3.796624541282653809e-01
8.016570210456848145e-01,4.588396288454532623e-03,9.869575733318924904e-04,1.570059917867183685e-03,2.662548795342445374e-03,1.885350346565246582e-01
6.866016983985900879e-01,2.137000206857919693e-03,2.499626425560563803e-04,1.305788988247513771e-03,3.793810610659420490e-04,3.093261122703552246e-01
7.422127127647399902e-01,3.087784629315137863e-03,3.258006763644516468e-04,3.094353713095188141e-03,5.320635391399264336e-04,2.507473528385162354e-01
7.117889523506164551e-01,1.562739373184740543e-03,1.618657988728955388e-04,3.151700133457779884e-03,2.401902602287009358e-04,2.830945253372192383e-01
5.711849331855773926e-01,8.589379722252488136e-04,8.916868682717904449e-05,2.116611460223793983e-03,1.544663246022537351e-04,4.255958497524261475e-01
4.651007652282714844e-01,1.346948673017323017e-03,1.635490334592759609e-04,4.348279442638158798e-03,3.598775074351578951e-04,5.286806225776672363e-01
2.557350695133209229e-01,4.576162900775671005e-04,6.226561527000740170e-05,2.040230901911854744e-03,1.595774665474891663e-04,7.415453195571899414e-01
2.317891567945480347e-01,1.082189846783876419e-03,1.203098945552483201e-04,4.194761160761117935e-03,2.242242335341870785e-04,7.625893354415893555e-01
3.218173086643218994e-01,2.681924728676676750e-03,1.892404834507033229e-04,8.944050408899784088e-03,2.411842870060354471e-04,6.661262512207031250e-01
4.289914369583129883e-01,1.552120433188974857e-03,1.058280467987060547e-04,6.387013010680675507e-03,1.082156377378851175e-04,5.628553628921508789e-01
4.213186800479888916e-01,3.764935070648789406e-03,1.747988571878522635e-04,8.213627152144908905e-03,1.869640982476994395e-04,5.663410425186157227e-01
2.211081385612487793e-01,9.633433655835688114e-04,4.523187089944258332e-05,1.391562516801059246e-03,5.572392547037452459e-05,7.764359712600708008e-01
2.052675485610961914e-01,7.779377046972513199e-04,5.033656998421065509e-05,7.883455255068838596e-04,9.177560423268005252e-05,7.930240631103515625e-01
2.557864189147949219e-01,6.513784755952656269e-04,8.110480121104046702e-05,7.270575733855366707e-04,2.236039726994931698e-04,7.425304055213928223e-01
3.484770357608795166e-01,9.247021516785025597e-04,1.462665677536278963e-04,8.149551576934754848e-04,3.161785716656595469e-04,6.493209004402160645e-01
4.385238885879516602e-01,1.556053757667541504e-03,2.714386791922152042e-04,1.234361319802701473e-03,7.196258520707488060e-04,5.576946139335632324e-01
5.680612325668334961e-01,3.299962030723690987e-03,6.839985726401209831e-04,2.816000720486044884e-03,1.872447202913463116e-03,4.232663214206695557e-01
5.654350519180297852e-01,4.211197141557931900e-03,5.482357228174805641e-04,2.926550339907407761e-03,1.879899762570858002e-03,4.249990880489349365e-01
5.168003439903259277e-01,2.797545865178108215e-03,3.837123513221740723e-04,3.865235019475221634e-03,1.003223704174160957e-03,4.751499891281127930e-01
4.980497956275939941e-01,1.589391613379120827e-03,1.877603644970804453e-04,1.686749514192342758e-03,6.570474361069500446e-04,4.978292286396026611e-01
6.483169198036193848e-01,3.055206499993801117e-03,2.520475536584854126e-04,2.933789743110537529e-03,4.669582413043826818e-04,3.449751138687133789e-01
5.498356223106384277e-01,1.391403726302087307e-03,5.729545955546200275e-05,1.385735929943621159e-03,7.140075467759743333e-05,4.472585916519165039e-01
5.321747064590454102e-01,1.481311162933707237e-03,5.532801151275634766e-05,1.242770114913582802e-03,7.784261106280609965e-05,4.649680554866790771e-01
6.255030035972595215e-01,9.729659068398177624e-04,7.077690679579973221e-05,1.260111341252923012e-03,8.611343218944966793e-05,3.721071183681488037e-01
6.342488527297973633e-01,8.115565869957208633e-04,1.133863697759807110e-04,1.625462435185909271e-03,2.683444472495466471e-04,3.629323542118072510e-01
6.456759572029113770e-01,1.149907824583351612e-03,4.240081179887056351e-04,2.522700931876897812e-03,1.687528099864721298e-03,3.485398292541503906e-01
6.448339223861694336e-01,1.693765632808208466e-03,6.216865149326622486e-04,3.726281225681304932e-03,2.490086248144507408e-03,3.466343879699707031e-01
4.831076860427856445e-01,5.559026729315519333e-03,1.934547559358179569e-03,4.324721638113260269e-03,1.827750913798809052e-02,4.867964684963226318e-01
4.983449578285217285e-01,1.214696839451789856e-02,2.342164516448974609e-03,5.072456784546375275e-03,1.185874640941619873e-02,4.702346920967102051e-01
5.760352611541748047e-01,1.739079691469669342e-02,4.026309121400117874e-03,5.989744327962398529e-03,1.464953739196062088e-02,3.819083273410797119e-01
4.371000826358795166e-01,1.200899109244346619e-02,5.693786311894655228e-03,6.330189295113086700e-03,7.845526188611984253e-02,4.604116380214691162e-01
5.257873535156250000e-01,1.064607966691255569e-02,3.431296674534678459e-03,6.654236000031232834e-03,1.616202294826507568e-02,4.373190104961395264e-01
7.556551098823547363e-01,4.554487299174070358e-03,2.690909663215279579e-03,4.458088893443346024e-03,7.152938283979892731e-03,2.254884243011474609e-01
7.512851357460021973e-01,3.326902631670236588e-03,1.478238496929407120e-03,3.382632508873939514e-03,2.345680026337504387e-03,2.381814569234848022e-01
8.033123016357421875e-01,4.059123806655406952e-03,8.228340884670615196e-04,2.396003575995564461e-03,8.698804304003715515e-04,1.885399967432022095e-01
8.369419574737548828e-01,3.431108081713318825e-03,4.438582982402294874e-04,1.787401852197945118e-03,3.944485215470194817e-04,1.570011228322982788e-01
7.753745317459106445e-01,2.746459562331438065e-03,4.304783651605248451e-04,1.726194168440997601e-03,7.527722045779228210e-04,2.189696431159973145e-01
6.309640407562255859e-01,2.632037037983536720e-03,4.566237330436706543e-04,2.346914960071444511e-03,1.045442535541951656e-03,3.625549376010894775e-01
6.782453656196594238e-01,1.443582936190068722e-03,2.137306728400290012e-04,1.623082440346479416e-03,5.025126738473773003e-04,3.179717957973480225e-01
5.500602722167968750e-01,1.134276972152292728e-03,1.127387295127846301e-04,1.113101141527295113e-03,2.345615648664534092e-04,4.473451375961303711e-01
5.000857114791870117e-01,1.128325588069856167e-03,7.455049490090459585e-05,1.242861617356538773e-03,1.182820778922177851e-04,4.973502159118652344e-01
4.914739131927490234e-01,8.004942792467772961e-04,4.953788447892293334e-05,1.189954462461173534e-03,6.521811883430927992e-05,5.064208507537841797e-01
4.628628194332122803e-01,6.712274043820798397e-04,3.962448317906819284e-05,1.417568069882690907e-03,7.431503763655200601e-05,5.349344015121459961e-01
5.949198603630065918e-01,8.324261871166527271e-04,6.412563379853963852e-05,1.210020855069160461e-03,1.212389252032153308e-04,4.028522670269012451e-01
4.234842360019683838e-01,5.785434041172266006e-04,5.058246097178198397e-05,8.947786991484463215e-04,1.209151014336384833e-04,5.748709440231323242e-01
3.499046862125396729e-01,1.671494799666106701e-03,1.126582283177413046e-04,1.473671640269458294e-03,4.482881922740489244e-04,6.463892459869384766e-01
3.749080896377563477e-01,4.767976235598325729e-03,2.732315042521804571e-04,1.864470541477203369e-03,1.164728659205138683e-03,6.170214414596557617e-01
4.271533191204071045e-01,7.859691977500915527e-03,4.662018618546426296e-04,4.301312845200300217e-03,1.507104723714292049e-03,5.587123632431030273e-01
6.368582248687744141e-01,1.271184999495744705e-02,9.639937779866158962e-04,8.644956164062023163e-03,3.447450231760740280e-03,3.373735249042510986e-01
6.765083670616149902e-01,1.398019772022962570e-02,1.473306561820209026e-03,1.268429588526487350e-02,5.541976541280746460e-03,2.898119091987609863e-01
7.424146533012390137e-01,1.219526771456003189e-02,1.451864140108227730e-03,8.835935965180397034e-03,5.185299552977085114e-03,2.299170047044754028e-01
5.737056136131286621e-01,6.104382686316967010e-03,1.149830874055624008e-03,4.446705337613821030e-03,6.808778271079063416e-03,4.077846109867095947e-01
5.419039130210876465e-01,1.700239442288875580e-02,3.302255645394325256e-03,6.139199715107679367e-03,1.973451115190982819e-02,4.119176268577575684e-01
6.673224568367004395e-01,1.068484876304864883e-02,1.509458059445023537e-03,4.815866705030202866e-03,5.610569380223751068e-03,3.100568056106567383e-01
7.733364105224609375e-01,1.147835701704025269e-02,1.028094207867980003e-03,6.240088492631912231e-03,1.761400839313864708e-03,2.061557322740554810e-01
8.325300216674804688e-01,8.636174723505973816e-03,1.015545451082289219e-03,4.417849238961935043e-03,2.067131688818335533e-03,1.513333171606063843e-01
7.514029741287231445e-01,8.397296071052551270e-03,4.671686328947544098e-04,3.962852992117404938e-03,8.171018562279641628e-04,2.349526435136795044e-01
5.468117594718933105e-01,5.520135629922151566e-03,4.284210444893687963e-04,2.915713237598538399e-03,1.328735961578786373e-03,4.429952502250671387e-01
4.465129971504211426e-01,3.691596211865544319e-03,1.740426232572644949e-04,2.878951141610741615e-03,4.054113524034619331e-04,5.463370084762573242e-01
2.761228084564208984e-01,7.439599139615893364e-04,5.126420364831574261e-05,2.100395271554589272e-03,1.264264428755268455e-04,7.208551764488220215e-01
3.360238969326019287e-01,6.067784270271658897e-04,5.001360113965347409e-05,2.865726593881845474e-03,7.680532144149765372e-05,6.603767275810241699e-01
4.687177836894989014e-01,1.615129178389906883e-03,1.575141650391742587e-04,4.216948524117469788e-03,1.884974917629733682e-04,5.251041054725646973e-01
4.382383227348327637e-01,3.213283140212297440e-03,3.668409190140664577e-04,6.737492512911558151e-03,8.054491481743752956e-04,5.506386160850524902e-01
5.268684029579162598e-01,2.762525808066129684e-03,7.306089391931891441e-04,2.556808991357684135e-03,3.575120586901903152e-03,4.635064899921417236e-01
6.019576191902160645e-01,4.016917664557695389e-03,2.041917294263839722e-03,2.967490348964929581e-03,2.320196665823459625e-02,3.658141195774078369e-01
5.734429359436035156e-01,3.547880332916975021e-03,1.069183228537440300e-03,3.183604218065738678e-03,1.169724389910697937e-02,4.070591330528259277e-01
7.463693618774414062e-01,2.125477418303489685e-03,6.590145057998597622e-04,2.052069408819079399e-03,4.475728608667850494e-03,2.443182915449142456e-01
6.745519638061523438e-01,6.297155632637441158e-04,1.246768370037898421e-04,1.513730501756072044e-03,4.342379688750952482e-04,3.227457702159881592e-01
6.050824522972106934e-01,3.302244003862142563e-04,2.733173096203245223e-05,1.040767296217381954e-03,3.752287011593580246e-05,3.934816718101501465e-01
5.598984360694885254e-01,3.528879897203296423e-04,2.013824087043758482e-05,5.396642955020070076e-04,3.674635809147730470e-05,4.391521513462066650e-01
4.634041190147399902e-01,5.687592783942818642e-04,3.063820986426435411e-05,5.111608770675957203e-04,5.637040521833114326e-05,5.354290008544921875e-01
3.155547380447387695e-01,8.778526680544018745e-04,4.102880848222412169e-05,8.299840264953672886e-04,8.787446131464093924e-05,6.826084852218627930e-01
2.097160816192626953e-01,3.512304974719882011e-03,1.470554852858185768e-04,3.178516868501901627e-03,5.026925937272608280e-04,7.829433679580688477e-01
1.383239477872848511e-01,5.968509707599878311e-03,5.950597696937620640e-04,8.414154872298240662e-03,3.981858957558870316e-03,8.427164554595947266e-01
1.547999382019042969e-01,5.549303721636533737e-03,6.475217523984611034e-04,7.053600624203681946e-03,5.750498268753290176e-03,8.261991143226623535e-01
1.368834674358367920e-01,6.174154113978147507e-03,7.080211071297526360e-04,8.341028355062007904e-03,4.138567950576543808e-03,8.437547683715820312e-01
2.616970837116241455e-01,2.584864851087331772e-03,4.191566258668899536e-04,5.165247712284326553e-03,2.663097344338893890e-03,7.274705171585083008e-01
4.531953632831573486e-01,2.136192284524440765e-03,4.208819591440260410e-04,4.086783155798912048e-03,1.985893351957201958e-03,5.381748676300048828e-01
3.378370702266693115e-01,1.159656210802495480e-03,2.015080390265211463e-04,2.441928721964359283e-03,6.149614346213638783e-04,6.577448248863220215e-01
5.540350675582885742e-01,1.321313320659101009e-03,3.668856807053089142e-04,2.248941920697689056e-03,1.308976789005100727e-03,4.407188594341278076e-01
6.343783140182495117e-01,2.535379724577069283e-03,7.353725377470254898e-04,3.946507815271615982e-03,2.636292017996311188e-03,3.557680547237396240e-01
6.335887908935546875e-01,5.953894462436437607e-03,1.776569988578557968e-03,6.326465401798486710e-03,6.253221537917852402e-03,3.461010754108428955e-01
7.599800229072570801e-01,1.258037798106670380e-02,1.498896745033562183e-03,7.488121744245290756e-03,3.251924179494380951e-03,2.152005881071090698e-01
6.952812075614929199e-01,5.712453741580247879e-03,5.780517822131514549e-04,1.012334600090980530e-02,8.879019296728074551e-04,2.874169945716857910e-01
6.569666266441345215e-01,3.817727789282798767e-03,3.781025006901472807e-04,5.425187759101390839e-03,6.972777773626148701e-04,3.327150642871856689e-01
6.454195380210876465e-01,2.702849218621850014e-03,3.678241628222167492e-04,3.732474520802497864e-03,9.694897453300654888e-04,3.468078374862670898e-01
6.340782642364501953e-01,2.252001082524657249e-03,4.646367160603404045e-04,2.250067889690399170e-03,2.012116136029362679e-03,3.589428961277008057e-01
4.976527988910675049e-01,7.053063251078128815e-03,1.122596557252109051e-03,2.922133775427937508e-03,7.910585962235927582e-03,4.833387732505798340e-01
4.760057628154754639e-01,9.121020324528217316e-03,1.186923007480800152e-03,2.609232906252145767e-03,8.861827664077281952e-03,5.022152662277221680e-01
4.646912217140197754e-01,2.040469832718372345e-02,1.252040732651948929e-03,4.724221769720315933e-03,4.454934503883123398e-03,5.044728517532348633e-01
5.413737893104553223e-01,1.380718965083360672e-02,5.589491338469088078e-04,4.715128801763057709e-03,9.761306573636829853e-04,4.385688304901123047e-01
4.887864291667938232e-01,1.525204977951943874e-03,7.515197648899629712e-05,1.593503984622657299e-03,7.771426317049190402e-05,5.079420208930969238e-01
4.147675633430480957e-01,7.847545784898102283e-04,6.076548015698790550e-05,1.246843487024307251e-03,9.563673665979877114e-05,5.830444693565368652e-01
4.055420160293579102e-01,4.519419162534177303e-04,6.823578587500378489e-05,8.661315659992396832e-04,1.252009387826547027e-04,5.929463505744934082e-01
3.799132704734802246e-01,9.549257811158895493e-04,1.881603384390473366e-04,8.213241235353052616e-04,5.044454010203480721e-04,6.176178455352783203e-01
4.294350445270538330e-01,2.025304362177848816e-03,5.411878228187561035e-04,1.251147477887570858e-03,2.594400197267532349e-03,5.641528964042663574e-01
3.782410323619842529e-01,2.525412710383534431e-03,5.679989699274301529e-04,1.099929795600473881e-03,2.360923215746879578e-03,6.152047514915466309e-01
3.423047363758087158e-01,1.008906401693820953e-03,1.913969026645645499e-04,7.266342872753739357e-04,7.232173229567706585e-04,6.550451517105102539e-01
4.653751552104949951e-01,5.532841896638274193e-04,1.036124012898653746e-04,3.884370671585202217e-04,2.513967629056423903e-04,5.333281159400939941e-01
5.107889771461486816e-01,2.947662724182009697e-04,4.089784852112643421e-05,3.250759618822485209e-04,6.908608338562771678e-05,4.884810745716094971e-01
5.346198678016662598e-01,1.216503005707636476e-04,1.228196742886211723e-05,1.964700786629691720e-04,1.403287114953855053e-05,4.650356173515319824e-01
4.728438556194305420e-01,2.088508481392636895e-04,2.533673614379949868e-05,5.836242344230413437e-04,3.300756725366227329e-05,5.263053178787231445e-01
4.913584887981414795e-01,7.964213727973401546e-04,8.433907350990921259e-05,1.438923529349267483e-03,1.640304690226912498e-04,5.061578154563903809e-01
5.305588245391845703e-01,2.227130113169550896e-03,2.100731217069551349e-04,2.889763563871383667e-03,3.384656447451561689e-04,4.637758135795593262e-01
4.728832840919494629e-01,8.749194443225860596e-03,5.831669550389051437e-04,4.212818108499050140e-03,1.095892395824193954e-03,5.124756097793579102e-01
3.838586509227752686e-01,1.003438886255025864e-02,1.324141398072242737e-03,3.368900390341877937e-03,6.032536271959543228e-03,5.953814387321472168e-01
3.302049636840820312e-01,6.601584609597921371e-03,8.184807957150042057e-04,2.176107140257954597e-03,2.420978154987096786e-03,6.577779650688171387e-01
4.075089991092681885e-01,3.979084081947803497e-03,8.903932757675647736e-04,2.377416938543319702e-03,3.380410606041550636e-03,5.818637609481811523e-01
5.027662515640258789e-01,1.373859238810837269e-03,6.653649616055190563e-04,1.649618032388389111e-03,3.302667289972305298e-03,4.902421534061431885e-01
6.293329596519470215e-01,2.629847498610615730e-03,6.841240683570504189e-04,2.291530836373567581e-03,2.481742994859814644e-03,3.625797927379608154e-01
5.419465303421020508e-01,3.710722783580422401e-03,8.633088436909019947e-04,4.269079770892858505e-03,2.719527343288064003e-03,4.464908540248870850e-01
5.225647091865539551e-01,8.261068724095821381e-03,1.864535268396139145e-03,8.998509496450424194e-03,1.011066045612096786e-02,4.482005834579467773e-01
3.363955616950988770e-01,4.790238570421934128e-03,4.991204477846622467e-04,4.911893047392368317e-03,2.187301171943545341e-03,6.512158513069152832e-01
3.150391280651092529e-01,1.910975086502730846e-03,1.735408586682751775e-04,3.178020939230918884e-03,5.637709982693195343e-04,6.791345477104187012e-01
3.726936280727386475e-01,2.908284077420830727e-03,2.291230193804949522e-04,2.874594880267977715e-03,5.721649504266679287e-04,6.207221746444702148e-01
5.628250241279602051e-01,2.462232019752264023e-03,2.306952810613438487e-04,2.360956976190209389e-03,4.914796445518732071e-04,4.316296279430389404e-01
6.574191451072692871e-01,6.374693010002374649e-03,1.102614216506481171e-03,4.333400167524814606e-03,2.393165137618780136e-03,3.283769786357879639e-01
5.332109332084655762e-01,3.004019148647785187e-02,3.005142090842127800e-03,9.188191965222358704e-03,6.277181208133697510e-03,4.182783663272857666e-01
7.542922496795654297e-01,9.625207632780075073e-03,1.906202873215079308e-03,3.513157833367586136e-03,3.974976949393749237e-03,2.266882210969924927e-01
8.146669864654541016e-01,1.231659296900033951e-02,1.917330548167228699e-03,3.896788693964481354e-03,2.942070597782731056e-03,1.642602533102035522e-01
7.743667364120483398e-01,8.108857087790966034e-03,1.279337098821997643e-03,4.494949243962764740e-03,1.457654288969933987e-03,2.102924436330795288e-01
8.977206349372863770e-01,3.394176019355654716e-03,5.904908175580203533e-04,2.535111503675580025e-03,5.173509125597774982e-04,9.524228423833847046e-02
7.799400687217712402e-01,4.654579330235719681e-03,8.378046331927180290e-04,3.327310783788561821e-03,1.050225342623889446e-03,2.101899981498718262e-01
6.957290172576904297e-01,3.437843639403581619e-03,5.280436598695814610e-04,1.990213990211486816e-03,1.189763890579342842e-03,2.971251010894775391e-01
6.263779997825622559e-01,2.473386703059077263e-03,3.551709523890167475e-04,1.208981848321855068e-03,1.012658118270337582e-03,3.685717284679412842e-01
6.344659328460693359e-01,2.820098306983709335e-03,4.374070849735289812e-04,1.972985221073031425e-03,1.080311136320233345e-03,3.592233061790466309e-01
5.919638276100158691e-01,2.523570321500301361e-03,4.213002102915197611e-04,2.076483797281980515e-03,8.189016953110694885e-04,4.021959900856018066e-01
6.888657212257385254e-01,1.774652046151459217e-03,5.456507788039743900e-04,2.169093582779169083e-03,1.257024821825325489e-03,3.053877949714660645e-01
5.897924304008483887e-01,1.823636121116578579e-03,5.420253146439790726e-04,2.306757727637887001e-03,1.464252243749797344e-03,4.040709137916564941e-01
5.949545502662658691e-01,4.172840621322393417e-03,2.105939202010631561e-03,4.698882345110177994e-03,1.192080695182085037e-02,3.821470141410827637e-01
6.213968396186828613e-01,7.785102818161249161e-03,1.826488645747303963e-03,3.750475123524665833e-03,7.714815437793731689e-03,3.575262427330017090e-01
7.471423745155334473e-01,5.050615873187780380e-03,1.968644559383392334e-03,1.981890993192791939e-03,1.229642797261476517e-02,2.315601259469985962e-01
7.661789655685424805e-01,5.501299630850553513e-03,2.091242466121912003e-03,2.695894101634621620e-03,1.142825465649366379e-02,2.121043205261230469e-01
8.242354989051818848e-01,6.471506785601377487e-03,1.639919704757630825e-03,2.961616031825542450e-03,3.917892929166555405e-03,1.607736200094223022e-01
8.496679067611694336e-01,1.119632553309202194e-02,1.884880824945867062e-03,4.098771139979362488e-03,4.642682615667581558e-03,1.285095363855361938e-01
6.233006119728088379e-01,7.407939992845058441e-03,7.050735875964164734e-04,2.752480795606970787e-03,1.355926855467259884e-03,3.644779324531555176e-01
5.171617269515991211e-01,1.777117513120174408e-02,1.174594275653362274e-03,5.789183545857667923e-03,2.664327155798673630e-03,4.554390311241149902e-01
3.551657199859619141e-01,7.237360347062349319e-03,4.496867768466472626e-04,5.448844283819198608e-03,7.376997382380068302e-04,6.309607028961181641e-01
1.732325702905654907e-01,1.413956750184297562e-03,1.631529594305902719e-04,2.326389076188206673e-03,5.161996232345700264e-04,8.223477005958557129e-01
3.239590525627136230e-01,4.680019337683916092e-03,6.402012077160179615e-04,3.105589654296636581e-03,2.679831115528941154e-03,6.649352908134460449e-01
4.460374414920806885e-01,3.372334875166416168e-03,5.083371070213615894e-04,4.304391331970691681e-03,8.815586334094405174e-04,5.448959469795227051e-01
5.817131400108337402e-01,3.672630758956074715e-03,4.842992639169096947e-04,3.630629274994134903e-03,7.969260332174599171e-04,4.097023308277130127e-01
7.340309023857116699e-01,9.119654074311256409e-03,1.424780231900513172e-03,4.687732085585594177e-03,3.310745581984519958e-03,2.474261373281478882e-01
6.680350303649902344e-01,4.991512279957532883e-03,9.943990735337138176e-04,2.844710135832428932e-03,5.110364872962236404e-03,3.180240094661712646e-01
5.141889452934265137e-01,9.782734559848904610e-04,1.796172291506081820e-04,1.620663562789559364e-03,5.679522873833775520e-04,4.824644625186920166e-01
4.784265458583831787e-01,4.357527359388768673e-04,9.433201194042339921e-05,8.990534115582704544e-04,4.433615831658244133e-04,5.197009444236755371e-01
5.756762623786926270e-01,4.123605613131076097e-04,6.322252738755196333e-05,5.800770595669746399e-04,1.298256829613819718e-04,4.231382310390472412e-01
4.341650009155273438e-01,6.843553856015205383e-04,8.055607031565159559e-05,5.674566491506993771e-04,2.235198626294732094e-04,5.642791986465454102e-01
3.485994338989257812e-01,1.082674483768641949e-03,1.488888374296948314e-04,9.971820982173085213e-04,3.490796952974051237e-04,6.488227844238281250e-01
3.688886463642120361e-01,3.712072037160396576e-03,7.104999967850744724e-04,2.114751143380999565e-03,2.859347267076373100e-03,6.217147111892700195e-01
3.020666539669036865e-01,2.748405095189809799e-03,7.922399672679603100e-04,1.730615738779306412e-03,4.177684895694255829e-03,6.884843707084655762e-01
4.472314119338989258e-01,2.613178221508860588e-03,8.068588795140385628e-04,2.149410545825958252e-03,2.794921630993485451e-03,5.444041490554809570e-01
6.463489532470703125e-01,4.333225544542074203e-03,1.347007229924201965e-03,2.350903116166591644e-03,4.353459924459457397e-03,3.412664532661437988e-01
8.171338438987731934e-01,1.977475127205252647e-03,9.985890937969088554e-04,1.594849978573620319e-03,3.174643265083432198e-03,1.751204282045364380e-01
8.802567124366760254e-01,2.513212850317358971e-03,9.061943856067955494e-04,1.047577126882970333e-03,2.282857196405529976e-03,1.129934638738632202e-01
8.178145885467529297e-01,2.350378083065152168e-03,3.544917854014784098e-04,7.982419338077306747e-04,5.228258087299764156e-04,1.781594008207321167e-01
7.384782433509826660e-01,6.574271246790885925e-03,1.050625112839043140e-03,3.067408921197056770e-03,1.465309527702629566e-03,2.493640780448913574e-01
8.071580529212951660e-01,4.653419833630323410e-03,1.013953238725662231e-03,3.038131399080157280e-03,1.661615795455873013e-03,1.824747323989868164e-01
8.088224530220031738e-01,8.498571813106536865e-03,2.123881364241242409e-03,3.084972966462373734e-03,6.664209067821502686e-03,1.708059161901473999e-01
7.491160631179809570e-01,8.922549895942211151e-03,4.252431448549032211e-03,4.829005803912878036e-03,2.257907949388027191e-02,2.103008329868316650e-01
6.954208016395568848e-01,2.670973306521773338e-03,1.113740610890090466e-03,3.211844712495803833e-03,3.906675614416599274e-03,2.936759889125823975e-01
8.146452903747558594e-01,2.561574336141347885e-03,6.616222672164440155e-04,2.008446725085377693e-03,1.818888005800545216e-03,1.783042252063751221e-01
7.115689516067504883e-01,1.439398503862321377e-03,1.860600896179676056e-04,1.857354887761175632e-03,2.267351374030113220e-04,2.847215831279754639e-01
5.544358491897583008e-01,1.169437309727072716e-03,6.565202056663110852e-05,2.193502383306622505e-03,5.703554779756814241e-05,4.420784413814544678e-01
4.114803671836853027e-01,1.389671000652015209e-03,7.616732909809798002e-05,2.003795001655817032e-03,8.595552208134904504e-05,5.849640369415283203e-01
2.221859544515609741e-01,8.214131812565028667e-04,6.064832996344193816e-05,1.087062410078942776e-03,1.068045457941479981e-04,7.757380604743957520e-01
3.141650855541229248e-01,1.058998750522732735e-03,9.465872426517307758e-05,1.190273207612335682e-03,1.983701513381674886e-04,6.832925677299499512e-01
4.523245692253112793e-01,1.680888817645609379e-03,2.454082714393734932e-04,2.067632973194122314e-03,7.396916043944656849e-04,5.429418087005615234e-01
6.700370907783508301e-01,2.824524184688925743e-03,4.170122265350073576e-04,2.345878630876541138e-03,1.054217224009335041e-03,3.233211934566497803e-01
6.418119668960571289e-01,4.224129021167755127e-03,6.745726568624377251e-04,3.247315995395183563e-03,1.832835958339273930e-03,3.482091426849365234e-01
5.077007412910461426e-01,2.703734673559665680e-03,3.786552988458424807e-04,1.914353808388113976e-03,9.130593971349298954e-04,4.863895177841186523e-01
2.470140606164932251e-01,2.856515580788254738e-03,4.588917072396725416e-04,2.410703571513295174e-03,1.681201043538749218e-03,7.455786466598510742e-01
2.738254368305206299e-01,3.336678259074687958e-03,6.756650982424616814e-04,6.355645135045051575e-03,2.660938305780291557e-03,7.131456136703491211e-01
2.555929720401763916e-01,5.647380836308002472e-03,7.196788792498409748e-04,8.654842153191566467e-03,2.511244732886552811e-03,7.268738746643066406e-01
5.345327854156494141e-01,1.098928973078727722e-02,1.371168531477451324e-03,1.860358752310276031e-02,3.195748897269368172e-03,4.313074052333831787e-01
7.408304810523986816e-01,1.413965038955211639e-02,1.217092154547572136e-03,1.259227283298969269e-02,1.653162762522697449e-03,2.295674085617065430e-01
7.387902736663818359e-01,1.881540380418300629e-02,8.777723414823412895e-04,5.808633286505937576e-03,1.267761108465492725e-03,2.344401478767395020e-01
8.198516368865966797e-01,1.978501491248607635e-02,9.594158036634325981e-04,5.949322134256362915e-03,8.238004520535469055e-04,1.526306718587875366e-01
5.653188228607177734e-01,1.166465505957603455e-02,6.481371819972991943e-04,3.779874648898839951e-03,7.807907531969249249e-04,4.178075790405273438e-01
5.804257392883300781e-01,4.112546332180500031e-03,2.986622857861220837e-04,2.055837074294686317e-03,5.710873520001769066e-04,4.125360548496246338e-01
6.129413247108459473e-01,2.578974934294819832e-03,2.761811483651399612e-04,2.001037122681736946e-03,4.101309750694781542e-04,3.817923963069915771e-01
5.985439419746398926e-01,2.277633640915155411e-03,2.455751528032124043e-04,1.394645543769001961e-03,4.011244745925068855e-04,3.971370458602905273e-01
6.154358983039855957e-01,1.822716323658823967e-03,4.587765433825552464e-04,1.755078788846731186e-03,8.367081754840910435e-04,3.796908855438232422e-01
6.012985706329345703e-01,3.657322609797120094e-03,6.971184629946947098e-04,2.739576390013098717e-03,1.171052106656134129e-03,3.904363811016082764e-01
4.985835850238800049e-01,4.235283471643924713e-03,1.060322392731904984e-03,2.447538077831268311e-03,2.718921517953276634e-03,4.909542798995971680e-01
6.342228055000305176e-01,2.680188743397593498e-03,7.166351424530148506e-04,1.388446660712361336e-03,1.508787623606622219e-03,3.594831526279449463e-01
5.426210761070251465e-01,1.378515153191983700e-03,1.496566692367196083e-04,1.051408355124294758e-03,2.949080953840166330e-04,4.545044004917144775e-01
4.087001681327819824e-01,9.375764057040214539e-04,6.337485683616250753e-05,1.088405610062181950e-03,1.019261835608631372e-04,5.891085863113403320e-01
3.442015647888183594e-01,3.126038645859807730e-04,2.364468127780128270e-05,5.724554648622870445e-04,4.870562406722456217e-05,6.548410654067993164e-01
3.555334806442260742e-01,4.033411678392440081e-04,4.376489960122853518e-05,1.357215223833918571e-03,9.603715443518012762e-05,6.425660848617553711e-01
5.482645034790039062e-01,1.309977378696203232e-03,1.564713456900790334e-04,2.989756176248192787e-03,3.684759722091257572e-04,4.469107687473297119e-01
5.993292927742004395e-01,2.075097756460309029e-03,9.007509797811508179e-04,4.466655198484659195e-03,3.240570425987243652e-03,3.899876773357391357e-01
6.046757698059082031e-01,2.874533180147409439e-03,5.673231789842247963e-04,4.458399489521980286e-03,1.620735973119735718e-03,3.858033418655395508e-01
5.084810256958007812e-01,2.089763293042778969e-03,5.937424721196293831e-04,4.002428147941827774e-03,3.133849939331412315e-03,4.816991388797760010e-01
3.394065499305725098e-01,3.071989864110946655e-03,5.465371650643646717e-04,3.897367045283317566e-03,3.008192637935280800e-03,6.500693559646606445e-01
4.250521361827850342e-01,6.941280793398618698e-03,8.676521829329431057e-04,8.592355065047740936e-03,2.470623701810836792e-03,5.560759305953979492e-01
5.461667180061340332e-01,5.838709417730569839e-03,3.830273053608834743e-04,1.593946292996406555e-02,6.472941022366285324e-04,4.310247898101806641e-01
5.351880788803100586e-01,9.134376421570777893e-03,7.368010119535028934e-04,2.061815187335014343e-02,1.288387575186789036e-03,4.330342113971710205e-01
5.185151696205139160e-01,1.506542228162288666e-02,1.060756389051675797e-03,2.366895228624343872e-02,1.140387379564344883e-03,4.405493736267089844e-01
3.127994537353515625e-01,5.459546577185392380e-03,3.145214286632835865e-04,8.509164676070213318e-03,5.587816121987998486e-04,6.723585128784179688e-01
1.864013075828552246e-01,1.351215643808245659e-03,9.254101314581930637e-05,2.347008557990193367e-03,2.208201476605609059e-04,8.095871210098266602e-01
2.782752811908721924e-01,1.662651542574167252e-03,2.098314434988424182e-04,1.916336361318826675e-03,4.231290367897599936e-04,7.175127267837524414e-01
4.247246980667114258e-01,6.533290143124759197e-04,8.807682024780660868e-05,1.128754927776753902e-03,1.351011596852913499e-04,5.732700824737548828e-01
3.721440136432647705e-01,6.249131984077394009e-04,8.223201439250260592e-05,1.061281654983758926e-03,1.626480807317420840e-04,6.259248852729797363e-01
5.247261524200439453e-01,2.005596412345767021e-03,1.920605136547237635e-04,1.442502834834158421e-03,3.314995556138455868e-04,4.713021814823150635e-01
5.459108352661132812e-01,7.691740174777805805e-04,1.790950918802991509e-04,1.315744710154831409e-03,4.292452940717339516e-04,4.513959586620330811e-01
6.473548412322998047e-01,1.032307278364896774e-03,3.880219010170549154e-04,1.435477868653833866e-03,9.612467256374657154e-04,3.488281369209289551e-01
7.782118916511535645e-01,7.998193614184856415e-04,3.619040071498602629e-04,1.255003968253731728e-03,8.264431962743401527e-04,2.185449004173278809e-01
7.506172657012939453e-01,5.188042996451258659e-04,3.355698427185416222e-04,1.174890901893377304e-03,1.305414945818483829e-03,2.460480928421020508e-01
6.809924244880676270e-01,8.046426810324192047e-04,3.887828497681766748e-04,1.254875911399722099e-03,1.309659215621650219e-03,3.152495324611663818e-01
6.671438217163085938e-01,1.852670800872147083e-03,4.373656702227890491e-04,2.312344033271074295e-03,1.037616166286170483e-03,3.272162973880767822e-01
7.525495886802673340e-01,2.959656994789838791e-03,6.054992554709315300e-04,2.375567099079489708e-03,1.314438763074576855e-03,2.401953041553497314e-01
4.196209609508514404e-01,3.367352066561579704e-03,5.094419466331601143e-04,2.258773194625973701e-03,1.433728262782096863e-03,5.728097558021545410e-01
4.300323128700256348e-01,3.700492437928915024e-03,4.626546578947454691e-04,1.958954613655805588e-03,1.053044805303215981e-03,5.627924799919128418e-01
4.501504302024841309e-01,3.673819126561284065e-03,8.838810608722269535e-04,3.516342258080840111e-03,2.564959228038787842e-03,5.392105579376220703e-01
5.785297751426696777e-01,2.333269920200109482e-03,6.264935364015400410e-04,2.256615785881876945e-03,1.856858725659549236e-03,4.143970012664794922e-01
5.478129982948303223e-01,2.437392249703407288e-03,3.592300636228173971e-04,1.666885334998369217e-03,8.438764489255845547e-04,4.468796253204345703e-01
7.591646313667297363e-01,2.812810940667986870e-03,3.882443415932357311e-04,1.329813618212938309e-03,7.296522962860763073e-04,2.355748265981674194e-01
7.320105433464050293e-01,1.378519926220178604e-02,1.712030963972210884e-03,5.816679447889328003e-03,1.434477861039340496e-03,2.452410608530044556e-01
6.071044206619262695e-01,1.878016069531440735e-02,1.724553992971777916e-03,9.640885517001152039e-03,1.177675556391477585e-03,3.615722954273223877e-01
5.149854421615600586e-01,2.097103558480739594e-02,1.444516703486442566e-03,9.728495031595230103e-03,1.284805592149496078e-03,4.515856206417083740e-01
4.044991135597229004e-01,1.916822418570518494e-02,8.599191787652671337e-04,7.451514713466167450e-03,6.130270194262266159e-04,5.674082040786743164e-01
4.272279143333435059e-01,6.993876304477453232e-03,3.394485393073409796e-04,3.405232448130846024e-03,2.949357149191200733e-04,5.617385506629943848e-01
4.928846657276153564e-01,1.978610409423708916e-03,1.448411494493484497e-04,1.072286628186702728e-03,2.484187425579875708e-04,5.036711692810058594e-01
6.490075588226318359e-01,2.380848396569490433e-03,3.127595700789242983e-04,1.094749080948531628e-03,5.790311261080205441e-04,3.466250598430633545e-01
8.786097168922424316e-01,2.099556848406791687e-03,5.561760626733303070e-04,1.052645617164671421e-03,1.112922444008290768e-03,1.165689453482627869e-01
8.547555804252624512e-01,2.170250983908772469e-03,5.334109300747513771e-04,2.073237439617514610e-03,7.997884531505405903e-04,1.396677196025848389e-01
7.319659590721130371e-01,1.620697439648211002e-03,3.399947599973529577e-04,2.047994639724493027e-03,5.762999062426388264e-04,2.634490132331848145e-01
7.043309211730957031e-01,1.540885888971388340e-03,2.763806551229208708e-04,2.277573803439736366e-03,4.911831347271800041e-04,2.910830080509185791e-01
4.943731129169464111e-01,2.101082587614655495e-03,1.809325622161850333e-04,3.079487010836601257e-03,3.759804822038859129e-04,4.998894631862640381e-01
3.795913755893707275e-01,2.760678762570023537e-03,2.420954115223139524e-04,2.968684304505586624e-03,5.760779022239148617e-04,6.138610839843750000e-01
3.036912977695465088e-01,6.246425909921526909e-04,5.984043309581466019e-05,6.484615732915699482e-04,1.462128857383504510e-04,6.948295235633850098e-01
4.593744575977325439e-01,1.000415883027017117e-03,8.106542372843250632e-05,1.040288363583385944e-03,1.719360880088061094e-04,5.383318066596984863e-01
5.952822566032409668e-01,7.026819512248039246e-04,5.310828055371530354e-05,9.210165007971227169e-04,6.337615923257544637e-05,4.029775559902191162e-01
6.696041822433471680e-01,9.088911465369164944e-04,7.098924106685444713e-05,9.563417406752705574e-04,1.224848238052800298e-04,3.283372521400451660e-01
8.085924386978149414e-01,1.313628279604017735e-03,3.474520053714513779e-04,1.315205241553485394e-03,1.413513673469424248e-03,1.870177835226058960e-01
8.942131400108337402e-01,2.654853044077754021e-03,1.206486718729138374e-03,1.814865041524171829e-03,5.077343899756669998e-03,9.503334015607833862e-02
8.699339628219604492e-01,2.566593931987881660e-03,1.149447285570204258e-03,1.381580135785043240e-03,4.317045211791992188e-03,1.206514611840248108e-01
8.990089893341064453e-01,2.260806504637002945e-03,1.205645501613616943e-03,2.167735947296023369e-03,2.864839509129524231e-03,9.249199926853179932e-02
7.788323760032653809e-01,1.922908821143209934e-03,3.163226938340812922e-04,1.725517213344573975e-03,3.627421683631837368e-04,2.168401628732681274e-01
8.588625192642211914e-01,1.470285234972834587e-03,1.807366934372112155e-04,1.096203108318150043e-03,1.371019170619547367e-04,1.382531970739364624e-01
8.201386928558349609e-01,1.873065135441720486e-03,2.531879872549325228e-04,1.383651397190988064e-03,2.325957466382533312e-04,1.761189103126525879e-01
7.957428097724914551e-01,1.441917032934725285e-03,2.822526730597019196e-04,1.018545823171734810e-03,3.159884945489466190e-04,2.011986076831817627e-01
6.947354078292846680e-01,7.230145274661481380e-04,2.015418285736814141e-04,7.825901266187429428e-04,3.049425140488892794e-04,3.032524585723876953e-01
6.152555346488952637e-01,1.320978044532239437e-03,3.741714463103562593e-04,1.924136304296553135e-03,8.657168364152312279e-04,3.802595138549804688e-01
6.145635247230529785e-01,2.730567706748843193e-03,9.285252890549600124e-04,4.310315009206533432e-03,2.339071128517389297e-03,3.751280009746551514e-01
6.977165341377258301e-01,5.753993522375822067e-03,1.372460508719086647e-03,7.245765533298254013e-03,4.494595807045698166e-03,2.834166884422302246e-01
8.295346498489379883e-01,8.153323084115982056e-03,2.946709282696247101e-03,1.234473846852779388e-02,1.288302615284919739e-02,1.341375112533569336e-01
8.331209421157836914e-01,1.021587848663330078e-02,3.236053977161645889e-03,1.209146063774824142e-02,1.764298230409622192e-02,1.236926615238189697e-01
7.282732725143432617e-01,6.333270110189914703e-03,2.484822180122137070e-03,1.025702618062496185e-02,2.739807963371276855e-02,2.252535820007324219e-01
6.740919351577758789e-01,4.712267778813838959e-03,2.005776623263955116e-03,4.094513133168220520e-03,2.521692775189876556e-02,2.898785471916198730e-01
5.784477591514587402e-01,8.252192288637161255e-03,2.010753843933343887e-03,4.722506273537874222e-03,9.815031662583351135e-03,3.967517316341400146e-01
3.628224134445190430e-01,3.802978433668613434e-03,7.823502528481185436e-04,2.188785467296838760e-03,3.468013368546962738e-03,6.269355416297912598e-01
5.561989545822143555e-01,2.784019801765680313e-03,5.900242249481379986e-04,2.189310267567634583e-03,1.418537111021578312e-03,4.368191957473754883e-01
3.429460525512695312e-01,2.423161407932639122e-03,3.313343622721731663e-04,3.164459252730011940e-03,4.175526846665889025e-04,6.507173776626586914e-01
2.981170117855072021e-01,5.922076525166630745e-04,7.595204078825190663e-05,1.513955765403807163e-03,9.789437899598851800e-05,6.996029615402221680e-01
4.030718803405761719e-01,2.006935421377420425e-03,3.565648803487420082e-04,4.344249144196510315e-03,3.924241464119404554e-04,5.898278951644897461e-01
4.517666101455688477e-01,3.126332070678472519e-03,4.526316479314118624e-04,3.557766322046518326e-03,6.371543277055025101e-04,5.404595136642456055e-01
5.205754041671752930e-01,1.602306496351957321e-03,3.327828890178352594e-04,2.172710839658975601e-03,7.563267718069255352e-04,4.745604395866394043e-01
6.934968829154968262e-01,1.819134107790887356e-03,3.687528660520911217e-04,1.300012110732495785e-03,9.457910782657563686e-04,3.020694553852081299e-01
4.703469574451446533e-01,5.871139001101255417e-04,1.477934565627947450e-04,1.047760713845491409e-03,4.565754497889429331e-04,5.274137854576110840e-01
5.214022994041442871e-01,1.052732695825397968e-03,1.078014684026129544e-04,1.757233054377138615e-03,2.226103242719545960e-04,4.754574000835418701e-01
4.968256950378417969e-01,1.300256350077688694e-03,1.183081403723917902e-04,1.567955478094518185e-03,2.346466644667088985e-04,4.999531507492065430e-01
5.948278307914733887e-01,4.942251369357109070e-03,2.981889410875737667e-04,5.157274194061756134e-03,2.751578576862812042e-04,3.944993317127227783e-01
6.883929371833801270e-01,5.121061112731695175e-03,2.832246827892959118e-04,3.741620806977152824e-03,2.777193440124392509e-04,3.021834194660186768e-01
7.763295769691467285e-01,1.051504747010767460e-03,1.096593186957761645e-04,2.334305318072438240e-03,8.186249760910868645e-05,2.200931310653686523e-01
8.127035498619079590e-01,9.905118495225906372e-04,1.586913422215729952e-04,2.877464285120368004e-03,1.530325971543788910e-04,1.831166595220565796e-01
7.596224546432495117e-01,1.235655043274164200e-03,1.411271368851885200e-04,2.175494562834501266e-03,1.253776281373575330e-04,2.367000132799148560e-01
7.946051955223083496e-01,2.706440864130854607e-03,2.871218603104352951e-04,3.113800892606377602e-03,2.861254906747490168e-04,1.990013271570205688e-01
7.965179085731506348e-01,3.443003632128238678e-03,6.680435617454349995e-04,4.264457151293754578e-03,1.139317872002720833e-03,1.939672082662582397e-01
6.786404252052307129e-01,3.595981746912002563e-03,7.274511735886335373e-04,4.254237283021211624e-03,1.418022089637815952e-03,3.113638460636138916e-01
6.000916361808776855e-01,4.897632170468568802e-03,6.629684939980506897e-04,3.921363502740859985e-03,1.108534401282668114e-03,3.893178105354309082e-01
6.325287818908691406e-01,2.077054698020219803e-03,3.926054050680249929e-04,2.824131632223725319e-03,7.047393592074513435e-04,3.614726662635803223e-01
6.678599119186401367e-01,1.641587470658123493e-03,3.018736606463789940e-04,2.847034949809312820e-03,4.859013424720615149e-04,3.268636763095855713e-01
7.763805389404296875e-01,2.181172603741288185e-03,3.676671476569026709e-04,3.161468077450990677e-03,4.906821413896977901e-04,2.174183726310729980e-01
8.833420276641845703e-01,3.119682194665074348e-03,5.703738424926996231e-04,3.080535912886261940e-03,8.334049489349126816e-04,1.090539693832397461e-01
8.285946249961853027e-01,4.762903787195682526e-03,8.112830691970884800e-04,5.901777185499668121e-03,1.158517436124384403e-03,1.587709486484527588e-01
7.778723239898681641e-01,9.691371582448482513e-03,1.147706410847604275e-03,7.010651752352714539e-03,1.735548488795757294e-03,2.025423794984817505e-01
7.247184514999389648e-01,1.155302580446004868e-02,1.003968645818531513e-03,9.064428508281707764e-03,8.387424750253558159e-04,2.528214156627655029e-01
8.452457189559936523e-01,8.087364956736564636e-03,5.110240890644490719e-04,5.497040227055549622e-03,4.265883180778473616e-04,1.402322351932525635e-01
8.249818086624145508e-01,9.386780671775341034e-03,5.761935026384890079e-04,4.268494900315999985e-03,8.134632371366024017e-04,1.599733084440231323e-01
9.287406206130981445e-01,3.528153756633400917e-03,6.936598219908773899e-04,2.432289766147732735e-03,1.242607831954956055e-03,6.336273252964019775e-02
9.214458465576171875e-01,2.417732728645205498e-03,4.248784389346837997e-04,1.447027781978249550e-03,7.606398430652916431e-04,7.350397109985351562e-02
8.584803342819213867e-01,5.405420903116464615e-03,3.173658158630132675e-03,3.428543219342827797e-03,7.821644656360149384e-03,1.216904222965240479e-01
6.953105926513671875e-01,3.772029886022210121e-03,2.705878345295786858e-03,3.033306915313005447e-03,7.091014180332422256e-03,2.880872189998626709e-01
5.815623402595520020e-01,1.921083894558250904e-03,1.164941932074725628e-03,2.373961266130208969e-03,1.857466297224164009e-03,4.111202061176300049e-01
5.604893565177917480e-01,2.878936007618904114e-03,1.441548462025821209e-03,3.205484244972467422e-03,2.240347675979137421e-03,4.297443330287933350e-01
4.671969711780548096e-01,1.474273391067981720e-03,4.522491071838885546e-04,1.183389103971421719e-03,1.213581766933202744e-03,5.284795165061950684e-01
5.105077624320983887e-01,3.325572935864329338e-03,1.530692330561578274e-03,2.026417059823870659e-03,7.435898296535015106e-03,4.751737415790557861e-01
4.219102859497070312e-01,3.531880443915724754e-03,1.530946581624448299e-03,1.626937068067491055e-03,9.315760806202888489e-03,5.620842576026916504e-01
3.946899175643920898e-01,3.864357015118002892e-03,6.972459377720952034e-04,1.856108894571661949e-03,3.105703974142670631e-03,5.957866907119750977e-01
4.814757704734802246e-01,1.288572698831558228e-02,1.196860917843878269e-03,6.352961529046297073e-03,3.687301184982061386e-03,4.944013059139251709e-01
5.725656747817993164e-01,1.300694420933723450e-02,8.438709191977977753e-04,5.593573674559593201e-03,9.116809233091771603e-04,4.070782065391540527e-01
7.671018242835998535e-01,7.555064745247364044e-03,7.655703229829668999e-04,6.065827328711748123e-03,6.524849450215697289e-04,2.178592383861541748e-01
8.023997545242309570e-01,4.467385821044445038e-03,3.224789106752723455e-04,3.424447029829025269e-03,3.122638154309242964e-04,1.890736371278762817e-01
7.817580103874206543e-01,1.297952956520020962e-03,1.334908884018659592e-04,2.246259711682796478e-03,1.171552576124668121e-04,2.144471853971481323e-01
6.558009982109069824e-01,6.990034598857164383e-04,6.137117452453821898e-05,1.274748123250901699e-03,6.614084850298240781e-05,3.420976698398590088e-01
6.001550555229187012e-01,3.031544038094580173e-04,2.604617293400224298e-05,9.811010677367448807e-04,3.047799145861063153e-05,3.985041975975036621e-01
4.570557177066802979e-01,8.373805903829634190e-04,6.429276254493743181e-05,1.887862803414463997e-03,8.012091711862012744e-05,5.400746464729309082e-01
3.572806417942047119e-01,9.440064313821494579e-04,7.610705506522208452e-05,1.742338063195347786e-03,1.373538980260491371e-04,6.398195028305053711e-01
3.954021930694580078e-01,1.655351021327078342e-03,1.653064391575753689e-04,2.230146666988730431e-03,4.381843027658760548e-04,6.001088023185729980e-01
3.826386332511901855e-01,2.749479375779628754e-03,4.057855985593050718e-04,2.312010619789361954e-03,1.009018742479383945e-03,6.108850836753845215e-01
4.565185308456420898e-01,8.051715791225433350e-03,1.581055694259703159e-03,4.538278095424175262e-03,5.175844766199588776e-03,5.241345763206481934e-01
4.228852391242980957e-01,1.054497249424457550e-02,2.545105293393135071e-03,6.343393120914697647e-03,5.626372992992401123e-03,5.520549416542053223e-01
4.614438116550445557e-01,9.368411265313625336e-03,9.755462524481117725e-04,5.868169944733381271e-03,1.628525322303175926e-03,5.207155346870422363e-01
5.284110307693481445e-01,1.140630058944225311e-02,1.773738535121083260e-03,1.108078565448522568e-02,4.665650893002748489e-03,4.426625370979309082e-01
2.775134444236755371e-01,1.974283251911401749e-03,3.329736937303096056e-04,3.541606012731790543e-03,8.507936145178973675e-04,7.157868742942810059e-01
2.241560369729995728e-01,4.745283222291618586e-04,8.955792873166501522e-05,1.032796106301248074e-03,3.332428459543734789e-04,7.739138007164001465e-01
3.293544948101043701e-01,9.197738254442811012e-04,2.017737861024215817e-04,1.076075015589594841e-03,7.853079005144536495e-04,6.676626205444335938e-01
3.727349042892456055e-01,6.550725083798170090e-04,1.024086304823867977e-04,6.373923970386385918e-04,2.133502130163833499e-04,6.256569623947143555e-01
7.200334668159484863e-01,1.995782833546400070e-03,2.639496815390884876e-04,1.241839141584932804e-03,3.843924496322870255e-04,2.760806083679199219e-01
8.177353143692016602e-01,2.957799239084124565e-03,5.082423449493944645e-04,1.547618885524570942e-03,6.755802896805107594e-04,1.765754520893096924e-01
6.918374896049499512e-01,2.763977739959955215e-03,5.680019967257976532e-04,1.954517094418406487e-03,1.542672282084822655e-03,3.013332486152648926e-01
5.182688236236572266e-01,2.346676774322986603e-03,3.480419400148093700e-04,1.451195101253688335e-03,1.064063748344779015e-03,4.765212535858154297e-01
4.778759479522705078e-01,1.268373802304267883e-03,1.897768524941056967e-04,1.009871601127088070e-03,5.664790514856576920e-04,5.190895795822143555e-01
4.093897342681884766e-01,8.257714798673987389e-04,9.701765520730987191e-05,8.310500998049974442e-04,2.483971766196191311e-04,5.886080265045166016e-01
5.066952109336853027e-01,1.020962488837540150e-03,1.274502283195033669e-04,9.363216231577098370e-04,2.240195026388391852e-04,4.909960031509399414e-01
4.615076482295989990e-01,1.138217281550168991e-03,1.263310405192896724e-04,1.116540748625993729e-03,2.248587406938895583e-04,5.358864068984985352e-01
5.050988197326660156e-01,2.003957284614443779e-03,3.007607592735439539e-04,2.281019231304526329e-03,5.418453947640955448e-04,4.897736012935638428e-01
6.416966915130615234e-01,4.192712251096963882e-03,3.781638515647500753e-04,3.553744172677397728e-03,4.480153147596865892e-04,3.497307598590850830e-01
6.077337861061096191e-01,4.085781518369913101e-03,3.351875930093228817e-04,3.795891767367720604e-03,4.799591552000492811e-04,3.835694491863250732e-01
5.876781344413757324e-01,6.354297511279582977e-03,3.220712533220648766e-04,8.095662109553813934e-03,3.879330179188400507e-04,3.971619606018066406e-01
6.435919404029846191e-01,3.939446993172168732e-03,2.401063393335789442e-04,3.471025498583912849e-03,3.115694853477180004e-04,3.484458923339843750e-01
7.439257502555847168e-01,3.442831104621291161e-03,2.833553007803857327e-04,2.533296588808298111e-03,4.045739769935607910e-04,2.494101971387863159e-01
6.325517296791076660e-01,2.306553767994046211e-03,1.944355317391455173e-04,1.503679668530821800e-03,3.839168930426239967e-04,3.630597293376922607e-01
6.700232028961181641e-01,1.992647536098957062e-03,3.388107579667121172e-04,1.424397341907024384e-03,9.293025941587984562e-04,3.252916336059570312e-01
5.507396459579467773e-01,1.586382510140538216e-03,2.144731406588107347e-04,1.156059443019330502e-03,5.191740347072482109e-04,4.457842111587524414e-01
4.246315062046051025e-01,3.274985821917653084e-03,3.643609816208481789e-04,1.579138683155179024e-03,1.162329106591641903e-03,5.689876079559326172e-01
3.650942742824554443e-01,6.542747840285301208e-03,4.408935492392629385e-04,2.653174567967653275e-03,1.174614997580647469e-03,6.240943074226379395e-01
5.639423131942749023e-01,3.339944407343864441e-03,2.809221914503723383e-04,2.829489530995488167e-03,4.556791682261973619e-04,4.291517436504364014e-01
6.065135002136230469e-01,2.682216698303818703e-03,1.557956129545345902e-04,2.693763701245188713e-03,2.168355276808142662e-04,3.877379596233367920e-01
6.340196132659912109e-01,6.441076984629034996e-04,3.310312240500934422e-05,1.168480492196977139e-03,4.322441964177414775e-05,3.640915453433990479e-01
6.355989575386047363e-01,1.778834848664700985e-04,1.548505133541766554e-05,6.041048909537494183e-04,1.803988379833754152e-05,3.635855317115783691e-01
6.899278163909912109e-01,1.856799499364569783e-04,1.340387007076060399e-05,7.985419360920786858e-04,1.200155838887440041e-05,3.090625107288360596e-01
5.572393536567687988e-01,2.398423821432515979e-04,2.705432416405528784e-05,7.925967220216989517e-04,3.217689663870260119e-05,4.416689276695251465e-01
6.441060304641723633e-01,1.116614439524710178e-03,1.622645941097289324e-04,2.202588133513927460e-03,2.463449200149625540e-04,3.521662354469299316e-01
5.682023763656616211e-01,2.909925533458590508e-03,2.455693320371210575e-04,2.782195573672652245e-03,3.029624931514263153e-04,4.255569875240325928e-01
3.627421259880065918e-01,1.831025118008255959e-03,1.806286745704710484e-04,1.303540193475782871e-03,3.972970880568027496e-04,6.335453391075134277e-01
3.983770012855529785e-01,2.383621176704764366e-03,1.174466160591691732e-04,1.210709218867123127e-03,2.207289071520790458e-04,5.976904630661010742e-01
3.894365131855010986e-01,1.901204814203083515e-03,7.639087561983615160e-05,1.318031689152121544e-03,9.290577872889116406e-05,6.071749925613403320e-01
4.726993143558502197e-01,2.394755370914936066e-03,1.751844974933192134e-04,2.080274280160665512e-03,2.495364751666784286e-04,5.224009156227111816e-01
7.171032428741455078e-01,3.138352185487747192e-03,5.167797789908945560e-04,2.640640130266547203e-03,9.418285335414111614e-04,2.756591439247131348e-01
6.053193211555480957e-01,1.259250659495592117e-02,1.442063017748296261e-03,4.808756522834300995e-03,4.995842464268207550e-03,3.708415925502777100e-01
5.488846302032470703e-01,9.634505957365036011e-03,8.268729434348642826e-04,6.304093636572360992e-03,3.344678087159991264e-03,4.310052096843719482e-01
6.134266257286071777e-01,3.090151119977235794e-03,1.754446129780262709e-04,2.378568751737475395e-03,7.246888126246631145e-04,3.802044987678527832e-01
6.982329487800598145e-01,2.074637915939092636e-03,9.916529961628839374e-05,2.345904242247343063e-03,1.215527081512846053e-04,2.971258163452148438e-01
5.315704941749572754e-01,2.077985322102904320e-03,4.857191379414871335e-05,2.077098703011870384e-03,5.559166311286389828e-05,4.641702771186828613e-01
4.796307384967803955e-01,1.659658388234674931e-03,4.566821007756516337e-05,3.282501362264156342e-03,5.283513019094243646e-05,5.153286457061767578e-01
4.132110476493835449e-01,3.098623128607869148e-03,8.671994146425276995e-05,5.554955918341875076e-03,9.597109601600095630e-05,5.779527425765991211e-01
1.291826814413070679e-01,8.399434154853224754e-04,2.319820487173274159e-05,1.573779154568910599e-03,3.194024247932247818e-05,8.683484196662902832e-01
1.051191240549087524e-01,3.208616981282830238e-04,1.099741257348796353e-05,1.051689847372472286e-03,1.352802883047843352e-05,8.934838175773620605e-01
1.688950359821319580e-01,1.531893620267510414e-03,5.330098429112695158e-05,2.423475962132215500e-03,5.393535320763476193e-05,8.270423412322998047e-01
3.166462182998657227e-01,1.814606366679072380e-03,1.369576784782111645e-04,3.198633203282952309e-03,1.387904485454782844e-04,6.780647635459899902e-01
4.848512411117553711e-01,2.097723539918661118e-03,1.028111073537729681e-04,1.694848062470555305e-03,1.213629948324523866e-04,5.111320614814758301e-01
7.439620494842529297e-01,1.262811128981411457e-03,1.655195519560948014e-04,1.394677441567182541e-03,3.246577398385852575e-04,2.528902292251586914e-01
7.217457294464111328e-01,1.229885267093777657e-03,2.169166982639580965e-04,2.352702897042036057e-03,4.132585017941892147e-04,2.740414440631866455e-01
6.377254724502563477e-01,9.894999675452709198e-04,2.194421540480107069e-04,2.294138306751847267e-03,4.110337758902460337e-04,3.583602607250213623e-01
6.117366552352905273e-01,1.624635537154972553e-03,4.645326407626271248e-04,4.400592762976884842e-03,1.068107667379081249e-03,3.807054758071899414e-01
6.514946222305297852e-01,2.343426458537578583e-03,7.050320855341851711e-04,3.348493482917547226e-03,1.283617806620895863e-03,3.408248126506805420e-01
5.666580796241760254e-01,1.935552456416189671e-03,3.126639930997043848e-04,1.973340054973959923e-03,5.358268390409648418e-04,4.285844564437866211e-01
5.918210744857788086e-01,1.936842803843319416e-03,3.140628105029463768e-04,1.396354637108743191e-03,6.536311702802777290e-04,4.038780033588409424e-01
6.112045645713806152e-01,3.839334240183234215e-03,9.301415993832051754e-04,2.183991950005292892e-03,2.201367868110537529e-03,3.796405792236328125e-01
4.379953444004058838e-01,3.286904888227581978e-03,4.707831249106675386e-04,2.624481683596968651e-03,7.563558174297213554e-04,5.548660159111022949e-01
4.456707239151000977e-01,8.622171590104699135e-04,1.087730197468772531e-04,1.092094229534268379e-03,1.537939970148727298e-04,5.521124601364135742e-01
5.387989878654479980e-01,5.290490225888788700e-04,7.703569281147792935e-05,1.000182353891432285e-03,9.468741336604580283e-05,4.595000445842742920e-01
4.090775251388549805e-01,1.843483041739091277e-04,1.010646883514709771e-05,4.464663797989487648e-04,1.159405292128212750e-05,5.902699828147888184e-01
4.728219211101531982e-01,2.226933575002476573e-04,1.424724359821993858e-05,5.127378972247242928e-04,2.004712405323516577e-05,5.264083743095397949e-01
6.253145933151245117e-01,7.589725428260862827e-04,8.375656761927530169e-05,7.499714265577495098e-04,2.227716904599219561e-04,3.728698492050170898e-01
5.384381413459777832e-01,7.879785844124853611e-04,6.128840323071926832e-05,1.065822783857584000e-03,1.559150405228137970e-04,4.594908356666564941e-01
6.961917281150817871e-01,1.344154705293476582e-03,2.730228588916361332e-04,1.319506554864346981e-03,8.129728375934064388e-04,3.000585734844207764e-01
7.417858242988586426e-01,3.352424129843711853e-03,5.121299764141440392e-04,1.731190481223165989e-03,1.419817679561674595e-03,2.511987388134002686e-01
6.489099264144897461e-01,3.745153080672025681e-03,1.274947426281869411e-04,1.958110835403203964e-03,2.286665840074419975e-04,3.450306355953216553e-01
7.566951513290405273e-01,3.529266687110066414e-03,2.581723092589527369e-04,1.339308219030499458e-03,6.841227877885103226e-04,2.374940216541290283e-01
6.300359368324279785e-01,6.753029301762580872e-03,4.596899088937789202e-04,2.629871945828199387e-03,1.315315836109220982e-03,3.588061332702636719e-01
6.520587205886840820e-01,4.236803855746984482e-03,3.610368003137409687e-04,2.457134891301393509e-03,1.018746988847851753e-03,3.398674726486206055e-01
5.372071862220764160e-01,1.012182235717773438e-02,1.683310954831540585e-03,3.211165079846978188e-03,1.742786169052124023e-02,4.303487539291381836e-01
4.266975820064544678e-01,4.010078497231006622e-03,1.329469727352261543e-03,2.419810276478528976e-03,2.647296525537967682e-02,5.390701293945312500e-01
4.566198885440826416e-01,4.211571533232927322e-03,8.306390373036265373e-04,5.171522963792085648e-03,6.322851870208978653e-03,5.268435478210449219e-01
6.496866941452026367e-01,3.921024035662412643e-03,1.022010459564626217e-03,3.044600598514080048e-03,1.060620695352554321e-02,3.317195177078247070e-01
7.604470252990722656e-01,3.888098290190100670e-03,7.977244094945490360e-04,4.433275666087865829e-03,2.321916632354259491e-03,2.281120270490646362e-01
5.837588906288146973e-01,3.898794762790203094e-03,9.828526526689529419e-04,1.216642931103706360e-02,3.330306382849812508e-03,3.958627879619598389e-01
6.477008461952209473e-01,3.681792411953210831e-03,6.853481172583997250e-04,8.083711378276348114e-03,1.729233423247933388e-03,3.381191492080688477e-01
7.048149704933166504e-01,5.436978768557310104e-03,1.568478764966130257e-03,2.191033028066158295e-02,2.902920357882976532e-03,2.633662223815917969e-01
8.265464305877685547e-01,2.432416193187236786e-03,7.013717549853026867e-04,1.038439199328422546e-02,7.793093682266771793e-04,1.591560691595077515e-01
8.159402012825012207e-01,7.587812375277280807e-03,1.350086531601846218e-03,1.607391424477100372e-02,1.192035153508186340e-03,1.578560173511505127e-01
8.777403831481933594e-01,5.533579736948013306e-03,1.722789369523525238e-03,1.336913090199232101e-02,1.494634430855512619e-03,1.001395285129547119e-01
8.060340881347656250e-01,4.559715744107961655e-03,8.545623277314007282e-04,8.189404383301734924e-03,1.094414154067635536e-03,1.792677789926528931e-01
6.458641886711120605e-01,1.263482263311743736e-03,1.506883709225803614e-04,3.908982500433921814e-03,2.158581191906705499e-04,3.485968410968780518e-01
5.689886212348937988e-01,2.944437146652489901e-04,3.117761298199184239e-05,6.633667508140206337e-04,9.600496559869498014e-05,4.299264550209045410e-01
5.365260243415832520e-01,5.221965257078409195e-04,6.969353125896304846e-05,1.269001746550202370e-03,3.096230502706021070e-04,4.613033831119537354e-01
4.036189317703247070e-01,4.488081613089889288e-04,3.441551234573125839e-05,5.659057642333209515e-04,1.149599775089882314e-04,5.952170491218566895e-01
5.206725597381591797e-01,8.296319283545017242e-04,6.736653449479490519e-05,1.169125898741185665e-03,1.262616715393960476e-04,4.771350622177124023e-01
3.552118837833404541e-01,1.709077390842139721e-03,2.221201284555718303e-04,4.311102908104658127e-03,5.773590528406202793e-04,6.379684805870056152e-01
1.950017958879470825e-01,1.494822907261550426e-03,6.103668420109897852e-05,2.647034358233213425e-03,7.763500616420060396e-05,8.007176518440246582e-01
1.602518260478973389e-01,5.890554166398942471e-04,1.780493585101794451e-05,1.508327550254762173e-03,2.144159225281327963e-05,8.376114964485168457e-01
1.055795922875404358e-01,7.600423414260149002e-04,1.475673980166902766e-05,1.121997367590665817e-03,1.989074007724411786e-05,8.925037384033203125e-01
8.888097852468490601e-02,1.249879831448197365e-03,2.161575685022398829e-05,1.034565968438982964e-03,3.041985291929449886e-05,9.087825417518615723e-01
1.607187539339065552e-01,1.036579255014657974e-03,4.322479799157008529e-05,9.875966934487223625e-04,8.183997852029278874e-05,8.371319770812988281e-01
9.570855647325515747e-02,9.375546360388398170e-04,9.692540334071964025e-05,1.420719432644546032e-03,2.751739521045237780e-04,9.015610218048095703e-01
1.411511600017547607e-01,8.441304671578109264e-04,1.398698659613728523e-04,1.201486564241349697e-03,3.747735754586756229e-04,8.562886118888854980e-01
1.126342415809631348e-01,3.905401681549847126e-04,7.179101521614938974e-05,8.953686337918043137e-04,1.798319572117179632e-04,8.858281970024108887e-01
1.320744901895523071e-01,4.207701131235808134e-04,8.986976899905130267e-05,7.017826428636908531e-04,2.254573337268084288e-04,8.664876222610473633e-01
1.687317937612533569e-01,7.294633542187511921e-04,1.459337217966094613e-04,6.973175331950187683e-04,5.625060293823480606e-04,8.291329741477966309e-01
3.350485265254974365e-01,1.935433479957282543e-03,5.813860916532576084e-04,1.345918630249798298e-03,3.987998701632022858e-03,6.571007966995239258e-01
6.329888701438903809e-01,5.544961430132389069e-03,1.767927664332091808e-03,2.726291073486208916e-03,1.180298440158367157e-02,3.451688587665557861e-01
7.564676403999328613e-01,4.424378275871276855e-03,1.276126364246010780e-03,2.691482892259955406e-03,8.812014013528823853e-03,2.263284176588058472e-01
7.940490245819091797e-01,3.165222238749265671e-03,4.361958126537501812e-04,3.032438457012176514e-03,1.305395970121026039e-03,1.980116665363311768e-01
7.256836891174316406e-01,4.539025481790304184e-03,5.793972522951662540e-04,4.114413633942604065e-03,1.884450670331716537e-03,2.631990611553192139e-01
7.470539212226867676e-01,3.029307117685675621e-03,3.286431892774999142e-04,7.196305785328149796e-03,3.726001014001667500e-04,2.420192062854766846e-01
8.349470496177673340e-01,9.817712940275669098e-03,9.094038396142423153e-04,1.860734820365905762e-02,6.043238681741058826e-04,1.351140439510345459e-01
8.378260731697082520e-01,4.082832951098680496e-03,6.555942236445844173e-04,1.463568862527608871e-02,4.315360856708139181e-04,1.423682272434234619e-01
8.253417015075683594e-01,6.143856793642044067e-03,1.057806308381259441e-03,1.505453791469335556e-02,1.059007947333157063e-03,1.513430774211883545e-01
6.663618683815002441e-01,4.344124812632799149e-03,2.256184816360473633e-04,7.296725641936063766e-03,2.665663196239620447e-04,3.215050697326660156e-01
5.143541097640991211e-01,7.707501295953989029e-03,4.532425664365291595e-04,9.113162755966186523e-03,8.863857947289943695e-04,4.674856066703796387e-01
5.120162367820739746e-01,1.062776707112789154e-02,3.986424417234957218e-04,8.790474385023117065e-03,9.517915896140038967e-04,4.672150015830993652e-01
5.548213124275207520e-01,7.727141026407480240e-03,3.766521695069968700e-04,4.881193395704030991e-03,7.761934539303183556e-04,4.314174950122833252e-01
7.052367925643920898e-01,1.224808488041162491e-02,6.894858670420944691e-04,3.196649020537734032e-03,2.160308882594108582e-03,2.764687240123748779e-01
7.041406035423278809e-01,4.232148639857769012e-03,4.066094988957047462e-04,2.493772888556122780e-03,1.291493303142488003e-03,2.874353229999542236e-01
7.050018906593322754e-01,2.468628576025366783e-03,1.731408119667321444e-04,1.453700358979403973e-03,2.785322431009262800e-04,2.906242012977600098e-01
6.529579162597656250e-01,1.414005761034786701e-03,1.142781184171326458e-04,1.264069811441004276e-03,1.751687086652964354e-04,3.440745472908020020e-01
5.558702945709228516e-01,7.622710545547306538e-04,4.040622661705128849e-05,9.402338764630258083e-04,4.522870949585922062e-05,4.423415660858154297e-01
4.440297484397888184e-01,1.071125618182122707e-03,1.008635954349301755e-04,1.700824825093150139e-03,2.369908324908465147e-04,5.528604388236999512e-01
5.079101920127868652e-01,1.874551177024841309e-03,2.116813120665028691e-04,2.429192420095205307e-03,8.051007171161472797e-04,4.867693185806274414e-01
5.852106809616088867e-01,1.476855715736746788e-03,3.071634564548730850e-04,2.201506635174155235e-03,1.182421226985752583e-03,4.096214175224304199e-01
3.948646783828735352e-01,5.870804656296968460e-03,9.359424002468585968e-04,4.902456421405076981e-03,3.980918321758508682e-03,5.894451737403869629e-01
3.514720797538757324e-01,6.782898679375648499e-03,5.622679018415510654e-04,4.809589125216007233e-03,1.419834559783339500e-03,6.349533200263977051e-01
3.503723144531250000e-01,7.004335988312959671e-03,5.940300179645419121e-04,7.461447268724441528e-03,9.805239969864487648e-04,6.335873603820800781e-01
5.087676644325256348e-01,1.009947061538696289e-02,5.318322801031172276e-04,7.867110893130302429e-03,6.498483126051723957e-04,4.720839858055114746e-01
7.208948731422424316e-01,1.037859823554754257e-02,1.085798605345189571e-03,6.069576367735862732e-03,1.551996450871229172e-03,2.600191831588745117e-01
7.925119996070861816e-01,5.222808104008436203e-03,7.012229762040078640e-04,2.074807649478316307e-03,1.049331622198224068e-03,1.984398663043975830e-01
7.113273739814758301e-01,3.726240945979952812e-03,5.088542820885777473e-04,1.738993334583938122e-03,7.487988332286477089e-04,2.819497585296630859e-01
8.062705397605895996e-01,3.596548922359943390e-03,4.519899666775017977e-04,1.407580799423158169e-03,5.156600964255630970e-04,1.877576410770416260e-01
7.507954239845275879e-01,4.332984331995248795e-03,4.616741789504885674e-04,1.414853846654295921e-03,4.435173177625983953e-04,2.425516396760940552e-01
7.665459513664245605e-01,1.955600921064615250e-03,2.264625363750383258e-04,1.182945678010582924e-03,1.994161284528672695e-04,2.298897355794906616e-01
6.501014828681945801e-01,1.900775474496185780e-03,2.555264218244701624e-04,2.358707366511225700e-03,2.426999417366459966e-04,3.451407849788665771e-01
6.933988928794860840e-01,1.167263952083885670e-03,3.462886670604348183e-04,2.587632043287158012e-03,5.288609536364674568e-04,3.019711375236511230e-01
7.216608524322509766e-01,1.671246485784649849e-03,4.840860492549836636e-04,3.436780534684658051e-03,9.068827494047582150e-04,2.718400955200195312e-01
6.620070934295654297e-01,1.173009746707975864e-03,3.914994886144995689e-04,2.254513558000326157e-03,7.351923850364983082e-04,3.334386348724365234e-01
5.434570908546447754e-01,5.645828205160796642e-04,1.771246315911412239e-04,1.375724677927792072e-03,4.031424177810549736e-04,4.540223479270935059e-01
6.852664947509765625e-01,5.890098400413990021e-04,1.493400195613503456e-04,1.174831762909889221e-03,1.970651210285723209e-04,3.126232922077178955e-01
6.618100404739379883e-01,6.148411193862557411e-04,7.762804307276383042e-05,8.919549291022121906e-04,7.878661563154309988e-05,3.365267217159271240e-01
7.828806638717651367e-01,1.075472682714462280e-03,1.572846813360229135e-04,1.204568776302039623e-03,1.993527839658781886e-04,2.144826501607894897e-01
8.214630484580993652e-01,2.434608526527881622e-03,3.976622247137129307e-04,1.719590742141008377e-03,8.257220033556222916e-04,1.731593310832977295e-01
9.046195149421691895e-01,1.721997396089136600e-03,3.836852556560188532e-04,7.576691568829119205e-04,1.085891737602651119e-03,9.143125265836715698e-02
9.017819166183471680e-01,1.331331324763596058e-03,8.071537595242261887e-04,6.901305750943720341e-04,5.669563543051481247e-03,8.971998095512390137e-02
9.180589914321899414e-01,8.428544388152658939e-04,5.717542953789234161e-04,1.057179295457899570e-03,1.872853492386639118e-03,7.759644091129302979e-02
9.092360138893127441e-01,4.956269985996186733e-04,2.741308708209544420e-04,7.173060439527034760e-04,5.633953842334449291e-04,8.871346712112426758e-02
9.134214520454406738e-01,4.459910560399293900e-04,1.798747398424893618e-04,6.132426788099110126e-04,3.076830471400171518e-04,8.503164350986480713e-02
8.679480552673339844e-01,1.345957047306001186e-03,2.772643347270786762e-04,1.279990072362124920e-03,5.046243895776569843e-04,1.286440491676330566e-01
7.906678318977355957e-01,1.938954810611903667e-03,1.081571565009653568e-03,1.141274464316666126e-03,9.135024622082710266e-03,1.960354447364807129e-01
6.523958444595336914e-01,2.849005628377199173e-03,1.479270053096115589e-03,1.536400755867362022e-03,2.164309844374656677e-02,3.200964331626892090e-01
6.898944973945617676e-01,5.565538536757230759e-03,3.028137842193245888e-03,1.398897380568087101e-03,6.464423239231109619e-02,2.354686111211776733e-01
7.151791453361511230e-01,6.144602783024311066e-03,2.243082970380783081e-03,2.076232573017477989e-03,2.914847619831562042e-02,2.452084273099899292e-01
7.533411979675292969e-01,7.440438028424978256e-03,1.461732434108853340e-03,3.014478366822004318e-03,6.889363285154104233e-03,2.278528064489364624e-01
7.150002717971801758e-01,8.483468554913997650e-03,1.465391134843230247e-03,4.192170687019824982e-03,5.129736382514238358e-03,2.657288610935211182e-01
7.658104300498962402e-01,5.150572396814823151e-03,6.786408484913408756e-04,2.256498672068119049e-03,1.164321321994066238e-03,2.249394655227661133e-01
7.418200373649597168e-01,2.597176702693104744e-03,4.960884689353406429e-04,1.914578722789883614e-03,9.623912046663463116e-04,2.522096931934356689e-01
7.910326123237609863e-01,1.071247272193431854e-03,2.350823342567309737e-04,9.447843185625970364e-04,3.281347453594207764e-04,2.063881158828735352e-01
8.824473619461059570e-01,1.897273003123700619e-03,2.097360702464357018e-04,8.670209790579974651e-04,2.247536031063646078e-04,1.143537312746047974e-01
7.675577402114868164e-01,4.740193020552396774e-03,4.178538802079856396e-04,2.142362063750624657e-03,5.337899783626198769e-04,2.246080487966537476e-01
6.427918076515197754e-01,4.746400285512208939e-03,3.181296051479876041e-04,3.897296031937003136e-03,4.077341291122138500e-04,3.478386104106903076e-01
4.643532633781433105e-01,1.325864926911890507e-03,5.795449033030308783e-05,1.360773225314915180e-03,7.559396908618509769e-05,5.328265428543090820e-01
3.629912734031677246e-01,9.209793643094599247e-04,6.232046871446073055e-05,1.618048525415360928e-03,9.530236275168135762e-05,6.343120336532592773e-01
1.985331624746322632e-01,3.627869009505957365e-04,2.076834061881527305e-05,6.887529161758720875e-04,2.535653948143590242e-05,8.003691434860229492e-01
1.236706897616386414e-01,3.129048855043947697e-04,1.430347401765175164e-05,3.872672677971422672e-04,1.707520641502924263e-05,8.755977153778076172e-01
1.122397407889366150e-01,9.859773563221096992e-04,4.745374826597981155e-05,1.052769366651773453e-03,5.494047945830971003e-05,8.856191039085388184e-01
8.479140698909759521e-02,1.750238589011132717e-03,8.634402911411598325e-05,1.495356089435517788e-03,1.244599698111414909e-04,9.117522239685058594e-01
1.286530345678329468e-01,5.016470327973365784e-03,3.220536164008080959e-04,3.575826995074748993e-03,3.595024754758924246e-04,8.620731830596923828e-01
2.506752908229827881e-01,5.520035047084093094e-03,5.163640016689896584e-04,4.041641484946012497e-03,8.153194212354719639e-04,7.384313344955444336e-01
3.742734491825103760e-01,4.654349293559789658e-03,7.322664605453610420e-04,4.284494556486606598e-03,1.726949471049010754e-03,6.143284440040588379e-01
4.086788892745971680e-01,2.790699712932109833e-03,2.863792760763317347e-04,2.696145791560411453e-03,5.929080070927739143e-04,5.849549770355224609e-01
5.157353878021240234e-01,2.111612819135189056e-03,2.042961714323610067e-04,2.218004316091537476e-03,5.286370287649333477e-04,4.792021512985229492e-01
7.952779531478881836e-01,2.178545109927654266e-03,1.863241195678710938e-04,1.777179772034287453e-03,2.925514418166130781e-04,2.002874910831451416e-01
7.562286853790283203e-01,1.040270086377859116e-03,5.378591959015466273e-05,1.233054907061159611e-03,5.164334652363322675e-05,2.413925528526306152e-01
8.050080537796020508e-01,1.669599558226764202e-03,1.438264735043048859e-04,1.160858781076967716e-03,2.599742729216814041e-04,1.917576640844345093e-01
7.658508419990539551e-01,3.711038734763860703e-03,2.631875395309180021e-04,1.900156610645353794e-03,5.907393060624599457e-04,2.276840209960937500e-01
6.194124817848205566e-01,2.654711250215768814e-03,2.927359601017087698e-04,2.345839748159050941e-03,5.628087674267590046e-04,3.747314512729644775e-01
5.340512394905090332e-01,4.048272036015987396e-03,4.816550936084240675e-04,3.052467014640569687e-03,1.308891107328236103e-03,4.570575058460235596e-01
6.406987309455871582e-01,2.054578159004449844e-03,3.143255307804793119e-04,2.020418876782059669e-03,4.950487054884433746e-04,3.544170260429382324e-01
3.370368480682373047e-01,6.964391795918345451e-04,1.163704582722857594e-04,1.047686324454843998e-03,2.273088321089744568e-04,6.608753204345703125e-01
4.075133800506591797e-01,1.361542381346225739e-03,2.595834375824779272e-04,1.480904640629887581e-03,6.544967764057219028e-04,5.887301564216613770e-01
5.860918164253234863e-01,3.912882879376411438e-03,1.019232673570513725e-03,2.854743739590048790e-03,2.365611959248781204e-03,4.037557542324066162e-01
4.205135703086853027e-01,3.179841442033648491e-03,7.417399319820106030e-04,3.832072485238313675e-03,2.265790244564414024e-03,5.694670081138610840e-01
4.090437293052673340e-01,4.365367349237203598e-03,1.088222372345626354e-03,4.242736380547285080e-03,3.434159560129046440e-03,5.778257846832275391e-01
4.226322770118713379e-01,2.455378882586956024e-03,4.138998629059642553e-04,2.243442460894584656e-03,1.042842050082981586e-03,5.712121129035949707e-01
3.124230206012725830e-01,1.105969189666211605e-03,1.790124515537172556e-04,1.307151280343532562e-03,3.865415055770426989e-04,6.845982670783996582e-01
3.341087996959686279e-01,1.089490600861608982e-03,2.392025780864059925e-04,6.683477549813687801e-04,1.070851925760507584e-03,6.628232598304748535e-01
4.922150969505310059e-01,9.090049425140023232e-04,2.372846502112224698e-04,6.509689847007393837e-04,9.609969565644860268e-04,5.050266385078430176e-01
7.854763865470886230e-01,1.020302646793425083e-03,3.095669089816510677e-04,6.170247215777635574e-04,8.341213688254356384e-04,2.117426842451095581e-01
7.690278887748718262e-01,3.083693794906139374e-03,6.476608105003833771e-04,1.289535313844680786e-03,1.914945431053638458e-03,2.240362763404846191e-01
7.517017126083374023e-01,5.349715240299701691e-03,6.653603632003068924e-04,1.746055204421281815e-03,1.105116913095116615e-03,2.394319474697113037e-01
6.192469596862792969e-01,3.812145674601197243e-03,3.653168096207082272e-04,1.449574832804501057e-03,8.077645907178521156e-04,3.743182122707366943e-01
4.556756615638732910e-01,1.711270189844071865e-03,1.896416652016341686e-04,1.270441920496523380e-03,5.194046534597873688e-04,5.406336784362792969e-01
6.370933651924133301e-01,1.091120648197829723e-03,1.075724212569184601e-04,7.154822815209627151e-04,2.247848606202751398e-04,3.607676029205322266e-01
6.454244256019592285e-01,3.488655202090740204e-04,3.074867345276288688e-05,4.376759752631187439e-04,4.074360913364216685e-05,3.537175357341766357e-01
6.698790788650512695e-01,3.086874494329094887e-04,3.936408393201418221e-05,5.137343541719019413e-04,5.300220072967931628e-05,3.292060196399688721e-01
6.627939343452453613e-01,2.948025357909500599e-04,2.243591916339937598e-05,4.938506172038614750e-04,2.381392914685420692e-05,3.363711833953857422e-01
5.826802253723144531e-01,3.905638877768069506e-04,2.587902054074220359e-05,1.169243245385587215e-03,2.808990939229261130e-05,4.157059490680694580e-01
5.792317390441894531e-01,3.178254701197147369e-04,3.655203545349650085e-05,2.374839736148715019e-03,3.815427771769464016e-05,4.180009067058563232e-01
7.192393541336059570e-01,1.075215172022581100e-03,1.238649565493687987e-04,6.994797382503747940e-03,8.272773993667215109e-05,2.724840939044952393e-01
8.047506213188171387e-01,1.849274849519133568e-03,2.406675921520218253e-04,9.192980825901031494e-03,1.508561981609091163e-04,1.838154941797256470e-01
5.981740951538085938e-01,3.430430078878998756e-03,4.158756637480109930e-04,1.119390875101089478e-02,3.967598604504019022e-04,3.863889873027801514e-01
4.808463752269744873e-01,9.689498692750930786e-03,7.118217181414365768e-04,1.088501140475273132e-02,1.002572476863861084e-03,4.968646764755249023e-01
1.844374388456344604e-01,3.504575928673148155e-03,2.948220062535256147e-04,2.783454488962888718e-03,8.852166938595473766e-04,8.080944418907165527e-01
2.210243642330169678e-01,8.250541053712368011e-03,7.393060368485748768e-04,4.745909478515386581e-03,1.792193856090307236e-03,7.634477615356445312e-01
2.507317960262298584e-01,7.226589601486921310e-03,1.426202128641307354e-03,4.858699161559343338e-03,4.222204443067312241e-03,7.315346002578735352e-01
2.735780179500579834e-01,4.152766894549131393e-03,6.900961743667721748e-04,2.273390768095850945e-03,1.822160440497100353e-03,7.174835205078125000e-01
5.223684906959533691e-01,4.725839942693710327e-03,6.664394168183207512e-04,3.435948397964239120e-03,9.827404282987117767e-04,4.678205847740173340e-01
4.430482387542724609e-01,9.536332450807094574e-03,7.774336263537406921e-04,3.541035810485482216e-03,1.345147611573338509e-03,5.417518615722656250e-01
3.225620687007904053e-01,3.410915145650506020e-03,1.177613812615163624e-04,1.588681363500654697e-03,1.629968319321051240e-04,6.721575260162353516e-01
3.118081092834472656e-01,3.735974896699190140e-03,2.112601068802177906e-04,3.865231992676854134e-03,4.757400311063975096e-04,6.799036860466003418e-01
2.714602351188659668e-01,4.113150294870138168e-03,4.559574881568551064e-04,4.771529231220483780e-03,1.401207060553133488e-03,7.177978754043579102e-01
3.958044648170471191e-01,9.983450872823596001e-04,1.240640558535233140e-04,1.428095391020178795e-03,4.537484201136976480e-04,6.011912822723388672e-01
4.747885167598724365e-01,1.285402104258537292e-03,2.506205637473613024e-04,2.166694030165672302e-03,1.347202807664871216e-03,5.201615691184997559e-01
4.983363151550292969e-01,8.064355934038758278e-04,1.868436665972694755e-04,1.260660821571946144e-03,6.986193475313484669e-04,4.987111687660217285e-01
5.483184456825256348e-01,1.360497437417507172e-03,2.371607261011376977e-04,1.534396200440824032e-03,1.030629733577370644e-03,4.475189149379730225e-01
5.346567034721374512e-01,4.138202406466007233e-03,5.688533419743180275e-04,5.908565595746040344e-03,1.221833634190261364e-03,4.535058140754699707e-01
4.348496794700622559e-01,4.752824548631906509e-03,7.760371081531047821e-04,8.726276457309722900e-03,1.058559399098157883e-03,5.498366355895996094e-01
5.912629961967468262e-01,5.462271161377429962e-03,1.455235178582370281e-03,8.466462604701519012e-03,2.945904154330492020e-03,3.904070556163787842e-01
7.026876807212829590e-01,9.184224531054496765e-03,2.976165618747472763e-03,9.900670498609542847e-03,7.341975811868906021e-03,2.679093182086944580e-01
8.695315122604370117e-01,3.840833902359008789e-03,1.234920928254723549e-03,2.250364283099770546e-03,1.690317527391016483e-03,1.214519590139389038e-01
8.763384819030761719e-01,3.145219990983605385e-03,4.761879972647875547e-04,1.057463116012513638e-03,1.167286769486963749e-03,1.178154423832893372e-01
8.301423192024230957e-01,7.786767091602087021e-03,8.846117998473346233e-04,1.560996402986347675e-03,2.977364929392933846e-03,1.566480100154876709e-01
8.289495706558227539e-01,3.684859722852706909e-03,4.161298566032201052e-04,1.353350700810551643e-03,8.806769619695842266e-04,1.647154986858367920e-01
8.156403899192810059e-01,4.999107215553522110e-03,5.486046429723501205e-04,1.931302831508219242e-03,9.289059089496731758e-04,1.759516447782516479e-01
8.486424088478088379e-01,1.640945323742926121e-03,2.424804988550022244e-04,1.096610911190509796e-03,4.473914450500160456e-04,1.479301154613494873e-01
8.560455441474914551e-01,4.421399789862334728e-04,1.332259853370487690e-04,8.341089123860001564e-04,1.752390235196799040e-04,1.423695534467697144e-01
6.149136424064636230e-01,5.575984250754117966e-04,1.060078648151829839e-04,1.561461482197046280e-03,1.249430497409775853e-04,3.827363848686218262e-01
4.366200268268585205e-01,4.408530367072671652e-04,8.727646491024643183e-05,1.632312661968171597e-03,1.452529104426503181e-04,5.610743761062622070e-01
2.582119107246398926e-01,3.632281208410859108e-03,4.352678661234676838e-04,5.268401466310024261e-03,1.179956831037998199e-03,7.312722206115722656e-01
1.926339566707611084e-01,1.142824906855821609e-02,9.976169094443321228e-04,7.902606390416622162e-03,4.562962800264358521e-03,7.824745774269104004e-01
2.591498792171478271e-01,2.224412187933921814e-02,1.346989185549318790e-03,1.095829438418149948e-02,5.073584150522947311e-03,7.012271881103515625e-01
3.404327630996704102e-01,2.537454664707183838e-02,2.203474752604961395e-03,5.643513053655624390e-03,1.699152775108814240e-02,6.093541383743286133e-01
4.383827149868011475e-01,1.852841861546039581e-02,2.036519814282655716e-03,7.349227555096149445e-03,1.018019858747720718e-02,5.235228538513183594e-01
5.725110173225402832e-01,3.640010720118880272e-03,7.385456119664013386e-04,1.876431400887668133e-03,2.166083548218011856e-03,4.190679490566253662e-01
6.473895311355590820e-01,5.001431331038475037e-03,1.139734755270183086e-03,2.662463812157511711e-03,4.069149028509855270e-03,3.397378325462341309e-01
6.103972792625427246e-01,1.747838407754898071e-02,1.822816208004951477e-03,5.036425776779651642e-03,3.627006430178880692e-03,3.616380691528320312e-01
5.775089859962463379e-01,1.073699723929166794e-02,1.120669534429907799e-03,6.941514089703559875e-03,3.432664787396788597e-03,4.002591669559478760e-01
5.837976336479187012e-01,1.198160555213689804e-02,1.473763957619667053e-03,7.429972290992736816e-03,3.870605956763029099e-03,3.914463520050048828e-01
7.811924219131469727e-01,5.484256427735090256e-03,1.008547493256628513e-03,4.513345658779144287e-03,2.525203162804245949e-03,2.052762657403945923e-01
5.931415557861328125e-01,8.695112192071974277e-04,1.603942946530878544e-04,1.296521513722836971e-03,3.169975825585424900e-04,4.042150676250457764e-01
5.294631719589233398e-01,6.785409059375524521e-04,1.380510802846401930e-04,1.105388044379651546e-03,3.430431825108826160e-04,4.682718217372894287e-01
5.355099439620971680e-01,8.220181334763765335e-04,7.092932355590164661e-05,7.532788440585136414e-04,9.064647747436538339e-05,4.627531468868255615e-01
5.779967904090881348e-01,4.210160113871097565e-04,3.431840741541236639e-05,4.808279627468436956e-04,4.784710472449660301e-05,4.210192561149597168e-01
8.129606246948242188e-01,8.214280242100358009e-04,6.619894702453166246e-05,8.293739520013332367e-04,7.307442865567281842e-05,1.852493584156036377e-01
8.166443705558776855e-01,1.324877259321510792e-03,9.386474994244053960e-05,1.320772804319858551e-03,1.214739459101110697e-04,1.804945915937423706e-01
8.447531461715698242e-01,1.276279450394213200e-03,1.260391290998086333e-04,2.203833078965544701e-03,1.554506307002156973e-04,1.514851450920104980e-01
7.499502897262573242e-01,9.420689893886446953e-04,1.013401197269558907e-04,1.765039865858852863e-03,1.367080258205533028e-04,2.471044361591339111e-01
7.319428920745849609e-01,1.238258904777467251e-03,1.184209831990301609e-04,2.486529760062694550e-03,1.560092059662565589e-04,2.640579640865325928e-01
7.536310553550720215e-01,9.698634967207908630e-04,1.026189856929704547e-04,1.924775191582739353e-03,1.214515432366169989e-04,2.432501912117004395e-01
7.718024849891662598e-01,2.730113919824361801e-03,2.304723602719604969e-04,3.989212214946746826e-03,1.829555985750630498e-04,2.210647165775299072e-01
6.518935561180114746e-01,3.248009830713272095e-03,3.035640984307974577e-04,3.718047169968485832e-03,3.621908836066722870e-04,3.404745757579803467e-01
5.814589858055114746e-01,3.726623486727476120e-03,3.337606904096901417e-04,3.751725889742374420e-03,3.579832846298813820e-04,4.103709161281585693e-01
5.639489293098449707e-01,3.081711940467357635e-03,3.410968638490885496e-04,2.318032085895538330e-03,3.732636105269193649e-04,4.299369752407073975e-01
5.753682255744934082e-01,4.993777256458997726e-04,6.551387923536822200e-05,8.082230924628674984e-04,8.698013698449358344e-05,4.231716692447662354e-01
6.783071756362915039e-01,1.036017900332808495e-03,2.331982104806229472e-04,1.733987941406667233e-03,5.082958377897739410e-04,3.181813359260559082e-01
5.966972708702087402e-01,3.282341873273253441e-03,5.751489079557359219e-04,3.556484822183847427e-03,1.790422946214675903e-03,3.940984010696411133e-01
6.201953291893005371e-01,4.163665231317281723e-03,5.156652769073843956e-04,3.998327068984508514e-03,1.224470906890928745e-03,3.699025511741638184e-01
6.882733702659606934e-01,5.465004593133926392e-03,1.244753599166870117e-03,3.617670154199004173e-03,2.682274207472801208e-03,2.987169027328491211e-01
4.737968146800994873e-01,3.688787808641791344e-03,4.320558509789407253e-04,2.319816034287214279e-03,9.274862823076546192e-04,5.188350677490234375e-01
3.350003659725189209e-01,3.335763234645128250e-03,2.910257899202406406e-04,1.661292044445872307e-03,6.310128374025225639e-04,6.590805649757385254e-01
4.556370079517364502e-01,3.120326204225420952e-03,2.157982089556753635e-04,1.883106189779937267e-03,3.468343638814985752e-04,5.387968420982360840e-01
5.376749634742736816e-01,2.419209573417901993e-03,1.701085420791059732e-04,2.363818930462002754e-03,2.108153275912627578e-04,4.571611285209655762e-01
6.973679065704345703e-01,3.472699085250496864e-03,3.380333946552127600e-04,3.059987910091876984e-03,6.187771214172244072e-04,2.951426208019256592e-01
6.742717027664184570e-01,1.483551925048232079e-03,3.735472564585506916e-04,2.735516754910349846e-03,1.215586904436349869e-03,3.199200928211212158e-01
7.597219347953796387e-01,1.764393411576747894e-03,5.211077514104545116e-04,1.929328427650034428e-03,2.726420527324080467e-03,2.333368211984634399e-01
6.678712964057922363e-01,1.673823222517967224e-03,5.416279309429228306e-04,2.450607717037200928e-03,2.267427509650588036e-03,3.251952230930328369e-01
3.603291511535644531e-01,1.823088503442704678e-03,6.687119603157043457e-04,1.988814212381839752e-03,3.377381246536970139e-03,6.318128108978271484e-01
3.099434971809387207e-01,6.530976854264736176e-03,6.080786115489900112e-04,3.592970781028270721e-03,1.117664854973554611e-03,6.782068014144897461e-01
3.236732780933380127e-01,7.228307891637086868e-03,7.926339749246835709e-04,5.067941732704639435e-03,1.508684596046805382e-03,6.617291569709777832e-01
3.895159661769866943e-01,5.477277096360921860e-03,8.490785839967429638e-04,4.429136868566274643e-03,2.988752676174044609e-03,5.967398285865783691e-01
7.826702594757080078e-01,5.967019591480493546e-03,1.785906031727790833e-03,4.922301042824983597e-03,5.435494706034660339e-03,1.992190480232238770e-01
7.667075395584106445e-01,1.144237234257161617e-03,2.980222343467175961e-04,2.082880120724439621e-03,1.004626275971531868e-03,2.287626415491104126e-01
7.885178923606872559e-01,1.809940091334283352e-03,3.188711707480251789e-04,3.678745357319712639e-03,7.341090240515768528e-04,2.049404382705688477e-01
6.888896822929382324e-01,3.397809341549873352e-03,5.111177451908588409e-04,4.623028449714183807e-03,1.222549472004175186e-03,3.013558387756347656e-01
6.628103256225585938e-01,2.664538566023111343e-03,2.570032374933362007e-04,3.364468459039926529e-03,5.355033790692687035e-04,3.303682208061218262e-01
6.531078815460205078e-01,3.014757297933101654e-03,2.392443566350266337e-04,3.197835292667150497e-03,5.178457940928637981e-04,3.399224877357482910e-01
7.117612957954406738e-01,2.932824892923235893e-03,3.393078513909131289e-04,2.575869904831051826e-03,4.774664412252604961e-04,2.819133102893829346e-01
6.935319304466247559e-01,2.002631314098834991e-03,2.423839032417163253e-04,2.026340924203395844e-03,3.863570163957774639e-04,3.018102943897247314e-01
5.614594817161560059e-01,1.192463678307831287e-03,1.681642461335286498e-04,1.548974891193211079e-03,3.494943957775831223e-04,4.352814257144927979e-01
5.390560626983642578e-01,2.206630073487758636e-03,3.019995929207652807e-04,1.915127038955688477e-03,5.775502067990601063e-04,4.559425115585327148e-01
6.370391249656677246e-01,3.600228810682892799e-03,6.223298260010778904e-04,2.068510279059410095e-03,1.285627018660306931e-03,3.553842306137084961e-01
7.770991921424865723e-01,2.121911384165287018e-03,8.435173658654093742e-04,1.425920054316520691e-03,4.368286579847335815e-03,2.141411006450653076e-01
8.193973302841186523e-01,3.631117055192589760e-03,1.750782714225351810e-03,2.315699355676770210e-03,9.674584493041038513e-03,1.632304638624191284e-01
8.361366391181945801e-01,2.625310793519020081e-03,7.213624194264411926e-04,1.989053096622228622e-03,2.985087921842932701e-03,1.555425375699996948e-01
7.892244458198547363e-01,2.366079483181238174e-03,5.627102218568325043e-04,2.697937656193971634e-03,1.564180012792348862e-03,2.035846114158630371e-01
7.180523276329040527e-01,1.396525418385863304e-03,1.811598776839673519e-04,2.601862186565995216e-03,1.850822591222822666e-04,2.775831222534179688e-01
6.231746673583984375e-01,1.321740332059562206e-03,1.100023582694120705e-04,3.577969735488295555e-03,1.096855776268057525e-04,3.717059195041656494e-01
6.152660250663757324e-01,1.304157543927431107e-03,1.463413354940712452e-04,3.627754049375653267e-03,2.203322801506146789e-04,3.794355094432830811e-01
5.516207814216613770e-01,8.297008462250232697e-04,1.249681663466617465e-04,4.085734486579895020e-03,1.907220284920185804e-04,4.431481659412384033e-01
5.717992186546325684e-01,7.515011238865554333e-04,1.567507570143789053e-04,2.904826076701283455e-03,3.735065401997417212e-04,4.240141808986663818e-01
4.838838875293731689e-01,2.051988616585731506e-03,2.834045735653489828e-04,5.921850912272930145e-03,7.869992987252771854e-04,5.070718526840209961e-01
4.510088860988616943e-01,1.515086623840034008e-03,2.558799460530281067e-04,5.017524119466543198e-03,8.546177414245903492e-04,5.413479804992675781e-01
6.837468147277832031e-01,2.167900558561086655e-03,2.884578716475516558e-04,4.774778615683317184e-03,6.376208621077239513e-04,3.083843588829040527e-01
4.641104340553283691e-01,6.756144575774669647e-04,9.381105337524786592e-05,1.362102222628891468e-03,2.541963185649365187e-04,5.335038304328918457e-01
4.230372011661529541e-01,2.237812150269746780e-04,2.170744483009912074e-05,5.037387600168585777e-04,3.823114820988848805e-05,5.761753320693969727e-01
2.298529148101806641e-01,2.378658682573586702e-04,2.014517122006509453e-05,5.668902304023504257e-04,5.136508843861520290e-05,7.692708373069763184e-01
1.445569843053817749e-01,5.190997617319226265e-04,2.817694803525228053e-05,8.939526160247623920e-04,6.440658034989610314e-05,8.539373874664306641e-01
1.662441045045852661e-01,2.189924707636237144e-03,8.644621266284957528e-05,1.498848665505647659e-03,2.275125152664259076e-04,8.297531604766845703e-01
4.965686202049255371e-01,4.379948601126670837e-03,2.717033785302191973e-04,1.943233655765652657e-03,5.302045028656721115e-04,4.963063299655914307e-01
4.443486332893371582e-01,7.259729783982038498e-03,6.919468287378549576e-04,3.181430278345942497e-03,2.024351153522729874e-03,5.424938797950744629e-01
4.719989001750946045e-01,3.280821489170193672e-03,5.637821159325540066e-04,2.188470447435975075e-03,1.624579075723886490e-03,5.203434824943542480e-01
4.150727391242980957e-01,4.758808354381471872e-04,1.596505317138507962e-04,9.379711118526756763e-04,8.005611016415059566e-04,5.825531482696533203e-01
4.040783345699310303e-01,6.473018438555300236e-04,1.472924195695668459e-04,1.091304700821638107e-03,5.132312653586268425e-04,5.935225486755371094e-01
2.512558102607727051e-01,2.895777288358658552e-04,8.870361489243805408e-05,9.336444200016558170e-04,3.189638082403689623e-04,7.471132874488830566e-01
1.960230767726898193e-01,2.290054981131106615e-04,5.743638030253350735e-05,8.194529218599200249e-04,1.825401122914627194e-04,8.026884198188781738e-01
1.496994942426681519e-01,7.661865092813968658e-04,1.264990423806011677e-04,1.379312598146498203e-03,4.466518294066190720e-04,8.475818037986755371e-01
1.202406957745552063e-01,6.709453300572931767e-04,1.435660378774628043e-04,1.461284235119819641e-03,4.841956833843141794e-04,8.769993185997009277e-01
2.903602719306945801e-01,2.774599706754088402e-03,3.106684307567775249e-04,1.703284797258675098e-03,9.785605361685156822e-04,7.038726210594177246e-01
5.587692856788635254e-01,2.209068043157458305e-03,3.646939003374427557e-04,1.926020020619034767e-03,9.024117607623338699e-04,4.358284473419189453e-01
6.822235584259033203e-01,2.033362165093421936e-03,2.431890898151323199e-04,2.055472694337368011e-03,4.102558305021375418e-04,3.130342364311218262e-01
5.727027654647827148e-01,1.440623193047940731e-03,1.808523811632767320e-04,2.069905633106827736e-03,3.882471064571291208e-04,4.232175648212432861e-01
6.614602208137512207e-01,2.846120391041040421e-03,3.267257998231798410e-04,2.506815595552325249e-03,7.852033595554530621e-04,3.320748805999755859e-01
5.962476730346679688e-01,1.836754963733255863e-03,2.192785323131829500e-04,2.329140203073620796e-03,5.062923301011323929e-04,3.988608419895172119e-01
7.434173822402954102e-01,9.938298026099801064e-04,1.931622100528329611e-04,2.826128154993057251e-03,3.223389794584363699e-04,2.522470951080322266e-01
7.572418451309204102e-01,6.128492532297968864e-04,8.887558215064927936e-05,2.108339453116059303e-03,1.421051565557718277e-04,2.398059368133544922e-01
6.528453826904296875e-01,3.484733169898390770e-04,7.383835327345877886e-05,2.510963706299662590e-03,2.320334606338292360e-04,3.439893126487731934e-01
5.587460994720458984e-01,7.518075872212648392e-04,1.646772143431007862e-04,3.995158709585666656e-03,7.572778849862515926e-04,4.355850517749786377e-01
4.132201671600341797e-01,3.730491735041141510e-04,5.452105688164010644e-05,1.247828127816319466e-03,2.513106446713209152e-04,5.848531126976013184e-01
5.156533122062683105e-01,1.046140561811625957e-03,2.765619428828358650e-04,1.633920706808567047e-03,1.755952602252364159e-03,4.796341359615325928e-01
5.667779445648193359e-01,1.213340554386377335e-03,2.258581953356042504e-04,2.497776411473751068e-03,5.063759745098650455e-04,4.287786781787872314e-01
5.866687297821044922e-01,4.931915900669991970e-04,3.764252323890104890e-05,5.492227501235902309e-04,7.700898277107626200e-05,4.121742844581604004e-01
5.417759418487548828e-01,2.605346264317631721e-03,2.156167320208624005e-04,3.192634787410497665e-03,3.589520638342946768e-04,4.518514573574066162e-01
4.767988920211791992e-01,1.394814345985651016e-03,1.117285792133770883e-04,1.734846038743853569e-03,2.793007006403058767e-04,5.196803808212280273e-01
3.306429684162139893e-01,3.781160805374383926e-03,2.267308736918494105e-04,2.776304259896278381e-03,4.960978985764086246e-04,6.620767712593078613e-01
3.372484445571899414e-01,3.317114897072315216e-03,2.516052045393735170e-04,1.682818052358925343e-03,5.754161975346505642e-04,6.569244861602783203e-01
3.224869370460510254e-01,1.954654231667518616e-03,1.962294336408376694e-04,1.660952344536781311e-03,3.662677772808820009e-04,6.733349561691284180e-01
2.479367256164550781e-01,1.323230797424912453e-03,9.790974581846967340e-05,1.423148554749786854e-03,1.479607308283448219e-04,7.490710020065307617e-01
2.251506596803665161e-01,1.782075851224362850e-03,1.988350559258833528e-04,4.918890073895454407e-03,2.043960848823189735e-04,7.677451968193054199e-01
4.515756070613861084e-01,3.412051359191536903e-03,7.470946875400841236e-04,1.939024403691291809e-02,6.436736439354717731e-04,5.242313146591186523e-01
3.011804819107055664e-01,4.708216059952974319e-03,5.932204076088964939e-04,1.495648175477981567e-02,7.542793173342943192e-04,6.778073310852050781e-01
3.640191853046417236e-01,2.105175983160734177e-03,1.826573425205424428e-04,8.934037759900093079e-03,2.375687327003106475e-04,6.245213150978088379e-01
4.633381962776184082e-01,2.138473326340317726e-03,1.659620320424437523e-04,3.741569351404905319e-03,2.197813737438991666e-04,5.303959846496582031e-01
3.142643272876739502e-01,5.612206296063959599e-04,6.843028677394613624e-05,1.338195637799799442e-03,2.019334788201376796e-04,6.835659146308898926e-01
4.761241972446441650e-01,3.891959204338490963e-04,6.089630187489092350e-05,1.598017173819243908e-03,1.158252416644245386e-04,5.217119455337524414e-01
5.323190093040466309e-01,7.896260940469801426e-04,1.358468725811690092e-04,2.321952488273382187e-03,2.017720544245094061e-04,4.642317891120910645e-01
3.411859869956970215e-01,1.961709233000874519e-03,2.428185980534180999e-04,3.850104054436087608e-03,4.379582533147186041e-04,6.523213982582092285e-01
3.434637784957885742e-01,7.246495690196752548e-03,5.114853847771883011e-04,5.554306320846080780e-03,8.249970269389450550e-04,6.423990130424499512e-01
2.442324757575988770e-01,3.929497674107551575e-03,3.034332767128944397e-04,1.951723126694560051e-03,6.977593875490128994e-04,7.488850951194763184e-01
2.004507035017013550e-01,1.254019094631075859e-03,1.939361391123384237e-04,1.351024606265127659e-03,5.630729137919843197e-04,7.961872220039367676e-01
1.562284976243972778e-01,3.704526170622557402e-04,5.867426079930737615e-05,5.979910492897033691e-04,1.265860046260058880e-04,8.426177501678466797e-01
2.065420001745223999e-01,1.941614027600735426e-04,5.723232243326492608e-05,4.053204320371150970e-04,1.239828707184642553e-04,7.926773428916931152e-01
3.922784328460693359e-01,2.160400152206420898e-03,5.590885411947965622e-04,3.318742848932743073e-03,5.772442673332989216e-04,6.011061072349548340e-01
2.814925312995910645e-01,1.447946880944073200e-03,2.268005628138780594e-04,3.740891348570585251e-03,1.524449908174574375e-04,7.129393815994262695e-01
5.829623937606811523e-01,3.093766747042536736e-03,4.966190899722278118e-04,8.955215103924274445e-03,2.845813287422060966e-04,4.042074382305145264e-01
5.294442176818847656e-01,7.644712924957275391e-03,5.669507663697004318e-04,1.638587564229965210e-02,3.675854532048106194e-04,4.455906450748443604e-01
4.761584699153900146e-01,3.166313748806715012e-03,1.802538463380187750e-04,4.978337790817022324e-03,1.837115851230919361e-04,5.153329372406005859e-01
4.771519303321838379e-01,3.682725131511688232e-03,1.748006761772558093e-04,3.080048598349094391e-03,2.195910929003730416e-04,5.156908631324768066e-01
3.305124938488006592e-01,4.277649801224470139e-03,1.970595767488703132e-04,1.817455049604177475e-03,2.971799985971301794e-04,6.628981828689575195e-01
3.558791577816009521e-01,5.957475863397121429e-03,5.507460446096956730e-04,2.177087124437093735e-03,1.350815757177770138e-03,6.340847611427307129e-01
2.314685136079788208e-01,6.594480480998754501e-03,4.673475632444024086e-04,2.101831138134002686e-03,1.365192700177431107e-03,7.580026388168334961e-01
1.640027761459350586e-01,2.402071142569184303e-03,2.111846988555043936e-04,1.364354393444955349e-03,6.297578220255672932e-04,8.313898444175720215e-01
1.856613904237747192e-01,8.734690956771373749e-03,1.058171386830508709e-03,4.541995935142040253e-03,2.018888248130679131e-03,7.979848980903625488e-01
2.373658120632171631e-01,8.978699333965778351e-03,7.663342403247952461e-04,4.854380618780851364e-03,1.274767564609646797e-03,7.467600703239440918e-01
1.674772948026657104e-01,5.974393337965011597e-03,2.500464615877717733e-04,3.421504516154527664e-03,4.196592781227082014e-04,8.224570751190185547e-01
2.341890186071395874e-01,3.340712515637278557e-03,1.792004914022982121e-04,2.072053262963891029e-03,3.276556381024420261e-04,7.598913908004760742e-01
4.327507317066192627e-01,8.519883849658071995e-04,9.032015805132687092e-05,1.078837318345904350e-03,1.450202398700639606e-04,5.650830864906311035e-01
6.770746707916259766e-01,7.603543344885110855e-04,1.332762913079932332e-04,8.404596010223031044e-04,2.427307190373539925e-04,3.209485411643981934e-01
6.429240703582763672e-01,1.378979533910751343e-03,3.329466271679848433e-04,1.493493560701608658e-03,8.845704142004251480e-04,3.529860377311706543e-01
7.106947898864746094e-01,8.501826785504817963e-03,2.208300866186618805e-03,4.922321997582912445e-03,6.945387925952672958e-03,2.667274475097656250e-01
5.335562229156494141e-01,9.183477610349655151e-03,1.265051891095936298e-03,3.696845611557364464e-03,3.907484002411365509e-03,4.483909606933593750e-01
4.455333948135375977e-01,8.054373785853385925e-03,9.148582466877996922e-04,3.896172391250729561e-03,2.824310911819338799e-03,5.387769341468811035e-01
4.368931949138641357e-01,6.296528037637472153e-03,6.197071052156388760e-04,2.551607089117169380e-03,1.878632116131484509e-03,5.517603754997253418e-01
4.206317961215972900e-01,2.623500302433967590e-03,2.775205357465893030e-04,1.844654907472431660e-03,7.127680000849068165e-04,5.739098191261291504e-01
6.862717866897583008e-01,1.462071202695369720e-03,3.448228526394814253e-04,1.198329031467437744e-03,9.085625642910599709e-04,3.098143637180328369e-01
7.267907261848449707e-01,2.634824486449360847e-03,9.358570678159594536e-04,2.597840968519449234e-03,2.581081818789243698e-03,2.644596099853515625e-01
5.553243160247802734e-01,8.257685694843530655e-04,2.880298707168549299e-04,1.408920623362064362e-03,8.818961214274168015e-04,4.412710666656494141e-01
6.118145585060119629e-01,6.373885553330183029e-04,1.280304713873192668e-04,1.056305365636944771e-03,2.497897366993129253e-04,3.861139714717864990e-01
5.881946086883544922e-01,2.351875184103846550e-03,3.963388153351843357e-04,3.294415073469281197e-03,1.242019236087799072e-03,4.045207202434539795e-01
4.682573080062866211e-01,7.926021702587604523e-03,5.668879020959138870e-04,3.641235409304499626e-03,1.877592643722891808e-03,5.177310109138488770e-01
5.617037415504455566e-01,2.307068370282649994e-02,1.831567380577325821e-03,6.989808753132820129e-03,1.029944326728582382e-02,3.961048424243927002e-01
4.570589363574981689e-01,2.704638801515102386e-02,3.607642604038119316e-03,1.289549842476844788e-02,2.000327594578266144e-02,4.793882668018341064e-01
3.332882821559906006e-01,6.398083176463842392e-03,1.027754740789532661e-03,4.139520227909088135e-03,6.141905207186937332e-03,6.490043997764587402e-01
4.147752821445465088e-01,2.263326896354556084e-03,5.458894884213805199e-04,3.530300222337245941e-03,3.089788369834423065e-03,5.757953524589538574e-01
5.863628387451171875e-01,6.890417425893247128e-04,3.386541502550244331e-04,1.813543727621436119e-03,2.373035065829753876e-03,4.084227979183197021e-01
6.729063987731933594e-01,6.172995199449360371e-04,1.041617506416514516e-04,1.977919368073344231e-03,3.342813579365611076e-04,3.240599930286407471e-01
6.747279763221740723e-01,1.081437920220196247e-03,2.324495872016996145e-04,1.965471776202321053e-03,9.001710568554699421e-04,3.210925757884979248e-01
3.532982170581817627e-01,4.084108804818242788e-04,6.658104393864050508e-05,1.130969845689833164e-03,3.016270347870886326e-04,6.447942256927490234e-01
3.265342116355895996e-01,2.707407984416931868e-04,1.932057602971326560e-05,5.358437192626297474e-04,4.017455648863688111e-05,6.725997328758239746e-01
2.905151546001434326e-01,6.997946766205132008e-04,3.406003816053271294e-05,7.025590166449546814e-04,6.663183012278750539e-05,7.079818844795227051e-01
3.444956541061401367e-01,9.371616179123520851e-04,5.563643208006396890e-05,9.294474148191511631e-04,1.368336961604654789e-04,6.534452438354492188e-01
3.565456271171569824e-01,7.488298579119145870e-04,4.426475788932293653e-05,7.875837618485093117e-04,8.759117190493270755e-05,6.417860984802246094e-01
4.397724866867065430e-01,2.079253084957599640e-03,2.225074131274595857e-04,3.064617980271577835e-03,4.654626245610415936e-04,5.543956160545349121e-01
4.294897019863128662e-01,4.142193589359521866e-03,6.204817327670753002e-04,6.301158573478460312e-03,2.462760312482714653e-03,5.569837093353271484e-01
3.612989187240600586e-01,1.696273684501647949e-02,1.225134474225342274e-03,2.079450339078903198e-02,2.128536347299814224e-03,5.975902080535888672e-01
2.739366590976715088e-01,3.035946935415267944e-02,2.297404687851667404e-03,2.458710223436355591e-02,9.176294319331645966e-03,6.596430540084838867e-01
3.131769299507141113e-01,2.726257033646106720e-02,2.124818973243236542e-03,2.629268169403076172e-02,1.006465498358011246e-02,6.210783123970031738e-01
5.910905599594116211e-01,1.207393035292625427e-02,1.937130815349519253e-03,2.744556777179241180e-02,6.489123217761516571e-03,3.609636425971984863e-01
7.117729187011718750e-01,7.295790128409862518e-03,7.636531954631209373e-04,9.871683083474636078e-03,1.598226255737245083e-03,2.686977386474609375e-01
7.191376090049743652e-01,3.371885046362876892e-03,2.690740511752665043e-04,5.517422221601009369e-03,4.241218848619610071e-04,2.712798714637756348e-01
8.611879348754882812e-01,2.995597431436181068e-03,1.964488619705662131e-04,4.494913388043642044e-03,1.589644671184942126e-04,1.309661418199539185e-01
7.296125292778015137e-01,1.089146640151739120e-02,4.518439818639308214e-04,6.785624660551548004e-03,7.090064464136958122e-04,2.515494227409362793e-01
8.181568384170532227e-01,1.817181333899497986e-02,1.140864449553191662e-03,8.819277398288249969e-03,1.785580767318606377e-03,1.519255042076110840e-01
7.325802445411682129e-01,2.130065299570560455e-02,1.214521005749702454e-03,1.541604008525609970e-02,1.939122797921299934e-03,2.275494337081909180e-01
5.904594063758850098e-01,2.703434787690639496e-02,1.266946899704635143e-03,1.440752856433391571e-02,2.044905675575137138e-03,3.647868633270263672e-01
5.502890348434448242e-01,2.598128654062747955e-02,9.624096564948558807e-04,2.103964798152446747e-02,1.396815408952534199e-03,4.003307819366455078e-01
3.711144328117370605e-01,7.877480238676071167e-03,4.046630929224193096e-04,2.544830366969108582e-02,6.668846472166478634e-04,5.944882035255432129e-01
4.110583364963531494e-01,1.404080167412757874e-02,7.646950543858110905e-04,2.099335379898548126e-02,2.068622503429651260e-03,5.510742664337158203e-01
3.833362758159637451e-01,6.697690114378929138e-03,5.583324818871915340e-04,2.016994915902614594e-02,2.125103957951068878e-03,5.871126651763916016e-01
4.200088083744049072e-01,4.135222174227237701e-03,4.605904687196016312e-04,1.056523714214563370e-02,1.959451939910650253e-03,5.628706812858581543e-01
3.601826131343841553e-01,2.170340158045291901e-03,2.328720438526943326e-04,6.615235935896635056e-03,9.757826919667422771e-04,6.298231482505798340e-01
3.832188844680786133e-01,1.749127521179616451e-03,1.571726897964254022e-04,4.100706893950700760e-03,5.080411210656166077e-04,6.102660298347473145e-01
5.556038022041320801e-01,2.913624513894319534e-03,1.215279189636930823e-04,6.131906062364578247e-03,1.503272214904427528e-04,4.350787997245788574e-01
4.565121829509735107e-01,1.687914365902543068e-03,8.031657489482313395e-05,6.638408172875642776e-03,9.967962978407740593e-05,5.349814891815185547e-01
7.301023602485656738e-01,3.987131640315055847e-03,1.658620167290791869e-04,1.722428761422634125e-02,1.226942986249923706e-04,2.483975887298583984e-01
9.055633544921875000e-01,4.381451290100812912e-03,3.064117918256670237e-04,1.378961652517318726e-02,1.963044924195855856e-04,7.576300948858261108e-02
7.700942754745483398e-01,3.590760985389351845e-03,5.230865208432078362e-04,1.225281599909067154e-02,6.933267577551305294e-04,2.128458172082901001e-01
8.155847191810607910e-01,7.019918411970138550e-03,6.995481671765446663e-04,1.512066274881362915e-02,8.862595423124730587e-04,1.606887727975845337e-01
6.606253981590270996e-01,3.940767608582973480e-03,4.571601457428187132e-04,4.465994425117969513e-03,7.504940731450915337e-04,3.297601640224456787e-01
3.276236355304718018e-01,5.309170228429138660e-04,6.544746429426595569e-05,1.837300602346658707e-03,1.673419028520584106e-04,6.697753667831420898e-01
3.886735141277313232e-01,1.043699681758880615e-03,9.240434155799448490e-05,3.026051912456750870e-03,1.478236081311479211e-04,6.070165038108825684e-01
2.998478710651397705e-01,6.252735620364546776e-04,9.791525371838361025e-05,1.046169432811439037e-03,3.535235591698437929e-04,6.980292201042175293e-01
3.263509273529052734e-01,2.396474126726388931e-03,4.004476650152355433e-04,2.079630969092249870e-03,2.582522341981530190e-03,6.661899685859680176e-01
4.534229934215545654e-01,1.093881670385599136e-02,2.732861088588833809e-03,7.960165850818157196e-03,2.904772758483886719e-02,4.958975017070770264e-01
4.556105136871337891e-01,8.882980793714523315e-03,1.993835903704166412e-03,6.734993774443864822e-03,1.822251267731189728e-02,5.085552334785461426e-01
5.526909828186035156e-01,7.335993461310863495e-03,2.102144993841648102e-03,5.215997342020273209e-03,1.290436461567878723e-02,4.197504818439483643e-01
7.808211445808410645e-01,5.484763532876968384e-03,9.806368034332990646e-04,5.427720956504344940e-03,3.280641278252005577e-03,2.040051370859146118e-01
9.065721035003662109e-01,1.923848292790353298e-03,2.619113365653902292e-04,2.027124864980578423e-03,2.807150303851813078e-04,8.893436938524246216e-02
8.775668740272521973e-01,1.699227024801075459e-03,2.413482579868286848e-04,1.541794277727603912e-03,4.394676943775266409e-04,1.185112744569778442e-01
6.683799624443054199e-01,4.414472263306379318e-03,3.335489891469478607e-04,4.612877033650875092e-03,6.148593383841216564e-04,3.216443061828613281e-01
6.782662272453308105e-01,6.681908387690782547e-03,4.571444587782025337e-04,1.767081394791603088e-02,5.117002292536199093e-04,2.964121401309967041e-01
4.896281957626342773e-01,1.957562053576111794e-03,1.813909766497090459e-04,7.866801694035530090e-03,4.163571866229176521e-04,4.999496936798095703e-01
3.336861729621887207e-01,1.272852299734950066e-03,1.261825527762994170e-04,7.376588881015777588e-03,2.498988760635256767e-04,6.572883129119873047e-01
4.491055011749267578e-01,4.502423107624053955e-04,7.335392729146406054e-05,2.193514956161379814e-03,2.835069899447262287e-04,5.478939414024353027e-01
3.360362052917480469e-01,1.941235968843102455e-04,2.518551991670392454e-05,1.519370242021977901e-03,9.783151472220197320e-05,6.621272563934326172e-01
2.230266630649566650e-01,1.599475799594074488e-04,1.866038473963271827e-05,6.902655004523694515e-04,8.461827383143827319e-05,7.760198116302490234e-01
2.659712731838226318e-01,2.126904582837596536e-04,2.258427048218436539e-05,1.027644611895084381e-03,8.698186138644814491e-05,7.326787710189819336e-01
2.507895827293395996e-01,3.257772186771035194e-04,2.655671050888486207e-05,1.134067424573004246e-03,6.238766218302771449e-05,7.476616501808166504e-01
2.846013903617858887e-01,4.982838872820138931e-04,3.525805004755966365e-05,1.214248128235340118e-03,9.819163824431598186e-05,7.135525941848754883e-01
3.640961349010467529e-01,2.281432971358299255e-03,1.894660817924886942e-04,5.557491909712553024e-03,3.482130414340645075e-04,6.275272965431213379e-01
4.071242809295654297e-01,3.356399945914745331e-03,1.948121207533404231e-04,2.771106548607349396e-03,4.541315138339996338e-04,5.860992074012756348e-01
2.860998809337615967e-01,3.524319268763065338e-03,1.097492859116755426e-04,3.709918120875954628e-03,1.528214779682457447e-04,7.064032554626464844e-01
2.051126807928085327e-01,2.435523085296154022e-03,8.767957478994503617e-05,2.390564419329166412e-03,1.491673319833353162e-04,7.898243665695190430e-01
2.396154105663299561e-01,1.336290501058101654e-03,6.741798279108479619e-05,2.636865014210343361e-03,1.079113062587566674e-04,7.562361359596252441e-01
3.945381343364715576e-01,4.198430397082120180e-04,2.158233837690204382e-05,9.508518269285559654e-04,2.686903280846308917e-05,6.040427088737487793e-01
4.265387952327728271e-01,7.100875955075025558e-04,4.047697439091280103e-05,2.018808852881193161e-03,4.259527850081212819e-05,5.706492662429809570e-01
5.891365408897399902e-01,1.115847262553870678e-03,8.369269198738038540e-05,3.004180500283837318e-03,1.056969413184560835e-04,4.065540432929992676e-01
5.330106019973754883e-01,8.785373647697269917e-04,5.611097731161862612e-05,1.327100442722439766e-03,9.530763782095164061e-05,4.646323919296264648e-01
3.253204524517059326e-01,4.262110451236367226e-04,3.320037649245932698e-05,8.584058377891778946e-04,8.665409404784440994e-05,6.732749938964843750e-01
2.578164041042327881e-01,7.073202868923544884e-04,3.795433440245687962e-05,1.477641635574400425e-03,7.398873276542872190e-05,7.398867011070251465e-01
2.568302750587463379e-01,1.077116234228014946e-03,5.294586662785150111e-05,1.827432308346033096e-03,1.218989491462707520e-04,7.400903701782226562e-01
3.591110706329345703e-01,1.199383521452546120e-03,9.473122190684080124e-05,2.218040172010660172e-03,2.012140321312472224e-04,6.371756196022033691e-01
5.426669716835021973e-01,3.190627554431557655e-03,1.982919202418997884e-04,7.777449209243059158e-03,1.944187970366328955e-04,4.459722936153411865e-01
8.693223595619201660e-01,1.081497524864971638e-03,2.112522633979097009e-04,8.460246026515960693e-03,1.165186986327171326e-04,1.208081990480422974e-01
9.482694864273071289e-01,1.359039917588233948e-03,3.612093569245189428e-04,2.498878911137580872e-02,1.048455960699357092e-04,2.491674013435840607e-02
9.218319654464721680e-01,1.738712424412369728e-03,6.672402378171682358e-04,5.738228932023048401e-02,1.881936186691746116e-04,1.819154061377048492e-02
8.746355175971984863e-01,6.472343113273382187e-03,1.951300073415040970e-03,9.533407539129257202e-02,8.565834141336381435e-04,2.075021900236606598e-02
8.761661052703857422e-01,4.318793304264545441e-03,8.451368776150047779e-04,2.479017339646816254e-02,8.528456091880798340e-04,9.302688390016555786e-02
6.163632273674011230e-01,1.001749932765960693e-02,1.162690808996558189e-03,1.186764612793922424e-02,2.932809526100754738e-03,3.576560914516448975e-01
5.848070383071899414e-01,7.013121619820594788e-03,3.801749844569712877e-04,2.543966984376311302e-03,1.123492373153567314e-03,4.041321575641632080e-01
5.187416076660156250e-01,2.709769411012530327e-03,1.238283002749085426e-04,2.343087922781705856e-03,2.143656020052731037e-04,4.758673310279846191e-01
7.797284722328186035e-01,2.520396374166011810e-03,1.394358987454324961e-04,2.550575649365782738e-03,1.583695120643824339e-04,2.149028033018112183e-01
8.439337015151977539e-01,2.678537741303443909e-03,2.071425988106057048e-04,3.512865863740444183e-03,3.194379096385091543e-04,1.493484824895858765e-01
8.147602677345275879e-01,8.607580675743520260e-04,9.785759903024882078e-05,2.247359370812773705e-03,1.448267721571028233e-04,1.818889826536178589e-01
8.024858236312866211e-01,1.260245684534311295e-03,2.522183931432664394e-04,4.086051136255264282e-03,5.224678898230195045e-04,1.913930773735046387e-01
7.201809883117675781e-01,4.252057522535324097e-03,7.224581786431372166e-04,1.737283356487751007e-02,2.073371317237615585e-03,2.553983032703399658e-01
7.342458963394165039e-01,1.151163596659898758e-02,1.414348022080957890e-03,1.921888068318367004e-02,3.150295233353972435e-03,2.304589450359344482e-01
5.310583114624023438e-01,1.335274614393711090e-02,1.226388732902705669e-03,2.188943885266780853e-02,2.872963435947895050e-03,4.296002089977264404e-01
4.500255584716796875e-01,2.193463966250419617e-02,1.200154540129005909e-03,1.528734713792800903e-02,2.148993080481886864e-03,5.094033479690551758e-01
2.315313071012496948e-01,7.068905979394912720e-03,5.674781277775764465e-04,6.871091201901435852e-03,2.253965940326452255e-03,7.517072558403015137e-01
2.102626711130142212e-01,1.761760096997022629e-03,2.016096841543912888e-04,2.028781222179532051e-03,1.145092886872589588e-03,7.846000790596008301e-01
2.863272428512573242e-01,8.743086946196854115e-04,1.165823196060955524e-04,2.554380567744374275e-03,4.512812884058803320e-04,7.096761465072631836e-01
3.675306141376495361e-01,5.006131832487881184e-04,6.465000478783622384e-05,3.830337198451161385e-03,1.614664215594530106e-04,6.279123425483703613e-01
3.321416676044464111e-01,2.195503184339031577e-04,3.549277607817202806e-05,4.515164531767368317e-03,7.401817856589332223e-05,6.630140542984008789e-01
3.480404019355773926e-01,7.170090102590620518e-04,4.633973730960860848e-05,1.540852244943380356e-02,4.077998164575546980e-05,6.357469558715820312e-01
3.182280361652374268e-01,9.860016405582427979e-03,3.039954463019967079e-04,8.032332360744476318e-02,2.153740497305989265e-04,5.910692214965820312e-01
1.865501701831817627e-01,1.188581809401512146e-02,2.403724211035296321e-04,2.874190360307693481e-02,2.398610668024048209e-04,7.723418474197387695e-01
2.350468337535858154e-01,3.517230600118637085e-02,7.422833004966378212e-04,2.332169003784656525e-02,1.255173468962311745e-03,7.044616937637329102e-01
3.027363121509552002e-01,4.641316831111907959e-02,2.132484922185540199e-03,2.641707658767700195e-02,9.265244007110595703e-03,6.130356788635253906e-01
2.098301798105239868e-01,4.040411673486232758e-03,5.896099610254168510e-04,4.094330593943595886e-03,1.015932299196720123e-02,7.712861299514770508e-01
1.730754971504211426e-01,1.489385496824979782e-03,2.853004843927919865e-04,1.227857545018196106e-03,4.257734399288892746e-03,8.196642398834228516e-01
2.810484468936920166e-01,9.863631566986441612e-04,2.242776972707360983e-04,1.693684607744216919e-03,3.334593726322054863e-03,7.127126455307006836e-01
2.647943496704101562e-01,4.682012367993593216e-04,1.471459108870476484e-04,2.307545160874724388e-03,1.166991656646132469e-03,7.311157584190368652e-01
2.263413220643997192e-01,5.973150255158543587e-04,7.284517778316512704e-05,2.338373102247714996e-03,2.942548599094152451e-04,7.703558802604675293e-01
1.899651587009429932e-01,2.978846023324877024e-04,3.685074261738918722e-05,1.650999416597187519e-03,1.209109977935440838e-04,8.079282045364379883e-01
1.899541616439819336e-01,4.653094802051782608e-04,4.730478394776582718e-05,1.361410133540630341e-03,1.220208214363083243e-04,8.080497980117797852e-01
1.471353173255920410e-01,2.177534479415044188e-04,2.778814632620196790e-05,9.248544229194521904e-04,6.796506932005286217e-05,8.516263365745544434e-01
2.897780239582061768e-01,6.499092560261487961e-04,6.969326932448893785e-05,1.336922519840300083e-03,1.981151144718751311e-04,7.079672813415527344e-01
4.583620131015777588e-01,1.804651576094329357e-03,2.750468847807496786e-04,2.536431653425097466e-03,9.787902235984802246e-04,5.360431671142578125e-01
5.139412879943847656e-01,4.626331385225057602e-03,5.212423857301473618e-04,3.960163332521915436e-03,2.178639406338334084e-03,4.747723042964935303e-01
3.063599467277526855e-01,5.853790789842605591e-03,3.116454463452100754e-04,3.879698226228356361e-03,7.547184359282255173e-04,6.828402876853942871e-01
3.365227878093719482e-01,1.443739142268896103e-02,1.078196684829890728e-03,6.239144597202539444e-03,2.946516964584589005e-03,6.387760043144226074e-01
3.901644945144653320e-01,6.100691389292478561e-03,5.079515976831316948e-04,4.531010054051876068e-03,8.395248441956937313e-04,5.978564023971557617e-01
3.725494146347045898e-01,1.176805980503559113e-02,6.395576638169586658e-04,4.591494798660278320e-03,9.557020384818315506e-04,6.094957590103149414e-01
6.044430136680603027e-01,1.384834945201873779e-02,8.385834516957402229e-04,6.137297488749027252e-03,1.129415002651512623e-03,3.736032545566558838e-01
5.136245489120483398e-01,6.868268828839063644e-03,3.963408817071467638e-04,3.360514529049396515e-03,4.578317166306078434e-04,4.752924144268035889e-01
5.189573168754577637e-01,9.821156039834022522e-03,5.397668574005365372e-04,5.582922138273715973e-03,6.152871646918356419e-04,4.644834995269775391e-01
5.719938874244689941e-01,5.028414539992809296e-03,3.979266039095818996e-04,4.092606715857982635e-03,4.350130329839885235e-04,4.180521667003631592e-01
3.173427581787109375e-01,6.096333381719887257e-04,5.750319542130455375e-05,1.414927886798977852e-03,9.235652396455407143e-05,6.804828643798828125e-01
3.719658553600311279e-01,3.779794496949762106e-04,4.305664697312749922e-05,1.289504929445683956e-03,6.638545892201364040e-05,6.262573599815368652e-01
7.126499414443969727e-01,1.762542407959699631e-03,2.154969406547024846e-04,4.310646094381809235e-03,2.449789026286453009e-04,2.808162868022918701e-01
8.849712610244750977e-01,4.758391063660383224e-03,8.137011318467557430e-04,1.705606281757354736e-02,4.312379751354455948e-04,9.196928143501281738e-02
9.279730319976806641e-01,2.429965697228908539e-02,1.063162460923194885e-03,2.006212249398231506e-02,2.458317321725189686e-04,2.635611221194267273e-02
8.332514166831970215e-01,8.042036741971969604e-02,1.664252253249287605e-03,7.651895284652709961e-02,2.067681343760341406e-04,7.938056252896785736e-03
7.882845997810363770e-01,5.061700195074081421e-02,4.530531296040862799e-04,1.516097635030746460e-01,4.390540198073722422e-05,8.991710841655731201e-03
8.860157132148742676e-01,2.819325774908065796e-02,1.558187068440020084e-04,6.004846468567848206e-02,2.295462945767212659e-05,2.556385658681392670e-02
8.875842094421386719e-01,1.313161198049783707e-02,8.964379230746999383e-05,2.568200975656509399e-02,2.740549098234623671e-05,7.348513603210449219e-02
8.130602836608886719e-01,5.156715400516986847e-03,5.349853745428845286e-05,1.103496924042701721e-02,2.721868077060207725e-05,1.706673353910446167e-01
4.937196075916290283e-01,1.476496923714876175e-03,1.724311550788115710e-05,1.288141706027090549e-03,2.289467010996304452e-05,5.034756064414978027e-01
4.088567793369293213e-01,8.933659410104155540e-04,1.767360481608193368e-05,1.231382135301828384e-03,2.388913526374381036e-05,5.889769792556762695e-01
3.092573881149291992e-01,5.108898621983826160e-04,1.223696017405018210e-05,1.356263994239270687e-03,1.705960494291502982e-05,6.888462305068969727e-01
2.692874670028686523e-01,2.415081253275275230e-04,8.237468136940151453e-06,7.611114997416734695e-04,1.331057865172624588e-05,7.296883463859558105e-01
4.692938625812530518e-01,3.433511883486062288e-04,2.495172338967677206e-05,9.125886717811226845e-04,4.435388109413906932e-05,5.293809175491333008e-01
3.086808323860168457e-01,4.038042097818106413e-04,3.289249434601515532e-05,7.730658981017768383e-04,6.590232078451663256e-05,6.900434494018554688e-01
5.781263113021850586e-01,3.098981687799096107e-03,2.629749360494315624e-04,3.081604139879345894e-03,5.704641807824373245e-04,4.148597121238708496e-01
4.710136353969573975e-01,3.571171546354889870e-03,1.717745326459407806e-04,2.177302958443760872e-03,3.859634161926805973e-04,5.226801037788391113e-01
3.223196864128112793e-01,7.483361754566431046e-03,5.395530024543404579e-04,7.202319335192441940e-03,9.942726464942097664e-04,6.614608168601989746e-01
4.054449200630187988e-01,5.438411142677068710e-03,2.274246508022770286e-04,4.515300970524549484e-03,4.421478952281177044e-04,5.839317440986633301e-01
3.359527885913848877e-01,2.147602615877985954e-03,1.096291962312534451e-04,3.049220889806747437e-03,2.050863695330917835e-04,6.585356593132019043e-01
7.053609490394592285e-01,1.069100201129913330e-02,1.107121352106332779e-03,3.013264574110507965e-02,1.297487760894000530e-03,2.514107823371887207e-01
7.409158945083618164e-01,1.057214103639125824e-02,9.048761567100882530e-04,3.627059608697891235e-02,9.746485739015042782e-04,2.103618234395980835e-01
7.658571600914001465e-01,7.143391761928796768e-03,8.040581597015261650e-04,2.548612281680107117e-02,6.156825111247599125e-04,2.000936567783355713e-01
7.764153480529785156e-01,3.738868515938520432e-03,4.514986358117312193e-04,1.352553814649581909e-02,4.967645509168505669e-04,2.053719907999038696e-01
7.789866328239440918e-01,1.110928948037326336e-03,9.387817408423870802e-05,3.204740118235349655e-03,9.070558735402300954e-05,2.165130525827407837e-01
7.008512020111083984e-01,1.333058578893542290e-03,6.826574099250137806e-05,2.866907510906457901e-03,7.780913438182324171e-05,2.948027253150939941e-01
6.208344101905822754e-01,3.797794226557016373e-03,2.442953700665384531e-04,5.882464349269866943e-03,2.731530403252691031e-04,3.689678311347961426e-01
5.578349232673645020e-01,6.407051812857389450e-03,1.833535789046436548e-04,8.092150092124938965e-03,1.806514774216338992e-04,4.273018240928649902e-01
5.065305233001708984e-01,1.174867618829011917e-02,3.329843748360872269e-04,1.045636180788278580e-02,3.885265614371746778e-04,4.705429673194885254e-01
5.823662877082824707e-01,9.872864000499248505e-03,6.096447468735277653e-04,9.994888678193092346e-03,9.209162672050297260e-04,3.962354362010955811e-01
4.640115499496459961e-01,7.036898285150527954e-03,5.313315195962786674e-04,3.852097317576408386e-02,5.156619008630514145e-04,4.893835783004760742e-01
4.745124578475952148e-01,4.098548088222742081e-03,5.635009147226810455e-04,5.013751611113548279e-02,6.909743533469736576e-04,4.699968993663787842e-01
5.101819634437561035e-01,8.402662351727485657e-03,1.589284627698361874e-03,7.983567565679550171e-02,1.989324577152729034e-03,3.980010151863098145e-01
4.867009818553924561e-01,5.514568183571100235e-03,7.806436042301356792e-04,7.846214622259140015e-02,8.986553875729441643e-04,4.276430010795593262e-01
6.002570986747741699e-01,5.531994625926017761e-03,5.880233948118984699e-04,2.848807349801063538e-02,6.677640485577285290e-04,3.644669651985168457e-01
6.383290886878967285e-01,2.354606287553906441e-03,3.331198531668633223e-04,9.516908787190914154e-03,4.041730717290192842e-04,3.490620851516723633e-01
6.267061233520507812e-01,1.752975978888571262e-03,1.242340367753058672e-04,1.554024871438741684e-02,7.397477020276710391e-05,3.558024466037750244e-01
4.208545386791229248e-01,1.989946002140641212e-03,7.934243330964818597e-05,5.857755895704030991e-03,7.672419451409950852e-05,5.711416602134704590e-01
2.738876044750213623e-01,5.366241675801575184e-04,2.677891825442202389e-05,3.176733618602156639e-03,2.232668521173764020e-05,7.223499417304992676e-01
6.167727708816528320e-01,2.609248738735914230e-03,1.721349690342321992e-04,4.600147716701030731e-03,1.442026550648733974e-04,3.757014572620391846e-01
6.926292181015014648e-01,7.152752485126256943e-03,5.273663555271923542e-04,9.162623435258865356e-03,3.184444503858685493e-04,2.902095019817352295e-01
8.366429209709167480e-01,3.140114620327949524e-02,1.374267390929162502e-03,3.598584607243537903e-02,3.378302790224552155e-04,9.425798803567886353e-02
3.688559532165527344e-01,5.668970346450805664e-01,5.216646008193492889e-03,4.823717847466468811e-02,6.006066105328500271e-04,1.019267924129962921e-02
1.523093432188034058e-01,8.021083474159240723e-01,3.670276375487446785e-03,3.555518016219139099e-02,3.090720856562256813e-04,6.047884933650493622e-03
1.830114722251892090e-01,7.868779897689819336e-01,3.234387375414371490e-03,1.939549297094345093e-02,3.272341855335980654e-04,7.153299171477556229e-03
2.648366689682006836e-01,7.170373201370239258e-01,3.615133697167038918e-03,8.107306435704231262e-03,4.552611499093472958e-04,5.948389414697885513e-03
4.920652806758880615e-01,4.789579808712005615e-01,5.933555308729410172e-03,1.355681847780942917e-02,8.309027180075645447e-04,8.655390702188014984e-03
4.044253230094909668e-01,5.608223080635070801e-01,9.488823823630809784e-03,1.579248346388339996e-02,1.339762238785624504e-03,8.131282404065132141e-03
2.935418188571929932e-01,6.675509214401245117e-01,9.858355857431888580e-03,2.077527344226837158e-02,1.190741313621401787e-03,7.082832511514425278e-03
3.195558488368988037e-02,9.577397704124450684e-01,3.148201387375593185e-03,5.791825708001852036e-03,2.288746036356315017e-04,1.135774538852274418e-03
1.954997517168521881e-02,9.746761918067932129e-01,2.344781765714287758e-03,2.692889422178268433e-03,1.459065388189628720e-04,5.901026888750493526e-04
5.055129900574684143e-02,9.364473223686218262e-01,5.639281123876571655e-03,5.744506604969501495e-03,3.616561589296907187e-04,1.255824812687933445e-03
5.223511904478073120e-02,9.375969767570495605e-01,4.735542926937341690e-03,3.965036943554878235e-03,3.324357676319777966e-04,1.134790480136871338e-03
2.727597355842590332e-01,6.898761987686157227e-01,9.472779929637908936e-03,2.172018028795719147e-02,8.649297524243593216e-04,5.306242965161800385e-03
4.285927712917327881e-01,5.269276499748229980e-01,6.603142712265253067e-03,3.056608140468597412e-02,5.868161097168922424e-04,6.723496597260236740e-03
4.646845757961273193e-01,4.899795055389404297e-01,5.741632543504238129e-03,3.212539479136466980e-02,5.819557700306177139e-04,6.886917166411876678e-03
1.482364684343338013e-01,8.231195211410522461e-01,2.249076496809720993e-03,2.250634320080280304e-02,2.048141614068299532e-04,3.683760529384016991e-03
8.744375407695770264e-02,9.010975360870361328e-01,1.982294255867600441e-03,7.556761149317026138e-03,1.542109821457415819e-04,1.765381661243736744e-03
1.887603476643562317e-02,9.768278598785400391e-01,1.301103038713335991e-03,2.367657376453280449e-03,9.083716577151790261e-05,5.365409888327121735e-04
3.123756311833858490e-02,9.611964821815490723e-01,2.250698627904057503e-03,4.310109652578830719e-03,1.526137348264455795e-04,8.526539895683526993e-04
5.238914489746093750e-02,9.373811483383178711e-01,3.632411826401948929e-03,5.034164525568485260e-03,2.705375081859529018e-04,1.292599248699843884e-03
1.733913272619247437e-01,7.965821027755737305e-01,8.649244904518127441e-03,1.572792790830135345e-02,1.123432419262826443e-03,4.525850992649793625e-03
6.543027758598327637e-01,3.000044524669647217e-01,1.053796429187059402e-02,2.319694682955741882e-02,1.837953343056142330e-03,1.011980790644884109e-02
9.169845581054687500e-01,6.462858617305755615e-02,2.690720371901988983e-03,7.554074283689260483e-03,6.762106204405426979e-04,7.465728092938661575e-03
9.506890177726745605e-01,2.368031628429889679e-02,9.393295040354132652e-04,1.691314019262790680e-02,1.979460357688367367e-04,7.580199744552373886e-03
8.984122276306152344e-01,5.680390074849128723e-02,1.021374831907451153e-03,3.481778502464294434e-02,1.373458653688430786e-04,8.807425387203693390e-03
8.482227325439453125e-01,1.002592369914054871e-01,1.649475656449794769e-03,3.603828325867652893e-02,3.627640835475176573e-04,1.346741802990436554e-02
7.883192300796508789e-01,1.373198479413986206e-01,4.298149142414331436e-03,5.229124054312705994e-02,8.097392274066805840e-04,1.696186698973178864e-02
5.999294519424438477e-01,3.329613804817199707e-01,1.049087103456258774e-02,3.975880891084671021e-02,1.897211652249097824e-03,1.496226713061332703e-02
6.477673053741455078e-01,3.086778521537780762e-01,1.250916905701160431e-02,1.456447783857584000e-02,3.676014486700296402e-03,1.280524767935276031e-02
5.938558578491210938e-01,3.567157685756683350e-01,1.076989434659481049e-02,1.558231469243764877e-02,4.541662521660327911e-03,1.853443495929241180e-02
4.240405559539794922e-01,5.200804471969604492e-01,1.688225381076335907e-02,1.244879234582185745e-02,7.828218862414360046e-03,1.871971227228641510e-02
5.410186648368835449e-01,4.018240272998809814e-01,1.452401932328939438e-02,1.700390875339508057e-02,4.663847852498292923e-03,2.096550911664962769e-02
4.483447670936584473e-01,4.977555274963378906e-01,1.394223235547542572e-02,1.593420840799808502e-02,3.032217733561992645e-03,2.099108323454856873e-02
3.203348815441131592e-01,6.303869485855102539e-01,2.354026027023792267e-02,1.174980215728282928e-02,5.280032753944396973e-03,8.708046749234199524e-03
4.334212243556976318e-01,5.295280814170837402e-01,1.538955140858888626e-02,7.159985136240720749e-03,5.294604226946830750e-03,9.206562303006649017e-03
7.549896240234375000e-01,2.020617723464965820e-01,7.163387723267078400e-03,3.899391740560531616e-03,1.546005811542272568e-02,1.642576791346073151e-02
5.284030437469482422e-01,3.773759901523590088e-01,1.487893424928188324e-02,3.322674194350838661e-03,6.139320135116577148e-02,1.462615374475717545e-02
6.857973337173461914e-01,2.386735081672668457e-01,7.549747359007596970e-03,4.732881207019090652e-03,2.883347868919372559e-02,3.441305831074714661e-02
7.384577989578247070e-01,1.836394965648651123e-01,6.371838040649890900e-03,8.255299180746078491e-03,1.344695594161748886e-02,4.982868209481239319e-02
4.994257688522338867e-01,4.267248213291168213e-01,1.204450801014900208e-02,1.167401578277349472e-02,9.310616180300712585e-03,4.082022607326507568e-02
4.142124950885772705e-01,5.211935639381408691e-01,1.336856279522180557e-02,1.543325278908014297e-02,6.080180872231721878e-03,2.971202507615089417e-02
4.252320826053619385e-01,5.035712122917175293e-01,1.870121993124485016e-02,2.319984138011932373e-02,5.919524002820253372e-03,2.337611839175224304e-02
2.458658516407012939e-01,6.788637042045593262e-01,2.344320900738239288e-02,1.291563455015420914e-02,2.153734304010868073e-02,1.737434230744838715e-02
2.611927390098571777e-01,6.708132028579711914e-01,2.391412109136581421e-02,1.473125349730253220e-02,1.423052418977022171e-02,1.511822268366813660e-02
5.979641079902648926e-01,3.299106657505035400e-01,1.304497011005878448e-02,1.394350733608007431e-02,1.263178884983062744e-02,3.250494599342346191e-02
5.522835850715637207e-01,3.899320662021636963e-01,1.624237746000289917e-02,1.489883475005626678e-02,9.314032271504402161e-03,1.732904277741909027e-02
5.674249529838562012e-01,3.667259812355041504e-01,1.409547962248325348e-02,2.093847282230854034e-02,6.386221852153539658e-03,2.442879602313041687e-02
5.049147605895996094e-01,4.260483682155609131e-01,1.460883673280477524e-02,1.561600528657436371e-02,1.322939991950988770e-02,2.558257617056369781e-02
4.669721722602844238e-01,4.576019942760467529e-01,1.733560673892498016e-02,8.662739768624305725e-03,2.687683701515197754e-02,2.255063131451606750e-02
6.245385408401489258e-01,2.860125005245208740e-01,1.305052638053894043e-02,1.961873844265937805e-02,1.830735243856906891e-02,3.847226127982139587e-02
6.537079811096191406e-01,2.768237888813018799e-01,1.020710822194814682e-02,1.858818903565406799e-02,9.013270959258079529e-03,3.165970370173454285e-02
6.595289707183837891e-01,2.633674442768096924e-01,8.918971754610538483e-03,2.577459253370761871e-02,4.265835508704185486e-03,3.814414143562316895e-02
5.222102999687194824e-01,3.940731883049011230e-01,9.682307019829750061e-03,2.789278514683246613e-02,5.167301278561353683e-03,4.097415879368782043e-02
1.813487559556961060e-01,7.519453167915344238e-01,1.848450303077697754e-02,1.990124583244323730e-02,9.512661024928092957e-03,1.880752481520175934e-02
2.227128297090530396e-01,7.083780169486999512e-01,1.552796736359596252e-02,1.750246435403823853e-02,9.506792761385440826e-03,2.637202106416225433e-02
3.243447244167327881e-01,5.998473763465881348e-01,1.320866681635379791e-02,2.061086706817150116e-02,6.937611382454633713e-03,3.505060449242591858e-02
3.572759926319122314e-01,5.663891434669494629e-01,1.210279762744903564e-02,2.089924737811088562e-02,5.169089883565902710e-03,3.816369548439979553e-02
5.290336012840270996e-01,3.938450515270233154e-01,1.248354371637105942e-02,1.606749556958675385e-02,6.297311279922723770e-03,4.227303713560104370e-02
5.067926645278930664e-01,4.261179864406585693e-01,1.690820604562759399e-02,1.110796537250280380e-02,1.314452942460775375e-02,2.592862769961357117e-02
5.571592450141906738e-01,3.675607740879058838e-01,1.485962700098752975e-02,9.716190397739410400e-03,1.934131421148777008e-02,3.136288002133369446e-02
5.773958563804626465e-01,3.406302928924560547e-01,1.186253689229488373e-02,2.260904759168624878e-02,8.011108264327049255e-03,3.949111327528953552e-02
6.726856231689453125e-01,2.684502601623535156e-01,7.903927937150001526e-03,1.813521049916744232e-02,4.191334359347820282e-03,2.863362804055213928e-02
7.197751998901367188e-01,2.224300950765609741e-01,7.888622581958770752e-03,1.920291036367416382e-02,4.820402245968580246e-03,2.588274888694286346e-02
7.544026374816894531e-01,2.031721323728561401e-01,7.764756679534912109e-03,1.043957844376564026e-02,4.472081549465656281e-03,1.974890381097793579e-02
6.667086482048034668e-01,2.788365185260772705e-01,9.794156998395919800e-03,1.363442558795213699e-02,4.942825064063072205e-03,2.608356252312660217e-02
4.059403836727142334e-01,5.452435016632080078e-01,1.495236344635486603e-02,7.788644172251224518e-03,9.604901075363159180e-03,1.647018082439899445e-02
2.935855090618133545e-01,6.538037657737731934e-01,1.720545254647731781e-02,5.666640121489763260e-03,1.600788347423076630e-02,1.373064890503883362e-02
2.576775550842285156e-01,6.925033330917358398e-01,1.665024086833000183e-02,9.290344081819057465e-03,1.041633728891611099e-02,1.346210949122905731e-02
5.793209075927734375e-01,3.721699714660644531e-01,8.248931728303432465e-03,8.002996444702148438e-03,7.111627142876386642e-03,2.514549717307090759e-02
6.428052783012390137e-01,3.057784438133239746e-01,9.120356291532516479e-03,1.358592603355646133e-02,5.079068243503570557e-03,2.363095246255397797e-02
6.777947545051574707e-01,2.662058770656585693e-01,9.589837864041328430e-03,1.159427873790264130e-02,7.178833708167076111e-03,2.763642556965351105e-02
6.969867348670959473e-01,2.462089359760284424e-01,8.443216793239116669e-03,1.034616772085428238e-02,9.658552706241607666e-03,2.835637889802455902e-02
4.470465183258056641e-01,4.815090596675872803e-01,1.763955689966678619e-02,1.173979043960571289e-02,2.087400853633880615e-02,2.119104564189910889e-02
4.468548297882080078e-01,4.655630290508270264e-01,1.607627049088478088e-02,1.496093347668647766e-02,2.633058838546276093e-02,3.021429292857646942e-02
4.293205738067626953e-01,4.585168063640594482e-01,1.227447763085365295e-02,3.259024769067764282e-02,7.728978525847196579e-03,5.956900119781494141e-02
4.040953516960144043e-01,4.889807701110839844e-01,1.030118670314550400e-02,4.080887883901596069e-02,5.371214821934700012e-03,5.044255778193473816e-02
3.654351532459259033e-01,5.492081046104431152e-01,1.047022081911563873e-02,3.579874336719512939e-02,4.033137578517198563e-03,3.505463898181915283e-02
2.929417490959167480e-01,6.460665464401245117e-01,9.495892561972141266e-03,2.126881107687950134e-02,5.671522114425897598e-03,2.455542609095573425e-02
1.531443744897842407e-01,7.900335192680358887e-01,1.851246319711208344e-02,1.048489008098840714e-02,1.457622088491916656e-02,1.324861310422420502e-02
1.824957579374313354e-01,7.599707245826721191e-01,1.859503611922264099e-02,8.688130415976047516e-03,1.912314258515834808e-02,1.112721022218465805e-02
2.272729426622390747e-01,7.122457027435302734e-01,1.908741146326065063e-02,8.284159936010837555e-03,2.078603580594062805e-02,1.232369523495435715e-02
3.641338646411895752e-01,5.716646313667297363e-01,1.600639894604682922e-02,8.969421498477458954e-03,2.158066630363464355e-02,1.764499209821224213e-02
2.995729148387908936e-01,6.448097825050354004e-01,1.705195195972919464e-02,1.043547783046960831e-02,1.655644364655017853e-02,1.157347112894058228e-02
4.382497370243072510e-01,5.033282637596130371e-01,1.525668706744909286e-02,1.417333073914051056e-02,1.314881630241870880e-02,1.584314554929733276e-02
6.417509317398071289e-01,2.906745374202728271e-01,9.175140410661697388e-03,1.474307104945182800e-02,1.004904601722955704e-02,3.360741958022117615e-02
7.233229279518127441e-01,2.307504117488861084e-01,6.523012649267911911e-03,1.582445949316024780e-02,2.703605219721794128e-03,2.087572030723094940e-02
8.820792436599731445e-01,8.391597867012023926e-02,4.389656707644462585e-03,6.235679145902395248e-03,3.738875035196542740e-03,1.964053139090538025e-02
8.784963488578796387e-01,9.113619476556777954e-02,4.538026638329029083e-03,5.644103977829217911e-03,3.784905653446912766e-03,1.640031859278678894e-02
7.242242097854614258e-01,2.360441535711288452e-01,7.355736568570137024e-03,1.057540345937013626e-02,3.654284169897437096e-03,1.814619265496730804e-02
7.541728019714355469e-01,2.060010880231857300e-01,6.340238265693187714e-03,9.209746494889259338e-03,3.992964979261159897e-03,2.028319984674453735e-02
5.154332518577575684e-01,4.398157894611358643e-01,1.527069695293903351e-02,8.097210898995399475e-03,9.665852412581443787e-03,1.171716209501028061e-02
5.538839697837829590e-01,3.919488191604614258e-01,1.306801848113536835e-02,1.045361626893281937e-02,1.076897699385881424e-02,1.987651735544204712e-02
6.883817911148071289e-01,2.551038265228271484e-01,7.647916674613952637e-03,6.345777772367000580e-03,1.214207056909799576e-02,3.037857823073863983e-02
8.556247949600219727e-01,9.825553745031356812e-02,3.530051559209823608e-03,6.616284139454364777e-03,3.067985642701387405e-03,3.290527313947677612e-02
8.597193956375122070e-01,9.559946507215499878e-02,3.862714860588312149e-03,7.135641295462846756e-03,2.143403282389044762e-03,3.153944760560989380e-02
7.730019092559814453e-01,1.620886176824569702e-01,4.479602444916963577e-03,7.548382505774497986e-03,3.844114951789379120e-03,4.903735965490341187e-02
8.039584755897521973e-01,7.593683153390884399e-02,1.977807143703103065e-03,8.088275790214538574e-03,1.840659999288618565e-03,1.081978678703308105e-01
6.383953094482421875e-01,2.400596886873245239e-01,4.481578245759010315e-03,1.645191200077533722e-02,3.361826296895742416e-03,9.724956750869750977e-02
6.414654850959777832e-01,9.044478833675384521e-02,2.769995713606476784e-03,2.087770402431488037e-02,2.536402782425284386e-03,2.419056445360183716e-01
8.105162382125854492e-01,3.962504863739013672e-02,1.312453998252749443e-03,9.972125291824340820e-03,9.952594991773366928e-04,1.375787407159805298e-01
7.979102134704589844e-01,9.316626191139221191e-02,3.855407005175948143e-03,9.312275797128677368e-03,4.041564650833606720e-03,9.171421825885772705e-02
7.715793251991271973e-01,1.293944269418716431e-01,5.103661678731441498e-03,8.702173829078674316e-03,8.760320022702217102e-03,7.646009325981140137e-02
7.527915835380554199e-01,1.158364191651344299e-01,4.221954382956027985e-03,6.617424078285694122e-03,7.621868979185819626e-03,1.129107102751731873e-01
6.749133467674255371e-01,2.190809249877929688e-01,4.666003864258527756e-03,1.029859669506549835e-02,5.508261267095804214e-03,8.553284406661987305e-02
7.750464677810668945e-01,1.198615729808807373e-01,4.152635112404823303e-03,8.508075959980487823e-03,4.743536934256553650e-03,8.768776804208755493e-02
8.410288095474243164e-01,8.126289397478103638e-02,2.052416792139410973e-03,1.343022193759679794e-02,1.354057341814041138e-03,6.087161973118782043e-02
8.690489530563354492e-01,7.271640002727508545e-02,1.926419558003544807e-03,1.366824563592672348e-02,8.589623030275106430e-04,4.178107529878616333e-02
6.856946349143981934e-01,2.510194778442382812e-01,6.823025643825531006e-03,1.816652528941631317e-02,3.580569755285978317e-03,3.471575677394866943e-02
5.325753688812255859e-01,3.979450166225433350e-01,8.837784640491008759e-03,2.007942460477352142e-02,3.729833057150244713e-03,3.683250769972801208e-02
5.124223232269287109e-01,4.226303696632385254e-01,1.134610455483198166e-02,1.328625809401273727e-02,8.823934011161327362e-03,3.149100765585899353e-02
3.635763227939605713e-01,5.501848459243774414e-01,1.858418621122837067e-02,1.038705371320247650e-02,3.027718141674995422e-02,2.699041739106178284e-02
3.601927161216735840e-01,5.649294257164001465e-01,1.851435005664825439e-02,9.990419261157512665e-03,2.153606526553630829e-02,2.483698911964893341e-02
6.102902293205261230e-01,2.899411022663116455e-01,1.094035152345895767e-02,1.419752929359674454e-02,1.334462966769933701e-02,6.128621846437454224e-02
7.190325260162353516e-01,1.704335212707519531e-01,6.970750633627176285e-03,1.764710620045661926e-02,6.667645648121833801e-03,7.924858480691909790e-02
6.707657575607299805e-01,2.192100733518600464e-01,7.215121760964393616e-03,2.602480538189411163e-02,3.558321623131632805e-03,7.322596013545989990e-02
6.830018162727355957e-01,2.168147265911102295e-01,6.585377268493175507e-03,4.524374008178710938e-02,1.821246696636080742e-03,4.653320834040641785e-02
6.184229254722595215e-01,2.906938791275024414e-01,1.321052387356758118e-02,3.120130300521850586e-02,8.057037368416786194e-03,3.841435536742210388e-02
6.628289222717285156e-01,2.580029368400573730e-01,1.261633541435003281e-02,2.161063812673091888e-02,9.227109141647815704e-03,3.571407496929168701e-02
6.577123999595642090e-01,2.715632319450378418e-01,1.363363582640886307e-02,1.644099876284599304e-02,1.050931122153997421e-02,3.014048188924789429e-02
7.931572794914245605e-01,1.500303596258163452e-01,1.057149190455675125e-02,6.974131800234317780e-03,1.208831090480089188e-02,2.717854268848896027e-02
5.782538652420043945e-01,3.532175421714782715e-01,1.743753254413604736e-02,7.100863847881555557e-03,1.866492256522178650e-02,2.532521449029445648e-02
3.731231987476348877e-01,5.434837341308593750e-01,2.144524641335010529e-02,5.416405852884054184e-03,3.988741338253021240e-02,1.664400100708007812e-02
1.428557187318801880e-01,7.985586524009704590e-01,1.948357000946998596e-02,5.892842076718807220e-03,2.312030270695686340e-02,1.008889917284250259e-02
1.459427624940872192e-01,7.886877655982971191e-01,1.802475191652774811e-02,8.856876753270626068e-03,2.012847922742366791e-02,1.835939846932888031e-02
2.370331883430480957e-01,6.789383292198181152e-01,2.235606126487255096e-02,9.876896627247333527e-03,2.496857009828090668e-02,2.682693302631378174e-02
5.293891429901123047e-01,3.777278959751129150e-01,1.647998951375484467e-02,1.855020970106124878e-02,1.436351705342531204e-02,4.348934069275856018e-02
5.023272037506103516e-01,3.779534995555877686e-01,1.183432433754205704e-02,3.335383906960487366e-02,9.924617595970630646e-03,6.460656225681304932e-02
6.279688477516174316e-01,2.529091238975524902e-01,1.210015639662742615e-02,3.555024787783622742e-02,8.132698945701122284e-03,6.333898007869720459e-02
7.760496735572814941e-01,1.438769847154617310e-01,1.054268516600131989e-02,2.089446410536766052e-02,7.723837159574031830e-03,4.091233015060424805e-02
7.482854127883911133e-01,1.460226923227310181e-01,1.341037638485431671e-02,9.482851251959800720e-03,3.359605371952056885e-02,4.920266196131706238e-02
8.612471222877502441e-01,5.719581618905067444e-02,8.182696998119354248e-03,6.534182000905275345e-03,2.954132854938507080e-02,3.729890659451484680e-02
9.099763631820678711e-01,3.856446966528892517e-02,6.025593727827072144e-03,5.392349325120449066e-03,1.553799398243427277e-02,2.450329065322875977e-02
8.259896636009216309e-01,1.096507087349891663e-01,8.128566667437553406e-03,7.865530438721179962e-03,1.799169741570949554e-02,3.037382848560810089e-02
8.925246596336364746e-01,6.594785302877426147e-02,4.493619315326213837e-03,7.535465061664581299e-03,4.831096157431602478e-03,2.466734871268272400e-02
9.362004399299621582e-01,3.399364650249481201e-02,2.754482673481106758e-03,4.294803831726312637e-03,2.849398646503686905e-03,1.990720070898532867e-02
9.275722503662109375e-01,2.869955822825431824e-02,2.135030925273895264e-03,4.005558788776397705e-03,2.428206149488687515e-03,3.515942022204399109e-02
8.898543715476989746e-01,5.714185163378715515e-02,2.930117305368185043e-03,3.842451609671115875e-03,6.381890270859003067e-03,3.984932973980903625e-02
8.478119969367980957e-01,9.156794846057891846e-02,4.593640100210905075e-03,3.681840375065803528e-03,1.192037761211395264e-02,4.042425006628036499e-02
7.253088355064392090e-01,1.476390957832336426e-01,6.365156266838312149e-03,5.696014035493135452e-03,3.199048340320587158e-02,8.300036936998367310e-02
7.452628612518310547e-01,1.318171024322509766e-01,6.813709158450365067e-03,7.615122478455305099e-03,2.339806593954563141e-02,8.509322255849838257e-02
8.165360689163208008e-01,7.513238489627838135e-02,3.331422107294201851e-03,5.721572786569595337e-03,7.356768939644098282e-03,9.192178398370742798e-02
8.883385658264160156e-01,2.911798655986785889e-02,2.226928947493433952e-03,3.633179701864719391e-03,1.024053245782852173e-02,6.644279509782791138e-02
7.588664889335632324e-01,1.563455760478973389e-01,4.884354304522275925e-03,8.789377287030220032e-03,9.234756231307983398e-03,6.187951937317848206e-02
6.237989664077758789e-01,2.689858078956604004e-01,6.318084895610809326e-03,1.265849545598030090e-02,1.554022356867790222e-02,7.269843667745590210e-02
3.368999063968658447e-01,5.480467677116394043e-01,1.272895932197570801e-02,8.790684863924980164e-03,5.314508825540542603e-02,4.038852825760841370e-02
3.835105001926422119e-01,5.084280967712402344e-01,1.546927634626626968e-02,1.536206621676683426e-02,3.891162946820259094e-02,3.831844404339790344e-02
7.676197290420532227e-01,1.583067476749420166e-01,5.651216022670269012e-03,1.612797938287258148e-02,1.022394932806491852e-02,4.207043349742889404e-02
8.844969272613525391e-01,4.521947354078292847e-02,2.143466845154762268e-03,1.645798422396183014e-02,2.228387398645281792e-03,4.945367574691772461e-02
9.182953834533691406e-01,2.300588041543960571e-02,1.707633258774876595e-03,5.513165146112442017e-03,1.902932650409638882e-03,4.957501590251922607e-02
8.882944583892822266e-01,2.516507543623447418e-02,1.910702441819012165e-03,3.225394757464528084e-03,7.323116529732942581e-03,7.408122718334197998e-02
7.549663186073303223e-01,6.593950837850570679e-02,2.499392023310065269e-03,5.868770182132720947e-03,8.666733279824256897e-03,1.620594263076782227e-01
7.960560917854309082e-01,7.961443066596984863e-02,4.041611216962337494e-03,4.903215914964675903e-03,1.783631183207035065e-02,9.754833579063415527e-02
6.946411132812500000e-01,1.865111589431762695e-01,5.318475421518087387e-03,8.809197694063186646e-03,1.232392620295286179e-02,9.239614009857177734e-02
7.258371710777282715e-01,1.622361838817596436e-01,4.643581341952085495e-03,1.188611611723899841e-02,3.030915977433323860e-03,9.236595034599304199e-02
5.149713158607482910e-01,3.825103044509887695e-01,8.249239064753055573e-03,1.601207628846168518e-02,4.168774001300334930e-03,7.408832013607025146e-02
3.452623188495635986e-01,5.870276689529418945e-01,1.515953987836837769e-02,1.071189716458320618e-02,8.570927195250988007e-03,3.326764330267906189e-02
3.486275970935821533e-01,5.922406315803527832e-01,1.363309472799301147e-02,1.415481232106685638e-02,6.211566738784313202e-03,2.513231523334980011e-02
2.710657715797424316e-01,6.687764525413513184e-01,1.416036020964384079e-02,1.269303448498249054e-02,1.343080773949623108e-02,1.987357437610626221e-02
2.353347688913345337e-01,7.039187550544738770e-01,1.360643282532691956e-02,8.655375801026821136e-03,2.187179960310459137e-02,1.661293394863605499e-02
2.341276407241821289e-01,6.807731389999389648e-01,1.673410832881927490e-02,1.036278530955314636e-02,3.690383583307266235e-02,2.109847031533718109e-02
1.481927633285522461e-01,7.410523295402526855e-01,1.903920434415340424e-02,4.596179816871881485e-03,7.750163972377777100e-02,9.617868810892105103e-03
1.181502193212509155e-01,7.962382435798645020e-01,1.780617795884609222e-02,2.250312594696879387e-03,6.014088168740272522e-02,5.414220504462718964e-03
2.006716579198837280e-01,7.301519513130187988e-01,1.571550033986568451e-02,5.280524026602506638e-03,3.231264278292655945e-02,1.586776040494441986e-02
1.441801041364669800e-01,8.038011789321899414e-01,1.654919981956481934e-02,9.099977090954780579e-03,1.177735719829797745e-02,1.459221914410591125e-02
2.167335599660873413e-01,7.039613723754882812e-01,1.917363516986370087e-02,1.048491802066564560e-02,2.365415543317794800e-02,2.599230222404003143e-02
2.407041788101196289e-01,6.793333292007446289e-01,2.234161272644996643e-02,1.618994958698749542e-02,1.374468766152858734e-02,2.768636308610439301e-02
2.620346248149871826e-01,6.676182746887207031e-01,1.769940368831157684e-02,1.350882463157176971e-02,1.288181636482477188e-02,2.625702321529388428e-02
5.800501704216003418e-01,3.563577830791473389e-01,1.339379046112298965e-02,9.926744736731052399e-03,1.130175124853849411e-02,2.896981313824653625e-02
7.425013780593872070e-01,2.148253768682479858e-01,8.825653232634067535e-03,1.185235287994146347e-02,4.183923359960317612e-03,1.781140826642513275e-02
6.876554489135742188e-01,2.691237926483154297e-01,9.192978963255882263e-03,1.235580164939165115e-02,3.970722667872905731e-03,1.770118251442909241e-02
6.716250777244567871e-01,2.716356515884399414e-01,8.446884341537952423e-03,1.045395620167255402e-02,6.789693143218755722e-03,3.104872629046440125e-02
6.536828875541687012e-01,2.856903076171875000e-01,1.044576242566108704e-02,1.185833849012851715e-02,1.185737084597349167e-02,2.646534144878387451e-02
4.386657178401947021e-01,4.942235052585601807e-01,1.553923077881336212e-02,1.512534357607364655e-02,1.375164929777383804e-02,2.269454114139080048e-02
4.499172866344451904e-01,4.640946388244628906e-01,1.572049036622047424e-02,3.096595779061317444e-02,1.202136185020208359e-02,2.728025801479816437e-02
5.952688455581665039e-01,3.267673552036285400e-01,1.616226881742477417e-02,2.522339858114719391e-02,1.355602964758872986e-02,2.302212826907634735e-02
7.010785937309265137e-01,2.312930822372436523e-01,1.144267059862613678e-02,2.296509779989719391e-02,8.521769195795059204e-03,2.469887770712375641e-02
5.775046348571777344e-01,3.405953645706176758e-01,1.263966597616672516e-02,8.361004292964935303e-03,2.761721983551979065e-02,3.328214585781097412e-02
6.673670411109924316e-01,2.219938039779663086e-01,1.139939576387405396e-02,8.535834960639476776e-03,3.966968134045600891e-02,5.103428661823272705e-02
7.756327390670776367e-01,1.262775808572769165e-01,3.669651690870523453e-03,1.322140917181968689e-02,5.780505016446113586e-03,7.541804015636444092e-02
7.565923333168029785e-01,1.458615213632583618e-01,3.523168154060840607e-03,9.410494007170200348e-03,5.452867597341537476e-03,7.915963232517242432e-02
5.467472076416015625e-01,3.639295101165771484e-01,6.775226909667253494e-03,1.715540140867233276e-02,4.881939850747585297e-03,6.051075458526611328e-02
6.699118018150329590e-01,2.497523576021194458e-01,4.520483780652284622e-03,2.207268774509429932e-02,2.012295648455619812e-03,5.173043534159660339e-02
4.307237267494201660e-01,5.250056982040405273e-01,9.621622040867805481e-03,1.368221919983625412e-02,4.429663997143507004e-03,1.653705164790153503e-02
3.496560454368591309e-01,6.097493767738342285e-01,1.004446577280759811e-02,7.561269681900739670e-03,5.616162437945604324e-03,1.737271808087825775e-02
6.568334102630615234e-01,2.848144471645355225e-01,6.167060229927301407e-03,1.038161292672157288e-02,3.213890595361590385e-03,3.858953714370727539e-02
6.944150924682617188e-01,2.349580377340316772e-01,6.672111339867115021e-03,1.386089064180850983e-02,4.236373119056224823e-03,4.585748910903930664e-02
7.216784954071044922e-01,1.912690252065658569e-01,5.500556901097297668e-03,1.200938876718282700e-02,3.989430610090494156e-03,6.555309891700744629e-02
7.130610942840576172e-01,1.969948410987854004e-01,6.003356538712978363e-03,1.415466703474521637e-02,5.213334690779447556e-03,6.457262486219406128e-02
4.452922940254211426e-01,4.689553678035736084e-01,1.501621957868337631e-02,1.739669963717460632e-02,1.500760857015848160e-02,3.833180665969848633e-02
4.609085321426391602e-01,4.757083058357238770e-01,1.745163463056087494e-02,1.335075497627258301e-02,1.144096720963716507e-02,2.113980241119861603e-02
2.879173159599304199e-01,6.562830805778503418e-01,2.272856235504150391e-02,9.115003049373626709e-03,1.128707546740770340e-02,1.266906969249248505e-02
2.719788253307342529e-01,6.563326716423034668e-01,2.923853322863578796e-02,8.827196434140205383e-03,2.153386361896991730e-02,1.208884268999099731e-02
2.616522312164306641e-01,6.746385693550109863e-01,2.307219617068767548e-02,5.650826264172792435e-03,2.417021989822387695e-02,1.081590633839368820e-02
4.313789904117584229e-01,4.994572401046752930e-01,1.475907117128372192e-02,5.409198347479104996e-03,3.282455727458000183e-02,1.617090590298175812e-02
6.289812922477722168e-01,3.155588805675506592e-01,1.067641749978065491e-02,9.592515416443347931e-03,1.424426119774580002e-02,2.094660513103008270e-02
7.605322599411010742e-01,1.878501921892166138e-01,7.034310139715671539e-03,7.724347990006208420e-03,1.412966474890708923e-02,2.272919937968254089e-02
8.176317214965820312e-01,1.381129026412963867e-01,4.828523844480514526e-03,8.057565428316593170e-03,6.031848490238189697e-03,2.533738315105438232e-02
8.557475805282592773e-01,9.864309430122375488e-02,4.710008390247821808e-03,6.117356009781360626e-03,5.518315359950065613e-03,2.926364913582801819e-02
8.095946311950683594e-01,1.317129284143447876e-01,7.318947929888963699e-03,7.066596765071153641e-03,9.716219268739223480e-03,3.459081426262855530e-02
6.859350800514221191e-01,2.402155846357345581e-01,1.389805972576141357e-02,1.093457639217376709e-02,1.261280477046966553e-02,3.640380874276161194e-02
7.541215419769287109e-01,1.916983574628829956e-01,8.761066012084484100e-03,9.381283074617385864e-03,4.225946031510829926e-03,3.181182593107223511e-02
6.072871685028076172e-01,3.307944834232330322e-01,9.427053853869438171e-03,1.317454595118761063e-02,4.616446793079376221e-03,3.470028564333915710e-02
4.372386634349822998e-01,4.993698894977569580e-01,1.401174347847700119e-02,1.275173388421535492e-02,1.052812114357948303e-02,2.609986439347267151e-02
3.844334185123443604e-01,5.523076057434082031e-01,1.174376904964447021e-02,8.090701885521411896e-03,1.036551967263221741e-02,3.305895626544952393e-02
2.988499999046325684e-01,6.363872289657592773e-01,1.624291576445102692e-02,5.793164018541574478e-03,2.299588732421398163e-02,1.973080448806285858e-02
2.434983551502227783e-01,6.732178330421447754e-01,1.753604598343372345e-02,5.797415040433406830e-03,3.910949081182479858e-02,2.084097452461719513e-02
4.013578891754150391e-01,5.124639868736267090e-01,1.312419492751359940e-02,9.051557630300521851e-03,2.421703003346920013e-02,3.978535532951354980e-02
3.780770003795623779e-01,5.295816063880920410e-01,1.417512912303209305e-02,1.230373233556747437e-02,2.491522580385208130e-02,4.094729572534561157e-02
2.878463864326477051e-01,6.423423886299133301e-01,1.202673651278018951e-02,9.136981330811977386e-03,1.413869671523571014e-02,3.450878337025642395e-02
3.412031829357147217e-01,6.075573563575744629e-01,1.332561578601598740e-02,7.398186251521110535e-03,9.086894802749156952e-03,2.142869681119918823e-02
4.043077826499938965e-01,5.338346362113952637e-01,1.418108399957418442e-02,5.907032638788223267e-03,2.356565371155738831e-02,1.820370741188526154e-02
4.439085125923156738e-01,4.797094464302062988e-01,1.669171266257762909e-02,5.295536946505308151e-03,3.341873362660408020e-02,2.097615227103233337e-02
4.524191617965698242e-01,4.641543030738830566e-01,2.077226527035236359e-02,6.106833461672067642e-03,3.478983044624328613e-02,2.175765298306941986e-02
4.265408515930175781e-01,5.031947493553161621e-01,1.750614866614341736e-02,5.460106302052736282e-03,2.877154387533664703e-02,1.852659508585929871e-02
3.845633268356323242e-01,5.603685379028320312e-01,1.587738655507564545e-02,4.787733778357505798e-03,2.157947234809398651e-02,1.282361149787902832e-02
3.725447654724121094e-01,5.614777803421020508e-01,1.323872804641723633e-02,6.346995476633310318e-03,2.004861272871494293e-02,2.634307555854320526e-02
5.447373390197753906e-01,3.775489628314971924e-01,1.152333524078130722e-02,5.907870829105377197e-03,1.523918844759464264e-02,4.504331573843955994e-02
5.580641031265258789e-01,3.544094264507293701e-01,1.573968492448329926e-02,5.942572839558124542e-03,2.963126823306083679e-02,3.621293976902961731e-02
6.497174501419067383e-01,2.854101359844207764e-01,1.212646625936031342e-02,6.232083775103092194e-03,1.054206769913434982e-02,3.597178682684898376e-02
7.180409431457519531e-01,2.174740433692932129e-01,1.459128502756357193e-02,9.088320657610893250e-03,1.090382691472768784e-02,2.990157715976238251e-02
6.848908662796020508e-01,2.390321791172027588e-01,1.353169698268175125e-02,1.962320506572723389e-02,7.132150232791900635e-03,3.578987717628479004e-02
6.055357456207275391e-01,3.164526522159576416e-01,9.581989608705043793e-03,2.850112691521644592e-02,1.910008257254958153e-03,3.801852092146873474e-02
5.529391169548034668e-01,3.703464269638061523e-01,1.120134536176919937e-02,3.899671137332916260e-02,2.094912575557827950e-03,2.442151680588722229e-02
5.840325355529785156e-01,3.445322215557098389e-01,8.677856065332889557e-03,2.419680170714855194e-02,2.932369010522961617e-03,3.562817722558975220e-02
2.602745294570922852e-01,6.851145625114440918e-01,1.910806819796562195e-02,8.854971267282962799e-03,1.713001169264316559e-02,9.517802856862545013e-03
1.516155451536178589e-01,7.820594906806945801e-01,2.345950715243816376e-02,6.691181566566228867e-03,2.838649787008762360e-02,7.787802256643772125e-03
1.881552189588546753e-01,7.535490393638610840e-01,1.337061822414398193e-02,3.866154002025723457e-03,3.125505149364471436e-02,9.803937748074531555e-03
3.170396685600280762e-01,6.094201207160949707e-01,1.560864318162202835e-02,8.291946724057197571e-03,2.850691415369510651e-02,2.113273181021213531e-02
2.545697689056396484e-01,6.823856830596923828e-01,1.518270559608936310e-02,1.183656696230173111e-02,1.168582122772932053e-02,2.433939091861248016e-02
5.720637440681457520e-01,3.500716090202331543e-01,1.424327492713928223e-02,1.080211065709590912e-02,1.142115984112024307e-02,4.139810800552368164e-02
3.932887613773345947e-01,5.027861595153808594e-01,1.811499334871768951e-02,7.568486966192722321e-03,3.939323872327804565e-02,3.884837403893470764e-02
3.506495654582977295e-01,5.757670998573303223e-01,1.991092413663864136e-02,6.700349040329456329e-03,2.704922668635845184e-02,1.992287114262580872e-02
5.179250240325927734e-01,3.904088735580444336e-01,1.400133594870567322e-02,5.993604660034179688e-03,2.153052389621734619e-02,5.014064162969589233e-02
2.952283918857574463e-01,6.332435011863708496e-01,1.243284903466701508e-02,9.009191766381263733e-03,1.213763002306222916e-02,3.794839978218078613e-02
3.258802592754364014e-01,6.161842346191406250e-01,1.175743993371725082e-02,6.572411861270666122e-03,9.959215298295021057e-03,2.964655309915542603e-02
6.612235903739929199e-01,2.655724287033081055e-01,7.919267751276493073e-03,5.620482843369245529e-03,1.285495236515998840e-02,4.680924117565155029e-02
6.287923455238342285e-01,2.937187850475311279e-01,6.884196773171424866e-03,7.204128894954919815e-03,1.202354859560728073e-02,5.137698352336883545e-02
5.860555171966552734e-01,3.094124197959899902e-01,9.892116300761699677e-03,1.140540465712547302e-02,2.298393473029136658e-02,6.025061011314392090e-02
6.267074942588806152e-01,2.847195565700531006e-01,1.018507033586502075e-02,1.444101985543966293e-02,1.620105467736721039e-02,4.774581640958786011e-02
5.471466779708862305e-01,3.799301683902740479e-01,1.098148338496685028e-02,1.483591087162494659e-02,9.475074708461761475e-03,3.763063251972198486e-02
4.404191970825195312e-01,5.033889412879943848e-01,1.202114764600992203e-02,1.331482641398906708e-02,6.923419889062643051e-03,2.393232658505439758e-02
4.074256420135498047e-01,5.301139950752258301e-01,2.336004376411437988e-02,1.656554080545902252e-02,1.035137288272380829e-02,1.218335144221782684e-02
3.304327130317687988e-01,6.104984879493713379e-01,1.641064882278442383e-02,1.435089483857154846e-02,1.352839265018701553e-02,1.477881893515586853e-02
5.311359167098999023e-01,3.949354887008666992e-01,1.485511008650064468e-02,1.579074375331401825e-02,1.628987491130828857e-02,2.699281089007854462e-02
7.996850013732910156e-01,1.339011192321777344e-01,9.093171916902065277e-03,1.224939990788698196e-02,1.660750433802604675e-02,2.846376225352287292e-02
8.294554352760314941e-01,9.565029293298721313e-02,5.852389149367809296e-03,1.331932097673416138e-02,6.607548333704471588e-03,4.911488667130470276e-02
7.302156090736389160e-01,1.374038904905319214e-01,6.028862204402685165e-03,1.873468235135078430e-02,7.069524843245744705e-03,1.005474701523780823e-01
8.226159214973449707e-01,7.489449530839920044e-02,3.811825998127460480e-03,6.136400625109672546e-03,3.990829456597566605e-03,8.855050057172775269e-02
7.291363477706909180e-01,1.519399583339691162e-01,5.450936499983072281e-03,8.128628134727478027e-03,3.345465287566184998e-03,1.019986793398857117e-01
6.696582436561584473e-01,2.510745525360107422e-01,9.316637180745601654e-03,7.594302762299776077e-03,6.694915238767862320e-03,5.566126853227615356e-02
6.734986901283264160e-01,1.894769072532653809e-01,6.103499326854944229e-03,1.571329124271869659e-02,3.240882419049739838e-03,1.119666993618011475e-01
4.119701087474822998e-01,4.965978860855102539e-01,1.362270023673772812e-02,1.687332428991794586e-02,6.418439093977212906e-03,5.451758205890655518e-02
3.231602609157562256e-01,5.683937668800354004e-01,1.373461540788412094e-02,1.740905269980430603e-02,8.263244293630123138e-03,6.903898715972900391e-02
2.600700855255126953e-01,6.735340356826782227e-01,1.636904291808605194e-02,9.485090151429176331e-03,1.239315792918205261e-02,2.814861200749874115e-02
2.300117313861846924e-01,7.180201411247253418e-01,1.771133206784725189e-02,5.313633009791374207e-03,1.574852690100669861e-02,1.319461502134799957e-02
1.637917757034301758e-01,7.860546708106994629e-01,1.474367640912532806e-02,3.517750883474946022e-03,2.409549243748188019e-02,7.796593476086854935e-03
1.592877358198165894e-01,7.803468704223632812e-01,1.545601058751344681e-02,3.615089459344744682e-03,3.244871273636817932e-02,8.845499716699123383e-03
1.288090497255325317e-01,8.145725131034851074e-01,1.641668193042278290e-02,3.271021880209445953e-03,2.961655147373676300e-02,7.314108777791261673e-03
1.698995679616928101e-01,7.539705038070678711e-01,2.235555090010166168e-02,5.339490715414285660e-03,3.955033048987388611e-02,8.884574286639690399e-03
1.196574717760086060e-01,8.233653306961059570e-01,1.936569623649120331e-02,4.417103715240955353e-03,2.645742706954479218e-02,6.737032905220985413e-03
1.884193122386932373e-01,7.388190627098083496e-01,1.938830874860286713e-02,4.615067970007658005e-03,3.880554810166358948e-02,9.952696971595287323e-03
2.432936877012252808e-01,6.911342144012451172e-01,1.478963345289230347e-02,5.458381026983261108e-03,3.050471283495426178e-02,1.481947302818298340e-02
4.904047548770904541e-01,4.287748634815216064e-01,1.141424663364887238e-02,6.039144005626440048e-03,2.910496853291988373e-02,3.426207974553108215e-02
7.099493741989135742e-01,1.563513427972793579e-01,8.733216673135757446e-03,4.873787518590688705e-03,6.167386844754219055e-02,5.841828137636184692e-02
6.951712965965270996e-01,1.590490639209747314e-01,8.410502225160598755e-03,3.677360713481903076e-03,6.382877379655838013e-02,6.986289471387863159e-02
3.750869035720825195e-01,4.420132935047149658e-01,1.690535061061382294e-02,5.447866860777139664e-03,1.237013638019561768e-01,3.684517368674278259e-02
3.440509140491485596e-01,5.251566171646118164e-01,2.772574312984943390e-02,6.034772843122482300e-03,7.369535416364669800e-02,2.333658188581466675e-02
2.056293189525604248e-01,7.120581269264221191e-01,2.557526156306266785e-02,5.658897571265697479e-03,4.058287665247917175e-02,1.049559284001588821e-02
2.092142701148986816e-01,7.008602619171142578e-01,2.947494760155677795e-02,1.829911395907402039e-02,2.357852645218372345e-02,1.857282966375350952e-02
1.623716503381729126e-01,7.442918419837951660e-01,2.605345100164413452e-02,3.547116369009017944e-02,1.355278305709362030e-02,1.825911365449428558e-02
1.651652157306671143e-01,7.319328784942626953e-01,2.763882465660572052e-02,3.503050282597541809e-02,1.685323379933834076e-02,2.337928116321563721e-02
2.760645747184753418e-01,6.099638938903808594e-01,2.811855450272560120e-02,3.964605182409286499e-02,2.280168980360031128e-02,2.340516634285449982e-02
3.604277968406677246e-01,5.214716196060180664e-01,2.887187525629997253e-02,1.151128206402063370e-02,5.624255537986755371e-02,2.147493697702884674e-02
4.274067878723144531e-01,4.551604390144348145e-01,3.354537114500999451e-02,4.231001250445842743e-03,6.489697843790054321e-02,1.475930213928222656e-02
5.597426295280456543e-01,3.068571984767913818e-01,2.808844298124313354e-02,4.375650547444820404e-03,6.503377854824066162e-02,3.590229898691177368e-02
4.818592071533203125e-01,3.750384747982025146e-01,3.076997771859169006e-02,4.681049846112728119e-03,7.719628512859344482e-02,3.045491874217987061e-02
2.210667580366134644e-01,6.909452080726623535e-01,3.309459611773490906e-02,8.501429110765457153e-03,2.548475749790668488e-02,2.090723253786563873e-02
2.837830781936645508e-01,6.501544117927551270e-01,2.092761546373367310e-02,6.552960723638534546e-03,1.813480816781520844e-02,2.044722437858581543e-02
5.956721305847167969e-01,3.388963341712951660e-01,1.103616598993539810e-02,1.038973033428192139e-02,6.539059337228536606e-03,3.746664151549339294e-02
7.674120664596557617e-01,1.793676614761352539e-01,7.837062701582908630e-03,6.896042730659246445e-03,4.828343167901039124e-03,3.365886583924293518e-02
7.085182666778564453e-01,2.361991554498672485e-01,9.425082243978977203e-03,7.607505656778812408e-03,6.206072866916656494e-03,3.204392641782760620e-02
6.861110925674438477e-01,2.386324405670166016e-01,1.019928790628910065e-02,1.086725294589996338e-02,1.206261664628982544e-02,4.212741181254386902e-02
6.499069333076477051e-01,2.196336090564727783e-01,2.247099019587039948e-02,1.324294228106737137e-02,5.524278059601783752e-02,3.950278460979461670e-02
3.685024678707122803e-01,5.241885185241699219e-01,3.338452428579330444e-02,1.263946853578090668e-02,4.256803169846534729e-02,1.871703192591667175e-02
5.689557194709777832e-01,3.200626969337463379e-01,2.270820178091526031e-02,1.206475496292114258e-02,3.541439399123191833e-02,4.079424589872360229e-02
6.791534423828125000e-01,1.932718455791473389e-01,9.549234062433242798e-03,1.169780176132917404e-02,1.029724627733230591e-02,9.603044390678405762e-02
5.296722650527954102e-01,3.271260559558868408e-01,7.632446475327014923e-03,9.749452583491802216e-03,6.971515715122222900e-03,1.188482195138931274e-01
3.436432182788848877e-01,5.168976783752441406e-01,8.643620647490024567e-03,1.498212665319442749e-02,1.071950420737266541e-02,1.051139682531356812e-01
3.167580664157867432e-01,5.843334794044494629e-01,7.446383591741323471e-03,1.009798422455787659e-02,1.142166927456855774e-02,6.994239240884780884e-02
2.388777285814285278e-01,6.959877014160156250e-01,1.580024696886539459e-02,9.152787737548351288e-03,2.459171973168849945e-02,1.558985188603401184e-02
2.099621146917343140e-01,7.327475547790527344e-01,1.281835325062274933e-02,7.366136647760868073e-03,1.594549790024757385e-02,2.116025984287261963e-02
3.522527813911437988e-01,5.611828565597534180e-01,1.165759097784757614e-02,8.436584845185279846e-03,1.758954115211963654e-02,4.888055846095085144e-02
4.522432684898376465e-01,4.709416031837463379e-01,1.058633066713809967e-02,6.851672660559415817e-03,1.128263119608163834e-02,4.809439554810523987e-02
6.634221076965332031e-01,2.514794766902923584e-01,8.309258148074150085e-03,5.698274821043014526e-03,1.310263015329837799e-02,5.798812583088874817e-02
5.985096693038940430e-01,3.188493251800537109e-01,1.672406494617462158e-02,5.439289379864931107e-03,3.034014813601970673e-02,3.013749234378337860e-02
3.807639777660369873e-01,5.162290930747985840e-01,2.415099926292896271e-02,4.512172657996416092e-03,4.812538996338844299e-02,2.621838822960853577e-02
3.783604502677917480e-01,5.071346163749694824e-01,1.995817758142948151e-02,4.799006972461938858e-03,5.159707739949226379e-02,3.815064579248428345e-02
3.034739196300506592e-01,6.002725362777709961e-01,2.252561040222644806e-02,4.940370097756385803e-03,4.173355177044868469e-02,2.705402113497257233e-02
2.421366572380065918e-01,6.701739430427551270e-01,2.686777897179126740e-02,6.336298771202564240e-03,3.344247490167617798e-02,2.104290202260017395e-02
1.704204678535461426e-01,7.587149143218994141e-01,2.104377187788486481e-02,5.039647687226533890e-03,3.457527980208396912e-02,1.020593475550413132e-02
1.354188621044158936e-01,7.904115915298461914e-01,1.956723071634769440e-02,3.120841924101114273e-03,4.536091536283493042e-02,6.120588164776563644e-03
1.235351637005805969e-01,8.197888135910034180e-01,2.029710635542869568e-02,3.634289838373661041e-03,2.661042474210262299e-02,6.134198512881994247e-03
1.444701701402664185e-01,7.942604422569274902e-01,1.951513625681400299e-02,5.872621666640043259e-03,2.239764295518398285e-02,1.348400488495826721e-02
1.905337721109390259e-01,7.322984337806701660e-01,2.809946052730083466e-02,7.663220632821321487e-03,2.506859414279460907e-02,1.633650250732898712e-02
4.279845654964447021e-01,4.911170899868011475e-01,2.039158903062343597e-02,1.274794060736894608e-02,1.077803876250982285e-02,3.698081150650978088e-02
6.562520265579223633e-01,2.175940573215484619e-01,1.495984382927417755e-02,8.047620765864849091e-03,3.287485241889953613e-02,7.027152180671691895e-02
4.772867560386657715e-01,4.358376860618591309e-01,1.733344979584217072e-02,6.485882680863142014e-03,3.015547432005405426e-02,3.290066868066787720e-02
6.349197030067443848e-01,2.130853682756423950e-01,2.030602470040321350e-02,6.053464487195014954e-03,8.510000258684158325e-02,4.053542390465736389e-02
4.197144806385040283e-01,4.702739119529724121e-01,1.968988776206970215e-02,9.902077727019786835e-03,4.789549484848976135e-02,3.252410516142845154e-02
5.837547183036804199e-01,2.870795130729675293e-01,1.404536329209804535e-02,1.738859899342060089e-02,2.424918301403522491e-02,7.348259538412094116e-02
6.886998414993286133e-01,1.916353553533554077e-01,7.796537131071090698e-03,1.502250134944915771e-02,1.123732887208461761e-02,8.560841530561447144e-02
6.096018552780151367e-01,3.114618659019470215e-01,9.055294096469879150e-03,1.278703659772872925e-02,9.011685848236083984e-03,4.808223992586135864e-02
6.117808222770690918e-01,3.149915337562561035e-01,1.168498024344444275e-02,1.494509633630514145e-02,1.271744165569543839e-02,3.388022631406784058e-02
1.904058903455734253e-01,7.437347173690795898e-01,2.239760011434555054e-02,6.117479410022497177e-03,2.641948498785495758e-02,1.092486456036567688e-02
1.137813478708267212e-01,8.155270814895629883e-01,2.309932187199592590e-02,4.263184964656829834e-03,3.320637717843055725e-02,1.012267917394638062e-02
1.512527167797088623e-01,7.526894211769104004e-01,3.473489359021186829e-02,5.314064677804708481e-03,4.576164484024047852e-02,1.024727988988161087e-02
1.775810569524765015e-01,7.162250280380249023e-01,3.628043085336685181e-02,6.213167682290077209e-03,5.093835294246673584e-02,1.276189554482698441e-02
1.370035856962203979e-01,7.804897427558898926e-01,3.511568531394004822e-02,5.235941149294376373e-03,3.326667472720146179e-02,8.888324722647666931e-03
1.612570732831954956e-01,7.823532819747924805e-01,2.284977771341800690e-02,5.051996558904647827e-03,1.960671693086624146e-02,8.881038986146450043e-03
3.748198449611663818e-01,5.300372838973999023e-01,2.244816161692142487e-02,8.556836284697055817e-03,2.928899414837360382e-02,3.484889492392539978e-02
4.217637479305267334e-01,4.837149083614349365e-01,1.719541288912296295e-02,8.628678508102893829e-03,2.716733515262603760e-02,4.152993485331535339e-02
4.242694377899169922e-01,4.767836630344390869e-01,1.962849311530590057e-02,8.022914640605449677e-03,3.407248482108116150e-02,3.722298145294189453e-02
3.900595605373382568e-01,5.137747526168823242e-01,1.927067898213863373e-02,1.346658915281295776e-02,2.086240053176879883e-02,4.256603121757507324e-02
3.708448410034179688e-01,4.881564974784851074e-01,1.908811926841735840e-02,3.584780544042587280e-02,1.690190471708774567e-02,6.916079670190811157e-02
1.921188235282897949e-01,6.970574259757995605e-01,3.242636844515800476e-02,2.295738644897937775e-02,2.600508555769920349e-02,2.943501435220241547e-02
2.233372032642364502e-01,6.754088997840881348e-01,3.091504797339439392e-02,2.322997897863388062e-02,2.555369958281517029e-02,2.155523560941219330e-02
9.813500940799713135e-02,8.338643908500671387e-01,2.534737065434455872e-02,1.056738384068012238e-02,2.401752024888992310e-02,8.068482391536235809e-03
1.754540503025054932e-01,7.484154701232910156e-01,3.259932249784469604e-02,1.431188173592090607e-02,1.534723769873380661e-02,1.387209072709083557e-02
1.620999574661254883e-01,7.757561206817626953e-01,2.512622252106666565e-02,7.833046838641166687e-03,2.093037404119968414e-02,8.254377171397209167e-03
2.331804037094116211e-01,6.757453680038452148e-01,2.436295896768569946e-02,6.643533706665039062e-03,4.427345097064971924e-02,1.579424366354942322e-02
4.538132846355438232e-01,4.033805727958679199e-01,2.401600033044815063e-02,3.831973532214760780e-03,9.522856771945953369e-02,1.972962915897369385e-02
3.702808618545532227e-01,4.778458476066589355e-01,2.527776546776294708e-02,4.609654657542705536e-03,1.049954667687416077e-01,1.699032075703144073e-02
3.248223960399627686e-01,5.618023276329040527e-01,2.753836475312709808e-02,4.729225300252437592e-03,6.505826115608215332e-02,1.604935340583324432e-02
6.810343861579895020e-01,2.461285889148712158e-01,1.522091403603553772e-02,4.035947378724813461e-03,2.560731396079063416e-02,2.797275409102439880e-02
5.991494655609130859e-01,3.277930021286010742e-01,1.888461783528327942e-02,5.200590472668409348e-03,1.805394701659679413e-02,3.091830760240554810e-02
3.843046426773071289e-01,5.615729689598083496e-01,1.816331408917903900e-02,6.991534493863582611e-03,8.797997608780860901e-03,2.016957104206085205e-02
4.091500937938690186e-01,5.339093208312988281e-01,2.477881684899330139e-02,8.166339248418807983e-03,6.027949973940849304e-03,1.796743273735046387e-02
2.161623388528823853e-01,7.326381802558898926e-01,2.164697460830211639e-02,6.718598306179046631e-03,8.856556378304958344e-03,1.397740747779607773e-02
2.499866038560867310e-01,6.962997317314147949e-01,1.689556986093521118e-02,6.551537662744522095e-03,8.157432079315185547e-03,2.210903167724609375e-02
2.394815683364868164e-01,6.957066059112548828e-01,1.792233996093273163e-02,5.656502209603786469e-03,1.597292348742485046e-02,2.526014111936092377e-02
3.068993091583251953e-01,6.058754324913024902e-01,1.930485852062702179e-02,6.463166791945695877e-03,1.960290037095546722e-02,4.185439273715019226e-02
2.160102874040603638e-01,7.185369729995727539e-01,2.357907034456729889e-02,7.663746364414691925e-03,1.188042014837265015e-02,2.232957072556018829e-02
1.289387345314025879e-01,8.197126388549804688e-01,2.412863820791244507e-02,6.318923085927963257e-03,1.121118105947971344e-02,9.689874015748500824e-03
2.038865983486175537e-01,7.283726930618286133e-01,2.795160375535488129e-02,1.311292033642530441e-02,1.224680896848440170e-02,1.442943513393402100e-02
4.315586686134338379e-01,4.920976758003234863e-01,1.400495413690805435e-02,1.770333014428615570e-02,4.579895641654729843e-03,4.005545750260353088e-02
6.114944219589233398e-01,3.006043136119842529e-01,1.370081678032875061e-02,1.962066069245338440e-02,6.265124771744012833e-03,4.831477254629135132e-02
6.850942373275756836e-01,1.848449707031250000e-01,4.138281568884849548e-03,1.519885472953319550e-02,2.535605337470769882e-03,1.081881448626518250e-01
6.941976547241210938e-01,1.536648571491241455e-01,3.243412123993039131e-03,1.069384813308715820e-02,3.009083913639187813e-03,1.351912170648574829e-01
6.487609148025512695e-01,2.233658134937286377e-01,6.451884284615516663e-03,7.104186341166496277e-03,1.819966919720172882e-02,9.611753374338150024e-02
6.335192918777465820e-01,2.801856994628906250e-01,8.087513968348503113e-03,7.056339178234338760e-03,1.665311120450496674e-02,5.449805408716201782e-02
8.045932650566101074e-01,1.112348586320877075e-01,2.809995319694280624e-03,4.801926203072071075e-03,4.775001201778650284e-03,7.178498804569244385e-02
8.765350580215454102e-01,6.015246361494064331e-02,1.945002470165491104e-03,3.337670816108584404e-03,3.942463081330060959e-03,5.408732965588569641e-02
8.782237768173217773e-01,4.941881820559501648e-02,1.741362269967794418e-03,3.270699875429272652e-03,3.297075396403670311e-03,6.404832005500793457e-02
8.538463115692138672e-01,9.526865184307098389e-02,3.389221616089344025e-03,4.202046897262334824e-03,3.102758200839161873e-03,4.019105061888694763e-02
6.336750388145446777e-01,3.144554197788238525e-01,1.835674047470092773e-02,9.649156592786312103e-03,6.719916127622127533e-03,1.714373007416725159e-02
3.607569634914398193e-01,5.664016008377075195e-01,3.245253860950469971e-02,8.931438438594341278e-03,1.951878331601619720e-02,1.193863619118928909e-02
3.572622239589691162e-01,5.731179118156433105e-01,2.481249161064624786e-02,1.563472114503383636e-02,7.906929589807987213e-03,2.126572467386722565e-02
2.816986441612243652e-01,6.720476746559143066e-01,1.757013238966464996e-02,8.384724147617816925e-03,7.187812123447656631e-03,1.311114989221096039e-02
2.674537003040313721e-01,6.805779933929443359e-01,1.587186753749847412e-02,6.648409180343151093e-03,1.192307937890291214e-02,1.752496324479579926e-02
2.990876138210296631e-01,6.466785073280334473e-01,1.515138614922761917e-02,6.509289145469665527e-03,1.199879683554172516e-02,2.057450078427791595e-02
1.499132812023162842e-01,7.973093986511230469e-01,1.881273277103900909e-02,5.977650638669729233e-03,1.672177389264106750e-02,1.126522850245237350e-02
3.019624650478363037e-01,6.288712620735168457e-01,1.117410790175199509e-02,2.031923644244670868e-02,4.982343874871730804e-03,3.269070386886596680e-02
4.143888950347900391e-01,5.018063783645629883e-01,9.382017888128757477e-03,3.023420087993144989e-02,2.638724632561206818e-03,4.154975712299346924e-02
4.409634172916412354e-01,4.682809412479400635e-01,8.697444573044776917e-03,2.698850259184837341e-02,2.387886401265859604e-03,5.268182232975959778e-02
4.678255915641784668e-01,4.281300902366638184e-01,9.800187312066555023e-03,3.411760926246643066e-02,2.795330248773097992e-03,5.733118951320648193e-02
2.870478034019470215e-01,6.456031799316406250e-01,1.864396221935749054e-02,1.034996286034584045e-02,1.609762944281101227e-02,2.225745283067226410e-02
2.777833342552185059e-01,6.447147130966186523e-01,2.104919590055942535e-02,7.866064086556434631e-03,2.950209192931652069e-02,1.908467523753643036e-02
2.158779054880142212e-01,6.928100585937500000e-01,2.138480916619300842e-02,4.713390488177537918e-03,5.064076557755470276e-02,1.457306649535894394e-02
2.280817925930023193e-01,5.415170192718505859e-01,1.900613494217395782e-02,2.412835601717233658e-03,1.964218616485595703e-01,1.256025116890668869e-02
2.012075036764144897e-01,6.883591413497924805e-01,2.067376859486103058e-02,3.712186357006430626e-03,7.107415795326232910e-02,1.497324649244546890e-02
1.596177518367767334e-01,7.203332185745239258e-01,1.995128579437732697e-02,3.215579316020011902e-03,8.257483690977096558e-02,1.430727448314428329e-02
1.158788725733757019e-01,8.007679581642150879e-01,1.779295876622200012e-02,3.036479232832789421e-03,5.369852855801582336e-02,8.825158700346946716e-03
6.666715443134307861e-02,8.811150193214416504e-01,1.629786007106304169e-02,3.416305175051093102e-03,2.561515755951404572e-02,6.888452451676130295e-03
7.439906895160675049e-02,8.526833653450012207e-01,1.756013743579387665e-02,2.133284229785203934e-03,4.903239011764526367e-02,4.191764164716005325e-03
7.720000296831130981e-02,8.723213672637939453e-01,1.677882857620716095e-02,2.617848804220557213e-03,2.717857249081134796e-02,3.903333330526947975e-03
1.386430859565734863e-01,7.794271707534790039e-01,2.795396745204925537e-02,3.227936103940010071e-03,4.364798218011856079e-02,7.099905516952276230e-03
1.663562208414077759e-01,7.387447953224182129e-01,4.206701740622520447e-02,4.505892749875783920e-03,3.951735049486160278e-02,8.808797225356101990e-03
3.359539806842803955e-01,5.766884684562683105e-01,3.563932329416275024e-02,5.496395751833915710e-03,2.896158210933208466e-02,1.726012490689754486e-02
2.931356132030487061e-01,6.247616410255432129e-01,3.947253897786140442e-02,6.795943714678287506e-03,2.193824388086795807e-02,1.389597635716199875e-02
3.924488425254821777e-01,5.156134963035583496e-01,3.561882302165031433e-02,9.787932969629764557e-03,2.572708204388618469e-02,2.080375142395496368e-02
4.041051864624023438e-01,5.172028541564941406e-01,2.547565475106239319e-02,1.920067518949508667e-02,1.162596605718135834e-02,2.238974906504154205e-02
3.558383882045745850e-01,5.546357631683349609e-01,2.121908031404018402e-02,1.162114460021257401e-02,3.369637206196784973e-02,2.298925258219242096e-02
4.964169859886169434e-01,4.127291142940521240e-01,2.154329791665077209e-02,1.288356259465217590e-02,2.482300810515880585e-02,3.160406276583671570e-02
5.991198420524597168e-01,3.023780584335327148e-01,1.713844016194343567e-02,9.396989829838275909e-03,2.768389135599136353e-02,4.428289085626602173e-02
5.101540684700012207e-01,3.628551959991455078e-01,2.107147313654422760e-02,6.306290626525878906e-03,6.264972686767578125e-02,3.696332126855850220e-02
5.244290232658386230e-01,3.939174711704254150e-01,1.836496219038963318e-02,6.521083880215883255e-03,2.301105856895446777e-02,3.375647589564323425e-02
3.176120519638061523e-01,5.961787104606628418e-01,2.296925522387027740e-02,6.388577632606029510e-03,3.448703512549400330e-02,2.236442081630229950e-02
1.458857953548431396e-01,7.916364669799804688e-01,2.309075742959976196e-02,4.754060413688421249e-03,2.553856745362281799e-02,9.094338864088058472e-03
1.665359586477279663e-01,7.735788226127624512e-01,2.353823743760585785e-02,5.361444782465696335e-03,2.229467965662479401e-02,8.690946735441684723e-03
1.848368793725967407e-01,7.525417208671569824e-01,2.029265649616718292e-02,5.724270828068256378e-03,2.662078477442264557e-02,9.983628988265991211e-03
2.910841703414916992e-01,6.177838444709777832e-01,2.062095142900943756e-02,4.651093855500221252e-03,5.458651483058929443e-02,1.127346977591514587e-02
3.305349647998809814e-01,5.614150762557983398e-01,2.405645139515399933e-02,3.530413610860705376e-03,6.871899962425231934e-02,1.174414157867431641e-02
2.587371766567230225e-01,6.005479097366333008e-01,2.422282658517360687e-02,2.851734403520822525e-03,1.044942960143089294e-01,9.146019816398620605e-03
3.804160356521606445e-01,4.348956346511840820e-01,2.404831908643245697e-02,3.599927527830004692e-03,1.410284787416458130e-01,1.601158455014228821e-02
3.281378448009490967e-01,5.452238321304321289e-01,1.955912820994853973e-02,4.137787036597728729e-03,8.443093299865722656e-02,1.851056702435016632e-02
3.244397938251495361e-01,5.892461538314819336e-01,1.896155439317226410e-02,4.407188855111598969e-03,4.319683089852333069e-02,1.974852196872234344e-02
4.047745466232299805e-01,5.233461856842041016e-01,2.045015618205070496e-02,5.954151973128318787e-03,2.038437873125076294e-02,2.509051933884620667e-02
3.283655345439910889e-01,6.014450192451477051e-01,2.147718146443367004e-02,6.147397216409444809e-03,1.869745366275310516e-02,2.386752329766750336e-02
1.186179295182228088e-01,8.210686445236206055e-01,2.686437778174877167e-02,6.228443700820207596e-03,1.820570975542068481e-02,9.014914743602275848e-03
1.014597937464714050e-01,8.450192809104919434e-01,2.555578202009201050e-02,9.816735982894897461e-03,1.029021572321653366e-02,7.858213037252426147e-03
2.688501477241516113e-01,6.623578071594238281e-01,1.560909673571586609e-02,2.190040424466133118e-02,6.884003058075904846e-03,2.439846284687519073e-02
4.479580819606781006e-01,4.391092360019683838e-01,1.363163162022829056e-02,3.057671338319778442e-02,6.287703290581703186e-03,6.243656203150749207e-02
5.543574690818786621e-01,3.261060118675231934e-01,1.036975160241127014e-02,2.570785954594612122e-02,5.219111684709787369e-03,7.823980599641799927e-02
6.029537320137023926e-01,2.890509665012359619e-01,1.216125953942537308e-02,3.520356118679046631e-02,3.304403740912675858e-03,5.732609331607818604e-02
5.050564408302307129e-01,3.939908444881439209e-01,1.261784322559833527e-02,2.231143787503242493e-02,4.692609421908855438e-03,6.133074685931205750e-02
1.648205965757369995e-01,7.807015180587768555e-01,2.568300440907478333e-02,1.262221112847328186e-02,4.453198984265327454e-03,1.171958260238170624e-02
1.813493669033050537e-01,7.547040581703186035e-01,2.757198363542556763e-02,1.070627104490995407e-02,8.571472018957138062e-03,1.709684543311595917e-02
1.089916229248046875e-01,8.466819524765014648e-01,2.207770384848117828e-02,5.822279490530490875e-03,8.787615224719047546e-03,7.638854905962944031e-03
1.333335787057876587e-01,8.106458783149719238e-01,2.609398029744625092e-02,5.548459012061357498e-03,1.636985875666141510e-02,8.008305914700031281e-03
9.329740703105926514e-02,8.603991866111755371e-01,2.475605159997940063e-02,3.571142675355076790e-03,1.459013670682907104e-02,3.386160824447870255e-03
1.274814158678054810e-01,7.969913482666015625e-01,3.546922653913497925e-02,4.437739960849285126e-03,2.923627197742462158e-02,6.383955478668212891e-03
1.262481063604354858e-01,7.783476114273071289e-01,4.499072581529617310e-02,5.510443355888128281e-03,3.831618651747703552e-02,6.586815230548381805e-03
2.356951236724853516e-01,6.382331252098083496e-01,5.763043090701103210e-02,5.729719530791044235e-03,4.871920123696327209e-02,1.399244088679552078e-02
2.592580616474151611e-01,6.176292896270751953e-01,5.285821482539176941e-02,6.973864510655403137e-03,4.562046006321907043e-02,1.766008883714675903e-02
2.406696230173110962e-01,6.631085872650146484e-01,5.161918699741363525e-02,7.116388995200395584e-03,2.419937029480934143e-02,1.328693982213735580e-02
2.914930582046508789e-01,6.116151809692382812e-01,4.724716395139694214e-02,6.477843504399061203e-03,3.060120902955532074e-02,1.256548054516315460e-02
2.999486327171325684e-01,6.120200157165527344e-01,3.650601953268051147e-02,6.522981915622949600e-03,3.318550437688827515e-02,1.181685086339712143e-02
2.014966756105422974e-01,7.134740948677062988e-01,3.230180963873863220e-02,5.952702835202217102e-03,3.575261682271957397e-02,1.102214772254228592e-02
2.378063648939132690e-01,6.681643128395080566e-01,2.768583409488201141e-02,4.224923904985189438e-03,5.051102116703987122e-02,1.160743925720453262e-02
2.646334469318389893e-01,6.435931324958801270e-01,2.666112408041954041e-02,5.056293215602636337e-03,4.835068807005882263e-02,1.170525792986154556e-02
2.839663624763488770e-01,6.238979101181030273e-01,1.685736887156963348e-02,4.693034570664167404e-03,4.786593839526176453e-02,2.271947637200355530e-02
3.890984058380126953e-01,5.140695571899414062e-01,1.665892824530601501e-02,4.172493703663349152e-03,5.204870179295539856e-02,2.395188435912132263e-02
5.017516016960144043e-01,4.303686320781707764e-01,1.342170499265193939e-02,4.867857322096824646e-03,1.776823215186595917e-02,3.182191774249076843e-02
3.791847825050354004e-01,5.661588907241821289e-01,1.675153151154518127e-02,7.484844885766506195e-03,7.461147848516702652e-03,2.295882068574428558e-02
3.241992592811584473e-01,6.217976212501525879e-01,1.370042935013771057e-02,7.726497948169708252e-03,5.214622244238853455e-03,2.736154198646545410e-02
5.015944242477416992e-01,4.147785902023315430e-01,1.579369045794010162e-02,1.348461583256721497e-02,8.276915177702903748e-03,4.607184976339340210e-02
5.659173130989074707e-01,3.652281165122985840e-01,1.314872037619352341e-02,1.289395149797201157e-02,8.506122045218944550e-03,3.430590778589248657e-02
6.120491027832031250e-01,3.143910169601440430e-01,1.128099672496318817e-02,1.903506740927696228e-02,5.846075247973203659e-03,3.739775717258453369e-02
7.804569005966186523e-01,1.660632640123367310e-01,9.177358821034431458e-03,8.939410559833049774e-03,8.011775091290473938e-03,2.735134586691856384e-02
7.590768337249755859e-01,1.590620726346969604e-01,1.012141909450292587e-02,1.394461933523416519e-02,1.197526790201663971e-02,4.581994563341140747e-02
8.164166212081909180e-01,8.410710096359252930e-02,4.478000570088624954e-03,7.879834622144699097e-03,9.002680890262126923e-03,7.811567932367324829e-02
6.169516444206237793e-01,1.196124404668807983e-01,5.539772566407918930e-03,7.943315431475639343e-03,2.741586044430732727e-02,2.225368618965148926e-01
6.185255050659179688e-01,1.098887175321578979e-01,5.595889873802661896e-03,8.910343050956726074e-03,3.486721217632293701e-02,2.222124040126800537e-01
6.719908714294433594e-01,1.747394353151321411e-01,5.835991818457841873e-03,7.673973217606544495e-03,2.542276866734027863e-02,1.143369302153587341e-01
5.656316876411437988e-01,2.368479669094085693e-01,1.348444819450378418e-02,7.192691788077354431e-03,1.092699766159057617e-01,6.757327169179916382e-02
4.223714470863342285e-01,4.845565557479858398e-01,1.708995178341865540e-02,8.607378229498863220e-03,4.422543942928314209e-02,2.314927428960800171e-02
3.975223004817962646e-01,5.312373638153076172e-01,1.826158165931701660e-02,7.338188588619232178e-03,2.498988248407840729e-02,2.065061219036579132e-02
3.890469670295715332e-01,5.397863984107971191e-01,1.855420321226119995e-02,9.027495048940181732e-03,1.890694722533226013e-02,2.467798814177513123e-02
3.527935743331909180e-01,5.736286044120788574e-01,1.944006606936454773e-02,1.144156791269779205e-02,1.613569073379039764e-02,2.656047604978084564e-02
2.071972787380218506e-01,7.243446707725524902e-01,2.444164454936981201e-02,8.064958266913890839e-03,2.349379472434520721e-02,1.245761476457118988e-02
1.521985828876495361e-01,7.867318391799926758e-01,2.391953021287918091e-02,7.634001318365335464e-03,1.952387392520904541e-02,9.992180392146110535e-03
4.044047594070434570e-01,5.133075118064880371e-01,2.096059732139110565e-02,9.440883994102478027e-03,2.261765673756599426e-02,2.926864847540855408e-02
4.325396716594696045e-01,4.875991046428680420e-01,1.987360045313835144e-02,7.251098286360502243e-03,2.303698286414146423e-02,2.969956025481224060e-02
5.914855003356933594e-01,3.360807299613952637e-01,1.423623505979776382e-02,7.578161545097827911e-03,1.084898132830858231e-02,3.977043181657791138e-02
7.488335967063903809e-01,1.393172740936279297e-01,5.285279359668493271e-03,1.004981901496648788e-02,2.571352757513523102e-03,9.394269436597824097e-02
5.042484402656555176e-01,3.985284864902496338e-01,1.132115535438060760e-02,1.418450009077787399e-02,4.538142587989568710e-03,6.717925518751144409e-02
5.354738235473632812e-01,3.486264050006866455e-01,8.377529680728912354e-03,1.490436866879463196e-02,2.647679997608065605e-03,8.997022360563278198e-02
6.641966700553894043e-01,2.015138268470764160e-01,5.950890947133302689e-03,1.299919933080673218e-02,2.542032860219478607e-03,1.127974092960357666e-01
6.632034778594970703e-01,2.406569421291351318e-01,9.399531409144401550e-03,9.589967317879199982e-03,4.142881836742162704e-03,7.300717383623123169e-02
7.794185280799865723e-01,1.245933547616004944e-01,4.460196476429700851e-03,5.882259458303451538e-03,3.089976729825139046e-03,8.255567401647567749e-02
8.075407147407531738e-01,1.164201125502586365e-01,4.752244800329208374e-03,8.049990050494670868e-03,2.628219546750187874e-03,6.060859933495521545e-02
7.077645659446716309e-01,2.192022651433944702e-01,1.043092366307973862e-02,9.243035688996315002e-03,7.148423697799444199e-03,4.621075466275215149e-02
5.889067649841308594e-01,3.316813409328460693e-01,1.280530355870723724e-02,8.325299248099327087e-03,1.823588833212852478e-02,4.004530236124992371e-02
4.350287914276123047e-01,4.456661045551300049e-01,2.638749778270721436e-02,7.843064144253730774e-03,5.224601551890373230e-02,3.282849863171577454e-02
5.017965435981750488e-01,3.859071731567382812e-01,1.638043299317359924e-02,7.957227528095245361e-03,3.072221204638481140e-02,5.723641067743301392e-02
2.692211568355560303e-01,6.191591024398803711e-01,1.947700046002864838e-02,6.094910204410552979e-03,5.134475603699684143e-02,3.470303490757942200e-02
2.920449078083038330e-01,6.283352375030517578e-01,1.905254833400249481e-02,6.771258544176816940e-03,2.296548709273338318e-02,3.083051741123199463e-02
2.393352687358856201e-01,6.687449812889099121e-01,3.142593428492546082e-02,5.784384440630674362e-03,3.691184893250465393e-02,1.779757067561149597e-02
3.123739659786224365e-01,6.030774116516113281e-01,2.435818873345851898e-02,3.540381090715527534e-03,4.500087723135948181e-02,1.164917368441820145e-02
6.103423833847045898e-01,3.091079592704772949e-01,1.884724572300910950e-02,4.334704019129276276e-03,3.003317303955554962e-02,2.733451873064041138e-02
7.003993391990661621e-01,2.084563821554183960e-01,1.498134247958660126e-02,5.056891590356826782e-03,3.298002108931541443e-02,3.812603279948234558e-02
5.359529256820678711e-01,3.868080675601959229e-01,1.903892681002616882e-02,8.281008340418338776e-03,1.871631853282451630e-02,3.120276145637035370e-02
5.935016274452209473e-01,2.952537834644317627e-01,1.459371298551559448e-02,9.623977355659008026e-03,1.399604603648185730e-02,7.303091138601303101e-02
2.733106315135955811e-01,6.546624302864074707e-01,2.003530412912368774e-02,8.875321596860885620e-03,1.485365070402622223e-02,2.826269716024398804e-02
1.660154759883880615e-01,7.714077234268188477e-01,2.179782278835773468e-02,5.131520796567201614e-03,2.299236506223678589e-02,1.265503093600273132e-02
2.368661165237426758e-01,6.878923177719116211e-01,1.974648609757423401e-02,6.348790135234594345e-03,2.802655100822448730e-02,2.111972868442535400e-02
