9.311716556549072266e-01,6.087670568376779556e-03,1.952972076833248138e-02,3.079511038959026337e-02,3.327973885461688042e-03,9.087690152227878571e-03
9.507622718811035156e-01,4.776806570589542389e-03,1.515182573348283768e-02,1.662195287644863129e-02,3.780228085815906525e-03,8.906928822398185730e-03
9.543752074241638184e-01,3.226995002478361130e-03,1.405858714133501053e-02,1.769486069679260254e-02,3.125805174931883812e-03,7.518487982451915741e-03
9.611603617668151855e-01,2.760181669145822525e-03,1.231524161994457245e-02,1.245880499482154846e-02,3.662396688014268875e-03,7.642956450581550598e-03
9.567748904228210449e-01,4.226574208587408066e-03,1.539883483201265335e-02,1.181898172944784164e-02,4.447339568287134171e-03,7.333349902182817459e-03
9.452539682388305664e-01,4.610797390341758728e-03,2.014618366956710815e-02,1.894040405750274658e-02,3.890035673975944519e-03,7.158597465604543686e-03
9.538217782974243164e-01,6.137466058135032654e-03,1.547137647867202759e-02,1.295663043856620789e-02,4.226669203490018845e-03,7.386127952486276627e-03
8.343282938003540039e-01,3.732905723154544830e-03,1.663798699155449867e-03,1.541486233472824097e-01,1.660576817812398076e-04,5.960312671959400177e-03
8.670278191566467285e-01,4.618002101778984070e-03,1.469783746870234609e-04,1.252973675727844238e-01,1.069556128641124815e-05,2.899187151342630386e-03
6.274524927139282227e-01,9.717117063701152802e-03,4.041382271680049598e-05,3.609111309051513672e-01,1.833835881370760035e-06,1.877093338407576084e-03
4.154531061649322510e-01,6.079175509512424469e-03,9.297044016420841217e-06,5.765429735183715820e-01,4.211329098779970082e-07,1.915043103508651257e-03
5.716617703437805176e-01,1.562571711838245392e-02,3.253740578657016158e-05,4.107067584991455078e-01,1.664819933466787916e-06,1.971606630831956863e-03
7.967798113822937012e-01,1.884560845792293549e-02,4.066388937644660473e-04,1.768290847539901733e-01,3.974993524025194347e-05,7.099125068634748459e-03
8.294931054115295410e-01,4.204432014375925064e-03,2.177049173042178154e-03,1.511790454387664795e-01,2.397575153736397624e-04,1.270672678947448730e-02
8.855661749839782715e-01,3.097283653914928436e-03,8.626439608633518219e-03,8.472145348787307739e-02,9.344810969196259975e-04,1.705419085919857025e-02
8.388593196868896484e-01,2.102180384099483490e-03,1.469980180263519287e-02,1.215164959430694580e-01,1.292985631152987480e-03,2.152924425899982452e-02
7.008640170097351074e-01,1.228453125804662704e-03,1.753167808055877686e-02,2.590113580226898193e-01,1.040605828166007996e-03,2.032383158802986145e-02
6.688117980957031250e-01,2.723842859268188477e-03,1.583781838417053223e-02,2.928823232650756836e-01,8.828201680444180965e-04,1.886131614446640015e-02
7.333375811576843262e-01,5.849119275808334351e-03,1.533737964928150177e-02,2.231053113937377930e-01,1.266990206204354763e-03,2.110371179878711700e-02
7.496495246887207031e-01,1.595607772469520569e-02,1.849761605262756348e-02,1.886223405599594116e-01,2.223357791081070900e-03,2.505114302039146423e-02
7.758659124374389648e-01,3.624016046524047852e-02,2.009613998234272003e-02,1.353437751531600952e-01,3.752554301172494888e-03,2.870140969753265381e-02
7.791691422462463379e-01,4.751949384808540344e-02,2.176481857895851135e-02,1.220081225037574768e-01,4.074762575328350067e-03,2.546376548707485199e-02
7.573726773262023926e-01,9.490159898996353149e-02,2.642822265625000000e-02,8.987030386924743652e-02,7.401358336210250854e-03,2.402587980031967163e-02
7.539422512054443359e-01,9.829086065292358398e-02,2.708099223673343658e-02,8.933067321777343750e-02,7.382492534816265106e-03,2.397279255092144012e-02
7.656090259552001953e-01,8.467936515808105469e-02,2.816368266940116882e-02,9.078934788703918457e-02,7.155485451221466064e-03,2.360312826931476593e-02
7.538329362869262695e-01,9.491017460823059082e-02,2.592764236032962799e-02,9.499046951532363892e-02,6.643529981374740601e-03,2.369521744549274445e-02
7.452970743179321289e-01,1.093464195728302002e-01,2.421615645289421082e-02,8.477634191513061523e-02,6.971873808652162552e-03,2.939213253557682037e-02
7.646381855010986328e-01,7.679601758718490601e-02,2.353192493319511414e-02,9.758137911558151245e-02,5.912132095545530319e-03,3.154037892818450928e-02
7.605525851249694824e-01,7.782649248838424683e-02,2.259538136422634125e-02,1.011711657047271729e-01,5.345973186194896698e-03,3.250840306282043457e-02
7.639982104301452637e-01,6.434806436300277710e-02,2.280667237937450409e-02,1.086458563804626465e-01,5.169312469661235809e-03,3.503187373280525208e-02
7.822404503822326660e-01,4.505224525928497314e-02,2.188722230494022369e-02,1.154657378792762756e-01,4.444066435098648071e-03,3.091031499207019806e-02
7.923136949539184570e-01,6.612394005060195923e-02,2.423370629549026489e-02,8.150941878557205200e-02,6.588479969650506973e-03,2.923076041042804718e-02
7.777744531631469727e-01,8.326952159404754639e-02,2.442295476794242859e-02,7.975485920906066895e-02,7.183920592069625854e-03,2.759434469044208527e-02
7.836248278617858887e-01,8.286732435226440430e-02,2.532324567437171936e-02,6.862673908472061157e-02,9.076987393200397491e-03,3.048085980117321014e-02
7.947224974632263184e-01,6.258809566497802734e-02,2.352837845683097839e-02,8.340401202440261841e-02,6.665749475359916687e-03,2.909128740429878235e-02
7.826927304267883301e-01,6.314895302057266235e-02,2.308717928826808929e-02,9.111040830612182617e-02,6.439230404794216156e-03,3.352150693535804749e-02
7.839244008064270020e-01,5.659398436546325684e-02,2.174087986350059509e-02,1.012372598052024841e-01,5.130370147526264191e-03,3.137307986617088318e-02
7.681609392166137695e-01,6.872068345546722412e-02,2.149229124188423157e-02,1.046832576394081116e-01,4.814400803297758102e-03,3.212836757302284241e-02
7.415081262588500977e-01,1.196168288588523865e-01,2.240921743214130402e-02,7.951068133115768433e-02,7.114988751709461212e-03,2.984026633203029633e-02
7.510288357734680176e-01,1.219268664717674255e-01,2.439936809241771698e-02,6.417616456747055054e-02,9.925537742674350739e-03,2.854332514107227325e-02
7.693762779235839844e-01,1.020761057734489441e-01,2.492882870137691498e-02,6.592267006635665894e-02,1.023608259856700897e-02,2.746014483273029327e-02
7.645020484924316406e-01,1.008028313517570496e-01,2.408228442072868347e-02,7.034216821193695068e-02,1.054682768881320953e-02,2.972375229001045227e-02
7.758634090423583984e-01,8.071885257959365845e-02,2.366495504975318909e-02,7.959443330764770508e-02,9.208721108734607697e-03,3.094966523349285126e-02
7.808283567428588867e-01,7.205693423748016357e-02,2.059702202677726746e-02,8.933687210083007812e-02,6.676027551293373108e-03,3.050487488508224487e-02
7.673363089561462402e-01,8.807161450386047363e-02,2.066524513065814972e-02,7.909555733203887939e-02,7.754712365567684174e-03,3.707652166485786438e-02
7.634579539299011230e-01,1.035264208912849426e-01,2.089350484311580658e-02,6.366372108459472656e-02,9.963675402104854584e-03,3.849480673670768738e-02
7.648820281028747559e-01,9.782117605209350586e-02,2.089041471481323242e-02,6.803350150585174561e-02,9.642300195991992950e-03,3.873049840331077576e-02
7.862129807472229004e-01,7.821707427501678467e-02,1.963015645742416382e-02,7.105758786201477051e-02,8.006751537322998047e-03,3.687542304396629333e-02
7.659191489219665527e-01,7.899516820907592773e-02,2.011744119226932526e-02,9.609831869602203369e-02,6.305857095867395401e-03,3.256397321820259094e-02
7.805197834968566895e-01,6.879672408103942871e-02,2.176859788596630096e-02,9.355372190475463867e-02,6.612754426896572113e-03,2.874855697154998779e-02
7.143548130989074707e-01,1.523488163948059082e-01,2.762490138411521912e-02,7.251285016536712646e-02,8.616640232503414154e-03,2.454200014472007751e-02
5.713779926300048828e-01,3.133577406406402588e-01,2.224344387650489807e-02,6.956737488508224487e-02,5.267184693366289139e-03,1.818629354238510132e-02
6.359616518020629883e-01,2.846823930740356445e-01,2.123683691024780273e-02,3.684742748737335205e-02,5.177031271159648895e-03,1.609462127089500427e-02
6.598699092864990234e-01,2.623966336250305176e-01,2.310825139284133911e-02,3.473307937383651733e-02,5.391718819737434387e-03,1.450046431273221970e-02
6.151271462440490723e-01,3.106180131435394287e-01,2.124998532235622406e-02,3.709132224321365356e-02,3.772351192310452461e-03,1.214114855974912643e-02
7.629067301750183105e-01,1.641320139169692993e-01,2.526279538869857788e-02,2.798222377896308899e-02,6.842856295406818390e-03,1.287340093404054642e-02
6.378328800201416016e-01,2.717895209789276123e-01,3.459577262401580811e-02,2.711914293467998505e-02,1.319892238825559616e-02,1.546377222985029221e-02
4.760110676288604736e-01,4.469842612743377686e-01,3.081831522285938263e-02,1.978190429508686066e-02,1.393705513328313828e-02,1.246747002005577087e-02
4.784575700759887695e-01,4.444546997547149658e-01,3.080360963940620422e-02,1.979311928153038025e-02,1.395981758832931519e-02,1.253116782754659653e-02
4.784582853317260742e-01,4.444539844989776611e-01,3.080358915030956268e-02,1.979296281933784485e-02,1.395991910248994827e-02,1.253124419599771500e-02
4.784581661224365234e-01,4.444540441036224365e-01,3.080358169972896576e-02,1.979296654462814331e-02,1.395991817116737366e-02,1.253126468509435654e-02
4.784580469131469727e-01,4.444541931152343750e-01,3.080357424914836884e-02,1.979296095669269562e-02,1.395992841571569443e-02,1.253129076212644577e-02
4.784577786922454834e-01,4.444544911384582520e-01,3.080356307327747345e-02,1.979294978082180023e-02,1.395994052290916443e-02,1.253131404519081116e-02
4.784575104713439941e-01,4.444547593593597412e-01,3.080353885889053345e-02,1.979291625320911407e-02,1.395996194332838058e-02,1.253134943544864655e-02
4.784545600414276123e-01,4.444577991962432861e-01,3.080356307327747345e-02,1.979272253811359406e-02,1.396003272384405136e-02,1.253133453428745270e-02
4.803799092769622803e-01,4.423751831054687500e-01,3.066695295274257660e-02,1.999638602137565613e-02,1.392465829849243164e-02,1.265696715563535690e-02
6.415418386459350586e-01,2.619681656360626221e-01,3.296574950218200684e-02,2.917874604463577271e-02,1.317121461033821106e-02,2.117422223091125488e-02
7.803735733032226562e-01,1.094468459486961365e-01,7.772799581289291382e-03,8.658223599195480347e-02,1.591003383509814739e-03,1.423349604010581970e-02
6.448429226875305176e-01,6.593295931816101074e-02,1.180771971121430397e-03,2.792240381240844727e-01,1.344306219834834337e-04,8.684942498803138733e-03
3.073894977569580078e-01,2.555390819907188416e-02,5.028047598898410797e-05,6.626594662666320801e-01,3.824146460829069838e-06,4.343100357800722122e-03
2.608394920825958252e-01,6.556656677275896072e-03,1.309532763116294518e-05,7.310343980789184570e-01,5.451211677609535400e-07,1.555811148136854172e-03
3.837793469429016113e-01,1.144673302769660950e-02,2.883089291572105139e-05,6.021564006805419922e-01,1.805591409720364027e-06,2.586952876299619675e-03
7.073001265525817871e-01,5.866688210517168045e-03,1.129181546275503933e-04,2.821325957775115967e-01,1.116388648370048031e-05,4.576580133289098740e-03
9.492627382278442383e-01,4.552390892058610916e-03,1.869931234978139400e-03,3.613224998116493225e-02,3.265059494879096746e-04,7.856189273297786713e-03
9.468623995780944824e-01,2.781600691378116608e-03,5.497190169990062714e-03,3.603690490126609802e-02,9.673166787251830101e-04,7.854612544178962708e-03
9.376803040504455566e-01,5.424822680652141571e-03,1.538712345063686371e-02,2.972678840160369873e-02,2.684412989765405655e-03,9.096555411815643311e-03
9.231880307197570801e-01,4.960542079061269760e-03,1.892459578812122345e-02,4.340171441435813904e-02,2.357255201786756516e-03,7.167893927544355392e-03
9.247754812240600586e-01,6.916472222656011581e-03,2.538742870092391968e-02,3.258635476231575012e-02,3.608537372201681137e-03,6.725674495100975037e-03
9.174677729606628418e-01,7.077312562614679337e-03,3.691577911376953125e-02,2.914770692586898804e-02,3.836816642433404922e-03,5.554662086069583893e-03
9.458042979240417480e-01,5.779493134468793869e-03,2.174840494990348816e-02,1.609999313950538635e-02,4.010686650872230530e-03,6.557076238095760345e-03
9.429735541343688965e-01,5.750444717705249786e-03,2.627262845635414124e-02,1.358710881322622299e-02,5.135335493832826614e-03,6.281003355979919434e-03
9.415335059165954590e-01,5.991920828819274902e-03,2.708162926137447357e-02,1.399431843310594559e-02,5.163112655282020569e-03,6.235417909920215607e-03
9.474897384643554688e-01,4.767683800309896469e-03,2.265683934092521667e-02,1.407413464039564133e-02,4.677147604525089264e-03,6.334444973617792130e-03
9.056434035301208496e-01,1.239464152604341507e-02,5.884148180484771729e-02,1.093597523868083954e-02,7.764379959553480148e-03,4.420033656060695648e-03
9.041489362716674805e-01,9.695108048617839813e-03,5.840514227747917175e-02,1.775976270437240601e-02,5.518263671547174454e-03,4.472848959267139435e-03
9.079925417900085449e-01,8.871402591466903687e-03,5.725836753845214844e-02,1.474161725491285324e-02,6.427774671465158463e-03,4.708289634436368942e-03
8.962343335151672363e-01,2.043722011148929596e-02,5.603358149528503418e-02,1.452024839818477631e-02,7.160447072237730026e-03,5.614224821329116821e-03
9.344462156295776367e-01,7.113445550203323364e-03,2.586807310581207275e-02,2.338477224111557007e-02,3.276919014751911163e-03,5.910642445087432861e-03
9.032676815986633301e-01,1.592445932328701019e-02,4.616392776370048523e-02,2.004496194422245026e-02,7.798012346029281616e-03,6.800889037549495697e-03
9.224643111228942871e-01,1.169339194893836975e-02,3.324375301599502563e-02,2.158984541893005371e-02,5.064293742179870605e-03,5.944587290287017822e-03
9.031787514686584473e-01,2.109367959201335907e-02,4.363727197051048279e-02,1.769823580980300903e-02,7.722165901213884354e-03,6.669937632977962494e-03
9.035624861717224121e-01,3.295614570379257202e-02,3.676600381731987000e-02,1.400480233132839203e-02,6.706600543111562729e-03,6.003908347338438034e-03
9.276374578475952148e-01,1.796380616724491119e-02,2.251950092613697052e-02,2.397006191313266754e-02,2.601746236905455589e-03,5.307450424879789352e-03
9.331718087196350098e-01,1.220727339386940002e-02,1.416512858122587204e-02,3.364177793264389038e-02,1.486836932599544525e-03,5.327185615897178650e-03
9.416117072105407715e-01,5.566579755395650864e-03,1.220775023102760315e-02,3.413533791899681091e-02,1.295859809033572674e-03,5.182747263461351395e-03
9.540125727653503418e-01,3.934941720217466354e-03,1.258501783013343811e-02,2.142260223627090454e-02,2.031986834481358528e-03,6.012923549860715866e-03
9.554321169853210449e-01,3.765076398849487305e-03,1.028816029429435730e-02,2.252504415810108185e-02,1.835568691603839397e-03,6.154002156108617783e-03
9.443655014038085938e-01,4.803417716175317764e-03,1.846237853169441223e-02,2.225024253129959106e-02,3.311224048957228661e-03,6.807194091379642487e-03
9.473413228988647461e-01,4.488769453018903732e-03,1.580823957920074463e-02,2.200328186154365540e-02,3.219390753656625748e-03,7.139023393392562866e-03
9.494031071662902832e-01,4.060071893036365509e-03,1.300849672406911850e-02,2.263581193983554840e-02,3.073475090786814690e-03,7.819160819053649902e-03
9.524778723716735840e-01,4.321542568504810333e-03,1.462735887616872787e-02,1.570571959018707275e-02,4.454035777598619461e-03,8.413499221205711365e-03
9.415410161018371582e-01,1.307341735810041428e-02,1.674941927194595337e-02,1.464640628546476364e-02,5.070980172604322433e-03,8.918744511902332306e-03
9.196184873580932617e-01,3.334805741906166077e-02,1.320831850171089172e-02,2.258315309882164001e-02,2.806296339258551598e-03,8.435678668320178986e-03
8.518285155296325684e-01,9.681468456983566284e-02,1.371883787214756012e-02,2.593167498707771301e-02,2.447930164635181427e-03,9.258338250219821930e-03
8.059261441230773926e-01,1.498653590679168701e-01,1.468150597065687180e-02,1.925915665924549103e-02,2.193559659644961357e-03,8.074227720499038696e-03
8.613277673721313477e-01,9.427264332771301270e-02,1.621549017727375031e-02,1.745895482599735260e-02,2.463409444317221642e-03,8.261699229478836060e-03
8.993888497352600098e-01,5.420558154582977295e-02,2.206920273602008820e-02,1.115026604384183884e-02,4.390810150653123856e-03,8.795226924121379852e-03
8.399584293365478516e-01,9.348656237125396729e-02,3.179314360022544861e-02,1.797088794410228729e-02,6.057400256395339966e-03,1.073347683995962143e-02
6.958010196685791016e-01,2.118392586708068848e-01,4.525994881987571716e-02,2.360585890710353851e-02,9.665161371231079102e-03,1.382863800972700119e-02
8.007070422172546387e-01,1.130381748080253601e-01,3.395376726984977722e-02,3.235963732004165649e-02,6.871314719319343567e-03,1.307009160518646240e-02
7.794389724731445312e-01,1.417321562767028809e-01,3.242103755474090576e-02,2.113470993936061859e-02,8.750155568122863770e-03,1.652302034199237823e-02
8.803912997245788574e-01,6.930325180292129517e-02,1.709648594260215759e-02,1.490173395723104477e-02,4.462875891476869583e-03,1.384432520717382431e-02
9.378069043159484863e-01,2.580783516168594360e-02,1.002443116158246994e-02,1.124500855803489685e-02,2.766777062788605690e-03,1.234888285398483276e-02
9.666524529457092285e-01,8.320759050548076630e-03,6.688354071229696274e-03,3.377040382474660873e-03,3.078324720263481140e-03,1.188290864229202271e-02
9.700478315353393555e-01,6.673185154795646667e-03,6.783384829759597778e-03,2.027854090556502342e-03,3.434786340221762657e-03,1.103301905095577240e-02
9.749928116798400879e-01,3.846425097435712814e-03,6.925384048372507095e-03,1.213634619489312172e-03,3.787662135437130928e-03,9.234114550054073334e-03
9.723118543624877930e-01,2.638682955875992775e-03,9.112507104873657227e-03,1.577914576046168804e-03,4.938067868351936340e-03,9.421093389391899109e-03
9.670491814613342285e-01,2.811360172927379608e-03,1.251312531530857086e-02,4.635878372937440872e-03,4.252046812325716019e-03,8.738460950553417206e-03
9.557605385780334473e-01,5.573827773332595825e-03,1.486759446561336517e-02,1.162408571690320969e-02,3.754989011213183403e-03,8.419078774750232697e-03
9.508879780769348145e-01,3.561887191608548164e-03,1.519065350294113159e-02,1.971116662025451660e-02,3.051607171073555946e-03,7.596837822347879410e-03
9.456754922866821289e-01,4.818586166948080063e-03,1.927238143980503082e-02,1.966947503387928009e-02,3.590748645365238190e-03,6.973268929868936539e-03
9.436388611793518066e-01,8.083540946245193481e-03,1.853178068995475769e-02,1.709242165088653564e-02,4.087493754923343658e-03,8.565924130380153656e-03
9.409703016281127930e-01,9.856356307864189148e-03,1.837913319468498230e-02,1.711397431790828705e-02,4.372447263449430466e-03,9.307706728577613831e-03
9.341871142387390137e-01,1.409936137497425079e-02,2.612696588039398193e-02,9.954337030649185181e-03,7.186793256551027298e-03,8.445526473224163055e-03
9.445590376853942871e-01,1.186585426330566406e-02,2.060918323695659637e-02,9.665612131357192993e-03,5.526279564946889877e-03,7.774036377668380737e-03
9.522714614868164062e-01,8.903487585484981537e-03,1.899299956858158112e-02,9.250500239431858063e-03,4.336966201663017273e-03,6.244549993425607681e-03
9.351637959480285645e-01,6.622522603720426559e-03,3.158188238739967346e-02,1.773479208350181580e-02,3.719357773661613464e-03,5.177735351026058197e-03
8.795164227485656738e-01,6.872614379972219467e-03,3.797138854861259460e-02,6.834646314382553101e-02,1.930073252879083157e-03,5.363017786294221878e-03
9.064241051673889160e-01,7.015593815594911575e-03,3.712675720453262329e-02,4.114601388573646545e-02,2.597986254841089249e-03,5.689512472599744797e-03
8.594200015068054199e-01,6.099179852753877640e-03,5.095703527331352234e-02,7.690676301717758179e-02,1.861455268226563931e-03,4.755523987114429474e-03
9.313637614250183105e-01,7.320404052734375000e-03,2.393138781189918518e-02,2.872056886553764343e-02,2.559379674494266510e-03,6.104636937379837036e-03
9.038505554199218750e-01,1.464766450226306915e-02,5.252061784267425537e-02,1.560815796256065369e-02,7.497843820601701736e-03,5.875205621123313904e-03
9.063381552696228027e-01,2.339243888854980469e-02,4.425488039851188660e-02,1.262324023991823196e-02,7.575711235404014587e-03,5.815613083541393280e-03
9.045569896697998047e-01,2.004449628293514252e-02,4.401309788227081299e-02,2.122894488275051117e-02,4.839228466153144836e-03,5.317291244864463806e-03
9.064550399780273438e-01,2.695007994771003723e-02,4.011440277099609375e-02,1.346571743488311768e-02,7.059397641569375992e-03,5.955299362540245056e-03
9.140412211418151855e-01,1.113681402057409286e-02,4.479221627116203308e-02,1.924622245132923126e-02,5.309164058417081833e-03,5.474344361573457718e-03
8.620413541793823242e-01,1.097691059112548828e-02,7.642085850238800049e-02,4.420704022049903870e-02,2.747679362073540688e-03,3.606132464483380318e-03
8.907485008239746094e-01,6.694734096527099609e-03,5.105261877179145813e-02,4.594264924526214600e-02,2.026871079578995705e-03,3.534640884026885033e-03
8.824821710586547852e-01,6.763008888810873032e-03,5.242010578513145447e-02,5.289328470826148987e-02,2.005558926612138748e-03,3.435830119997262955e-03
9.046704173088073730e-01,6.050426047295331955e-03,2.589565142989158630e-02,5.739157274365425110e-02,1.419815700501203537e-03,4.572051577270030975e-03
9.284134507179260254e-01,7.284879684448242188e-03,2.743372134864330292e-02,2.873130515217781067e-02,2.650642767548561096e-03,5.486087873578071594e-03
9.521629810333251953e-01,7.184277288615703583e-03,1.701222360134124756e-02,1.423418521881103516e-02,3.065541386604309082e-03,6.340673658996820450e-03
9.426952004432678223e-01,9.104305878281593323e-03,2.412743680179119110e-02,1.303832512348890305e-02,4.613382276147603989e-03,6.421373225748538971e-03
9.512708783149719238e-01,6.602725014090538025e-03,1.805389299988746643e-02,1.202935911715030670e-02,4.756787326186895370e-03,7.286287378519773483e-03
9.544437527656555176e-01,7.723141927272081375e-03,1.587132364511489868e-02,6.807870231568813324e-03,7.083673495799303055e-03,8.070321753621101379e-03
9.564779400825500488e-01,5.119725130498409271e-03,1.478238124400377274e-02,1.127121411263942719e-02,4.952641203999519348e-03,7.396115455776453018e-03
9.530110359191894531e-01,4.928474314510822296e-03,1.809126697480678558e-02,8.434766903519630432e-03,7.218241225928068161e-03,8.316226303577423096e-03
9.475439190864562988e-01,4.417598713189363480e-03,2.192526496946811676e-02,8.190866559743881226e-03,9.255776181817054749e-03,8.666664361953735352e-03
9.398155212402343750e-01,6.494527217000722885e-03,2.601920440793037415e-02,7.784358691424131393e-03,1.138998568058013916e-02,8.496417663991451263e-03
9.507644176483154297e-01,5.817689467221498489e-03,2.007377706468105316e-02,6.960546132177114487e-03,8.486642502248287201e-03,7.896830327808856964e-03
9.382972121238708496e-01,9.612924419343471527e-03,2.656387351453304291e-02,8.387611247599124908e-03,9.514602832496166229e-03,7.623697631061077118e-03
9.478209614753723145e-01,9.623003192245960236e-03,1.953975856304168701e-02,9.284584783017635345e-03,6.596096325665712357e-03,7.135577499866485596e-03
9.325613975524902344e-01,1.093299314379692078e-02,3.246434405446052551e-02,1.062618661671876907e-02,7.133080158382654190e-03,6.281997542828321457e-03
9.548792839050292969e-01,5.778014194220304489e-03,1.585445366799831390e-02,1.265373267233371735e-02,4.090106580406427383e-03,6.744327023625373840e-03
9.326182007789611816e-01,5.694231949746608734e-03,2.523652464151382446e-02,2.751152776181697845e-02,3.192249918356537819e-03,5.747212097048759460e-03
9.229348897933959961e-01,5.525686778128147125e-03,2.067032456398010254e-02,4.310771822929382324e-02,2.057869452983140945e-03,5.703439936041831970e-03
9.436233639717102051e-01,6.713669281452894211e-03,1.571442559361457825e-02,2.520723454654216766e-02,2.481117378920316696e-03,6.260078400373458862e-03
9.398450851440429688e-01,8.019153960049152374e-03,2.272213809192180634e-02,1.831794716417789459e-02,4.439371638000011444e-03,6.656356155872344971e-03
9.340075850486755371e-01,1.419412437826395035e-02,2.595869265496730804e-02,1.269752345979213715e-02,6.268611643463373184e-03,6.873537786304950714e-03
9.365717172622680664e-01,1.018021441996097565e-02,2.922337874770164490e-02,1.135989371687173843e-02,6.294726394116878510e-03,6.370120216161012650e-03
9.473370313644409180e-01,8.874270133674144745e-03,2.105180174112319946e-02,6.915481761097908020e-03,8.157362230122089386e-03,7.664116099476814270e-03
9.467638731002807617e-01,6.385510787367820740e-03,1.917121373116970062e-02,1.396436803042888641e-02,5.011843983083963394e-03,8.703161031007766724e-03
9.522547125816345215e-01,5.217860452830791473e-03,1.698845624923706055e-02,9.811215102672576904e-03,6.896580569446086884e-03,8.831256069242954254e-03
9.474620223045349121e-01,5.224396474659442902e-03,1.902762800455093384e-02,1.133248396217823029e-02,7.271613460034132004e-03,9.681837633252143860e-03
9.488589763641357422e-01,4.628847353160381317e-03,1.980454474687576294e-02,1.337050646543502808e-02,5.479369312524795532e-03,7.857683114707469940e-03
9.487417936325073242e-01,4.435194190591573715e-03,1.756256073713302612e-02,1.781682297587394714e-02,3.959514200687408447e-03,7.484240457415580750e-03
9.600808024406433105e-01,3.896839218214154243e-03,1.331609766930341721e-02,1.187879592180252075e-02,3.668535267934203148e-03,7.159012369811534882e-03
9.587969183921813965e-01,3.302844939753413200e-03,6.283531431108713150e-03,2.462255954742431641e-02,1.107589225284755230e-03,5.886629689484834671e-03
9.653762578964233398e-01,4.378179553896188736e-03,3.830948378890752792e-03,1.962047442793846130e-02,7.469961419701576233e-04,6.047063507139682770e-03
9.466665983200073242e-01,7.501117885112762451e-03,3.397908294573426247e-03,3.387923538684844971e-02,6.596376770175993443e-04,7.895421236753463745e-03
9.026556015014648438e-01,1.214570645242929459e-02,1.377479755319654942e-03,7.620990276336669922e-02,1.661125861573964357e-04,7.445207796990871429e-03
9.489222168922424316e-01,1.516326237469911575e-02,1.253136317245662212e-03,2.699557319283485413e-02,2.013826597249135375e-04,7.464523427188396454e-03
9.344938397407531738e-01,2.086920477449893951e-02,1.447700196877121925e-03,3.448315709829330444e-02,2.344066742807626724e-04,8.471736684441566467e-03
9.597860574722290039e-01,1.404194626957178116e-02,1.456916914321482182e-03,1.523070596158504486e-02,3.236018819734454155e-04,9.160714223980903625e-03
9.676387310028076172e-01,7.584413979202508926e-03,1.992306206375360489e-03,1.345321815460920334e-02,5.087340250611305237e-04,8.822700940072536469e-03
9.535790085792541504e-01,5.326791200786828995e-03,3.907904494553804398e-03,2.689698152244091034e-02,7.843945058993995190e-04,9.504847228527069092e-03
9.369834661483764648e-01,5.061703734099864960e-03,1.035101152956485748e-02,3.557327389717102051e-02,2.058914629742503166e-03,9.971664287149906158e-03
8.980908989906311035e-01,4.203791264444589615e-03,1.561013422906398773e-02,7.265995442867279053e-02,1.599817303940653801e-03,7.835577242076396942e-03
9.430891275405883789e-01,4.395930096507072449e-03,1.695657521486282349e-02,2.607427723705768585e-02,2.668118104338645935e-03,6.815936416387557983e-03
9.267500638961791992e-01,6.550133228302001953e-03,3.273912146687507629e-02,2.363391034305095673e-02,4.238103516399860382e-03,6.088638212531805038e-03
9.317603111267089844e-01,9.443768300116062164e-03,2.723704464733600616e-02,2.048953063786029816e-02,4.186679609119892120e-03,6.882570218294858932e-03
9.282120466232299805e-01,1.600828953087329865e-02,3.129921108484268188e-02,1.361617818474769592e-02,4.914532415568828583e-03,5.949571263045072556e-03
9.182102084159851074e-01,2.301106974482536316e-02,3.527022153139114380e-02,1.044148299843072891e-02,6.786993704736232758e-03,6.279928144067525864e-03
9.270385503768920898e-01,1.612793840467929840e-02,3.268949687480926514e-02,1.228633150458335876e-02,5.945909302681684494e-03,5.911862943321466446e-03
9.330618977546691895e-01,1.314954925328493118e-02,3.065077215433120728e-02,8.395190350711345673e-03,8.372730575501918793e-03,6.369865499436855316e-03
9.526289701461791992e-01,5.660321563482284546e-03,1.966724544763565063e-02,1.090177614241838455e-02,4.944080486893653870e-03,6.197680253535509109e-03
9.426562190055847168e-01,4.087805282324552536e-03,2.784093096852302551e-02,1.539458241313695908e-02,4.471776541322469711e-03,5.548622924834489822e-03
9.383559823036193848e-01,3.625562647357583046e-03,2.680902928113937378e-02,2.126437053084373474e-02,3.845030674710869789e-03,6.100052967667579651e-03
9.387889504432678223e-01,3.464223118498921394e-03,2.396027743816375732e-02,2.523997053503990173e-02,2.833984559401869774e-03,5.712606012821197510e-03
9.457756280899047852e-01,3.845562692731618881e-03,1.685768365859985352e-02,2.547097206115722656e-02,2.231158781796693802e-03,5.819099023938179016e-03
9.458926320075988770e-01,5.442880094051361084e-03,1.438479404896497726e-02,2.634316496551036835e-02,2.028031740337610245e-03,5.908505991101264954e-03
9.455364346504211426e-01,4.627974703907966614e-03,1.115646213293075562e-02,3.103384189307689667e-02,1.551163149997591972e-03,6.094100885093212128e-03
9.456599354743957520e-01,5.305157043039798737e-03,1.356016285717487335e-02,2.602759934961795807e-02,2.350559690967202187e-03,7.096620276570320129e-03
9.442592859268188477e-01,3.087195102125406265e-03,1.159207895398139954e-02,3.068072535097599030e-02,2.338137477636337280e-03,8.042523637413978577e-03
9.460093975067138672e-01,1.900121336802840233e-03,9.231428615748882294e-03,3.448713943362236023e-02,1.455003279261291027e-03,6.916899234056472778e-03
9.542230367660522461e-01,2.449781633913516998e-03,6.995573174208402634e-03,2.794345840811729431e-02,1.276836614124476910e-03,7.111371029168367386e-03
9.368079900741577148e-01,3.321437165141105652e-03,8.292244747281074524e-03,4.318951815366744995e-02,1.125831971876323223e-03,7.262823171913623810e-03
9.521467685699462891e-01,3.629298647865653038e-03,6.896114442497491837e-03,2.975976467132568359e-02,1.088920980691909790e-03,6.479022558778524399e-03
9.456208348274230957e-01,5.311326123774051666e-03,9.861039929091930389e-03,3.013337776064872742e-02,1.727181603200733662e-03,7.346281316131353378e-03
9.417573213577270508e-01,6.912107579410076141e-03,1.425777282565832138e-02,2.586208097636699677e-02,3.065905533730983734e-03,8.144755847752094269e-03
9.511975049972534180e-01,4.636698868125677109e-03,1.271713804453611374e-02,2.309373952448368073e-02,2.111647278070449829e-03,6.243282929062843323e-03
9.527628421783447266e-01,4.547560121864080429e-03,1.445839554071426392e-02,1.886014267802238464e-02,2.902784850448369980e-03,6.468316074460744858e-03
9.504803419113159180e-01,4.745340906083583832e-03,1.457122992724180222e-02,2.237216196954250336e-02,2.195001812651753426e-03,5.635898094624280930e-03
9.518231749534606934e-01,4.026396665722131729e-03,1.304395031183958054e-02,2.235767245292663574e-02,2.290697535499930382e-03,6.458110641688108444e-03
9.498858451843261719e-01,5.455729085952043533e-03,1.524373050779104233e-02,1.864496618509292603e-02,3.406144911423325539e-03,7.363731041550636292e-03
9.566004276275634766e-01,4.978270735591650009e-03,1.278703752905130386e-02,1.510133780539035797e-02,3.260762663558125496e-03,7.272263057529926300e-03
9.557925462722778320e-01,2.839964115992188454e-03,1.022133138030767441e-02,2.139035798609256744e-02,2.399345859885215759e-03,7.356401067227125168e-03
9.508064985275268555e-01,3.132163314148783684e-03,1.420217286795377731e-02,2.043010480701923370e-02,3.724604612216353416e-03,7.704536430537700653e-03
9.428404569625854492e-01,4.505052231252193451e-03,1.975554227828979492e-02,2.036067284643650055e-02,5.007086787372827530e-03,7.531254552304744720e-03
9.117525219917297363e-01,7.863823324441909790e-03,4.148924723267555237e-02,2.438753657042980194e-02,7.665383163839578629e-03,6.841532420367002487e-03
9.140834808349609375e-01,1.050946302711963654e-02,4.422708600759506226e-02,1.182997599244117737e-02,1.244576275348663330e-02,6.904204376041889191e-03
9.060449600219726562e-01,1.377389114350080490e-02,5.009996518492698669e-02,1.612710021436214447e-02,8.386353030800819397e-03,5.567726679146289825e-03
8.998206853866577148e-01,2.186036109924316406e-02,4.326805099844932556e-02,2.291999384760856628e-02,5.711546167731285095e-03,6.419392302632331848e-03
9.180019497871398926e-01,1.470940094441175461e-02,3.350720182061195374e-02,2.399192564189434052e-02,3.969090059399604797e-03,5.820532795041799545e-03
9.261959791183471680e-01,1.254321914166212082e-02,1.889809034764766693e-02,3.323342651128768921e-02,2.573997247964143753e-03,6.555194500833749771e-03
9.221052527427673340e-01,1.193768531084060669e-02,2.117838524281978607e-02,3.667594119906425476e-02,2.163003897294402122e-03,5.939687136560678482e-03
9.177353978157043457e-01,6.025098729878664017e-03,3.435875475406646729e-02,3.440327942371368408e-02,2.257498446851968765e-03,5.219905637204647064e-03
8.945047259330749512e-01,4.951769951730966568e-03,4.922790452837944031e-02,4.314197227358818054e-02,2.723400946706533432e-03,5.450262222439050674e-03
8.968392014503479004e-01,4.777334164828062057e-03,5.539324879646301270e-02,3.510617092251777649e-02,3.113554092124104500e-03,4.770513623952865601e-03
8.856423497200012207e-01,3.161308122798800468e-03,4.560572281479835510e-02,5.827680230140686035e-02,2.260979032143950462e-03,5.052876193076372147e-03
9.029548764228820801e-01,4.347394686192274094e-03,2.709614485502243042e-02,5.759738758206367493e-02,2.000924199819564819e-03,6.003196351230144501e-03
8.936623930931091309e-01,4.246776923537254333e-03,1.568417996168136597e-02,7.909338176250457764e-02,1.254182192496955395e-03,6.058996077626943588e-03
9.377744197845458984e-01,4.214502871036529541e-03,9.987288154661655426e-03,4.006424173712730408e-02,1.341194612905383110e-03,6.618258543312549591e-03
9.182191491127014160e-01,4.320723935961723328e-03,1.142869144678115845e-02,5.784023553133010864e-02,1.393177430145442486e-03,6.797897163778543472e-03
9.410573840141296387e-01,3.304650774225592613e-03,9.260796941816806793e-03,3.874219954013824463e-02,1.294685178436338902e-03,6.340226624161005020e-03
9.387915730476379395e-01,3.371855244040489197e-03,1.534074172377586365e-02,3.383779153227806091e-02,2.119734184816479683e-03,6.538226734846830368e-03
9.411703348159790039e-01,2.832578029483556747e-03,1.100694295018911362e-02,3.658865019679069519e-02,1.591501408256590366e-03,6.809977814555168152e-03
9.496735334396362305e-01,3.085823962464928627e-03,1.356569305062294006e-02,2.379073761403560638e-02,2.609179820865392685e-03,7.274964824318885803e-03
9.465794563293457031e-01,3.617150941863656044e-03,1.321523729711771011e-02,2.813252620398998260e-02,1.931367209181189537e-03,6.524232216179370880e-03
9.566276073455810547e-01,2.687582513317465782e-03,1.029269769787788391e-02,2.260218746960163116e-02,1.747036352753639221e-03,6.042961962521076202e-03
9.494042992591857910e-01,2.327748108655214310e-03,8.707479573786258698e-03,3.304168954491615295e-02,1.083390088751912117e-03,5.435455590486526489e-03
9.527470469474792480e-01,2.313425065949559212e-03,6.936043966561555862e-03,3.187993541359901428e-02,8.710078545846045017e-04,5.252523813396692276e-03
9.455899000167846680e-01,2.241926966235041618e-03,7.014362607151269913e-03,3.980714827775955200e-02,7.066127727739512920e-04,4.640016704797744751e-03
9.372569322586059570e-01,2.239211462438106537e-03,7.872475311160087585e-03,4.683034494519233704e-02,7.622595294378697872e-04,5.038953386247158051e-03
9.349803328514099121e-01,3.064793534576892853e-03,1.187900174409151077e-02,4.333268478512763977e-02,1.244127168320119381e-03,5.499129183590412140e-03
9.435527920722961426e-01,2.595986472442746162e-03,1.018975302577018738e-02,3.701510280370712280e-02,1.162363565526902676e-03,5.484093446284532547e-03
9.396756887435913086e-01,3.808774519711732864e-03,1.807111315429210663e-02,2.913909591734409332e-02,2.817992120981216431e-03,6.487324368208646774e-03
9.321898818016052246e-01,6.790277548134326935e-03,2.380788326263427734e-02,1.664972864091396332e-02,8.645017631351947784e-03,1.191722229123115540e-02
9.137330055236816406e-01,1.195550430566072464e-02,2.394199557602405548e-02,8.160464465618133545e-03,2.660916931927204132e-02,1.559978071600198746e-02
8.433240652084350586e-01,2.325327880680561066e-02,3.514148667454719543e-02,1.159854792058467865e-02,4.701186716556549072e-02,3.967063501477241516e-02
8.483784794807434082e-01,2.125711925327777863e-02,2.101122960448265076e-02,1.249093469232320786e-02,3.287582844495773315e-02,6.398642808198928833e-02
8.589752316474914551e-01,1.461851689964532852e-02,2.049024403095245361e-02,1.856383681297302246e-02,2.162436023354530334e-02,6.572783738374710083e-02
9.029601216316223145e-01,1.087278034538030624e-02,1.838199608027935028e-02,1.988809183239936829e-02,9.374003857374191284e-03,3.852296248078346252e-02
9.288945794105529785e-01,9.081895463168621063e-03,1.758315972983837128e-02,2.157383225858211517e-02,4.154788330197334290e-03,1.871178112924098969e-02
9.390206933021545410e-01,1.308462861925363541e-02,2.077049389481544495e-02,1.633017882704734802e-02,3.738665720447897911e-03,7.055299822241067886e-03
9.404684305191040039e-01,9.532600641250610352e-03,1.704761385917663574e-02,2.431134134531021118e-02,2.345096785575151443e-03,6.294904742389917374e-03
9.392092823982238770e-01,7.519440725445747375e-03,1.526951882988214493e-02,2.964970283210277557e-02,1.978682354092597961e-03,6.373349111527204514e-03
9.417418837547302246e-01,6.040995474904775620e-03,1.765462942421436310e-02,2.686833590269088745e-02,2.021901309490203857e-03,5.672411993145942688e-03
9.198263883590698242e-01,5.931102205067873001e-03,2.511214278638362885e-02,4.228799790143966675e-02,1.883916440419852734e-03,4.958413075655698776e-03
9.456894993782043457e-01,5.137933418154716492e-03,1.738617941737174988e-02,2.477284707129001617e-02,2.008481649681925774e-03,5.005147308111190796e-03
9.420560598373413086e-01,8.309195749461650848e-03,2.373307757079601288e-02,1.633356697857379913e-02,3.762641688808798790e-03,5.805402528494596481e-03
9.554913043975830078e-01,4.807772580534219742e-03,1.636091619729995728e-02,1.495611388236284256e-02,2.773640910163521767e-03,5.610319320112466812e-03
9.506596326828002930e-01,7.042033132165670395e-03,2.118583582341670990e-02,9.028035216033458710e-03,5.677603185176849365e-03,6.406887434422969818e-03
9.508117437362670898e-01,6.850010715425014496e-03,2.153516001999378204e-02,8.581385016441345215e-03,5.880127195268869400e-03,6.341513711959123611e-03
9.457856416702270508e-01,7.558257784694433212e-03,2.453775331377983093e-02,8.819231763482093811e-03,6.712696515023708344e-03,6.586315110325813293e-03
9.470987319946289062e-01,7.053203415125608444e-03,2.297032065689563751e-02,1.105287577956914902e-02,5.358027294278144836e-03,6.466811988502740860e-03
9.457362890243530273e-01,6.102837156504392624e-03,2.221646532416343689e-02,1.609965600073337555e-02,3.876055823639035225e-03,5.968720652163028717e-03
9.185958504676818848e-01,6.355764344334602356e-03,3.669476136565208435e-02,3.040590696036815643e-02,2.940284553915262222e-03,5.007453262805938721e-03
9.296240806579589844e-01,5.790593102574348450e-03,2.996571920812129974e-02,2.546059340238571167e-02,3.315373556688427925e-03,5.843633785843849182e-03
9.286292791366577148e-01,4.599448759108781815e-03,2.627765201032161713e-02,3.234184905886650085e-02,2.604895737022161484e-03,5.546883679926395416e-03
9.377830028533935547e-01,4.765012301504611969e-03,1.737049594521522522e-02,3.167917951941490173e-02,2.110080095008015633e-03,6.292165257036685944e-03
9.305148124694824219e-01,4.077830351889133453e-03,1.141772698611021042e-02,4.511461779475212097e-02,1.646973541937768459e-03,7.228009868413209915e-03
9.518146514892578125e-01,3.499850863590836525e-03,4.189570434391498566e-03,3.452591970562934875e-02,5.503568099811673164e-04,5.419695749878883362e-03
9.588459730148315430e-01,4.953894764184951782e-03,1.902776304632425308e-03,2.952267788350582123e-02,2.454778878018260002e-04,4.529046826064586639e-03
9.651418924331665039e-01,8.188338018953800201e-03,1.579445670358836651e-03,1.895656064152717590e-02,2.934509248007088900e-04,5.840197205543518066e-03
9.719422459602355957e-01,7.117865607142448425e-03,1.645449432544410229e-03,1.211529038846492767e-02,3.813577641267329454e-04,6.797902751713991165e-03
9.692761301994323730e-01,7.142748218029737473e-03,3.981732297688722610e-03,1.072737947106361389e-02,9.398815454915165901e-04,7.932149805128574371e-03
9.545094370841979980e-01,6.950729526579380035e-03,1.030695624649524689e-02,1.665448211133480072e-02,2.205873141065239906e-03,9.372502565383911133e-03
9.467484951019287109e-01,3.404865274205803871e-03,1.368619687855243683e-02,2.569916285574436188e-02,2.219308866187930107e-03,8.241873234510421753e-03
9.494358897209167480e-01,2.892721677199006081e-03,1.069261878728866577e-02,2.986542508006095886e-02,1.334835425950586796e-03,5.778517574071884155e-03
9.325504899024963379e-01,2.690769964829087257e-03,1.081338524818420410e-02,4.745878279209136963e-02,1.028686179779469967e-03,5.457936786115169525e-03
9.425489902496337891e-01,3.416843712329864502e-03,7.963898591697216034e-03,3.980884328484535217e-02,9.155482985079288483e-04,5.345907993614673615e-03
9.504425525665283203e-01,4.818276036530733109e-03,1.139164529740810394e-02,2.481581456959247589e-02,1.956620486453175545e-03,6.575146224349737167e-03
9.599110484123229980e-01,4.550847224891185760e-03,1.108164805918931961e-02,1.491441205143928528e-02,2.576150000095367432e-03,6.965781096369028091e-03
9.548584222793579102e-01,6.069286726415157318e-03,1.515277754515409470e-02,1.134794857352972031e-02,4.367357585579156876e-03,8.204151876270771027e-03
9.634721279144287109e-01,4.147741943597793579e-03,1.180609688162803650e-02,1.098765060305595398e-02,2.660103375092148781e-03,6.926187314093112946e-03
9.636318683624267578e-01,3.623891621828079224e-03,1.143382769078016281e-02,1.045600511133670807e-02,3.170525189489126205e-03,7.683797273784875870e-03
9.619774818420410156e-01,4.522658884525299072e-03,1.126360334455966949e-02,1.197114586830139160e-02,2.879824489355087280e-03,7.385302335023880005e-03
9.392082691192626953e-01,1.373891532421112061e-02,2.131775021553039551e-02,1.264321338385343552e-02,5.012383218854665756e-03,8.079557679593563080e-03
9.320611357688903809e-01,1.330697257071733475e-02,2.771444804966449738e-02,1.422643940895795822e-02,5.528760608285665512e-03,7.162141148000955582e-03
9.109967947006225586e-01,2.204475551843643188e-02,3.347894176840782166e-02,1.901733316481113434e-02,6.690739188343286514e-03,7.771322038024663925e-03
9.365495443344116211e-01,1.208704616874456406e-02,2.088256180286407471e-02,1.973098702728748322e-02,3.925425466150045395e-03,6.824298296123743057e-03
9.439837932586669922e-01,7.337450049817562103e-03,1.628322899341583252e-02,2.233292721211910248e-02,2.947159809991717339e-03,7.115526590496301651e-03
9.450463056564331055e-01,4.886355716735124588e-03,1.207408774644136429e-02,2.847975678741931915e-02,2.293529454618692398e-03,7.220095023512840271e-03
9.473105072975158691e-01,4.710786510258913040e-03,1.165830250829458237e-02,2.839070931077003479e-02,1.765089225955307484e-03,6.164601538330316544e-03
9.446300864219665527e-01,2.939338795840740204e-03,1.043629646301269531e-02,3.534313291311264038e-02,1.191981835290789604e-03,5.459203384816646576e-03
9.342337250709533691e-01,3.423327347263693810e-03,9.065816178917884827e-03,4.786418750882148743e-02,8.109926129691302776e-04,4.601847846060991287e-03
9.270990490913391113e-01,2.591013908386230469e-03,8.005518466234207153e-03,5.724266171455383301e-02,6.229925202205777168e-04,4.438742995262145996e-03
9.349520802497863770e-01,2.895877929404377937e-03,8.319819346070289612e-03,4.787043109536170959e-02,8.356262696906924248e-04,5.126315169036388397e-03
9.376830458641052246e-01,5.874393507838249207e-03,1.320315524935722351e-02,3.513311222195625305e-02,1.739117316901683807e-03,6.367275025695562363e-03
9.545475840568542480e-01,6.657435093075037003e-03,1.530423946678638458e-02,1.364329643547534943e-02,3.485549706965684891e-03,6.361947860568761826e-03
9.406863451004028320e-01,1.074907276779413223e-02,2.394175529479980469e-02,1.126331463456153870e-02,6.601056084036827087e-03,6.758504081517457962e-03
9.348726868629455566e-01,1.120884716510772705e-02,2.871646359562873840e-02,1.062421221286058426e-02,7.943253032863140106e-03,6.634451448917388916e-03
9.314228296279907227e-01,8.581491187214851379e-03,3.553610667586326599e-02,1.412205770611763000e-02,5.282576661556959152e-03,5.054969806224107742e-03
9.451049566268920898e-01,4.762571305036544800e-03,2.126416563987731934e-02,2.037986554205417633e-02,2.940047997981309891e-03,5.548368673771619797e-03
9.510814547538757324e-01,3.403406124562025070e-03,1.796520315110683441e-02,1.873592101037502289e-02,2.871990902349352837e-03,5.942110903561115265e-03
9.465036392211914062e-01,3.046846948564052582e-03,1.643369346857070923e-02,2.562370896339416504e-02,2.225109841674566269e-03,6.167109590023756027e-03
9.369928836822509766e-01,3.423961577937006950e-03,1.994699984788894653e-02,3.203537315130233765e-02,1.969983801245689392e-03,5.630740430206060410e-03
9.401903748512268066e-01,3.845072118565440178e-03,2.550519630312919617e-02,2.186462655663490295e-02,2.944248728454113007e-03,5.650356877595186234e-03
9.247733354568481445e-01,3.022256074473261833e-03,2.532838098704814911e-02,3.865462914109230042e-02,2.358827274292707443e-03,5.862546619027853012e-03
9.304940104484558105e-01,3.173725446686148643e-03,2.671942859888076782e-02,3.111452236771583557e-02,2.839033259078860283e-03,5.659258924424648285e-03
9.332055449485778809e-01,4.617539700120687485e-03,2.603030949831008911e-02,2.536818385124206543e-02,3.947169519960880280e-03,6.831287406384944916e-03
9.484310746192932129e-01,4.081584978848695755e-03,2.043166011571884155e-02,1.780667901039123535e-02,3.291547996923327446e-03,5.957580637186765671e-03
9.460724592208862305e-01,4.409621469676494598e-03,2.440146915614604950e-02,1.380943879485130310e-02,4.650731105357408524e-03,6.656282581388950348e-03
9.462432265281677246e-01,4.263321869075298309e-03,2.443213760852813721e-02,1.339141372591257095e-02,4.984420724213123322e-03,6.685535889118909836e-03
9.441928863525390625e-01,3.405742580071091652e-03,2.112038061022758484e-02,2.084356173872947693e-02,3.309102030470967293e-03,7.128412369638681412e-03
9.421896934509277344e-01,3.042546566575765610e-03,1.736959256231784821e-02,2.725182101130485535e-02,2.679640427231788635e-03,7.466623559594154358e-03
9.386325478553771973e-01,4.599571228027343750e-03,1.949396356940269470e-02,2.839138731360435486e-02,2.449440304189920425e-03,6.432947702705860138e-03
9.472250342369079590e-01,6.763877812772989273e-03,1.529287453740835190e-02,2.093279920518398285e-02,2.971830777823925018e-03,6.813713349401950836e-03
9.508036971092224121e-01,8.376533165574073792e-03,1.347854547202587128e-02,1.766725443303585052e-02,2.611802890896797180e-03,7.062262855470180511e-03
9.417780041694641113e-01,8.465064689517021179e-03,1.483307778835296631e-02,2.610667236149311066e-02,2.226776676252484322e-03,6.590536329895257950e-03
9.530207514762878418e-01,6.170467007905244827e-03,1.180749665945768356e-02,2.065248787403106689e-02,2.063538879156112671e-03,6.285190582275390625e-03
9.417619705200195312e-01,5.428885109722614288e-03,1.365178264677524567e-02,3.164628893136978149e-02,1.730201416648924351e-03,5.780856590718030930e-03
9.513446688652038574e-01,3.581913420930504799e-03,1.190287061035633087e-02,2.586530894041061401e-02,1.714602578431367874e-03,5.590663757175207138e-03
9.507588148117065430e-01,4.462057258933782578e-03,1.972681470215320587e-02,1.625032350420951843e-02,3.173991339281201363e-03,5.627955310046672821e-03
9.422405958175659180e-01,3.827098989859223366e-03,2.210261113941669464e-02,2.338212914764881134e-02,2.918236190453171730e-03,5.529289599508047104e-03
9.353651404380798340e-01,4.334461409598588943e-03,2.358435466885566711e-02,2.692044712603092194e-02,3.473863005638122559e-03,6.321625318378210068e-03
9.434123039245605469e-01,3.410618985071778297e-03,1.509815268218517303e-02,3.089458122849464417e-02,1.873044646345078945e-03,5.311367567628622055e-03
9.508613348007202148e-01,3.241733182221651077e-03,1.122532784938812256e-02,2.559281699359416962e-02,2.183106960728764534e-03,6.895666476339101791e-03
9.392979741096496582e-01,3.994950093328952789e-03,1.191665697842836380e-02,3.681821748614311218e-02,1.710636657662689686e-03,6.261627655476331711e-03
9.351898431777954102e-01,3.428341122344136238e-03,1.600352302193641663e-02,3.664371371269226074e-02,2.317769918590784073e-03,6.416878663003444672e-03
9.366099834442138672e-01,6.380799226462841034e-03,2.163675799965858459e-02,2.629349566996097565e-02,3.095727413892745972e-03,5.983280017971992493e-03
9.274991154670715332e-01,5.941351410001516342e-03,2.520984970033168793e-02,3.438834846019744873e-02,2.131147310137748718e-03,4.830081481486558914e-03
9.252995848655700684e-01,8.430589921772480011e-03,2.757124230265617371e-02,3.151382878422737122e-02,2.447353908792138100e-03,4.737406503409147263e-03
9.151329398155212402e-01,7.130971178412437439e-03,3.205543011426925659e-02,3.906335309147834778e-02,2.150556305423378944e-03,4.466831218451261520e-03
9.310950636863708496e-01,5.275337025523185730e-03,2.034381777048110962e-02,3.457784280180931091e-02,2.492897910997271538e-03,6.214790046215057373e-03
9.316025972366333008e-01,3.999534063041210175e-03,1.852971315383911133e-02,3.818176314234733582e-02,1.840258599258959293e-03,5.846060346812009811e-03
9.189571738243103027e-01,4.583717323839664459e-03,1.969369873404502869e-02,4.835736006498336792e-02,1.887524966150522232e-03,6.520549766719341278e-03
9.338214993476867676e-01,3.919063601642847061e-03,1.536354422569274902e-02,3.823794424533843994e-02,1.966697629541158676e-03,6.691367365419864655e-03
9.302123188972473145e-01,6.223733536899089813e-03,2.851035445928573608e-02,2.317895740270614624e-02,4.963427316397428513e-03,6.911264266818761826e-03
8.637500405311584473e-01,4.745272919535636902e-03,6.015188992023468018e-02,6.310900300741195679e-02,3.161336295306682587e-03,5.082583520561456680e-03
8.625981807708740234e-01,5.777203943580389023e-03,4.110314697027206421e-02,8.302293717861175537e-02,2.358788857236504555e-03,5.139684770256280899e-03
8.341462016105651855e-01,4.671845585107803345e-03,4.462406411767005920e-02,1.113721132278442383e-01,1.309580518864095211e-03,3.876063274219632149e-03
8.731887936592102051e-01,4.544510971754789352e-03,2.273290045559406281e-02,9.401200711727142334e-02,1.034551300108432770e-03,4.487119615077972412e-03
9.243166446685791016e-01,3.866975661367177963e-03,1.741269417107105255e-02,4.812353476881980896e-02,1.259207376278936863e-03,5.020866636186838150e-03
9.579075574874877930e-01,4.898614715784788132e-03,1.321121491491794586e-02,1.466566603630781174e-02,2.855813829228281975e-03,6.461150944232940674e-03
9.626880884170532227e-01,3.812593407928943634e-03,1.368657592684030533e-02,1.017180923372507095e-02,3.301064018160104752e-03,6.339910440146923065e-03
9.614450335502624512e-01,4.039362072944641113e-03,1.385488547384738922e-02,9.844937361776828766e-03,3.926262259483337402e-03,6.889543030411005020e-03
9.588567614555358887e-01,3.668602788820862770e-03,1.218594424426555634e-02,1.496549323201179504e-02,3.159637795761227608e-03,7.163747213780879974e-03
9.579355120658874512e-01,3.321142401546239853e-03,1.056917384266853333e-02,1.937190443277359009e-02,2.189633669331669807e-03,6.612569559365510941e-03
9.549135565757751465e-01,2.699325326830148697e-03,1.135951280593872070e-02,2.283481881022453308e-02,1.983966445550322533e-03,6.208602339029312134e-03
9.510679841041564941e-01,4.175966139882802963e-03,1.312238350510597229e-02,2.225430309772491455e-02,2.614024095237255096e-03,6.765400525182485580e-03
9.539967775344848633e-01,4.152294248342514038e-03,1.718999631702899933e-02,1.470095850527286530e-02,3.723871195688843727e-03,6.236182525753974915e-03
9.518424868583679199e-01,5.272981710731983185e-03,1.844186149537563324e-02,1.144434139132499695e-02,5.583125166594982147e-03,7.415218744426965714e-03
9.518468379974365234e-01,4.434243310242891312e-03,1.824689656496047974e-02,1.269018277525901794e-02,5.170897580683231354e-03,7.610893342643976212e-03
9.487224817276000977e-01,4.209189675748348236e-03,1.962476409971714020e-02,1.025305967777967453e-02,8.153480477631092072e-03,9.036987088620662689e-03
9.448907971382141113e-01,3.660490969195961952e-03,1.907346211373806000e-02,1.893241330981254578e-02,5.009975284337997437e-03,8.432942442595958710e-03
9.357393980026245117e-01,4.467243794351816177e-03,2.294153906404972076e-02,2.437310107052326202e-02,4.473344422876834869e-03,8.005382493138313293e-03
9.301511049270629883e-01,4.763208795338869095e-03,2.687248215079307556e-02,2.832084149122238159e-02,3.647908801212906837e-03,6.244387477636337280e-03
9.373093247413635254e-01,6.019699387252330780e-03,2.263895608484745026e-02,2.479992248117923737e-02,3.122235881164669991e-03,6.109955254942178726e-03
9.390010237693786621e-01,8.633763529360294342e-03,2.064496465027332306e-02,2.122628130018711090e-02,3.656799439340829849e-03,6.837168242782354355e-03
9.475749135017395020e-01,7.731314282864332199e-03,1.724621467292308807e-02,1.613621041178703308e-02,4.196333233267068863e-03,7.114972919225692749e-03
9.511492848396301270e-01,6.853922735899686813e-03,1.364789437502622604e-02,1.874401792883872986e-02,2.563919406384229660e-03,7.040884345769882202e-03
9.291938543319702148e-01,1.023130398243665695e-02,2.666699700057506561e-02,2.493521571159362793e-02,3.133773570880293846e-03,5.838840734213590622e-03
9.312185049057006836e-01,6.409412249922752380e-03,2.184918150305747986e-02,3.352757915854454041e-02,1.999322092160582542e-03,4.996160510927438736e-03
9.228786826133728027e-01,1.087752357125282288e-02,3.470344841480255127e-02,2.368942275643348694e-02,3.228770103305578232e-03,4.622186534106731415e-03
9.340330958366394043e-01,1.135428249835968018e-02,2.947004325687885284e-02,1.565542258322238922e-02,4.257243126630783081e-03,5.229905713349580765e-03
9.351370930671691895e-01,1.174505054950714111e-02,2.737844362854957581e-02,1.466499082744121552e-02,4.937549121677875519e-03,6.136949639767408371e-03
9.526386260986328125e-01,8.628026582300662994e-03,1.852648332715034485e-02,6.515522021800279617e-03,6.932906806468963623e-03,6.758518517017364502e-03
9.498389363288879395e-01,7.852243259549140930e-03,2.172701619565486908e-02,8.293250575661659241e-03,6.278458982706069946e-03,6.010034587234258652e-03
9.519352912902832031e-01,9.310745634138584137e-03,1.942957378923892975e-02,5.309141706675291061e-03,7.538949605077505112e-03,6.476267706602811813e-03
9.551233649253845215e-01,8.043412119150161743e-03,1.704210229218006134e-02,6.590863224118947983e-03,6.845920346677303314e-03,6.354294251650571823e-03
9.410213828086853027e-01,9.785157628357410431e-03,2.531902864575386047e-02,1.126976590603590012e-02,6.372875999659299850e-03,6.231853738427162170e-03
9.465925693511962891e-01,9.765385650098323822e-03,1.929399371147155762e-02,1.461399812251329422e-02,3.726134076714515686e-03,6.007899995893239975e-03
9.411948323249816895e-01,8.152308873832225800e-03,2.384765818715095520e-02,1.728362776339054108e-02,3.825887804850935936e-03,5.695676431059837341e-03
9.420780539512634277e-01,1.143802050501108170e-02,2.352852374315261841e-02,1.066929567605257034e-02,6.070473231375217438e-03,6.215636618435382843e-03
9.464349746704101562e-01,1.001900248229503632e-02,2.069517597556114197e-02,1.197051815688610077e-02,4.685402847826480865e-03,6.194988265633583069e-03
9.520791172981262207e-01,7.821639068424701691e-03,1.890927925705909729e-02,9.870303794741630554e-03,5.090076941996812820e-03,6.229588296264410019e-03
9.544942378997802734e-01,7.100298069417476654e-03,1.799732819199562073e-02,8.863514289259910583e-03,5.258218385279178619e-03,6.286461371928453445e-03
9.482834339141845703e-01,7.153650745749473572e-03,2.011649683117866516e-02,1.476435083895921707e-02,3.939270507544279099e-03,5.742873996496200562e-03
9.405765533447265625e-01,9.581942111253738403e-03,2.194355241954326630e-02,1.856769435107707977e-02,3.583280602470040321e-03,5.747129209339618683e-03
9.241079092025756836e-01,1.856307312846183777e-02,3.097985871136188507e-02,1.604601740837097168e-02,4.555499181151390076e-03,5.747631657868623734e-03
9.240227341651916504e-01,1.090434659272432327e-02,3.713523596525192261e-02,1.944861188530921936e-02,3.642171155661344528e-03,4.846926312893629074e-03
9.440767168998718262e-01,8.823867887258529663e-03,2.321938984096050262e-02,1.548248715698719025e-02,3.152811434119939804e-03,5.244737491011619568e-03
9.168425798416137695e-01,1.249516848474740982e-02,4.039813950657844543e-02,2.304680831730365753e-02,2.935499651357531548e-03,4.281732253730297089e-03
8.986356854438781738e-01,1.097269263118505478e-02,6.189050525426864624e-02,2.148756757378578186e-02,3.409902798011898994e-03,3.603631397709250450e-03
9.320086240768432617e-01,9.149119257926940918e-03,2.930602617561817169e-02,2.225535176694393158e-02,2.757661510258913040e-03,4.523110110312700272e-03
8.947974443435668945e-01,1.216288562864065170e-02,5.910562351346015930e-02,2.502658963203430176e-02,4.165468737483024597e-03,4.742019809782505035e-03
9.218803644180297852e-01,5.932201631367206573e-03,2.988005429506301880e-02,3.598546981811523438e-02,2.025366760790348053e-03,4.296518396586179733e-03
9.506366848945617676e-01,5.916359834372997284e-03,1.634460128843784332e-02,1.815189793705940247e-02,2.956497715786099434e-03,5.994012113660573959e-03
9.473159909248352051e-01,6.962729617953300476e-03,2.391574345529079437e-02,1.036164164543151855e-02,5.443189758807420731e-03,6.000691559165716171e-03
9.429532289505004883e-01,8.089864626526832581e-03,2.427081950008869171e-02,1.097652781754732132e-02,6.407545413821935654e-03,7.302076555788516998e-03
9.524787664413452148e-01,4.873254802078008652e-03,1.982417516410350800e-02,1.037046127021312714e-02,5.238250829279422760e-03,7.215125020593404770e-03
9.461351037025451660e-01,5.087026860564947128e-03,2.035024203360080719e-02,1.406890526413917542e-02,5.766707006841897964e-03,8.591868914663791656e-03
9.530072212219238281e-01,3.982200287282466888e-03,1.472709048539400101e-02,1.563353464007377625e-02,4.107296466827392578e-03,8.542700670659542084e-03
9.316368103027343750e-01,4.880587104707956314e-03,1.776171103119850159e-02,3.520261123776435852e-02,2.718846779316663742e-03,7.799420040100812912e-03
9.478119611740112305e-01,5.381359718739986420e-03,1.511788647621870041e-02,2.046689018607139587e-02,3.448714036494493484e-03,7.773098070174455643e-03
9.340297579765319824e-01,5.895336158573627472e-03,2.375608123838901520e-02,2.660924755036830902e-02,3.199445316568017006e-03,6.509993225336074829e-03
9.417204856872558594e-01,6.260650698095560074e-03,2.509409748017787933e-02,1.559343282133340836e-02,4.796320106834173203e-03,6.535080261528491974e-03
9.293713569641113281e-01,4.872377030551433563e-03,2.808615006506443024e-02,2.881241776049137115e-02,3.271875204518437386e-03,5.585805512964725494e-03
9.443869590759277344e-01,5.428469274193048477e-03,2.607336826622486115e-02,1.317536458373069763e-02,5.170338787138462067e-03,5.765493493527173996e-03
9.450798630714416504e-01,4.317365121096372604e-03,1.979622058570384979e-02,2.295873314142227173e-02,2.424248494207859039e-03,5.423541180789470673e-03
9.524969458580017090e-01,4.451821092516183853e-03,2.041174843907356262e-02,1.470574270933866501e-02,2.866915892809629440e-03,5.066815298050642014e-03
9.469711184501647949e-01,5.447132047265768051e-03,2.473239973187446594e-02,1.413565315306186676e-02,3.499513724818825722e-03,5.214123055338859558e-03
9.539052248001098633e-01,4.213019274175167084e-03,2.006324566900730133e-02,1.269917935132980347e-02,3.492409363389015198e-03,5.627066362649202347e-03
9.443168044090270996e-01,4.018514417111873627e-03,2.289020642638206482e-02,2.082201652228832245e-02,2.757114591076970100e-03,5.195419304072856903e-03
9.585302472114562988e-01,4.043641034513711929e-03,1.624193601310253143e-02,1.229823846369981766e-02,3.152054501697421074e-03,5.734009668231010437e-03
9.369779229164123535e-01,4.153902176767587662e-03,2.348189987242221832e-02,2.804476581513881683e-02,2.258838154375553131e-03,5.082647781819105148e-03
9.452484250068664551e-01,6.635910365730524063e-03,2.337087132036685944e-02,1.650208979845046997e-02,3.213663352653384209e-03,5.028966814279556274e-03
9.296385049819946289e-01,7.029416039586067200e-03,3.129067644476890564e-02,2.391592226922512054e-02,3.053331281989812851e-03,5.072048399597406387e-03
9.415534138679504395e-01,1.007407531142234802e-02,2.480018138885498047e-02,1.290345191955566406e-02,4.549981094896793365e-03,6.118962541222572327e-03
9.371078610420227051e-01,1.222982723265886307e-02,2.403815649449825287e-02,1.708901301026344299e-02,3.606816753745079041e-03,5.928289610892534256e-03
9.476777911186218262e-01,1.041693799197673798e-02,2.210324257612228394e-02,1.077495142817497253e-02,3.722731256857514381e-03,5.304423626512289047e-03
9.338077306747436523e-01,1.853076182305812836e-02,2.508947253227233887e-02,9.575321339070796967e-03,6.520999129861593246e-03,6.475694011896848679e-03
9.522670507431030273e-01,8.458893746137619019e-03,1.703258976340293884e-02,1.281898654997348785e-02,3.566563362255692482e-03,5.855838302522897720e-03
9.529910087585449219e-01,7.374003063887357712e-03,1.709102839231491089e-02,1.196326594799757004e-02,4.222997929900884628e-03,6.357697304338216782e-03
9.457648396492004395e-01,6.214255932718515396e-03,2.053360641002655029e-02,1.502073463052511215e-02,5.213640630245208740e-03,7.252979557961225510e-03
9.354851841926574707e-01,7.434033788740634918e-03,2.023932710289955139e-02,2.690155990421772003e-02,2.989639295265078545e-03,6.950330920517444611e-03
9.546787142753601074e-01,5.342328455299139023e-03,1.454716734588146210e-02,1.410128548741340637e-02,3.906677011400461197e-03,7.423850242048501968e-03
9.388784766197204590e-01,7.562464568763971329e-03,2.313707023859024048e-02,1.935651153326034546e-02,3.965820651501417160e-03,7.099720183759927750e-03
9.541753530502319336e-01,5.908038001507520676e-03,1.301426719874143600e-02,1.832224801182746887e-02,2.355813048779964447e-03,6.224235519766807556e-03
9.226140379905700684e-01,1.065612304955720901e-02,2.968850731849670410e-02,2.951228059828281403e-02,2.423152560368180275e-03,5.105864256620407104e-03
8.831878900527954102e-01,9.990011341869831085e-03,3.561848029494285583e-02,6.621877104043960571e-02,1.268426072783768177e-03,3.716305363923311234e-03
8.204740881919860840e-01,1.453261543065309525e-02,6.204441934823989868e-02,9.755201637744903564e-02,1.687442301772534847e-03,3.709497628733515739e-03
8.739538788795471191e-01,1.234067883342504501e-02,4.223211482167243958e-02,6.550481170415878296e-02,1.852668356150388718e-03,4.115870688110589981e-03
8.561364412307739258e-01,1.104613207280635834e-02,4.993650689721107483e-02,7.433295994997024536e-02,2.712003421038389206e-03,5.835965741425752640e-03
9.273278713226318359e-01,6.860367953777313232e-03,2.690717019140720367e-02,2.809360809624195099e-02,3.672267077490687370e-03,7.138778455555438995e-03
9.515786170959472656e-01,3.849709173664450645e-03,1.617388799786567688e-02,1.736138574779033661e-02,3.656700253486633301e-03,7.379629649221897125e-03
9.594690203666687012e-01,2.779250731691718102e-03,1.286869309842586517e-02,1.472121104598045349e-02,2.960073063150048256e-03,7.201712112873792648e-03
9.559062719345092773e-01,3.564129117876291275e-03,1.547918468713760376e-02,1.315681077539920807e-02,4.685144871473312378e-03,7.208539638668298721e-03
9.487601518630981445e-01,5.042429547756910324e-03,2.165156789124011993e-02,1.417830586433410645e-02,4.460404161363840103e-03,5.907165352255105972e-03
9.488452672958374023e-01,5.737927742302417755e-03,2.090876549482345581e-02,1.444246526807546616e-02,4.084974061697721481e-03,5.980642978101968765e-03
9.352306127548217773e-01,8.578606881201267242e-03,3.229320421814918518e-02,1.235969271510839462e-02,5.893875844776630402e-03,5.644038785248994827e-03
9.270067214965820312e-01,9.574514813721179962e-03,3.682504221796989441e-02,1.682755537331104279e-02,4.572773352265357971e-03,5.193286109715700150e-03
9.442114830017089844e-01,7.500999607145786285e-03,2.478029951453208923e-02,1.421099994331598282e-02,3.795254277065396309e-03,5.501019302755594254e-03
9.376443624496459961e-01,6.415251176804304123e-03,2.345534227788448334e-02,2.222492173314094543e-02,3.756230929866433144e-03,6.503766402602195740e-03
9.351575374603271484e-01,4.735160619020462036e-03,1.703584380447864532e-02,3.413170576095581055e-02,2.298468491062521935e-03,6.641309708356857300e-03
9.243676662445068359e-01,5.253754090517759323e-03,1.816554367542266846e-02,4.299398511648178101e-02,2.203724812716245651e-03,7.015210576355457306e-03
9.253833293914794922e-01,4.670016933232545853e-03,1.442398689687252045e-02,4.681836813688278198e-02,1.774547155946493149e-03,6.929739844053983688e-03
9.272593259811401367e-01,7.305045612156391144e-03,2.278620377182960510e-02,3.219878301024436951e-02,3.399226116016507149e-03,7.051452063024044037e-03
9.349943995475769043e-01,6.115709431469440460e-03,2.093270607292652130e-02,2.834261395037174225e-02,3.011282766237854958e-03,6.603265646845102310e-03
9.458730816841125488e-01,5.739713553339242935e-03,2.226230502128601074e-02,1.679638400673866272e-02,3.554541384801268578e-03,5.774029530584812164e-03
9.177983403205871582e-01,1.522611454129219055e-02,4.043459147214889526e-02,1.101203076541423798e-02,9.666860103607177734e-03,5.862131249159574509e-03
8.987304568290710449e-01,2.260272763669490814e-02,4.725247249007225037e-02,1.515969261527061462e-02,1.011170540004968643e-02,6.142981350421905518e-03
8.794016838073730469e-01,4.903721809387207031e-02,4.107462242245674133e-02,1.226705498993396759e-02,1.177674904465675354e-02,6.442724261432886124e-03
9.235162138938903809e-01,3.129883855581283569e-02,2.001493982970714569e-02,8.369639515876770020e-03,9.457657113671302795e-03,7.342749275267124176e-03
9.370641112327575684e-01,1.875237934291362762e-02,1.915030926465988159e-02,1.402198802679777145e-02,4.595256876200437546e-03,6.415825337171554565e-03
9.487604498863220215e-01,8.765942417085170746e-03,1.582604832947254181e-02,1.740406267344951630e-02,2.814580919221043587e-03,6.428916007280349731e-03
9.404587745666503906e-01,9.759937413036823273e-03,1.911834068596363068e-02,2.028721570968627930e-02,3.536443691700696945e-03,6.839294917881488800e-03
9.512268304824829102e-01,5.339629482477903366e-03,1.604429259896278381e-02,1.944334246218204498e-02,2.381334779784083366e-03,5.564623977988958359e-03
9.565933346748352051e-01,4.960965830832719803e-03,1.543900743126869202e-02,1.560372021049261093e-02,2.197731984779238701e-03,5.205239169299602509e-03
9.531380534172058105e-01,3.882708726450800896e-03,1.540948078036308289e-02,1.957771368324756622e-02,2.349708694964647293e-03,5.642394535243511200e-03
9.603331685066223145e-01,2.487029880285263062e-03,1.255278754979372025e-02,1.715979538857936859e-02,2.056543482467532158e-03,5.410659592598676682e-03
9.605073332786560059e-01,3.311407519504427910e-03,1.483817957341670990e-02,1.165883988142013550e-02,3.475004807114601135e-03,6.209223996847867966e-03
9.520530700683593750e-01,3.168059512972831726e-03,1.817895099520683289e-02,1.785897277295589447e-02,2.964101033285260201e-03,5.776793230324983597e-03
9.477038383483886719e-01,3.979761153459548950e-03,2.229423448443412781e-02,1.573284529149532318e-02,4.350183997303247452e-03,5.939153488725423813e-03
9.426799416542053223e-01,4.309172276407480240e-03,2.674659155309200287e-02,1.678824238479137421e-02,3.960121423006057739e-03,5.515982396900653839e-03
9.470376968383789062e-01,3.929566126316785812e-03,2.257563732564449310e-02,1.681852340698242188e-02,3.847296815365552902e-03,5.791322793811559677e-03
9.518886208534240723e-01,3.058637259528040886e-03,1.890132389962673187e-02,1.676766574382781982e-02,3.453543875366449356e-03,5.930083803832530975e-03
9.553614854812622070e-01,3.679219633340835571e-03,1.685503683984279633e-02,1.415688451379537582e-02,3.682185895740985870e-03,6.265102420002222061e-03
9.526387453079223633e-01,3.425291040912270546e-03,1.805470697581768036e-02,1.638090424239635468e-02,3.499295329675078392e-03,6.000952795147895813e-03
9.518400430679321289e-01,5.219842307269573212e-03,1.899921894073486328e-02,1.207234896719455719e-02,5.100325681269168854e-03,6.768248975276947021e-03
9.525510072708129883e-01,6.368203088641166687e-03,1.962742209434509277e-02,9.299462661147117615e-03,5.691704805940389633e-03,6.462297402322292328e-03
9.414635896682739258e-01,6.194628309458494186e-03,2.601991593837738037e-02,1.731890626251697540e-02,3.578806528821587563e-03,5.424140952527523041e-03
9.437394142150878906e-01,6.355050019919872284e-03,2.667899616062641144e-02,1.399719249457120895e-02,4.129073582589626312e-03,5.100257229059934616e-03
9.266703128814697266e-01,8.413973264396190643e-03,3.323623165488243103e-02,2.332037687301635742e-02,3.387028817087411880e-03,4.971993155777454376e-03
9.319881200790405273e-01,1.114125363528728485e-02,3.165449574589729309e-02,1.722833514213562012e-02,3.375163534656167030e-03,4.612577613443136215e-03
9.322464466094970703e-01,7.807420101016759872e-03,3.069724515080451965e-02,2.193261124193668365e-02,2.806384116411209106e-03,4.509846214205026627e-03
9.315715432167053223e-01,1.165900100022554398e-02,2.709712088108062744e-02,2.116001211106777191e-02,3.256588475778698921e-03,5.255621857941150665e-03
9.319487810134887695e-01,5.939122289419174194e-03,1.963759027421474457e-02,3.474069759249687195e-02,2.016223501414060593e-03,5.717636551707983017e-03
9.251658916473388672e-01,4.051417578011751175e-03,1.065711118280887604e-02,5.274637043476104736e-02,1.104904571548104286e-03,6.274221930652856827e-03
9.449188709259033203e-01,5.578664597123861313e-03,1.185428816825151443e-02,2.879562787711620331e-02,1.857223222032189369e-03,6.995210889726877213e-03
9.384301304817199707e-01,5.065691191703081131e-03,1.182357873767614365e-02,3.603262826800346375e-02,1.709319418296217918e-03,6.938640028238296509e-03
9.493448138236999512e-01,9.933688677847385406e-03,1.569613628089427948e-02,1.326526328921318054e-02,4.353693686425685883e-03,7.406426128000020981e-03
9.416931271553039551e-01,1.227357424795627594e-02,2.075502090156078339e-02,1.232205796986818314e-02,5.800142418593168259e-03,7.156023755669593811e-03
9.156090617179870605e-01,2.312952093780040741e-02,3.603964671492576599e-02,1.044647116214036942e-02,8.191353641450405121e-03,6.584015674889087677e-03
9.133799076080322266e-01,2.690527960658073425e-02,3.280428797006607056e-02,1.155983284115791321e-02,8.305788971483707428e-03,7.044855039566755295e-03
9.249836206436157227e-01,1.480001956224441528e-02,2.728831768035888672e-02,2.265021577477455139e-02,4.044608678668737411e-03,6.233293097466230392e-03
9.297363162040710449e-01,1.520475000143051147e-02,2.635223791003227234e-02,1.805848069489002228e-02,4.246652126312255859e-03,6.401450838893651962e-03
9.124166369438171387e-01,1.002802420407533646e-02,3.609774634242057800e-02,3.125871345400810242e-02,4.100687801837921143e-03,6.098163314163684845e-03
9.369435310363769531e-01,7.783313747495412827e-03,2.553193271160125732e-02,1.986703090369701385e-02,3.795202123001217842e-03,6.078957114368677139e-03
9.243275523185729980e-01,1.222625933587551117e-02,3.786842525005340576e-02,1.282113231718540192e-02,6.765327416360378265e-03,5.991304758936166763e-03
9.060298800468444824e-01,1.709387265145778656e-02,4.895299673080444336e-02,1.410483382642269135e-02,7.957695052027702332e-03,5.860832985490560532e-03
9.302510023117065430e-01,1.512029301375150681e-02,3.236773610115051270e-02,8.868634700775146484e-03,7.142412476241588593e-03,6.249976344406604767e-03
9.331757426261901855e-01,1.576319150626659393e-02,2.775752916932106018e-02,9.191810153424739838e-03,7.497976999729871750e-03,6.613704841583967209e-03
9.387110471725463867e-01,1.183386053889989853e-02,2.535413578152656555e-02,1.429653260856866837e-02,4.128589760512113571e-03,5.675898864865303040e-03
9.372248053550720215e-01,1.112795714288949966e-02,2.673139236867427826e-02,1.471254043281078339e-02,4.437397234141826630e-03,5.765803623944520950e-03
9.335917830467224121e-01,1.237110048532485962e-02,2.830302529036998749e-02,1.545852515846490860e-02,4.514457657933235168e-03,5.761049222201108932e-03
9.434067010879516602e-01,1.123655121773481369e-02,1.782775484025478363e-02,1.960820704698562622e-02,2.500424860045313835e-03,5.420474335551261902e-03
9.440712928771972656e-01,8.501728065311908722e-03,7.304406259208917618e-03,3.473940119147300720e-02,9.231416042894124985e-04,4.459880758076906204e-03
9.466672539710998535e-01,6.099245045334100723e-03,4.625812172889709473e-03,3.762862831354141235e-02,6.262320675887167454e-04,4.352848511189222336e-03
9.268698692321777344e-01,3.501496044918894768e-03,3.290013177320361137e-03,6.276293098926544189e-02,2.844534465111792088e-04,3.291314002126455307e-03
9.606231451034545898e-01,3.295032540336251259e-03,3.331986954435706139e-03,2.889062464237213135e-02,4.188966122455894947e-04,3.440374508500099182e-03
9.617066979408264160e-01,2.368562389165163040e-03,4.669029731303453445e-03,2.658054791390895844e-02,5.855683120898902416e-04,4.089568741619586945e-03
9.594765901565551758e-01,2.965524327009916306e-03,8.132525719702243805e-03,2.302425727248191833e-02,1.165277673862874508e-03,5.235769320279359818e-03
9.570301175117492676e-01,3.359686816111207008e-03,9.085141122341156006e-03,2.190209738910198212e-02,1.785933505743741989e-03,6.837130058556795120e-03
9.430704712867736816e-01,4.043747670948505402e-03,1.113059837371110916e-02,3.241547197103500366e-02,2.054093638435006142e-03,7.285537663847208023e-03
9.359973669052124023e-01,5.164460744708776474e-03,1.327086053788661957e-02,3.605471923947334290e-02,2.204062184318900108e-03,7.308564614504575729e-03
9.386531710624694824e-01,7.430677302181720734e-03,1.881766319274902344e-02,2.208924852311611176e-02,4.388065077364444733e-03,8.621142245829105377e-03
9.229916930198669434e-01,8.479340001940727234e-03,2.612220309674739838e-02,2.662664093077182770e-02,6.695096846669912338e-03,9.085116907954216003e-03
9.316484928131103516e-01,9.212194941937923431e-03,2.993589825928211212e-02,1.201451476663351059e-02,9.678330272436141968e-03,7.510665804147720337e-03
9.071677327156066895e-01,1.264446880668401718e-02,4.287317022681236267e-02,2.348469011485576630e-02,7.641117554157972336e-03,6.188723724335432053e-03
8.716635704040527344e-01,1.543070375919342041e-02,5.291537195444107056e-02,5.138666182756423950e-02,3.957658074796199799e-03,4.646070767194032669e-03
8.455790877342224121e-01,1.221073511987924576e-02,4.871578142046928406e-02,8.748830854892730713e-02,2.095722127705812454e-03,3.910406492650508881e-03
9.081552028656005859e-01,8.472948335111141205e-03,2.155916206538677216e-02,5.585622414946556091e-02,1.316205132752656937e-03,4.640267230570316315e-03
8.924731612205505371e-01,1.943250931799411774e-02,3.407227247953414917e-02,4.774841666221618652e-02,1.727506634779274464e-03,4.546055570244789124e-03
9.163377285003662109e-01,2.349266968667507172e-02,3.458249196410179138e-02,1.503184251487255096e-02,4.506422672420740128e-03,6.048870272934436798e-03
9.210598468780517578e-01,2.097330242395401001e-02,2.696506306529045105e-02,2.025245875120162964e-02,3.877959912642836571e-03,6.871295161545276642e-03
9.025253057479858398e-01,1.550323609262704849e-02,3.399899229407310486e-02,3.930072486400604248e-02,2.797183580696582794e-03,5.874619353562593460e-03
8.411893844604492188e-01,7.236372213810682297e-03,4.089779034256935120e-02,1.031776741147041321e-01,1.936245243996381760e-03,5.562504753470420837e-03
8.661497831344604492e-01,7.196065038442611694e-03,3.213449195027351379e-02,8.650860935449600220e-02,2.091595437377691269e-03,5.919429007917642593e-03
8.035928606986999512e-01,7.586085703223943710e-03,4.011127352714538574e-02,1.427839845418930054e-01,1.312705222517251968e-03,4.613078664988279343e-03
8.539367914199829102e-01,7.015856448560953140e-03,5.175790935754776001e-02,8.088567852973937988e-02,2.009839052334427834e-03,4.393847193568944931e-03
8.922108411788940430e-01,8.251172490417957306e-03,3.967574238777160645e-02,5.264279991388320923e-02,2.497246256098151207e-03,4.722262267023324966e-03
9.268219470977783203e-01,5.847340915352106094e-03,3.086302429437637329e-02,2.472585253417491913e-02,5.235183518379926682e-03,6.506768055260181427e-03
8.949289917945861816e-01,1.060872431844472885e-02,5.387860536575317383e-02,2.133938111364841461e-02,1.177856605499982834e-02,7.465682458132505417e-03
9.311704039573669434e-01,8.004714734852313995e-03,3.253648430109024048e-02,1.183514390140771866e-02,9.658127091825008392e-03,6.795139517635107040e-03
9.359030723571777344e-01,1.155061181634664536e-02,2.552733011543750763e-02,8.423424325883388519e-03,1.093107182532548904e-02,7.664609700441360474e-03
9.514084458351135254e-01,6.414321716874837875e-03,1.774079538881778717e-02,1.310944743454456329e-02,4.711776506155729294e-03,6.615217775106430054e-03
9.482101202011108398e-01,7.513961289077997208e-03,1.737023517489433289e-02,1.592202112078666687e-02,4.060262348502874374e-03,6.923397071659564972e-03
9.549799561500549316e-01,5.924048833549022675e-03,1.439661253243684769e-02,1.648757979273796082e-02,2.516417065635323524e-03,5.695439875125885010e-03
9.460569024085998535e-01,6.984179373830556870e-03,1.769654266536235809e-02,1.976493187248706818e-02,3.050511935725808144e-03,6.446848157793283463e-03
9.432283639907836914e-01,5.534271243959665298e-03,2.042960561811923981e-02,2.143774926662445068e-02,3.031174186617136002e-03,6.338825449347496033e-03
9.283288717269897461e-01,6.374939810484647751e-03,3.533468022942543030e-02,1.803496107459068298e-02,5.600758362561464310e-03,6.325770169496536255e-03
9.485282301902770996e-01,5.707069300115108490e-03,1.862344518303871155e-02,1.314409077167510986e-02,5.756354890763759613e-03,8.240869268774986267e-03
9.385724067687988281e-01,9.424948133528232574e-03,2.605970948934555054e-02,9.149729274213314056e-03,9.018237702548503876e-03,7.774852216243743896e-03
9.512282609939575195e-01,9.109410457313060760e-03,1.872869580984115601e-02,1.010841317474842072e-02,4.790059756487607956e-03,6.035195197910070419e-03
9.402700662612915039e-01,9.186752140522003174e-03,2.684692107141017914e-02,1.351437065750360489e-02,4.670791327953338623e-03,5.511179100722074509e-03
9.475256800651550293e-01,9.149792604148387909e-03,2.031733654439449310e-02,1.296823844313621521e-02,4.123902413994073868e-03,5.914988461881875992e-03
9.414755105972290039e-01,5.235963966697454453e-03,1.801600493490695953e-02,2.768707647919654846e-02,2.158445306122303009e-03,5.426951684057712555e-03
9.225463867187500000e-01,9.924641810357570648e-03,3.166604414582252502e-02,2.754126675426959991e-02,2.971135312691330910e-03,5.350464489310979843e-03
9.258218407630920410e-01,1.386596821248531342e-02,2.440839074552059174e-02,2.545368485152721405e-02,3.544918959960341454e-03,6.905035581439733505e-03
9.407070875167846680e-01,9.640664793550968170e-03,2.108207531273365021e-02,1.966208033263683319e-02,2.860736334696412086e-03,6.047368980944156647e-03
9.415564537048339844e-01,1.180608104914426804e-02,2.411750145256519318e-02,1.161945890635251999e-02,4.636956378817558289e-03,6.263605784624814987e-03
9.367241263389587402e-01,1.028860732913017273e-02,2.806105650961399078e-02,1.321076415479183197e-02,4.970920272171497345e-03,6.744541693478822708e-03
9.507019519805908203e-01,9.636769071221351624e-03,1.887386105954647064e-02,8.679509162902832031e-03,5.228025373071432114e-03,6.880001630634069443e-03
9.319272637367248535e-01,2.001510933041572571e-02,2.477574348449707031e-02,1.058025937527418137e-02,5.606131628155708313e-03,7.095484528690576553e-03
9.004108905792236328e-01,3.237292915582656860e-02,3.967707976698875427e-02,1.419495139271020889e-02,6.679063197225332260e-03,6.665147375315427780e-03
9.088779091835021973e-01,3.049259819090366364e-02,3.458764031529426575e-02,1.352336537092924118e-02,6.000035908073186874e-03,6.518436130136251450e-03
9.037716984748840332e-01,2.939423173666000366e-02,3.822553530335426331e-02,1.617582701146602631e-02,5.993092432618141174e-03,6.439633667469024658e-03
9.445216059684753418e-01,1.066593453288078308e-02,2.121633291244506836e-02,1.373748574405908585e-02,3.858546027913689613e-03,6.000132299959659576e-03
9.406459331512451172e-01,8.814196102321147919e-03,2.324720285832881927e-02,1.860774122178554535e-02,3.158148378133773804e-03,5.526845809072256088e-03
9.485517144203186035e-01,6.489804014563560486e-03,1.917621493339538574e-02,1.772432774305343628e-02,2.643290674313902855e-03,5.414667073637247086e-03
9.410601258277893066e-01,7.234882097691297531e-03,2.128105051815509796e-02,2.181617915630340576e-02,2.804711926728487015e-03,5.803112871944904327e-03
9.386904239654541016e-01,4.691100213676691055e-03,1.844392903149127960e-02,3.060515224933624268e-02,2.112571150064468384e-03,5.456821527332067490e-03
9.471687078475952148e-01,4.546656738966703415e-03,1.417252048850059509e-02,2.425187639892101288e-02,2.619042526930570602e-03,7.241155952215194702e-03
9.457269906997680664e-01,5.116370506584644318e-03,1.885701529681682587e-02,2.006001397967338562e-02,3.521415172144770622e-03,6.718094926327466965e-03
9.542332291603088379e-01,6.158043630421161652e-03,1.651646196842193604e-02,1.118875667452812195e-02,4.666701890528202057e-03,7.236764300614595413e-03
9.491959214210510254e-01,8.531986735761165619e-03,2.076373621821403503e-02,7.403930183500051498e-03,7.256627082824707031e-03,6.847864948213100433e-03
9.402211308479309082e-01,1.017823815345764160e-02,2.575359493494033813e-02,1.047444995492696762e-02,6.899684201925992966e-03,6.472838576883077621e-03
9.407892227172851562e-01,1.155461836606264114e-02,2.356313914060592651e-02,9.028372354805469513e-03,7.772477343678474426e-03,7.292193360626697540e-03
9.110968112945556641e-01,1.527001522481441498e-02,4.399095103144645691e-02,1.646048948168754578e-02,6.603519897907972336e-03,6.578277330845594406e-03
8.897999525070190430e-01,9.284359402954578400e-03,6.460610032081604004e-02,2.713773958384990692e-02,4.441156983375549316e-03,4.730775486677885056e-03
9.238201975822448730e-01,8.133918046951293945e-03,4.215462878346443176e-02,1.488488167524337769e-02,5.645120982080698013e-03,5.361120682209730148e-03
9.106499552726745605e-01,8.557492867112159729e-03,5.206159502267837524e-02,1.853761076927185059e-02,5.429680924862623215e-03,4.763752687722444534e-03
9.251093864440917969e-01,1.227620150893926620e-02,3.634690865874290466e-02,1.481950283050537109e-02,5.749025382101535797e-03,5.698868073523044586e-03
9.488098025321960449e-01,7.620208431035280228e-03,1.915478892624378204e-02,1.530220266431570053e-02,3.439997322857379913e-03,5.672895349562168121e-03
9.466539025306701660e-01,6.633068900555372238e-03,1.824207976460456848e-02,1.861236803233623505e-02,3.242108738049864769e-03,6.616490893065929413e-03
9.466820359230041504e-01,5.107501987367868423e-03,1.560694910585880280e-02,2.453337423503398895e-02,2.122639911249279976e-03,5.947452969849109650e-03
9.399105906486511230e-01,5.223030224442481995e-03,1.783880777657032013e-02,2.815473265945911407e-02,2.464043209329247475e-03,6.408853456377983093e-03
9.430928230285644531e-01,6.575195584446191788e-03,1.905090734362602234e-02,2.205096557736396790e-02,2.866378286853432655e-03,6.363651715219020844e-03
9.241033196449279785e-01,1.452360674738883972e-02,3.357027471065521240e-02,1.571849919855594635e-02,5.839601624757051468e-03,6.244726479053497314e-03
9.408268332481384277e-01,1.118435338139533997e-02,2.633611857891082764e-02,9.404074400663375854e-03,6.393629591912031174e-03,5.854933522641658783e-03
9.350244998931884766e-01,1.566382683813571930e-02,2.601240202784538269e-02,8.009159937500953674e-03,8.285626769065856934e-03,7.004498969763517380e-03
9.495688676834106445e-01,9.324346669018268585e-03,1.754742488265037537e-02,1.409141253679990768e-02,3.455729689449071884e-03,6.012384314090013504e-03
9.507282376289367676e-01,4.520228598266839981e-03,9.471932426095008850e-03,2.867811918258666992e-02,1.312036649323999882e-03,5.289394408464431763e-03
9.502910971641540527e-01,3.579634474590420723e-03,6.567453034222126007e-03,3.424615412950515747e-02,7.741376757621765137e-04,4.541454371064901352e-03
9.219087362289428711e-01,3.553683171048760414e-03,5.603317636996507645e-03,6.407170742750167847e-02,4.901889478787779808e-04,4.372318275272846222e-03
9.266088008880615234e-01,3.896580077707767487e-03,7.243623957037925720e-03,5.693648383021354675e-02,7.036938914097845554e-04,4.610683303326368332e-03
9.377450942993164062e-01,5.429234821349382401e-03,8.945021778345108032e-03,4.149910807609558105e-02,1.037574373185634613e-03,5.343864671885967255e-03
9.285171031951904297e-01,5.876243114471435547e-03,1.688553206622600555e-02,4.078679904341697693e-02,1.920590992085635662e-03,6.013795733451843262e-03
9.402906298637390137e-01,4.706791602075099945e-03,2.204298600554466248e-02,2.394842542707920074e-02,3.132713725790381432e-03,5.878455936908721924e-03
9.307966232299804688e-01,6.788610946387052536e-03,3.088766895234584808e-02,2.091753296554088593e-02,4.917737562209367752e-03,5.691788159310817719e-03
9.361447691917419434e-01,5.316521506756544113e-03,2.812141366302967072e-02,2.178838849067687988e-02,3.586590755730867386e-03,5.042388103902339935e-03
9.460336565971374512e-01,4.655661061406135559e-03,1.954660378396511078e-02,2.130536548793315887e-02,2.955977339297533035e-03,5.502759478986263275e-03
9.508117437362670898e-01,3.871051827445626259e-03,9.093137457966804504e-03,3.000513836741447449e-02,1.218453398905694485e-03,5.000382196158170700e-03
9.395717978477478027e-01,3.187200753018260002e-03,6.761075463145971298e-03,4.483944550156593323e-02,7.208444294519722462e-04,4.919512197375297546e-03
9.385718703269958496e-01,3.134605474770069122e-03,5.905998870730400085e-03,4.607255384325981140e-02,7.592729525640606880e-04,5.555675365030765533e-03
9.505667686462402344e-01,2.541553229093551636e-03,6.131542846560478210e-03,3.496701270341873169e-02,8.231165702454745770e-04,4.969954025000333786e-03
9.520936608314514160e-01,2.846139715984463692e-03,8.214462548494338989e-03,3.000150620937347412e-02,1.189917791634798050e-03,5.654400680214166641e-03
9.424744844436645508e-01,4.475401714444160461e-03,1.479121018201112747e-02,3.005066327750682831e-02,2.012185053899884224e-03,6.195974070578813553e-03
9.492963552474975586e-01,4.127326421439647675e-03,1.440548803657293320e-02,2.449241839349269867e-02,1.976601313799619675e-03,5.701769609004259109e-03
9.529531002044677734e-01,4.952044226229190826e-03,1.712229847908020020e-02,1.569805853068828583e-02,3.167795948684215546e-03,6.106686312705278397e-03
9.522656202316284180e-01,5.222260951995849609e-03,1.707691885530948639e-02,1.699039898812770844e-02,2.693257527425885201e-03,5.751706659793853760e-03
9.378228783607482910e-01,6.686085835099220276e-03,2.033227682113647461e-02,2.585812658071517944e-02,2.651178045198321342e-03,6.649601273238658905e-03
9.316096305847167969e-01,1.259587425738573074e-02,2.787682227790355682e-02,1.764592155814170837e-02,4.228940699249505997e-03,6.042799912393093109e-03
9.283347129821777344e-01,8.811074309051036835e-03,3.647624701261520386e-02,1.752825267612934113e-02,3.957705572247505188e-03,4.891900345683097839e-03
9.329452514648437500e-01,9.138996712863445282e-03,3.289246931672096252e-02,1.341063994914293289e-02,5.772053264081478119e-03,5.840524565428495407e-03
9.451601505279541016e-01,6.247097160667181015e-03,2.597160451114177704e-02,1.079712528735399246e-02,6.060055457055568695e-03,5.763993598520755768e-03
9.281681180000305176e-01,4.763450473546981812e-03,4.114470630884170532e-02,1.619212515652179718e-02,5.046205595135688782e-03,4.685480147600173950e-03
9.199063777923583984e-01,6.520397961139678955e-03,4.638573899865150452e-02,1.489775814116001129e-02,7.291987072676420212e-03,4.997872281819581985e-03
9.331293702125549316e-01,8.368610404431819916e-03,3.295876830816268921e-02,1.623699627816677094e-02,4.365640226751565933e-03,4.940595943480730057e-03
9.356008172035217285e-01,8.445373736321926117e-03,3.354313969612121582e-02,1.118632871657609940e-02,6.094864103943109512e-03,5.129496101289987564e-03
9.408043622970581055e-01,9.336391463875770569e-03,2.702710218727588654e-02,1.319848001003265381e-02,4.426041617989540100e-03,5.207663867622613907e-03
9.325569272041320801e-01,1.212427578866481781e-02,3.061466664075851440e-02,1.091688591986894608e-02,7.656630594283342361e-03,6.130684167146682739e-03
9.463816881179809570e-01,1.141166687011718750e-02,1.913004554808139801e-02,1.089492067694664001e-02,5.372173152863979340e-03,6.809595506638288498e-03
9.349455237388610840e-01,1.336455345153808594e-02,2.662508375942707062e-02,1.301520876586437225e-02,5.838398821651935577e-03,6.211213301867246628e-03
9.488074779510498047e-01,6.883545313030481339e-03,1.664865948259830475e-02,1.848639361560344696e-02,3.187587950378656387e-03,5.986356642097234726e-03
9.439005255699157715e-01,7.986186072230339050e-03,1.970473863184452057e-02,1.819138415157794952e-02,3.675571409985423088e-03,6.541668903082609177e-03
9.090004563331604004e-01,8.848229423165321350e-03,3.780163824558258057e-02,3.502348065376281738e-02,3.453959012404084206e-03,5.872301291674375534e-03
9.151467680931091309e-01,9.569467976689338684e-03,2.897141128778457642e-02,3.703875467181205750e-02,2.954956609755754471e-03,6.318656262010335922e-03
8.853185176849365234e-01,5.553895607590675354e-03,2.975959703326225281e-02,7.254034280776977539e-02,1.688814139924943447e-03,5.138915032148361206e-03
9.154175519943237305e-01,5.681113805621862411e-03,2.602573670446872711e-02,4.557255655527114868e-02,1.979800872504711151e-03,5.323343444615602493e-03
9.470523595809936523e-01,4.643088672310113907e-03,1.303641498088836670e-02,2.713451907038688660e-02,2.213505562394857407e-03,5.920124240219593048e-03
9.439556002616882324e-01,7.805021014064550400e-03,2.040940150618553162e-02,1.617046631872653961e-02,5.445149261504411697e-03,6.214357912540435791e-03
9.524001479148864746e-01,5.584781989455223083e-03,1.711747981607913971e-02,1.564256288111209869e-02,3.936233464628458023e-03,5.318815819919109344e-03
9.444270730018615723e-01,8.394153788685798645e-03,1.954577490687370300e-02,1.451401598751544952e-02,6.592984311282634735e-03,6.525962147861719131e-03
9.410976171493530273e-01,9.386966936290264130e-03,2.431985922157764435e-02,1.123010646551847458e-02,7.814836688339710236e-03,6.150612607598304749e-03
9.488970041275024414e-01,6.079340353608131409e-03,1.940775662660598755e-02,1.732235960662364960e-02,3.235684242099523544e-03,5.057762842625379562e-03
9.421606063842773438e-01,5.902871955186128616e-03,2.358426898717880249e-02,1.518586184829473495e-02,6.147919222712516785e-03,7.018335629254579544e-03
9.367296695709228516e-01,8.206574246287345886e-03,2.828080952167510986e-02,1.589810661971569061e-02,5.005061160773038864e-03,5.879823584109544754e-03
9.414406418800354004e-01,6.970751564949750900e-03,1.951165124773979187e-02,2.318335697054862976e-02,2.748158760368824005e-03,6.145436316728591919e-03
9.415392279624938965e-01,6.226459052413702011e-03,2.252350375056266785e-02,2.015186473727226257e-02,3.618098795413970947e-03,5.941014271229505539e-03
9.401837587356567383e-01,4.481058102101087570e-03,1.182185579091310501e-02,3.555889800190925598e-02,1.616221386939287186e-03,6.338431499898433685e-03
9.487581253051757812e-01,2.787461970001459122e-03,7.861341349780559540e-03,3.409278020262718201e-02,1.050653634592890739e-03,5.449649412184953690e-03
9.379767179489135742e-01,3.653709311038255692e-03,7.765590678900480270e-03,4.316140338778495789e-02,1.085764961317181587e-03,6.356980651617050171e-03
9.408114552497863770e-01,2.298545325174927711e-03,7.567559368908405304e-03,4.380152747035026550e-02,7.007042295299470425e-04,4.820092581212520599e-03
9.394506812095642090e-01,3.870589425787329674e-03,1.103080064058303833e-02,3.860201314091682434e-02,1.322562224231660366e-03,5.723181646317243576e-03
9.313586950302124023e-01,4.712829831987619400e-03,1.414663530886173248e-02,4.327340051531791687e-02,1.347983838059008121e-03,5.160450935363769531e-03
9.481505155563354492e-01,9.493094868957996368e-03,1.759661175310611725e-02,1.548684947192668915e-02,3.222037805244326591e-03,6.050970405340194702e-03
9.297056794166564941e-01,5.349170882254838943e-03,2.200095355510711670e-02,3.671146929264068604e-02,1.751905190758407116e-03,4.480749368667602539e-03
9.199066162109375000e-01,1.149169076234102249e-02,3.853166848421096802e-02,1.987804099917411804e-02,4.819471389055252075e-03,5.372587591409683228e-03
9.171501994132995605e-01,1.095873862504959106e-02,4.282215610146522522e-02,1.911110430955886841e-02,4.560757894068956375e-03,5.397111177444458008e-03
9.360631704330444336e-01,7.326396182179450989e-03,3.027546033263206482e-02,1.755824871361255646e-02,3.438997315242886543e-03,5.337645765393972397e-03
9.399719834327697754e-01,7.725677918642759323e-03,2.238299883902072906e-02,1.933285407721996307e-02,3.678364912047982216e-03,6.908059585839509964e-03
9.369621276855468750e-01,6.477260496467351913e-03,2.009806036949157715e-02,2.794575504958629608e-02,2.359191421419382095e-03,6.157488562166690826e-03
9.272203445434570312e-01,4.606645554304122925e-03,1.971749030053615570e-02,4.179108142852783203e-02,1.530076260678470135e-03,5.134318023920059204e-03
9.438837170600891113e-01,6.214498076587915421e-03,1.674132794141769409e-02,2.541391737759113312e-02,2.195278648287057877e-03,5.551269743591547012e-03
8.993034362792968750e-01,1.065549813210964203e-02,2.558130584657192230e-02,5.651328712701797485e-02,2.083004685118794441e-03,5.863442551344633102e-03
9.333149790763854980e-01,9.764481335878372192e-03,2.446875534951686859e-02,2.366969548165798187e-02,3.039392409846186638e-03,5.742654204368591309e-03
9.327774047851562500e-01,9.399977512657642365e-03,1.894901320338249207e-02,2.823596447706222534e-02,3.029636573046445847e-03,7.608105894178152084e-03
9.408519864082336426e-01,7.174404803663492203e-03,1.601518690586090088e-02,2.526344358921051025e-02,2.799906767904758453e-03,7.895022630691528320e-03
9.411878585815429688e-01,4.856847226619720459e-03,1.649561338126659393e-02,2.687115408480167389e-02,2.891241805627942085e-03,7.697279099375009537e-03
9.499652981758117676e-01,4.537497181445360184e-03,1.592058129608631134e-02,1.887655444443225861e-02,3.322289790958166122e-03,7.377731148153543472e-03
9.483383297920227051e-01,4.976923577487468719e-03,1.797095313668251038e-02,1.837576180696487427e-02,3.357359208166599274e-03,6.980608217418193817e-03
9.503138065338134766e-01,5.553369410336017609e-03,1.323895994573831558e-02,2.173548936843872070e-02,2.351720351725816727e-03,6.806677673012018204e-03
9.376832246780395508e-01,1.074595656245946884e-02,1.639932207763195038e-02,2.382610552012920380e-02,3.158082719892263412e-03,8.187268860638141632e-03
9.222370982170104980e-01,6.917464081197977066e-03,1.427046116441488266e-02,4.846276342868804932e-02,1.542244921438395977e-03,6.570004858076572418e-03
9.259825348854064941e-01,7.538242731243371964e-03,1.321156881749629974e-02,4.598017781972885132e-02,1.324578886851668358e-03,5.962941795587539673e-03
9.196168780326843262e-01,7.254682481288909912e-03,1.709765382111072540e-02,4.897623509168624878e-02,1.511115580797195435e-03,5.543447565287351608e-03
9.336284995079040527e-01,6.679064594209194183e-03,1.353261526674032211e-02,3.858574852347373962e-02,1.435205107554793358e-03,6.138960830867290497e-03
9.344323873519897461e-01,7.762546185404062271e-03,1.635937020182609558e-02,3.332997858524322510e-02,1.979443477466702461e-03,6.136232987046241760e-03
9.297979474067687988e-01,7.041713222861289978e-03,2.312617190182209015e-02,3.000384196639060974e-02,2.908343449234962463e-03,7.121896371245384216e-03
9.418279528617858887e-01,6.148556713014841080e-03,2.038839273154735565e-02,2.138237841427326202e-02,2.958256052806973457e-03,7.294489070773124695e-03
9.329460859298706055e-01,5.360854789614677429e-03,2.858769334852695465e-02,2.306845597922801971e-02,3.483049105852842331e-03,6.553818006068468094e-03
9.430924057960510254e-01,3.967010881751775742e-03,2.447884343564510345e-02,1.807316578924655914e-02,3.821704769507050514e-03,6.566892843693494797e-03
9.459399580955505371e-01,4.514387343078851700e-03,2.555855363607406616e-02,1.136921998113393784e-02,5.642462056130170822e-03,6.975415628403425217e-03
9.397664070129394531e-01,6.240305490791797638e-03,2.887515537440776825e-02,1.009237952530384064e-02,7.980586029589176178e-03,7.045159582048654556e-03
9.339718222618103027e-01,5.610988475382328033e-03,3.680966794490814209e-02,1.214238721877336502e-02,5.998024251312017441e-03,5.467071197926998138e-03
9.488411545753479004e-01,5.914473440498113632e-03,2.332938089966773987e-02,1.078034192323684692e-02,5.317320581525564194e-03,5.817282944917678833e-03
9.448187351226806641e-01,5.021475255489349365e-03,2.470366843044757843e-02,1.646988652646541595e-02,3.810818074271082878e-03,5.175562575459480286e-03
9.467558264732360840e-01,4.537814296782016754e-03,2.025838568806648254e-02,2.014697901904582977e-02,2.814104547724127769e-03,5.486767739057540894e-03
9.561979770660400391e-01,4.696337040513753891e-03,1.663197949528694153e-02,1.279965601861476898e-02,3.610901068896055222e-03,6.063212174922227859e-03
9.284034371376037598e-01,6.538970861583948135e-03,2.681813389062881470e-02,3.007834963500499725e-02,2.815283834934234619e-03,5.345714278519153595e-03
9.304865598678588867e-01,9.374588727951049805e-03,2.836386300623416901e-02,2.135888114571571350e-02,4.413700662553310394e-03,6.002266425639390945e-03
9.316071271896362305e-01,1.275496184825897217e-02,3.107723407447338104e-02,1.376249082386493683e-02,5.030126310884952545e-03,5.768014118075370789e-03
9.466494321823120117e-01,1.143617555499076843e-02,2.150123007595539093e-02,9.947322309017181396e-03,4.747804254293441772e-03,5.718051921576261520e-03
9.290840625762939453e-01,1.370715256780385971e-02,3.145191818475723267e-02,1.108422689139842987e-02,7.874557748436927795e-03,6.798040121793746948e-03
9.461269974708557129e-01,1.120962481945753098e-02,2.040877193212509155e-02,1.036474574357271194e-02,4.995471332222223282e-03,6.894427817314863205e-03
9.488997459411621094e-01,5.764074157923460007e-03,1.710015907883644104e-02,1.922823861241340637e-02,2.843017457053065300e-03,6.164958234876394272e-03
9.355195164680480957e-01,7.695578970015048981e-03,2.212384529411792755e-02,2.500065416097640991e-02,3.182563697919249535e-03,6.477750372141599655e-03
9.288709759712219238e-01,6.303606554865837097e-03,2.732905186712741852e-02,2.942623011767864227e-02,2.610451076179742813e-03,5.459675565361976624e-03
9.391078352928161621e-01,3.919905517250299454e-03,2.041352912783622742e-02,2.887030132114887238e-02,2.238339511677622795e-03,5.450089927762746811e-03
9.187878966331481934e-01,4.289822652935981750e-03,2.473389357328414917e-02,4.470100253820419312e-02,2.063639461994171143e-03,5.423832219094038010e-03
9.308169484138488770e-01,3.934664651751518250e-03,1.829452998936176300e-02,4.014214873313903809e-02,1.590962870977818966e-03,5.220702849328517914e-03
9.407869577407836914e-01,3.953401930630207062e-03,1.399797946214675903e-02,3.335314616560935974e-02,1.766434055753052235e-03,6.141995079815387726e-03
9.399808645248413086e-01,4.863769747316837311e-03,1.141172554343938828e-02,3.658406063914299011e-02,1.357122324407100677e-03,5.802478175610303879e-03
9.546763300895690918e-01,7.658240385353565216e-03,9.487567469477653503e-03,1.891237311065196991e-02,1.954415114596486092e-03,7.311112713068723679e-03
9.565266966819763184e-01,8.482720702886581421e-03,7.850342430174350739e-03,1.848570443689823151e-02,1.545230858027935028e-03,7.109482306987047195e-03
9.354493021965026855e-01,1.153666898608207703e-02,1.402193401008844376e-02,3.010473772883415222e-02,1.690359320491552353e-03,7.197028957307338715e-03
9.317759871482849121e-01,1.199431437999010086e-02,1.721279323101043701e-02,3.025184199213981628e-02,2.087168395519256592e-03,6.677799392491579056e-03
9.386947154998779297e-01,7.160258945077657700e-03,2.148557640612125397e-02,2.476764097809791565e-02,2.279920037835836411e-03,5.611949134618043900e-03
9.198690652847290039e-01,5.847695749253034592e-03,2.752965874969959259e-02,3.762149810791015625e-02,2.936524804681539536e-03,6.195520050823688507e-03
9.379603266716003418e-01,4.299175459891557693e-03,1.654182560741901398e-02,3.386231511831283569e-02,1.809703651815652847e-03,5.526706110686063766e-03
9.456423521041870117e-01,3.538673976436257362e-03,1.040010154247283936e-02,3.311173617839813232e-02,1.463630585931241512e-03,5.843430291861295700e-03
9.439859986305236816e-01,4.171960521489381790e-03,9.857200086116790771e-03,3.578803688287734985e-02,1.044047996401786804e-03,5.152587778866291046e-03
9.463722705841064453e-01,5.385390017181634903e-03,1.276758406311273575e-02,2.932412363588809967e-02,1.418742816895246506e-03,4.731831606477499008e-03
9.411133527755737305e-01,4.792763851583003998e-03,1.977084949612617493e-02,2.846053615212440491e-02,1.765285036526620388e-03,4.097263794392347336e-03
9.331902861595153809e-01,9.195489808917045593e-03,2.721504680812358856e-02,2.208216674625873566e-02,3.099930007010698318e-03,5.217020399868488312e-03
9.181158542633056641e-01,1.078747119754552841e-02,4.353519156575202942e-02,1.863251999020576477e-02,4.267078358680009842e-03,4.661867395043373108e-03
9.277367591857910156e-01,1.058141328394412994e-02,3.227247297763824463e-02,2.044545486569404602e-02,3.592002904042601585e-03,5.371873732656240463e-03
9.428514838218688965e-01,1.135827228426933289e-02,2.208958566188812256e-02,1.059931796044111252e-02,5.643096286803483963e-03,7.458305917680263519e-03
9.465273618698120117e-01,7.640860043466091156e-03,1.967937871813774109e-02,1.450258493423461914e-02,4.187876358628273010e-03,7.462023757398128510e-03
9.469895958900451660e-01,6.815574597567319870e-03,1.885968632996082306e-02,1.626167446374893188e-02,3.824505256488919258e-03,7.248920388519763947e-03
9.538953304290771484e-01,5.272212438285350800e-03,1.583411358296871185e-02,1.431453693658113480e-02,3.341918578371405602e-03,7.341893389821052551e-03
9.473091363906860352e-01,7.124803960323333740e-03,1.816506683826446533e-02,1.752485148608684540e-02,3.038157010450959206e-03,6.837968714535236359e-03
9.542195796966552734e-01,5.829981993883848190e-03,1.736569404602050781e-02,1.443659141659736633e-02,2.574144164100289345e-03,5.574053619056940079e-03
9.526844024658203125e-01,6.160596851259469986e-03,1.760632917284965515e-02,1.498614158481359482e-02,2.713819500058889389e-03,5.848802626132965088e-03
9.507111310958862305e-01,7.431596517562866211e-03,1.882492005825042725e-02,1.355980802327394485e-02,3.347621764987707138e-03,6.124846637248992920e-03
9.379400014877319336e-01,7.561576552689075470e-03,2.491071633994579315e-02,2.019515633583068848e-02,3.498797537758946419e-03,5.893821828067302704e-03
9.355470538139343262e-01,8.947597816586494446e-03,2.124733664095401764e-02,2.284455671906471252e-02,4.163268022239208221e-03,7.250205148011445999e-03
9.351802468299865723e-01,6.420978810638189316e-03,1.582752168178558350e-02,3.428383544087409973e-02,2.086724853143095970e-03,6.200688425451517105e-03
9.312687516212463379e-01,1.025080587714910507e-02,1.974831335246562958e-02,2.822813577950000763e-02,3.415816463530063629e-03,7.088297046720981598e-03
9.254801869392395020e-01,5.266630556434392929e-03,1.349707785993814468e-02,4.765531420707702637e-02,1.427755807526409626e-03,6.673071999102830887e-03
9.448390603065490723e-01,5.204078741371631622e-03,1.362840738147497177e-02,2.599067054688930511e-02,2.460863208398222923e-03,7.876876741647720337e-03
9.476351141929626465e-01,3.400867339223623276e-03,1.170467771589756012e-02,2.750402688980102539e-02,2.114336472004652023e-03,7.641012780368328094e-03
9.550076723098754883e-01,3.273306880146265030e-03,9.854576550424098969e-03,2.223342657089233398e-02,1.939096604473888874e-03,7.691857870668172836e-03
9.569699168205261230e-01,3.803195897489786148e-03,9.669188410043716431e-03,1.954136975109577179e-02,2.235427498817443848e-03,7.780911400914192200e-03
9.568470120429992676e-01,3.855931339785456657e-03,9.136373177170753479e-03,2.307743020355701447e-02,1.316501060500741005e-03,5.766713060438632965e-03
9.577689766883850098e-01,5.374323576688766479e-03,1.057501882314682007e-02,1.916353218257427216e-02,1.570541528053581715e-03,5.547480192035436630e-03
9.569373130798339844e-01,3.428344149142503738e-03,7.446151692420244217e-03,2.651746198534965515e-02,8.517326787114143372e-04,4.819070454686880112e-03
9.492905139923095703e-01,4.111799877136945724e-03,8.615534752607345581e-03,3.107132390141487122e-02,1.111662946641445160e-03,5.799186881631612778e-03
9.537228941917419434e-01,3.863990539684891701e-03,8.022570051252841949e-03,2.798189967870712280e-02,1.024553901515901089e-03,5.383998155593872070e-03
9.545563459396362305e-01,4.119742196053266525e-03,1.289865747094154358e-02,2.035037800669670105e-02,1.994330203160643578e-03,6.080576684325933456e-03
9.433164000511169434e-01,6.919596344232559204e-03,2.525585144758224487e-02,1.282656285911798477e-02,5.414262879639863968e-03,6.267359480261802673e-03
9.463707804679870605e-01,4.558908287435770035e-03,2.137931622564792633e-02,1.702694222331047058e-02,3.902130294591188431e-03,6.761929485946893692e-03
9.411763548851013184e-01,8.011644706130027771e-03,2.366434037685394287e-02,9.090417064726352692e-03,9.990208782255649567e-03,8.067011833190917969e-03
9.525796771049499512e-01,4.712698049843311310e-03,1.391494087874889374e-02,1.846214942634105682e-02,3.119620727375149727e-03,7.210974115878343582e-03
9.556205272674560547e-01,4.562868271023035049e-03,1.222479250282049179e-02,1.721943728625774384e-02,3.070860169827938080e-03,7.301532663404941559e-03
9.470931887626647949e-01,3.803141415119171143e-03,8.574554696679115295e-03,3.272454813122749329e-02,1.342856907285749912e-03,6.461783777922391891e-03
9.456840157508850098e-01,5.327926017343997955e-03,1.052153296768665314e-02,3.034221753478050232e-02,1.522475271485745907e-03,6.601859349757432938e-03
9.478493332862854004e-01,4.176359623670578003e-03,1.215519849210977554e-02,2.891335450112819672e-02,1.531039946712553501e-03,5.374727770686149597e-03
9.371234178543090820e-01,4.875801037997007370e-03,1.853727735579013824e-02,3.218910470604896545e-02,1.944342278875410557e-03,5.330115091055631638e-03
9.475318789482116699e-01,6.547350436449050903e-03,1.867712475359439850e-02,1.904969848692417145e-02,2.684708917513489723e-03,5.509251262992620468e-03
9.268182516098022461e-01,1.227314211428165436e-02,2.813797257840633392e-02,2.503189630806446075e-02,2.572397934272885323e-03,5.166259128600358963e-03
9.473639130592346191e-01,1.105415727943181992e-02,1.455021090805530548e-02,1.907996274530887604e-02,2.062523271888494492e-03,5.889231339097023010e-03
9.382650852203369141e-01,7.521920837461948395e-03,1.333261840045452118e-02,3.213065862655639648e-02,1.813733950257301331e-03,6.935904733836650848e-03
8.830330371856689453e-01,9.263324551284313202e-03,1.954922638833522797e-02,8.126676827669143677e-02,1.153483171947300434e-03,5.734274163842201233e-03
8.701843023300170898e-01,4.759173374623060226e-03,2.843252196907997131e-02,9.060774743556976318e-02,1.196352182887494564e-03,4.819782450795173645e-03
8.446096181869506836e-01,3.458763472735881805e-03,2.261127345263957977e-02,1.229067519307136536e-01,1.019094372168183327e-03,5.394423846155405045e-03
8.872769474983215332e-01,6.435167975723743439e-03,3.602743148803710938e-02,6.206571683287620544e-02,2.373702591285109520e-03,5.821015685796737671e-03
9.172948002815246582e-01,7.467068266123533249e-03,1.823676936328411102e-02,4.736824333667755127e-02,2.221439732238650322e-03,7.411594968289136887e-03
9.113879799842834473e-01,6.846451200544834137e-03,1.898696832358837128e-02,5.393454432487487793e-02,1.968339784070849419e-03,6.875798106193542480e-03
9.240220785140991211e-01,8.226875215768814087e-03,2.136920578777790070e-02,3.805881366133689880e-02,2.232789993286132812e-03,6.090161856263875961e-03
9.275147914886474609e-01,6.430428940802812576e-03,1.606716774404048920e-02,4.398037493228912354e-02,1.252424321137368679e-03,4.754829686135053635e-03
9.222277998924255371e-01,5.998761393129825592e-03,1.820380054414272308e-02,4.764879122376441956e-02,1.294173300266265869e-03,4.626582376658916473e-03
9.046145081520080566e-01,7.266993168741464615e-03,1.814515329897403717e-02,6.346064805984497070e-02,1.316190464422106743e-03,5.196520127356052399e-03
9.392692446708679199e-01,7.308641448616981506e-03,1.529417652636766434e-02,3.065023757517337799e-02,1.922485069371759892e-03,5.555284675210714340e-03
9.365629553794860840e-01,8.221609517931938171e-03,1.662890054285526276e-02,2.998466230928897858e-02,2.341850427910685539e-03,6.260080263018608093e-03
9.379562735557556152e-01,7.094126660376787186e-03,2.002639696002006531e-02,2.555951662361621857e-02,3.147541778162121773e-03,6.216218695044517517e-03
9.119445681571960449e-01,9.793631732463836670e-03,2.609265036880970001e-02,4.207597672939300537e-02,3.261691657826304436e-03,6.831350736320018768e-03
9.327163100242614746e-01,5.897433497011661530e-03,1.481884531676769257e-02,3.896755725145339966e-02,1.777574652805924416e-03,5.822300910949707031e-03
9.303967952728271484e-01,6.781321484595537186e-03,1.564429141581058502e-02,3.903680294752120972e-02,1.964925788342952728e-03,6.176038645207881927e-03
9.373100399971008301e-01,4.296401981264352798e-03,9.805356152355670929e-03,4.093997925519943237e-02,1.312388805672526360e-03,6.335923448204994202e-03
9.467650055885314941e-01,3.286792198196053505e-03,8.584291674196720123e-03,3.396601602435112000e-02,1.256385934539139271e-03,6.141394376754760742e-03
9.298586249351501465e-01,2.071417169645428658e-03,6.997099146246910095e-03,5.443346127867698669e-02,8.545728633180260658e-04,5.784935317933559418e-03
9.286175370216369629e-01,2.436137525364756584e-03,9.927141480147838593e-03,5.148867145180702209e-02,1.259906683117151260e-03,6.270607467740774155e-03
9.202678799629211426e-01,1.949593424797058105e-03,8.180505596101284027e-03,6.360147893428802490e-02,8.044370915740728378e-04,5.196053069084882736e-03
9.246054887771606445e-01,4.058777354657649994e-03,1.510052103549242020e-02,4.897441715002059937e-02,1.600372372195124626e-03,5.660347174853086472e-03
9.477304816246032715e-01,5.466749425977468491e-03,1.205257978290319443e-02,2.718335762619972229e-02,1.677092630416154861e-03,5.889642518013715744e-03
9.497610926628112793e-01,6.102255079895257950e-03,1.667913608253002167e-02,1.847697980701923370e-02,2.724396763369441032e-03,6.256075575947761536e-03
9.440707564353942871e-01,8.797323331236839294e-03,1.674043014645576477e-02,1.720013655722141266e-02,4.058957099914550781e-03,9.132431820034980774e-03
9.404882788658142090e-01,8.468330837786197662e-03,1.728595606982707977e-02,2.024373225867748260e-02,3.892451524734497070e-03,9.621202945709228516e-03
9.412484169006347656e-01,7.500021718442440033e-03,1.678789779543876648e-02,2.354462072253227234e-02,2.807694952934980392e-03,8.111317642033100128e-03
9.440529346466064453e-01,5.577699746936559677e-03,1.051755342632532120e-02,3.276264667510986328e-02,1.227762782946228981e-03,5.861456040292978287e-03
9.471341371536254883e-01,4.979606717824935913e-03,1.100802421569824219e-02,3.112713247537612915e-02,1.047891448251903057e-03,4.703194834291934967e-03
9.140278697013854980e-01,7.484106346964836121e-03,1.252849958837032318e-02,6.022341549396514893e-02,8.698792080394923687e-04,4.866235423833131790e-03
8.898815512657165527e-01,4.409356042742729187e-03,1.657952740788459778e-02,8.371929824352264404e-02,9.180553024634718895e-04,4.492227453738451004e-03
9.196696877479553223e-01,4.865578375756740570e-03,1.539035048335790634e-02,5.291530862450599670e-02,1.379046007059514523e-03,5.779998842626810074e-03
8.934668302536010742e-01,6.048912648111581802e-03,2.996378764510154724e-02,6.411634385585784912e-02,1.680952263996005058e-03,4.723266698420047760e-03
9.310268759727478027e-01,3.991855308413505554e-03,1.759989559650421143e-02,4.097956046462059021e-02,1.434061327017843723e-03,4.967744927853345871e-03
9.260169863700866699e-01,3.793854732066392899e-03,1.316909398883581161e-02,5.099744722247123718e-02,1.049517770297825336e-03,4.973168950527906418e-03
9.424794316291809082e-01,4.114796407520771027e-03,1.159204170107841492e-02,3.466800227761268616e-02,1.391983823850750923e-03,5.753755103796720505e-03
8.918833732604980469e-01,4.623059649020433426e-03,1.069081760942935944e-02,8.649150282144546509e-02,8.132372749969363213e-04,5.498041398823261261e-03
9.380109906196594238e-01,3.056796500459313393e-03,6.116922944784164429e-03,4.815126582980155945e-02,5.082191783003509045e-04,4.155762493610382080e-03
9.335610270500183105e-01,4.600622691214084625e-03,7.327750325202941895e-03,4.921993613243103027e-02,6.277732318267226219e-04,4.662857390940189362e-03
9.339088201522827148e-01,2.750321291387081146e-03,7.051950786262750626e-03,5.159312486648559570e-02,4.985862178727984428e-04,4.197244532406330109e-03
9.284687042236328125e-01,2.717886585742235184e-03,8.893120102584362030e-03,5.433384329080581665e-02,6.917670834809541702e-04,4.894746001809835434e-03
9.568518400192260742e-01,2.135646063834428787e-03,8.583190850913524628e-03,2.550700865685939789e-02,1.190092880278825760e-03,5.732242483645677567e-03
9.549673795700073242e-01,2.749223960563540459e-03,1.005967333912849426e-02,2.289323136210441589e-02,1.980727305635809898e-03,7.349791005253791809e-03
9.495381116867065430e-01,5.679965950548648834e-03,1.344177965074777603e-02,1.993033662438392639e-02,3.126207506284117699e-03,8.283644914627075195e-03
9.485053420066833496e-01,9.365648962557315826e-03,1.325798407196998596e-02,1.798422262072563171e-02,3.034095279872417450e-03,7.852653041481971741e-03
9.626501798629760742e-01,7.012795656919479370e-03,9.218031540513038635e-03,1.159781590104103088e-02,2.410693326964974403e-03,7.110457401722669601e-03
9.538609385490417480e-01,1.357700861990451813e-02,1.119585335254669189e-02,9.865189902484416962e-03,3.564954968169331551e-03,7.935983128845691681e-03
9.613045454025268555e-01,8.979231119155883789e-03,7.832310162484645844e-03,1.236172392964363098e-02,2.097497461363673210e-03,7.424667011946439743e-03
9.571461677551269531e-01,8.880403824150562286e-03,6.209334824234247208e-03,1.976561173796653748e-02,1.201930572278797626e-03,6.796405650675296783e-03
9.453433156013488770e-01,1.022850163280963898e-02,9.454970248043537140e-03,2.569116465747356415e-02,1.687283627688884735e-03,7.594818715006113052e-03
9.363945126533508301e-01,8.328782394528388977e-03,9.517697617411613464e-03,3.663659840822219849e-02,1.484170672483742237e-03,7.638140115886926651e-03
9.395067691802978516e-01,6.474715191870927811e-03,1.171251665800809860e-02,3.430603072047233582e-02,1.570735126733779907e-03,6.429225672036409378e-03
9.565812349319458008e-01,3.806559601798653603e-03,1.058827713131904602e-02,2.072604186832904816e-02,1.942369388416409492e-03,6.355668883770704269e-03
9.391052126884460449e-01,6.747298873960971832e-03,1.946236379444599152e-02,2.311996370553970337e-02,3.967050928622484207e-03,7.598091382533311844e-03
9.456551671028137207e-01,6.369580980390310287e-03,1.736684329807758331e-02,1.747915334999561310e-02,4.262108821421861649e-03,8.867017924785614014e-03
9.445636868476867676e-01,6.260826718062162399e-03,1.556547079235315323e-02,2.050349116325378418e-02,3.641108516603708267e-03,9.465469978749752045e-03
9.482401013374328613e-01,3.849293338134884834e-03,1.140299625694751740e-02,2.579972147941589355e-02,2.161951968446373940e-03,8.545900695025920868e-03
9.428673386573791504e-01,7.797345984727144241e-03,1.298847142606973648e-02,2.459848485887050629e-02,2.698491560295224190e-03,9.049898944795131683e-03
9.564968943595886230e-01,5.050674546509981155e-03,8.561436086893081665e-03,2.055100351572036743e-02,1.618234440684318542e-03,7.721821777522563934e-03
9.519472718238830566e-01,5.706374999135732651e-03,8.137115277349948883e-03,2.618554048240184784e-02,1.367919147014617920e-03,6.655715871602296829e-03
9.514534473419189453e-01,4.857206251472234726e-03,9.139510802924633026e-03,2.631099335849285126e-02,1.532101188786327839e-03,6.706784013658761978e-03
9.408820271492004395e-01,3.384110983461141586e-03,7.232536561787128448e-03,3.715885058045387268e-02,1.590347266755998135e-03,9.752050042152404785e-03
9.321612119674682617e-01,3.403607057407498360e-03,1.036512292921543121e-02,4.144138470292091370e-02,2.227120799943804741e-03,1.040159258991479874e-02
9.364557862281799316e-01,4.223755095154047012e-03,1.139734964817762375e-02,3.601090237498283386e-02,2.290883101522922516e-03,9.621372446417808533e-03
9.432733058929443359e-01,3.699262859299778938e-03,1.185427512973546982e-02,2.940394729375839233e-02,2.520638518035411835e-03,9.248575195670127869e-03
9.435203075408935547e-01,5.703215952962636948e-03,1.397687848657369614e-02,2.753091230988502502e-02,2.151209395378828049e-03,7.117365952581167221e-03
9.477136731147766113e-01,3.750741714611649513e-03,1.063905656337738037e-02,2.992377057671546936e-02,1.569732557982206345e-03,6.403067149221897125e-03
9.346254467964172363e-01,5.076916888356208801e-03,9.778667241334915161e-03,4.153774678707122803e-02,1.404974958859384060e-03,7.576276548206806183e-03
9.347836971282958984e-01,4.775750916451215744e-03,9.550518356263637543e-03,4.381536319851875305e-02,1.050596009008586407e-03,6.024076603353023529e-03
9.378283023834228516e-01,3.568702377378940582e-03,8.299067616462707520e-03,4.382566362619400024e-02,8.691788534633815289e-04,5.608994513750076294e-03
9.253909587860107422e-01,3.510992741212248802e-03,8.398375473916530609e-03,5.617339536547660828e-02,8.105543674901127815e-04,5.715651437640190125e-03
9.259102344512939453e-01,3.962327726185321808e-03,9.417979978024959564e-03,5.479637905955314636e-02,8.171413210220634937e-04,5.096021108329296112e-03
9.340408444404602051e-01,2.947870409116148949e-03,8.101995103061199188e-03,4.926586896181106567e-02,7.283545564860105515e-04,4.915057215839624405e-03
9.500519037246704102e-01,4.378085024654865265e-03,1.040108036249876022e-02,2.758790180087089539e-02,1.534975250251591206e-03,6.046005059033632278e-03
9.439941048622131348e-01,4.296518396586179733e-03,9.277988225221633911e-03,3.533776476979255676e-02,1.159867970272898674e-03,5.933776963502168655e-03
9.420130252838134766e-01,7.860985584557056427e-03,9.846363216638565063e-03,3.178204968571662903e-02,1.515521435067057610e-03,6.981927435845136642e-03
9.456322193145751953e-01,6.619146093726158142e-03,1.079448033124208450e-02,2.736995182931423187e-02,1.798031036742031574e-03,7.786098401993513107e-03
9.487940669059753418e-01,4.665729124099016190e-03,8.376863785088062286e-03,3.006182797253131866e-02,1.313326880335807800e-03,6.788120139390230179e-03
9.367801547050476074e-01,4.807155113667249680e-03,1.165236439555883408e-02,3.806553035974502563e-02,1.620690687559545040e-03,7.074010092765092850e-03
9.517969489097595215e-01,3.579331561923027039e-03,1.386377308517694473e-02,2.253840677440166473e-02,2.184086479246616364e-03,6.037533748894929886e-03
9.472648501396179199e-01,4.386936780065298080e-03,1.686437055468559265e-02,2.024169825017452240e-02,3.728451440110802650e-03,7.513649761676788330e-03
9.481677412986755371e-01,3.390794387087225914e-03,1.600747369229793549e-02,2.261983603239059448e-02,2.966665895655751228e-03,6.847382057458162308e-03
9.177169203758239746e-01,3.771319985389709473e-03,2.231176383793354034e-02,4.715025797486305237e-02,2.209294354543089867e-03,6.840401329100131989e-03
9.156620502471923828e-01,3.291751025244593620e-03,1.928542926907539368e-02,5.257992818951606750e-02,2.110640984028577805e-03,7.070055231451988220e-03
8.645497560501098633e-01,2.852926962077617645e-03,1.498239301145076752e-02,1.111201122403144836e-01,8.540626731701195240e-04,5.640672519803047180e-03
8.668197393417358398e-01,3.543023020029067993e-03,1.505073998123407364e-02,1.078289598226547241e-01,8.870448800735175610e-04,5.870511755347251892e-03
9.102199673652648926e-01,5.879161879420280457e-03,1.190190948545932770e-02,6.415389478206634521e-02,1.157569000497460365e-03,6.687594112008810043e-03
9.151704311370849609e-01,5.447539966553449631e-03,1.094048749655485153e-02,6.001440435647964478e-02,1.224548555910587311e-03,7.202681154012680054e-03
9.228797554969787598e-01,5.776602774858474731e-03,7.522923406213521957e-03,5.704081431031227112e-02,8.135170210152864456e-04,5.966423079371452332e-03
9.165960550308227539e-01,5.177195183932781219e-03,7.263245061039924622e-03,6.485750526189804077e-02,6.425493047572672367e-04,5.463398993015289307e-03
9.384483695030212402e-01,3.111165482550859451e-03,5.378327332437038422e-03,4.782199114561080933e-02,5.065917503088712692e-04,4.733548499643802643e-03
9.456397891044616699e-01,3.118439577519893646e-03,8.622287772595882416e-03,3.640079870820045471e-02,9.712131577543914318e-04,5.247515160590410233e-03
9.268237948417663574e-01,3.895633388310670853e-03,1.149648800492286682e-02,5.128029733896255493e-02,1.100915367715060711e-03,5.402839276939630508e-03
9.394784569740295410e-01,3.037766553461551666e-03,1.472383737564086914e-02,3.631512075662612915e-02,1.393172307871282101e-03,5.051629152148962021e-03
9.328904747962951660e-01,6.248650141060352325e-03,1.792182028293609619e-02,3.438597917556762695e-02,2.176983514800667763e-03,6.376015022397041321e-03
9.154706597328186035e-01,4.338324069976806641e-03,1.299822703003883362e-02,6.014639511704444885e-02,1.178990933112800121e-03,5.867443978786468506e-03
9.283742904663085938e-01,5.843295715749263763e-03,1.257894933223724365e-02,4.447975009679794312e-02,1.592147862538695335e-03,7.131675258278846741e-03
9.325345754623413086e-01,5.976427812129259109e-03,1.330666802823543549e-02,3.814734891057014465e-02,2.087712753564119339e-03,7.947278209030628204e-03
9.414032697677612305e-01,7.414850406348705292e-03,1.253155991435050964e-02,2.808889001607894897e-02,2.331238938495516777e-03,8.230198174715042114e-03
9.472085833549499512e-01,5.995783954858779907e-03,1.266751624643802643e-02,2.388343773782253265e-02,2.457416849210858345e-03,7.787339389324188232e-03
9.489450454711914062e-01,5.305803380906581879e-03,1.065224595367908478e-02,2.493689768016338348e-02,2.325875684618949890e-03,7.834159769117832184e-03
9.544101953506469727e-01,5.820279475301504135e-03,8.961074985563755035e-03,2.107232436537742615e-02,2.004168229177594185e-03,7.732041645795106888e-03
9.505984187126159668e-01,4.687519278377294540e-03,6.147611886262893677e-03,3.031362406909465790e-02,1.031668391078710556e-03,7.221192121505737305e-03
9.529537558555603027e-01,4.454348701983690262e-03,5.620430223643779755e-03,2.789271995425224304e-02,1.029948005452752113e-03,8.049014024436473846e-03
9.513446688652038574e-01,4.472230095416307449e-03,6.164592690765857697e-03,2.817917242646217346e-02,1.078173983842134476e-03,8.761192671954631805e-03
9.415739178657531738e-01,4.440248012542724609e-03,7.820522412657737732e-03,3.576434403657913208e-02,1.209541573189198971e-03,9.191467426717281342e-03
9.427556991577148438e-01,4.019239451736211777e-03,7.822519168257713318e-03,3.637379407882690430e-02,1.063946168869733810e-03,7.964722812175750732e-03
9.310884475708007812e-01,2.742420881986618042e-03,4.973562899976968765e-03,5.451698228716850281e-02,4.830245743505656719e-04,6.195478141307830811e-03
9.346592426300048828e-01,2.948729321360588074e-03,6.693293340504169464e-03,4.967927560210227966e-02,6.391934002749621868e-04,5.380149465054273605e-03
9.336862564086914062e-01,3.266266779974102974e-03,7.089243736118078232e-03,5.104808136820793152e-02,5.716739688068628311e-04,4.338484257459640503e-03
9.462432265281677246e-01,4.194808192551136017e-03,7.662471849471330643e-03,3.581842035055160522e-02,8.930474286898970604e-04,5.188048817217350006e-03
9.539928436279296875e-01,5.844307132065296173e-03,1.161709055304527283e-02,2.087475359439849854e-02,1.818434800952672958e-03,5.852464120835065842e-03
9.456372261047363281e-01,6.549753248691558838e-03,1.258056983351707458e-02,2.528377249836921692e-02,2.455982845276594162e-03,7.492622360587120056e-03
9.569775462150573730e-01,4.756594542413949966e-03,1.072390750050544739e-02,1.950291171669960022e-02,1.905677025206387043e-03,6.133294664323329926e-03
9.529769420623779297e-01,3.854825627058744431e-03,1.081049814820289612e-02,2.460155077278614044e-02,1.695589628070592880e-03,6.060653366148471832e-03
9.535529017448425293e-01,3.964853007346391678e-03,9.905348531901836395e-03,2.590361051261425018e-02,1.322390628047287464e-03,5.350936669856309891e-03
9.509400129318237305e-01,5.347397644072771072e-03,1.173368003219366074e-02,2.550517953932285309e-02,1.378803513944149017e-03,5.095033906400203705e-03
9.374396204948425293e-01,5.958683323115110397e-03,1.209511328488588333e-02,3.664262220263481140e-02,1.502269529737532139e-03,6.361661478877067566e-03
9.454841613769531250e-01,7.345471996814012527e-03,1.444483455270528793e-02,2.486746385693550110e-02,1.993195852264761925e-03,5.864866543561220169e-03
9.526317119598388672e-01,5.110115744173526764e-03,9.360070340335369110e-03,2.518516592681407928e-02,1.461611711420118809e-03,6.251295562833547592e-03
9.407150149345397949e-01,4.091159440577030182e-03,9.476921521127223969e-03,3.811336681246757507e-02,1.164626097306609154e-03,6.439004559069871902e-03
9.341703653335571289e-01,2.217098604887723923e-03,6.157271564006805420e-03,5.025813728570938110e-02,7.768958457745611668e-04,6.420231889933347702e-03
9.251768589019775391e-01,1.917992834933102131e-03,6.154167000204324722e-03,5.982331186532974243e-02,6.713914335705339909e-04,6.256141234189271927e-03
8.984548449516296387e-01,2.841655863448977470e-03,5.740059539675712585e-03,8.577969670295715332e-02,5.779261118732392788e-04,6.605721544474363327e-03
9.040898084640502930e-01,3.460478736087679863e-03,8.494420908391475677e-03,7.640232145786285400e-02,8.827385609038174152e-04,6.670301780104637146e-03
9.338566064834594727e-01,4.527353215962648392e-03,1.100667845457792282e-02,4.203802719712257385e-02,1.567900413647294044e-03,7.003527134656906128e-03
9.357391595840454102e-01,3.959747031331062317e-03,1.077926717698574066e-02,3.926438465714454651e-02,2.023478969931602478e-03,8.233840577304363251e-03
9.325003623962402344e-01,3.903594799339771271e-03,1.093482226133346558e-02,4.299732297658920288e-02,1.766134402714669704e-03,7.897764444351196289e-03
9.139131903648376465e-01,3.213735995814204216e-03,6.122751627117395401e-03,6.962887197732925415e-02,7.030022679828107357e-04,6.418461445719003677e-03
9.057841300964355469e-01,4.005977883934974670e-03,5.592198111116886139e-03,7.780674099922180176e-02,5.930390907451510429e-04,6.218046881258487701e-03
9.253604412078857422e-01,3.060248913243412971e-03,4.147005267441272736e-03,6.163508817553520203e-02,4.156010400038212538e-04,5.381584167480468750e-03
9.272453784942626953e-01,3.065263386815786362e-03,4.878954496234655380e-03,5.887139961123466492e-02,4.998589283786714077e-04,5.439175292849540710e-03
9.491283297538757324e-01,4.766271449625492096e-03,7.733711041510105133e-03,2.937662787735462189e-02,1.429451280273497105e-03,7.565681356936693192e-03
9.502205848693847656e-01,4.630733281373977661e-03,7.811367511749267578e-03,2.622182853519916534e-02,1.697970437817275524e-03,9.417555294930934906e-03
9.487598538398742676e-01,4.429236054420471191e-03,8.884365670382976532e-03,2.618387155234813690e-02,1.926207682117819786e-03,9.816527366638183594e-03
9.446461200714111328e-01,6.112121976912021637e-03,1.260455697774887085e-02,2.090094424784183502e-02,3.829088760539889336e-03,1.190713606774806976e-02
9.447929859161376953e-01,6.255321670323610306e-03,1.327183470129966736e-02,2.137567475438117981e-02,3.537652315571904182e-03,1.076643820852041245e-02
9.401153326034545898e-01,7.062160409986972809e-03,1.375411264598369598e-02,2.814354933798313141e-02,2.574405400082468987e-03,8.350528776645660400e-03
9.352014064788818359e-01,9.553687646985054016e-03,2.130704931914806366e-02,2.280722558498382568e-02,3.852793946862220764e-03,7.277835626155138016e-03
9.380756020545959473e-01,7.456688210368156433e-03,1.835989765822887421e-02,2.715688198804855347e-02,2.524480689316987991e-03,6.426366046071052551e-03
9.381086826324462891e-01,5.208780989050865173e-03,1.567229256033897400e-02,3.476650640368461609e-02,1.399860833771526814e-03,4.843908362090587616e-03
9.507705569267272949e-01,4.567708354443311691e-03,1.430514734238386154e-02,2.344970777630805969e-02,1.760240294970571995e-03,5.146472249180078506e-03
9.478826522827148438e-01,4.854491446167230606e-03,1.320992875844240189e-02,2.680649235844612122e-02,1.613745582289993763e-03,5.632737651467323303e-03
9.488421082496643066e-01,5.648002959787845612e-03,1.359889283776283264e-02,2.391201816499233246e-02,1.912104664370417595e-03,6.086936220526695251e-03
9.358027577400207520e-01,5.258622113615274429e-03,2.254078350961208344e-02,2.883571572601795197e-02,2.171881962567567825e-03,5.390136037021875381e-03
9.227349162101745605e-01,5.393044557422399521e-03,2.803791128098964691e-02,3.578107804059982300e-02,2.552661811932921410e-03,5.500524770468473434e-03
9.184216260910034180e-01,5.048104096204042435e-03,2.336190082132816315e-02,4.523288086056709290e-02,2.159730065613985062e-03,5.775695666670799255e-03
9.210728406906127930e-01,5.849007982760667801e-03,2.232989482581615448e-02,4.305405542254447937e-02,2.099078614264726639e-03,5.595194641500711441e-03
9.430629611015319824e-01,7.075991015881299973e-03,1.756673119962215424e-02,2.301685884594917297e-02,2.823986113071441650e-03,6.453561596572399139e-03
9.301577210426330566e-01,6.109871901571750641e-03,1.826861873269081116e-02,3.831267729401588440e-02,1.784976338967680931e-03,5.366078577935695648e-03
9.517369866371154785e-01,6.385833956301212311e-03,1.244362816214561462e-02,2.156752906739711761e-02,1.954015577211976051e-03,5.911906715482473373e-03
9.479045271873474121e-01,4.971941001713275909e-03,1.438477821648120880e-02,2.574463374912738800e-02,1.754286582581698895e-03,5.239742808043956757e-03
9.344115853309631348e-01,5.298630334436893463e-03,1.122009381651878357e-02,4.232041165232658386e-02,1.244286075234413147e-03,5.504984874278306961e-03
9.407488703727722168e-01,6.499653216451406479e-03,1.359097380191087723e-02,3.091320395469665527e-02,1.979096559807658195e-03,6.268163677304983139e-03
9.368680715560913086e-01,6.244205404072999954e-03,1.312239281833171844e-02,3.565276041626930237e-02,1.767672714777290821e-03,6.344893481582403183e-03
9.500990509986877441e-01,6.682142615318298340e-03,1.342653669416904449e-02,2.051691338419914246e-02,2.561772242188453674e-03,6.713649258017539978e-03
9.572987556457519531e-01,4.941980820149183273e-03,1.363305188715457916e-02,1.462975610047578812e-02,3.047650912776589394e-03,6.448727566748857498e-03
9.413180947303771973e-01,7.349535822868347168e-03,1.944260485470294952e-02,2.049244195222854614e-02,4.044587258249521255e-03,7.352539803832769394e-03
9.254569411277770996e-01,5.412795580923557281e-03,1.702071912586688995e-02,4.315395280718803406e-02,2.170794643461704254e-03,6.784710101783275604e-03
9.407887458801269531e-01,6.297898478806018829e-03,1.855172961950302124e-02,2.435121312737464905e-02,3.122503170743584633e-03,6.887842435389757156e-03
9.112997651100158691e-01,5.276592914015054703e-03,1.564556546509265900e-02,5.913527682423591614e-02,1.594516448676586151e-03,7.048260420560836792e-03
9.349963665008544922e-01,4.576530307531356812e-03,1.192230544984340668e-02,3.959302231669425964e-02,1.610410981811583042e-03,7.301305886358022690e-03
9.338371753692626953e-01,3.635880071669816971e-03,8.834687061607837677e-03,4.673508927226066589e-02,9.737243526615202427e-04,5.983354989439249039e-03
9.278852939605712891e-01,3.953221254050731659e-03,1.009376812726259232e-02,5.042002722620964050e-02,1.131902565248310566e-03,6.515817716717720032e-03
9.443033933639526367e-01,3.135775448754429817e-03,6.742542609572410583e-03,3.978085517883300781e-02,7.781213498674333096e-04,5.259208846837282181e-03
9.370580315589904785e-01,3.778200596570968628e-03,8.331834338605403900e-03,4.378448054194450378e-02,9.966263314709067345e-04,6.050752941519021988e-03
9.374549984931945801e-01,3.321698401123285294e-03,9.852116927504539490e-03,4.241737723350524902e-02,1.114387065172195435e-03,5.839577410370111465e-03
9.454640746116638184e-01,4.525220487266778946e-03,1.026851497590541840e-02,3.086488880217075348e-02,1.717530889436602592e-03,7.159778382629156113e-03
9.438953995704650879e-01,5.152110010385513306e-03,1.154164317995309830e-02,3.131195157766342163e-02,1.652095350436866283e-03,6.446753162890672684e-03
9.493839144706726074e-01,4.762050230056047440e-03,1.223189290612936020e-02,2.647228911519050598e-02,1.571246539242565632e-03,5.578649230301380157e-03
9.512779712677001953e-01,4.432208370417356491e-03,9.660879150032997131e-03,2.753268927335739136e-02,1.357313361950218678e-03,5.739002954214811325e-03
9.443249702453613281e-01,4.075417760759592056e-03,8.599959313869476318e-03,3.578545898199081421e-02,1.082089031115174294e-03,6.131983827799558640e-03
9.504470825195312500e-01,2.233667764812707901e-03,8.358933962881565094e-03,3.281081095337867737e-02,9.407608886249363422e-04,5.208742804825305939e-03
9.351177215576171875e-01,2.855777274817228317e-03,7.724464870989322662e-03,4.852314293384552002e-02,7.357855211012065411e-04,5.043270532041788101e-03
9.458515644073486328e-01,3.437508596107363701e-03,9.553923271596431732e-03,3.499756008386611938e-02,1.079713343642652035e-03,5.079714581370353699e-03
9.344644546508789062e-01,6.604953203350305557e-03,1.522766333073377609e-02,3.565619885921478271e-02,1.909085432998836040e-03,6.137608550488948822e-03
9.401793479919433594e-01,6.785284262150526047e-03,1.732030510902404785e-02,2.778463065624237061e-02,2.302091103047132492e-03,5.628372542560100555e-03
9.368461966514587402e-01,1.079760398715734482e-02,1.647826656699180603e-02,2.603884041309356689e-02,2.855334430932998657e-03,6.983757950365543365e-03
9.462097287178039551e-01,9.565062820911407471e-03,1.290935836732387543e-02,2.152721770107746124e-02,2.387841697782278061e-03,7.400820031762123108e-03
9.469788074493408203e-01,1.224941760301589966e-02,1.150467339903116226e-02,1.698820106685161591e-02,2.745733829215168953e-03,9.533234871923923492e-03
9.335347414016723633e-01,1.310546603053808212e-02,6.879672873765230179e-03,3.569045662879943848e-02,1.247421023435890675e-03,9.542210958898067474e-03
9.428599476814270020e-01,1.112157199531793594e-02,6.595534272491931915e-03,2.911164052784442902e-02,1.166062778793275356e-03,9.145315736532211304e-03
9.407041668891906738e-01,7.600260898470878601e-03,6.831534672528505325e-03,3.449222818017005920e-02,1.244195504114031792e-03,9.127643890678882599e-03
9.428689479827880859e-01,5.024075042456388474e-03,8.176789619028568268e-03,3.484447300434112549e-02,1.528850989416241646e-03,7.556821685284376144e-03
9.395495057106018066e-01,5.308773368597030640e-03,1.390216313302516937e-02,3.173392266035079956e-02,2.391608431935310364e-03,7.114151027053594589e-03
9.375210404396057129e-01,4.645577631890773773e-03,1.090833079069852829e-02,3.646518290042877197e-02,2.207121578976511955e-03,8.252725936472415924e-03
9.408488273620605469e-01,6.713460199534893036e-03,1.757342182099819183e-02,2.258385904133319855e-02,4.170114640146493912e-03,8.110282942652702332e-03
9.446130394935607910e-01,5.831514485180377960e-03,1.379622519016265869e-02,2.573572471737861633e-02,2.742456505075097084e-03,7.281069178134202957e-03
9.407098293304443359e-01,3.996613435447216034e-03,1.691414974629878998e-02,2.876087091863155365e-02,2.631025621667504311e-03,6.987362168729305267e-03
9.307880401611328125e-01,5.648317746818065643e-03,2.734413743019104004e-02,2.294979058206081390e-02,5.131681449711322784e-03,8.137910626828670502e-03
9.304413795471191406e-01,4.993743728846311569e-03,2.176154032349586487e-02,3.250656276941299438e-02,2.982600126415491104e-03,7.314367219805717468e-03
9.249889254570007324e-01,5.306736566126346588e-03,1.894225738942623138e-02,4.148967564105987549e-02,2.346530556678771973e-03,6.925858091562986374e-03
9.246070981025695801e-01,5.003884434700012207e-03,9.779757820069789886e-03,5.302425473928451538e-02,1.184931723400950432e-03,6.400151178240776062e-03
9.312855601310729980e-01,4.135306458920240402e-03,5.981015972793102264e-03,5.283455550670623779e-02,5.916904192417860031e-04,5.171933677047491074e-03
9.222794771194458008e-01,3.167079528793692589e-03,5.529469344764947891e-03,6.394352763891220093e-02,4.747358616441488266e-04,4.605778027325868607e-03
9.347489476203918457e-01,2.903769724071025848e-03,7.973051629960536957e-03,4.811454936861991882e-02,9.788332972675561905e-04,5.280812270939350128e-03
9.386987090110778809e-01,4.337595775723457336e-03,1.855156943202018738e-02,2.694473601877689362e-02,3.882908029481768608e-03,7.584340404719114304e-03
9.462281465530395508e-01,5.082129966467618942e-03,1.535831391811370850e-02,2.046475000679492950e-02,4.600517451763153076e-03,8.266184478998184204e-03
9.476373195648193359e-01,7.157727144658565521e-03,1.605953462421894073e-02,1.547107473015785217e-02,5.287217441946268082e-03,8.387181907892227173e-03
9.280481934547424316e-01,1.925861835479736328e-02,2.275753393769264221e-02,1.564834639430046082e-02,6.498244125396013260e-03,7.789167109876871109e-03
9.403166174888610840e-01,1.533124223351478577e-02,1.756135746836662292e-02,1.645263284444808960e-02,3.459297353401780128e-03,6.878706160932779312e-03
9.341729879379272461e-01,1.620687730610370636e-02,1.913371123373508453e-02,2.120058052241802216e-02,2.973611000925302505e-03,6.312382407486438751e-03
9.397092461585998535e-01,1.601516455411911011e-02,1.825259067118167877e-02,1.529983058571815491e-02,3.751958254724740982e-03,6.971291732043027878e-03
9.559885263442993164e-01,5.707463715225458145e-03,1.463639084249734879e-02,1.419491320848464966e-02,3.220462007448077202e-03,6.252239923924207687e-03
9.553799033164978027e-01,6.924227811396121979e-03,1.453605759888887405e-02,1.345502585172653198e-02,3.437668783590197563e-03,6.267282180488109589e-03
9.453004002571105957e-01,6.364478264003992081e-03,1.664772070944309235e-02,2.353966794908046722e-02,2.368964254856109619e-03,5.778907332569360733e-03
9.428487420082092285e-01,8.101177401840686798e-03,1.950890198349952698e-02,1.905666105449199677e-02,3.894238965585827827e-03,6.590347737073898315e-03
9.474530220031738281e-01,7.120967842638492584e-03,1.525087561458349228e-02,2.172620221972465515e-02,2.318043494597077370e-03,6.130756810307502747e-03
9.384622573852539062e-01,5.924346856772899628e-03,1.322621107101440430e-02,3.501676395535469055e-02,1.493160147219896317e-03,5.877228453755378723e-03
9.401493668556213379e-01,5.068494938313961029e-03,1.141295954585075378e-02,3.587925806641578674e-02,1.441454980522394180e-03,6.048390641808509827e-03
9.487892389297485352e-01,5.018517840653657913e-03,9.488136507570743561e-03,2.969195134937763214e-02,1.226580818183720112e-03,5.785540211945772171e-03
9.353846311569213867e-01,3.903822973370552063e-03,9.573606774210929871e-03,4.350405931472778320e-02,1.167783630080521107e-03,6.466095801442861557e-03
9.524600505828857422e-01,4.336985759437084198e-03,8.408035151660442352e-03,2.721395343542098999e-02,1.355924643576145172e-03,6.225056480616331100e-03
9.518615007400512695e-01,4.135937895625829697e-03,9.568171575665473938e-03,2.703339606523513794e-02,1.441376865841448307e-03,5.959554109722375870e-03
9.579052329063415527e-01,3.159806132316589355e-03,7.611121051013469696e-03,2.456412836909294128e-02,1.150562660768628120e-03,5.609151441603899002e-03
9.482927322387695312e-01,3.260208759456872940e-03,9.846357628703117371e-03,3.173810616135597229e-02,1.217700890265405178e-03,5.644767545163631439e-03
9.524567723274230957e-01,3.701861016452312469e-03,1.162780635058879852e-02,2.459235675632953644e-02,1.728021656163036823e-03,5.893174558877944946e-03
9.560247063636779785e-01,4.578507971018552780e-03,1.164147816598415375e-02,1.857042871415615082e-02,2.349768998101353645e-03,6.835026200860738754e-03
9.565201401710510254e-01,3.120601875707507133e-03,1.095319446176290512e-02,1.967949047684669495e-02,2.278017811477184296e-03,7.448572199791669846e-03
9.493293166160583496e-01,3.530980786308646202e-03,1.087986864149570465e-02,2.579657919704914093e-02,2.146580023691058159e-03,8.316616527736186981e-03
9.495565891265869141e-01,2.918484387919306755e-03,9.149688296020030975e-03,2.932119555771350861e-02,1.544892904348671436e-03,7.509063929319381714e-03
9.511464834213256836e-01,3.856636816635727882e-03,1.091197971254587173e-02,2.490328252315521240e-02,1.934767351485788822e-03,7.246837951242923737e-03
9.523673653602600098e-01,4.422761034220457077e-03,1.330712344497442245e-02,1.923352852463722229e-02,3.169239731505513191e-03,7.500106003135442734e-03
9.527310132980346680e-01,7.612363900989294052e-03,1.591215282678604126e-02,1.245526503771543503e-02,4.103919491171836853e-03,7.185345049947500229e-03
9.589110016822814941e-01,6.105293519794940948e-03,1.321188639849424362e-02,1.248139142990112305e-02,2.963417209684848785e-03,6.327104754745960236e-03
9.582337141036987305e-01,5.500104743987321854e-03,1.410198304802179337e-02,1.318547409027814865e-02,2.968547167256474495e-03,6.010178942233324051e-03
9.562039375305175781e-01,4.272036254405975342e-03,1.316005457192659378e-02,1.805653050541877747e-02,2.406555926427245140e-03,5.900888703763484955e-03
9.491369128227233887e-01,5.826876498758792877e-03,1.354062184691429138e-02,2.335810661315917969e-02,2.087921835482120514e-03,6.049532908946275711e-03
9.470024108886718750e-01,8.287746459245681763e-03,1.393224485218524933e-02,2.139276452362537384e-02,2.546563744544982910e-03,6.838242523372173309e-03
9.317905902862548828e-01,1.498885359615087509e-02,1.638781093060970306e-02,2.627420797944068909e-02,2.903689863160252571e-03,7.654805202037096024e-03
9.484250545501708984e-01,8.141310885548591614e-03,1.247730199247598648e-02,2.185813710093498230e-02,2.283841371536254883e-03,6.814380176365375519e-03
9.469568729400634766e-01,7.450075820088386536e-03,1.264153048396110535e-02,2.155061811208724976e-02,3.170518204569816589e-03,8.230379782617092133e-03
9.509685635566711426e-01,4.733532667160034180e-03,9.771108627319335938e-03,2.609751001000404358e-02,1.780753955245018005e-03,6.648533511906862259e-03
9.456615447998046875e-01,3.988408483564853668e-03,8.629499934613704681e-03,3.376574069261550903e-02,1.370783895254135132e-03,6.583962589502334595e-03
9.544755816459655762e-01,4.889827687293291092e-03,1.026376150548458099e-02,2.244320698082447052e-02,1.793142175301909447e-03,6.134628318250179291e-03
9.456019401550292969e-01,5.328931845724582672e-03,1.223257463425397873e-02,2.943326905369758606e-02,1.633721869438886642e-03,5.769614130258560181e-03
9.433389902114868164e-01,5.370315164327621460e-03,1.285517681390047073e-02,3.007886745035648346e-02,1.972953090444207191e-03,6.383881438523530960e-03
9.465937614440917969e-01,4.434234928339719772e-03,1.170128583908081055e-02,2.798286452889442444e-02,2.019119448959827423e-03,7.268743589520454407e-03
9.453291296958923340e-01,5.282658152282238007e-03,1.197481155395507812e-02,2.502367459237575531e-02,2.908536698669195175e-03,9.481062181293964386e-03
9.329115152359008789e-01,4.332815762609243393e-03,1.295001897960901260e-02,3.754327818751335144e-02,2.606811001896858215e-03,9.655545465648174286e-03
9.447178244590759277e-01,4.140688572078943253e-03,1.093738898634910583e-02,2.917415276169776917e-02,2.153622452169656754e-03,8.876444771885871887e-03
9.147148132324218750e-01,3.350950544700026512e-03,1.810138113796710968e-02,5.547009781002998352e-02,1.759221777319908142e-03,6.603546906262636185e-03
9.287769794464111328e-01,3.148324089124798775e-03,1.436461508274078369e-02,4.634966328740119934e-02,1.392181846313178539e-03,5.968170706182718277e-03
9.234682917594909668e-01,4.176992923021316528e-03,1.623417250812053680e-02,4.721517488360404968e-02,1.933320192620158195e-03,6.971924100071191788e-03
9.360234141349792480e-01,4.547822289168834686e-03,1.667709834873676300e-02,3.351663053035736084e-02,2.430678112432360649e-03,6.804278120398521423e-03
9.477642178535461426e-01,4.535135347396135330e-03,1.221427973359823227e-02,2.750628627836704254e-02,1.838842639699578285e-03,6.141277495771646500e-03
9.421176314353942871e-01,6.114894524216651917e-03,1.680631749331951141e-02,2.710947394371032715e-02,2.194525441154837608e-03,5.657081957906484604e-03
9.521288275718688965e-01,5.414238199591636658e-03,1.303980499505996704e-02,2.145883440971374512e-02,2.027738606557250023e-03,5.930610001087188721e-03
9.521644711494445801e-01,6.214970257133245468e-03,1.557767670601606369e-02,1.692350022494792938e-02,2.926227636635303497e-03,6.193111184984445572e-03
9.554301500320434570e-01,5.942496471107006073e-03,1.539242919534444809e-02,1.459376607090234756e-02,2.802144503220915794e-03,5.839020945131778717e-03
9.502613544464111328e-01,6.465348415076732635e-03,1.587179303169250488e-02,1.866114325821399689e-02,2.638400299474596977e-03,6.101906765252351761e-03
9.467411041259765625e-01,5.596297793090343475e-03,1.379460841417312622e-02,2.558851987123489380e-02,2.086081542074680328e-03,6.193476729094982147e-03
9.377683401107788086e-01,4.538735840469598770e-03,1.171462237834930420e-02,3.903381153941154480e-02,1.287182443775236607e-03,5.657238420099020004e-03
9.308589696884155273e-01,4.539431072771549225e-03,1.151188462972640991e-02,4.481887072324752808e-02,1.611274667084217072e-03,6.659531034529209137e-03
9.536523222923278809e-01,4.944553598761558533e-03,1.223815046250820160e-02,2.073485963046550751e-02,2.263622824102640152e-03,6.166596896946430206e-03
9.523710608482360840e-01,9.998696856200695038e-03,1.442004833370447159e-02,1.435673609375953674e-02,2.792016835883259773e-03,6.061448715627193451e-03
9.396575093269348145e-01,1.609534211456775665e-02,1.710677146911621094e-02,1.811880990862846375e-02,2.805359195917844772e-03,6.216320674866437912e-03
9.359537363052368164e-01,1.849717088043689728e-02,1.994649320840835571e-02,1.596829295158386230e-02,3.254604758694767952e-03,6.379670463502407074e-03
9.416492581367492676e-01,1.605958119034767151e-02,1.782050170004367828e-02,1.528378296643495560e-02,2.990048844367265701e-03,6.196683272719383240e-03
9.432390928268432617e-01,9.818373247981071472e-03,2.205803617835044861e-02,1.555586885660886765e-02,3.439270425587892532e-03,5.889293272048234940e-03
9.504305124282836914e-01,5.699543282389640808e-03,1.881388016045093536e-02,1.684686169028282166e-02,2.897720551118254662e-03,5.311469081789255142e-03
9.512442350387573242e-01,5.858838558197021484e-03,1.817909069359302521e-02,1.485056709498167038e-02,3.783805994316935539e-03,6.083429791033267975e-03
9.398448467254638672e-01,6.703773513436317444e-03,1.638021506369113922e-02,2.744907140731811523e-02,2.821819623932242393e-03,6.800260394811630249e-03
9.394472241401672363e-01,9.988457895815372467e-03,1.586609520018100739e-02,2.415824308991432190e-02,3.064674325287342072e-03,7.475364487618207932e-03
9.437277317047119141e-01,1.028337702155113220e-02,1.636866107583045959e-02,1.887962594628334045e-02,3.544389735907316208e-03,7.196268532425165176e-03
9.495889544486999512e-01,6.227466743439435959e-03,1.398784201592206955e-02,2.135719545185565948e-02,2.437585731968283653e-03,6.400995887815952301e-03
9.467180371284484863e-01,6.792129483073949814e-03,1.364905759692192078e-02,2.087686210870742798e-02,3.461050335317850113e-03,8.502964861690998077e-03
9.595041275024414062e-01,4.307722672820091248e-03,1.118523254990577698e-02,1.363788079470396042e-02,3.303760429844260216e-03,8.061177097260951996e-03
9.536252021789550781e-01,2.993914298713207245e-03,7.833712734282016754e-03,2.571155130863189697e-02,1.764542306773364544e-03,8.071028627455234528e-03
9.548954963684082031e-01,3.148730844259262085e-03,7.009214255958795547e-03,2.536547370254993439e-02,1.594558241777122021e-03,7.986515760421752930e-03
9.583314657211303711e-01,3.701679874211549759e-03,6.646725814789533615e-03,2.368046157062053680e-02,1.128862495534121990e-03,6.510838866233825684e-03
9.555338621139526367e-01,2.883859677240252495e-03,6.687532644718885422e-03,2.802426740527153015e-02,9.823635919019579887e-04,5.888195242732763290e-03
9.463716745376586914e-01,3.556801937520503998e-03,7.784473244100809097e-03,3.487395122647285461e-02,1.088481978513300419e-03,6.324692629277706146e-03
9.516558051109313965e-01,3.884579055011272430e-03,9.669376537203788757e-03,2.754391357302665710e-02,1.401696470566093922e-03,5.844539031386375427e-03
9.499132633209228516e-01,5.524899344891309738e-03,1.448365300893783569e-02,2.052224427461624146e-02,2.747782971709966660e-03,6.808264646679162979e-03
9.491539001464843750e-01,6.783332210034132004e-03,1.452163048088550568e-02,2.073810994625091553e-02,2.496514702215790749e-03,6.306488998234272003e-03
9.466001987457275391e-01,8.924310095608234406e-03,1.862136647105216980e-02,1.452689431607723236e-02,4.355891142040491104e-03,6.971399765461683273e-03
9.532337784767150879e-01,6.104274652898311615e-03,1.275832857936620712e-02,1.838893070816993713e-02,2.668553730472922325e-03,6.845979019999504089e-03
9.344983100891113281e-01,1.194475125521421432e-02,1.983822695910930634e-02,2.222160622477531433e-02,4.059730097651481628e-03,7.437325548380613327e-03
9.384887814521789551e-01,1.018228475004434586e-02,1.739574223756790161e-02,2.516025863587856293e-02,2.489387290552258492e-03,6.283526308834552765e-03
9.447856545448303223e-01,1.066093798726797104e-02,1.671409420669078827e-02,1.822321861982345581e-02,3.037201007828116417e-03,6.578940432518720627e-03
9.452305436134338379e-01,9.325571358203887939e-03,1.651399396359920502e-02,2.101814746856689453e-02,2.266207011416554451e-03,5.645623430609703064e-03
9.437297582626342773e-01,1.045086421072483063e-02,1.641468517482280731e-02,2.144091203808784485e-02,2.120535355061292648e-03,5.843155086040496826e-03
9.488702416419982910e-01,5.839745979756116867e-03,1.393018756061792374e-02,2.466465346515178680e-02,1.674086553975939751e-03,5.021071527153253555e-03
9.240759611129760742e-01,5.812371149659156799e-03,1.280900929123163223e-02,5.086494237184524536e-02,1.171514973975718021e-03,5.266155116260051727e-03
9.201527833938598633e-01,6.487408187240362167e-03,1.065663248300552368e-02,5.589482933282852173e-02,1.051515573635697365e-03,5.756834056228399277e-03
9.159215688705444336e-01,1.056015864014625549e-02,1.428572740405797958e-02,5.215768143534660339e-02,1.295851194299757481e-03,5.778978113085031509e-03
9.215965867042541504e-01,1.011016685515642166e-02,1.129610650241374969e-02,4.949186369776725769e-02,1.171265146695077419e-03,6.333982571959495544e-03
9.429912567138671875e-01,7.784991990774869919e-03,1.286890171468257904e-02,2.786272764205932617e-02,2.070447895675897598e-03,6.421723868697881699e-03
9.573326110839843750e-01,6.816051900386810303e-03,1.267090532928705215e-02,1.405792031437158585e-02,2.741067204624414444e-03,6.381324958056211472e-03
9.477950334548950195e-01,7.050914224237203598e-03,1.543108187615871429e-02,1.974425651133060455e-02,3.004807280376553535e-03,6.973784882575273514e-03
9.476653933525085449e-01,5.008781328797340393e-03,1.542412396520376205e-02,2.254424057900905609e-02,2.686332212761044502e-03,6.671188399195671082e-03
9.455415010452270508e-01,3.123998176306486130e-03,9.580754674971103668e-03,3.492509946227073669e-02,1.171919051557779312e-03,5.656689871102571487e-03
9.342804551124572754e-01,2.928795758634805679e-03,1.145583949983119965e-02,4.467753693461418152e-02,1.175830373540520668e-03,5.481686908751726151e-03
9.183308482170104980e-01,2.945257117971777916e-03,9.621096774935722351e-03,6.266698986291885376e-02,8.562261937186121941e-04,5.579655058681964874e-03
9.394840598106384277e-01,3.627118421718478203e-03,1.046440750360488892e-02,3.933449462056159973e-02,1.286872080527245998e-03,5.803106818348169327e-03
9.434392452239990234e-01,3.753867698833346367e-03,8.978819474577903748e-03,3.732799738645553589e-02,1.081362250261008739e-03,5.418607033789157867e-03
9.403141140937805176e-01,4.682081751525402069e-03,8.580276742577552795e-03,3.980223834514617920e-02,1.056682667694985867e-03,5.564581602811813354e-03
9.371877312660217285e-01,7.213908247649669647e-03,1.199400518089532852e-02,3.536117449402809143e-02,1.698084757663309574e-03,6.545245647430419922e-03
9.322195053100585938e-01,6.688398309051990509e-03,1.941715553402900696e-02,3.351804614067077637e-02,2.517017768695950508e-03,5.639900919049978256e-03
9.527258276939392090e-01,5.437073763459920883e-03,1.294597145169973373e-02,2.038073539733886719e-02,2.536105457693338394e-03,5.974296480417251587e-03
9.405953884124755859e-01,4.982002079486846924e-03,1.846949197351932526e-02,2.722560800611972809e-02,2.800285816192626953e-03,5.927176680415868759e-03
9.455183148384094238e-01,3.902342868968844414e-03,1.089428178966045380e-02,3.159113228321075439e-02,1.835620147176086903e-03,6.258327048271894455e-03
9.248113632202148438e-01,3.845955245196819305e-03,1.154764648526906967e-02,5.283457785844802856e-02,1.184753258712589741e-03,5.775813944637775421e-03
9.169623255729675293e-01,4.824023693799972534e-03,1.131763961166143417e-02,6.012517586350440979e-02,1.071608625352382660e-03,5.699241533875465393e-03
9.275864958763122559e-01,4.500164184719324112e-03,1.078515127301216125e-02,5.106336250901222229e-02,9.614665759727358818e-04,5.103406962007284164e-03
9.257020354270935059e-01,7.864584214985370636e-03,1.944944448769092560e-02,3.830623999238014221e-02,2.292519900947809219e-03,6.385056301951408386e-03
9.418471455574035645e-01,6.812061648815870285e-03,2.030448243021965027e-02,2.340857125818729401e-02,2.396064810454845428e-03,5.231490824371576309e-03
9.449971318244934082e-01,7.115675602108240128e-03,1.999077945947647095e-02,1.855867728590965271e-02,3.293777583166956902e-03,6.044008303433656693e-03
9.329941272735595703e-01,8.834931068122386932e-03,3.360541537404060364e-02,1.480611413717269897e-02,4.712873138487339020e-03,5.046568810939788818e-03
9.383310079574584961e-01,7.103038020431995392e-03,2.517417818307876587e-02,2.023581601679325104e-02,3.629705635830760002e-03,5.526235792785882950e-03
9.183246493339538574e-01,6.943767424672842026e-03,2.888997830450534821e-02,3.787932172417640686e-02,2.586836926639080048e-03,5.375399719923734665e-03
9.153636693954467773e-01,5.142204929143190384e-03,2.164159528911113739e-02,5.015853047370910645e-02,1.918474095873534679e-03,5.775441415607929230e-03
8.705487847328186035e-01,5.779764149338006973e-03,2.353231981396675110e-02,9.408411383628845215e-02,1.159209408797323704e-03,4.895776510238647461e-03
8.612012267112731934e-01,5.891702603548765182e-03,1.801337487995624542e-02,1.081693619489669800e-01,1.109400880523025990e-03,5.614944268018007278e-03
8.838180899620056152e-01,8.284889161586761475e-03,2.087117359042167664e-02,8.048940449953079224e-02,1.339418930001556873e-03,5.197029095143079758e-03
9.056965112686157227e-01,1.160296238958835602e-02,2.811840176582336426e-02,4.565766081213951111e-02,2.789723919704556465e-03,6.134669296443462372e-03
9.314796924591064453e-01,9.173462167382240295e-03,1.777702756226062775e-02,3.466349095106124878e-02,1.762439846061170101e-03,5.144030321389436722e-03
9.412600994110107422e-01,9.003760293126106262e-03,1.468225102871656418e-02,2.753172256052494049e-02,1.854103174991905689e-03,5.667974706739187241e-03
9.110839962959289551e-01,5.423603579401969910e-03,8.607041090726852417e-03,6.872305274009704590e-02,7.319466676563024521e-04,5.430401302874088287e-03
8.923105597496032715e-01,6.559993606060743332e-03,9.110719896852970123e-03,8.534241467714309692e-02,7.506319088861346245e-04,5.925686098635196686e-03
9.228340983390808105e-01,4.822800867259502411e-03,8.249738253653049469e-03,5.744940787553787231e-02,8.116072858683764935e-04,5.832240451127290726e-03
9.307211041450500488e-01,5.734284874051809311e-03,1.230228412896394730e-02,4.326660931110382080e-02,1.519263256341218948e-03,6.456413306295871735e-03
9.384816884994506836e-01,7.266257423907518387e-03,1.552474591881036758e-02,2.800571732223033905e-02,2.850192133337259293e-03,7.871434092521667480e-03
9.496335387229919434e-01,6.503441371023654938e-03,1.316730957478284836e-02,2.240584231913089752e-02,2.126423874869942665e-03,6.163497921079397202e-03
9.546514153480529785e-01,4.882542882114648819e-03,1.295555848628282547e-02,1.963981054723262787e-02,2.005840418860316277e-03,5.864767823368310928e-03
9.506780505180358887e-01,5.886835511773824692e-03,1.251903641968965530e-02,2.346260286867618561e-02,1.755452482029795647e-03,5.697978660464286804e-03
9.456678628921508789e-01,4.182930104434490204e-03,9.481358341872692108e-03,3.453082963824272156e-02,1.048840698786079884e-03,5.088230129331350327e-03
9.415555000305175781e-01,4.907153081148862839e-03,1.322988886386156082e-02,3.320809826254844666e-02,1.595266978256404400e-03,5.504103843122720718e-03
9.434995055198669434e-01,4.229279700666666031e-03,1.287931296974420547e-02,3.269273415207862854e-02,1.482175081036984921e-03,5.217119585722684860e-03
9.546362161636352539e-01,4.847230855375528336e-03,1.100663095712661743e-02,2.291445806622505188e-02,1.491227187216281891e-03,5.104141775518655777e-03
9.465980529785156250e-01,5.338001064956188202e-03,1.427783537656068802e-02,2.643564529716968536e-02,1.824436010792851448e-03,5.525982007384300232e-03
9.446063637733459473e-01,6.996686570346355438e-03,1.515600550919771194e-02,2.583538740873336792e-02,1.881387783214449883e-03,5.524251144379377365e-03
9.246424436569213867e-01,6.782880518585443497e-03,1.709750667214393616e-02,4.463610798120498657e-02,1.431950135156512260e-03,5.409163888543844223e-03
9.377130270004272461e-01,6.157356780022382736e-03,1.364473626017570496e-02,3.418650105595588684e-02,1.719821011647582054e-03,6.578610278666019440e-03
9.368051886558532715e-01,5.500204861164093018e-03,1.304462924599647522e-02,3.548134863376617432e-02,1.887138467282056808e-03,7.281457073986530304e-03
9.437935352325439453e-01,3.682265989482402802e-03,9.697658941149711609e-03,3.479965031147003174e-02,1.439758343622088432e-03,6.586955860257148743e-03
9.551994204521179199e-01,5.533267743885517120e-03,1.206291560083627701e-02,1.853339560329914093e-02,2.284512389451265335e-03,6.386587861925363541e-03
9.502788186073303223e-01,4.901576321572065353e-03,1.200677920132875443e-02,2.429076097905635834e-02,2.081539481878280640e-03,6.440589204430580139e-03
9.418957233428955078e-01,8.600112050771713257e-03,2.031217701733112335e-02,1.879802718758583069e-02,3.736115759238600731e-03,6.657958496361970901e-03
9.514432549476623535e-01,5.759754218161106110e-03,1.613398455083370209e-02,1.824024133384227753e-02,2.702499506995081902e-03,5.720212589949369431e-03
9.492257833480834961e-01,6.147443316876888275e-03,1.912821270525455475e-02,1.580346375703811646e-02,3.592496272176504135e-03,6.102597340941429138e-03
9.445315003395080566e-01,1.016223058104515076e-02,2.208075299859046936e-02,1.195402164012193680e-02,4.579983185976743698e-03,6.691528018563985825e-03
9.517618417739868164e-01,8.864472620189189911e-03,1.812962070107460022e-02,9.294195100665092468e-03,4.966942593455314636e-03,6.983001716434955597e-03
9.431443810462951660e-01,1.039566379040479660e-02,2.372428402304649353e-02,9.431285783648490906e-03,6.360128521919250488e-03,6.944259628653526306e-03
9.487235546112060547e-01,1.144487597048282623e-02,1.888651400804519653e-02,8.262564428150653839e-03,5.875723902136087418e-03,6.806709337979555130e-03
9.265502691268920898e-01,2.167647145688533783e-02,2.889358997344970703e-02,9.832581505179405212e-03,6.477307528257369995e-03,6.569773890078067780e-03
9.396513700485229492e-01,1.566812209784984589e-02,2.434840984642505646e-02,9.251578710973262787e-03,5.142387002706527710e-03,5.938099231570959091e-03
9.307717084884643555e-01,1.679119281470775604e-02,2.608918026089668274e-02,1.606451161205768585e-02,4.237319342792034149e-03,6.046065595000982285e-03
9.325590133666992188e-01,1.394094061106443405e-02,3.130434453487396240e-02,1.153109408915042877e-02,5.190457683056592941e-03,5.474063102155923843e-03
9.234361052513122559e-01,5.351244006305932999e-03,2.902992814779281616e-02,3.496534749865531921e-02,2.413762966170907021e-03,4.803633317351341248e-03
9.406569004058837891e-01,5.599856842309236526e-03,2.554398402571678162e-02,2.034280635416507721e-02,3.007405903190374374e-03,4.848927725106477737e-03
9.372398853302001953e-01,3.363517578691244125e-03,1.791941747069358826e-02,3.520065173506736755e-02,1.477189711295068264e-03,4.799232818186283112e-03
9.418960213661193848e-01,3.814207389950752258e-03,1.440701633691787720e-02,3.241300210356712341e-02,1.833651214838027954e-03,5.636052694171667099e-03
9.362614750862121582e-01,2.945810323581099510e-03,8.036533370614051819e-03,4.725137352943420410e-02,7.107267156243324280e-04,4.793980158865451813e-03
9.393932819366455078e-01,3.174526151269674301e-03,1.252865977585315704e-02,3.933567553758621216e-02,1.074705389328300953e-03,4.493196029216051102e-03
9.348781108856201172e-01,3.733231918886303902e-03,9.039657190442085266e-03,4.694444313645362854e-02,8.063507266342639923e-04,4.598238039761781693e-03
9.485389590263366699e-01,4.407579079270362854e-03,1.329832337796688080e-02,2.769234776496887207e-02,1.403559115715324879e-03,4.659208469092845917e-03
9.463725090026855469e-01,5.194523371756076813e-03,1.211272366344928741e-02,3.009413368999958038e-02,1.349254162050783634e-03,4.876832477748394012e-03
9.465897083282470703e-01,4.307212773710489273e-03,1.026526093482971191e-02,3.318662568926811218e-02,1.057362998835742474e-03,4.593965597450733185e-03
9.466032981872558594e-01,3.886610502377152443e-03,9.695241227746009827e-03,3.334820270538330078e-02,1.245509367436170578e-03,5.221237428486347198e-03
9.291166663169860840e-01,4.419109318405389786e-03,1.001353841274976730e-02,5.024833604693412781e-02,1.039799884893000126e-03,5.162610206753015518e-03
9.368002414703369141e-01,4.715810529887676239e-03,1.011019386351108551e-02,4.194120317697525024e-02,1.177255646325647831e-03,5.255253519862890244e-03
9.479935169219970703e-01,4.364204127341508865e-03,1.217471156269311905e-02,2.890098281204700470e-02,1.476086326874792576e-03,5.090359132736921310e-03
9.255908727645874023e-01,8.032677695155143738e-03,1.910889148712158203e-02,3.886844962835311890e-02,2.178534865379333496e-03,6.220627576112747192e-03
9.371272325515747070e-01,6.858667358756065369e-03,2.059677429497241974e-02,2.688674069941043854e-02,2.713185735046863556e-03,5.817373283207416534e-03
9.253943562507629395e-01,6.343816407024860382e-03,2.192126959562301636e-02,3.963063284754753113e-02,1.789458794519305229e-03,4.920495674014091492e-03
9.138728380203247070e-01,8.355800062417984009e-03,3.807250410318374634e-02,3.159951791167259216e-02,3.118382534012198448e-03,4.980953875929117203e-03
9.251057505607604980e-01,8.539924398064613342e-03,2.424525469541549683e-02,3.537386283278465271e-02,1.914971391670405865e-03,4.820320289582014084e-03
9.305724501609802246e-01,6.070840638130903244e-03,1.938403211534023285e-02,3.660712391138076782e-02,1.925986376591026783e-03,5.439583212137222290e-03
9.415617585182189941e-01,7.399344351142644882e-03,1.547555439174175262e-02,2.802070602774620056e-02,1.856049406342208385e-03,5.686523858457803726e-03
9.476783275604248047e-01,8.205750957131385803e-03,1.226954162120819092e-02,2.323453873395919800e-02,2.032615942880511284e-03,6.579304579645395279e-03
9.507934451103210449e-01,6.074802950024604797e-03,1.358978822827339172e-02,2.217802591621875763e-02,1.973635284230113029e-03,5.390342324972152710e-03
9.560372233390808105e-01,7.169536780565977097e-03,1.314714085310697556e-02,1.445322483777999878e-02,2.857935382053256035e-03,6.334846373647451401e-03
9.523885846138000488e-01,7.599275093525648117e-03,1.665988378226757050e-02,1.244538649916648865e-02,4.017521627247333527e-03,6.889332085847854614e-03
9.501575827598571777e-01,8.764529600739479065e-03,1.796121522784233093e-02,1.350741088390350342e-02,3.395258914679288864e-03,6.213921122252941132e-03
9.508308172225952148e-01,1.017797738313674927e-02,1.592991314828395844e-02,1.197050604969263077e-02,3.880156902596354485e-03,7.210606709122657776e-03
9.368914961814880371e-01,9.266512468457221985e-03,1.791556552052497864e-02,2.607980743050575256e-02,2.729668049141764641e-03,7.116840686649084091e-03
9.511957764625549316e-01,9.697482921183109283e-03,1.253085397183895111e-02,1.779178343713283539e-02,2.102855360135436058e-03,6.681219674646854401e-03
9.229562282562255859e-01,4.319905303418636322e-03,9.161610156297683716e-03,5.649722740054130554e-02,8.714891155250370502e-04,6.193513050675392151e-03
9.486078023910522461e-01,3.750322852283716202e-03,8.118272759020328522e-03,3.291472047567367554e-02,1.020288094878196716e-03,5.588798783719539642e-03
9.441993832588195801e-01,4.256247542798519135e-03,1.152311265468597412e-02,3.241255134344100952e-02,1.522336038760840893e-03,6.086391396820545197e-03
9.548863768577575684e-01,3.798315301537513733e-03,1.032767817378044128e-02,2.274990454316139221e-02,1.801248523406684399e-03,6.436532828956842422e-03
9.581808447837829590e-01,4.279054701328277588e-03,1.274587865918874741e-02,1.567980088293552399e-02,2.693335525691509247e-03,6.421152967959642410e-03
9.560772180557250977e-01,4.416384734213352203e-03,1.541286706924438477e-02,1.429023407399654388e-02,3.315626177936792374e-03,6.487844046205282211e-03
9.526804685592651367e-01,7.785333786159753799e-03,1.655350998044013977e-02,1.154647395014762878e-02,4.300191532820463181e-03,7.134011946618556976e-03
9.579060077667236328e-01,6.107116583734750748e-03,1.278664916753768921e-02,1.474042888730764389e-02,2.405240666121244431e-03,6.054599303752183914e-03
9.527604579925537109e-01,6.691026501357555389e-03,1.605200953781604767e-02,1.405883394181728363e-02,3.645731834694743156e-03,6.792092230170965195e-03
9.489785432815551758e-01,6.817677523940801620e-03,1.481416448950767517e-02,1.808569021522998810e-02,3.541629295796155930e-03,7.762147579342126846e-03
9.498898386955261230e-01,7.203996647149324417e-03,1.538577023893594742e-02,1.708591170608997345e-02,3.229600377380847931e-03,7.204979192465543747e-03
9.383930563926696777e-01,9.452313184738159180e-03,2.223414368927478790e-02,1.764114573597908020e-02,4.906861577183008194e-03,7.372537627816200256e-03
9.311426281929016113e-01,8.700857870280742645e-03,2.450431510806083679e-02,2.612226083874702454e-02,3.294124966487288475e-03,6.235747598111629486e-03
9.294228553771972656e-01,1.026680320501327515e-02,2.196050062775611877e-02,2.954781241714954376e-02,2.650200156494975090e-03,6.151882931590080261e-03
9.282418489456176758e-01,6.384667009115219116e-03,2.719757519662380219e-02,3.066499345004558563e-02,2.550654811784625053e-03,4.960277583450078964e-03
9.314065575599670410e-01,5.437277723103761673e-03,2.003126777708530426e-02,3.678825870156288147e-02,1.634685555472970009e-03,4.702009726315736771e-03
9.261063337326049805e-01,8.080315776169300079e-03,2.933578006923198700e-02,2.663786709308624268e-02,3.637808840721845627e-03,6.201946176588535309e-03
9.114779829978942871e-01,5.263179074972867966e-03,2.746436186134815216e-02,5.009109526872634888e-02,1.479780185036361217e-03,4.223457071930170059e-03
9.374356269836425781e-01,6.331906653940677643e-03,2.111980691552162170e-02,2.818977460265159607e-02,2.020469401031732559e-03,4.902404267340898514e-03
9.078265428543090820e-01,1.047651376575231552e-02,4.542560875415802002e-02,2.766453102231025696e-02,3.666002769023180008e-03,4.940832033753395081e-03
9.190358519554138184e-01,1.563425734639167786e-02,3.541209921240806580e-02,1.954966969788074493e-02,4.570492077618837357e-03,5.797620862722396851e-03
8.750007152557373047e-01,2.579499408602714539e-02,5.989373847842216492e-02,2.769363112747669220e-02,5.747140385210514069e-03,5.869733169674873352e-03
9.135476350784301758e-01,1.797814108431339264e-02,3.919387236237525940e-02,1.824934035539627075e-02,5.056018009781837463e-03,5.974980536848306656e-03
8.935425877571105957e-01,1.212614122778177261e-02,3.752671554684638977e-02,4.844412207603454590e-02,2.641503000631928444e-03,5.718892440199851990e-03
9.342857599258422852e-01,9.238004684448242188e-03,2.381782233715057373e-02,2.461570687592029572e-02,2.692821901291608810e-03,5.349905230104923248e-03
9.320270419120788574e-01,6.376921664923429489e-03,1.705145463347434998e-02,3.561062365770339966e-02,2.228891942650079727e-03,6.704878062009811401e-03
9.432662129402160645e-01,1.051095873117446899e-02,2.043511718511581421e-02,1.647171750664710999e-02,3.535088151693344116e-03,5.780872888863086700e-03
9.575756788253784180e-01,8.110370486974716187e-03,1.648006215691566467e-02,8.605874143540859222e-03,3.706311574205756187e-03,5.521656014025211334e-03
9.486944675445556641e-01,7.531853858381509781e-03,2.102332748472690582e-02,1.357299648225307465e-02,3.627671161666512489e-03,5.549622233957052231e-03
9.455512166023254395e-01,8.712827228009700775e-03,1.974927261471748352e-02,1.775137521326541901e-02,2.771441824734210968e-03,5.463893525302410126e-03
9.506876468658447266e-01,5.115661770105361938e-03,1.615039445459842682e-02,2.022997476160526276e-02,2.379349665716290474e-03,5.436878651380538940e-03
9.337400794029235840e-01,5.902017932385206223e-03,1.721331663429737091e-02,3.455342724919319153e-02,2.252107020467519760e-03,6.338976789265871048e-03
9.467822313308715820e-01,6.675916258245706558e-03,1.482179295271635056e-02,2.250388264656066895e-02,2.606005873531103134e-03,6.610137410461902618e-03
9.468318223953247070e-01,6.555513478815555573e-03,1.295861229300498962e-02,2.511655353009700775e-02,2.079732948914170265e-03,6.457669194787740707e-03
9.487826824188232422e-01,8.741266094148159027e-03,1.660730317234992981e-02,1.653608307242393494e-02,3.083304269239306450e-03,6.249332334846258163e-03
9.440620541572570801e-01,1.086018700152635574e-02,2.182833291590213776e-02,1.423855870962142944e-02,3.534640884026885033e-03,5.476099438965320587e-03
9.422441124916076660e-01,9.693212807178497314e-03,2.385326661169528961e-02,1.632177643477916718e-02,3.161063650622963905e-03,4.726595710963010788e-03
9.284004569053649902e-01,1.388621982187032700e-02,3.050830028951168060e-02,1.834908500313758850e-02,3.751652548089623451e-03,5.104267038404941559e-03
9.475340247154235840e-01,7.549980189651250839e-03,1.916229166090488434e-02,1.906225830316543579e-02,2.129408530890941620e-03,4.561853129416704178e-03
9.441583156585693359e-01,8.321577683091163635e-03,1.892730593681335449e-02,1.925380900502204895e-02,3.199013415724039078e-03,6.140035577118396759e-03
9.493820667266845703e-01,6.248216610401868820e-03,1.618958637118339539e-02,1.975441351532936096e-02,2.537308493629097939e-03,5.888554267585277557e-03
9.549048542976379395e-01,3.842261387035250664e-03,1.196097489446401596e-02,2.195043489336967468e-02,1.913859159685671329e-03,5.427673459053039551e-03
9.558929800987243652e-01,5.241034086793661118e-03,1.495277974754571915e-02,1.494138315320014954e-02,3.104336326941847801e-03,5.867306608706712723e-03
9.475064277648925781e-01,7.094637025147676468e-03,1.754787005484104156e-02,1.876367256045341492e-02,3.128636861220002174e-03,5.958871450275182724e-03
9.457007646560668945e-01,8.885823190212249756e-03,2.079771272838115692e-02,1.522262115031480789e-02,3.763879882171750069e-03,5.629016086459159851e-03
9.337865710258483887e-01,9.553532116115093231e-03,2.579497545957565308e-02,2.224037982523441315e-02,3.217918798327445984e-03,5.406643263995647430e-03
9.426454901695251465e-01,9.095963090658187866e-03,2.181829698383808136e-02,1.780396513640880585e-02,3.286754712462425232e-03,5.349434446543455124e-03
9.231663942337036133e-01,1.063079480081796646e-02,3.048927709460258484e-02,2.745602093636989594e-02,2.979629440233111382e-03,5.277934484183788300e-03
9.341805577278137207e-01,8.596562780439853668e-03,2.911664731800556183e-02,1.941772177815437317e-02,3.474317723885178566e-03,5.214252974838018417e-03
9.480070471763610840e-01,1.039570104330778122e-02,1.974379643797874451e-02,1.187014114111661911e-02,3.961807582527399063e-03,6.021630950272083282e-03
9.517754316329956055e-01,7.364505901932716370e-03,1.880897395312786102e-02,1.339789107441902161e-02,3.181069158017635345e-03,5.472108256071805954e-03
9.527822136878967285e-01,7.676542270928621292e-03,1.854274608194828033e-02,1.175467949360609055e-02,3.685545176267623901e-03,5.558303091675043106e-03
9.617741703987121582e-01,5.283463280647993088e-03,1.136489398777484894e-02,1.510873902589082718e-02,1.797539298422634602e-03,4.671194124966859818e-03
9.579182863235473633e-01,6.910452153533697128e-03,1.458614319562911987e-02,1.256517041474580765e-02,2.607604023069143295e-03,5.412248894572257996e-03
9.636222124099731445e-01,4.581593908369541168e-03,1.155405212193727493e-02,1.249426044523715973e-02,2.314851153641939163e-03,5.433126818388700485e-03
9.533449411392211914e-01,6.108597386628389359e-03,1.572512835264205933e-02,1.385223586112260818e-02,3.825766267254948616e-03,7.143421098589897156e-03
9.483005404472351074e-01,8.688635192811489105e-03,1.989756338298320770e-02,1.140055898576974869e-02,4.952495917677879333e-03,6.760181859135627747e-03
9.495667815208435059e-01,1.025796681642532349e-02,1.992096938192844391e-02,9.453064762055873871e-03,4.510299768298864365e-03,6.290814373642206192e-03
9.284405708312988281e-01,2.210907824337482452e-02,2.790958620607852936e-02,9.282125160098075867e-03,5.829758010804653168e-03,6.428832188248634338e-03
9.361937642097473145e-01,1.635025627911090851e-02,2.726849168539047241e-02,8.564133197069168091e-03,5.538235884159803391e-03,6.085146684199571609e-03
9.373903870582580566e-01,1.633107289671897888e-02,2.413129620254039764e-02,1.107296906411647797e-02,4.813962616026401520e-03,6.260345689952373505e-03
9.471287727355957031e-01,1.134102046489715576e-02,2.081354148685932159e-02,9.032325819134712219e-03,5.225630477070808411e-03,6.458758376538753510e-03
9.547909498214721680e-01,7.354269269853830338e-03,1.620204374194145203e-02,1.167334057390689850e-02,3.897688584402203560e-03,6.081792991608381271e-03
9.479338526725769043e-01,1.110351644456386566e-02,1.831384934484958649e-02,1.238457579165697098e-02,3.923676442354917526e-03,6.340463645756244659e-03
9.329047799110412598e-01,1.318831183016300201e-02,2.046581171452999115e-02,2.411886677145957947e-02,3.088738769292831421e-03,6.233473308384418488e-03
9.455678462982177734e-01,6.467766128480434418e-03,1.937257871031761169e-02,2.034243009984493256e-02,2.774751512333750725e-03,5.474661476910114288e-03
9.323787689208984375e-01,5.896567367017269135e-03,1.758711598813533783e-02,3.630895912647247314e-02,2.045028842985630035e-03,5.783623084425926208e-03
9.443061947822570801e-01,4.672534763813018799e-03,1.598818600177764893e-02,2.676353789865970612e-02,2.334670396521687508e-03,5.934765562415122986e-03
9.289799332618713379e-01,4.826424643397331238e-03,2.225664071738719940e-02,3.645186871290206909e-02,2.090295311063528061e-03,5.394872277975082397e-03
9.366433620452880859e-01,6.642308551818132401e-03,1.832989417016506195e-02,3.050179965794086456e-02,2.249397803097963333e-03,5.633237306028604507e-03
9.240909814834594727e-01,8.785932324826717377e-03,3.131787106394767761e-02,2.784331142902374268e-02,2.767987782135605812e-03,5.193795077502727509e-03
9.111303687095642090e-01,9.242120198905467987e-03,4.469230026006698608e-02,2.672870084643363953e-02,3.440782427787780762e-03,4.765749908983707428e-03
8.937050700187683105e-01,7.256494369357824326e-03,4.282269999384880066e-02,4.998561739921569824e-02,2.092807320877909660e-03,4.137319978326559067e-03
8.999688625335693359e-01,8.093024604022502899e-03,5.625692009925842285e-02,2.745773643255233765e-02,3.842130303382873535e-03,4.381256643682718277e-03
8.978322148323059082e-01,1.075199991464614868e-02,4.745497927069664001e-02,3.701264411211013794e-02,2.753599779680371284e-03,4.194588400423526764e-03
9.398065209388732910e-01,8.634513244032859802e-03,2.082058228552341461e-02,2.201428823173046112e-02,3.053898224607110023e-03,5.670145153999328613e-03
9.368230700492858887e-01,9.531702846288681030e-03,2.827957831323146820e-02,1.408848166465759277e-02,5.398190114647150040e-03,5.878999363631010056e-03
9.314239621162414551e-01,1.192938443273305893e-02,2.962193824350833893e-02,1.575449481606483459e-02,5.230109207332134247e-03,6.040037609636783600e-03
9.328573942184448242e-01,1.148118264973163605e-02,3.148537874221801758e-02,8.913117460906505585e-03,8.824601769447326660e-03,6.438483484089374542e-03
9.364539980888366699e-01,1.575188711285591125e-02,2.471446245908737183e-02,9.653599932789802551e-03,6.696492899209260941e-03,6.729652639478445053e-03
9.297789335250854492e-01,1.521529629826545715e-02,2.917557023465633392e-02,1.415392197668552399e-02,5.634988192468881607e-03,6.041292566806077957e-03
9.509072303771972656e-01,7.153700571507215500e-03,1.823303475975990295e-02,1.465196534991264343e-02,3.301532706245779991e-03,5.752569064497947693e-03
9.381762146949768066e-01,1.266952790319919586e-02,2.195749804377555847e-02,1.604888588190078735e-02,4.311486147344112396e-03,6.836258806288242340e-03
9.481220245361328125e-01,6.322036497294902802e-03,1.138738542795181274e-02,2.662108466029167175e-02,1.501914695836603642e-03,6.045557092875242233e-03
9.474800825119018555e-01,4.044370260089635849e-03,8.710583671927452087e-03,3.232719004154205322e-02,1.174553530290722847e-03,6.263192277401685715e-03
9.376709461212158203e-01,4.439746495336294174e-03,9.425378404557704926e-03,4.127627238631248474e-02,1.175048877485096455e-03,6.012699101120233536e-03
9.510133266448974609e-01,4.943317268043756485e-03,1.083389203995466232e-02,2.543436549603939056e-02,1.727863796986639500e-03,6.047158502042293549e-03
9.417270421981811523e-01,7.542144507169723511e-03,1.329211052507162094e-02,2.919169515371322632e-02,1.886776182800531387e-03,6.360238417983055115e-03
9.501159787178039551e-01,1.074307598173618317e-02,1.585929468274116516e-02,1.443004515022039413e-02,2.956690732389688492e-03,5.895006004720926285e-03
9.448258280754089355e-01,9.105914272367954254e-03,1.694994978606700897e-02,2.069785632193088531e-02,2.688039792701601982e-03,5.732322577387094498e-03
9.458076953887939453e-01,1.371629536151885986e-02,1.833638921380043030e-02,1.237288862466812134e-02,3.645931603386998177e-03,6.120772566646337509e-03
9.493402838706970215e-01,8.428107947111129761e-03,1.769743300974369049e-02,1.605273038148880005e-02,2.769297687336802483e-03,5.712194833904504776e-03
9.588419198989868164e-01,5.352051462978124619e-03,1.382731180638074875e-02,1.416829135268926620e-02,2.357942285016179085e-03,5.452505778521299362e-03
9.498834609985351562e-01,5.381919909268617630e-03,1.305287797003984451e-02,2.343641407787799835e-02,2.046712674200534821e-03,6.198505870997905731e-03
9.494420289993286133e-01,4.940006881952285767e-03,1.246570330113172531e-02,2.446779049932956696e-02,2.198714297264814377e-03,6.485916674137115479e-03
9.563097953796386719e-01,4.715433809906244278e-03,1.283848471939563751e-02,1.728182844817638397e-02,2.640970749780535698e-03,6.213491782546043396e-03
9.515352249145507812e-01,4.844900686293840408e-03,1.335919927805662155e-02,2.157863788306713104e-02,2.382989739999175072e-03,6.299071479588747025e-03
9.490067958831787109e-01,5.451696459203958511e-03,1.251762825995683670e-02,2.367797121405601501e-02,2.434105845168232918e-03,6.911816075444221497e-03
9.503530859947204590e-01,4.215795081108808517e-03,1.308556180447340012e-02,2.418805845081806183e-02,2.055922523140907288e-03,6.101645994931459427e-03
9.465005397796630859e-01,3.746947972103953362e-03,1.275717280805110931e-02,2.922287024557590485e-02,1.759746926836669445e-03,6.012829951941967010e-03
9.312207698822021484e-01,5.648516584187746048e-03,1.894565485417842865e-02,3.640289232134819031e-02,1.958849141374230385e-03,5.823285784572362900e-03
9.429875612258911133e-01,4.608174320310354233e-03,1.484553609043359756e-02,3.002233244478702545e-02,1.857783296145498753e-03,5.678669549524784088e-03
9.188194870948791504e-01,6.067025475203990936e-03,1.882046274840831757e-02,4.950743541121482849e-02,1.570844673551619053e-03,5.214847624301910400e-03
9.384636282920837402e-01,7.238900754600763321e-03,1.568163372576236725e-02,3.220966458320617676e-02,1.486784312874078751e-03,4.919371102005243301e-03
9.288091659545898438e-01,1.215395238250494003e-02,1.977263949811458588e-02,3.013728559017181396e-02,2.681370824575424194e-03,6.445642095059156418e-03
9.271023273468017578e-01,8.832941763103008270e-03,2.182489819824695587e-02,3.541352972388267517e-02,1.847394043579697609e-03,4.978874698281288147e-03
9.321147799491882324e-01,1.448693312704563141e-02,2.754600159823894501e-02,1.511797402054071426e-02,4.876333754509687424e-03,5.857999436557292938e-03
9.301691651344299316e-01,1.531861815601587296e-02,2.767498604953289032e-02,1.500268653035163879e-02,5.437142681330442429e-03,6.397414021193981171e-03
9.402059912681579590e-01,8.682382293045520782e-03,2.772973477840423584e-02,1.380514819175004959e-02,4.153057932853698730e-03,5.423703230917453766e-03
9.395338296890258789e-01,9.560518898069858551e-03,2.527169510722160339e-02,1.640263758599758148e-02,3.699268912896513939e-03,5.532013718038797379e-03
9.378851652145385742e-01,7.803655229508876801e-03,2.267253212630748749e-02,2.258935198187828064e-02,3.145604860037565231e-03,5.903782788664102554e-03
9.541191458702087402e-01,6.148171145468950272e-03,1.493963040411472321e-02,1.586678065359592438e-02,2.727184677496552467e-03,6.199093069881200790e-03
9.507858753204345703e-01,6.186459679156541824e-03,1.635462790727615356e-02,1.861494593322277069e-02,2.530668629333376884e-03,5.527383182197809219e-03
9.478553533554077148e-01,9.266291745007038116e-03,1.786674372851848602e-02,1.546609122306108475e-02,3.443367313593626022e-03,6.102204788476228714e-03
9.532305598258972168e-01,7.915169000625610352e-03,1.616902649402618408e-02,1.169555820524692535e-02,4.206624347716569901e-03,6.783203221857547760e-03
9.495549798011779785e-01,1.123953610658645630e-02,1.792297326028347015e-02,9.193664416670799255e-03,5.223231855779886246e-03,6.865717470645904541e-03
9.514639973640441895e-01,8.534502238035202026e-03,1.687704585492610931e-02,1.321648433804512024e-02,3.524454543367028236e-03,6.383560597896575928e-03
9.213015437126159668e-01,2.176839672029018402e-02,2.721861377358436584e-02,1.695923507213592529e-02,5.290044471621513367e-03,7.462168578058481216e-03
9.348310232162475586e-01,1.529481261968612671e-02,2.096339687705039978e-02,1.982918567955493927e-02,2.960770623758435249e-03,6.120909471064805984e-03
9.212818741798400879e-01,1.199280377477407455e-02,1.778489537537097931e-02,4.123092815279960632e-02,1.782703795470297337e-03,5.926705896854400635e-03
8.871673941612243652e-01,1.240111887454986572e-02,2.093183435499668121e-02,7.222229987382888794e-02,1.491561997681856155e-03,5.785708781331777573e-03
9.030921459197998047e-01,8.139231242239475250e-03,2.006579376757144928e-02,6.175142899155616760e-02,1.521979575045406818e-03,5.429557524621486664e-03
9.198059439659118652e-01,9.645901620388031006e-03,2.223139069974422455e-02,4.015740752220153809e-02,2.348635112866759300e-03,5.810769274830818176e-03
9.118635058403015137e-01,1.317160669714212418e-02,3.245728462934494019e-02,3.283338621258735657e-02,3.616034984588623047e-03,6.058193743228912354e-03
9.437849521636962891e-01,1.218564808368682861e-02,2.062050811946392059e-02,1.201661117374897003e-02,4.914554767310619354e-03,6.477803457528352737e-03
9.457812905311584473e-01,1.354114804416894913e-02,1.730883307754993439e-02,1.163713075220584869e-02,4.630237817764282227e-03,7.101343013346195221e-03
9.478809237480163574e-01,1.000277977436780930e-02,1.882896572351455688e-02,1.169990096241235733e-02,4.802705720067024231e-03,6.784731056541204453e-03
9.580435156822204590e-01,6.366328801959753036e-03,1.406163349747657776e-02,1.035014167428016663e-02,4.521962720900774002e-03,6.656472105532884598e-03
9.465079903602600098e-01,1.013871748000383377e-02,2.041946910321712494e-02,1.004676893353462219e-02,6.143074017018079758e-03,6.744109559804201126e-03
9.557557702064514160e-01,8.289044722914695740e-03,1.565491221845149994e-02,8.640850894153118134e-03,5.091455299407243729e-03,6.568076554685831070e-03
9.548801779747009277e-01,9.043326601386070251e-03,1.668603532016277313e-02,9.058686904609203339e-03,4.351631272584199905e-03,5.980167072266340256e-03
9.395283460617065430e-01,1.485875714570283890e-02,2.373993583023548126e-02,1.043543592095375061e-02,5.137855652719736099e-03,6.299533881247043610e-03
9.450021982192993164e-01,9.815097786486148834e-03,2.354486286640167236e-02,1.298817433416843414e-02,3.461475484073162079e-03,5.188090261071920395e-03
9.485952258110046387e-01,7.881920784711837769e-03,2.039627544581890106e-02,1.382238883525133133e-02,3.433855948969721794e-03,5.870435386896133423e-03
9.393166899681091309e-01,5.128778051584959030e-03,1.930416375398635864e-02,2.850068733096122742e-02,2.080014673992991447e-03,5.669565405696630478e-03
9.429103732109069824e-01,6.066679954528808594e-03,1.908414810895919800e-02,2.375668473541736603e-02,2.486334182322025299e-03,5.695676431059837341e-03
9.404064416885375977e-01,4.684978164732456207e-03,2.133661694824695587e-02,2.581552229821681976e-02,2.471588784828782082e-03,5.284892395138740540e-03
9.321073293685913086e-01,8.131391368806362152e-03,2.606911584734916687e-02,2.510601840913295746e-02,3.061698284000158310e-03,5.524428095668554306e-03
9.388043880462646484e-01,9.056354872882366180e-03,2.087751403450965881e-02,2.348971180617809296e-02,2.458062255755066872e-03,5.314054433256387711e-03
9.241290688514709473e-01,1.500962488353252411e-02,2.001877874135971069e-02,3.168512135744094849e-02,2.643360989168286324e-03,6.513920146971940994e-03
9.163441061973571777e-01,1.390415430068969727e-02,1.692433655261993408e-02,4.402914643287658691e-02,1.999284606426954269e-03,6.798889953643083572e-03
9.347226023674011230e-01,1.372973434627056122e-02,1.733697764575481415e-02,2.517469786107540131e-02,2.549809636548161507e-03,6.486095022410154343e-03
9.327049851417541504e-01,9.219084866344928741e-03,1.994725503027439117e-02,3.051621280610561371e-02,2.117583528161048889e-03,5.494830664247274399e-03
9.514706730842590332e-01,5.610345397144556046e-03,1.720508933067321777e-02,1.618517749011516571e-02,3.176584374159574509e-03,6.352163385599851608e-03
9.576258659362792969e-01,3.954903222620487213e-03,1.282832678407430649e-02,1.735274679958820343e-02,2.194220200181007385e-03,6.043910980224609375e-03
9.496586918830871582e-01,4.200170282274484634e-03,1.502323150634765625e-02,2.213071845471858978e-02,2.367977984249591827e-03,6.619151216000318527e-03
9.441252946853637695e-01,1.043991465121507645e-02,1.457144599407911301e-02,2.123443409800529480e-02,2.511306433007121086e-03,7.117651868611574173e-03
9.265977740287780762e-01,1.492848154157400131e-02,1.500905863940715790e-02,3.331129997968673706e-02,2.325835637748241425e-03,7.827736437320709229e-03
9.400492906570434570e-01,1.498663704842329025e-02,1.386568043380975723e-02,2.261911332607269287e-02,2.141756936907768250e-03,6.337440572679042816e-03
9.190824627876281738e-01,2.288565412163734436e-02,1.860506646335124969e-02,2.793183736503124237e-02,3.302776021882891655e-03,8.192258886992931366e-03
9.359945654869079590e-01,1.510349288582801819e-02,2.036159671843051910e-02,1.884977892041206360e-02,3.281791461631655693e-03,6.408753339201211929e-03
9.383857250213623047e-01,1.219485141336917877e-02,2.315774373710155487e-02,1.654620468616485596e-02,3.779853461310267448e-03,5.935643333941698074e-03
9.356033205986022949e-01,9.970307350158691406e-03,3.266227245330810547e-02,1.146036479622125626e-02,4.985881038010120392e-03,5.317884963005781174e-03
9.300354123115539551e-01,1.939435303211212158e-02,2.741503529250621796e-02,6.185848265886306763e-03,9.830243885517120361e-03,7.139071822166442871e-03
9.517855048179626465e-01,8.711688220500946045e-03,1.952050626277923584e-02,1.007170882076025009e-02,4.211656749248504639e-03,5.698876921087503433e-03
9.543147683143615723e-01,7.555502932518720627e-03,1.480169780552387238e-02,1.442241854965686798e-02,2.953566145151853561e-03,5.952105391770601273e-03
9.561775922775268555e-01,5.484535824507474899e-03,1.228830404579639435e-02,1.848198845982551575e-02,2.099209930747747421e-03,5.468292627483606339e-03
9.549207091331481934e-01,5.454627797007560730e-03,1.357940211892127991e-02,1.894824393093585968e-02,1.872356981039047241e-03,5.224599968641996384e-03
9.488400816917419434e-01,7.125080563127994537e-03,1.879113726317882538e-02,1.673178561031818390e-02,3.031723666936159134e-03,5.480174906551837921e-03
9.475023746490478516e-01,5.928746890276670456e-03,2.205044403672218323e-02,1.843726448714733124e-02,2.145107835531234741e-03,3.936168737709522247e-03
9.367352128028869629e-01,8.580362424254417419e-03,2.659482136368751526e-02,1.953900046646595001e-02,3.348078345879912376e-03,5.202486179769039154e-03
9.417118430137634277e-01,6.564484443515539169e-03,2.278335392475128174e-02,2.004904486238956451e-02,3.348908619955182076e-03,5.542453844100236893e-03
9.437421560287475586e-01,4.380378406494855881e-03,1.762699335813522339e-02,2.614830993115901947e-02,2.337988233193755150e-03,5.764071829617023468e-03
9.339796304702758789e-01,5.106489639729261398e-03,2.320329472422599792e-02,2.962359786033630371e-02,2.583032473921775818e-03,5.503946449607610703e-03
9.493150115013122559e-01,5.055444780737161636e-03,1.846523769199848175e-02,1.835449039936065674e-02,2.892512129619717598e-03,5.917255301028490067e-03
9.485263824462890625e-01,5.749641917645931244e-03,1.814018189907073975e-02,2.065107971429824829e-02,2.158922376111149788e-03,4.773696884512901306e-03
9.404784440994262695e-01,1.230045594274997711e-02,2.183368615806102753e-02,1.518686953932046890e-02,4.101493395864963531e-03,6.099154707044363022e-03
9.496785998344421387e-01,6.935067940503358841e-03,1.770013943314552307e-02,1.803688704967498779e-02,2.437185728922486305e-03,5.212085787206888199e-03
9.536462426185607910e-01,7.120413705706596375e-03,1.667474955320358276e-02,1.358199398964643478e-02,3.385097254067659378e-03,5.591433029621839523e-03
9.585216641426086426e-01,3.999387845396995544e-03,1.067980285733938217e-02,2.030001208186149597e-02,1.419859239831566811e-03,5.079338792711496353e-03
9.522997140884399414e-01,3.870018525049090385e-03,1.370771415531635284e-02,2.246885746717453003e-02,2.013715216889977455e-03,5.640125367790460587e-03
9.455563426017761230e-01,4.722448065876960754e-03,1.758770644664764404e-02,2.527463063597679138e-02,1.927699777297675610e-03,4.931105300784111023e-03
9.482755661010742188e-01,5.203861743211746216e-03,1.852435432374477386e-02,1.995755732059478760e-02,2.632378367707133293e-03,5.406342912465333939e-03
9.443839788436889648e-01,6.847063545137643814e-03,2.096027135848999023e-02,1.873319782316684723e-02,3.218366997316479683e-03,5.857016891241073608e-03
9.545362591743469238e-01,6.903452798724174500e-03,1.880583912134170532e-02,1.103903166949748993e-02,3.436697181314229965e-03,5.278635770082473755e-03
9.465384483337402344e-01,1.126057095825672150e-02,2.236528322100639343e-02,9.447108022868633270e-03,4.717319272458553314e-03,5.671271588653326035e-03
9.429916739463806152e-01,1.127093378454446793e-02,2.515989914536476135e-02,1.033049263060092926e-02,4.742873832583427429e-03,5.504251923412084579e-03
9.274203777313232422e-01,1.103165838867425919e-02,3.336573392152786255e-02,1.907694712281227112e-02,4.075224045664072037e-03,5.030174273997545242e-03
9.411489963531494141e-01,1.293832436203956604e-02,1.957477070391178131e-02,1.820705272257328033e-02,2.879658713936805725e-03,5.251179914921522141e-03
9.145683050155639648e-01,8.521176874637603760e-03,2.096923813223838806e-02,4.963972419500350952e-02,1.527567743323743343e-03,4.774018190801143646e-03
9.410805106163024902e-01,4.731932189315557480e-03,1.285710278898477554e-02,3.524940833449363708e-02,1.198971527628600597e-03,4.882114473730325699e-03
8.890917301177978516e-01,6.912067066878080368e-03,1.271412149071693420e-02,8.403714001178741455e-02,1.024943892844021320e-03,6.220059469342231750e-03
9.244742393493652344e-01,7.069802843034267426e-03,1.643881015479564667e-02,4.438736289739608765e-02,1.671611098572611809e-03,5.958070978522300720e-03
9.231180548667907715e-01,1.039935927838087082e-02,1.899566501379013062e-02,3.580914065241813660e-02,3.115893108770251274e-03,8.561885915696620941e-03
9.350278377532958984e-01,8.011498488485813141e-03,2.058671973645687103e-02,2.680002152919769287e-02,3.164212452247738838e-03,6.409584078937768936e-03
9.344484210014343262e-01,1.167622208595275879e-02,2.313910238444805145e-02,1.782112196087837219e-02,5.178473889827728271e-03,7.736756466329097748e-03
9.395507574081420898e-01,1.008614338934421539e-02,2.631809189915657043e-02,1.300970185548067093e-02,5.120163783431053162e-03,5.915240384638309479e-03
9.470740556716918945e-01,7.217998616397380829e-03,2.513919956982135773e-02,1.080478448420763016e-02,4.674387164413928986e-03,5.089512094855308533e-03
9.482499957084655762e-01,8.499015122652053833e-03,2.177645452320575714e-02,1.205869205296039581e-02,4.092327784746885300e-03,5.323586985468864441e-03
9.537275433540344238e-01,5.969235673546791077e-03,1.799745112657546997e-02,1.488607004284858704e-02,2.550828736275434494e-03,4.868892021477222443e-03
9.467074275016784668e-01,3.863881109282374382e-03,1.824758760631084442e-02,2.397282235324382782e-02,2.105521038174629211e-03,5.102714523673057556e-03
9.475388526916503906e-01,4.231424536556005478e-03,2.001346461474895477e-02,2.084608376026153564e-02,2.352787647396326065e-03,5.017501302063465118e-03
9.447828531265258789e-01,4.532936029136180878e-03,1.638533733785152435e-02,2.738323993980884552e-02,1.806274987757205963e-03,5.109481513500213623e-03
9.395475983619689941e-01,6.276841741055250168e-03,2.210849337279796600e-02,2.312311902642250061e-02,3.131142584607005119e-03,5.812849383801221848e-03
9.552581310272216797e-01,5.972632672637701035e-03,1.433906890451908112e-02,1.637874357402324677e-02,2.292879391461610794e-03,5.758457817137241364e-03
9.495648741722106934e-01,5.220198538154363632e-03,1.737861521542072296e-02,1.989105157554149628e-02,2.313166623935103416e-03,5.632169544696807861e-03
9.552085399627685547e-01,4.971570335328578949e-03,1.343916077166795731e-02,1.736134104430675507e-02,2.531559905037283897e-03,6.487867794930934906e-03
9.513483047485351562e-01,4.623760003596544266e-03,1.527993660420179367e-02,2.129644714295864105e-02,1.932403305545449257e-03,5.519234575331211090e-03
9.472476243972778320e-01,4.887365270406007767e-03,1.674302667379379272e-02,2.231597714126110077e-02,2.619501668959856033e-03,6.186542101204395294e-03
9.511008858680725098e-01,5.423805210739374161e-03,1.582767069339752197e-02,1.908144727349281311e-02,2.713282825425267220e-03,5.853035952895879745e-03
9.446729421615600586e-01,5.292914807796478271e-03,1.916505210101604462e-02,2.244764007627964020e-02,2.872296841815114021e-03,5.549082998186349869e-03
9.321057796478271484e-01,1.099819224327802658e-02,3.020623885095119476e-02,1.303662173449993134e-02,6.937607191503047943e-03,6.715537048876285553e-03
9.441301822662353516e-01,8.821380324661731720e-03,2.083812281489372253e-02,1.569910906255245209e-02,4.262282513082027435e-03,6.248948164284229279e-03
9.438523650169372559e-01,7.300372701138257980e-03,2.247212268412113190e-02,1.899314858019351959e-02,2.689005574211478233e-03,4.692885559052228928e-03
9.447905421257019043e-01,1.033245678991079330e-02,2.153534628450870514e-02,1.528343558311462402e-02,2.904396736994385719e-03,5.153753329068422318e-03
9.465878009796142578e-01,4.641258157789707184e-03,1.528556738048791885e-02,2.762493677437305450e-02,1.468582777306437492e-03,4.391858354210853577e-03
9.442486763000488281e-01,4.693157039582729340e-03,1.116965711116790771e-02,3.428072854876518250e-02,9.949759114533662796e-04,4.612809978425502777e-03
9.531781077384948730e-01,3.411346348002552986e-03,9.419168345630168915e-03,2.737988159060478210e-02,1.152245560660958290e-03,5.459255538880825043e-03
9.535661339759826660e-01,3.505090950056910515e-03,8.874153718352317810e-03,2.614627964794635773e-02,1.573931076563894749e-03,6.334412842988967896e-03
9.346851706504821777e-01,4.939113277941942215e-03,1.051995716989040375e-02,4.178877547383308411e-02,1.403763541020452976e-03,6.663255393505096436e-03
9.500029683113098145e-01,4.131619352847337723e-03,1.137653179466724396e-02,2.699673920869827271e-02,1.810941845178604126e-03,5.680982489138841629e-03
9.476730823516845703e-01,5.012329202145338058e-03,1.218305155634880066e-02,2.841421961784362793e-02,1.581852557137608528e-03,5.135418381541967392e-03
9.443960189819335938e-01,7.645843550562858582e-03,1.356305461376905441e-02,2.792091853916645050e-02,1.557150389999151230e-03,4.917042795568704605e-03
9.428280591964721680e-01,7.872692309319972992e-03,1.567885465919971466e-02,2.753281965851783752e-02,1.565084327012300491e-03,4.522504284977912903e-03
9.462541341781616211e-01,8.034358732402324677e-03,1.616507954895496368e-02,2.230757102370262146e-02,2.041227417066693306e-03,5.197579972445964813e-03
9.489963650703430176e-01,7.578912656754255295e-03,1.488529425114393234e-02,2.104756236076354980e-02,2.050253096967935562e-03,5.441582761704921722e-03
9.287685751914978027e-01,6.056452635675668716e-03,1.541412714868783951e-02,4.263556748628616333e-02,1.508633838966488838e-03,5.616590846329927444e-03
9.450814127922058105e-01,3.468910697847604752e-03,9.869104251265525818e-03,3.430564701557159424e-02,1.318845432251691818e-03,5.956092849373817444e-03
9.547855257987976074e-01,2.878933912143111229e-03,8.620171807706356049e-03,2.619676105678081512e-02,1.474848599173128605e-03,6.043699104338884354e-03
9.565670490264892578e-01,3.599534975364804268e-03,1.346931047737598419e-02,1.619169116020202637e-02,3.490812378004193306e-03,6.681624799966812134e-03
9.548504948616027832e-01,5.227470304816961288e-03,1.535722706466913223e-02,1.417130418121814728e-02,3.940260969102382660e-03,6.453143898397684097e-03
9.551513195037841797e-01,5.497322883456945419e-03,1.636326871812343597e-02,1.194516569375991821e-02,4.657364450395107269e-03,6.385651417076587677e-03
9.499009847640991211e-01,7.940240204334259033e-03,2.052547410130500793e-02,1.167949661612510681e-02,4.328195005655288696e-03,5.625640042126178741e-03
9.443172216415405273e-01,7.242851890623569489e-03,1.787903904914855957e-02,2.224474027752876282e-02,2.497225534170866013e-03,5.818906705826520920e-03
9.568722248077392578e-01,5.497680045664310455e-03,1.513177528977394104e-02,1.276239100843667984e-02,3.325806232169270515e-03,6.410191766917705536e-03
9.516524672508239746e-01,4.728873260319232941e-03,1.159430015832185745e-02,2.370254509150981903e-02,1.975430641323328018e-03,6.346331443637609482e-03
9.407240748405456543e-01,5.513522308319807053e-03,1.405485626310110092e-02,3.130095452070236206e-02,1.931439037434756756e-03,6.475124508142471313e-03
9.394795298576354980e-01,6.966580636799335480e-03,1.473501510918140411e-02,3.098214045166969299e-02,1.831772853620350361e-03,6.004952359944581985e-03
9.184160232543945312e-01,1.110555604100227356e-02,2.201724424958229065e-02,4.032643511891365051e-02,2.165372949093580246e-03,5.969305988401174545e-03
9.267616271972656250e-01,1.485863421112298965e-02,2.946655452251434326e-02,2.012260071933269501e-02,3.411014098674058914e-03,5.379685666412115097e-03
9.373635649681091309e-01,8.939801715314388275e-03,1.988369226455688477e-02,2.595461905002593994e-02,2.431415952742099762e-03,5.426846910268068314e-03
9.338374137878417969e-01,1.341054681688547134e-02,2.629858441650867462e-02,1.630320399999618530e-02,4.234128631651401520e-03,5.916062742471694946e-03
9.482116103172302246e-01,6.595128215849399567e-03,1.456997450441122055e-02,2.343794144690036774e-02,1.945365336723625660e-03,5.240043625235557556e-03
9.386302232742309570e-01,7.827951572835445404e-03,1.155613269656896591e-02,3.443383425474166870e-02,1.440266729332506657e-03,6.111485417932271957e-03
9.320524334907531738e-01,4.171887878328561783e-03,1.064454950392246246e-02,4.659688472747802734e-02,1.131799072027206421e-03,5.402460228651762009e-03
9.421293735504150391e-01,4.809549078345298767e-03,8.535983040928840637e-03,3.867323696613311768e-02,8.706239750608801842e-04,4.981207195669412613e-03
8.958371877670288086e-01,3.661647671833634377e-03,1.536588370800018311e-02,7.972659915685653687e-02,8.351274882443249226e-04,4.573475103825330734e-03
9.030534625053405762e-01,6.874744314700365067e-03,2.585426717996597290e-02,5.862889438867568970e-02,1.302765798754990101e-03,4.285850096493959427e-03
9.309103488922119141e-01,5.976457148790359497e-03,2.081513777375221252e-02,3.649491444230079651e-02,1.493300776928663254e-03,4.309864249080419540e-03
9.113048911094665527e-01,1.024435088038444519e-02,3.369308635592460632e-02,3.749455139040946960e-02,2.389045665040612221e-03,4.874073434621095657e-03
9.323350191116333008e-01,9.027766063809394836e-03,2.521887794137001038e-02,2.601406536996364594e-02,2.551981247961521149e-03,4.852274898439645767e-03
9.296939373016357422e-01,8.856762200593948364e-03,2.541939727962017059e-02,2.826147899031639099e-02,2.504662843421101570e-03,5.263709928840398788e-03
9.473201632499694824e-01,5.858584307134151459e-03,1.452277600765228271e-02,2.502907253801822662e-02,1.794731593690812588e-03,5.474543664604425430e-03
9.437904953956604004e-01,5.271736998111009598e-03,1.497227605432271957e-02,2.765978686511516571e-02,1.974435988813638687e-03,6.331271957606077194e-03
9.541976451873779297e-01,3.773661563172936440e-03,8.447033353149890900e-03,2.653503604233264923e-02,1.157930819317698479e-03,5.888726562261581421e-03
9.500076174736022949e-01,6.242612842470407486e-03,1.478357333689928055e-02,1.891465485095977783e-02,3.093903418630361557e-03,6.957598961889743805e-03
9.520083069801330566e-01,5.719934590160846710e-03,1.342542935162782669e-02,2.157470583915710449e-02,1.875656191259622574e-03,5.396066233515739441e-03
9.507841467857360840e-01,7.749748881906270981e-03,1.901520974934101105e-02,1.461663097143173218e-02,2.891876269131898880e-03,4.942250903695821762e-03
9.463980197906494141e-01,8.149292320013046265e-03,2.208409458398818970e-02,1.473462302237749100e-02,3.402048721909523010e-03,5.231876857578754425e-03
9.502057433128356934e-01,6.236883345991373062e-03,1.909810863435268402e-02,1.564109511673450470e-02,3.202944761142134666e-03,5.615313071757555008e-03
9.488906264305114746e-01,5.957216490060091019e-03,1.668879576027393341e-02,2.026114426553249359e-02,2.472715685144066811e-03,5.729553755372762680e-03
9.522969722747802734e-01,6.275627762079238892e-03,1.692793890833854675e-02,1.493118982762098312e-02,3.237330587580800056e-03,6.330888718366622925e-03
9.491164088249206543e-01,7.216606754809617996e-03,1.668686233460903168e-02,1.594499871134757996e-02,3.638006746768951416e-03,7.397109642624855042e-03
9.535186290740966797e-01,6.219174712896347046e-03,1.521427743136882782e-02,1.556323375552892685e-02,3.022993216291069984e-03,6.461727898567914963e-03
9.332504868507385254e-01,8.180703036487102509e-03,2.137059904634952545e-02,2.828403189778327942e-02,2.718442585319280624e-03,6.195602472871541977e-03
9.248641133308410645e-01,6.217284128069877625e-03,1.620113290846347809e-02,4.609525203704833984e-02,1.339951879344880581e-03,5.282442085444927216e-03
9.140377640724182129e-01,6.130890455096960068e-03,1.465741638094186783e-02,5.877765640616416931e-02,1.131644356064498425e-03,5.264553241431713104e-03
9.389697313308715820e-01,6.672235205769538879e-03,1.691163703799247742e-02,3.139005973935127258e-02,1.444917055778205395e-03,4.611342679709196091e-03
9.204558730125427246e-01,9.741148911416530609e-03,2.179073169827461243e-02,4.171187058091163635e-02,1.683687791228294373e-03,4.616594407707452774e-03
9.427676796913146973e-01,1.021105796098709106e-02,2.037976123392581940e-02,1.785275340080261230e-02,3.253246191889047623e-03,5.535637028515338898e-03
9.432790279388427734e-01,1.042859815061092377e-02,2.333354018628597260e-02,1.365763321518898010e-02,3.974778112024068832e-03,5.326284561306238174e-03
9.442352056503295898e-01,9.799815714359283447e-03,2.181046083569526672e-02,1.543285977095365524e-02,3.420546650886535645e-03,5.301075521856546402e-03
9.502654671669006348e-01,7.070566993206739426e-03,1.706344261765480042e-02,1.749779097735881805e-02,2.629938302561640739e-03,5.472870543599128723e-03
9.589272141456604004e-01,4.955486394464969635e-03,1.209988631308078766e-02,1.596657186746597290e-02,2.185714663937687874e-03,5.865123122930526733e-03
9.536508917808532715e-01,4.927270580083131790e-03,1.486335508525371552e-02,1.891710050404071808e-02,2.195101231336593628e-03,5.446140654385089874e-03
9.435560703277587891e-01,6.803520023822784424e-03,2.131079137325286865e-02,1.917680539190769196e-02,3.100560512393712997e-03,6.052229087799787521e-03
9.435428977012634277e-01,7.229710929095745087e-03,1.982831396162509918e-02,2.049303054809570312e-02,2.871709177270531654e-03,6.034384947270154953e-03
9.518109560012817383e-01,4.506136290729045868e-03,1.715204119682312012e-02,1.943823508918285370e-02,2.024530898779630661e-03,5.068100988864898682e-03
9.386704564094543457e-01,4.914590623229742050e-03,1.771331951022148132e-02,3.053895942866802216e-02,2.026677364483475685e-03,6.136054638773202896e-03
9.410054087638854980e-01,4.105306230485439301e-03,1.349423732608556747e-02,3.337251394987106323e-02,1.643259776756167412e-03,6.379146594554185867e-03
9.409699440002441406e-01,6.296709179878234863e-03,2.029920555651187897e-02,2.363217994570732117e-02,2.802993869408965111e-03,5.999086424708366394e-03
9.369472861289978027e-01,1.207640860229730606e-02,2.314324863255023956e-02,1.703713461756706238e-02,4.203319083899259567e-03,6.592523772269487381e-03
9.293733835220336914e-01,1.785241439938545227e-02,2.644881419837474823e-02,1.516152918338775635e-02,4.788938444107770920e-03,6.374910473823547363e-03
9.389635324478149414e-01,1.753780618309974670e-02,2.002094499766826630e-02,1.080227177590131760e-02,5.462153349071741104e-03,7.213388569653034210e-03
9.471656680107116699e-01,7.078787777572870255e-03,1.797417737543582916e-02,1.808583550155162811e-02,3.299241419881582260e-03,6.396185606718063354e-03
9.480535387992858887e-01,8.156489580869674683e-03,1.937101408839225769e-02,1.389022544026374817e-02,4.137289710342884064e-03,6.391456350684165955e-03
9.217705726623535156e-01,8.289994671940803528e-03,3.418235108256340027e-02,2.680580317974090576e-02,3.466245485469698906e-03,5.485038273036479950e-03
9.398087859153747559e-01,7.695289794355630875e-03,2.833565138280391693e-02,1.350970473140478134e-02,4.843394272029399872e-03,5.807313602417707443e-03
9.269661307334899902e-01,1.065261475741863251e-02,3.403606638312339783e-02,1.863090693950653076e-02,4.277384374290704727e-03,5.436954088509082794e-03
9.297916293144226074e-01,1.417518779635429382e-02,2.992037311196327209e-02,1.575442962348461151e-02,4.464938305318355560e-03,5.893317051231861115e-03
9.381892681121826172e-01,1.564428769052028656e-02,2.111364714801311493e-02,1.442689355462789536e-02,4.053862765431404114e-03,6.572016049176454544e-03
9.476360678672790527e-01,1.127354335039854050e-02,1.654768735170364380e-02,1.660467498004436493e-02,2.519297879189252853e-03,5.418806336820125580e-03
9.443169236183166504e-01,8.082190528512001038e-03,1.461363770067691803e-02,2.449664846062660217e-02,2.216638298705220222e-03,6.273985840380191803e-03
9.372729659080505371e-01,1.082381233572959900e-02,1.615437120199203491e-02,2.705010958015918732e-02,2.252279780805110931e-03,6.446449551731348038e-03
9.413774609565734863e-01,9.775095619261264801e-03,1.620539091527462006e-02,2.500053122639656067e-02,2.005639020353555679e-03,5.635811015963554382e-03
9.219385981559753418e-01,1.069932617247104645e-02,3.138557076454162598e-02,2.894792333245277405e-02,2.422311808913946152e-03,4.606219008564949036e-03
9.378158450126647949e-01,1.412467192858457565e-02,2.196135930716991425e-02,1.753196306526660919e-02,2.964985556900501251e-03,5.601123441010713577e-03
9.155660867691040039e-01,1.095223333686590195e-02,3.350438922643661499e-02,3.158820420503616333e-02,2.885318594053387642e-03,5.503702908754348755e-03
9.515643715858459473e-01,6.015054881572723389e-03,1.322033721953630447e-02,2.153454907238483429e-02,1.981170848011970520e-03,5.684583913534879684e-03
9.459702968597412109e-01,6.608957890421152115e-03,1.240350678563117981e-02,2.655300125479698181e-02,1.973180333152413368e-03,6.491044536232948303e-03
9.447558522224426270e-01,7.833129726350307465e-03,1.281598489731550217e-02,2.565271221101284027e-02,2.179441507905721664e-03,6.762833334505558014e-03
9.406617283821105957e-01,7.966973818838596344e-03,1.803800649940967560e-02,2.513389661908149719e-02,2.385691273957490921e-03,5.813687108457088470e-03
9.380294680595397949e-01,9.784078225493431091e-03,2.018699422478675842e-02,2.285565063357353210e-02,3.070120699703693390e-03,6.073875818401575089e-03
9.463376998901367188e-01,9.424540214240550995e-03,1.978073827922344208e-02,1.451197639107704163e-02,3.772133961319923401e-03,6.172974128276109695e-03
9.340310692787170410e-01,1.100676693022251129e-02,2.846472710371017456e-02,1.594477705657482147e-02,4.442500416189432144e-03,6.110191810876131058e-03
9.336192011833190918e-01,8.672916330397129059e-03,3.377426415681838989e-02,1.397216413170099258e-02,4.568356089293956757e-03,5.393076688051223755e-03
9.381482005119323730e-01,8.233349770307540894e-03,3.004250675439834595e-02,1.274422742426395416e-02,5.177920684218406677e-03,5.653709638863801956e-03
9.301033616065979004e-01,6.795883178710937500e-03,3.102402202785015106e-02,2.274649776518344879e-02,3.774986835196614265e-03,5.555192939937114716e-03
9.444890618324279785e-01,5.981184076517820358e-03,1.821287907660007477e-02,2.346703596413135529e-02,2.425967482849955559e-03,5.423728376626968384e-03
9.330365657806396484e-01,4.376729950308799744e-03,9.978419169783592224e-03,4.486178979277610779e-02,1.444526831619441509e-03,6.301823537796735764e-03
9.413157701492309570e-01,5.316638387739658356e-03,9.790431708097457886e-03,3.582373633980751038e-02,1.411147648468613625e-03,6.342233158648014069e-03
9.425567388534545898e-01,4.640877712517976761e-03,1.093351468443870544e-02,3.370404988527297974e-02,1.649616984650492668e-03,6.515209563076496124e-03
9.514219164848327637e-01,5.270593799650669098e-03,1.334595680236816406e-02,2.083454281091690063e-02,2.536482410505414009e-03,6.590652279555797577e-03
9.527706503868103027e-01,4.797662142664194107e-03,1.459754817187786102e-02,1.981525309383869171e-02,2.309508854523301125e-03,5.709420423954725266e-03
9.385861158370971680e-01,8.707548491656780243e-03,2.291830629110336304e-02,1.975373923778533936e-02,3.749966155737638474e-03,6.284342613071203232e-03
9.243370294570922852e-01,9.770656004548072815e-03,2.111066691577434540e-02,3.739536553621292114e-02,2.022594446316361427e-03,5.363731179386377335e-03
9.304308295249938965e-01,1.190564129501581192e-02,1.709355786442756653e-02,3.164944052696228027e-02,2.289477270096540451e-03,6.631029304116964340e-03
9.224555492401123047e-01,1.119087450206279755e-02,1.473305933177471161e-02,4.445035755634307861e-02,1.481202314607799053e-03,5.688909906893968582e-03
9.464865326881408691e-01,6.094670854508876801e-03,1.127576082944869995e-02,2.882268279790878296e-02,1.620172755792737007e-03,5.700286477804183960e-03
9.502454400062561035e-01,3.950104117393493652e-03,8.581575937569141388e-03,3.030072897672653198e-02,1.219929195940494537e-03,5.702198483049869537e-03
9.502595067024230957e-01,5.350546911358833313e-03,1.182203646749258041e-02,2.466330863535404205e-02,1.907336874864995480e-03,5.997410509735345840e-03
9.536446332931518555e-01,5.511449649930000305e-03,1.217956747859716415e-02,2.050283178687095642e-02,2.063687890768051147e-03,6.097896490246057510e-03
9.434974789619445801e-01,6.677790079265832901e-03,1.458559930324554443e-02,2.658762410283088684e-02,2.183593809604644775e-03,6.467892788350582123e-03
9.483026862144470215e-01,5.215306300669908524e-03,1.288558542728424072e-02,2.535919286310672760e-02,2.030730014666914940e-03,6.206506397575139999e-03
9.499881267547607422e-01,7.421056739985942841e-03,1.579883508384227753e-02,1.865088194608688354e-02,2.405731938779354095e-03,5.735447630286216736e-03
9.477662444114685059e-01,6.688439752906560898e-03,1.339789386838674545e-02,2.321846969425678253e-02,2.289999043568968773e-03,6.638858933001756668e-03
9.530686140060424805e-01,6.319188047200441360e-03,1.099036913365125656e-02,2.185899391770362854e-02,1.827838597819209099e-03,5.935009103268384933e-03
9.484241604804992676e-01,4.662371706217527390e-03,1.006609015166759491e-02,3.027399256825447083e-02,1.335595035925507545e-03,5.237774923443794250e-03
9.539338350296020508e-01,4.272118676453828812e-03,1.031986065208911896e-02,2.514277398586273193e-02,1.401169109158217907e-03,4.930231720209121704e-03
9.476781487464904785e-01,3.359544556587934494e-03,8.422113955020904541e-03,3.426844626665115356e-02,1.150066382251679897e-03,5.121731199324131012e-03
9.579086303710937500e-01,3.600937779992818832e-03,8.385824039578437805e-03,2.436554804444313049e-02,1.127226394601166248e-03,4.611950367689132690e-03
9.506420493125915527e-01,5.615987349301576614e-03,1.315884292125701904e-02,2.329161390662193298e-02,1.892152824439108372e-03,5.399230401962995529e-03
9.504690766334533691e-01,4.044570028781890869e-03,9.445368312299251556e-03,2.928977273404598236e-02,1.387346186675131321e-03,5.363903008401393890e-03
9.549074769020080566e-01,4.188807681202888489e-03,1.072990521788597107e-02,2.328630164265632629e-02,1.602288451977074146e-03,5.285233259201049805e-03
9.591946601867675781e-01,4.630009178072214127e-03,1.250867545604705811e-02,1.634792797267436981e-02,2.088142093271017075e-03,5.230545997619628906e-03
9.578415751457214355e-01,3.869250882416963577e-03,1.142672915011644363e-02,2.056502923369407654e-02,1.487667323090136051e-03,4.809710662811994553e-03
9.444437623023986816e-01,8.172757923603057861e-03,2.214017882943153381e-02,1.716269925236701965e-02,2.908080350607633591e-03,5.172506906092166901e-03
9.507179856300354004e-01,7.632947992533445358e-03,1.704612560570240021e-02,1.503622345626354218e-02,3.327332902699708939e-03,6.239311303943395615e-03
9.426937103271484375e-01,9.078873321413993835e-03,2.163076028227806091e-02,1.725494302809238434e-02,3.566696075722575188e-03,5.775089841336011887e-03
9.434608817100524902e-01,8.734044618904590607e-03,2.025856077671051025e-02,1.747177913784980774e-02,3.702476155012845993e-03,6.372340023517608643e-03
9.555956125259399414e-01,4.695330280810594559e-03,1.201929990202188492e-02,1.965431496500968933e-02,2.037547295913100243e-03,5.997912492603063583e-03
9.554682374000549316e-01,5.064520519226789474e-03,1.109921094030141830e-02,2.098562940955162048e-02,1.788359368219971657e-03,5.594070535153150558e-03
9.495766758918762207e-01,4.130490124225616455e-03,8.382146246731281281e-03,3.161708265542984009e-02,1.019561546854674816e-03,5.274037364870309830e-03
9.397802352905273438e-01,4.259521607309579849e-03,1.013771723955869675e-02,3.831396996974945068e-02,1.396933104842901230e-03,6.111581809818744659e-03
9.436436295509338379e-01,4.969250876456499100e-03,9.923793375492095947e-03,3.413559123873710632e-02,1.373867504298686981e-03,5.953843705356121063e-03
9.406024813652038574e-01,5.189216695725917816e-03,1.292510889470577240e-02,3.336030989885330200e-02,1.725920126773416996e-03,6.197166163474321365e-03
9.429905414581298828e-01,4.275230225175619125e-03,1.067968551069498062e-02,3.397092223167419434e-02,1.528793014585971832e-03,6.554790306836366653e-03
9.502130150794982910e-01,4.805123433470726013e-03,1.189690642058849335e-02,2.515030466020107269e-02,1.843334524892270565e-03,6.091456394642591476e-03
9.426208138465881348e-01,7.394228596240282059e-03,1.520915981382131577e-02,2.637259289622306824e-02,2.248485339805483818e-03,6.154695525765419006e-03
9.506145715713500977e-01,7.823958061635494232e-03,1.441749464720487595e-02,1.786010526120662689e-02,2.897228812798857689e-03,6.386578083038330078e-03
9.467458128929138184e-01,1.293798163533210754e-02,1.972026377916336060e-02,1.011927146464586258e-02,4.461292643100023270e-03,6.015317514538764954e-03
9.420243501663208008e-01,1.146325375884771347e-02,2.635826729238033295e-02,8.781176060438156128e-03,5.970214027911424637e-03,5.402815528213977814e-03
9.419487118721008301e-01,1.207431126385927200e-02,2.557830698788166046e-02,8.651736192405223846e-03,6.122059654444456100e-03,5.624764133244752884e-03
9.570600986480712891e-01,5.988665856420993805e-03,1.663772203028202057e-02,1.182304602116346359e-02,3.275024704635143280e-03,5.215278826653957367e-03
9.610183238983154297e-01,3.994404338300228119e-03,1.309195905923843384e-02,1.309919636696577072e-02,2.987476764246821404e-03,5.808704998344182968e-03
9.620335102081298828e-01,3.546728985384106636e-03,1.025692094117403030e-02,1.699120923876762390e-02,1.754399854689836502e-03,5.417167674750089645e-03
9.620321989059448242e-01,2.656789030879735947e-03,8.217302151024341583e-03,2.118428051471710205e-02,1.100238994695246220e-03,4.809282254427671432e-03
9.604163765907287598e-01,3.932199440896511078e-03,1.157901622354984283e-02,1.628908142447471619e-02,2.103851642459630966e-03,5.679503548890352249e-03
9.481112957000732422e-01,4.154565744102001190e-03,1.593544520437717438e-02,2.484454214572906494e-02,1.818546326830983162e-03,5.135627463459968567e-03
9.606555700302124023e-01,4.314710386097431183e-03,1.435134839266538620e-02,1.437612157315015793e-02,1.742058200761675835e-03,4.560161847621202469e-03
9.611380100250244141e-01,3.162609413266181946e-03,1.257422193884849548e-02,1.665150560438632965e-02,1.703963149338960648e-03,4.769599065184593201e-03
9.582483768463134766e-01,4.662068560719490051e-03,1.358856447041034698e-02,1.600575260818004608e-02,2.175530884414911270e-03,5.319671239703893661e-03
9.509334564208984375e-01,7.503085304051637650e-03,1.465605199337005615e-02,1.806458458304405212e-02,2.680645324289798737e-03,6.162113044410943985e-03
9.533017277717590332e-01,7.317950017750263214e-03,1.613355055451393127e-02,1.419095136225223541e-02,3.184991655871272087e-03,5.870730150490999222e-03
9.258957505226135254e-01,9.261134080588817596e-03,2.814736030995845795e-02,2.658546157181262970e-02,3.634648164734244347e-03,6.475587375462055206e-03
9.382098913192749023e-01,7.875431329011917114e-03,2.073867619037628174e-02,2.615499123930931091e-02,2.142662415280938148e-03,4.878251813352108002e-03
9.296461343765258789e-01,8.616387844085693359e-03,2.872042357921600342e-02,2.401564829051494598e-02,3.241645870730280876e-03,5.759771447628736496e-03
9.397457838058471680e-01,8.525379002094268799e-03,2.012008801102638245e-02,2.210470288991928101e-02,3.302728990092873573e-03,6.201180629432201385e-03
9.350591301918029785e-01,9.863635525107383728e-03,2.396009489893913269e-02,2.185807004570960999e-02,3.283053403720259666e-03,5.976025480777025223e-03
9.521409869194030762e-01,7.311932742595672607e-03,1.371216308325529099e-02,1.706868410110473633e-02,2.994553185999393463e-03,6.771499756723642349e-03
9.433143734931945801e-01,1.194770727306604385e-02,1.607667654752731323e-02,1.865947432816028595e-02,3.030450548976659775e-03,6.971342023462057114e-03
9.388057589530944824e-01,1.863613352179527283e-02,1.846227236092090607e-02,1.301656104624271393e-02,3.883824683725833893e-03,7.195416837930679321e-03
9.326954483985900879e-01,2.082644775509834290e-02,1.952772773802280426e-02,1.520753465592861176e-02,4.129557404667139053e-03,7.613279856741428375e-03
9.359484910964965820e-01,1.726603135466575623e-02,1.862644031643867493e-02,1.583851315081119537e-02,4.095455165952444077e-03,8.225047029554843903e-03
9.348493814468383789e-01,1.757439039647579193e-02,1.820028573274612427e-02,1.593902707099914551e-02,4.677517339587211609e-03,8.759524673223495483e-03
9.425672292709350586e-01,8.162708953022956848e-03,1.699732057750225067e-02,2.210226282477378845e-02,3.179164137691259384e-03,6.991293746978044510e-03
9.407566189765930176e-01,1.418867148458957672e-02,2.050768025219440460e-02,1.279186084866523743e-02,4.670951515436172485e-03,7.084346842020750046e-03
9.268370270729064941e-01,1.805489510297775269e-02,2.706405706703662872e-02,1.679921336472034454e-02,4.763932432979345322e-03,6.480974610894918442e-03
9.194006919860839844e-01,1.641741767525672913e-02,3.619904443621635437e-02,1.709187403321266174e-02,5.053244531154632568e-03,5.837843753397464752e-03
9.215697646141052246e-01,1.786193810403347015e-02,3.338898718357086182e-02,1.616068370640277863e-02,5.068790633231401443e-03,5.949811544269323349e-03
9.299532771110534668e-01,7.255977485328912735e-03,2.849422581493854523e-02,2.641786634922027588e-02,2.920630620792508125e-03,4.958189558237791061e-03
9.443712234497070312e-01,6.740182172507047653e-03,2.126916870474815369e-02,1.919434592127799988e-02,3.061953233554959297e-03,5.363054573535919189e-03
9.319397807121276855e-01,8.021167479455471039e-03,2.591087110340595245e-02,2.616169676184654236e-02,2.893961267545819283e-03,5.072542000561952591e-03
9.182525277137756348e-01,8.668249472975730896e-03,3.470433503389358521e-02,2.951385825872421265e-02,3.436881816014647484e-03,5.424178205430507660e-03
8.685393929481506348e-01,1.001538243144750595e-02,6.626601517200469971e-02,4.798887670040130615e-02,2.699771430343389511e-03,4.490402061492204666e-03
8.401526212692260742e-01,1.429309882223606110e-02,9.637367725372314453e-02,3.981667384505271912e-02,4.621425643563270569e-03,4.742545075714588165e-03
9.099404215812683105e-01,6.599816493690013885e-03,3.889959678053855896e-02,3.719764202833175659e-02,2.407458843663334846e-03,4.954982083290815353e-03
9.104359745979309082e-01,8.584521710872650146e-03,4.894249886274337769e-02,2.151620015501976013e-02,4.767784383147954941e-03,5.752990487962961197e-03
9.482055902481079102e-01,6.039667408913373947e-03,2.161154523491859436e-02,1.583971269428730011e-02,3.100586589425802231e-03,5.202897358685731888e-03
9.384590983390808105e-01,7.116711698472499847e-03,2.795397862792015076e-02,1.624999567866325378e-02,4.571678116917610168e-03,5.648607853800058365e-03
9.509918689727783203e-01,6.982305087149143219e-03,2.033170498907566071e-02,1.278824638575315475e-02,3.669161582365632057e-03,5.236798897385597229e-03
9.441680312156677246e-01,7.486273068934679031e-03,2.257313579320907593e-02,1.730422675609588623e-02,3.124716924503445625e-03,5.343574564903974533e-03
9.438689351081848145e-01,6.749857682734727859e-03,1.991154439747333527e-02,2.140711620450019836e-02,2.480442635715007782e-03,5.582167301326990128e-03
9.210475087165832520e-01,9.177795611321926117e-03,3.427891060709953308e-02,2.702980861067771912e-02,3.258173586800694466e-03,5.207949783653020859e-03
9.122056961059570312e-01,9.615242481231689453e-03,3.507148101925849915e-02,3.526022657752037048e-02,2.627817215397953987e-03,5.219609010964632034e-03
9.417752623558044434e-01,8.135455660521984100e-03,2.191639505326747894e-02,2.042909711599349976e-02,2.580929081887006760e-03,5.162934307008981705e-03
9.303149580955505371e-01,7.816134020686149597e-03,2.572957612574100494e-02,2.915027923882007599e-02,2.182415453717112541e-03,4.806598648428916931e-03
9.409280419349670410e-01,8.313763886690139771e-03,1.770391874015331268e-02,2.650938369333744049e-02,1.669758697971701622e-03,4.875077400356531143e-03
9.636541008949279785e-01,5.654240492731332779e-03,1.179991196841001511e-02,1.177016180008649826e-02,2.098425291478633881e-03,5.023185629397630692e-03
9.486292600631713867e-01,9.997882880270481110e-03,1.293021626770496368e-02,2.088312804698944092e-02,1.851607114076614380e-03,5.707894917577505112e-03
9.400178194046020508e-01,1.494809426367282867e-02,2.136536501348018646e-02,1.531273964792490005e-02,2.865522634238004684e-03,5.490426905453205109e-03
9.344345927238464355e-01,1.737623848021030426e-02,2.284672856330871582e-02,1.686487533152103424e-02,2.861465793102979660e-03,5.616141017526388168e-03
9.348905086517333984e-01,1.425309944897890091e-02,2.440794557332992554e-02,1.841748692095279694e-02,2.855778904631733894e-03,5.175134167075157166e-03
9.392685294151306152e-01,9.136840701103210449e-03,2.334247156977653503e-02,2.015516720712184906e-02,2.820553025230765343e-03,5.276479292660951614e-03
9.498894810676574707e-01,4.993985872715711594e-03,1.482526026666164398e-02,2.272064052522182465e-02,2.134083071723580360e-03,5.436584353446960449e-03
9.528472423553466797e-01,5.043332930654287338e-03,1.089903526008129120e-02,2.339144051074981689e-02,1.805087435059249401e-03,6.013911683112382889e-03
9.511745572090148926e-01,3.258948912844061852e-03,8.399987593293190002e-03,2.937698923051357269e-02,1.245648250915110111e-03,6.543863564729690552e-03
9.389770627021789551e-01,3.826229600235819817e-03,1.230460591614246368e-02,3.702437132596969604e-02,1.514837378636002541e-03,6.352848373353481293e-03
9.509189128875732422e-01,5.457359366118907928e-03,1.360581442713737488e-02,2.223024517297744751e-02,1.896531786769628525e-03,5.891099106520414352e-03
9.410201311111450195e-01,9.744532406330108643e-03,1.970149390399456024e-02,1.968852616846561432e-02,2.989476080983877182e-03,6.855873391032218933e-03
9.451856613159179688e-01,1.007388159632682800e-02,1.969577185809612274e-02,1.693785004317760468e-02,2.639457816258072853e-03,5.467331502586603165e-03
9.254966378211975098e-01,1.683005876839160919e-02,2.361883781850337982e-02,2.529148943722248077e-02,2.767630852758884430e-03,5.995336454361677170e-03
9.485669136047363281e-01,4.713037051260471344e-03,9.542963467538356781e-03,3.201070055365562439e-02,8.974566007964313030e-04,4.268781282007694244e-03
9.359617829322814941e-01,5.932601168751716614e-03,1.551479473710060120e-02,3.635316342115402222e-02,1.349837169982492924e-03,4.887870047241449356e-03
9.491239190101623535e-01,3.246020292863249779e-03,1.101676188409328461e-02,3.056559897959232330e-02,1.189913018606603146e-03,4.857787396758794785e-03
9.473750591278076172e-01,2.922094427049160004e-03,9.582160972058773041e-03,3.341144323348999023e-02,1.214825315400958061e-03,5.494473036378622055e-03
9.458453655242919922e-01,5.888539832085371017e-03,1.606033369898796082e-02,2.236168645322322845e-02,2.972362563014030457e-03,6.871668621897697449e-03
9.444187879562377930e-01,7.493054959923028946e-03,1.215533167123794556e-02,2.442196942865848541e-02,2.835027873516082764e-03,8.675850927829742432e-03
9.179314970970153809e-01,1.840266957879066467e-02,1.896231621503829956e-02,3.036418184638023376e-02,4.299257881939411163e-03,1.003999821841716766e-02
9.292714595794677734e-01,1.381760369986295700e-02,2.055409178137779236e-02,2.327683381736278534e-02,4.428190644830465317e-03,8.651689626276493073e-03
9.274439215660095215e-01,1.556169707328081131e-02,2.270912379026412964e-02,2.057072333991527557e-02,5.079525988548994064e-03,8.634996600449085236e-03
9.298012256622314453e-01,1.351835764944553375e-02,2.763443998992443085e-02,1.420390792191028595e-02,6.806924939155578613e-03,8.035094477236270905e-03
9.319706559181213379e-01,1.482016406953334808e-02,2.766919694840908051e-02,1.096262503415346146e-02,6.677821744233369827e-03,7.899467833340167999e-03
9.405724406242370605e-01,1.350426487624645233e-02,2.141332067549228668e-02,1.057567447423934937e-02,5.932726897299289703e-03,8.001714944839477539e-03
9.369761943817138672e-01,1.543768215924501419e-02,1.937308907508850098e-02,1.452926546335220337e-02,4.684112034738063812e-03,8.999801240861415863e-03
9.629620313644409180e-01,8.794809691607952118e-03,9.958242997527122498e-03,9.935249574482440948e-03,2.012734301388263702e-03,6.336965598165988922e-03
9.680247306823730469e-01,7.509488146752119064e-03,8.427847176790237427e-03,8.095367811620235443e-03,1.881726784631609917e-03,6.060913205146789551e-03
9.655596017837524414e-01,5.497661884874105453e-03,9.633622132241725922e-03,1.118302717804908752e-02,1.898480230011045933e-03,6.227558013051748276e-03
9.662021994590759277e-01,3.666920820251107216e-03,7.553617935627698898e-03,1.504937838762998581e-02,1.406336668878793716e-03,6.121643818914890289e-03
9.654915928840637207e-01,3.821359947323799133e-03,9.814017452299594879e-03,1.385348476469516754e-02,1.735393889248371124e-03,5.284138955175876617e-03
9.522979855537414551e-01,3.887335769832134247e-03,1.491019688546657562e-02,1.890535280108451843e-02,3.036058973520994186e-03,6.963009014725685120e-03
9.439103007316589355e-01,4.433297086507081985e-03,1.949197612702846527e-02,2.285884320735931396e-02,2.910237526521086693e-03,6.395324598997831345e-03
9.362956881523132324e-01,6.056647747755050659e-03,2.350859716534614563e-02,2.440763264894485474e-02,3.262212034314870834e-03,6.469178944826126099e-03
9.208626151084899902e-01,4.116483032703399658e-03,1.310631353408098221e-02,5.424019321799278259e-02,1.366688287816941738e-03,6.307695060968399048e-03
9.189882278442382812e-01,3.751252545043826103e-03,1.238567661494016647e-02,5.933566763997077942e-02,8.907575975172221661e-04,4.648408386856317520e-03
9.259566664695739746e-01,5.315445829182863235e-03,1.565794833004474640e-02,4.696752876043319702e-02,1.255559385754168034e-03,4.846828058362007141e-03
9.362528324127197266e-01,3.689688164740800858e-03,9.347053244709968567e-03,4.593717679381370544e-02,7.331654778681695461e-04,4.040130414068698883e-03
9.560427665710449219e-01,6.422951351851224899e-03,1.545333955436944962e-02,1.439371425658464432e-02,2.573536941781640053e-03,5.113707855343818665e-03
9.413164854049682617e-01,5.807069130241870880e-03,1.879118941724300385e-02,2.596888877451419830e-02,2.397182397544384003e-03,5.719111301004886627e-03
9.497269988059997559e-01,5.604516714811325073e-03,1.658928394317626953e-02,1.933937706053256989e-02,2.639301586896181107e-03,6.100558210164308548e-03
9.406389594078063965e-01,4.426082130521535873e-03,1.572046428918838501e-02,3.179689869284629822e-02,1.790581387467682362e-03,5.627014208585023880e-03
9.386104941368103027e-01,5.324230063706636429e-03,1.488059014081954956e-02,3.182955831289291382e-02,2.270410768687725067e-03,7.084682583808898926e-03
9.419370889663696289e-01,4.801377654075622559e-03,1.547617372125387192e-02,2.858851663768291473e-02,2.553886268287897110e-03,6.642953027039766312e-03
9.420116543769836426e-01,6.356983911246061325e-03,2.251939475536346436e-02,1.844740658998489380e-02,4.064126405864953995e-03,6.600453518331050873e-03
9.529204368591308594e-01,5.637510679662227631e-03,1.987887732684612274e-02,9.009636007249355316e-03,5.546981934458017349e-03,7.006701081991195679e-03
9.501002430915832520e-01,6.043496541678905487e-03,2.077503688633441925e-02,1.115685049444437027e-02,5.114290863275527954e-03,6.810053251683712006e-03
9.374315142631530762e-01,7.151274941861629486e-03,2.660565637052059174e-02,1.797668263316154480e-02,4.344948567450046539e-03,6.489949766546487808e-03
9.475627541542053223e-01,5.006123334169387817e-03,1.866373419761657715e-02,2.075252681970596313e-02,2.531497273594141006e-03,5.483373999595642090e-03
9.413197636604309082e-01,4.977062344551086426e-03,2.157460153102874756e-02,2.462735213339328766e-02,2.368765883147716522e-03,5.132470745593309402e-03
9.547938704490661621e-01,4.668584093451499939e-03,1.532220188528299332e-02,1.687403582036495209e-02,2.585781738162040710e-03,5.755590740591287613e-03
9.511216878890991211e-01,7.266961038112640381e-03,2.067330479621887207e-02,9.809719398617744446e-03,5.024563986808061600e-03,6.103888154029846191e-03
9.560398459434509277e-01,6.409907247871160507e-03,1.733430102467536926e-02,8.925992995500564575e-03,4.988680593669414520e-03,6.301218178123235703e-03
9.424099922180175781e-01,1.022924110293388367e-02,2.542876079678535461e-02,1.129626482725143433e-02,4.746636375784873962e-03,5.889059975743293762e-03
9.432256817817687988e-01,8.455391041934490204e-03,2.458756044507026672e-02,1.313531585037708282e-02,4.666474182158708572e-03,5.929661914706230164e-03
9.405239224433898926e-01,9.465201757848262787e-03,2.603779174387454987e-02,1.336883939802646637e-02,4.431519191712141037e-03,6.172675639390945435e-03
9.432340860366821289e-01,9.755905717611312866e-03,2.260984852910041809e-02,1.300670765340328217e-02,4.426263272762298584e-03,6.967073772102594376e-03
9.495909810066223145e-01,6.528879981487989426e-03,1.676159538328647614e-02,1.742020808160305023e-02,3.035459667444229126e-03,6.662728730589151382e-03
9.510630369186401367e-01,7.778846193104982376e-03,1.561266370117664337e-02,1.453667227178812027e-02,3.603531746193766594e-03,7.405377924442291260e-03
9.470403790473937988e-01,5.372982937842607498e-03,1.538507826626300812e-02,2.395825088024139404e-02,2.241212408989667892e-03,6.002110429108142853e-03
9.406442642211914062e-01,1.007123757153749466e-02,2.290548756718635559e-02,1.519094500690698624e-02,4.563875030726194382e-03,6.624130997806787491e-03
9.406486749649047852e-01,6.107270251959562302e-03,2.086299657821655273e-02,2.478962764143943787e-02,2.489467849954962730e-03,5.102029070258140564e-03
9.343460202217102051e-01,1.195953041315078735e-02,2.878548204898834229e-02,1.348494924604892731e-02,5.446105264127254486e-03,5.977860651910305023e-03
9.425852298736572266e-01,7.979154586791992188e-03,2.010666579008102417e-02,1.999099552631378174e-02,3.386625554412603378e-03,5.951302591711282730e-03
9.441663026809692383e-01,8.828467689454555511e-03,1.991669647395610809e-02,1.765953749418258667e-02,3.258622484281659126e-03,6.170400418341159821e-03
9.429526925086975098e-01,4.571540281176567078e-03,1.410782244056463242e-02,3.037954308092594147e-02,1.936087617650628090e-03,6.052189972251653671e-03
9.513154029846191406e-01,5.276402924209833145e-03,1.284371875226497650e-02,2.077985554933547974e-02,2.607083879411220551e-03,7.177464663982391357e-03
9.496333599090576172e-01,5.689006298780441284e-03,1.425951812416315079e-02,2.152277901768684387e-02,2.436976647004485130e-03,6.458404939621686935e-03
9.264767765998840332e-01,7.108883932232856750e-03,1.656872779130935669e-02,4.059558734297752380e-02,2.231755061075091362e-03,7.018260657787322998e-03
9.500955343246459961e-01,5.977736320346593857e-03,1.429260522127151489e-02,2.200410701334476471e-02,2.080651931464672089e-03,5.549339111894369125e-03
9.447383880615234375e-01,6.039432249963283539e-03,1.243408862501382828e-02,2.921473979949951172e-02,1.631791004911065102e-03,5.941551178693771362e-03
9.513970613479614258e-01,7.664794102311134338e-03,1.552448887377977371e-02,1.674306206405162811e-02,2.689079614356160164e-03,5.981414578855037689e-03
9.529182314872741699e-01,7.097402121871709824e-03,1.493910793215036392e-02,1.473694015294313431e-02,3.400204237550497055e-03,6.908208131790161133e-03
9.494252800941467285e-01,1.068229787051677704e-02,1.809749938547611237e-02,1.134992390871047974e-02,3.905910998582839966e-03,6.539021153002977371e-03
9.426694512367248535e-01,9.223569184541702271e-03,2.272536419332027435e-02,1.424022391438484192e-02,4.548422526568174362e-03,6.592903286218643188e-03
9.401464462280273438e-01,8.865308016538619995e-03,2.164546214044094086e-02,1.867052540183067322e-02,3.849946660920977592e-03,6.822244729846715927e-03
9.246036410331726074e-01,1.013858523219823837e-02,2.876624092459678650e-02,2.614440768957138062e-02,3.910618368536233902e-03,6.436451803892850876e-03
9.213898777961730957e-01,8.514915592968463898e-03,3.012156672775745392e-02,3.145537525415420532e-02,2.953052287921309471e-03,5.565304309129714966e-03
9.302116632461547852e-01,1.354471221566200256e-02,2.492898516356945038e-02,2.192840911448001862e-02,3.259226912632584572e-03,6.126976571977138519e-03
9.065753817558288574e-01,2.855081297457218170e-02,3.359530493617057800e-02,1.990343630313873291e-02,4.688507877290248871e-03,6.686557549983263016e-03
9.032220840454101562e-01,3.597154840826988220e-02,3.306125476956367493e-02,1.563636399805545807e-02,5.462224595248699188e-03,6.646534428000450134e-03
8.920369744300842285e-01,4.902508482336997986e-02,3.302896395325660706e-02,1.154883671551942825e-02,7.033772766590118408e-03,7.326353807002305984e-03
8.990652561187744141e-01,4.438447952270507812e-02,2.911339141428470612e-02,1.102252304553985596e-02,7.899985648691654205e-03,8.514333516359329224e-03
9.408313035964965820e-01,1.204242650419473648e-02,1.988331228494644165e-02,1.695803366601467133e-02,3.624755190685391426e-03,6.660110317170619965e-03
9.447103142738342285e-01,8.910778909921646118e-03,2.154623344540596008e-02,1.541572250425815582e-02,3.487086156383156776e-03,5.929804407060146332e-03
9.568169116973876953e-01,5.457042250782251358e-03,1.442145835608243942e-02,1.616118103265762329e-02,2.006144262850284576e-03,5.137330386787652969e-03
9.523586034774780273e-01,4.793465603142976761e-03,1.595855131745338440e-02,1.902443729341030121e-02,2.416562754660844803e-03,5.448325537145137787e-03
9.549610614776611328e-01,5.488425958901643753e-03,1.448713149875402451e-02,1.615925133228302002e-02,2.780702896416187286e-03,6.123432889580726624e-03
9.540522098541259766e-01,6.475840229541063309e-03,1.458172034472227097e-02,1.376396231353282928e-02,3.972030244767665863e-03,7.154217455536127090e-03
9.571999907493591309e-01,5.288310348987579346e-03,1.454175915569067001e-02,1.219383347779512405e-02,3.806135151535272598e-03,6.969896610826253891e-03
9.565792679786682129e-01,6.067284848541021347e-03,1.638005301356315613e-02,8.585996925830841064e-03,5.566281266510486603e-03,6.821108050644397736e-03
9.514767527580261230e-01,9.638402611017227173e-03,1.803376711905002594e-02,7.419084664434194565e-03,6.273515056818723679e-03,7.158507592976093292e-03
9.487546682357788086e-01,1.096915639936923981e-02,2.015988156199455261e-02,6.267572753131389618e-03,7.101846393197774887e-03,6.746933795511722565e-03
9.441882967948913574e-01,1.219050120562314987e-02,2.141552232205867767e-02,9.652452543377876282e-03,5.738712381571531296e-03,6.814632564783096313e-03
9.508333206176757812e-01,8.920954540371894836e-03,1.757038198411464691e-02,1.261765509843826294e-02,3.749497001990675926e-03,6.308300886303186417e-03
9.439995884895324707e-01,8.080845698714256287e-03,1.864097453653812408e-02,1.831288076937198639e-02,3.834867151454091072e-03,7.130811456590890884e-03
9.458530545234680176e-01,9.245288558304309845e-03,1.702553220093250275e-02,1.693506538867950439e-02,3.832252230495214462e-03,7.108725607395172119e-03
9.546849131584167480e-01,6.276663392782211304e-03,1.329154986888170242e-02,1.669244840741157532e-02,2.639358863234519958e-03,6.415079813450574875e-03
9.446491003036499023e-01,6.470540538430213928e-03,1.905306801199913025e-02,2.064738236367702484e-02,3.013845300301909447e-03,6.166073959320783615e-03
9.543722867965698242e-01,4.717020783573389053e-03,1.661970093846321106e-02,1.516278740018606186e-02,3.205606015399098396e-03,5.922543816268444061e-03
9.408688545227050781e-01,5.493199452757835388e-03,2.132043987512588501e-02,2.438199333846569061e-02,2.581449225544929504e-03,5.354103166610002518e-03
9.432495832443237305e-01,5.670023150742053986e-03,1.853766478598117828e-02,2.562165819108486176e-02,2.018468687310814857e-03,4.902702290564775467e-03
9.451294541358947754e-01,6.368842441588640213e-03,1.474047731608152390e-02,2.706795558333396912e-02,1.738784136250615120e-03,4.954450298100709915e-03
9.421166777610778809e-01,8.082410320639610291e-03,1.783681847155094147e-02,2.365977317094802856e-02,2.409356180578470230e-03,5.894884001463651657e-03
9.548842906951904297e-01,5.083820782601833344e-03,1.320839114487171173e-02,2.031764946877956390e-02,1.608369522728025913e-03,4.897621460258960724e-03
9.514455199241638184e-01,6.989697460085153580e-03,1.439935248345136642e-02,1.855587400496006012e-02,2.302302513271570206e-03,6.307169329375028610e-03
9.573270678520202637e-01,5.365735851228237152e-03,1.172520499676465988e-02,1.789568178355693817e-02,1.809755805879831314e-03,5.876705981791019440e-03
9.575080275535583496e-01,4.863046109676361084e-03,1.188649516552686691e-02,1.858184300363063812e-02,1.672883518040180206e-03,5.487729795277118683e-03
9.551325440406799316e-01,3.620916977524757385e-03,8.279229514300823212e-03,2.711245790123939514e-02,9.127650409936904907e-04,4.941971041262149811e-03
9.544351696968078613e-01,3.987614065408706665e-03,1.211618445813655853e-02,2.286495827138423920e-02,1.521084457635879517e-03,5.075061228126287460e-03
9.447230696678161621e-01,7.274619303643703461e-03,1.595105975866317749e-02,2.373337559401988983e-02,2.331166062504053116e-03,5.986738484352827072e-03
9.471268653869628906e-01,6.596337538212537766e-03,2.126422896981239319e-02,1.731743104755878448e-02,2.769298851490020752e-03,4.925888963043689728e-03
9.184806942939758301e-01,8.418506942689418793e-03,4.420623928308486938e-02,2.042281813919544220e-02,4.022138193249702454e-03,4.449596628546714783e-03
9.181516170501708984e-01,7.569786161184310913e-03,4.672009870409965515e-02,1.947663538157939911e-02,3.861544188112020493e-03,4.220237489789724350e-03
9.192252755165100098e-01,7.471627090126276016e-03,4.327208176255226135e-02,2.293431386351585388e-02,2.958714729174971581e-03,4.137957934290170670e-03
9.377089142799377441e-01,8.571606129407882690e-03,2.592804096639156342e-02,1.865154691040515900e-02,3.669013734906911850e-03,5.471041891723871231e-03
9.549661874771118164e-01,6.728298030793666840e-03,1.544064097106456757e-02,1.491701416671276093e-02,2.559227636083960533e-03,5.388501100242137909e-03
9.451112747192382812e-01,8.080604486167430878e-03,1.587688922882080078e-02,2.153654769062995911e-02,2.791601931676268578e-03,6.603019312024116516e-03
9.468792676925659180e-01,8.071790449321269989e-03,1.743116043508052826e-02,1.820604130625724792e-02,3.189352573826909065e-03,6.222438998520374298e-03
9.452181458473205566e-01,6.341399159282445908e-03,1.753209345042705536e-02,2.258908934891223907e-02,2.540274290367960930e-03,5.778983235359191895e-03
9.477335810661315918e-01,7.659314200282096863e-03,2.196998707950115204e-02,1.150582358241081238e-02,5.187317728996276855e-03,5.944017786532640457e-03
9.390454888343811035e-01,1.015684287995100021e-02,2.519428357481956482e-02,1.521791238337755203e-02,4.568768665194511414e-03,5.816739052534103394e-03
9.434442520141601562e-01,6.716810632497072220e-03,2.252602577209472656e-02,1.823149807751178741e-02,3.422544337809085846e-03,5.658935289829969406e-03
9.470019936561584473e-01,6.915327161550521851e-03,2.223186008632183075e-02,1.347262691706418991e-02,4.399012774229049683e-03,5.979317240417003632e-03
9.251903891563415527e-01,9.860333055257797241e-03,3.406343609094619751e-02,2.058041281998157501e-02,4.308488219976425171e-03,5.996811203658580780e-03
9.429480433464050293e-01,7.628524675965309143e-03,1.958336867392063141e-02,1.939349994063377380e-02,3.396763000637292862e-03,7.049649488180875778e-03
9.437490701675415039e-01,8.220287039875984192e-03,2.310069836676120758e-02,1.385357137769460678e-02,4.708354361355304718e-03,6.367925088852643967e-03
9.537588953971862793e-01,7.790379691869020462e-03,1.807554066181182861e-02,1.034910418093204498e-02,4.136084113270044327e-03,5.889946594834327698e-03
9.494354724884033203e-01,8.045340888202190399e-03,2.034214697778224945e-02,1.223760936409235001e-02,4.069343209266662598e-03,5.870003253221511841e-03
9.560286998748779297e-01,6.049918010830879211e-03,1.695804111659526825e-02,9.440070018172264099e-03,5.031785462051630020e-03,6.491459906101226807e-03
9.530380964279174805e-01,6.181384436786174774e-03,1.956010609865188599e-02,1.053018216043710709e-02,4.516104701906442642e-03,6.174237933009862900e-03
9.546817541122436523e-01,3.476209472864866257e-03,1.411061920225620270e-02,2.016638219356536865e-02,2.159669063985347748e-03,5.405370611697435379e-03
9.511459469795227051e-01,4.889334551990032196e-03,2.033852972090244293e-02,1.357022207230329514e-02,4.033995326608419418e-03,6.021993234753608704e-03
9.403658509254455566e-01,5.822499282658100128e-03,1.970464549958705902e-02,2.625157684087753296e-02,2.410461660474538803e-03,5.444973707199096680e-03
9.301633238792419434e-01,7.983629591763019562e-03,2.084951661527156830e-02,3.334283083677291870e-02,2.213925123214721680e-03,5.446712486445903778e-03
9.380970001220703125e-01,1.204756274819374084e-02,2.555903792381286621e-02,1.522616390138864517e-02,3.718718653544783592e-03,5.351562518626451492e-03
9.268476366996765137e-01,1.200679037719964981e-02,2.588179893791675568e-02,2.786974050104618073e-02,2.357611432671546936e-03,5.036374554038047791e-03
9.060055017471313477e-01,1.927932165563106537e-02,4.188385978341102600e-02,2.381939440965652466e-02,3.799273399636149406e-03,5.212734453380107880e-03
9.116718173027038574e-01,1.271190866827964783e-02,4.760126397013664246e-02,1.971871592104434967e-02,3.852126654237508774e-03,4.444027319550514221e-03
9.206933975219726562e-01,1.042016968131065369e-02,4.052203521132469177e-02,1.986624859273433685e-02,3.723833011463284492e-03,4.774249158799648285e-03
9.279525876045227051e-01,7.963811978697776794e-03,4.002181813120841980e-02,1.429621130228042603e-02,4.665546584874391556e-03,5.100082606077194214e-03
9.424660801887512207e-01,8.816487155854701996e-03,2.646803297102451324e-02,1.202576700598001480e-02,4.642907995730638504e-03,5.580713506788015366e-03
9.553877115249633789e-01,6.115393247455358505e-03,1.634355634450912476e-02,1.213662419468164444e-02,3.583752783015370369e-03,6.433012895286083221e-03
9.495842456817626953e-01,8.039951324462890625e-03,2.083959802985191345e-02,1.078246906399726868e-02,4.617669153958559036e-03,6.136094219982624054e-03
9.487309455871582031e-01,8.766422048211097717e-03,1.781025528907775879e-02,1.300365757197141647e-02,4.577472805976867676e-03,7.111272308975458145e-03
9.125907421112060547e-01,1.311230007559061050e-02,4.315573722124099731e-02,1.914614252746105194e-02,6.104619242250919342e-03,5.890496075153350830e-03
9.382492899894714355e-01,1.139314286410808563e-02,2.652038447558879852e-02,1.180672179907560349e-02,5.786190740764141083e-03,6.244242656975984573e-03
9.241973161697387695e-01,1.086477283388376236e-02,3.494586050510406494e-02,1.924605667591094971e-02,4.872776102274656296e-03,5.873235873878002167e-03
9.298747777938842773e-01,1.197334565222263336e-02,3.204592689871788025e-02,1.262348517775535583e-02,6.721144542098045349e-03,6.761434953659772873e-03
9.329672455787658691e-01,1.229140721261501312e-02,2.688638493418693542e-02,1.696156710386276245e-02,4.520014394074678421e-03,6.373378913849592209e-03
9.517478942871093750e-01,8.957613259553909302e-03,1.865649595856666565e-02,8.546726778149604797e-03,5.419966764748096466e-03,6.671414244920015335e-03
9.530900716781616211e-01,6.850337609648704529e-03,1.650061830878257751e-02,1.285245828330516815e-02,4.065039567649364471e-03,6.641478277742862701e-03
9.473722577095031738e-01,7.695469539612531662e-03,1.733732968568801880e-02,1.796961762011051178e-02,3.195276483893394470e-03,6.430103443562984467e-03
9.492459297180175781e-01,6.715791765600442886e-03,1.836292631924152374e-02,1.666997186839580536e-02,3.062197705730795860e-03,5.943127442151308060e-03
9.354265928268432617e-01,8.767078630626201630e-03,2.799512259662151337e-02,1.528954412788152695e-02,5.775063764303922653e-03,6.746677681803703308e-03
9.355077147483825684e-01,8.596768602728843689e-03,3.061608225107192993e-02,1.302679814398288727e-02,6.150170695036649704e-03,6.102534011006355286e-03
9.391343593597412109e-01,9.542807005345821381e-03,2.787614241242408752e-02,1.041785255074501038e-02,6.757895462214946747e-03,6.271119695156812668e-03
9.386236071586608887e-01,8.416917175054550171e-03,2.670854330062866211e-02,1.567391492426395416e-02,4.785261116921901703e-03,5.791624542325735092e-03
9.404042363166809082e-01,6.202729884535074234e-03,2.516552433371543884e-02,2.160344459116458893e-02,2.405916107818484306e-03,4.218191839754581451e-03
9.416441917419433594e-01,5.539836362004280090e-03,1.870530471205711365e-02,2.808766067028045654e-02,1.572221633978188038e-03,4.450782667845487595e-03
9.247877001762390137e-01,6.496933754533529282e-03,1.874434016644954681e-02,4.314132034778594971e-02,1.486880006268620491e-03,5.342840682715177536e-03
9.364351034164428711e-01,3.722621127963066101e-03,1.461201068013906479e-02,3.941773623228073120e-02,1.078394008800387383e-03,4.734200891107320786e-03
9.381864070892333984e-01,5.721841473132371902e-03,1.308185793459415436e-02,3.428229689598083496e-02,1.728495699353516102e-03,6.999129429459571838e-03
9.356548786163330078e-01,8.201552554965019226e-03,1.194308139383792877e-02,3.452743962407112122e-02,1.899697352200746536e-03,7.773227989673614502e-03
9.413434267044067383e-01,1.143689174205064774e-02,1.573889330029487610e-02,2.032328583300113678e-02,3.210974158719182014e-03,7.946566678583621979e-03
9.447039961814880371e-01,1.190774049609899521e-02,1.636086031794548035e-02,1.634486019611358643e-02,3.259906312450766563e-03,7.422572933137416840e-03
9.405590295791625977e-01,8.408744819462299347e-03,1.904688216745853424e-02,2.326718345284461975e-02,2.593662124127149582e-03,6.124576088041067123e-03
9.502300620079040527e-01,6.813218817114830017e-03,1.825831457972526550e-02,1.743331924080848694e-02,2.307431073859333992e-03,4.957702942192554474e-03
9.479273557662963867e-01,6.573575083166360855e-03,2.010645717382431030e-02,1.800139620900154114e-02,2.439136849716305733e-03,4.952223040163516998e-03
9.434201717376708984e-01,7.320463657379150391e-03,2.430929988622665405e-02,1.643657684326171875e-02,3.330113599076867104e-03,5.183463916182518005e-03
9.392286539077758789e-01,8.024015463888645172e-03,2.311534248292446136e-02,2.015221677720546722e-02,3.457790240645408630e-03,6.021921522915363312e-03
9.381527304649353027e-01,9.027453139424324036e-03,2.731592766940593719e-02,1.470799650996923447e-02,4.546196665614843369e-03,6.249748170375823975e-03
9.512330889701843262e-01,5.367132369428873062e-03,1.972430385649204254e-02,1.404386758804321289e-02,3.486028872430324554e-03,6.145594641566276550e-03
9.454146027565002441e-01,4.482024814933538437e-03,1.851237379014492035e-02,2.327638305723667145e-02,2.374099567532539368e-03,5.940552800893783569e-03
9.379529953002929688e-01,3.515569493174552917e-03,1.403524819761514664e-02,3.879287838935852051e-02,1.107347197830677032e-03,4.595853388309478760e-03
9.221088886260986328e-01,4.488652106374502182e-03,1.493920385837554932e-02,5.176448076963424683e-02,1.215257681906223297e-03,5.483564455062150955e-03
9.214735031127929688e-01,3.606419079005718231e-03,1.011288538575172424e-02,5.799080058932304382e-02,9.722805116325616837e-04,5.844173952937126160e-03
9.453159570693969727e-01,3.814314492046833038e-03,8.956125006079673767e-03,3.394849598407745361e-02,1.426552189514040947e-03,6.538620218634605408e-03
9.605460166931152344e-01,5.052873864769935608e-03,1.069796923547983170e-02,1.491210702806711197e-02,2.331637078896164894e-03,6.459236610680818558e-03
9.542127251625061035e-01,5.557810887694358826e-03,1.357440184801816940e-02,1.627895422279834747e-02,3.263951512053608894e-03,7.112277671694755554e-03
9.524847865104675293e-01,6.170317530632019043e-03,1.780570670962333679e-02,1.252386532723903656e-02,4.310150630772113800e-03,6.705134175717830658e-03
9.518352746963500977e-01,7.219838909804821014e-03,1.807770319283008575e-02,1.171263679862022400e-02,4.283687565475702286e-03,6.870774552226066589e-03
9.532084465026855469e-01,4.377924837172031403e-03,1.647739484906196594e-02,1.766685396432876587e-02,2.658300101757049561e-03,5.611130967736244202e-03
9.552158117294311523e-01,4.285601899027824402e-03,1.434099115431308746e-02,1.656972616910934448e-02,2.898046979680657387e-03,6.689809728413820267e-03
9.491608738899230957e-01,6.301702000200748444e-03,1.598337292671203613e-02,1.812281459569931030e-02,3.226444823667407036e-03,7.204707711935043335e-03
9.381729960441589355e-01,5.274085793644189835e-03,1.625581271946430206e-02,3.094594553112983704e-02,2.280062530189752579e-03,7.071082014590501785e-03
9.378883838653564453e-01,7.759711239486932755e-03,1.773663423955440521e-02,2.615398913621902466e-02,2.832970349118113518e-03,7.628349121659994125e-03
9.385314583778381348e-01,7.888257503509521484e-03,2.060014754533767700e-02,2.302832156419754028e-02,3.258710494264960289e-03,6.693281698971986771e-03
9.314455389976501465e-01,1.389937195926904678e-02,2.620017901062965393e-02,1.876999996602535248e-02,3.589498111978173256e-03,6.095422431826591492e-03
9.103066921234130859e-01,2.119859494268894196e-02,4.417970404028892517e-02,1.415003649890422821e-02,5.190434865653514862e-03,4.974524956196546555e-03
9.172918200492858887e-01,1.772754266858100891e-02,4.203477501869201660e-02,1.101493556052446365e-02,6.708512548357248306e-03,5.222415551543235779e-03
9.180888533592224121e-01,2.039903588593006134e-02,3.840597718954086304e-02,1.133433729410171509e-02,6.139263976365327835e-03,5.632423795759677887e-03
9.417836070060729980e-01,1.008337363600730896e-02,2.300093509256839752e-02,1.431047450751066208e-02,4.478228744119405746e-03,6.343298126012086868e-03
9.460086822509765625e-01,1.040394231677055359e-02,1.965125650167465210e-02,1.317984610795974731e-02,4.308603703975677490e-03,6.447616964578628540e-03
9.422244429588317871e-01,4.565385635942220688e-03,2.246757596731185913e-02,2.268579974770545959e-02,2.799851819872856140e-03,5.257007665932178497e-03
9.531350135803222656e-01,4.853460937738418579e-03,1.842524297535419464e-02,1.460430677980184555e-02,3.292840672656893730e-03,5.688948556780815125e-03
9.467617273330688477e-01,3.183086635544896126e-03,1.889596134424209595e-02,2.266284264624118805e-02,2.584069967269897461e-03,5.912276916205883026e-03
9.551131725311279297e-01,4.460614174604415894e-03,1.900620199739933014e-02,1.173637248575687408e-02,3.694674465805292130e-03,5.989001598209142685e-03
9.560473561286926270e-01,4.453851841390132904e-03,1.766626723110675812e-02,1.113073900341987610e-02,4.137827549129724503e-03,6.564121693372726440e-03
9.447717070579528809e-01,8.994094096124172211e-03,2.247987315058708191e-02,7.847520522773265839e-03,8.658433333039283752e-03,7.248487323522567749e-03
9.374486207962036133e-01,1.251036301255226135e-02,2.618277631700038910e-02,8.892415091395378113e-03,8.181946352124214172e-03,6.783967837691307068e-03
9.410381317138671875e-01,1.044952403753995895e-02,2.110067754983901978e-02,1.647024415433406830e-02,4.453387111425399780e-03,6.488027982413768768e-03
9.359513521194458008e-01,1.425428502261638641e-02,2.524535544216632843e-02,1.207912527024745941e-02,6.078560370951890945e-03,6.391392089426517487e-03
9.107312560081481934e-01,2.299230173230171204e-02,2.356963045895099640e-02,3.403471782803535461e-02,2.451209118589758873e-03,6.220783572643995285e-03
9.164621233940124512e-01,3.233681619167327881e-02,2.405743487179279327e-02,1.513590756803750992e-02,4.770773462951183319e-03,7.236928213387727737e-03
9.088292121887207031e-01,2.613050118088722229e-02,3.744702413678169250e-02,1.656017452478408813e-02,5.158055573701858521e-03,5.874841008335351944e-03
9.054505228996276855e-01,3.163282200694084167e-02,3.655946999788284302e-02,1.062382571399211884e-02,8.268337696790695190e-03,7.464963477104902267e-03
9.106749892234802246e-01,1.711413264274597168e-02,4.486551508307456970e-02,1.448131445795297623e-02,6.461567245423793793e-03,6.402585189789533615e-03
8.951108455657958984e-01,1.072080992162227631e-02,6.518003344535827637e-02,1.732340827584266663e-02,6.541788578033447266e-03,5.123182665556669235e-03
9.065656661987304688e-01,1.009360235184431076e-02,5.773271620273590088e-02,1.535533089190721512e-02,5.175057798624038696e-03,5.077465903013944626e-03
9.001265764236450195e-01,8.310087025165557861e-03,6.180702894926071167e-02,1.521008927375078201e-02,8.503436110913753510e-03,6.042771507054567337e-03
9.110339283943176270e-01,1.155321765691041946e-02,4.795130714774131775e-02,1.047884207218885422e-02,1.188109628856182098e-02,7.101454772055149078e-03
9.287847280502319336e-01,1.102834939956665039e-02,3.378076106309890747e-02,1.052700914442539215e-02,8.615820668637752533e-03,7.263431325554847717e-03
9.399719834327697754e-01,6.490654312074184418e-03,2.617865614593029022e-02,9.888187982141971588e-03,9.903783909976482391e-03,7.566598709672689438e-03
9.147309660911560059e-01,1.677557453513145447e-02,4.119743406772613525e-02,1.291738357394933701e-02,7.913316600024700165e-03,6.465196609497070312e-03
9.190624952316284180e-01,8.376550860702991486e-03,3.366604074835777283e-02,3.197303041815757751e-02,2.542468253523111343e-03,4.379411228001117706e-03
9.341660141944885254e-01,8.775493130087852478e-03,2.668642811477184296e-02,2.265986800193786621e-02,2.918820595368742943e-03,4.793418105691671371e-03
9.252709150314331055e-01,7.279075216501951218e-03,2.624505013227462769e-02,3.556482493877410889e-02,1.659396337345242500e-03,3.980624023824930191e-03
9.160125255584716797e-01,6.594386883080005646e-03,2.643352188169956207e-02,4.475097358226776123e-02,1.750761410221457481e-03,4.457842558622360229e-03
9.421485662460327148e-01,5.617585498839616776e-03,1.609416864812374115e-02,2.875639125704765320e-02,1.885150792077183723e-03,5.498124752193689346e-03
9.268101453781127930e-01,8.752926252782344818e-03,2.492706850171089172e-02,2.946639433503150940e-02,3.372208215296268463e-03,6.671308074146509171e-03
9.373486638069152832e-01,1.068274118006229401e-02,2.158392965793609619e-02,1.754996366798877716e-02,5.140791647136211395e-03,7.693884428590536118e-03
9.249030351638793945e-01,1.206044293940067291e-02,3.202173486351966858e-02,1.643772423267364502e-02,6.902852095663547516e-03,7.674196269363164902e-03
9.308384060859680176e-01,1.358884200453758240e-02,2.797114849090576172e-02,1.091660372912883759e-02,8.895426988601684570e-03,7.789518684148788452e-03
9.305214285850524902e-01,1.224494166672229767e-02,2.922832407057285309e-02,1.170951500535011292e-02,8.819687180221080780e-03,7.476001046597957611e-03
9.253528118133544922e-01,1.358808763325214386e-02,3.491703793406486511e-02,1.247336436063051224e-02,7.176628336310386658e-03,6.492087617516517639e-03
9.048641920089721680e-01,1.636890135705471039e-02,4.969383031129837036e-02,1.623297668993473053e-02,7.033472415059804916e-03,5.806645378470420837e-03
9.182971715927124023e-01,1.292551122605800629e-02,4.133510962128639221e-02,1.806110143661499023e-02,4.501186311244964600e-03,4.879974760115146637e-03
8.870735764503479004e-01,1.212488673627376556e-02,5.916611850261688232e-02,3.395552188158035278e-02,3.273002803325653076e-03,4.406880587339401245e-03
9.077029228210449219e-01,1.464262604713439941e-02,4.328899085521697998e-02,2.436238527297973633e-02,4.109668079763650894e-03,5.893312394618988037e-03
8.683307170867919922e-01,1.587192527949810028e-02,4.635033756494522095e-02,6.174251064658164978e-02,2.235276158899068832e-03,5.469157360494136810e-03
9.268021583557128906e-01,1.261613145470619202e-02,2.466435730457305908e-02,2.593144029378890991e-02,2.984653459861874580e-03,7.001362275332212448e-03
9.223850965499877930e-01,2.173677645623683929e-02,2.195968478918075562e-02,2.162205986678600311e-02,3.742689732462167740e-03,8.553643710911273956e-03
9.393368959426879883e-01,1.584679819643497467e-02,1.750410534441471100e-02,1.390699949115514755e-02,4.623416811227798462e-03,8.781868964433670044e-03
9.428523182868957520e-01,1.430190913379192352e-02,1.759491674602031708e-02,1.114758383482694626e-02,5.307475570589303970e-03,8.795686066150665283e-03
9.405994415283203125e-01,1.494548749178647995e-02,2.097578346729278564e-02,7.959277369081974030e-03,6.874730344861745834e-03,8.645306341350078583e-03
9.429578781127929688e-01,1.258132886141538620e-02,1.907080970704555511e-02,6.540610454976558685e-03,9.098564274609088898e-03,9.750891476869583130e-03
9.433901309967041016e-01,1.101374998688697815e-02,2.106231823563575745e-02,8.231365121901035309e-03,8.000067435204982758e-03,8.302394300699234009e-03
9.444429874420166016e-01,1.034702826291322708e-02,2.118162438273429871e-02,1.038504950702190399e-02,6.062463391572237015e-03,7.580798119306564331e-03
9.397822022438049316e-01,8.994588628411293030e-03,2.441109530627727509e-02,7.941520772874355316e-03,1.037469971925020218e-02,8.495861664414405823e-03
9.498624801635742188e-01,5.597538314759731293e-03,1.956416852772235870e-02,1.089785713702440262e-02,6.235584616661071777e-03,7.842410355806350708e-03
9.426739215850830078e-01,8.648461662232875824e-03,2.271566726267337799e-02,7.389781530946493149e-03,9.684186428785324097e-03,8.888057433068752289e-03
9.368317723274230957e-01,6.841658148914575577e-03,2.930481918156147003e-02,1.415018923580646515e-02,5.968535318970680237e-03,6.903032306581735611e-03
9.402286410331726074e-01,6.454182323068380356e-03,2.753369882702827454e-02,1.423498149961233139e-02,5.356512498110532761e-03,6.192103959619998932e-03
9.211034774780273438e-01,6.598134059458971024e-03,3.908167034387588501e-02,2.394798956811428070e-02,3.874317742884159088e-03,5.394407548010349274e-03
9.308710694313049316e-01,5.882245022803544998e-03,2.909601852297782898e-02,2.660685963928699493e-02,2.535549923777580261e-03,5.008199717849493027e-03
9.365239739418029785e-01,5.398507695645093918e-03,2.657293528318405151e-02,2.341599576175212860e-02,2.714651403948664665e-03,5.373977124691009521e-03
9.480398297309875488e-01,5.799651611596345901e-03,2.111867628991603851e-02,1.619415730237960815e-02,3.099584951996803284e-03,5.748216528445482254e-03
9.497294425964355469e-01,6.286734249442815781e-03,1.961886882781982422e-02,1.521581877022981644e-02,3.248952561989426613e-03,5.900215823203325272e-03
9.493906497955322266e-01,9.145445190370082855e-03,1.961365528404712677e-02,1.177152153104543686e-02,3.903143340721726418e-03,6.175528280436992645e-03
9.493138194084167480e-01,7.536795921623706818e-03,2.039856649935245514e-02,1.279066223651170731e-02,3.956947475671768188e-03,6.003095768392086029e-03
9.507173299789428711e-01,6.603066343814134598e-03,1.665000058710575104e-02,1.543730217963457108e-02,3.774246433749794960e-03,6.818113382905721664e-03
9.498677849769592285e-01,8.020114153623580933e-03,1.696060970425605774e-02,1.405111420899629593e-02,4.138997755944728851e-03,6.961486302316188812e-03
9.462915658950805664e-01,4.681037738919258118e-03,1.282992027699947357e-02,2.788493596017360687e-02,1.938978908583521843e-03,6.373447831720113754e-03
9.491767883300781250e-01,5.724467802792787552e-03,1.130172982811927795e-02,2.544112503528594971e-02,1.825717394240200520e-03,6.530172191560268402e-03
9.303777813911437988e-01,4.096252843737602234e-03,1.291828416287899017e-02,4.611667990684509277e-02,1.161938882432878017e-03,5.329097155481576920e-03
9.263252615928649902e-01,4.958093632012605667e-03,1.165152154862880707e-02,5.033141374588012695e-02,1.115348190069198608e-03,5.618373863399028778e-03
8.940258622169494629e-01,9.591287001967430115e-03,2.498433180153369904e-02,6.352225691080093384e-02,1.844595652073621750e-03,6.031598895788192749e-03
9.461263418197631836e-01,7.843272760510444641e-03,1.401827018707990646e-02,2.427623793482780457e-02,1.874083303846418858e-03,5.861625541001558304e-03
9.496876597404479980e-01,7.464783266186714172e-03,1.534178387373685837e-02,1.779991947114467621e-02,2.931936876848340034e-03,6.773871369659900665e-03
9.530327916145324707e-01,9.605221450328826904e-03,1.701674982905387878e-02,9.416799061000347137e-03,4.668682813644409180e-03,6.259730551391839981e-03
9.479241967201232910e-01,1.180297508835792542e-02,1.898964121937751770e-02,7.162284106016159058e-03,7.015200797468423843e-03,7.105628494173288345e-03
9.577891826629638672e-01,6.494454108178615570e-03,1.579866930842399597e-02,8.363662287592887878e-03,4.746915306895971298e-03,6.807171739637851715e-03
9.486796855926513672e-01,8.929976262152194977e-03,1.860054768621921539e-02,8.964888751506805420e-03,6.902916822582483292e-03,7.922006770968437195e-03
9.541220664978027344e-01,6.420338060706853867e-03,1.533456798642873764e-02,1.338079478591680527e-02,3.456233534961938858e-03,7.286128122359514236e-03
9.540773630142211914e-01,6.887004710733890533e-03,1.471795421093702316e-02,1.550854276865720749e-02,2.549325814470648766e-03,6.259785033762454987e-03
9.561561942100524902e-01,7.080962881445884705e-03,1.467460114508867264e-02,1.297659799456596375e-02,2.958521712571382523e-03,6.153159309178590775e-03
9.541116952896118164e-01,5.495638120919466019e-03,1.183755137026309967e-02,2.152873203158378601e-02,1.663006260059773922e-03,5.363439675420522690e-03
9.474623203277587891e-01,8.383973501622676849e-03,1.328023429960012436e-02,2.281068824231624603e-02,1.981629757210612297e-03,6.081166211515665054e-03
9.477135539054870605e-01,6.814026273787021637e-03,1.340100914239883423e-02,2.341840416193008423e-02,2.146001439541578293e-03,6.507026497274637222e-03
9.465767741203308105e-01,4.877045750617980957e-03,1.048541069030761719e-02,3.004743158817291260e-02,1.521033234894275665e-03,6.492285989224910736e-03
9.450840950012207031e-01,5.576939787715673447e-03,1.574542187154293060e-02,2.376756258308887482e-02,2.551944460719823837e-03,7.274107076227664948e-03
9.546815156936645508e-01,3.357389010488986969e-03,1.474585290998220444e-02,1.811475679278373718e-02,2.387662185356020927e-03,6.712777074426412582e-03
9.503831267356872559e-01,4.679341334849596024e-03,1.796203106641769409e-02,1.471676770597696304e-02,4.130522254854440689e-03,8.128329180181026459e-03
9.325230121612548828e-01,4.442787263542413712e-03,2.812607213854789734e-02,2.301907539367675781e-02,3.998319618403911591e-03,7.890593260526657104e-03
9.415776133537292480e-01,5.599586293101310730e-03,2.489952556788921356e-02,1.668635196983814240e-02,4.104705061763525009e-03,7.132424972951412201e-03
9.403423666954040527e-01,7.697522174566984177e-03,2.293900772929191589e-02,1.746239885687828064e-02,4.250197205692529678e-03,7.308532483875751495e-03
9.409828186035156250e-01,7.360119838267564774e-03,2.273318916559219360e-02,1.848494261503219604e-02,3.616509027779102325e-03,6.822488270699977875e-03
9.452871084213256836e-01,9.036368690431118011e-03,2.067776583135128021e-02,1.534923817962408066e-02,3.486171597614884377e-03,6.163469515740871429e-03
9.570742249488830566e-01,5.358269903808832169e-03,1.503042690455913544e-02,1.272627897560596466e-02,3.315372858196496964e-03,6.495494861155748367e-03
9.567179083824157715e-01,5.985633935779333115e-03,1.234232913702726364e-02,1.515030022710561752e-02,2.646011300384998322e-03,7.157696411013603210e-03
9.570839405059814453e-01,5.032266024500131607e-03,1.248809043318033218e-02,1.608992740511894226e-02,2.547319978475570679e-03,6.758393254131078720e-03
9.525636434555053711e-01,5.309095606207847595e-03,1.217904780060052872e-02,1.952259428799152374e-02,2.818870358169078827e-03,7.606712635606527328e-03
9.518949985504150391e-01,3.226570086553692818e-03,8.809850551187992096e-03,2.864144742488861084e-02,1.374452142044901848e-03,6.052796728909015656e-03
9.418401718139648438e-01,9.563805535435676575e-03,1.649376377463340759e-02,2.173774316906929016e-02,3.136305371299386024e-03,7.228159811347723007e-03
9.423562884330749512e-01,7.827103137969970703e-03,1.328854821622371674e-02,2.787850797176361084e-02,1.991288270801305771e-03,6.658196914941072464e-03
9.349783658981323242e-01,1.366092078387737274e-02,1.595595851540565491e-02,2.665824256837368011e-02,2.250031568109989166e-03,6.496398244053125381e-03
9.365622401237487793e-01,1.469254400581121445e-02,1.736551709473133087e-02,2.274711430072784424e-02,2.477563451975584030e-03,6.154977716505527496e-03
9.401519298553466797e-01,8.781400509178638458e-03,1.639754697680473328e-02,2.635665237903594971e-02,2.215364715084433556e-03,6.097142118960618973e-03
9.436351656913757324e-01,7.089977152645587921e-03,1.182620599865913391e-02,2.866865135729312897e-02,1.790206995792686939e-03,6.989826448261737823e-03
9.239600896835327148e-01,5.483865272253751755e-03,1.914319023489952087e-02,4.369672760367393494e-02,1.861791824921965599e-03,5.854419898241758347e-03
9.164770841598510742e-01,6.634241435676813126e-03,2.313836105167865753e-02,4.546106979250907898e-02,2.060189144685864449e-03,6.229051388800144196e-03
9.167383909225463867e-01,9.151721373200416565e-03,2.834619581699371338e-02,3.500153496861457825e-02,3.488557180389761925e-03,7.273586466908454895e-03
9.253976941108703613e-01,7.110022939741611481e-03,2.090555056929588318e-02,3.815412893891334534e-02,2.154795685783028603e-03,6.277895066887140274e-03
9.335467219352722168e-01,5.775956902652978897e-03,1.331528741866350174e-02,3.942485153675079346e-02,1.588398707099258900e-03,6.348870694637298584e-03
9.391682744026184082e-01,5.126716103404760361e-03,1.419472973793745041e-02,3.452232107520103455e-02,1.462490647099912167e-03,5.525385960936546326e-03
9.405341148376464844e-01,4.214929416775703430e-03,1.144746690988540649e-02,3.678079694509506226e-02,1.189113128930330276e-03,5.833487957715988159e-03
9.477327466011047363e-01,8.265625685453414917e-03,1.416505873203277588e-02,2.036802098155021667e-02,2.303650369867682457e-03,7.165028247982263565e-03
9.408369064331054688e-01,8.947125636041164398e-03,1.696679741144180298e-02,2.365451306104660034e-02,2.396113239228725433e-03,7.198486477136611938e-03
9.520572423934936523e-01,7.358555216342210770e-03,9.834381751716136932e-03,2.012524753808975220e-02,2.013101940974593163e-03,8.611462078988552094e-03
9.485732316970825195e-01,6.693120114505290985e-03,1.064986456185579300e-02,2.608452737331390381e-02,1.533305388875305653e-03,6.465854123234748840e-03
9.406270384788513184e-01,4.718506243079900742e-03,1.142567023634910583e-02,3.569808602333068848e-02,1.368198310956358910e-03,6.162555422633886337e-03
9.413859248161315918e-01,3.647520206868648529e-03,1.073505822569131851e-02,3.726494684815406799e-02,1.218975405208766460e-03,5.747577641159296036e-03
9.143657684326171875e-01,3.939557820558547974e-03,1.067157648503780365e-02,6.508760154247283936e-02,8.245733333751559258e-04,5.110933445394039154e-03
9.362596273422241211e-01,4.635344725102186203e-03,1.003531087189912796e-02,4.095475748181343079e-02,1.385516836307942867e-03,6.729580927640199661e-03
9.345881342887878418e-01,4.693359602242708206e-03,1.020147744566202164e-02,4.294750839471817017e-02,1.274039619602262974e-03,6.295491009950637817e-03
9.403359293937683105e-01,4.377311095595359802e-03,9.321829304099082947e-03,3.895150125026702881e-02,1.117546344175934792e-03,5.895945243537425995e-03
9.566217064857482910e-01,3.596587106585502625e-03,1.010450720787048340e-02,2.218720689415931702e-02,1.663578674197196960e-03,5.826526787132024765e-03
9.578133821487426758e-01,4.035980440676212311e-03,1.081199385225772858e-02,1.856619492173194885e-02,2.280174521729350090e-03,6.492395419627428055e-03
9.599688649177551270e-01,4.940447397530078888e-03,1.304293051362037659e-02,1.362049300223588943e-02,2.653787378221750259e-03,5.773372016847133636e-03
9.488041400909423828e-01,7.089238148182630539e-03,1.667978800833225250e-02,1.693624630570411682e-02,3.729456104338169098e-03,6.761205382645130157e-03
9.286007881164550781e-01,9.131968021392822266e-03,2.130856364965438843e-02,3.297286853194236755e-02,2.384673105552792549e-03,5.601095035672187805e-03
9.483352899551391602e-01,5.577565170824527740e-03,1.868885196745395660e-02,1.984677650034427643e-02,2.343791304156184196e-03,5.207813810557126999e-03
9.270977973937988281e-01,4.593582358211278915e-03,2.077892050147056580e-02,4.027584195137023926e-02,1.792569062672555447e-03,5.461161956191062927e-03
9.346997737884521484e-01,3.069806843996047974e-03,1.353315729647874832e-02,4.290589690208435059e-02,1.080761081539094448e-03,4.710716661065816879e-03
9.392070174217224121e-01,2.901653759181499481e-03,1.285585109144449234e-02,3.937640041112899780e-02,1.022892072796821594e-03,4.636245314031839371e-03
9.581940174102783203e-01,3.143159206956624985e-03,8.946967311203479767e-03,2.384134940803050995e-02,1.091552199795842171e-03,4.782935138791799545e-03
9.605261087417602539e-01,2.227755030617117882e-03,6.964450702071189880e-03,2.480311132967472076e-02,8.484348072670400143e-04,4.630119539797306061e-03
9.574988484382629395e-01,2.993332454934716225e-03,1.062297821044921875e-02,2.084003947675228119e-02,1.833752146922051907e-03,6.211196072399616241e-03
9.545293450355529785e-01,3.416923806071281433e-03,1.120036561042070389e-02,2.043214812874794006e-02,2.353481948375701904e-03,8.067701943218708038e-03
9.321259856224060059e-01,2.998560899868607521e-03,2.059675753116607666e-02,3.704445064067840576e-02,1.660405425354838371e-03,5.573892965912818909e-03
9.334034919738769531e-01,3.514813724905252457e-03,2.236747182905673981e-02,3.249900415539741516e-02,2.204689895734190941e-03,6.010634824633598328e-03
8.578545451164245605e-01,4.209258127957582474e-03,3.411515429615974426e-02,9.748937189579010010e-02,1.469955197535455227e-03,4.861655179411172867e-03
8.967856168746948242e-01,5.650758277624845505e-03,2.535516209900379181e-02,6.512788683176040649e-02,1.508587854914367199e-03,5.572013091295957565e-03
9.234973788261413574e-01,3.879877505823969841e-03,1.465379912406206131e-02,5.071268603205680847e-02,1.103455782867968082e-03,6.152760237455368042e-03
9.404901862144470215e-01,4.880087450146675110e-03,7.347544655203819275e-03,3.824558109045028687e-02,1.059863599948585033e-03,7.976813241839408875e-03
9.548664689064025879e-01,3.771239425987005234e-03,6.021331064403057098e-03,2.488909102976322174e-02,1.170851523056626320e-03,9.281080216169357300e-03
9.595528841018676758e-01,4.212442319840192795e-03,7.293685805052518845e-03,2.007544599473476410e-02,1.332318293862044811e-03,7.533175405114889145e-03
9.424442052841186523e-01,6.781551055610179901e-03,9.161321446299552917e-03,3.191745281219482422e-02,1.430969918146729469e-03,8.264555595815181732e-03
9.427813291549682617e-01,6.145311519503593445e-03,1.133392006158828735e-02,3.077099844813346863e-02,1.652392558753490448e-03,7.315980736166238785e-03
9.326584339141845703e-01,5.187222734093666077e-03,1.251581870019435883e-02,4.052266478538513184e-02,1.749671064317226410e-03,7.366267498582601547e-03
9.488925933837890625e-01,3.475710982456803322e-03,1.516315154731273651e-02,2.341036498546600342e-02,2.279471373185515404e-03,6.778710056096315384e-03
9.443418979644775391e-01,3.772379364818334579e-03,1.386142708361148834e-02,2.838401123881340027e-02,2.346607390791177750e-03,7.293662521988153458e-03
9.491950273513793945e-01,3.938782494515180588e-03,1.493965554982423782e-02,2.288625948131084442e-02,2.523094415664672852e-03,6.517185829579830170e-03
9.406150579452514648e-01,4.512220621109008789e-03,1.616349071264266968e-02,3.039430081844329834e-02,1.997197745367884636e-03,6.317821331322193146e-03
9.474994540214538574e-01,6.552626378834247589e-03,1.623486727476119995e-02,2.030741237103939056e-02,2.819433808326721191e-03,6.586140953004360199e-03
9.383624792098999023e-01,1.030638162046670914e-02,1.999204978346824646e-02,2.330932207405567169e-02,2.376324264332652092e-03,5.653490778058767319e-03
9.469876885414123535e-01,9.439616464078426361e-03,1.919534616172313690e-02,1.585634239017963409e-02,2.895066514611244202e-03,5.625919438898563385e-03
9.184606671333312988e-01,1.001226715743541718e-02,2.855957299470901489e-02,3.522576764225959778e-02,2.343792701140046120e-03,5.397889297455549240e-03
9.185308814048767090e-01,1.018318720161914825e-02,3.409803658723831177e-02,2.985125966370105743e-02,2.640803810209035873e-03,4.695879295468330383e-03
9.017358422279357910e-01,3.925562370568513870e-03,2.938038110733032227e-02,5.911283567547798157e-02,1.515407115221023560e-03,4.329999908804893494e-03
9.422219991683959961e-01,3.546718275174498558e-03,1.777037978172302246e-02,2.981727942824363708e-02,1.815433148294687271e-03,4.828270059078931808e-03
9.373483657836914062e-01,4.252494312822818756e-03,1.691899634897708893e-02,3.359242528676986694e-02,2.021732740104198456e-03,5.865921266376972198e-03
9.331033825874328613e-01,2.868988551199436188e-03,1.124222297221422195e-02,4.581473395228385925e-02,1.209575100801885128e-03,5.761083681136369705e-03
9.297869801521301270e-01,3.153702011331915855e-03,1.286965049803256989e-02,4.606187716126441956e-02,1.627224613912403584e-03,6.500480230897665024e-03
9.326933026313781738e-01,3.428050084039568901e-03,1.493477355688810349e-02,4.012236744165420532e-02,2.047319896519184113e-03,6.774081848561763763e-03
9.490993618965148926e-01,4.333002958446741104e-03,1.249875407665967941e-02,2.551517076790332794e-02,2.025267574936151505e-03,6.528503261506557465e-03
9.507841467857360840e-01,4.159009549766778946e-03,1.287376042455434799e-02,2.380858547985553741e-02,2.085507381707429886e-03,6.289053708314895630e-03
9.529480338096618652e-01,6.466920487582683563e-03,1.318266429007053375e-02,1.834248378872871399e-02,2.623397624120116234e-03,6.436614785343408585e-03
9.519348740577697754e-01,4.900862462818622589e-03,1.081966888159513474e-02,2.536936663091182709e-02,1.490380032919347286e-03,5.484943743795156479e-03
9.495242238044738770e-01,4.417342133820056915e-03,1.178212370723485947e-02,2.747494727373123169e-02,1.495091826654970646e-03,5.306389648467302322e-03
9.357467889785766602e-01,4.875956568866968155e-03,1.168353389948606491e-02,4.043058305978775024e-02,1.358266919851303101e-03,5.904884077608585358e-03
9.426056742668151855e-01,5.095629021525382996e-03,1.114711165428161621e-02,3.463609516620635986e-02,1.285602338612079620e-03,5.229888018220663071e-03
9.504597783088684082e-01,5.829346831887960434e-03,1.524373516440391541e-02,2.097675576806068420e-02,2.069300971925258636e-03,5.421039182692766190e-03
9.544466733932495117e-01,8.655398152768611908e-03,1.788754947483539581e-02,8.760599419474601746e-03,4.279346670955419540e-03,5.970422178506851196e-03
9.487532973289489746e-01,5.840162280946969986e-03,2.382318489253520966e-02,1.332249864935874939e-02,3.311370033770799637e-03,4.949532914906740189e-03
9.495210051536560059e-01,8.185038343071937561e-03,1.852001436054706573e-02,1.394282560795545578e-02,3.671049606055021286e-03,6.160085089504718781e-03
9.328131675720214844e-01,4.230137914419174194e-03,1.683734543621540070e-02,4.022338613867759705e-02,1.222886377945542336e-03,4.673072602599859238e-03
9.406620860099792480e-01,4.065634682774543762e-03,8.838067762553691864e-03,4.046263918280601501e-02,8.964144508354365826e-04,5.075299181044101715e-03
9.390825033187866211e-01,3.115685656666755676e-03,5.844696890562772751e-03,4.612674191594123840e-02,6.253528990782797337e-04,5.205013323575258255e-03
9.572271108627319336e-01,4.042821936309337616e-03,7.803441025316715240e-03,2.481938153505325317e-02,1.021918840706348419e-03,5.085358396172523499e-03
9.600887894630432129e-01,4.180352203547954559e-03,9.169421158730983734e-03,2.014754526317119598e-02,1.297803130000829697e-03,5.116082262247800827e-03
9.590831995010375977e-01,5.788963753730058670e-03,1.314731687307357788e-02,1.289143227040767670e-02,2.760805655270814896e-03,6.328231655061244965e-03
9.558536410331726074e-01,5.009606946259737015e-03,1.365396659821271896e-02,1.628073491156101227e-02,2.632642630487680435e-03,6.569447927176952362e-03
9.469990134239196777e-01,3.472950542345643044e-03,9.413976222276687622e-03,3.299203142523765564e-02,1.223664730787277222e-03,5.898317322134971619e-03
9.305637478828430176e-01,3.917983733117580414e-03,9.166386909782886505e-03,4.986597597599029541e-02,9.304398554377257824e-04,5.555436480790376663e-03
9.151371121406555176e-01,4.896997474133968353e-03,1.145717874169349670e-02,6.200171262025833130e-02,9.668580023571848869e-04,5.540207959711551666e-03
9.397025108337402344e-01,4.940171726047992706e-03,1.000645849853754044e-02,3.920846804976463318e-02,1.041705952957272530e-03,5.100755952298641205e-03
9.560313224792480469e-01,5.452530458569526672e-03,1.354585587978363037e-02,1.727045513689517975e-02,2.207216806709766388e-03,5.492573603987693787e-03
9.518941640853881836e-01,4.562975838780403137e-03,1.346641499549150467e-02,2.239622361958026886e-02,2.010020660236477852e-03,5.670310929417610168e-03
9.434754252433776855e-01,4.372369498014450073e-03,1.332202181220054626e-02,3.136485069990158081e-02,1.704863389022648335e-03,5.760560277849435806e-03
8.980287909507751465e-01,2.952297450974583626e-03,1.149994786828756332e-02,8.203830569982528687e-02,7.440884364768862724e-04,4.736448638141155243e-03
9.145376086235046387e-01,4.551697056740522385e-03,1.270007621496915817e-02,6.194181740283966064e-02,1.037497888319194317e-03,5.231377203017473221e-03
8.995486497879028320e-01,3.933620173484086990e-03,8.071814663708209991e-03,8.351890742778778076e-02,5.370105500333011150e-04,4.390016198158264160e-03
9.420341849327087402e-01,7.073207758367061615e-03,1.207631174474954605e-02,3.162014856934547424e-02,1.501625985838472843e-03,5.694615654647350311e-03
9.464837908744812012e-01,6.280300207436084747e-03,1.004743110388517380e-02,3.032898716628551483e-02,1.341466442681849003e-03,5.518016405403614044e-03
9.409558176994323730e-01,6.802840624004602432e-03,1.038105506449937820e-02,3.449928760528564453e-02,1.380566041916608810e-03,5.980397108942270279e-03
9.437175393104553223e-01,7.311121560633182526e-03,1.087820529937744141e-02,2.957983687520027161e-02,1.725972630083560944e-03,6.787317804992198944e-03
9.535028338432312012e-01,6.945969071239233017e-03,1.186758559197187424e-02,1.980464719235897064e-02,1.942518749274313450e-03,5.936399567872285843e-03
9.462256431579589844e-01,6.999856326729059219e-03,1.468714699149131775e-02,2.283835969865322113e-02,2.530349185690283775e-03,6.718778982758522034e-03
9.521366953849792480e-01,5.254340358078479767e-03,1.340566202998161316e-02,1.991707459092140198e-02,2.523461822420358658e-03,6.762914825230836868e-03
9.454202651977539062e-01,5.518725141882896423e-03,1.229225751012563705e-02,2.653975784778594971e-02,2.479567658156156540e-03,7.749425247311592102e-03
9.463428258895874023e-01,3.892638022080063820e-03,1.013290230184793472e-02,3.046746365725994110e-02,1.720262109301984310e-03,7.443928159773349762e-03
9.395779967308044434e-01,3.544749924913048744e-03,8.196473121643066406e-03,3.990169242024421692e-02,1.208436908200383186e-03,7.570507470518350601e-03
9.380994439125061035e-01,2.696670591831207275e-03,6.221897900104522705e-03,4.572981223464012146e-02,7.815578719601035118e-04,6.470626685768365860e-03
9.402186274528503418e-01,4.764627199620008469e-03,8.506428450345993042e-03,3.811781480908393860e-02,1.226824126206338406e-03,7.165729999542236328e-03
9.400435090065002441e-01,5.116009153425693512e-03,1.163686718791723251e-02,3.431650623679161072e-02,1.773124560713768005e-03,7.114016916602849960e-03
9.433328509330749512e-01,5.210892762988805771e-03,1.242415979504585266e-02,2.995815314352512360e-02,1.955814892426133156e-03,7.118133828043937683e-03
9.468845129013061523e-01,4.992367234081029892e-03,1.397942658513784409e-02,2.413965389132499695e-02,2.573131816461682320e-03,7.430909201502799988e-03
9.439302682876586914e-01,4.702015314251184464e-03,1.439253799617290497e-02,2.853476069867610931e-02,2.018515951931476593e-03,6.421991158276796341e-03
9.495151042938232422e-01,4.586233291774988174e-03,1.112832408398389816e-02,2.609346248209476471e-02,1.932373037561774254e-03,6.744319573044776917e-03
9.489590525627136230e-01,5.156006664037704468e-03,1.335499156266450882e-02,2.369331009685993195e-02,2.260761801153421402e-03,6.575908511877059937e-03
9.508559703826904297e-01,3.580366959795355797e-03,1.038870960474014282e-02,2.691372111439704895e-02,1.760775339789688587e-03,6.500396877527236938e-03
9.490330219268798828e-01,3.546689869835972786e-03,7.802226115018129349e-03,3.329936042428016663e-02,9.728254517540335655e-04,5.345797166228294373e-03
9.466372728347778320e-01,3.117322688922286034e-03,8.191931061446666718e-03,3.548432514071464539e-02,9.588564280420541763e-04,5.610188469290733337e-03
9.465222954750061035e-01,4.143759608268737793e-03,8.608802221715450287e-03,3.334358707070350647e-02,1.143576228059828281e-03,6.238072179257869720e-03
9.493303894996643066e-01,5.915991496294736862e-03,1.040278561413288116e-02,2.706552669405937195e-02,1.385002979077398777e-03,5.900321993976831436e-03
9.439039230346679688e-01,5.195743404328823090e-03,1.600368134677410126e-02,2.705210074782371521e-02,1.878405339084565639e-03,5.966093856841325760e-03
9.411848187446594238e-01,5.588334985077381134e-03,1.275128498673439026e-02,3.247305750846862793e-02,1.670145895332098007e-03,6.332395132631063461e-03
9.176133871078491211e-01,4.500641021877527237e-03,1.182507444173097610e-02,5.948692560195922852e-02,1.078501110896468163e-03,5.495448131114244461e-03
9.327144622802734375e-01,4.433398135006427765e-03,1.434681005775928497e-02,4.175944253802299500e-02,1.479975529946386814e-03,5.265872925519943237e-03
9.164116978645324707e-01,4.157425370067358017e-03,1.318635139614343643e-02,6.041240692138671875e-02,9.861184516921639442e-04,4.845963325351476669e-03
9.296131730079650879e-01,2.910584444180130959e-03,7.979322224855422974e-03,5.391977727413177490e-02,6.753942579962313175e-04,4.901698324829339981e-03
9.205598235130310059e-01,3.439739346504211426e-03,8.915983140468597412e-03,5.940921232104301453e-02,1.033347798511385918e-03,6.641827523708343506e-03
9.305468201637268066e-01,2.650259062647819519e-03,8.464369922876358032e-03,5.226875841617584229e-02,7.769375224597752094e-04,5.292787216603755951e-03
9.347448945045471191e-01,3.509688423946499825e-03,1.025883387774229050e-02,4.375338554382324219e-02,1.292824745178222656e-03,6.440387573093175888e-03
9.511914849281311035e-01,3.007126040756702423e-03,1.092812884598970413e-02,2.627264522016048431e-02,1.786525011993944645e-03,6.814084947109222412e-03
9.574646353721618652e-01,3.166690468788146973e-03,1.195942517369985580e-02,1.775872334837913513e-02,2.508135046809911728e-03,7.142477203160524368e-03
9.518510103225708008e-01,3.153814235702157021e-03,1.341555826365947723e-02,2.256699092686176300e-02,2.209969796240329742e-03,6.802581250667572021e-03
9.515521526336669922e-01,3.434055717661976814e-03,1.207064930349588394e-02,2.488196082413196564e-02,1.715303631499409676e-03,6.345864851027727127e-03
9.501118659973144531e-01,3.118660068139433861e-03,9.086162783205509186e-03,3.107007592916488647e-02,1.146038877777755260e-03,5.467284005135297775e-03
9.478760361671447754e-01,4.282848909497261047e-03,7.920238189399242401e-03,3.326138481497764587e-02,1.025201869197189808e-03,5.634353030472993851e-03
9.431137442588806152e-01,4.170405678451061249e-03,7.642678916454315186e-03,3.873307630419731140e-02,8.917748928070068359e-04,5.448420997709035873e-03
9.572961330413818359e-01,4.582933615893125534e-03,8.132210001349449158e-03,2.278917655348777771e-02,1.323819742538034916e-03,5.875865928828716278e-03
9.621362090110778809e-01,3.511601360514760017e-03,7.432684767991304398e-03,1.994564197957515717e-02,1.275673275813460350e-03,5.698079243302345276e-03
9.569696187973022461e-01,3.634384600445628166e-03,1.080962736159563065e-02,2.078576944768428802e-02,1.821244251914322376e-03,5.979317240417003632e-03
9.569954872131347656e-01,3.099957015365362167e-03,1.007505413144826889e-02,2.235936559736728668e-02,1.596876536495983601e-03,5.873051472008228302e-03
9.523732066154479980e-01,3.643072210252285004e-03,1.034953352063894272e-02,2.601454220712184906e-02,1.587125123478472233e-03,6.032383535057306290e-03
9.486306309700012207e-01,2.523023402318358421e-03,8.165771141648292542e-03,3.421811759471893311e-02,9.572828421369194984e-04,5.505116656422615051e-03
9.367953538894653320e-01,2.418063348159193993e-03,7.294189650565385818e-03,4.738516360521316528e-02,7.549392175860702991e-04,5.352384876459836960e-03
9.134208559989929199e-01,3.109803423285484314e-03,8.343069814145565033e-03,6.790977716445922852e-02,9.128350648097693920e-04,6.303685717284679413e-03
9.418898820877075195e-01,6.279597524553537369e-03,1.334494631737470627e-02,2.867739647626876831e-02,2.639690181240439415e-03,7.168486248701810837e-03
9.374279975891113281e-01,6.501224357634782791e-03,1.335733477026224136e-02,3.427101299166679382e-02,1.965844072401523590e-03,6.476733833551406860e-03
9.434291720390319824e-01,7.227984722703695297e-03,1.055257208645343781e-02,3.020073287189006805e-02,1.995936036109924316e-03,6.593694444745779037e-03
9.406753778457641602e-01,4.004990682005882263e-03,6.298671010881662369e-03,4.327932000160217285e-02,7.642907439731061459e-04,4.977379925549030304e-03
9.209937453269958496e-01,3.615141380578279495e-03,4.804732743650674820e-03,6.562325358390808105e-02,4.096509364899247885e-04,4.553422797471284866e-03
9.322165846824645996e-01,1.613401458598673344e-03,2.569694072008132935e-03,5.976406112313270569e-02,2.133079251507297158e-04,3.622940741479396820e-03
9.350637197494506836e-01,2.284802496433258057e-03,3.429804462939500809e-03,5.442830920219421387e-02,3.379084810148924589e-04,4.455643706023693085e-03
9.403596520423889160e-01,2.994286129251122475e-03,4.005475901067256927e-03,4.764347523450851440e-02,4.261780122760683298e-04,4.570982418954372406e-03
9.478439688682556152e-01,3.229357535019516945e-03,4.700881429016590118e-03,3.873783722519874573e-02,5.764706875197589397e-04,4.911397118121385574e-03
9.442561268806457520e-01,5.141200032085180283e-03,7.560123223811388016e-03,3.636122867465019226e-02,1.030503655783832073e-03,5.650710780173540115e-03
9.582916498184204102e-01,4.056735429912805557e-03,7.705863099545240402e-03,2.374902553856372833e-02,1.131300814449787140e-03,5.065456964075565338e-03
9.495069384574890137e-01,8.951338939368724823e-03,1.485350169241428375e-02,1.739318668842315674e-02,2.849596552550792694e-03,6.445525679737329483e-03
9.469401836395263672e-01,9.306646883487701416e-03,1.929545961320400238e-02,1.353680994361639023e-02,4.181641153991222382e-03,6.739141419529914856e-03
9.547984600067138672e-01,6.937997415661811829e-03,1.481001172214746475e-02,1.421938743442296982e-02,2.918259007856249809e-03,6.315889302641153336e-03
9.505973458290100098e-01,7.714497856795787811e-03,1.238655578345060349e-02,2.081665024161338806e-02,2.131609711796045303e-03,6.353272590786218643e-03
9.522373080253601074e-01,6.409938447177410126e-03,1.150673627853393555e-02,2.075346559286117554e-02,1.932339626364409924e-03,7.160130888223648071e-03
9.591953158378601074e-01,6.617730483412742615e-03,9.582868777215480804e-03,1.460485719144344330e-02,2.214370761066675186e-03,7.784815970808267593e-03
9.567095041275024414e-01,7.244374603033065796e-03,1.143577136099338531e-02,1.310490164905786514e-02,3.154438454657793045e-03,8.350956253707408905e-03
9.505701661109924316e-01,8.213109336793422699e-03,1.354169659316539764e-02,1.514935772866010666e-02,3.682607086375355721e-03,8.843147195875644684e-03
9.543754458427429199e-01,5.624414887279272079e-03,1.115607656538486481e-02,1.847228966653347015e-02,2.758870366960763931e-03,7.612845394760370255e-03
9.377803802490234375e-01,4.843613132834434509e-03,1.270175632089376450e-02,3.600793704390525818e-02,1.832606038078665733e-03,6.833726540207862854e-03
9.339653849601745605e-01,4.060575738549232483e-03,1.055279280990362167e-02,4.423009231686592102e-02,1.197856734506785870e-03,5.993268452584743500e-03
9.224163293838500977e-01,4.005519207566976547e-03,1.224824227392673492e-02,5.432049185037612915e-02,1.175415702164173126e-03,5.834013223648071289e-03
9.297317862510681152e-01,4.425462801009416580e-03,9.116455912590026855e-03,5.049644410610198975e-02,9.146757074631750584e-04,5.315173417329788208e-03
9.355171322822570801e-01,4.008163232356309891e-03,8.824111893773078918e-03,4.569309577345848083e-02,8.750083507038652897e-04,5.082523915916681290e-03
9.450463056564331055e-01,3.704053582623600960e-03,9.132566861808300018e-03,3.552622720599174500e-02,1.195030403323471546e-03,5.395812448114156723e-03
9.484608769416809082e-01,5.034045781940221786e-03,1.243428979068994522e-02,2.621287479996681213e-02,1.844503334723412991e-03,6.013538222759962082e-03
9.502086043357849121e-01,5.200338549911975861e-03,1.566950231790542603e-02,1.846786960959434509e-02,3.265812527388334274e-03,7.187800016254186630e-03
9.525582194328308105e-01,6.446326617151498795e-03,1.761622354388237000e-02,1.137647964060306549e-02,4.832723643630743027e-03,7.170028053224086761e-03
9.436289072036743164e-01,1.086902897804975510e-02,1.882130652666091919e-02,1.631002686917781830e-02,3.543569007888436317e-03,6.827181205153465271e-03
9.356613159179687500e-01,1.797207258641719818e-02,2.281268499791622162e-02,1.279276609420776367e-02,4.540235269814729691e-03,6.220887415111064911e-03
9.417015910148620605e-01,1.443492807447910309e-02,1.778769865632057190e-02,1.673258841037750244e-02,3.139969194307923317e-03,6.203265395015478134e-03
9.443886876106262207e-01,9.703671559691429138e-03,1.403321605175733566e-02,2.411633171141147614e-02,1.962589100003242493e-03,5.795545876026153564e-03
9.422879219055175781e-01,7.181381341069936752e-03,1.415594294667243958e-02,2.808188460767269135e-02,1.943147159181535244e-03,6.349703297019004822e-03
9.486452341079711914e-01,4.307791590690612793e-03,1.268398948013782501e-02,2.676775120198726654e-02,1.621746108867228031e-03,5.973349325358867645e-03
9.300317168235778809e-01,3.965091891586780548e-03,1.447528507560491562e-02,4.461393132805824280e-02,1.278717885725200176e-03,5.635257344692945480e-03
9.431757330894470215e-01,3.045106306672096252e-03,1.126996241509914398e-02,3.649670630693435669e-02,1.068341778591275215e-03,4.944071639329195023e-03
9.437875151634216309e-01,2.977395895868539810e-03,1.031491439789533615e-02,3.728980198502540588e-02,9.196550818160176277e-04,4.710668697953224182e-03
9.367801547050476074e-01,3.293318906798958778e-03,1.462220586836338043e-02,3.961833938956260681e-02,1.143265399150550365e-03,4.542645998299121857e-03
9.542936086654663086e-01,4.749732092022895813e-03,1.116700936108827591e-02,2.341660484671592712e-02,1.456782338209450245e-03,4.916291683912277222e-03
9.511554241180419922e-01,3.716313745826482773e-03,1.248370390385389328e-02,2.566899545490741730e-02,1.646205899305641651e-03,5.329133942723274231e-03
9.504552483558654785e-01,5.824745632708072662e-03,1.284318510442972183e-02,2.210183255374431610e-02,2.362766303122043610e-03,6.412211805582046509e-03
9.447329640388488770e-01,7.084872107952833176e-03,1.521638501435518265e-02,2.224550954997539520e-02,3.030751598998904228e-03,7.689580321311950684e-03
9.393500089645385742e-01,7.654031738638877869e-03,1.546634826809167862e-02,2.679268456995487213e-02,2.932492876425385475e-03,7.804380729794502258e-03
9.218536019325256348e-01,1.173770893365144730e-02,2.083133906126022339e-02,3.515290841460227966e-02,2.817479893565177917e-03,7.606891449540853500e-03
9.259318113327026367e-01,9.512552060186862946e-03,1.730986312031745911e-02,3.687126189470291138e-02,2.422807039692997932e-03,7.951730862259864807e-03
9.281373023986816406e-01,8.774848654866218567e-03,1.956232264637947083e-02,3.294033929705619812e-02,2.924588276073336601e-03,7.660686038434505463e-03
9.445739388465881348e-01,8.039010688662528992e-03,1.313328370451927185e-02,2.458487078547477722e-02,2.225538715720176697e-03,7.443353999406099319e-03
9.439662694931030273e-01,6.579308770596981049e-03,1.169626973569393158e-02,3.006931580603122711e-02,1.487195375375449657e-03,6.201636977493762970e-03
9.459561705589294434e-01,9.214146062731742859e-03,1.225481647998094559e-02,2.451462298631668091e-02,1.965840812772512436e-03,6.094413809478282928e-03
9.454335570335388184e-01,8.436636067926883698e-03,1.207146979868412018e-02,2.605204097926616669e-02,1.815257244743406773e-03,6.191121879965066910e-03
9.365863800048828125e-01,8.565776050090789795e-03,1.201332267373800278e-02,3.413332626223564148e-02,1.749405637383460999e-03,6.951713468879461288e-03
9.459270834922790527e-01,4.369767382740974426e-03,1.025146339088678360e-02,3.259525820612907410e-02,1.270859502255916595e-03,5.585647653788328171e-03
9.448223710060119629e-01,5.698988214135169983e-03,1.315965317189693451e-02,2.813425660133361816e-02,1.933828112669289112e-03,6.251025479286909103e-03
9.396209716796875000e-01,8.032483048737049103e-03,1.359453983604907990e-02,2.960193529725074768e-02,2.158419461920857430e-03,6.991605740040540695e-03
9.396311640739440918e-01,6.559563335031270981e-03,1.610982418060302734e-02,2.991489507257938385e-02,2.037211554124951363e-03,5.747378338128328323e-03
9.449030160903930664e-01,6.700553931295871735e-03,1.314040273427963257e-02,2.785482816398143768e-02,1.714492798782885075e-03,5.686699878424406052e-03
9.519454240798950195e-01,4.663578700274229050e-03,1.222223043441772461e-02,2.472724393010139465e-02,1.495151431299746037e-03,4.946409258991479874e-03
9.538139700889587402e-01,5.314971785992383957e-03,1.482735667377710342e-02,1.687227003276348114e-02,2.853280398994684219e-03,6.318110972642898560e-03
9.540690183639526367e-01,4.612058401107788086e-03,1.163543853908777237e-02,2.258399687707424164e-02,1.686510047875344753e-03,5.412916652858257294e-03
9.508821368217468262e-01,3.425502218306064606e-03,1.355514209717512131e-02,2.518982440233230591e-02,1.652330160140991211e-03,5.294934846460819244e-03
9.363914132118225098e-01,4.646529443562030792e-03,2.271669171750545502e-02,2.944976091384887695e-02,1.893650740385055542e-03,4.901947919279336929e-03
9.088751077651977539e-01,6.469040177762508392e-03,3.404019027948379517e-02,4.301809147000312805e-02,2.425790764391422272e-03,5.171901546418666840e-03
9.103999137878417969e-01,7.871550507843494415e-03,3.695997595787048340e-02,3.648442775011062622e-02,3.049348480999469757e-03,5.234722048044204712e-03
9.327121376991271973e-01,8.220717310905456543e-03,2.431932464241981506e-02,2.641286514699459076e-02,2.714437432587146759e-03,5.620423704385757446e-03
9.448564052581787109e-01,8.606051094830036163e-03,2.090255916118621826e-02,1.442614756524562836e-02,4.203576594591140747e-03,7.005283143371343613e-03
9.476014971733093262e-01,6.697773467749357224e-03,1.629258692264556885e-02,1.920718513429164886e-02,3.031883388757705688e-03,7.168909069150686264e-03
9.490419030189514160e-01,6.354310549795627594e-03,1.479887124150991440e-02,1.893670670688152313e-02,3.261615987867116928e-03,7.606496103107929230e-03
9.497687220573425293e-01,6.077701691538095474e-03,1.469454541802406311e-02,1.971954479813575745e-02,2.841750858351588249e-03,6.897780578583478928e-03
9.375208020210266113e-01,4.261315334588289261e-03,8.099603466689586639e-03,4.419416189193725586e-02,8.218492148444056511e-04,5.102235823869705200e-03
9.279926419258117676e-01,3.438924206420779228e-03,6.869677454233169556e-03,5.666945129632949829e-02,5.287610692903399467e-04,4.500509705394506454e-03
9.055963754653930664e-01,2.929610665887594223e-03,6.389427464455366135e-03,8.012881129980087280e-02,4.144214617554098368e-04,4.541385453194379807e-03
9.149286150932312012e-01,2.828988479450345039e-03,6.352664902806282043e-03,7.082477957010269165e-02,4.318353603594005108e-04,4.633076023310422897e-03
9.066323041915893555e-01,3.924360964447259903e-03,1.001336798071861267e-02,7.389952987432479858e-02,6.470278603956103325e-04,4.883298650383949280e-03
9.012776017189025879e-01,2.962331054732203484e-03,8.270204998552799225e-03,8.171664178371429443e-02,5.830141599290072918e-04,5.190091207623481750e-03
9.443522095680236816e-01,4.279372747987508774e-03,9.661278687417507172e-03,3.401455655694007874e-02,1.303908298723399639e-03,6.388706155121326447e-03
9.578375220298767090e-01,3.774838056415319443e-03,1.002798415720462799e-02,2.066705375909805298e-02,1.758462749421596527e-03,5.934045650064945221e-03
9.609025120735168457e-01,5.663272459059953690e-03,1.219167839735746384e-02,1.293057762086391449e-02,2.461269963532686234e-03,5.850663408637046814e-03
9.489586949348449707e-01,9.443948976695537567e-03,1.572845131158828735e-02,1.567073166370391846e-02,3.463985165581107140e-03,6.734228227287530899e-03
9.435355067253112793e-01,1.420285087078809738e-02,1.632862910628318787e-02,1.664525270462036133e-02,2.889993600547313690e-03,6.397761870175600052e-03
9.440584778785705566e-01,9.047386236488819122e-03,1.469444949179887772e-02,2.370398119091987610e-02,2.238850342109799385e-03,6.256860680878162384e-03
9.356583952903747559e-01,9.249763563275337219e-03,1.295153703540563583e-02,3.448763489723205566e-02,1.665155868977308273e-03,5.987516604363918304e-03
9.346094727516174316e-01,9.413716383278369904e-03,1.628437824547290802e-02,3.063555434346199036e-02,2.288892632350325584e-03,6.767916027456521988e-03
9.298823475837707520e-01,5.637580063194036484e-03,1.712089031934738159e-02,3.980069234967231750e-02,1.739560742862522602e-03,5.819002166390419006e-03
9.394330382347106934e-01,9.547298774123191833e-03,1.627430878579616547e-02,2.516980841755867004e-02,2.495004562661051750e-03,7.080642972141504288e-03
9.407340288162231445e-01,1.075077056884765625e-02,1.730720140039920807e-02,1.963624916970729828e-02,3.409043187275528908e-03,8.162679150700569153e-03
9.380555748939514160e-01,1.267003733664751053e-02,1.756378076970577240e-02,2.198050916194915771e-02,2.673276932910084724e-03,7.056876085698604584e-03
9.398046731948852539e-01,1.291558705270290375e-02,1.770874112844467163e-02,1.978349499404430389e-02,3.006461309269070625e-03,6.781043950468301773e-03
9.355855584144592285e-01,1.301771681755781174e-02,2.160103432834148407e-02,2.013538032770156860e-02,3.325374564155936241e-03,6.334903184324502945e-03
9.378796219825744629e-01,7.262589875608682632e-03,1.796746253967285156e-02,2.791508659720420837e-02,2.528199227526783943e-03,6.447113584727048874e-03
9.411466121673583984e-01,4.766315687447786331e-03,1.593223772943019867e-02,2.828495018184185028e-02,2.524047857150435448e-03,7.345895282924175262e-03
9.167731404304504395e-01,2.852273406460881233e-03,1.157575473189353943e-02,6.255260854959487915e-02,8.975877426564693451e-04,5.348642356693744659e-03
9.142251610755920410e-01,2.826400799676775932e-03,1.052647083997726440e-02,6.618274748325347900e-02,8.038266678340733051e-04,5.435367580503225327e-03
9.038884043693542480e-01,2.552752848714590073e-03,1.058197207748889923e-02,7.848098129034042358e-02,4.991814494132995605e-04,3.996638581156730652e-03
8.993365168571472168e-01,2.425025217235088348e-03,9.017127566039562225e-03,8.446786552667617798e-02,5.011257017031311989e-04,4.252315498888492584e-03
8.966616988182067871e-01,3.160342108458280563e-03,1.441836263984441757e-02,8.064787089824676514e-02,7.212595664896070957e-04,4.390534013509750366e-03
9.121370315551757812e-01,4.115550313144922256e-03,1.082061976194381714e-02,6.784145534038543701e-02,6.870310753583908081e-04,4.398494027554988861e-03
9.263506531715393066e-01,3.768151858821511269e-03,9.779636748135089874e-03,5.401162058115005493e-02,8.522444986738264561e-04,5.237615667283535004e-03
9.395264387130737305e-01,4.001186229288578033e-03,8.943875320255756378e-03,4.100202769041061401e-02,9.858850389719009399e-04,5.540447309613227844e-03
9.476515650749206543e-01,6.379428319633007050e-03,1.116261351853609085e-02,2.687718532979488373e-02,1.675272942520678043e-03,6.253888830542564392e-03
9.505940079689025879e-01,7.053288631141185760e-03,1.468633860349655151e-02,1.997029036283493042e-02,2.078577410429716110e-03,5.617465358227491379e-03
9.498271346092224121e-01,7.378019858151674271e-03,1.790504343807697296e-02,1.619991846382617950e-02,3.011311404407024384e-03,5.678601562976837158e-03
9.508801698684692383e-01,7.538508623838424683e-03,1.680833846330642700e-02,1.621098816394805908e-02,2.732377965003252029e-03,5.829622969031333923e-03
9.526782035827636719e-01,4.217585548758506775e-03,1.233819313347339630e-02,2.480110898613929749e-02,1.269636675715446472e-03,4.695262294262647629e-03
9.488852620124816895e-01,6.003522314131259918e-03,2.191312983632087708e-02,1.601766236126422882e-02,2.610891591757535934e-03,4.569458775222301483e-03
9.426634311676025391e-01,1.011067908257246017e-02,2.178752049803733826e-02,1.601639017462730408e-02,3.402353730052709579e-03,6.019711960107088089e-03
9.396651387214660645e-01,8.255909197032451630e-03,2.577194198966026306e-02,1.694562472403049469e-02,3.793618641793727875e-03,5.567695014178752899e-03
9.407501816749572754e-01,1.074240263551473618e-02,2.504973486065864563e-02,1.149971224367618561e-02,5.382559262216091156e-03,6.575440987944602966e-03
9.464052915573120117e-01,7.311627734452486038e-03,1.855036243796348572e-02,1.572028174996376038e-02,4.334709607064723969e-03,7.677724119275808334e-03
9.420261383056640625e-01,6.269172299653291702e-03,2.120022848248481750e-02,1.728798821568489075e-02,4.989463835954666138e-03,8.227102458477020264e-03
9.297624826431274414e-01,4.588341806083917618e-03,2.186223864555358887e-02,3.293680399656295776e-02,3.269745502620935440e-03,7.580376695841550827e-03
9.288472533226013184e-01,6.218157242983579636e-03,2.586319483816623688e-02,2.596862427890300751e-02,4.813247360289096832e-03,8.289583958685398102e-03
9.398886561393737793e-01,4.928417969495058060e-03,1.591007597744464874e-02,3.064710460603237152e-02,2.164384117349982262e-03,6.461318582296371460e-03
9.385120868682861328e-01,7.988874800503253937e-03,1.742147095501422882e-02,2.678390033543109894e-02,2.709248801693320274e-03,6.584325805306434631e-03
9.454028010368347168e-01,1.167814619839191437e-02,1.749636791646480560e-02,1.714422553777694702e-02,2.731719752773642540e-03,5.546682979911565781e-03
9.464308023452758789e-01,1.206407509744167328e-02,1.504150778055191040e-02,1.786932721734046936e-02,2.488793572410941124e-03,6.105589214712381363e-03
9.467167258262634277e-01,1.017376221716403961e-02,1.436301972717046738e-02,1.913549005985260010e-02,2.698559081181883812e-03,6.912386976182460785e-03
9.418367147445678711e-01,9.657476097345352173e-03,1.429286785423755646e-02,2.471057325601577759e-02,2.451234729960560799e-03,7.051087915897369385e-03
9.492801427841186523e-01,6.641953252255916595e-03,1.305070985108613968e-02,2.320777252316474915e-02,1.944087445735931396e-03,5.875152535736560822e-03
9.466281533241271973e-01,7.677404675632715225e-03,1.335903909057378769e-02,2.331881783902645111e-02,2.415834926068782806e-03,6.600797176361083984e-03
9.591373801231384277e-01,5.227969493716955185e-03,1.244697999209165573e-02,1.624865829944610596e-02,1.929267775267362595e-03,5.009726621210575104e-03
9.458146691322326660e-01,8.047350682318210602e-03,1.821224763989448547e-02,2.020729891955852509e-02,2.376901218667626381e-03,5.341605748981237411e-03
9.409108757972717285e-01,5.380512215197086334e-03,1.604383625090122223e-02,3.095418214797973633e-02,1.617104862816631794e-03,5.093632265925407410e-03
9.416931271553039551e-01,4.495922476053237915e-03,1.377613842487335205e-02,3.299932926893234253e-02,1.509665278717875481e-03,5.525837652385234833e-03
9.189605116844177246e-01,3.963671158999204636e-03,1.352092623710632324e-02,5.772818997502326965e-02,9.812457719817757607e-04,4.845496267080307007e-03
9.321684241294860840e-01,3.367107827216386795e-03,1.174991857260465622e-02,4.649328067898750305e-02,1.050921040587127209e-03,5.170321557670831680e-03
9.413684606552124023e-01,2.816352294757962227e-03,1.011095941066741943e-02,3.862996399402618408e-02,1.217510900460183620e-03,5.856656003743410110e-03
9.593725800514221191e-01,2.677339594811201096e-03,8.469340391457080841e-03,2.209988422691822052e-02,1.444390043616294861e-03,5.936429370194673538e-03
9.499728679656982422e-01,2.363035921007394791e-03,8.886028081178665161e-03,3.059854730963706970e-02,1.505067688412964344e-03,6.674587260931730270e-03
9.577367305755615234e-01,3.426971845328807831e-03,1.155669149011373520e-02,1.765149831771850586e-02,2.636857097968459129e-03,6.991125177592039108e-03
9.527527689933776855e-01,3.424402559176087379e-03,1.099682319909334183e-02,2.559137158095836639e-02,1.527206739410758018e-03,5.707451608031988144e-03
9.547877907752990723e-01,4.255318082869052887e-03,1.236146409064531326e-02,2.197710797190666199e-02,1.636870554648339748e-03,4.981444217264652252e-03
9.537759423255920410e-01,3.488409565761685371e-03,1.062426529824733734e-02,2.650931850075721741e-02,1.107591786421835423e-03,4.494574852287769318e-03
9.540002346038818359e-01,2.675300464034080505e-03,9.670096449553966522e-03,2.833416312932968140e-02,9.386379970237612724e-04,4.381465259939432144e-03
9.268744587898254395e-01,4.158963449299335480e-03,1.182738970965147018e-02,5.040460824966430664e-02,1.127607421949505806e-03,5.606983788311481476e-03
9.350165128707885742e-01,3.258960787206888199e-03,1.127772033214569092e-02,4.390444234013557434e-02,1.141071319580078125e-03,5.401406437158584595e-03
9.277130961418151855e-01,6.688990630209445953e-03,1.744271069765090942e-02,3.885393962264060974e-02,2.356430515646934509e-03,6.944917608052492142e-03
9.224485754966735840e-01,5.880468524992465973e-03,1.623995602130889893e-02,4.731414839625358582e-02,1.781899831257760525e-03,6.334945559501647949e-03
9.420538544654846191e-01,6.339027546346187592e-03,1.406402233988046646e-02,2.888215705752372742e-02,2.124175196513533592e-03,6.536879576742649078e-03
9.350003600120544434e-01,5.397038999944925308e-03,1.356409117579460144e-02,3.836225345730781555e-02,1.669740071520209312e-03,6.006476934999227524e-03
9.081587791442871094e-01,5.946908146142959595e-03,1.733862981200218201e-02,6.147371605038642883e-02,1.480434555560350418e-03,5.601528100669384003e-03
9.037687778472900391e-01,6.053836550563573837e-03,1.642411202192306519e-02,6.758615374565124512e-02,1.168126822449266911e-03,4.998980555683374405e-03
9.242999553680419922e-01,9.258980862796306610e-03,1.827299967408180237e-02,4.062233492732048035e-02,1.763819251209497452e-03,5.781978368759155273e-03
9.462777972221374512e-01,7.906965911388397217e-03,1.557062380015850067e-02,2.252206020057201385e-02,2.011545002460479736e-03,5.710950121283531189e-03
9.569366574287414551e-01,8.824982680380344391e-03,1.499158609658479691e-02,1.083364617079496384e-02,2.695868257433176041e-03,5.717225838452577591e-03
9.542653560638427734e-01,1.218361966311931610e-02,1.496677007526159286e-02,8.830318227410316467e-03,3.256340045481920242e-03,6.497635971754789352e-03
9.576591849327087402e-01,9.389383718371391296e-03,1.106621604412794113e-02,1.228320226073265076e-02,2.519453875720500946e-03,7.082553580403327942e-03
9.549422264099121094e-01,8.540618233382701874e-03,1.264691725373268127e-02,1.502926088869571686e-02,2.208416583016514778e-03,6.632580421864986420e-03
9.536426663398742676e-01,7.223063148558139801e-03,1.089218724519014359e-02,1.890699565410614014e-02,2.059870865195989609e-03,7.275227457284927368e-03
9.603000283241271973e-01,4.371216986328363419e-03,1.060466375201940536e-02,1.658459380269050598e-02,1.736444188281893730e-03,6.403068080544471741e-03
9.532095193862915039e-01,5.600888747721910477e-03,1.531204953789710999e-02,1.836326718330383301e-02,2.123581944033503532e-03,5.390648730099201202e-03
9.567148685455322266e-01,4.985891282558441162e-03,1.473058201372623444e-02,1.532951090484857559e-02,2.415860071778297424e-03,5.823188927024602890e-03
9.530323743820190430e-01,4.320719745010137558e-03,1.281797699630260468e-02,2.239636331796646118e-02,1.812832895666360855e-03,5.619685165584087372e-03
9.458092451095581055e-01,6.480062846094369888e-03,1.662507094442844391e-02,2.314253523945808411e-02,2.134260488674044609e-03,5.808884277939796448e-03
9.250447154045104980e-01,8.429143577814102173e-03,2.147683314979076385e-02,3.699114918708801270e-02,2.163288183510303497e-03,5.894915666431188583e-03
9.184347987174987793e-01,6.851829588413238525e-03,1.858998648822307587e-02,4.999450594186782837e-02,1.302310032770037651e-03,4.826566204428672791e-03
9.059862494468688965e-01,1.038674730807542801e-02,2.433077991008758545e-02,5.241308733820915222e-02,1.758393249474465847e-03,5.124837160110473633e-03
8.861494660377502441e-01,6.109083071351051331e-03,1.862157881259918213e-02,8.359173685312271118e-02,9.655672474764287472e-04,4.562626127153635025e-03
9.228124618530273438e-01,5.498663522303104401e-03,1.443582028150558472e-02,5.198766663670539856e-02,9.350522886961698532e-04,4.330300260335206985e-03
9.512117505073547363e-01,4.968869965523481369e-03,1.065777055919170380e-02,2.663681097328662872e-02,1.258054166100919247e-03,5.266769789159297943e-03
9.522802233695983887e-01,6.265936885029077530e-03,1.506640575826168060e-02,1.780029945075511932e-02,2.660365309566259384e-03,5.926826037466526031e-03
9.499842524528503418e-01,8.083243854343891144e-03,1.649831980466842651e-02,1.611516065895557404e-02,3.193001030012965202e-03,6.126049906015396118e-03
9.515693187713623047e-01,6.019464693963527679e-03,1.535626128315925598e-02,1.684234291315078735e-02,3.269999520853161812e-03,6.942545529454946518e-03
9.338975548744201660e-01,6.391626782715320587e-03,1.787059381604194641e-02,3.146085143089294434e-02,2.877514809370040894e-03,7.501840591430664062e-03
9.426465630531311035e-01,6.029607262462377548e-03,1.467907894402742386e-02,2.605243027210235596e-02,2.802418312057852745e-03,7.789931725710630417e-03
9.470502138137817383e-01,3.971501719206571579e-03,1.354627497494220734e-02,2.719467692077159882e-02,1.845857943408191204e-03,6.391461007297039032e-03
9.371839761734008789e-01,3.143002744764089584e-03,1.152667962014675140e-02,4.119656980037689209e-02,1.170228235423564911e-03,5.779422353953123093e-03
9.427421092987060547e-01,3.733511548489332199e-03,1.124419551342725754e-02,3.535248339176177979e-02,1.262272591702640057e-03,5.665352102369070053e-03
9.353331327438354492e-01,5.720832850784063339e-03,1.081692520529031754e-02,4.043086618185043335e-02,1.268027350306510925e-03,6.430353969335556030e-03
9.454071521759033203e-01,6.726020481437444687e-03,1.063368003815412521e-02,3.027979657053947449e-02,1.206036657094955444e-03,5.747279617935419083e-03
8.937634229660034180e-01,9.870657697319984436e-03,1.065576728433370590e-02,7.843635231256484985e-02,9.058571304194629192e-04,6.367972586303949356e-03
9.330549240112304688e-01,1.041709259152412415e-02,1.182407699525356293e-02,3.731529042124748230e-02,1.377710257656872272e-03,6.010923534631729126e-03
9.311557412147521973e-01,4.214117303490638733e-03,9.015585295855998993e-03,5.010555684566497803e-02,7.145231938920915127e-04,4.794419743120670319e-03
9.420190453529357910e-01,3.751394106075167656e-03,9.273904375731945038e-03,3.897175565361976624e-02,9.364194702357053757e-04,5.047479644417762756e-03
9.395738244056701660e-01,4.257418680936098099e-03,1.210990920662879944e-02,3.732160106301307678e-02,1.236169366165995598e-03,5.501027684658765793e-03
9.138061404228210449e-01,6.297551561146974564e-03,2.750481665134429932e-02,4.411407932639122009e-02,2.450573956593871117e-03,5.826744250953197479e-03
8.909014463424682617e-01,4.743326455354690552e-03,1.404169481247663498e-02,8.374872803688049316e-02,9.963810443878173828e-04,5.568301305174827576e-03
8.860019445419311523e-01,3.897142829373478889e-03,1.612571813166141510e-02,8.883025497198104858e-02,8.249766542576253414e-04,4.319898318499326706e-03
9.177962541580200195e-01,4.449050873517990112e-03,1.169207878410816193e-02,6.020099297165870667e-02,9.552325354889035225e-04,4.906323738396167755e-03
9.123812317848205566e-01,3.339013317599892616e-03,8.769870735704898834e-03,6.987288594245910645e-02,7.030075066722929478e-04,4.933896940201520920e-03
9.532911777496337891e-01,2.789148129522800446e-03,6.370413582772016525e-03,3.180437535047531128e-02,8.861882961355149746e-04,4.858762025833129883e-03
9.535489082336425781e-01,5.335756577551364899e-03,1.182256639003753662e-02,1.933212205767631531e-02,2.792393555864691734e-03,7.168239913880825043e-03
9.539856910705566406e-01,3.448164789006114006e-03,8.128167130053043365e-03,2.756902575492858887e-02,1.264407299458980560e-03,5.604513920843601227e-03
9.602814912796020508e-01,5.347850266844034195e-03,9.097286500036716461e-03,1.764302328228950500e-02,1.731627387925982475e-03,5.898604169487953186e-03
9.511263370513916016e-01,4.415660630911588669e-03,6.802055519074201584e-03,3.177280724048614502e-02,8.417206699959933758e-04,5.041358992457389832e-03
9.533529877662658691e-01,5.578541196882724762e-03,8.904825896024703979e-03,2.503729052841663361e-02,1.362106297165155411e-03,5.764250177890062332e-03
9.547654986381530762e-01,4.358000587671995163e-03,7.379632443189620972e-03,2.669596858322620392e-02,1.148861367255449295e-03,5.651866551488637924e-03
9.444322586059570312e-01,3.374491352587938309e-03,8.336517028510570526e-03,3.672441840171813965e-02,1.199245918542146683e-03,5.932990927249193192e-03
9.271697402000427246e-01,3.504680702462792397e-03,1.073808688670396805e-02,5.196432769298553467e-02,1.140993437729775906e-03,5.482135340571403503e-03
9.290109872817993164e-01,2.750237006694078445e-03,7.680793292820453644e-03,5.480516701936721802e-02,7.633579079993069172e-04,4.989346023648977280e-03
8.962158560752868652e-01,4.679483827203512192e-03,1.138343475759029388e-02,8.136668056249618530e-02,9.511804091744124889e-04,5.403355229645967484e-03
9.309169650077819824e-01,6.731315515935420990e-03,1.347876619547605515e-02,4.168577119708061218e-02,1.554551068693399429e-03,5.632624961435794830e-03
9.191063046455383301e-01,7.816556841135025024e-03,1.846991665661334991e-02,4.789950698614120483e-02,1.499967649579048157e-03,5.207806825637817383e-03
9.415706396102905273e-01,8.929301053285598755e-03,1.950031891465187073e-02,2.180171757936477661e-02,2.621563151478767395e-03,5.576408468186855316e-03
9.406824111938476562e-01,1.044393982738256454e-02,1.922485977411270142e-02,2.170749753713607788e-02,2.488600788637995720e-03,5.452715791761875153e-03
9.406242966651916504e-01,1.343890838325023651e-02,2.110701426863670349e-02,1.566194742918014526e-02,3.466280410066246986e-03,5.701552145183086395e-03
9.291485548019409180e-01,1.551893167197704315e-02,2.180787548422813416e-02,2.423718944191932678e-02,3.020870732143521309e-03,6.266670301556587219e-03
9.403117895126342773e-01,9.194514714181423187e-03,1.573278009891510010e-02,2.637898176908493042e-02,2.205097116529941559e-03,6.176791619509458542e-03
9.335452318191528320e-01,6.374709308147430420e-03,1.166466437280178070e-02,4.141035303473472595e-02,1.250006142072379589e-03,5.755039863288402557e-03
9.311773777008056641e-01,4.681867081671953201e-03,1.342985872179269791e-02,4.381490871310234070e-02,1.302857999689877033e-03,5.593250505626201630e-03
9.406008720397949219e-01,5.977266002446413040e-03,1.455302163958549500e-02,3.119037114083766937e-02,1.959441229701042175e-03,5.719040520489215851e-03
9.326603412628173828e-01,7.371669635176658630e-03,1.825925149023532867e-02,3.378972038626670837e-02,2.154263900592923164e-03,5.764746572822332382e-03
9.445701241493225098e-01,8.538933470845222473e-03,1.996154151856899261e-02,1.786663196980953217e-02,3.333563683554530144e-03,5.729303695261478424e-03
9.292918443679809570e-01,7.109888829290866852e-03,2.243542112410068512e-02,3.421166166663169861e-02,2.034097444266080856e-03,4.916928242892026901e-03
9.434081315994262695e-01,8.988735266029834747e-03,1.937391422688961029e-02,2.100911736488342285e-02,2.240722300484776497e-03,4.979456309229135513e-03
9.473643302917480469e-01,4.392790142446756363e-03,1.419538166373968124e-02,2.846988663077354431e-02,1.352432649582624435e-03,4.225109238177537918e-03
9.502928853034973145e-01,6.606311537325382233e-03,1.348103955388069153e-02,2.391291409730911255e-02,1.332250656560063362e-03,4.374603740870952606e-03
9.560231566429138184e-01,5.520977545529603958e-03,1.179682929068803787e-02,2.060120925307273865e-02,1.409894088283181190e-03,4.647870082408189774e-03
9.530627727508544922e-01,5.146494135260581970e-03,1.179615408182144165e-02,2.255235798656940460e-02,1.757551333867013454e-03,5.684555973857641220e-03
9.440789818763732910e-01,5.892182234674692154e-03,1.105705462396144867e-02,3.274573385715484619e-02,1.215572119690477848e-03,5.010563880205154419e-03
9.344006776809692383e-01,8.909300900995731354e-03,1.596264541149139404e-02,3.419687971472740173e-02,1.472283620387315750e-03,5.058352369815111160e-03
9.492443203926086426e-01,8.318799547851085663e-03,1.604669913649559021e-02,2.013530209660530090e-02,1.769189257174730301e-03,4.485661629587411880e-03
9.482114911079406738e-01,8.146613836288452148e-03,1.715226471424102783e-02,1.993138343095779419e-02,1.988723175600171089e-03,4.569588229060173035e-03
9.536464810371398926e-01,8.666346780955791473e-03,1.687356270849704742e-02,1.264992915093898773e-02,2.810107544064521790e-03,5.353585351258516312e-03
9.544248580932617188e-01,5.574768874794244766e-03,1.397013105452060699e-02,1.876496337354183197e-02,2.034186618402600288e-03,5.231013521552085876e-03
9.527746438980102539e-01,6.278305314481258392e-03,1.356820855289697647e-02,1.956759952008724213e-02,2.149664564058184624e-03,5.661511328071355820e-03
9.494246244430541992e-01,5.036946386098861694e-03,1.013419404625892639e-02,2.876662835478782654e-02,1.308357226662337780e-03,5.329208448529243469e-03
9.416288733482360840e-01,6.205055862665176392e-03,1.113248150795698166e-02,3.412357717752456665e-02,1.316644134931266308e-03,5.593494046479463577e-03
9.473267793655395508e-01,5.762608256191015244e-03,1.028459146618843079e-02,3.026454709470272064e-02,1.164776855148375034e-03,5.196726880967617035e-03
9.456903338432312012e-01,5.431893281638622284e-03,1.415452361106872559e-02,2.690931223332881927e-02,1.895946799777448177e-03,5.917902104556560516e-03
9.483159780502319336e-01,6.404558196663856506e-03,1.317214034497737885e-02,2.383340708911418915e-02,2.044074935838580132e-03,6.229958496987819672e-03
9.349657297134399414e-01,5.310415755957365036e-03,1.773882098495960236e-02,3.361627459526062012e-02,2.092045731842517853e-03,6.276538595557212830e-03
9.459745287895202637e-01,5.878898315131664276e-03,1.725917123258113861e-02,2.052993699908256531e-02,3.333638189360499382e-03,7.023820653557777405e-03
9.459528923034667969e-01,4.932634532451629639e-03,1.638095080852508545e-02,2.439439110457897186e-02,2.316484227776527405e-03,6.022779271006584167e-03
9.466093778610229492e-01,7.677889429032802582e-03,2.058514207601547241e-02,1.629028096795082092e-02,3.354250220581889153e-03,5.483157001435756683e-03
9.522113800048828125e-01,6.521556060761213303e-03,1.863935403525829315e-02,1.483713369816541672e-02,2.803300274536013603e-03,4.987381864339113235e-03
9.465143084526062012e-01,9.309325367212295532e-03,2.209135890007019043e-02,1.391239371150732040e-02,3.121385816484689713e-03,5.051198415458202362e-03
9.539277553558349609e-01,6.508473306894302368e-03,1.302403025329113007e-02,1.893587037920951843e-02,2.011853503063321114e-03,5.592001136392354965e-03
9.466560482978820801e-01,6.073679774999618530e-03,1.306532230228185654e-02,2.656864561140537262e-02,1.812191447243094444e-03,5.824107676744461060e-03
9.396377801895141602e-01,7.666938006877899170e-03,1.417332515120506287e-02,3.034757263958454132e-02,1.918921247124671936e-03,6.255380343645811081e-03
9.442380666732788086e-01,4.506441298872232437e-03,1.166911609470844269e-02,3.324759751558303833e-02,1.237255055457353592e-03,5.101496819406747818e-03
9.398923516273498535e-01,6.623230874538421631e-03,1.385737117379903793e-02,3.189313039183616638e-02,1.774762873537838459e-03,5.959057249128818512e-03
9.441710710525512695e-01,6.470930762588977814e-03,1.459913048893213272e-02,2.697428129613399506e-02,1.925889053381979465e-03,5.858682096004486084e-03
9.529761672019958496e-01,6.988978013396263123e-03,1.639450900256633759e-02,1.469519920647144318e-02,3.027741797268390656e-03,5.917440168559551239e-03
9.482392668724060059e-01,6.760718766599893570e-03,1.893516071140766144e-02,1.640808209776878357e-02,3.382566850632429123e-03,6.274277810007333755e-03
9.473944902420043945e-01,7.717585191130638123e-03,1.843505352735519409e-02,1.590004377067089081e-02,3.765358123928308487e-03,6.787421647459268570e-03
9.518552422523498535e-01,5.100353620946407318e-03,1.791641116142272949e-02,1.684876158833503723e-02,2.649307483807206154e-03,5.629802122712135315e-03
9.425727128982543945e-01,5.215490236878395081e-03,1.567700877785682678e-02,2.728429250419139862e-02,2.574791666120290756e-03,6.675578653812408447e-03
9.558824896812438965e-01,3.942098002880811691e-03,1.071357168257236481e-02,2.185741998255252838e-02,1.838992699049413204e-03,5.765288602560758591e-03
9.486678838729858398e-01,4.014357924461364746e-03,1.231821347028017044e-02,2.746971696615219116e-02,1.824132981710135937e-03,5.705760326236486435e-03
9.476293921470642090e-01,9.526951238512992859e-03,1.538146939128637314e-02,1.767683029174804688e-02,3.065101103857159615e-03,6.720095407217741013e-03
9.507843852043151855e-01,6.563903763890266418e-03,1.259545516222715378e-02,2.259168028831481934e-02,1.833057845942676067e-03,5.631414242088794708e-03
9.483368992805480957e-01,7.411832921206951141e-03,1.327745337039232254e-02,2.271514758467674255e-02,2.038598060607910156e-03,6.220005918294191360e-03
9.501407146453857422e-01,7.254621479660272598e-03,1.544879376888275146e-02,1.755880564451217651e-02,3.044286975637078285e-03,6.552848033607006073e-03
9.592772126197814941e-01,4.819449037313461304e-03,1.058489549905061722e-02,1.768462546169757843e-02,1.755802426487207413e-03,5.877924151718616486e-03
9.557731747627258301e-01,5.145139060914516449e-03,1.402806956321001053e-02,1.651079766452312469e-02,2.349912654608488083e-03,6.192857399582862854e-03
9.490211606025695801e-01,6.167870480567216873e-03,1.868933066725730896e-02,1.635723188519477844e-02,3.281950717791914940e-03,6.482463795691728592e-03
9.291990995407104492e-01,5.846437532454729080e-03,1.960665360093116760e-02,3.804391622543334961e-02,1.717935083433985710e-03,5.586008541285991669e-03
9.201639890670776367e-01,7.193746510893106461e-03,2.542817965149879456e-02,4.097860306501388550e-02,1.755483797751367092e-03,4.480064846575260162e-03
9.063636064529418945e-01,9.280015714466571808e-03,3.527575358748435974e-02,4.070442169904708862e-02,2.967565087601542473e-03,5.408596713095903397e-03
9.435398578643798828e-01,6.439241115003824234e-03,1.452390197664499283e-02,2.748116292059421539e-02,2.059521852061152458e-03,5.956363864243030548e-03
9.390224814414978027e-01,6.730560678988695145e-03,1.592465117573738098e-02,2.972996048629283905e-02,2.334190532565116882e-03,6.258206441998481750e-03
9.527684450149536133e-01,8.502685464918613434e-03,1.426759921014308929e-02,1.429225504398345947e-02,3.236068179830908775e-03,6.932813674211502075e-03
9.552776217460632324e-01,8.231603540480136871e-03,1.408764440566301346e-02,1.307863742113113403e-02,2.938400022685527802e-03,6.386184599250555038e-03
9.486123919486999512e-01,9.706562384963035583e-03,1.201425306499004364e-02,2.123438194394111633e-02,2.033554483205080032e-03,6.398899946361780167e-03
9.500918388366699219e-01,5.715420003980398178e-03,9.460962377488613129e-03,2.839958667755126953e-02,1.126196235418319702e-03,5.206147674471139908e-03
9.384727478027343750e-01,4.094753414392471313e-03,8.304568938910961151e-03,4.360470920801162720e-02,7.090948638506233692e-04,4.814164713025093079e-03
9.444851279258728027e-01,2.823124639689922333e-03,7.926027290523052216e-03,3.957306221127510071e-02,6.724320119246840477e-04,4.520311020314693451e-03
9.258055090904235840e-01,2.822279231622815132e-03,9.740610606968402863e-03,5.680741742253303528e-02,6.172792054712772369e-04,4.206948447972536087e-03
9.482882618904113770e-01,5.106247961521148682e-03,1.811866462230682373e-02,2.066046185791492462e-02,2.354454016312956810e-03,5.471798125654459000e-03
9.466608762741088867e-01,4.982898477464914322e-03,1.462217792868614197e-02,2.631701342761516571e-02,1.849001739174127579e-03,5.568056832998991013e-03
9.465473890304565430e-01,5.670108366757631302e-03,1.719294674694538116e-02,2.311018109321594238e-02,2.234006067737936974e-03,5.245513282716274261e-03
9.281790852546691895e-01,7.320671342313289642e-03,1.780380681157112122e-02,3.835088387131690979e-02,2.003462752327322960e-03,6.341945379972457886e-03
9.462638497352600098e-01,6.037950981408357620e-03,1.265739183872938156e-02,2.740925364196300507e-02,1.725071575492620468e-03,5.906497593969106674e-03
9.290789961814880371e-01,7.165172137320041656e-03,1.717842742800712585e-02,3.913552686572074890e-02,1.836861832998692989e-03,5.604962818324565887e-03
9.357991814613342285e-01,1.004945859313011169e-02,2.088892273604869843e-02,2.433958649635314941e-02,3.001918550580739975e-03,5.920812487602233887e-03
9.452012181282043457e-01,1.014003437012434006e-02,1.958390325307846069e-02,1.531018596142530441e-02,3.668444696813821793e-03,6.096267141401767731e-03
9.408342242240905762e-01,1.354648079723119736e-02,2.308611758053302765e-02,1.116070710122585297e-02,5.246438086032867432e-03,6.126089952886104584e-03
9.459872245788574219e-01,8.128794841468334198e-03,2.270057424902915955e-02,1.357160508632659912e-02,4.055594559758901596e-03,5.556191317737102509e-03
9.412592649459838867e-01,9.049274027347564697e-03,2.298308163881301880e-02,1.769025251269340515e-02,3.267013002187013626e-03,5.751040298491716385e-03
9.465446472167968750e-01,7.153750397264957428e-03,1.928918436169624329e-02,1.874923519790172577e-02,2.638409612700343132e-03,5.624808371067047119e-03
9.333607554435729980e-01,6.077790167182683945e-03,1.618461124598979950e-02,3.712727874517440796e-02,1.721101347357034683e-03,5.528473760932683945e-03
9.346597790718078613e-01,7.070438005030155182e-03,2.276333048939704895e-02,2.714411728084087372e-02,2.653794595971703529e-03,5.708476528525352478e-03
9.442175626754760742e-01,5.581673700362443924e-03,2.058702707290649414e-02,2.183044143021106720e-02,2.616939833387732506e-03,5.166328512132167816e-03
9.431562423706054688e-01,6.758688483387231827e-03,1.814948208630084991e-02,2.362948656082153320e-02,2.585389185696840286e-03,5.720681510865688324e-03
9.439889788627624512e-01,7.885566912591457367e-03,2.653337083756923676e-02,1.231541205197572708e-02,4.165213555097579956e-03,5.111311562359333038e-03
9.345910549163818359e-01,7.210648618638515472e-03,2.147586084902286530e-02,2.895733155310153961e-02,2.462840406224131584e-03,5.302259232848882675e-03
9.582535624504089355e-01,5.046273581683635712e-03,1.298216916620731354e-02,1.619977876543998718e-02,2.125288126990199089e-03,5.392914172261953354e-03
9.533964991569519043e-01,4.761670716106891632e-03,1.289129909127950668e-02,2.117829397320747375e-02,2.039124025031924248e-03,5.733057390898466110e-03
9.511759281158447266e-01,6.308257579803466797e-03,1.769036240875720978e-02,1.479994691908359528e-02,3.572877729311585426e-03,6.452565081417560577e-03
9.526519179344177246e-01,6.943398155272006989e-03,1.561630889773368835e-02,1.336615439504384995e-02,4.092521034181118011e-03,7.329746615141630173e-03
9.480581283569335938e-01,8.743887767195701599e-03,1.893043145537376404e-02,1.376859378069639206e-02,3.976399078965187073e-03,6.522625684738159180e-03
9.515891075134277344e-01,7.463155314326286316e-03,1.516778767108917236e-02,1.716317795217037201e-02,2.645721426233649254e-03,5.971093662083148956e-03
9.481480121612548828e-01,6.341760046780109406e-03,1.333549246191978455e-02,2.388593554496765137e-02,2.123951213434338570e-03,6.164746358990669250e-03
9.477996826171875000e-01,5.422748625278472900e-03,1.588723994791507721e-02,2.395351417362689972e-02,1.780905993655323982e-03,5.155923776328563690e-03
9.423191547393798828e-01,5.021385382860898972e-03,2.077559567987918854e-02,2.304855920374393463e-02,2.940854523330926895e-03,5.894427653402090073e-03
9.492512345314025879e-01,5.997604224830865860e-03,2.053717710077762604e-02,1.396074797958135605e-02,4.249871242791414261e-03,6.003404036164283752e-03
9.412301182746887207e-01,5.696900188922882080e-03,2.890526689589023590e-02,1.401253603398799896e-02,4.990192595869302750e-03,5.164945032447576523e-03
9.406285285949707031e-01,6.692636292427778244e-03,2.575597167015075684e-02,1.766460202634334564e-02,3.983139526098966599e-03,5.275121890008449554e-03
9.535859823226928711e-01,6.170262116938829422e-03,1.724402233958244324e-02,1.340885646641254425e-02,3.916929010301828384e-03,5.674083717167377472e-03
9.544592499732971191e-01,5.419566296041011810e-03,1.440490875393152237e-02,1.774215325713157654e-02,2.316080033779144287e-03,5.657958332449197769e-03
9.485475420951843262e-01,6.881199777126312256e-03,1.656942442059516907e-02,1.851605251431465149e-02,3.030158812180161476e-03,6.455565802752971649e-03
9.339990615844726562e-01,4.997827578336000443e-03,1.861038990318775177e-02,3.549370169639587402e-02,1.740356208756566048e-03,5.158664658665657043e-03
9.283574223518371582e-01,6.368673406541347504e-03,2.072897367179393768e-02,3.698889538645744324e-02,2.059667604044079781e-03,5.496497265994548798e-03
9.240540266036987305e-01,8.021485991775989532e-03,1.788440160453319550e-02,4.300160706043243408e-02,1.537326024845242500e-03,5.501143634319305420e-03
9.280250668525695801e-01,4.854524042457342148e-03,1.207241788506507874e-02,4.891118779778480530e-02,1.042702817358076572e-03,5.094146821647882462e-03
9.353804588317871094e-01,7.627213373780250549e-03,2.455164119601249695e-02,2.405941113829612732e-02,2.763911383226513863e-03,5.617372225970029831e-03
9.521690011024475098e-01,4.226405173540115356e-03,1.058750692754983902e-02,2.659996412694454193e-02,1.252811518497765064e-03,5.164219532161951065e-03
9.526905417442321777e-01,3.346440382301807404e-03,1.156849600374698639e-02,2.673395350575447083e-02,1.133254845626652241e-03,4.527198150753974915e-03
9.478646516799926758e-01,7.167047355324029922e-03,1.027725916355848312e-02,2.736987359821796417e-02,1.399060012772679329e-03,5.921987351030111313e-03
9.203140139579772949e-01,8.634828962385654449e-03,1.695921458303928375e-02,4.755331575870513916e-02,1.325659104622900486e-03,5.212986376136541367e-03
9.413057565689086914e-01,9.634939953684806824e-03,1.273863483220338821e-02,2.932491898536682129e-02,1.523278653621673584e-03,5.472541786730289459e-03
9.422974586486816406e-01,1.486089546233415604e-02,1.763824373483657837e-02,1.600125990808010101e-02,2.927802503108978271e-03,6.274339277297258377e-03
9.476857185363769531e-01,1.030602585524320602e-02,1.724178344011306763e-02,1.517959497869014740e-02,3.190909279510378838e-03,6.395826116204261780e-03
9.465969800949096680e-01,1.192519161850214005e-02,1.672758534550666809e-02,1.487821992486715317e-02,3.385653486475348473e-03,6.486477330327033997e-03
9.453420639038085938e-01,1.086242683231830597e-02,1.717759668827056885e-02,1.788436621427536011e-02,2.740344963967800140e-03,5.993321072310209274e-03
9.542272686958312988e-01,6.811650469899177551e-03,1.288427878171205521e-02,1.707711070775985718e-02,2.501909388229250908e-03,6.497806869447231293e-03
9.483370184898376465e-01,1.061435416340827942e-02,1.581483706831932068e-02,1.453747786581516266e-02,3.603650955483317375e-03,7.092691026628017426e-03
9.521450400352478027e-01,8.092348463833332062e-03,1.066160108894109726e-02,2.079406566917896271e-02,1.973278820514678955e-03,6.333815399557352066e-03
9.310224056243896484e-01,1.089945156127214432e-02,1.530875917524099350e-02,3.448078036308288574e-02,1.895584049634635448e-03,6.393119692802429199e-03
9.393708705902099609e-01,1.514482405036687851e-02,1.803905330598354340e-02,1.931681856513023376e-02,2.470377832651138306e-03,5.657979287207126617e-03
9.337838292121887207e-01,1.022849418222904205e-02,1.591941714286804199e-02,3.386772423982620239e-02,1.397518673911690712e-03,4.802995361387729645e-03
9.378461241722106934e-01,1.334713678807020187e-02,2.105468139052391052e-02,1.931803673505783081e-02,2.892974996939301491e-03,5.541049409657716751e-03
9.302888512611389160e-01,1.279635820537805557e-02,2.412778884172439575e-02,2.332165837287902832e-02,3.338506678119301796e-03,6.126903463155031204e-03
9.502728581428527832e-01,7.442505098879337311e-03,1.744821295142173767e-02,1.400674972683191299e-02,3.941974602639675140e-03,6.887778639793395996e-03
9.441257119178771973e-01,9.517688304185867310e-03,1.830241456627845764e-02,1.510294899344444275e-02,5.020433571189641953e-03,7.930718362331390381e-03
9.536637067794799805e-01,6.108554080128669739e-03,1.689107157289981842e-02,1.179756596684455872e-02,4.513541236519813538e-03,7.025506813079118729e-03
9.483951330184936523e-01,7.171455305069684982e-03,1.855014264583587646e-02,1.445073820650577545e-02,4.041170701384544373e-03,7.391368504613637924e-03
9.594217538833618164e-01,4.025684669613838196e-03,1.516926568001508713e-02,1.186708826571702957e-02,3.141596680507063866e-03,6.374672520905733109e-03
9.315091967582702637e-01,4.669148940593004227e-03,2.897741273045539856e-02,2.586808055639266968e-02,3.031467087566852570e-03,5.944648291915655136e-03
9.467816948890686035e-01,3.005633596330881119e-03,1.626224629580974579e-02,2.537317015230655670e-02,2.168915700167417526e-03,6.408242974430322647e-03
8.777592182159423828e-01,4.701454658061265945e-03,4.549008235335350037e-02,6.536924093961715698e-02,2.006110735237598419e-03,4.673798102885484695e-03
9.190141558647155762e-01,4.395351745188236237e-03,2.070101164281368256e-02,4.964948445558547974e-02,1.462299725972115993e-03,4.777739290148019791e-03
9.121322035789489746e-01,4.061518702656030655e-03,2.431522682309150696e-02,5.276811495423316956e-02,1.643776544369757175e-03,5.079104099422693253e-03
9.101597070693969727e-01,5.946116056293249130e-03,2.662847004830837250e-02,5.013786628842353821e-02,1.918687485158443451e-03,5.209138616919517517e-03
9.366551637649536133e-01,5.615507718175649643e-03,2.017172798514366150e-02,2.969497628509998322e-02,2.420274773612618446e-03,5.442270077764987946e-03
9.448621273040771484e-01,5.899654701352119446e-03,1.869065500795841217e-02,2.222704701125621796e-02,2.703947946429252625e-03,5.616528913378715515e-03
9.424958825111389160e-01,7.406887132674455643e-03,2.141076140105724335e-02,1.970918290317058563e-02,3.221469931304454803e-03,5.755913443863391876e-03
9.506179094314575195e-01,5.802191793918609619e-03,1.408223994076251984e-02,2.111547440290451050e-02,2.323946217074990273e-03,6.058183498680591583e-03
9.318788051605224609e-01,1.329979021102190018e-02,2.063841745257377625e-02,2.532262355089187622e-02,2.662041457369923592e-03,6.198386661708354950e-03
9.409656524658203125e-01,9.266255423426628113e-03,1.471020374447107315e-02,2.744528837502002716e-02,1.844037673436105251e-03,5.768564529716968536e-03
9.450523853302001953e-01,1.036613341420888901e-02,1.384794525802135468e-02,2.311759255826473236e-02,1.836934592574834824e-03,5.779101978987455368e-03
9.309490919113159180e-01,6.856686901301145554e-03,1.167289819568395615e-02,4.419677332043647766e-02,1.078257337212562561e-03,5.246351007372140884e-03
9.432907104492187500e-01,8.134419098496437073e-03,1.273260172456502914e-02,2.820971421897411346e-02,1.810613670386373997e-03,5.821821279823780060e-03
9.345037937164306641e-01,4.886953160166740417e-03,1.443766709417104721e-02,3.949917480349540710e-02,1.386021380312740803e-03,5.286355037242174149e-03
9.333992004394531250e-01,6.699557881802320480e-03,1.674857549369335175e-02,3.612436354160308838e-02,1.740511157549917698e-03,5.287844222038984299e-03
9.374385476112365723e-01,8.136013522744178772e-03,1.929387636482715607e-02,2.738286182284355164e-02,2.216793131083250046e-03,5.531794857233762741e-03
9.499264955520629883e-01,8.456410840153694153e-03,1.843069680035114288e-02,1.524051651358604431e-02,2.658600220456719398e-03,5.287187173962593079e-03
9.391272664070129395e-01,1.194326207041740417e-02,2.204943262040615082e-02,1.866609044373035431e-02,2.886711852625012398e-03,5.327232182025909424e-03
9.462010860443115234e-01,1.077057234942913055e-02,1.975743286311626434e-02,1.345505286008119583e-02,3.724962240085005760e-03,6.090878043323755264e-03
9.456419348716735840e-01,9.856427088379859924e-03,1.691862568259239197e-02,1.749167777597904205e-02,3.284241538494825363e-03,6.807105150073766708e-03
9.456905722618103027e-01,6.922152824699878693e-03,1.937465742230415344e-02,1.889275386929512024e-02,3.115111263468861580e-03,6.004866212606430054e-03
9.486857652664184570e-01,5.868263542652130127e-03,1.677140407264232635e-02,1.993541978299617767e-02,2.746067475527524948e-03,5.992939695715904236e-03
9.254045486450195312e-01,9.275435470044612885e-03,2.956056036055088043e-02,2.744655311107635498e-02,2.959339180961251259e-03,5.353445652872323990e-03
9.340937137603759766e-01,1.122776698321104050e-02,2.494524419307708740e-02,1.924749277532100677e-02,3.951201215386390686e-03,6.534480955451726913e-03
9.361674785614013672e-01,9.238353930413722992e-03,2.083947509527206421e-02,2.566381543874740601e-02,2.471701009199023247e-03,5.619203671813011169e-03
9.394428133964538574e-01,7.808654103428125381e-03,1.863159425556659698e-02,2.558152191340923309e-02,2.650330308824777603e-03,5.885050166398286819e-03
9.446651935577392578e-01,8.013454265892505646e-03,1.658560335636138916e-02,2.163573913276195526e-02,2.679380821064114571e-03,6.420598831027746201e-03
9.494096040725708008e-01,5.703662522137165070e-03,1.601495593786239624e-02,2.101805061101913452e-02,2.306233625859022141e-03,5.547580309212207794e-03
9.491329789161682129e-01,3.857042873278260231e-03,1.337223686277866364e-02,2.613389119505882263e-02,1.778072910383343697e-03,5.725819151848554611e-03
9.568660259246826172e-01,4.585879389196634293e-03,1.440860237926244736e-02,1.461978256702423096e-02,2.902518026530742645e-03,6.617150269448757172e-03
9.512579441070556641e-01,5.477192346006631851e-03,1.651641353964805603e-02,1.679219678044319153e-02,3.313789842650294304e-03,6.642601918429136276e-03
9.523506164550781250e-01,4.242424387484788895e-03,1.633137837052345276e-02,1.816592179238796234e-02,2.806235570460557938e-03,6.103436462581157684e-03
9.438782930374145508e-01,6.005445495247840881e-03,1.704892143607139587e-02,2.471173554658889771e-02,2.441573422402143478e-03,5.914034321904182434e-03
9.434019923210144043e-01,6.720059085637331009e-03,2.295952290296554565e-02,1.724494993686676025e-02,3.724372480064630508e-03,5.949070677161216736e-03
9.544324278831481934e-01,5.267268046736717224e-03,1.493590045720338821e-02,1.834837347269058228e-02,2.032690914347767830e-03,4.983183927834033966e-03
9.465582966804504395e-01,4.357085563242435455e-03,1.653491146862506866e-02,2.617681957781314850e-02,1.736249076202511787e-03,4.636602941900491714e-03
9.488630890846252441e-01,6.445060484111309052e-03,1.858292706310749054e-02,1.869772374629974365e-02,2.481878036633133888e-03,4.929205868393182755e-03
9.144493937492370605e-01,6.321164779365062714e-03,2.394524402916431427e-02,4.875151813030242920e-02,1.702526002191007137e-03,4.830187652260065079e-03
9.195859432220458984e-01,8.534654974937438965e-03,2.744661644101142883e-02,3.584702312946319580e-02,2.832957310602068901e-03,5.752947647124528885e-03
9.249985218048095703e-01,9.470263496041297913e-03,2.059969119727611542e-02,3.716284781694412231e-02,2.159429714083671570e-03,5.609297659248113632e-03
9.472088813781738281e-01,7.511848583817481995e-03,1.779388636350631714e-02,1.911793835461139679e-02,2.738922834396362305e-03,5.628562066704034805e-03
9.489667415618896484e-01,8.392910473048686981e-03,2.018352225422859192e-02,1.439975760877132416e-02,3.041909076273441315e-03,5.015056580305099487e-03
9.441079497337341309e-01,1.181480567902326584e-02,2.158097550272941589e-02,1.227662339806556702e-02,4.307722672820091248e-03,5.911868996918201447e-03
9.467263221740722656e-01,9.583222679793834686e-03,2.157531864941120148e-02,1.204526517540216446e-02,4.376273602247238159e-03,5.693482235074043274e-03
9.510220885276794434e-01,1.055415533483028412e-02,1.810528710484504700e-02,1.009136252105236053e-02,4.210625309497117996e-03,6.016545463353395462e-03
9.491798877716064453e-01,9.306506253778934479e-03,1.685413159430027008e-02,1.491009723395109177e-02,3.253546310588717461e-03,6.495739798992872238e-03
9.328013658523559570e-01,1.761251129209995270e-02,1.943177543580532074e-02,1.959540508687496185e-02,3.603575052693486214e-03,6.955346558243036270e-03
9.303572773933410645e-01,1.229539886116981506e-02,1.473066210746765137e-02,3.295163810253143311e-02,2.308884635567665100e-03,7.356089074164628983e-03
9.201377630233764648e-01,2.360694482922554016e-02,2.474139258265495300e-02,1.838303543627262115e-02,5.334261339157819748e-03,7.796538528054952621e-03
9.164697527885437012e-01,2.627209946513175964e-02,2.667416632175445557e-02,1.822406426072120667e-02,5.064297001808881760e-03,7.295704446732997894e-03
9.404423236846923828e-01,1.093860622495412827e-02,1.719857193529605865e-02,2.148619480431079865e-02,3.137478372082114220e-03,6.796781439334154129e-03
9.247113466262817383e-01,1.300624012947082520e-02,2.418962493538856506e-02,2.915021777153015137e-02,2.816132968291640282e-03,6.126341875642538071e-03
9.384701251983642578e-01,7.135406136512756348e-03,1.956993341445922852e-02,2.595910802483558655e-02,2.730583772063255310e-03,6.134695373475551605e-03
9.098929762840270996e-01,4.837585147470235825e-03,1.547610294073820114e-02,6.331329047679901123e-02,1.173760509118437767e-03,5.306406877934932709e-03
9.490447044372558594e-01,6.619809661060571671e-03,1.664650999009609222e-02,1.834791712462902069e-02,3.132365643978118896e-03,6.208587903529405594e-03
9.362683892250061035e-01,3.958838991820812225e-03,1.508220750838518143e-02,3.754730150103569031e-02,1.659166999161243439e-03,5.484012421220541000e-03
9.544519186019897461e-01,5.943563766777515411e-03,1.264036912471055984e-02,1.702163927257061005e-02,2.874089404940605164e-03,7.068392354995012283e-03
9.518290162086486816e-01,4.304113797843456268e-03,1.332654245197772980e-02,2.130358479917049408e-02,2.625687746331095695e-03,6.610878277570009232e-03
9.533209204673767090e-01,3.243679413571953773e-03,1.168951950967311859e-02,2.223036997020244598e-02,2.308599185198545456e-03,7.207001093775033951e-03
9.242555499076843262e-01,4.414856433868408203e-03,2.070895954966545105e-02,4.273692891001701355e-02,1.941415597684681416e-03,5.942318122833967209e-03
9.077654480934143066e-01,7.828976027667522430e-03,3.744147717952728271e-02,3.732538968324661255e-02,3.405133495107293129e-03,6.233472842723131180e-03
9.288058876991271973e-01,7.262523286044597626e-03,1.954379677772521973e-02,3.610176220536231995e-02,2.174207009375095367e-03,6.111800670623779297e-03
9.127629995346069336e-01,1.200710237026214600e-02,3.419100120663642883e-02,3.195419162511825562e-02,3.374705323949456215e-03,5.710040219128131866e-03
9.182230234146118164e-01,8.300074376165866852e-03,2.668468281626701355e-02,4.078171402215957642e-02,1.754200784489512444e-03,4.256374668329954147e-03
9.147398471832275391e-01,9.674657136201858521e-03,3.214283287525177002e-02,3.708365559577941895e-02,1.968716736882925034e-03,4.390424117445945740e-03
9.491598010063171387e-01,6.154791451990604401e-03,1.567004062235355377e-02,2.290279418230056763e-02,1.576763694174587727e-03,4.535824991762638092e-03
9.384286403656005859e-01,9.138016030192375183e-03,2.620190754532814026e-02,1.937663555145263672e-02,2.468569437041878700e-03,4.386115819215774536e-03
9.385801553726196289e-01,1.143027748912572861e-02,2.805838920176029205e-02,1.370376069098711014e-02,3.362802090123295784e-03,4.864594433456659317e-03
9.131316542625427246e-01,2.478752657771110535e-02,3.807003796100616455e-02,1.112605538219213486e-02,6.514471955597400665e-03,6.370212882757186890e-03
9.119642972946166992e-01,1.632044278085231781e-02,4.648077860474586487e-02,1.423437893390655518e-02,5.746346432715654373e-03,5.253738258033990860e-03
9.110365509986877441e-01,1.676590926945209503e-02,4.332000389695167542e-02,1.867263205349445343e-02,4.836351610720157623e-03,5.368609447032213211e-03
9.329585433006286621e-01,8.597865700721740723e-03,2.209244295954704285e-02,2.725096605718135834e-02,2.938042394816875458e-03,6.162163801491260529e-03
9.287772178649902344e-01,1.061249710619449615e-02,2.273423410952091217e-02,3.059340268373489380e-02,2.142201410606503487e-03,5.140403751283884048e-03
9.275069236755371094e-01,7.884609512984752655e-03,1.423618290573358536e-02,4.411491006612777710e-02,1.151195843704044819e-03,5.106274504214525223e-03
9.235755801200866699e-01,1.143667381256818771e-02,1.404867973178625107e-02,4.278385639190673828e-02,1.565485843457281590e-03,6.589719559997320175e-03
9.318958520889282227e-01,1.056853774935007095e-02,1.550113502889871597e-02,3.482741117477416992e-02,1.567601459100842476e-03,5.639464594423770905e-03
8.887224197387695312e-01,1.388205774128437042e-02,3.419772535562515259e-02,5.590016394853591919e-02,2.162101212888956070e-03,5.135575309395790100e-03
9.243395924568176270e-01,1.068827882409095764e-02,2.898534014821052551e-02,2.790736034512519836e-02,2.937823766842484474e-03,5.141673609614372253e-03
8.815957903861999512e-01,1.427168119698762894e-02,4.776959866285324097e-02,4.847432672977447510e-02,2.918784040957689285e-03,4.969656933099031448e-03
9.153546094894409180e-01,8.763991296291351318e-03,3.275801241397857666e-02,3.559096902608871460e-02,2.629365073516964912e-03,4.903176333755254745e-03
9.213808774948120117e-01,7.762663997709751129e-03,2.985530160367488861e-02,3.277533873915672302e-02,2.812224207445979118e-03,5.413678009063005447e-03
9.387287497520446777e-01,8.592806756496429443e-03,2.575446851551532745e-02,1.679599657654762268e-02,4.499975591897964478e-03,5.628170445561408997e-03
9.532744288444519043e-01,5.850187968462705612e-03,1.613071002066135406e-02,1.550512108951807022e-02,3.292417852208018303e-03,5.947045516222715378e-03
9.579759240150451660e-01,4.501486662775278091e-03,1.449819095432758331e-02,1.484678313136100769e-02,2.696652896702289581e-03,5.480923689901828766e-03
9.607818126678466797e-01,5.084135103970766068e-03,1.249145716428756714e-02,1.312680728733539581e-02,2.653031144291162491e-03,5.862731952220201492e-03
9.504083395004272461e-01,5.543293431401252747e-03,1.488319411873817444e-02,2.050625905394554138e-02,2.493360778316855431e-03,6.165562663227319717e-03
9.563605189323425293e-01,5.676979664713144302e-03,1.141395233571529388e-02,1.949454471468925476e-02,1.675821724347770214e-03,5.378273781388998032e-03
9.542368054389953613e-01,5.583020392805337906e-03,1.309404987841844559e-02,1.951725967228412628e-02,2.090205205604434013e-03,5.478576291352510452e-03
9.508625268936157227e-01,6.467689760029315948e-03,1.370935887098312378e-02,2.174366451799869537e-02,1.854332280345261097e-03,5.362417083233594894e-03
9.536478519439697266e-01,4.849218297749757767e-03,1.036192756146192551e-02,2.317429892718791962e-02,1.683452050201594830e-03,6.283334456384181976e-03
9.403648972511291504e-01,3.735162084922194481e-03,1.045277900993824005e-02,3.829477727413177490e-02,1.267892424948513508e-03,5.884518381208181381e-03
9.536543488502502441e-01,4.261970520019531250e-03,1.140427030622959137e-02,2.046616747975349426e-02,2.593051409348845482e-03,7.620246149599552155e-03
9.509775042533874512e-01,3.632766893133521080e-03,8.280337788164615631e-03,2.913819067180156708e-02,1.425529830157756805e-03,6.545578129589557648e-03
9.506775140762329102e-01,6.294735241681337357e-03,1.399614010006189346e-02,1.987126655876636505e-02,2.621448365971446037e-03,6.538897287100553513e-03
9.507449269294738770e-01,5.170268472284078598e-03,1.367059443145990372e-02,2.209289371967315674e-02,2.324522938579320908e-03,5.996801890432834625e-03
9.484794139862060547e-01,5.130761768668889999e-03,1.086988020688295364e-02,2.800676040351390839e-02,1.641262206248939037e-03,5.871963687241077423e-03
9.469219446182250977e-01,3.693968057632446289e-03,1.070167124271392822e-02,3.185192123055458069e-02,1.351255341432988644e-03,5.479235202074050903e-03
9.474282264709472656e-01,4.379131831228733063e-03,1.410910766571760178e-02,2.521557360887527466e-02,2.386298263445496559e-03,6.481776945292949677e-03
9.330494403839111328e-01,5.899536889046430588e-03,1.293892133980989456e-02,4.029804468154907227e-02,1.637483946979045868e-03,6.176508963108062744e-03
9.388612508773803711e-01,5.208027083426713943e-03,1.059081498533487320e-02,3.771141171455383301e-02,1.460777828469872475e-03,6.167586892843246460e-03
9.409664869308471680e-01,3.595100250095129013e-03,9.894936345517635345e-03,3.879909217357635498e-02,1.243221107870340347e-03,5.501282401382923126e-03
9.003271460533142090e-01,4.791451618075370789e-03,9.855076670646667480e-03,7.909591495990753174e-02,7.603609119541943073e-04,5.169961601495742798e-03
8.904333710670471191e-01,4.484582692384719849e-03,1.324723288416862488e-02,8.581554889678955078e-02,8.779448689892888069e-04,5.141378846019506454e-03
8.932383060455322266e-01,6.918503902852535248e-03,2.299400605261325836e-02,6.954517960548400879e-02,1.727069495245814323e-03,5.576978903263807297e-03
9.021294713020324707e-01,6.384220439940690994e-03,2.444087341427803040e-02,5.939229950308799744e-02,1.995255239307880402e-03,5.657813046127557755e-03
9.250996112823486328e-01,6.711571477353572845e-03,2.017411217093467712e-02,3.819940239191055298e-02,2.697847550734877586e-03,7.117351051419973373e-03
9.412797689437866211e-01,3.698157146573066711e-03,1.248159538954496384e-02,3.439744189381599426e-02,1.615407876670360565e-03,6.527706980705261230e-03
9.238790273666381836e-01,3.899774979799985886e-03,1.217428036034107208e-02,5.152308568358421326e-02,1.467596157453954220e-03,7.056191097944974899e-03
9.487404227256774902e-01,3.926363307982683182e-03,9.526408277451992035e-03,2.955468930304050446e-02,1.532413414679467678e-03,6.719740573316812515e-03
9.417166709899902344e-01,4.677564371377229691e-03,9.549072943627834320e-03,3.587703779339790344e-02,1.459118444472551346e-03,6.720421835780143738e-03
9.453255534172058105e-01,6.707748398184776306e-03,1.072745490819215775e-02,2.849546819925308228e-02,1.807300606742501259e-03,6.936487276107072830e-03
9.463731646537780762e-01,6.291645113378763199e-03,1.469371840357780457e-02,2.453435957431793213e-02,2.230684971436858177e-03,5.876511801034212112e-03
9.395021200180053711e-01,8.088702335953712463e-03,1.714398525655269623e-02,2.575362101197242737e-02,2.754770219326019287e-03,6.756781134754419327e-03
9.461773633956909180e-01,6.205975078046321869e-03,1.347475405782461166e-02,2.528332546353340149e-02,2.217295579612255096e-03,6.641205865889787674e-03
9.343163371086120605e-01,5.634355358779430389e-03,1.525949686765670776e-02,3.700846433639526367e-02,1.775784883648157120e-03,6.005621515214443207e-03
9.383278489112854004e-01,5.112719256430864334e-03,1.467596273869276047e-02,3.394624590873718262e-02,1.852120971307158470e-03,6.085149943828582764e-03
9.417576193809509277e-01,5.653283558785915375e-03,1.331153325736522675e-02,2.959660626947879791e-02,2.379947574809193611e-03,7.301039528101682663e-03
9.443750977516174316e-01,5.475588142871856689e-03,1.249413099139928818e-02,2.921583876013755798e-02,2.091018483042716980e-03,6.348247639834880829e-03
9.526459574699401855e-01,5.347924772650003433e-03,1.156018022447824478e-02,2.098781242966651917e-02,2.422306686639785767e-03,7.035734131932258606e-03
9.358357787132263184e-01,5.391546990722417831e-03,1.078311540186405182e-02,3.987822681665420532e-02,1.513678696937859058e-03,6.597714498639106750e-03
9.428062438964843750e-01,4.107408691197633743e-03,1.211594231426715851e-02,3.413458541035652161e-02,1.341965980827808380e-03,5.493940319865942001e-03
9.337133765220642090e-01,3.942404873669147491e-03,1.248272135853767395e-02,4.285689815878868103e-02,1.256656483747065067e-03,5.747987888753414154e-03
9.440550804138183594e-01,3.816304495558142662e-03,1.127874292433261871e-02,3.413880988955497742e-02,1.274728914722800255e-03,5.436222068965435028e-03
9.318918585777282715e-01,3.341903444379568100e-03,1.044961996376514435e-02,4.805482178926467896e-02,9.869118221104145050e-04,5.274876020848751068e-03
9.262185096740722656e-01,4.376107826828956604e-03,8.184332400560379028e-03,5.432589352130889893e-02,8.871745085343718529e-04,6.007899995893239975e-03
9.038304090499877930e-01,3.545260988175868988e-03,6.931695621460676193e-03,7.993919402360916138e-02,5.584400496445596218e-04,5.195039790123701096e-03
9.058511257171630859e-01,4.902019165456295013e-03,1.154015958309173584e-02,7.060321420431137085e-02,1.077999942936003208e-03,6.025499198585748672e-03
9.379134774208068848e-01,3.532500471919775009e-03,1.073059625923633575e-02,4.154333099722862244e-02,1.141817192547023296e-03,5.138329695910215378e-03
9.370549917221069336e-01,5.745683796703815460e-03,1.728792488574981689e-02,3.345578908920288086e-02,1.649938756600022316e-03,4.805812146514654160e-03
9.257219433784484863e-01,1.150023937225341797e-02,2.538106590509414673e-02,2.896596863865852356e-02,2.775764791294932365e-03,5.655047949403524399e-03
9.341893196105957031e-01,7.151565514504909515e-03,1.471068616956472397e-02,3.700872510671615601e-02,1.548949046991765499e-03,5.390843376517295837e-03
8.877950906753540039e-01,1.824545860290527344e-02,2.567068673670291901e-02,6.150711700320243835e-02,1.573148649185895920e-03,5.208611022680997849e-03
8.966844677925109863e-01,9.519016370177268982e-03,1.331498380750417709e-02,7.416467368602752686e-02,8.880359819158911705e-04,5.428672768175601959e-03
9.216057658195495605e-01,5.778310354799032211e-03,1.308131217956542969e-02,5.158706754446029663e-02,1.526743057183921337e-03,6.420733407139778137e-03
9.425460696220397949e-01,4.597952589392662048e-03,9.577574208378791809e-03,3.707474097609519958e-02,1.068494282662868500e-03,5.135100800544023514e-03
9.544301629066467285e-01,4.676957614719867706e-03,1.272000186145305634e-02,2.008606679737567902e-02,2.159882569685578346e-03,5.927036516368389130e-03
9.435470700263977051e-01,6.834927946329116821e-03,1.342904474586248398e-02,2.739624306559562683e-02,2.122716512531042099e-03,6.669984199106693268e-03
9.465008378028869629e-01,6.475456990301609039e-03,1.228620763868093491e-02,2.635983936488628387e-02,1.963363029062747955e-03,6.414283532649278641e-03
9.411709904670715332e-01,7.461103610694408417e-03,1.293801609426736832e-02,2.986570075154304504e-02,2.053759526461362839e-03,6.510546430945396423e-03
9.201025366783142090e-01,6.663131527602672577e-03,1.381748542189598083e-02,5.227365344762802124e-02,1.367748482152819633e-03,5.775292869657278061e-03
9.350062012672424316e-01,7.196161895990371704e-03,1.164084021002054214e-02,3.903272747993469238e-02,1.338018919341266155e-03,5.786178633570671082e-03
9.460767507553100586e-01,7.832434959709644318e-03,1.358460262417793274e-02,2.523834258317947388e-02,1.788301975466310978e-03,5.479556974023580551e-03
9.455999135971069336e-01,1.052328664809465408e-02,1.354730129241943359e-02,2.309640869498252869e-02,1.761839026585221291e-03,5.471206735819578171e-03
9.463517665863037109e-01,9.523838758468627930e-03,1.546087488532066345e-02,2.073529176414012909e-02,2.243456430733203888e-03,5.684728734195232391e-03
9.418875575065612793e-01,8.391045965254306793e-03,1.705950312316417694e-02,2.520385570824146271e-02,2.121350960806012154e-03,5.336606875061988831e-03
9.452125430107116699e-01,4.512645304203033447e-03,1.599232666194438934e-02,2.847713977098464966e-02,1.358051085844635963e-03,4.447362851351499557e-03
9.519718289375305176e-01,3.518393030390143394e-03,1.555118616670370102e-02,2.245866321027278900e-02,1.784648397006094456e-03,4.715416580438613892e-03
9.490164518356323242e-01,4.384360741823911667e-03,1.845499314367771149e-02,2.080910094082355499e-02,2.280862769111990929e-03,5.054110661149024963e-03
9.524293541908264160e-01,4.864922259002923965e-03,1.969852298498153687e-02,1.419838424772024155e-02,3.466493450105190277e-03,5.342341493815183640e-03
9.468691349029541016e-01,6.789599545300006866e-03,2.023399434983730316e-02,1.402072887867689133e-02,5.047358572483062744e-03,7.039268501102924347e-03
9.444420337677001953e-01,6.949521601200103760e-03,2.253112196922302246e-02,1.415180321782827377e-02,5.314419511705636978e-03,6.611231248825788498e-03
9.266464710235595703e-01,6.755700334906578064e-03,3.271102532744407654e-02,2.347850054502487183e-02,4.385060630738735199e-03,6.023205351084470749e-03
9.274441599845886230e-01,6.591184064745903015e-03,2.363894321024417877e-02,3.238075226545333862e-02,3.076307475566864014e-03,6.868619471788406372e-03
9.158760905265808105e-01,6.856432184576988220e-03,3.131482750177383423e-02,3.557793051004409790e-02,3.618473885580897331e-03,6.756183691322803497e-03
9.263346791267395020e-01,5.830708425492048264e-03,2.120647765696048737e-02,3.774559870362281799e-02,2.217813627794384956e-03,6.664770655333995819e-03
9.361791610717773438e-01,4.793762229382991791e-03,1.274580601602792740e-02,3.962660953402519226e-02,1.298598013818264008e-03,5.356176290661096573e-03
9.462698101997375488e-01,4.114269278943538666e-03,1.017355266958475113e-02,3.259679302573204041e-02,1.310514984652400017e-03,5.534945055842399597e-03
9.445514678955078125e-01,5.236252211034297943e-03,9.411067701876163483e-03,3.467766568064689636e-02,1.047734520398080349e-03,5.075911991298198700e-03
9.286128282546997070e-01,6.253710947930812836e-03,1.076468732208013535e-02,4.844765737652778625e-02,9.737473446875810623e-04,4.947408568114042282e-03
9.308861494064331055e-01,1.359355729073286057e-02,1.466192863881587982e-02,3.281530365347862244e-02,1.889774575829505920e-03,6.153159774839878082e-03
9.258192777633666992e-01,1.608100160956382751e-02,1.655040308833122253e-02,3.236326947808265686e-02,2.425602404400706291e-03,6.760369986295700073e-03
9.427599310874938965e-01,1.383331045508384705e-02,1.526315882802009583e-02,1.889684423804283142e-02,2.780868439003825188e-03,6.465833168476819992e-03
9.471766948699951172e-01,8.480382151901721954e-03,1.472788583487272263e-02,2.103303745388984680e-02,2.463918644934892654e-03,6.117980927228927612e-03
9.516696333885192871e-01,6.583000998944044113e-03,1.644470915198326111e-02,1.563999429345130920e-02,3.259682795032858849e-03,6.402898114174604416e-03
9.506077766418457031e-01,6.946247071027755737e-03,1.641754247248172760e-02,1.696248725056648254e-02,2.961487043648958206e-03,6.104416213929653168e-03
9.467149376869201660e-01,5.820011254400014877e-03,1.550285518169403076e-02,2.279814518988132477e-02,2.534073079004883766e-03,6.629860028624534607e-03
9.373481869697570801e-01,4.596414975821971893e-03,1.639419049024581909e-02,3.399604558944702148e-02,1.878880895674228668e-03,5.786273162811994553e-03
9.118472337722778320e-01,4.974520299583673477e-03,2.571195177733898163e-02,4.987898841500282288e-02,2.134293550625443459e-03,5.452984478324651718e-03
9.142182469367980957e-01,5.339202936738729477e-03,4.040033742785453796e-02,3.226346522569656372e-02,3.254748880863189697e-03,4.524042829871177673e-03
8.511356115341186523e-01,6.255208514630794525e-03,5.216929689049720764e-02,8.424346148967742920e-02,2.022432163357734680e-03,4.174012225121259689e-03
8.991378545761108398e-01,8.078976534307003021e-03,5.037610605359077454e-02,3.411377966403961182e-02,3.815458156168460846e-03,4.477732814848423004e-03
9.240558743476867676e-01,6.131081376224756241e-03,2.634599618613719940e-02,3.532285988330841064e-02,2.557108411565423012e-03,5.587055347859859467e-03
9.372565150260925293e-01,8.161427453160285950e-03,2.223844639956951141e-02,2.345698326826095581e-02,2.970579313114285469e-03,5.916035734117031097e-03
9.368966221809387207e-01,5.427069962024688721e-03,1.497944816946983337e-02,3.465193137526512146e-02,1.932184328325092793e-03,6.112684030085802078e-03
9.481149315834045410e-01,6.745053455233573914e-03,1.515544299036264420e-02,2.183845825493335724e-02,2.377579221501946449e-03,5.768610164523124695e-03
9.458336234092712402e-01,4.288868047297000885e-03,1.137915719300508499e-02,3.232134133577346802e-02,1.256548217497766018e-03,4.920499864965677261e-03
9.408642053604125977e-01,5.802798550575971603e-03,1.033194735646247864e-02,3.639484196901321411e-02,1.244513434357941151e-03,5.361679941415786743e-03
9.325137138366699219e-01,6.065841298550367355e-03,1.561217475682497025e-02,3.875701501965522766e-02,1.620099530555307865e-03,5.431282799690961838e-03
9.388892054557800293e-01,7.187647279351949692e-03,1.582300104200839996e-02,3.059209883213043213e-02,1.843157573603093624e-03,5.664934869855642319e-03
9.426776170730590820e-01,9.136351756751537323e-03,1.869828067719936371e-02,2.118446119129657745e-02,2.630412345752120018e-03,5.673008970916271210e-03
9.269113540649414062e-01,1.493932306766510010e-02,2.570628561079502106e-02,2.149698324501514435e-02,4.176701884716749191e-03,6.769364234060049057e-03
9.166404008865356445e-01,1.527273561805486679e-02,2.991388365626335144e-02,2.907354012131690979e-02,3.298869822174310684e-03,5.800473969429731369e-03
9.155756831169128418e-01,8.556987158954143524e-03,2.187335118651390076e-02,4.696338251233100891e-02,1.709792180918157101e-03,5.320816300809383392e-03
9.385957121849060059e-01,5.453217308968305588e-03,1.660196110606193542e-02,3.304000198841094971e-02,1.557609997689723969e-03,4.751531872898340225e-03
9.227259755134582520e-01,5.988631397485733032e-03,2.424576133489608765e-02,3.992597013711929321e-02,1.994092715904116631e-03,5.119464360177516937e-03
9.433346390724182129e-01,5.246879067271947861e-03,1.579859666526317596e-02,2.823955193161964417e-02,1.868061721324920654e-03,5.512253846973180771e-03
9.222069978713989258e-01,1.241611409932374954e-02,1.820415258407592773e-02,3.870925307273864746e-02,2.099805045872926712e-03,6.363785825669765472e-03
9.182242751121520996e-01,1.519443560391664505e-02,1.526390854269266129e-02,4.355038329958915710e-02,1.544761355035007000e-03,6.222242023795843124e-03
8.967233300209045410e-01,1.502282544970512390e-02,1.209801994264125824e-02,7.019884139299392700e-02,8.422926766797900200e-04,5.114779341965913773e-03
9.189050793647766113e-01,1.552715897560119629e-02,1.117294561117887497e-02,4.686694964766502380e-02,1.134118530899286270e-03,6.393824238330125809e-03
9.342680573463439941e-01,7.653405424207448959e-03,8.398350328207015991e-03,4.427008703351020813e-02,7.239115657284855843e-04,4.686238709837198257e-03
9.548588991165161133e-01,7.988807745277881622e-03,1.148630306124687195e-02,1.800309307873249054e-02,1.848522108048200607e-03,5.814489442855119705e-03
9.418743252754211426e-01,8.091419935226440430e-03,1.757824979722499847e-02,2.395408600568771362e-02,2.553224330767989159e-03,5.948557518422603607e-03
9.418104887008666992e-01,9.246623143553733826e-03,2.552327141165733337e-02,1.262972503900527954e-02,5.022699013352394104e-03,5.767134483903646469e-03
9.531695842742919922e-01,7.412892300635576248e-03,1.981783658266067505e-02,8.800564333796501160e-03,4.988833796232938766e-03,5.810289178043603897e-03
9.563672542572021484e-01,7.009742315858602524e-03,1.812578551471233368e-02,8.147154003381729126e-03,4.715413320809602737e-03,5.634734407067298889e-03
9.598891139030456543e-01,5.439005326479673386e-03,1.451916713267564774e-02,1.214740332216024399e-02,2.796523040160536766e-03,5.208851769566535950e-03
9.386873841285705566e-01,9.918325580656528473e-03,1.724507659673690796e-02,2.447645924985408783e-02,2.931195776909589767e-03,6.741595920175313950e-03
9.219811558723449707e-01,1.273962110280990601e-02,1.813641563057899475e-02,3.673007711768150330e-02,2.873866586014628410e-03,7.538828998804092407e-03
9.174339771270751953e-01,9.548150002956390381e-03,1.491369958966970444e-02,4.959146678447723389e-02,1.717576524242758751e-03,6.795148830860853195e-03
8.937151432037353516e-01,1.439280249178409576e-02,2.107066288590431213e-02,6.164725869894027710e-02,2.025860128924250603e-03,7.148258388042449951e-03
9.082295298576354980e-01,1.428550574928522110e-02,2.127235382795333862e-02,4.638788849115371704e-02,2.439083764329552650e-03,7.385543547570705414e-03
9.279688000679016113e-01,9.911259636282920837e-03,1.818123273551464081e-02,3.650925308465957642e-02,1.837502582930028439e-03,5.591861903667449951e-03
9.249935150146484375e-01,1.224147621542215347e-02,2.345624938607215881e-02,3.037190251052379608e-02,2.767120953649282455e-03,6.169564090669155121e-03
9.346446990966796875e-01,9.218353778123855591e-03,1.783383823931217194e-02,2.890527248382568359e-02,2.603817731142044067e-03,6.794045213609933853e-03
9.290784001350402832e-01,8.395829237997531891e-03,2.128352969884872437e-02,3.372452408075332642e-02,2.200325019657611847e-03,5.317390896379947662e-03
9.317560195922851562e-01,9.427338838577270508e-03,2.373713254928588867e-02,2.579176239669322968e-02,3.314358880743384361e-03,5.973412189632654190e-03
9.434931278228759766e-01,6.995929405093193054e-03,2.296804077923297882e-02,1.723176054656505585e-02,3.558571916073560715e-03,5.752510856837034225e-03
9.468027353286743164e-01,7.519950158894062042e-03,2.390155009925365448e-02,1.155541371554136276e-02,4.534288309514522552e-03,5.686108954250812531e-03
9.430567026138305664e-01,6.033833138644695282e-03,2.540975622832775116e-02,1.565882004797458649e-02,4.061021376401185989e-03,5.779901053756475449e-03
9.515324234962463379e-01,6.842655129730701447e-03,1.883584074676036835e-02,1.278219651430845261e-02,3.956187982112169266e-03,6.050819996744394302e-03
9.435549378395080566e-01,6.519242189824581146e-03,1.889316551387310028e-02,2.160930633544921875e-02,2.932453528046607971e-03,6.490916013717651367e-03
9.509060382843017578e-01,8.548561483621597290e-03,1.685186102986335754e-02,1.280960440635681152e-02,3.833581926301121712e-03,7.050340529531240463e-03
9.525319933891296387e-01,8.367520757019519806e-03,1.294910348951816559e-02,1.823145151138305664e-02,2.078677527606487274e-03,5.841320846229791641e-03
9.339590072631835938e-01,1.425053365528583527e-02,2.217908017337322235e-02,1.877778396010398865e-02,3.816998796537518501e-03,7.016663439571857452e-03
9.416066408157348633e-01,8.826627396047115326e-03,1.933427713811397552e-02,2.389599569141864777e-02,1.869450905360281467e-03,4.466916900128126144e-03
9.305496215820312500e-01,1.242034975439310074e-02,2.744139172136783600e-02,2.074339985847473145e-02,3.220715094357728958e-03,5.624584387987852097e-03
9.308414459228515625e-01,6.484551820904016495e-03,2.375416271388530731e-02,3.008835390210151672e-02,2.668943256139755249e-03,6.162574514746665955e-03
9.264737963676452637e-01,8.936983533203601837e-03,3.580294921994209290e-02,1.767071522772312164e-02,4.757795948535203934e-03,6.357718724757432938e-03
9.227024316787719727e-01,1.360551919788122177e-02,3.089634329080581665e-02,2.057325839996337891e-02,4.624471534043550491e-03,7.597945164889097214e-03
9.330696463584899902e-01,1.536755822598934174e-02,2.417813055217266083e-02,1.355875097215175629e-02,5.625715944916009903e-03,8.200225420296192169e-03
9.294016361236572266e-01,1.894510537385940552e-02,2.245591953396797180e-02,1.691051758825778961e-02,4.675152245908975601e-03,7.611721754074096680e-03
9.262894392013549805e-01,1.652063429355621338e-02,2.638515084981918335e-02,1.762758195400238037e-02,5.420372821390628815e-03,7.756742648780345917e-03
9.360061883926391602e-01,1.334070693701505661e-02,2.030052244663238525e-02,1.932951994240283966e-02,3.671610029414296150e-03,7.351484615355730057e-03
9.066834449768066406e-01,1.238067261874675751e-02,2.919189818203449249e-02,4.061879590153694153e-02,3.458724822849035263e-03,7.666326127946376801e-03
8.846357464790344238e-01,1.876829750835895538e-02,3.254230692982673645e-02,5.286997556686401367e-02,3.189860377460718155e-03,7.993865758180618286e-03
9.311827421188354492e-01,1.106208190321922302e-02,1.999416388571262360e-02,2.816075645387172699e-02,2.549693919718265533e-03,7.050687912851572037e-03
9.466784000396728516e-01,9.138041175901889801e-03,1.278854627162218094e-02,2.309505268931388855e-02,1.853476162068545818e-03,6.446510553359985352e-03
9.697386622428894043e-01,6.145945750176906586e-03,7.324893958866596222e-03,9.079139679670333862e-03,1.713647041469812393e-03,5.997617729008197784e-03
9.592009186744689941e-01,6.723612546920776367e-03,9.869473986327648163e-03,1.601798832416534424e-02,1.881474046967923641e-03,6.306453607976436615e-03
9.651618003845214844e-01,6.319205742329359055e-03,9.086414240300655365e-03,1.223816629499197006e-02,1.714571146294474602e-03,5.479787942022085190e-03
9.468162059783935547e-01,9.927545674145221710e-03,1.246764604002237320e-02,2.211621031165122986e-02,1.970921177417039871e-03,6.701530888676643372e-03
9.495114684104919434e-01,1.252200920134782791e-02,1.477705687284469604e-02,1.269822940230369568e-02,3.455168101936578751e-03,7.036114577203989029e-03
9.425897002220153809e-01,1.817400380969047546e-02,1.577345840632915497e-02,1.118999533355236053e-02,4.526162985712289810e-03,7.746749557554721832e-03
9.114673733711242676e-01,3.090983442962169647e-02,2.865969575941562653e-02,6.060226820409297943e-03,1.414085086435079575e-02,8.761964738368988037e-03
8.785892128944396973e-01,5.896183103322982788e-02,3.150937706232070923e-02,6.110665388405323029e-03,1.550338417291641235e-02,9.325453080236911774e-03
9.175843000411987305e-01,2.859729155898094177e-02,2.779852412641048431e-02,5.280843470245599747e-03,1.283366791903972626e-02,7.905353792011737823e-03
9.077746272087097168e-01,3.111382201313972473e-02,3.368598222732543945e-02,7.980957627296447754e-03,1.185340713709592819e-02,7.591217290610074997e-03
9.368795752525329590e-01,2.200672589242458344e-02,2.207328751683235168e-02,6.866964977234601974e-03,5.654208362102508545e-03,6.519275251775979996e-03
9.375329613685607910e-01,2.219799160957336426e-02,2.029062062501907349e-02,6.783998571336269379e-03,6.015439517796039581e-03,7.179116830229759216e-03
9.241470098495483398e-01,2.989171072840690613e-02,2.410697378218173981e-02,9.057379327714443207e-03,5.661499220877885818e-03,7.135498337447643280e-03
9.196248054504394531e-01,3.072232007980346680e-02,2.589870058000087738e-02,1.202651951462030411e-02,4.845079034566879272e-03,6.882513407617807388e-03
9.385071992874145508e-01,1.679180935025215149e-02,2.120663225650787354e-02,1.250681281089782715e-02,4.265479743480682373e-03,6.722166668623685837e-03
9.339705705642700195e-01,1.757420040667057037e-02,2.245989255607128143e-02,1.305603422224521637e-02,5.384150426834821701e-03,7.555045653134584427e-03
9.414874315261840820e-01,1.277036219835281372e-02,2.300274372100830078e-02,1.185960508882999420e-02,4.795643035322427750e-03,6.084246560931205750e-03
9.455514550209045410e-01,1.035246625542640686e-02,2.210210077464580536e-02,9.618862532079219818e-03,6.015247665345668793e-03,6.359896622598171234e-03
9.310382604598999023e-01,7.883159443736076355e-03,2.803379483520984650e-02,2.523772604763507843e-02,2.850020304322242737e-03,4.956916440278291702e-03
9.020396471023559570e-01,8.963434025645256042e-03,3.455890715122222900e-02,4.675501957535743713e-02,2.488611964508891106e-03,5.194412544369697571e-03
9.009698629379272461e-01,7.149321492761373520e-03,2.768417820334434509e-02,5.769768357276916504e-02,1.682583941146731377e-03,4.816446918994188309e-03
8.970528841018676758e-01,4.907916299998760223e-03,2.662072330713272095e-02,6.564503163099288940e-02,1.366802258417010307e-03,4.406812135130167007e-03
9.383675456047058105e-01,5.467374343425035477e-03,2.605243772268295288e-02,2.282922528684139252e-02,2.497643930837512016e-03,4.785646218806505203e-03
9.545786380767822266e-01,7.046280428767204285e-03,1.540621183812618256e-02,1.402571052312850952e-02,2.934941090643405914e-03,6.008096970617771149e-03
9.516729712486267090e-01,7.864363491535186768e-03,1.729475520551204681e-02,1.411224901676177979e-02,3.101769369095563889e-03,5.953854881227016449e-03
9.532926082611083984e-01,4.728028085082769394e-03,1.122003700584173203e-02,2.405890077352523804e-02,1.469953102059662342e-03,5.230433773249387741e-03
9.394760727882385254e-01,4.740144591778516769e-03,1.285518705844879150e-02,3.638752922415733337e-02,1.303573371842503548e-03,5.237570498138666153e-03
9.337683916091918945e-01,5.670882295817136765e-03,1.610401086509227753e-02,3.618030995130538940e-02,2.090070163831114769e-03,6.186374928802251816e-03
9.333984851837158203e-01,5.647295154631137848e-03,1.660353876650333405e-02,3.592822700738906860e-02,2.167122205719351768e-03,6.255327258259057999e-03
9.369695782661437988e-01,6.984041538089513779e-03,2.037289552390575409e-02,2.532315626740455627e-02,3.643809584900736809e-03,6.706409621983766556e-03
9.431521892547607422e-01,7.997789420187473297e-03,2.167440019547939301e-02,1.829781010746955872e-02,3.282787045463919640e-03,5.594934336841106415e-03
9.525297880172729492e-01,5.924496334046125412e-03,1.362265832722187042e-02,1.860342919826507568e-02,2.689761109650135040e-03,6.629921961575746536e-03
9.505151510238647461e-01,5.728745833039283752e-03,1.629751548171043396e-02,1.934824325144290924e-02,2.445792080834507942e-03,5.664467345923185349e-03
9.556723237037658691e-01,6.068432703614234924e-03,1.255315914750099182e-02,1.682442985475063324e-02,2.459287410601973534e-03,6.422342732548713684e-03
9.491093158721923828e-01,4.967087879776954651e-03,1.231583859771490097e-02,2.568108774721622467e-02,1.806665793992578983e-03,6.119981873780488968e-03
9.423843622207641602e-01,6.922721397131681442e-03,1.366901583969593048e-02,2.953228913247585297e-02,1.809999113902449608e-03,5.681589245796203613e-03
9.267745614051818848e-01,5.220517050474882126e-03,1.530282292515039444e-02,4.604035615921020508e-02,1.291667693294584751e-03,5.370123777538537979e-03
9.192690849304199219e-01,7.210764568299055099e-03,2.413032390177249908e-02,4.210301116108894348e-02,2.031140029430389404e-03,5.255750846117734909e-03
9.225647449493408203e-01,9.402987547218799591e-03,2.504497952759265900e-02,3.455882519483566284e-02,2.672902308404445648e-03,5.755522288382053375e-03
9.235239624977111816e-01,1.163662131875753403e-02,3.269426897168159485e-02,2.346416004002094269e-02,3.301072632893919945e-03,5.379993002861738205e-03
9.302753210067749023e-01,1.157315727323293686e-02,2.765483222901821136e-02,2.038319595158100128e-02,3.926008474081754684e-03,6.187514867633581161e-03
9.393354058265686035e-01,1.113500818610191345e-02,2.021466754376888275e-02,1.936500519514083862e-02,3.275794442743062973e-03,6.674028001725673676e-03
9.387757182121276855e-01,9.666423313319683075e-03,1.350496150553226471e-02,2.992223389446735382e-02,1.909606275148689747e-03,6.221008952707052231e-03
9.530554413795471191e-01,6.458407267928123474e-03,1.195378787815570831e-02,2.006121538579463959e-02,2.160597592592239380e-03,6.310498341917991638e-03
9.445141553878784180e-01,7.639660965651273727e-03,1.129822712391614914e-02,2.898825518786907196e-02,1.591604319401085377e-03,5.968064069747924805e-03
9.377594590187072754e-01,7.728293072432279587e-03,1.258018705993890762e-02,3.376064077019691467e-02,1.708662370219826698e-03,6.462827790528535843e-03
9.271281361579895020e-01,4.999442026019096375e-03,1.361032761633396149e-02,4.818046838045120239e-02,1.059705973602831364e-03,5.021886434406042099e-03
9.338880181312561035e-01,6.075910758227109909e-03,1.318354066461324692e-02,4.014050960540771484e-02,1.255447976291179657e-03,5.456562153995037079e-03
9.340775012969970703e-01,4.610724747180938721e-03,1.071903388947248459e-02,4.480394721031188965e-02,9.545186767354607582e-04,4.834311548620462418e-03
9.539003372192382812e-01,4.967455752193927765e-03,1.037699356675148010e-02,2.471996657550334930e-02,1.231210655532777309e-03,4.804069641977548599e-03
9.574866890907287598e-01,6.101680919528007507e-03,1.365365274250507355e-02,1.599100977182388306e-02,1.985210226848721504e-03,4.781702067703008652e-03
9.423753619194030762e-01,6.476708222180604935e-03,1.432516146451234818e-02,2.996343746781349182e-02,1.545368460938334465e-03,5.314052104949951172e-03
9.549348354339599609e-01,6.979333236813545227e-03,1.492991577833890915e-02,1.477912440896034241e-02,2.696998883038759232e-03,5.679677240550518036e-03
9.483686685562133789e-01,5.546459928154945374e-03,1.689196191728115082e-02,2.080231532454490662e-02,2.680324483662843704e-03,5.710246507078409195e-03
9.496433138847351074e-01,5.014687776565551758e-03,1.451522018760442734e-02,2.257563173770904541e-02,2.148988423869013786e-03,6.102169863879680634e-03
9.547555446624755859e-01,3.879752941429615021e-03,1.156688947230577469e-02,2.162746898829936981e-02,1.869554980657994747e-03,6.300824694335460663e-03
9.434267282485961914e-01,3.567990846931934357e-03,1.340233348309993744e-02,3.130417689681053162e-02,1.818099291995167732e-03,6.480666808784008026e-03
9.347404837608337402e-01,4.157957155257463455e-03,1.182182226330041885e-02,4.037066176533699036e-02,1.589349587447941303e-03,7.319763768464326859e-03
9.403396248817443848e-01,3.470855532214045525e-03,1.172984391450881958e-02,3.646606206893920898e-02,1.567661645822227001e-03,6.426002364605665207e-03
9.404953122138977051e-01,4.423168022185564041e-03,1.621394604444503784e-02,3.026749007403850555e-02,2.157930284738540649e-03,6.442214362323284149e-03
9.212084412574768066e-01,3.681185888126492500e-03,1.248005963861942291e-02,5.584108829498291016e-02,1.184935215860605240e-03,5.604245699942111969e-03
9.349678158760070801e-01,3.691436955705285072e-03,9.029434993863105774e-03,4.698200523853302002e-02,7.630864274688065052e-04,4.566252231597900391e-03
9.356575608253479004e-01,3.724575974047183990e-03,6.990119814872741699e-03,4.852162674069404602e-02,6.135076982900500298e-04,4.492515698075294495e-03
9.317188858985900879e-01,3.549437737092375755e-03,6.602422334253787994e-03,5.282404273748397827e-02,5.713230930268764496e-04,4.733860958367586136e-03
9.449897408485412598e-01,5.698299501091241837e-03,9.785274975001811981e-03,3.213102743029594421e-02,1.516914227977395058e-03,5.878689698874950409e-03
9.494156837463378906e-01,6.483658682554960251e-03,1.325054280459880829e-02,2.127972804009914398e-02,2.697916002944111824e-03,6.872301921248435974e-03
9.430772662162780762e-01,8.667560294270515442e-03,1.439684163779020309e-02,2.316410839557647705e-02,3.041560994461178780e-03,7.652742788195610046e-03
9.490348100662231445e-01,5.785515066236257553e-03,1.105346437543630600e-02,2.616702392697334290e-02,1.851417589932680130e-03,6.107604596763849258e-03
9.342655539512634277e-01,8.438457734882831573e-03,1.466427464038133621e-02,3.480569273233413696e-02,1.774147967807948589e-03,6.051875650882720947e-03
9.369039535522460938e-01,5.099036730825901031e-03,8.535559289157390594e-03,4.400416836142539978e-02,7.937709451653063297e-04,4.663642961531877518e-03
9.406144022941589355e-01,5.670631770044565201e-03,1.145657524466514587e-02,3.599520400166511536e-02,1.132749253883957863e-03,5.130473989993333817e-03
9.339619278907775879e-01,5.708257667720317841e-03,1.155346445739269257e-02,4.242221638560295105e-02,1.108251279219985008e-03,5.245825741440057755e-03
9.362978339195251465e-01,4.479400813579559326e-03,1.098962407559156418e-02,4.164713248610496521e-02,1.072493963874876499e-03,5.513506941497325897e-03
9.377373456954956055e-01,4.146801773458719254e-03,1.577907055616378784e-02,3.556875884532928467e-02,1.526425359770655632e-03,5.241528153419494629e-03
9.228020310401916504e-01,4.028548486530780792e-03,2.926240488886833191e-02,3.692546114325523376e-02,2.270315773785114288e-03,4.711269401013851166e-03
9.270308017730712891e-01,6.251418497413396835e-03,3.348461538553237915e-02,2.573561482131481171e-02,2.885283203795552254e-03,4.612292628735303879e-03
9.066744446754455566e-01,6.206391379237174988e-03,3.858879581093788147e-02,4.140444472432136536e-02,2.409426728263497353e-03,4.716560244560241699e-03
9.328038692474365234e-01,5.772670730948448181e-03,1.982639171183109283e-02,3.394785523414611816e-02,2.084217965602874756e-03,5.564918275922536850e-03
9.272152185440063477e-01,1.088834926486015320e-02,2.429274097084999084e-02,2.748863585293292999e-02,3.285935614258050919e-03,6.829110905528068542e-03
9.013940095901489258e-01,1.248005777597427368e-02,3.198312968015670776e-02,4.586224257946014404e-02,2.484552562236785889e-03,5.796030629426240921e-03
9.347972869873046875e-01,1.030297111719846725e-02,2.422554232180118561e-02,2.124697156250476837e-02,3.381110029295086861e-03,6.046188063919544220e-03
9.367076158523559570e-01,7.428869139403104782e-03,1.948385313153266907e-02,3.036348149180412292e-02,1.735716708935797215e-03,4.280450753867626190e-03
9.248298406600952148e-01,1.346080843359231949e-02,2.521487325429916382e-02,2.914240770041942596e-02,2.383075421676039696e-03,4.969001282006502151e-03
9.486299157142639160e-01,5.420580040663480759e-03,1.100306585431098938e-02,2.979883179068565369e-02,9.962354088202118874e-04,4.151345696300268173e-03
9.194655418395996094e-01,6.112187635153532028e-03,1.884182542562484741e-02,4.991186782717704773e-02,1.269142492674291134e-03,4.399301949888467789e-03
9.369921684265136719e-01,6.016193423420190811e-03,1.850014179944992065e-02,3.276484087109565735e-02,1.433502184227108955e-03,4.293112084269523621e-03
9.266495108604431152e-01,7.077164947986602783e-03,1.557235606014728546e-02,4.243341088294982910e-02,1.894254470244050026e-03,6.373212672770023346e-03
9.465407133102416992e-01,1.013053301721811295e-02,1.592555455863475800e-02,1.741928048431873322e-02,3.155422629788517952e-03,6.828481331467628479e-03
9.414120316505432129e-01,6.171758286654949188e-03,1.446568686515092850e-02,2.947926148772239685e-02,2.173815155401825905e-03,6.297565065324306488e-03
9.460088014602661133e-01,7.891830988228321075e-03,1.329181622713804245e-02,2.305134199559688568e-02,2.594910562038421631e-03,7.161321584135293961e-03
9.394238591194152832e-01,9.085456840693950653e-03,1.784204877912998199e-02,2.464113943278789520e-02,2.738949609920382500e-03,6.268376484513282776e-03
9.465746283531188965e-01,9.074843488633632660e-03,1.992353051900863647e-02,1.524825021624565125e-02,3.434571903198957443e-03,5.744151305407285690e-03
9.475580453872680664e-01,1.417627744376659393e-02,1.827899552881717682e-02,9.729535318911075592e-03,4.221493843942880630e-03,6.035637110471725464e-03
9.328142404556274414e-01,1.765038073062896729e-02,2.620493061840534210e-02,1.078361365944147110e-02,5.950859747827053070e-03,6.595892831683158875e-03
9.321831464767456055e-01,2.231564186513423920e-02,2.314756810665130615e-02,1.153809949755668640e-02,4.607626702636480331e-03,6.207893136888742447e-03
9.302675127983093262e-01,1.214875653386116028e-02,2.678330987691879272e-02,2.123309113085269928e-02,3.660270012915134430e-03,5.907088983803987503e-03
9.346193671226501465e-01,9.096533060073852539e-03,2.288818731904029846e-02,2.432425320148468018e-02,3.188414964824914932e-03,5.883248057216405869e-03
9.032284617424011230e-01,1.224813330918550491e-02,2.678402513265609741e-02,4.867542907595634460e-02,2.800619229674339294e-03,6.263360846787691116e-03
9.373354911804199219e-01,7.747452240437269211e-03,1.519267819821834564e-02,3.237689286470413208e-02,1.760186976753175259e-03,5.587256513535976410e-03
9.343851208686828613e-01,9.844623506069183350e-03,1.591130532324314117e-02,3.055993281304836273e-02,2.531336154788732529e-03,6.767556071281433105e-03
9.462653994560241699e-01,1.105066295713186264e-02,1.397037226706743240e-02,1.905165053904056549e-02,2.794403349980711937e-03,6.867475807666778564e-03
9.401180744171142578e-01,1.054237689822912216e-02,1.909191347658634186e-02,2.089704200625419617e-02,3.097235225141048431e-03,6.253363098949193954e-03
9.474608302116394043e-01,7.682904601097106934e-03,1.595559902489185333e-02,1.859818957746028900e-02,3.467836184427142143e-03,6.834711879491806030e-03
9.400365352630615234e-01,8.819627575576305389e-03,1.738696545362472534e-02,2.289072237908840179e-02,3.595790360122919083e-03,7.270276546478271484e-03
9.477571249008178711e-01,6.196118891239166260e-03,1.402249932289123535e-02,2.257763966917991638e-02,2.711609471589326859e-03,6.735033821314573288e-03
9.488483667373657227e-01,7.305928505957126617e-03,1.369256898760795593e-02,2.078489959239959717e-02,2.585005480796098709e-03,6.783176213502883911e-03
9.575464725494384766e-01,6.123961880803108215e-03,1.331616658717393875e-02,1.387906633317470551e-02,2.842089626938104630e-03,6.292178761214017868e-03
9.550586938858032227e-01,6.799213588237762451e-03,1.361805014312267303e-02,1.485509052872657776e-02,3.015031572431325912e-03,6.653949152678251266e-03
9.483442902565002441e-01,6.431632209569215775e-03,2.071457169950008392e-02,1.703437045216560364e-02,2.576617058366537094e-03,4.898553714156150818e-03
9.460858106613159180e-01,7.584922015666961670e-03,1.784579083323478699e-02,1.989539526402950287e-02,2.687382278963923454e-03,5.900710355490446091e-03
9.493180513381958008e-01,7.519706618040800095e-03,1.989209279417991638e-02,1.499001216143369675e-02,2.961966907605528831e-03,5.318071227520704269e-03
9.513921141624450684e-01,5.684332922101020813e-03,1.579043827950954437e-02,1.996901072561740875e-02,2.061168663203716278e-03,5.102828610688447952e-03
9.497374296188354492e-01,6.886869203299283981e-03,1.992313750088214874e-02,1.497408933937549591e-02,3.228212473914027214e-03,5.250355694442987442e-03
9.446254968643188477e-01,5.867217667400836945e-03,2.333181165158748627e-02,1.928783394396305084e-02,2.437830436974763870e-03,4.449681844562292099e-03
9.267453551292419434e-01,8.405855856835842133e-03,3.106225468218326569e-02,2.637373469769954681e-02,2.828700235113501549e-03,4.584017209708690643e-03
9.125844836235046387e-01,1.057477202266454697e-02,3.926964849233627319e-02,2.886739745736122131e-02,3.423281945288181305e-03,5.280520301312208176e-03
9.264463782310485840e-01,1.068894378840923309e-02,2.878614328801631927e-02,2.525039203464984894e-02,3.200418315827846527e-03,5.627750884741544724e-03
9.433528780937194824e-01,7.213160395622253418e-03,2.068612352013587952e-02,2.163656055927276611e-02,2.210250589996576309e-03,4.901013802736997604e-03
9.289032220840454102e-01,8.519641123712062836e-03,2.525669708847999573e-02,2.916560508310794830e-02,2.611205214634537697e-03,5.543590523302555084e-03
9.057651162147521973e-01,7.750300690531730652e-03,3.565495461225509644e-02,4.403940215706825256e-02,2.106253989040851593e-03,4.683933220803737640e-03
9.028139710426330566e-01,9.127023629844188690e-03,4.207826778292655945e-02,3.771381080150604248e-02,2.941139740869402885e-03,5.325749050825834274e-03
9.215762019157409668e-01,5.874148570001125336e-03,3.130513802170753479e-02,3.485536202788352966e-02,1.984962029382586479e-03,4.404160194098949432e-03
8.985547423362731934e-01,5.926124751567840576e-03,3.837317600846290588e-02,5.076106637716293335e-02,1.956153661012649536e-03,4.428806714713573456e-03
9.474691152572631836e-01,6.346629932522773743e-03,1.817774027585983276e-02,2.054513804614543915e-02,2.225467702373862267e-03,5.235890392214059830e-03
9.285592436790466309e-01,5.586568731814622879e-03,1.914048753678798676e-02,3.942581638693809509e-02,1.868131686933338642e-03,5.419772118330001831e-03
9.380757212638854980e-01,1.325825694948434830e-02,2.088179253041744232e-02,1.757898367941379547e-02,3.621881362050771713e-03,6.583439186215400696e-03
9.455149769783020020e-01,1.397690270096063614e-02,1.698338054120540619e-02,1.203731819987297058e-02,4.223145544528961182e-03,7.264248561114072800e-03
9.516497850418090820e-01,9.388769976794719696e-03,1.624520495533943176e-02,1.299485657364130020e-02,3.316631540656089783e-03,6.404913961887359619e-03
9.514498710632324219e-01,9.741855785250663757e-03,1.670147478580474854e-02,1.185993663966655731e-02,3.695335239171981812e-03,6.551416125148534775e-03
9.516761898994445801e-01,7.108171470463275909e-03,1.849008537828922272e-02,1.338126789778470993e-02,3.433661768212914467e-03,5.910666659474372864e-03
9.472713470458984375e-01,3.724306821823120117e-03,2.225671708583831787e-02,1.994641683995723724e-02,2.317433012649416924e-03,4.483864642679691315e-03
9.424045681953430176e-01,5.960461217910051346e-03,2.473840862512588501e-02,1.866659708321094513e-02,3.268489148467779160e-03,4.961265716701745987e-03
9.254826307296752930e-01,5.758597981184720993e-03,3.876157850027084351e-02,2.255413495004177094e-02,3.227069275453686714e-03,4.215962253510951996e-03
9.365391135215759277e-01,6.192312110215425491e-03,3.002117387950420380e-02,2.058773860335350037e-02,2.450098516419529915e-03,4.209426697343587875e-03
9.339011907577514648e-01,4.373774398118257523e-03,2.752163819968700409e-02,2.760672383010387421e-02,2.173928543925285339e-03,4.422713071107864380e-03
9.450194835662841797e-01,5.715304519981145859e-03,2.147627621889114380e-02,2.090252004563808441e-02,2.244900446385145187e-03,4.641582258045673370e-03
9.558377265930175781e-01,7.617430761456489563e-03,1.588342711329460144e-02,1.302624028176069260e-02,2.463553799316287041e-03,5.171441473066806793e-03
9.494342803955078125e-01,8.852194063365459442e-03,1.831223256886005402e-02,1.585155911743640900e-02,2.536265179514884949e-03,5.013576708734035492e-03
9.419039487838745117e-01,1.774408482015132904e-02,1.998015679419040680e-02,1.086436398327350616e-02,3.909043502062559128e-03,5.598407704383134842e-03
9.316618442535400391e-01,1.744852960109710693e-02,2.409900166094303131e-02,1.869323477149009705e-02,2.931536873802542686e-03,5.165922921150922775e-03
9.533702135086059570e-01,1.204063091427087784e-02,1.357526611536741257e-02,1.357606239616870880e-02,2.137320348992943764e-03,5.300627090036869049e-03
9.301845431327819824e-01,1.592274941504001617e-02,2.612778544425964355e-02,1.769572310149669647e-02,3.843926126137375832e-03,6.225268822163343430e-03
9.463066458702087402e-01,1.195279415696859360e-02,1.577069424092769623e-02,1.616130582988262177e-02,2.962464001029729843e-03,6.846133619546890259e-03
9.415537118911743164e-01,1.421609334647655487e-02,1.813267543911933899e-02,1.384739577770233154e-02,4.440678283572196960e-03,7.809473201632499695e-03
9.376548528671264648e-01,1.500882301479578018e-02,2.181638404726982117e-02,1.093353610485792160e-02,6.464045494794845581e-03,8.122510276734828949e-03
9.343391656875610352e-01,1.889599673449993134e-02,2.168503403663635254e-02,1.128492970019578934e-02,5.730208475142717361e-03,8.064779452979564667e-03
9.280512332916259766e-01,2.129244245588779449e-02,2.729915268719196320e-02,1.084275078028440475e-02,5.594226066023111343e-03,6.920138373970985413e-03
9.398995041847229004e-01,1.501759421080350876e-02,2.215863578021526337e-02,1.084029860794544220e-02,5.089763086289167404e-03,6.994185037910938263e-03
9.403584003448486328e-01,1.445937342941761017e-02,2.494398318231105804e-02,9.912604466080665588e-03,4.618061706423759460e-03,5.707525648176670074e-03
9.261153340339660645e-01,1.031841151416301727e-02,3.285865113139152527e-02,2.253581397235393524e-02,3.172262338921427727e-03,4.999462980777025223e-03
9.380701780319213867e-01,9.470016695559024811e-03,2.882937341928482056e-02,1.491124182939529419e-02,3.855056595057249069e-03,4.864209797233343124e-03
9.481155872344970703e-01,5.971306934952735901e-03,1.990486495196819305e-02,1.952867768704891205e-02,2.116561867296695709e-03,4.363005515187978745e-03
9.354358315467834473e-01,1.002015266567468643e-02,3.198625147342681885e-02,1.325568463653326035e-02,4.349429626017808914e-03,4.952472168952226639e-03
9.274118542671203613e-01,8.996514603495597839e-03,2.767195180058479309e-02,2.822588197886943817e-02,2.681824145838618279e-03,5.011912435293197632e-03
9.322367310523986816e-01,9.925647638738155365e-03,2.481167018413543701e-02,2.436374314129352570e-02,2.898169215768575668e-03,5.763955879956483841e-03
9.099624156951904297e-01,1.115898415446281433e-02,3.714200109243392944e-02,3.425058722496032715e-02,2.620205283164978027e-03,4.865712020546197891e-03
9.167659282684326172e-01,1.150435861200094223e-02,3.553711250424385071e-02,2.738949656486511230e-02,3.421193221583962440e-03,5.381997674703598022e-03
9.081491231918334961e-01,1.129126455634832382e-02,5.049957707524299622e-02,2.010243944823741913e-02,4.763713572174310684e-03,5.193843040615320206e-03
9.370361566543579102e-01,8.503927849233150482e-03,3.189733624458312988e-02,1.133445650339126587e-02,5.823801737278699875e-03,5.404273048043251038e-03
9.421467185020446777e-01,9.326585568487644196e-03,2.356640622019767761e-02,1.231276523321866989e-02,5.940041970461606979e-03,6.707524415105581284e-03
9.318200945854187012e-01,1.493704319000244141e-02,2.810603007674217224e-02,9.831924922764301300e-03,8.280573412775993347e-03,7.024348713457584381e-03
9.489078521728515625e-01,9.072688408195972443e-03,1.896122284233570099e-02,1.174990925937891006e-02,4.788219463080167770e-03,6.520279683172702789e-03
9.342450499534606934e-01,1.508642174303531647e-02,2.556426823139190674e-02,1.367723196744918823e-02,4.964350257068872452e-03,6.462765391916036606e-03
9.435733556747436523e-01,1.021832227706909180e-02,2.342419326305389404e-02,1.285364478826522827e-02,4.172078333795070648e-03,5.758439190685749054e-03
9.354946017265319824e-01,1.161755155771970749e-02,2.779030427336692810e-02,1.604501530528068542e-02,3.776682540774345398e-03,5.275925621390342712e-03
9.106892347335815430e-01,9.809616953134536743e-03,3.841718658804893494e-02,3.355779126286506653e-02,2.757162321358919144e-03,4.768995102494955063e-03
9.338017106056213379e-01,5.979599896818399429e-03,2.078184299170970917e-02,3.268602862954139709e-02,1.941124326549470425e-03,4.809655714780092239e-03
9.043769240379333496e-01,6.669649388641119003e-03,2.339020930230617523e-02,5.873415619134902954e-02,1.520451507531106472e-03,5.308524705469608307e-03
9.335657954216003418e-01,3.911007661372423172e-03,1.526512671262025833e-02,4.116501286625862122e-02,1.332342857494950294e-03,4.760494921356439590e-03
9.303976893424987793e-01,5.569344386458396912e-03,2.546385861933231354e-02,3.193777427077293396e-02,2.094095572829246521e-03,4.537164699286222458e-03
9.371672272682189941e-01,7.487940602004528046e-03,2.513302303850650787e-02,2.327519282698631287e-02,2.466318896040320396e-03,4.470358602702617645e-03
9.334880113601684570e-01,1.054166071116924286e-02,2.293606102466583252e-02,2.527598477900028229e-02,2.499042777344584465e-03,5.259259138256311417e-03
9.475163817405700684e-01,5.621107295155525208e-03,1.286574453115463257e-02,2.773271128535270691e-02,1.365283154882490635e-03,4.898795392364263535e-03
9.439105987548828125e-01,9.807075373828411102e-03,1.617754623293876648e-02,1.985304430127143860e-02,3.357928479090332985e-03,6.893863901495933533e-03
9.444118738174438477e-01,9.165498428046703339e-03,2.063286677002906799e-02,1.775927841663360596e-02,2.856930252164602280e-03,5.173671524971723557e-03
9.240382909774780273e-01,2.549940533936023712e-02,2.663868851959705353e-02,1.017320808023214340e-02,6.665872409939765930e-03,6.984675303101539612e-03
9.196751117706298828e-01,2.720404788851737976e-02,2.441919036209583282e-02,1.789698749780654907e-02,4.224224016070365906e-03,6.580426357686519623e-03
9.019352793693542480e-01,4.060053080320358276e-02,2.983443997800350189e-02,1.712059229612350464e-02,4.330426454544067383e-03,6.178819108754396439e-03
9.228814244270324707e-01,2.422627806663513184e-02,2.614685148000717163e-02,1.697260513901710510e-02,3.660393413156270981e-03,6.112472154200077057e-03
9.279075264930725098e-01,1.802050136029720306e-02,2.975188940763473511e-02,1.448360923677682877e-02,4.139441996812820435e-03,5.697051528841257095e-03
9.386318325996398926e-01,1.253228262066841125e-02,2.367647923529148102e-02,1.445434056222438812e-02,4.438594914972782135e-03,6.266449112445116043e-03
9.206877350807189941e-01,2.004293352365493774e-02,3.378899022936820984e-02,1.311015523970127106e-02,6.158695090562105179e-03,6.211451254785060883e-03
9.247373938560485840e-01,1.566050760447978973e-02,3.047168068587779999e-02,1.895524375140666962e-02,4.234186373651027679e-03,5.941005889326334000e-03
9.373197555541992188e-01,1.089632976800203323e-02,1.982304826378822327e-02,2.234732545912265778e-02,3.244663588702678680e-03,6.368861068040132523e-03
9.423296451568603516e-01,7.589894346892833710e-03,2.041867189109325409e-02,2.130340225994586945e-02,2.796308603137731552e-03,5.561999045312404633e-03
9.286954402923583984e-01,5.236913450062274933e-03,2.161829173564910889e-02,3.816604241728782654e-02,1.720583066344261169e-03,4.562712274491786957e-03
9.510474801063537598e-01,3.381605027243494987e-03,1.351545937359333038e-02,2.473697811365127563e-02,1.860179821960628033e-03,5.458110012114048004e-03
9.420008659362792969e-01,6.378119345754384995e-03,1.722835563123226166e-02,2.628673240542411804e-02,2.233346458524465561e-03,5.872561130672693253e-03
9.512168169021606445e-01,6.426937412470579147e-03,1.726509630680084229e-02,1.604299061000347137e-02,3.041959134861826897e-03,6.006221286952495575e-03
9.540413618087768555e-01,5.234174896031618118e-03,1.568734087049961090e-02,1.630664616823196411e-02,2.799494192004203796e-03,5.930939223617315292e-03
9.516262412071228027e-01,6.919976789504289627e-03,1.718774624168872833e-02,1.483121234923601151e-02,3.408738179132342339e-03,6.026232615113258362e-03
9.342889785766601562e-01,7.955679669976234436e-03,2.192781493067741394e-02,2.777294442057609558e-02,2.529787132516503334e-03,5.524767097085714340e-03
9.478188157081604004e-01,5.849689710885286331e-03,1.381775457412004471e-02,2.469782717525959015e-02,2.051641000434756279e-03,5.764191038906574249e-03
9.427387118339538574e-01,7.681336253881454468e-03,1.808315329253673553e-02,2.142764069139957428e-02,3.295453963801264763e-03,6.773650180548429489e-03
9.488914012908935547e-01,7.269611116498708725e-03,1.697629131376743317e-02,1.750300079584121704e-02,2.972012385725975037e-03,6.387643981724977493e-03
9.415909051895141602e-01,1.108646485954523087e-02,2.391821704804897308e-02,1.133447792381048203e-02,5.512631963938474655e-03,6.557231768965721130e-03
9.313326478004455566e-01,1.002825982868671417e-02,3.367333114147186279e-02,1.444773189723491669e-02,5.072688218206167221e-03,5.445418413728475571e-03
9.361217021942138672e-01,1.371621247380971909e-02,2.926363795995712280e-02,9.389818646013736725e-03,5.839380435645580292e-03,5.669288802891969681e-03
9.405021071434020996e-01,1.037018373608589172e-02,2.943344600498676300e-02,9.933151304721832275e-03,4.815997090190649033e-03,4.945087246596813202e-03
9.424986243247985840e-01,1.226240769028663635e-02,1.912545040249824524e-02,1.480928342789411545e-02,4.292148631066083908e-03,7.012118119746446609e-03
9.451572299003601074e-01,1.141506154090166092e-02,2.047526091337203979e-02,1.177909970283508301e-02,4.692324437201023102e-03,6.480970885604619980e-03
9.108732342720031738e-01,1.565044559538364410e-02,3.715464100241661072e-02,2.559302188456058502e-02,4.317585378885269165e-03,6.411198992282152176e-03
9.375222921371459961e-01,1.066838391125202179e-02,1.837350614368915558e-02,2.405005693435668945e-02,2.857648534700274467e-03,6.528216414153575897e-03
9.233934283256530762e-01,2.222614362835884094e-02,2.388331666588783264e-02,1.809429004788398743e-02,4.841225687414407730e-03,7.561704143881797791e-03
9.344437718391418457e-01,1.753421872854232788e-02,1.981664262712001801e-02,1.562050823122262955e-02,4.592959769070148468e-03,7.991878315806388855e-03
9.178752899169921875e-01,2.525983564555644989e-02,2.413620240986347198e-02,2.054714970290660858e-02,4.277130588889122009e-03,7.904313504695892334e-03
9.363398551940917969e-01,1.763735525310039520e-02,2.047275006771087646e-02,1.398979406803846359e-02,4.321609158068895340e-03,7.238534279167652130e-03
9.451928138732910156e-01,7.142484188079833984e-03,1.837787590920925140e-02,2.112800814211368561e-02,2.542558358982205391e-03,5.616228561848402023e-03
9.464424252510070801e-01,5.188264884054660797e-03,1.417490839958190918e-02,2.743250504136085510e-02,1.647277502343058586e-03,5.114521365612745285e-03
9.304466247558593750e-01,8.177457377314567566e-03,2.061688899993896484e-02,3.295647725462913513e-02,2.193579915910959244e-03,5.609044805169105530e-03
9.288986921310424805e-01,9.813201613724231720e-03,1.833503507077693939e-02,3.483944758772850037e-02,2.181189833208918571e-03,5.932403728365898132e-03
9.486723542213439941e-01,7.997479289770126343e-03,1.727577298879623413e-02,1.762320846319198608e-02,2.860242035239934921e-03,5.570785142481327057e-03
9.450417160987854004e-01,1.051143929362297058e-02,1.835175231099128723e-02,1.600874401628971100e-02,3.576807677745819092e-03,6.509547121822834015e-03
9.463068246841430664e-01,8.677474223077297211e-03,1.441685482859611511e-02,2.186618745326995850e-02,2.498304704204201698e-03,6.234460510313510895e-03
9.412845969200134277e-01,9.416247718036174774e-03,1.636585779488086700e-02,2.458052523434162140e-02,2.386707579717040062e-03,5.966220051050186157e-03
9.305699467658996582e-01,1.442509051412343979e-02,2.160426415503025055e-02,2.295696549117565155e-02,3.533662064000964165e-03,6.910088006407022476e-03
9.411790966987609863e-01,9.867762215435504913e-03,1.652782596647739410e-02,2.351095527410507202e-02,2.683769678696990013e-03,6.230657454580068588e-03
9.262502789497375488e-01,1.610621809959411621e-02,2.842035517096519470e-02,1.647733524441719055e-02,5.710109136998653412e-03,7.035672198981046677e-03
9.340844750404357910e-01,1.193157956004142761e-02,2.458472922444343567e-02,1.889052987098693848e-02,4.314183257520198822e-03,6.194462534040212631e-03
9.289698600769042969e-01,1.166982389986515045e-02,2.819913811981678009e-02,2.169619500637054443e-02,3.741579828783869743e-03,5.723249632865190506e-03
9.352567791938781738e-01,9.582203812897205353e-03,2.241935580968856812e-02,2.327144145965576172e-02,3.496719291433691978e-03,5.973524879664182663e-03
9.296851754188537598e-01,7.931761443614959717e-03,2.428175881505012512e-02,3.093831613659858704e-02,2.303079469129443169e-03,4.859905224293470383e-03
9.466592669486999512e-01,5.647838115692138672e-03,1.340110972523689270e-02,2.704309858381748199e-02,1.819869852624833584e-03,5.428867414593696594e-03
9.398933053016662598e-01,5.493292119354009628e-03,1.378592941910028458e-02,3.306537121534347534e-02,1.734676072373986244e-03,6.027384195476770401e-03
9.499774575233459473e-01,4.146666731685400009e-03,9.466587565839290619e-03,2.955102734267711639e-02,1.267767045646905899e-03,5.590485408902168274e-03
9.430865645408630371e-01,5.317509640008211136e-03,1.250402256846427917e-02,3.149325028061866760e-02,1.654752413742244244e-03,5.943849682807922363e-03
9.293235540390014648e-01,5.943439900875091553e-03,1.783263683319091797e-02,3.877215087413787842e-02,2.049801638349890709e-03,6.078283768147230148e-03
9.355235099792480469e-01,8.140810765326023102e-03,1.695130765438079834e-02,2.998966537415981293e-02,2.591512631624937057e-03,6.803277879953384399e-03
9.276388287544250488e-01,5.035297479480504990e-03,1.294033788144588470e-02,4.699998721480369568e-02,1.409738440997898579e-03,5.975901149213314056e-03
9.321892857551574707e-01,1.064596045762300491e-02,1.906817033886909485e-02,2.831111103296279907e-02,2.838392043486237526e-03,6.947137881070375443e-03
9.159597754478454590e-01,1.483339164406061172e-02,2.299290895462036133e-02,3.735055401921272278e-02,2.349578542634844780e-03,6.513767410069704056e-03
9.344212412834167480e-01,1.402421295642852783e-02,2.456319704651832581e-02,1.717816293239593506e-02,3.593706060200929642e-03,6.219418719410896301e-03
9.358441829681396484e-01,1.556679792702198029e-02,2.235887944698333740e-02,1.565517112612724304e-02,3.951292484998703003e-03,6.623594090342521667e-03
9.378966093063354492e-01,9.630672633647918701e-03,2.188557572662830353e-02,2.264127135276794434e-02,2.458151429891586304e-03,5.487726535648107529e-03
9.542735815048217773e-01,3.417135449126362801e-03,9.944237768650054932e-03,2.572378888726234436e-02,1.327769714407622814e-03,5.313313100486993790e-03
9.486535787582397461e-01,3.832003800198435783e-03,9.513515979051589966e-03,3.047478199005126953e-02,1.396789448335766792e-03,6.129303015768527985e-03
9.389767646789550781e-01,3.447187365964055061e-03,1.028587203472852707e-02,4.132091626524925232e-02,9.594341972842812538e-04,5.009809974581003189e-03
9.363893866539001465e-01,4.117178730666637421e-03,1.080298144370317459e-02,4.181389138102531433e-02,1.181007479317486286e-03,5.695494357496500015e-03
9.347197413444519043e-01,5.763580091297626495e-03,1.152572594583034515e-02,4.061303287744522095e-02,1.340137096121907234e-03,6.037798710167407990e-03
9.374940991401672363e-01,8.765184320509433746e-03,1.288952957838773727e-02,3.210968524217605591e-02,1.896955887787044048e-03,6.844670046120882034e-03
9.434463381767272949e-01,6.190930958837270737e-03,1.094214338809251785e-02,3.104947321116924286e-02,1.698604901321232319e-03,6.672440096735954285e-03
9.438694119453430176e-01,6.869517266750335693e-03,1.255205180495977402e-02,2.689062431454658508e-02,2.277655526995658875e-03,7.540610153228044510e-03
9.319736361503601074e-01,6.524591706693172455e-03,1.751998439431190491e-02,3.406846523284912109e-02,2.759655006229877472e-03,7.153769023716449738e-03
9.515646696090698242e-01,4.652075935155153275e-03,1.829738914966583252e-02,1.592094264924526215e-02,3.547093831002712250e-03,6.017693318426609039e-03
9.372591376304626465e-01,5.156687460839748383e-03,2.689650654792785645e-02,1.952875591814517975e-02,4.863367881625890732e-03,6.295568775385618210e-03
9.519241452217102051e-01,5.458795465528964996e-03,1.864854246377944946e-02,1.280011143535375595e-02,4.631069954484701157e-03,6.537348497658967972e-03
9.472869038581848145e-01,5.707101430743932724e-03,1.937733776867389679e-02,1.560055371373891830e-02,4.859367851167917252e-03,7.168699521571397781e-03
9.492760300636291504e-01,7.698314730077981949e-03,1.721291244029998779e-02,1.493113860487937927e-02,4.036924336105585098e-03,6.844672374427318573e-03
9.382278323173522949e-01,9.233957156538963318e-03,1.912236772477626801e-02,2.073847502470016479e-02,4.418867174535989761e-03,8.258452638983726501e-03
9.359748363494873047e-01,8.202135562896728516e-03,2.266006357967853546e-02,2.238877490162849426e-02,4.070187453180551529e-03,6.703932769596576691e-03
9.429077506065368652e-01,6.813566666096448898e-03,1.756554841995239258e-02,2.276314981281757355e-02,3.111126599833369255e-03,6.838913075625896454e-03
9.393522143363952637e-01,9.627426974475383759e-03,1.767031848430633545e-02,2.329748496413230896e-02,3.215702949091792107e-03,6.836806889623403549e-03
9.322923421859741211e-01,8.549041114747524261e-03,1.919021084904670715e-02,3.161511570215225220e-02,2.378110541030764580e-03,5.975223146378993988e-03
9.094147682189941406e-01,2.284309081733226776e-02,3.415718302130699158e-02,2.527293004095554352e-02,3.085479140281677246e-03,5.226606968790292740e-03
8.837797641754150391e-01,4.358516633510589600e-02,4.198570922017097473e-02,1.648122444748878479e-02,7.106165867298841476e-03,7.061891723424196243e-03
8.912986516952514648e-01,3.698481991887092590e-02,4.390245303511619568e-02,1.251105405390262604e-02,8.537010289728641510e-03,6.765978876501321793e-03
8.764222264289855957e-01,5.718910321593284607e-02,3.835130110383033752e-02,1.497092563658952713e-02,6.306726019829511642e-03,6.759738083928823471e-03
9.149280786514282227e-01,2.921996824443340302e-02,3.026315942406654358e-02,1.193720195442438126e-02,6.575630977749824524e-03,7.075958419591188431e-03
9.195232391357421875e-01,2.434462681412696838e-02,2.959093265235424042e-02,1.535484194755554199e-02,4.836414940655231476e-03,6.349764298647642136e-03
9.195454716682434082e-01,1.731659471988677979e-02,3.306152671575546265e-02,2.016049250960350037e-02,4.159973468631505966e-03,5.755852907896041870e-03
9.259780049324035645e-01,1.016940269619226456e-02,2.686222642660140991e-02,2.832028828561306000e-02,3.025413956493139267e-03,5.644514225423336029e-03
9.076998233795166016e-01,1.609922386705875397e-02,3.497384116053581238e-02,3.103831410408020020e-02,3.782428568229079247e-03,6.406275555491447449e-03
9.349942803382873535e-01,8.871786296367645264e-03,2.197678387165069580e-02,2.367161959409713745e-02,3.665169002488255501e-03,6.820337846875190735e-03
9.443087577819824219e-01,7.956841960549354553e-03,1.708746887743473053e-02,2.045425027608871460e-02,3.301931079477071762e-03,6.890763062983751297e-03
9.430195689201354980e-01,6.526510696858167648e-03,1.643506810069084167e-02,2.285837382078170776e-02,3.588803810998797417e-03,7.571718189865350723e-03
9.380682706832885742e-01,8.767032064497470856e-03,2.319980412721633911e-02,2.106291800737380981e-02,3.221128834411501884e-03,5.680700764060020447e-03
9.284627437591552734e-01,8.224005810916423798e-03,2.277627401053905487e-02,3.369962051510810852e-02,1.995289232581853867e-03,4.842236172407865524e-03
9.431743621826171875e-01,1.085786335170269012e-02,2.077361010015010834e-02,1.733973249793052673e-02,2.787619130685925484e-03,5.066817626357078552e-03
9.368122220039367676e-01,7.603158708661794662e-03,1.523075159639120102e-02,3.484838455915451050e-02,1.181141356937587261e-03,4.324292298406362534e-03
9.245491027832031250e-01,8.707012981176376343e-03,1.720523089170455933e-02,4.256346076726913452e-02,1.478404621593654156e-03,5.496888421475887299e-03
9.378630518913269043e-01,9.035615250468254089e-03,1.641707681119441986e-02,2.835427224636077881e-02,2.156628062948584557e-03,6.173306610435247421e-03
9.475108385086059570e-01,5.653368774801492691e-03,1.335427351295948029e-02,2.497152425348758698e-02,2.002247143536806107e-03,6.507607642561197281e-03
9.435038566589355469e-01,5.660172551870346069e-03,1.848166622221469879e-02,2.200520224869251251e-02,3.378006629645824432e-03,6.971077062189579010e-03
9.485819339752197266e-01,4.772608634084463120e-03,1.870187371969223022e-02,1.741873659193515778e-02,3.870711894705891609e-03,6.654071621596813202e-03
9.554111957550048828e-01,4.677723627537488937e-03,1.912805438041687012e-02,1.087797340005636215e-02,4.006571136415004730e-03,5.898479837924242020e-03
9.480813741683959961e-01,6.449027918279170990e-03,2.053575217723846436e-02,1.482631452381610870e-02,4.176593385636806488e-03,5.930919200181961060e-03
9.476923942565917969e-01,6.524911150336265564e-03,1.863826066255569458e-02,1.968780346214771271e-02,2.449742751196026802e-03,5.006920546293258667e-03
9.532918334007263184e-01,7.487869355827569962e-03,1.973734609782695770e-02,1.127199642360210419e-02,3.355430206283926964e-03,4.855553153902292252e-03
9.512653350830078125e-01,7.574595976620912552e-03,2.135678194463253021e-02,1.138119772076606750e-02,3.569841384887695312e-03,4.852088633924722672e-03
9.469656348228454590e-01,1.034374348819255829e-02,2.334116585552692413e-02,7.072900421917438507e-03,6.510752253234386444e-03,5.765701178461313248e-03
9.501386880874633789e-01,1.123430486768484116e-02,1.904075965285301208e-02,7.721070200204849243e-03,5.598906893283128738e-03,6.266123615205287933e-03
9.439118504524230957e-01,1.307910401374101639e-02,2.045268379151821136e-02,9.055919945240020752e-03,6.520094349980354309e-03,6.980279926210641861e-03
9.472577571868896484e-01,1.184722222387790680e-02,1.792396605014801025e-02,1.370320003479719162e-02,3.367179306223988533e-03,5.900570191442966461e-03
9.332198500633239746e-01,1.061856932938098907e-02,2.258230000734329224e-02,2.465155161917209625e-02,3.034895984455943108e-03,5.892802961170673370e-03
9.430720806121826172e-01,7.882416248321533203e-03,1.470419671386480331e-02,2.424107678234577179e-02,2.751501277089118958e-03,7.348597049713134766e-03
9.411176443099975586e-01,7.875260896980762482e-03,1.425086706876754761e-02,2.606934495270252228e-02,2.603926695883274078e-03,8.083002641797065735e-03
9.369916319847106934e-01,7.701622787863016129e-03,1.535975188016891479e-02,2.786007896065711975e-02,3.021411132067441940e-03,9.065512567758560181e-03
9.345043301582336426e-01,1.316742878407239914e-02,2.042775973677635193e-02,1.913357712328433990e-02,4.163214936852455139e-03,8.603754453361034393e-03
9.269202351570129395e-01,1.980570144951343536e-02,2.448196895420551300e-02,1.602880097925662994e-02,4.858233965933322906e-03,7.905084639787673950e-03
9.206395745277404785e-01,2.140935882925987244e-02,3.244140744209289551e-02,1.268339715898036957e-02,6.268470082432031631e-03,6.557764019817113876e-03
9.270759820938110352e-01,1.234841067343950272e-02,3.061963804066181183e-02,1.941700279712677002e-02,4.617924336344003677e-03,5.921073257923126221e-03
9.340889453887939453e-01,1.145605836063623428e-02,2.871137298643589020e-02,1.486573182046413422e-02,4.857415333390235901e-03,6.020615808665752411e-03
9.315447807312011719e-01,6.722936406731605530e-03,2.601192332804203033e-02,2.642914839088916779e-02,3.421481698751449585e-03,5.869651213288307190e-03
9.458767175674438477e-01,6.256288383156061172e-03,2.223009057343006134e-02,1.407547481358051300e-02,4.779255017638206482e-03,6.782101932913064957e-03
9.432858228683471680e-01,5.850596819072961807e-03,2.352327294647693634e-02,1.764490455389022827e-02,3.841196652501821518e-03,5.854085087776184082e-03
9.464616775512695312e-01,5.323090590536594391e-03,1.718585751950740814e-02,2.143761515617370605e-02,2.917488804087042809e-03,6.674422882497310638e-03
9.385128617286682129e-01,3.982928115874528885e-03,1.969194039702415466e-02,3.074613027274608612e-02,1.966556301340460777e-03,5.099677015095949173e-03
9.238617420196533203e-01,6.771000567823648453e-03,2.224205620586872101e-02,3.839901834726333618e-02,2.584704663604497910e-03,6.141593214124441147e-03
9.287031888961791992e-01,5.706631578505039215e-03,2.124060690402984619e-02,3.657529130578041077e-02,2.187313744798302650e-03,5.586995743215084076e-03
9.049501419067382812e-01,6.942222826182842255e-03,3.052528575062751770e-02,5.121447518467903137e-02,1.792750670574605465e-03,4.575256258249282837e-03
9.439139962196350098e-01,5.726356059312820435e-03,1.667606085538864136e-02,2.655775472521781921e-02,1.943582668900489807e-03,5.182224325835704803e-03
9.272505044937133789e-01,5.944022908806800842e-03,2.181451208889484406e-02,3.851940855383872986e-02,1.658253371715545654e-03,4.813251085579395294e-03
9.546816349029541016e-01,7.497663144022226334e-03,1.589681394398212433e-02,1.416474394500255585e-02,2.368204994127154350e-03,5.390916951000690460e-03
9.192524552345275879e-01,2.919461950659751892e-02,2.108861878514289856e-02,1.691316999495029449e-02,4.849421326071023941e-03,8.701705373823642731e-03
9.073671102523803711e-01,3.286753222346305847e-02,3.307678923010826111e-02,1.444396097213029861e-02,5.378161557018756866e-03,6.866523064672946930e-03
9.117787480354309082e-01,3.941397741436958313e-02,2.270892448723316193e-02,1.196797192096710205e-02,5.879535339772701263e-03,8.250839076936244965e-03
9.224058389663696289e-01,2.734866179525852203e-02,2.088794298470020294e-02,1.648703031241893768e-02,4.521513357758522034e-03,8.348853327333927155e-03
9.301599264144897461e-01,1.176196709275245667e-02,2.166175842285156250e-02,2.753103338181972504e-02,2.707141684368252754e-03,6.178221665322780609e-03
9.398621320724487305e-01,1.107613556087017059e-02,1.880105584859848022e-02,2.023538760840892792e-02,3.171146847307682037e-03,6.854185834527015686e-03
9.462337493896484375e-01,9.578648023307323456e-03,1.796932891011238098e-02,1.690228842198848724e-02,3.125566989183425903e-03,6.190432235598564148e-03
9.390541315078735352e-01,1.387279480695724487e-02,2.257162146270275116e-02,1.451181527227163315e-02,3.956547006964683533e-03,6.033070851117372513e-03
9.353331923484802246e-01,1.305019203573465347e-02,2.664281800389289856e-02,1.399646606296300888e-02,4.707500804215669632e-03,6.269805599004030228e-03
9.423479437828063965e-01,1.197172328829765320e-02,2.279713377356529236e-02,1.206761505454778671e-02,4.709508735686540604e-03,6.106093991547822952e-03
9.399293065071105957e-01,1.003483589738607407e-02,2.511691302061080933e-02,1.542316004633903503e-02,4.054639488458633423e-03,5.441148765385150909e-03
9.309499859809875488e-01,8.884469978511333466e-03,3.139086812734603882e-02,2.059477940201759338e-02,3.479420673102140427e-03,4.700435325503349304e-03
8.982769846916198730e-01,5.245182197540998459e-03,4.610492289066314697e-02,4.282605275511741638e-02,3.089473815634846687e-03,4.457582253962755203e-03
9.287636280059814453e-01,6.561551708728075027e-03,2.775821834802627563e-02,2.785077318549156189e-02,3.482900094240903854e-03,5.582754500210285187e-03
9.120352864265441895e-01,7.074041757732629776e-03,3.512554243206977844e-02,3.608614578843116760e-02,3.501605475321412086e-03,6.177339702844619751e-03
9.417541027069091797e-01,7.353627122938632965e-03,2.301864698529243469e-02,1.657119765877723694e-02,4.430575296282768250e-03,6.871803198009729385e-03
9.450570344924926758e-01,8.978626690804958344e-03,2.269504219293594360e-02,1.224758755415678024e-02,4.816495813429355621e-03,6.205121520906686783e-03
9.500707387924194336e-01,8.617716841399669647e-03,2.076823078095912933e-02,9.026165120303630829e-03,5.332618951797485352e-03,6.184575147926807404e-03
9.501662254333496094e-01,8.818427100777626038e-03,2.066623046994209290e-02,9.158055298030376434e-03,5.058885086327791214e-03,6.132113281637430191e-03
9.485427141189575195e-01,1.100144069641828537e-02,2.035098895430564880e-02,8.510676212608814240e-03,5.368673242628574371e-03,6.225510500371456146e-03
9.424126148223876953e-01,8.358387276530265808e-03,1.957947388291358948e-02,2.065705135464668274e-02,3.011872991919517517e-03,5.980506539344787598e-03
9.286358356475830078e-01,1.992728747427463531e-02,2.119856886565685272e-02,2.086072601377964020e-02,3.016297006979584694e-03,6.361340172588825226e-03
9.138345122337341309e-01,2.587100863456726074e-02,2.230668999254703522e-02,2.810911089181900024e-02,2.976781921461224556e-03,6.901715416461229324e-03
9.256595969200134277e-01,1.792960241436958313e-02,1.795636489987373352e-02,3.009469434618949890e-02,2.097715390846133232e-03,6.261982023715972900e-03
9.352405071258544922e-01,1.384013332426548004e-02,1.937478967010974884e-02,2.334261871874332428e-02,2.274860162287950516e-03,5.926991812884807587e-03
9.320905208587646484e-01,1.188064645975828171e-02,2.222529426217079163e-02,2.498999424278736115e-02,2.630418632179498672e-03,6.183138117194175720e-03
9.315122961997985840e-01,7.393878884613513947e-03,2.153551392257213593e-02,3.342898190021514893e-02,1.630212180316448212e-03,4.499149508774280548e-03
9.336528778076171875e-01,1.185506861656904221e-02,2.734037302434444427e-02,1.774727553129196167e-02,3.741700202226638794e-03,5.662736948579549789e-03
9.388478994369506836e-01,7.111364044249057770e-03,2.175922319293022156e-02,2.576714754104614258e-02,2.002595458179712296e-03,4.511713515967130661e-03
9.252872467041015625e-01,8.546700701117515564e-03,2.737115137279033661e-02,3.041369654238224030e-02,2.723412821069359779e-03,5.657812580466270447e-03
9.555588960647583008e-01,6.645099725574254990e-03,1.835153810679912567e-02,9.001084603369235992e-03,4.490987397730350494e-03,5.952407140284776688e-03
9.455590248107910156e-01,5.350959021598100662e-03,2.450754866003990173e-02,1.570777595043182373e-02,3.644714131951332092e-03,5.230031441897153854e-03
9.578453898429870605e-01,6.483120843768119812e-03,1.870903000235557556e-02,8.322023786604404449e-03,3.804145613685250282e-03,4.836140200495719910e-03
9.540787935256958008e-01,7.828687317669391632e-03,1.994811929762363434e-02,9.233311749994754791e-03,3.799926955252885818e-03,5.111149512231349945e-03
9.533996582031250000e-01,5.672436673194169998e-03,1.850342936813831329e-02,1.558740157634019852e-02,2.310328185558319092e-03,4.526622593402862549e-03
9.577632546424865723e-01,7.091062143445014954e-03,1.391925476491451263e-02,1.328075025230646133e-02,2.339970087632536888e-03,5.605692043900489807e-03
9.546845555305480957e-01,7.867105305194854736e-03,1.646766252815723419e-02,1.231547351926565170e-02,2.992220688611268997e-03,5.672903265804052353e-03
9.441909790039062500e-01,9.803487919270992279e-03,1.817835494875907898e-02,1.821489073336124420e-02,3.216951619833707809e-03,6.395408883690834045e-03
9.349734783172607422e-01,1.184418145567178726e-02,2.529633790254592896e-02,1.646162196993827820e-02,5.070616491138935089e-03,6.353809032589197159e-03
9.485844373703002930e-01,6.267691031098365784e-03,1.714468188583850861e-02,2.029499411582946777e-02,2.501596231013536453e-03,5.206619855016469955e-03
9.437406063079833984e-01,7.630801293998956680e-03,2.270608022809028625e-02,1.595891267061233521e-02,3.970105201005935669e-03,5.993521772325038910e-03
9.515942931175231934e-01,5.438470747321844101e-03,1.558868773281574249e-02,1.921458542346954346e-02,2.518811961635947227e-03,5.645216442644596100e-03
9.317167997360229492e-01,7.331448141485452652e-03,2.496175654232501984e-02,2.697744034230709076e-02,3.150464966893196106e-03,5.862125195562839508e-03
9.482377767562866211e-01,6.077646277844905853e-03,1.956122368574142456e-02,1.902151107788085938e-02,2.428017323836684227e-03,4.673823714256286621e-03
9.412212371826171875e-01,5.710365716367959976e-03,1.790585555136203766e-02,2.847400680184364319e-02,1.913202926516532898e-03,4.775495734065771103e-03
9.320058226585388184e-01,6.398874800652265549e-03,2.518203482031822205e-02,2.977104112505912781e-02,2.114289673045277596e-03,4.527973942458629608e-03
9.418162107467651367e-01,6.168395746499300003e-03,1.546291634440422058e-02,2.976503223180770874e-02,1.690537785179913044e-03,5.096926353871822357e-03
9.323988556861877441e-01,4.796427208930253983e-03,2.406692132353782654e-02,3.036885336041450500e-02,2.796612214297056198e-03,5.572202149778604507e-03
9.392142295837402344e-01,6.339429877698421478e-03,2.059563621878623962e-02,2.475564368069171906e-02,3.207626054063439369e-03,5.887474399060010910e-03
9.353506565093994141e-01,1.200720202177762985e-02,2.235326915979385376e-02,1.892482675611972809e-02,4.325048066675662994e-03,7.038876414299011230e-03
9.308747649192810059e-01,8.935553021728992462e-03,2.108575962483882904e-02,3.017417341470718384e-02,2.758486429229378700e-03,6.171202287077903748e-03
9.283254742622375488e-01,1.018528640270233154e-02,2.324803732335567474e-02,2.799118496477603912e-02,3.628274193033576012e-03,6.621803622692823410e-03
9.216006398200988770e-01,1.288619171828031540e-02,2.445827797055244446e-02,3.183587640523910522e-02,2.797394990921020508e-03,6.421585567295551300e-03
9.337716698646545410e-01,8.765558712184429169e-03,2.307504601776599884e-02,2.640779502689838409e-02,2.466083504259586334e-03,5.513901822268962860e-03
9.337188005447387695e-01,7.190878037363290787e-03,1.905681006610393524e-02,3.178491815924644470e-02,2.232669619843363762e-03,6.016087252646684647e-03
9.347314238548278809e-01,8.924893103539943695e-03,2.005553245544433594e-02,2.724082395434379578e-02,2.751839580014348030e-03,6.295537576079368591e-03
9.522684216499328613e-01,8.165462873876094818e-03,1.312754955142736435e-02,1.690228283405303955e-02,2.845273818820714951e-03,6.690945476293563843e-03
9.297336935997009277e-01,7.634478155523538589e-03,2.449186705052852631e-02,2.950728312134742737e-02,2.887235721573233604e-03,5.745487287640571594e-03
9.168326258659362793e-01,1.155112963169813156e-02,3.116700612008571625e-02,2.946481294929981232e-02,4.435481503605842590e-03,6.548817735165357590e-03
8.800587058067321777e-01,1.044707931578159332e-02,5.082042515277862549e-02,4.619098827242851257e-02,5.309667903929948807e-03,7.173105608671903610e-03
9.103358983993530273e-01,1.275861728936433792e-02,3.860708698630332947e-02,2.515442855656147003e-02,6.244387943297624588e-03,6.899519357830286026e-03
9.388285875320434570e-01,8.844105526804924011e-03,2.454566210508346558e-02,1.380236074328422546e-02,6.267189048230648041e-03,7.711950223892927170e-03
9.389317631721496582e-01,1.246062293648719788e-02,2.378845587372779846e-02,1.163931563496589661e-02,6.141226273030042648e-03,7.038526702672243118e-03
9.485862255096435547e-01,9.336286224424839020e-03,2.035868726670742035e-02,1.250393316149711609e-02,3.637859597802162170e-03,5.576982162892818451e-03
9.329016804695129395e-01,1.320206001400947571e-02,2.866584248840808868e-02,1.300405152142047882e-02,5.734048783779144287e-03,6.492325570434331894e-03
9.528527855873107910e-01,6.264008581638336182e-03,1.945713162422180176e-02,1.197048276662826538e-02,3.762943902984261513e-03,5.692731589078903198e-03
9.376406073570251465e-01,8.289651945233345032e-03,2.288456819951534271e-02,2.203526906669139862e-02,3.178512211889028549e-03,5.971433129161596298e-03
9.303047060966491699e-01,6.234477739781141281e-03,2.314717881381511688e-02,3.262342140078544617e-02,2.357929246500134468e-03,5.332265514880418777e-03
9.393649697303771973e-01,6.310210097581148148e-03,1.786532811820507050e-02,2.947137504816055298e-02,1.872389810159802437e-03,5.115651991218328476e-03
9.305357933044433594e-01,5.331881344318389893e-03,1.757279224693775177e-02,3.981202468276023865e-02,1.587027916684746742e-03,5.160527769476175308e-03
9.375377893447875977e-01,9.391194209456443787e-03,2.273145318031311035e-02,2.243016101419925690e-02,2.588453004136681557e-03,5.320925265550613403e-03
9.271461367607116699e-01,9.769620373845100403e-03,2.332288026809692383e-02,3.091253340244293213e-02,2.629260998219251633e-03,6.219535134732723236e-03
9.334246516227722168e-01,1.056334655731916428e-02,2.344752289354801178e-02,2.409828267991542816e-02,2.843423746526241302e-03,5.622708704322576523e-03
9.364812970161437988e-01,7.756446022540330887e-03,1.997057907283306122e-02,2.853400260210037231e-02,2.067405264824628830e-03,5.190289113670587540e-03
9.373232126235961914e-01,7.435427978634834290e-03,1.685355603694915771e-02,3.078604303300380707e-02,1.991360681131482124e-03,5.610215011984109879e-03
9.346440434455871582e-01,1.301135309040546417e-02,2.135239169001579285e-02,2.069479227066040039e-02,3.794374642893671989e-03,6.503039970993995667e-03
9.137946963310241699e-01,1.235455367714166641e-02,2.525192871689796448e-02,4.081195220351219177e-02,2.340805716812610626e-03,5.446080584079027176e-03
9.164257049560546875e-01,2.415096759796142578e-02,3.092871606349945068e-02,1.907988265156745911e-02,3.845980158075690269e-03,5.568626802414655685e-03
9.194903373718261719e-01,2.406261116266250610e-02,2.763745188713073730e-02,1.860847324132919312e-02,3.878224873915314674e-03,6.322939880192279816e-03
9.122982621192932129e-01,2.725801430642604828e-02,2.941980212926864624e-02,1.975423470139503479e-02,4.569177981466054916e-03,6.700416095554828644e-03
9.266864657402038574e-01,1.756658963859081268e-02,2.586891502141952515e-02,2.070915326476097107e-02,3.247773740440607071e-03,5.921063479036092758e-03
9.279154539108276367e-01,1.320109050720930099e-02,2.658083662390708923e-02,2.391473390161991119e-02,2.759792143478989601e-03,5.628131795674562454e-03
9.289084672927856445e-01,7.414072286337614059e-03,2.356741391122341156e-02,3.369691595435142517e-02,1.773945288732647896e-03,4.639095161110162735e-03
9.285054206848144531e-01,8.810400031507015228e-03,2.816540561616420746e-02,2.715334668755531311e-02,2.575274789705872536e-03,4.790131933987140656e-03
9.322986602783203125e-01,8.390399627387523651e-03,2.831417694687843323e-02,2.307112887501716614e-02,3.017554990947246552e-03,4.908077884465456009e-03
9.316475987434387207e-01,1.350555755198001862e-02,3.075851313769817352e-02,1.374548580497503281e-02,4.811515100300312042e-03,5.531448405236005783e-03
9.371033310890197754e-01,1.768017560243606567e-02,2.298389747738838196e-02,8.981143124401569366e-03,6.582789588719606400e-03,6.668749731034040451e-03
9.361665248870849609e-01,1.279654260724782944e-02,2.883515320718288422e-02,1.140666380524635315e-02,5.199533887207508087e-03,5.595591384917497635e-03
9.542477726936340332e-01,8.971255272626876831e-03,1.604434289038181305e-02,1.115354057401418686e-02,3.505451371893286705e-03,6.077524274587631226e-03
9.436728358268737793e-01,6.353668402880430222e-03,2.015631832182407379e-02,2.129341661930084229e-02,2.778200199827551842e-03,5.745548289269208908e-03
9.362899065017700195e-01,5.428769160062074661e-03,2.442291565239429474e-02,2.590936794877052307e-02,2.677309326827526093e-03,5.271625705063343048e-03
9.362831115722656250e-01,6.066726520657539368e-03,2.356023527681827545e-02,2.697272598743438721e-02,2.231683349236845970e-03,4.885388538241386414e-03
9.192175865173339844e-01,9.085333906114101410e-03,3.292534500360488892e-02,2.996478229761123657e-02,3.400902496650815010e-03,5.406014621257781982e-03
8.889953494071960449e-01,1.349396444857120514e-02,4.969118535518646240e-02,4.044016450643539429e-02,2.878898987546563148e-03,4.500358365476131439e-03
9.110122323036193848e-01,1.121804956346750259e-02,3.669713065028190613e-02,3.288074210286140442e-02,3.234698204323649406e-03,4.957215394824743271e-03
8.991957306861877441e-01,1.046452950686216354e-02,4.844501242041587830e-02,3.218587115406990051e-02,4.169105086475610733e-03,5.539662204682826996e-03
9.274565577507019043e-01,7.544785737991333008e-03,3.056711144745349884e-02,2.491753362119197845e-02,3.898638999089598656e-03,5.615325178951025009e-03
9.448729753494262695e-01,5.299827083945274353e-03,2.186717279255390167e-02,1.717529632151126862e-02,4.141120240092277527e-03,6.643562112003564835e-03
9.581812024116516113e-01,5.095239728689193726e-03,1.345441769808530807e-02,1.187968347221612930e-02,4.143183585256338120e-03,7.246380206197500229e-03
9.566612839698791504e-01,4.732716828584671021e-03,1.450268551707267761e-02,1.484402362257242203e-02,2.919811988249421120e-03,6.339380983263254166e-03
9.473912119865417480e-01,6.925034336745738983e-03,1.425823103636503220e-02,2.286318875849246979e-02,2.297035418450832367e-03,6.265421397984027863e-03
9.397832751274108887e-01,7.926095277070999146e-03,1.974823698401451111e-02,2.342689409852027893e-02,2.832447178661823273e-03,6.283051799982786179e-03
9.208170175552368164e-01,9.989198297262191772e-03,2.734382450580596924e-02,3.280083462595939636e-02,3.052323590964078903e-03,5.996803753077983856e-03
9.247912764549255371e-01,1.208999101072549820e-02,3.022504970431327820e-02,2.274315431714057922e-02,4.118595737963914871e-03,6.031842436641454697e-03
9.231995940208435059e-01,1.640282943844795227e-02,3.311446309089660645e-02,1.752770319581031799e-02,4.173761699348688126e-03,5.581534467637538910e-03
9.419092535972595215e-01,1.331292092800140381e-02,2.361150458455085754e-02,1.145865675061941147e-02,4.331744741648435593e-03,5.376042332500219345e-03
9.356543421745300293e-01,1.836724206805229187e-02,2.309527806937694550e-02,1.272277999669313431e-02,4.354914184659719467e-03,5.805511027574539185e-03
9.382691979408264160e-01,1.480688899755477905e-02,2.236587554216384888e-02,1.532841846346855164e-02,3.634454449638724327e-03,5.595164373517036438e-03
9.225170612335205078e-01,1.515620294958353043e-02,3.238511830568313599e-02,1.994404941797256470e-02,4.252904560416936874e-03,5.744616966694593430e-03
9.424001574516296387e-01,6.114418618381023407e-03,1.765277609229087830e-02,2.670593746006488800e-02,1.973450649529695511e-03,5.153423175215721130e-03
9.150363802909851074e-01,5.655921529978513718e-03,3.111081942915916443e-02,4.069690406322479248e-02,2.361658960580825806e-03,5.138283595442771912e-03
9.246939420700073242e-01,4.139274824410676956e-03,2.695354074239730835e-02,3.730626404285430908e-02,2.086549066007137299e-03,4.820331931114196777e-03
9.178828001022338867e-01,4.696774762123823166e-03,2.692390047013759613e-02,4.340873658657073975e-02,2.010573865845799446e-03,5.077186506241559982e-03
9.408213496208190918e-01,5.344402976334095001e-03,2.075164020061492920e-02,2.621397748589515686e-02,2.003781497478485107e-03,4.864783957600593567e-03
9.390386939048767090e-01,5.057855043560266495e-03,1.954926736652851105e-02,2.967721037566661835e-02,1.799089484848082066e-03,4.877930041402578354e-03
9.483692646026611328e-01,7.664817385375499725e-03,1.747307367622852325e-02,1.818232424557209015e-02,2.613791963085532188e-03,5.696635693311691284e-03
9.511748552322387695e-01,5.670750513672828674e-03,1.721906661987304688e-02,1.870295964181423187e-02,2.099773148074746132e-03,5.132512189447879791e-03
9.345028996467590332e-01,9.435116313397884369e-03,2.480631507933139801e-02,2.253426983952522278e-02,3.055760404095053673e-03,5.665695760399103165e-03
9.263878464698791504e-01,8.631936274468898773e-03,3.074994310736656189e-02,2.693772688508033752e-02,2.589115174487233162e-03,4.703402984887361526e-03
9.256699681282043457e-01,1.001619733870029449e-02,2.833477221429347992e-02,2.843813039362430573e-02,2.631810028105974197e-03,4.909235518425703049e-03
9.282130002975463867e-01,6.904447916895151138e-03,2.599026821553707123e-02,3.223737329244613647e-02,2.113022841513156891e-03,4.541887436062097549e-03
9.385426640510559082e-01,7.765116635710000992e-03,2.565743401646614075e-02,1.912916637957096100e-02,3.511074930429458618e-03,5.394386593252420425e-03
9.417929053306579590e-01,6.267560180276632309e-03,2.537661977112293243e-02,1.747529767453670502e-02,3.581246593967080116e-03,5.506255663931369781e-03
9.368112683296203613e-01,7.031825836747884750e-03,2.518558502197265625e-02,2.121489495038986206e-02,3.771056421101093292e-03,5.985453724861145020e-03
9.477791190147399902e-01,6.925329566001892090e-03,2.093460597097873688e-02,1.309485826641321182e-02,4.664346575736999512e-03,6.601815111935138702e-03
9.449312090873718262e-01,5.830380599945783615e-03,2.381752431392669678e-02,1.665384136140346527e-02,3.516055410727858543e-03,5.250884220004081726e-03
9.345207810401916504e-01,9.704267606139183044e-03,3.026426583528518677e-02,1.681649684906005859e-02,3.824891988188028336e-03,4.869394004344940186e-03
9.283086061477661133e-01,1.062840782105922699e-02,3.373678401112556458e-02,1.822117343544960022e-02,4.185799043625593185e-03,4.919132217764854431e-03
9.147276878356933594e-01,1.675231941044330597e-02,4.203572869300842285e-02,1.581280305981636047e-02,5.698950495570898056e-03,4.972519818693399429e-03
9.172019362449645996e-01,1.681509613990783691e-02,3.754792734980583191e-02,1.870960928499698639e-02,4.631462041288614273e-03,5.093839019536972046e-03
9.152954816818237305e-01,1.368429418653249741e-02,4.488737881183624268e-02,1.614855416119098663e-02,5.123725626617670059e-03,4.860564135015010834e-03
8.986833691596984863e-01,2.118310332298278809e-02,5.194125324487686157e-02,1.800001040101051331e-02,5.220008082687854767e-03,4.972267430275678635e-03
9.205340743064880371e-01,2.506732568144798279e-02,3.116427548229694366e-02,9.974988177418708801e-03,6.845233030617237091e-03,6.414026021957397461e-03
9.282661080360412598e-01,1.480928901582956314e-02,3.160690143704414368e-02,1.196312345564365387e-02,7.016913499683141708e-03,6.337666418403387070e-03
9.225749969482421875e-01,2.137373015284538269e-02,2.874259091913700104e-02,1.041328813880681992e-02,9.237132966518402100e-03,7.658202201128005981e-03
9.263200759887695312e-01,1.784894242882728577e-02,2.896335907280445099e-02,1.221883948892354965e-02,7.530482485890388489e-03,7.118287030607461929e-03
9.384601116180419922e-01,1.184806693345308304e-02,2.498823031783103943e-02,1.429635751992464066e-02,4.782429430633783340e-03,5.624786950647830963e-03
9.387488365173339844e-01,1.442021876573562622e-02,2.293175458908081055e-02,1.273971982300281525e-02,5.081733688712120056e-03,6.077803671360015869e-03
9.401838779449462891e-01,1.363472454249858856e-02,2.233435399830341339e-02,1.137104071676731110e-02,5.878710653632879257e-03,6.597303319722414017e-03
9.529208540916442871e-01,6.373966578394174576e-03,1.579628325998783112e-02,1.625424250960350037e-02,3.042292315512895584e-03,5.612509790807962418e-03
9.488636255264282227e-01,8.704504929482936859e-03,1.700037159025669098e-02,1.589872688055038452e-02,3.404293907806277275e-03,6.128506269305944443e-03
9.529157876968383789e-01,7.616559509187936783e-03,1.452203467488288879e-02,1.529363822191953659e-02,3.216299228370189667e-03,6.435832474380731583e-03
9.471659064292907715e-01,1.105123013257980347e-02,1.472679805010557175e-02,1.709416322410106659e-02,3.078254172578454018e-03,6.883605848997831345e-03
9.544293284416198730e-01,9.213824756443500519e-03,1.409261487424373627e-02,1.216828171163797379e-02,3.414519829675555229e-03,6.681334692984819412e-03
9.501305818557739258e-01,8.457420393824577332e-03,1.622222736477851868e-02,1.472549140453338623e-02,3.702780697494745255e-03,6.761514116078615189e-03
9.564374685287475586e-01,6.556524895131587982e-03,1.387349329888820648e-02,1.318782661110162735e-02,3.239385085180401802e-03,6.705265026539564133e-03
9.466701745986938477e-01,6.383804138749837875e-03,1.921989582479000092e-02,1.714748330414295197e-02,3.873544745147228241e-03,6.705096922814846039e-03
9.596390724182128906e-01,4.878337960690259933e-03,1.466767583042383194e-02,1.054526399821043015e-02,3.782720537856221199e-03,6.486978381872177124e-03
9.520701169967651367e-01,6.074446719139814377e-03,1.878629438579082489e-02,1.087679807096719742e-02,5.185210611671209335e-03,7.007177919149398804e-03
9.532081484794616699e-01,5.377958063036203384e-03,2.004400454461574554e-02,1.029784418642520905e-02,4.819577559828758240e-03,6.252608727663755417e-03
9.350209832191467285e-01,8.703915402293205261e-03,3.012809529900550842e-02,1.260043587535619736e-02,6.640542764216661453e-03,6.906006950885057449e-03
9.356372952461242676e-01,9.628054685890674591e-03,2.770421467721462250e-02,1.344515569508075714e-02,6.634658202528953552e-03,6.950566079467535019e-03
9.288241267204284668e-01,1.015693414956331253e-02,2.347702905535697937e-02,2.495458535850048065e-02,4.874144680798053741e-03,7.713153492659330368e-03
9.343468546867370605e-01,1.286356244236230850e-02,2.542560547590255737e-02,1.581698283553123474e-02,4.970130976289510727e-03,6.576825864613056183e-03
9.422240853309631348e-01,8.251314051449298859e-03,1.892401836812496185e-02,2.281808853149414062e-02,2.289327094331383705e-03,5.493190139532089233e-03
9.545438885688781738e-01,8.056486956775188446e-03,1.693888194859027863e-02,1.215815357863903046e-02,2.797047374770045280e-03,5.505546927452087402e-03
9.559159874916076660e-01,5.986643023788928986e-03,1.697141118347644806e-02,1.197235565632581711e-02,3.333115950226783752e-03,5.820398684591054916e-03
9.493168592453002930e-01,7.655183319002389908e-03,2.173208259046077728e-02,1.195511035621166229e-02,3.800085745751857758e-03,5.540704354643821716e-03
9.385387897491455078e-01,7.867725566029548645e-03,2.207819186151027679e-02,2.364359982311725616e-02,2.492167521268129349e-03,5.379565991461277008e-03
9.435752034187316895e-01,6.283935159444808960e-03,2.122885175049304962e-02,2.079938165843486786e-02,2.751449355855584145e-03,5.361215211451053619e-03
9.483116865158081055e-01,7.557867094874382019e-03,1.626550406217575073e-02,2.064008079469203949e-02,1.992958830669522285e-03,5.231792572885751724e-03
9.462907314300537109e-01,6.334980484098196030e-03,1.689365133643150330e-02,2.322896756231784821e-02,2.007986186072230339e-03,5.243688356131315231e-03
9.589635133743286133e-01,6.205466575920581818e-03,1.364917587488889694e-02,1.286229398101568222e-02,2.700386801734566689e-03,5.619141273200511932e-03
9.430673122406005859e-01,6.307233124971389771e-03,1.800164207816123962e-02,2.516622468829154968e-02,2.200719667598605156e-03,5.257025361061096191e-03
9.517220854759216309e-01,6.161521188914775848e-03,1.418319344520568848e-02,1.992700807750225067e-02,2.237626351416110992e-03,5.768611561506986618e-03
9.396975040435791016e-01,5.246252287179231644e-03,1.374531164765357971e-02,3.424847871065139771e-02,1.553919631987810135e-03,5.508558824658393860e-03
9.464452266693115234e-01,7.320058066397905350e-03,1.321764290332794189e-02,2.527891099452972412e-02,1.741282991133630276e-03,5.996842402964830399e-03
9.359446763992309570e-01,3.301504300907254219e-03,1.000299770385026932e-02,4.565225914120674133e-02,7.202728884294629097e-04,4.378390032798051834e-03
9.532805085182189941e-01,5.465197376906871796e-03,1.270241383463144302e-02,2.119548805058002472e-02,1.826824620366096497e-03,5.529616493731737137e-03
9.525989294052124023e-01,3.951039630919694901e-03,1.211776956915855408e-02,2.604672126471996307e-02,1.139300176873803139e-03,4.146276973187923431e-03
9.545190930366516113e-01,5.030069965869188309e-03,1.406176574528217316e-02,1.972980611026287079e-02,1.789273577742278576e-03,4.869904369115829468e-03
9.453530311584472656e-01,4.223471041768789291e-03,1.707762852311134338e-02,2.803836017847061157e-02,1.300714095123112202e-03,4.006787668913602829e-03
9.510703682899475098e-01,6.131992209702730179e-03,1.477743219584226608e-02,2.209748327732086182e-02,1.506900531239807606e-03,4.415834322571754456e-03
9.524195194244384766e-01,5.523291882127523422e-03,1.599320583045482635e-02,1.856523938477039337e-02,2.135567599907517433e-03,5.363256204873323441e-03
9.533359408378601074e-01,8.299504406750202179e-03,1.616364531219005585e-02,1.368705369532108307e-02,2.815275220200419426e-03,5.698706954717636108e-03
9.608121514320373535e-01,5.627901293337345123e-03,1.345866173505783081e-02,1.323038246482610703e-02,2.126319799572229385e-03,4.744619596749544144e-03
9.566516876220703125e-01,8.344425819814205170e-03,1.697384193539619446e-02,8.642042055726051331e-03,3.821759717538952827e-03,5.566156003624200821e-03
9.523609876632690430e-01,9.569677524268627167e-03,1.884657889604568481e-02,9.641789831221103668e-03,3.997674677520990372e-03,5.583351477980613708e-03
9.561739563941955566e-01,8.932619355618953705e-03,1.711230911314487457e-02,8.792278356850147247e-03,3.556340467184782028e-03,5.432394333183765411e-03
9.440753459930419922e-01,8.905830793082714081e-03,2.371110953390598297e-02,1.317071542143821716e-02,4.425011109560728073e-03,5.711862817406654358e-03
9.488497376441955566e-01,8.120354264974594116e-03,2.178090810775756836e-02,9.611773304641246796e-03,4.713451489806175232e-03,6.923690903931856155e-03
9.471190571784973145e-01,5.067348480224609375e-03,1.919546537101268768e-02,1.933100819587707520e-02,2.707446226850152016e-03,6.579727865755558014e-03
9.348740577697753906e-01,9.429164230823516846e-03,2.759806253015995026e-02,1.556956674903631210e-02,4.665051586925983429e-03,7.864200510084629059e-03
9.324508905410766602e-01,1.680719666182994843e-02,2.602426707744598389e-02,1.180999446660280228e-02,4.835881292819976807e-03,8.071736432611942291e-03
9.343493580818176270e-01,1.780558191239833832e-02,1.964953728020191193e-02,1.780799403786659241e-02,3.090252866968512535e-03,7.297314703464508057e-03
9.185341596603393555e-01,2.928198873996734619e-02,2.302349172532558441e-02,1.646104454994201660e-02,4.507615230977535248e-03,8.191769011318683624e-03
9.310568571090698242e-01,1.569859124720096588e-02,1.920510828495025635e-02,2.399584650993347168e-02,2.904171589761972427e-03,7.139374967664480209e-03
9.495596885681152344e-01,1.050495542585849762e-02,1.698982715606689453e-02,1.332820858806371689e-02,3.352549159899353981e-03,6.264694500714540482e-03
9.177256226539611816e-01,1.050848793238401413e-02,2.943667769432067871e-02,3.424963727593421936e-02,2.762671560049057007e-03,5.316909868270158768e-03
9.058029055595397949e-01,9.984125383198261261e-03,3.947608545422554016e-02,3.712481260299682617e-02,2.746036509051918983e-03,4.865943454205989838e-03
9.204428791999816895e-01,1.138064917176961899e-02,3.310522437095642090e-02,2.692138403654098511e-02,3.062721341848373413e-03,5.087164230644702911e-03
9.224730134010314941e-01,1.044329814612865448e-02,2.836479619145393372e-02,3.037836402654647827e-02,2.818042412400245667e-03,5.522555205971002579e-03
9.040828943252563477e-01,1.276416238397359848e-02,2.629308030009269714e-02,4.909577220678329468e-02,2.178735798224806786e-03,5.585360806435346603e-03
9.162450432777404785e-01,1.493765320628881454e-02,2.242483757436275482e-02,3.676220029592514038e-02,2.877906430512666702e-03,6.752546411007642746e-03
8.753371238708496094e-01,1.200362853705883026e-02,1.779542304575443268e-02,8.670619875192642212e-02,1.440702588297426701e-03,6.716846488416194916e-03
9.142664670944213867e-01,1.014296431094408035e-02,2.432200871407985687e-02,4.200746119022369385e-02,2.747939899563789368e-03,6.513160187751054764e-03
9.373924732208251953e-01,8.630665950477123260e-03,2.268628776073455811e-02,2.055537328124046326e-02,3.895068541169166565e-03,6.840189453214406967e-03
9.427114725112915039e-01,6.382434628903865814e-03,2.046495303511619568e-02,1.957776397466659546e-02,3.979300148785114288e-03,6.884147413074970245e-03
9.396630525588989258e-01,1.028114557266235352e-02,2.051498927175998688e-02,1.850219815969467163e-02,4.120380152016878128e-03,6.918274331837892532e-03
9.261049032211303711e-01,1.110065821558237076e-02,2.697647176682949066e-02,2.499456703662872314e-02,4.325970076024532318e-03,6.497662048786878586e-03
9.397470355033874512e-01,1.060692965984344482e-02,2.097988128662109375e-02,1.916592568159103394e-02,3.312494605779647827e-03,6.187672261148691177e-03
9.252988696098327637e-01,1.064572203904390335e-02,3.016025200486183167e-02,2.426271513104438782e-02,3.667658427730202675e-03,5.964853335171937943e-03
9.091086387634277344e-01,1.235735695809125900e-02,4.100594669580459595e-02,2.699352242052555084e-02,4.480359610170125961e-03,6.054161582142114639e-03
9.254598617553710938e-01,9.492912329733371735e-03,3.080101497471332550e-02,2.514261566102504730e-02,3.324643941596150398e-03,5.779026541858911514e-03
9.299380779266357422e-01,9.384877979755401611e-03,2.996235713362693787e-02,2.071341872215270996e-02,4.168092738837003708e-03,5.833088885992765427e-03
9.417120218276977539e-01,9.457116015255451202e-03,2.297214604914188385e-02,1.527445670217275620e-02,4.154986236244440079e-03,6.429289467632770538e-03
9.443640112876892090e-01,1.061371434479951859e-02,2.094685100018978119e-02,1.347958669066429138e-02,4.300250206142663956e-03,6.295497994869947433e-03
9.479014277458190918e-01,6.278482265770435333e-03,1.713504269719123840e-02,2.025866694748401642e-02,2.631717594340443611e-03,5.794741678982973099e-03
9.325622320175170898e-01,1.875495538115501404e-02,2.053044177591800690e-02,1.672440767288208008e-02,4.262826871126890182e-03,7.165127433836460114e-03
9.457733631134033203e-01,1.272632833570241928e-02,1.547918375581502914e-02,1.804161071777343750e-02,2.349144080653786659e-03,5.630377214401960373e-03
9.208263158798217773e-01,1.682900264859199524e-02,2.100721560418605804e-02,3.268032893538475037e-02,2.417677780613303185e-03,6.239434704184532166e-03
9.145964384078979492e-01,1.533201057463884354e-02,3.173880651593208313e-02,3.067478351294994354e-02,2.560465130954980850e-03,5.097514949738979340e-03
9.191162586212158203e-01,8.204741403460502625e-03,2.702030539512634277e-02,3.966756537556648254e-02,1.767915324307978153e-03,4.223231691867113113e-03
9.357617497444152832e-01,5.882108584046363831e-03,2.376164682209491730e-02,2.785106748342514038e-02,2.078474033623933792e-03,4.665025509893894196e-03
9.417900443077087402e-01,6.778453476727008820e-03,2.277160808444023132e-02,2.140807919204235077e-02,2.504986012354493141e-03,4.746794700622558594e-03
9.559281468391418457e-01,7.140930742025375366e-03,1.422730181366205215e-02,1.355037558823823929e-02,3.036332782357931137e-03,6.116935983300209045e-03
9.595311284065246582e-01,5.044471472501754761e-03,1.297565922141075134e-02,1.353046018630266190e-02,2.767041092738509178e-03,6.151147652417421341e-03
9.526999592781066895e-01,6.674156524240970612e-03,1.650458760559558868e-02,1.475553587079048157e-02,3.220656188204884529e-03,6.145106628537178040e-03
9.497565627098083496e-01,4.401279147714376450e-03,1.637612096965312958e-02,2.199668250977993011e-02,2.080990932881832123e-03,5.388339050114154816e-03
9.233313202857971191e-01,6.211788859218358994e-03,2.034668438136577606e-02,4.262286424636840820e-02,1.899902010336518288e-03,5.587449297308921814e-03
9.175903201103210449e-01,5.266319029033184052e-03,2.368197962641716003e-02,4.689246043562889099e-02,1.682942034676671028e-03,4.885947331786155701e-03
9.372470974922180176e-01,5.410250276327133179e-03,1.911326125264167786e-02,3.157536685466766357e-02,1.816298812627792358e-03,4.837769083678722382e-03
9.396831393241882324e-01,4.003890324383974075e-03,2.458935789763927460e-02,2.416697703301906586e-02,2.657156670466065407e-03,4.899324383586645126e-03
9.435861110687255859e-01,4.769500344991683960e-03,2.504001744091510773e-02,1.518246904015541077e-02,4.968568682670593262e-03,6.453367881476879120e-03
9.483103156089782715e-01,5.253955256193876266e-03,1.937410421669483185e-02,1.401283219456672668e-02,5.080212838947772980e-03,7.968641817569732666e-03
9.506477713584899902e-01,6.126830354332923889e-03,1.543150655925273895e-02,1.628896780312061310e-02,3.944331314414739609e-03,7.560617290437221527e-03
9.499065876007080078e-01,9.022016078233718872e-03,1.409167237579822540e-02,1.544926036149263382e-02,3.647284349426627159e-03,7.883312180638313293e-03
9.374042749404907227e-01,1.259941887110471725e-02,1.782049797475337982e-02,2.087940089404582977e-02,3.918827511370182037e-03,7.377513684332370758e-03
9.546313285827636719e-01,8.257457986474037170e-03,1.418146118521690369e-02,1.108384318649768829e-02,4.273901227861642838e-03,7.571943569928407669e-03
9.479622244834899902e-01,8.118044584989547729e-03,1.745873689651489258e-02,1.411691866815090179e-02,4.788212478160858154e-03,7.555892691016197205e-03
9.441377520561218262e-01,1.001394726336002350e-02,2.161913365125656128e-02,1.067586615681648254e-02,6.268689874559640884e-03,7.284641731530427933e-03
9.516422152519226074e-01,7.054766174405813217e-03,1.742589659988880157e-02,1.340680941939353943e-02,4.042824264615774155e-03,6.427515763789415359e-03
9.500108361244201660e-01,8.083404973149299622e-03,1.739867776632308960e-02,1.576592773199081421e-02,3.208331065252423286e-03,5.532687995582818985e-03
9.423240423202514648e-01,8.083949796855449677e-03,2.259979955852031708e-02,1.912548206746578217e-02,2.815308747813105583e-03,5.051401909440755844e-03
9.191068410873413086e-01,7.325689308345317841e-03,2.748821489512920380e-02,3.807181119918823242e-02,2.665125764906406403e-03,5.342305172234773636e-03
9.330219626426696777e-01,5.894928704947233200e-03,2.500035800039768219e-02,2.672768943011760712e-02,3.402851987630128860e-03,5.952318664640188217e-03
9.333196282386779785e-01,8.195498026907444000e-03,2.242722176015377045e-02,2.379069104790687561e-02,4.492900334298610687e-03,7.774021942168474197e-03
9.406968951225280762e-01,5.177978891879320145e-03,1.655694283545017242e-02,2.779086679220199585e-02,2.902120118960738182e-03,6.875331047922372818e-03
9.469359517097473145e-01,7.675101514905691147e-03,1.739367470145225525e-02,1.774603873491287231e-02,3.524081083014607430e-03,6.725165992975234985e-03
9.529705643653869629e-01,5.480497609823942184e-03,1.316958013921976089e-02,2.030539326369762421e-02,2.196674467995762825e-03,5.877315998077392578e-03
9.558754563331604004e-01,8.108804933726787567e-03,1.329336687922477722e-02,1.310222689062356949e-02,3.218208439648151398e-03,6.402064114809036255e-03
9.330697655677795410e-01,6.589082535356283188e-03,1.994339376688003540e-02,3.137801960110664368e-02,2.628120593726634979e-03,6.391548551619052887e-03
9.407899379730224609e-01,1.238288357853889465e-02,2.106349729001522064e-02,1.523481681942939758e-02,3.937340341508388519e-03,6.591449491679668427e-03
9.164535999298095703e-01,1.010878290981054306e-02,3.220182284712791443e-02,3.253777325153350830e-02,2.908027265220880508e-03,5.789999384433031082e-03
9.159191846847534180e-01,1.124622486531734467e-02,3.803269937634468079e-02,2.610971219837665558e-02,3.633441403508186340e-03,5.058750510215759277e-03
9.193524122238159180e-01,1.135099213570356369e-02,3.821126744151115417e-02,2.218326926231384277e-02,3.819776698946952820e-03,5.082223098725080490e-03
9.362787008285522461e-01,6.353029049932956696e-03,2.746135741472244263e-02,2.168435417115688324e-02,3.017196664586663246e-03,5.205249879509210587e-03
9.227952957153320312e-01,9.624008089303970337e-03,3.616974502801895142e-02,2.297517471015453339e-02,3.420375054702162743e-03,5.015344358980655670e-03
9.327056407928466797e-01,1.130292844027280807e-02,2.929870039224624634e-02,1.606862246990203857e-02,4.500758834183216095e-03,6.123355124145746231e-03
9.209323525428771973e-01,2.311917766928672791e-02,3.128861635923385620e-02,1.371536869555711746e-02,4.935430362820625305e-03,6.009119562804698944e-03
9.344301223754882812e-01,2.094533480703830719e-02,2.465785294771194458e-02,9.417714551091194153e-03,4.637287929654121399e-03,5.911735817790031433e-03
9.278296232223510742e-01,2.508364804089069366e-02,2.454803884029388428e-02,1.087066996842622757e-02,5.182853434234857559e-03,6.485100835561752319e-03
9.402680397033691406e-01,1.875027641654014587e-02,2.186054550111293793e-02,7.837404496967792511e-03,5.220961757004261017e-03,6.062717642635107040e-03
9.514874219894409180e-01,1.000832486897706985e-02,1.774976961314678192e-02,1.023138966411352158e-02,4.344518296420574188e-03,6.178682204335927963e-03
9.408547282218933105e-01,1.178449578583240509e-02,2.148522436618804932e-02,1.432042382657527924e-02,4.765757359564304352e-03,6.789459381252527237e-03
9.235847592353820801e-01,6.025211419910192490e-03,3.072721511125564575e-02,3.192209824919700623e-02,2.710331697016954422e-03,5.030345637351274490e-03
9.174075722694396973e-01,5.904872436076402664e-03,3.135918080806732178e-02,3.824482485651969910e-02,2.276520244777202606e-03,4.807011224329471588e-03
8.979126811027526855e-01,5.717787425965070724e-03,3.298161551356315613e-02,5.694434419274330139e-02,1.910045044496655464e-03,4.533400759100914001e-03
8.661386966705322266e-01,7.223010528832674026e-03,6.230923533439636230e-02,5.788887292146682739e-02,2.443010918796062469e-03,3.997236490249633789e-03
9.233475923538208008e-01,4.800883587449789047e-03,2.795485593378543854e-02,3.776313364505767822e-02,1.753939432092010975e-03,4.379559773951768875e-03
9.356226921081542969e-01,7.587959058582782745e-03,2.393270842730998993e-02,2.475645951926708221e-02,2.657501725479960442e-03,5.442581605166196823e-03
9.357292652130126953e-01,5.121254362165927887e-03,2.147551812231540680e-02,3.101419843733310699e-02,1.853156485594809055e-03,4.806621000170707703e-03
9.429059624671936035e-01,7.444896269589662552e-03,2.407551743090152740e-02,1.776456646621227264e-02,2.795127686113119125e-03,5.014019552618265152e-03
9.320434331893920898e-01,6.737558636814355850e-03,2.407315373420715332e-02,3.113121911883354187e-02,1.823822385631501675e-03,4.190780688077211380e-03
9.296346902847290039e-01,9.754029102623462677e-03,3.126592934131622314e-02,2.156431600451469421e-02,2.981216646730899811e-03,4.799732472747564316e-03
9.240382909774780273e-01,7.651576306670904160e-03,3.335622325539588928e-02,2.843680977821350098e-02,2.401688601821660995e-03,4.115303047001361847e-03
9.335713386535644531e-01,9.367251768708229065e-03,2.755442261695861816e-02,2.134624123573303223e-02,2.936903620138764381e-03,5.223814398050308228e-03
9.431661963462829590e-01,9.744158014655113220e-03,1.993078552186489105e-02,1.893951930105686188e-02,2.677918877452611923e-03,5.541389342397451401e-03
9.454269409179687500e-01,6.462024524807929993e-03,1.458971202373504639e-02,2.583252452313899994e-02,1.886557787656784058e-03,5.802304949611425400e-03
9.489537477493286133e-01,5.065632518380880356e-03,1.289252098649740219e-02,2.567939087748527527e-02,1.760863000527024269e-03,5.647853948175907135e-03
9.300862550735473633e-01,7.837966084480285645e-03,2.925801463425159454e-02,2.394855208694934845e-02,3.376333974301815033e-03,5.492899101227521896e-03
8.893611431121826172e-01,1.400949899107217789e-02,4.748648777604103088e-02,4.105472937226295471e-02,2.948959125205874443e-03,5.139200016856193542e-03
8.584041595458984375e-01,1.144788134843111038e-02,6.618921458721160889e-02,5.632898956537246704e-02,2.962067490443587303e-03,4.667764995247125626e-03
8.993326425552368164e-01,1.474057417362928391e-02,4.353480041027069092e-02,3.413175418972969055e-02,3.166174516081809998e-03,5.094029009342193604e-03
8.886529207229614258e-01,1.588189229369163513e-02,5.394755303859710693e-02,3.330494463443756104e-02,3.245664294809103012e-03,4.967119079083204269e-03
9.463077187538146973e-01,8.565318770706653595e-03,1.693827100098133087e-02,2.043902687728404999e-02,2.300001448020339012e-03,5.449718330055475235e-03
9.354040622711181641e-01,1.278601773083209991e-02,2.272718027234077454e-02,2.129745483398437500e-02,2.581291366368532181e-03,5.203954409807920456e-03
9.441127777099609375e-01,9.302213788032531738e-03,2.074130810797214508e-02,1.895866543054580688e-02,2.215168206021189690e-03,4.669863265007734299e-03
9.312593340873718262e-01,6.262634415179491043e-03,2.205754816532135010e-02,3.328143805265426636e-02,1.992854522541165352e-03,5.146189127117395401e-03
9.380859136581420898e-01,6.607803516089916229e-03,2.583734877407550812e-02,1.871471852064132690e-02,4.409611225128173828e-03,6.344559136778116226e-03
9.374227523803710938e-01,5.829961970448493958e-03,2.413371205329895020e-02,1.840925216674804688e-02,6.305624730885028839e-03,7.898660376667976379e-03
9.431006908416748047e-01,5.781328305602073669e-03,2.206072956323623657e-02,1.271351892501115799e-02,7.781348191201686859e-03,8.562349714338779449e-03
9.352318644523620605e-01,9.072231128811836243e-03,2.504961006343364716e-02,1.135782245546579361e-02,1.043020095676183701e-02,8.858237415552139282e-03
9.430922865867614746e-01,1.233445946127176285e-02,2.158102393150329590e-02,1.024145167320966721e-02,5.908052902668714523e-03,6.842711009085178375e-03
9.453675150871276855e-01,9.739587083458900452e-03,1.983838155865669250e-02,1.517278887331485748e-02,3.861847100779414177e-03,6.019830238074064255e-03
9.296734333038330078e-01,1.716143824160099030e-02,2.863022871315479279e-02,1.125312689691781998e-02,6.835107225924730301e-03,6.446596235036849976e-03
9.205870032310485840e-01,2.171816676855087280e-02,3.498428687453269958e-02,1.180234458297491074e-02,5.490228068083524704e-03,5.417981650680303574e-03
9.239157438278198242e-01,1.655249856412410736e-02,3.552784770727157593e-02,1.382572669535875320e-02,4.929806105792522430e-03,5.248339381068944931e-03
9.390505552291870117e-01,9.376768954098224640e-03,2.723159827291965485e-02,1.640096306800842285e-02,3.291290020570158958e-03,4.648927133530378342e-03
9.518817067146301270e-01,6.801318842917680740e-03,1.882097497582435608e-02,1.289342250674962997e-02,3.662476083263754845e-03,5.940079223364591599e-03
9.611591696739196777e-01,3.758977865800261497e-03,1.398542337119579315e-02,1.275123748928308487e-02,2.879111096262931824e-03,5.466026253998279572e-03
9.457934498786926270e-01,4.716527182608842850e-03,1.884376630187034607e-02,2.160281501710414886e-02,3.133544465526938438e-03,5.909785162657499313e-03
9.564447999000549316e-01,6.853858940303325653e-03,1.541798468679189682e-02,1.173119712620973587e-02,3.513875650241971016e-03,6.038235966116189957e-03
9.593647718429565430e-01,5.288856569677591324e-03,1.370974257588386536e-02,1.438494771718978882e-02,2.203891985118389130e-03,5.047749727964401245e-03
9.478189349174499512e-01,7.622903678566217422e-03,1.616690866649150848e-02,2.095646411180496216e-02,2.154316520318388939e-03,5.280475132167339325e-03
9.520819187164306641e-01,7.717737928032875061e-03,1.476530544459819794e-02,1.778854615986347198e-02,2.205005148425698280e-03,5.441579502075910568e-03
9.482466578483581543e-01,7.091815583407878876e-03,1.533153280615806580e-02,2.279618754982948303e-02,1.745816436596214771e-03,4.788167309015989304e-03
9.553042650222778320e-01,6.219158414751291275e-03,1.098629739135503769e-02,2.053529024124145508e-02,1.506647793576121330e-03,5.448277574032545090e-03
9.519415497779846191e-01,3.778171492740511894e-03,9.764023125171661377e-03,2.810798957943916321e-02,1.166210160590708256e-03,5.241930950433015823e-03
9.512214660644531250e-01,3.243777668103575706e-03,9.051242843270301819e-03,3.000174090266227722e-02,1.093882136046886444e-03,5.387779790908098221e-03
9.529732465744018555e-01,6.812466308474540710e-03,1.188331097364425659e-02,2.027628012001514435e-02,1.804719446226954460e-03,6.250036880373954773e-03
9.416952133178710938e-01,9.801862761378288269e-03,1.200692728161811829e-02,2.741758525371551514e-02,1.777142286300659180e-03,7.301251869648694992e-03
9.314653873443603516e-01,1.456115115433931351e-02,1.145192608237266541e-02,3.340968862175941467e-02,1.738246646709740162e-03,7.373583037406206131e-03
9.258005023002624512e-01,2.205886505544185638e-02,1.700320281088352203e-02,2.489577606320381165e-02,2.727135783061385155e-03,7.514475844800472260e-03
9.360042810440063477e-01,1.318071782588958740e-02,1.349937729537487030e-02,2.899612858891487122e-02,1.834090682677924633e-03,6.485376041382551193e-03
9.435240626335144043e-01,8.636421523988246918e-03,1.491455081850290298e-02,2.390850521624088287e-02,2.340882085263729095e-03,6.675618700683116913e-03
9.394635558128356934e-01,9.792150929570198059e-03,2.150432392954826355e-02,2.033281698822975159e-02,2.929072361439466476e-03,5.978100467473268509e-03
9.402079582214355469e-01,1.055026892572641373e-02,2.424516528844833374e-02,1.555339153856039047e-02,3.737870603799819946e-03,5.705298390239477158e-03
9.513325691223144531e-01,8.470231667160987854e-03,1.786466315388679504e-02,1.246155332773923874e-02,3.615257795900106430e-03,6.255812942981719971e-03
9.354702830314636230e-01,1.003140397369861603e-02,2.251038327813148499e-02,2.218705415725708008e-02,3.422220703214406967e-03,6.378619465976953506e-03
9.415606856346130371e-01,9.106075391173362732e-03,1.823407411575317383e-02,2.082649804651737213e-02,3.428231691941618919e-03,6.844409741461277008e-03
9.550038576126098633e-01,5.659581162035465240e-03,1.182223670184612274e-02,1.781200431287288666e-02,2.591619500890374184e-03,7.110660430043935776e-03
9.540063142776489258e-01,4.766481928527355194e-03,1.267940085381269455e-02,1.786053180694580078e-02,3.162218723446130753e-03,7.525164168328046799e-03
9.530517458915710449e-01,4.513345193117856979e-03,1.266145985573530197e-02,2.048331871628761292e-02,2.401851117610931396e-03,6.888254079967737198e-03
9.561459422111511230e-01,5.073453765362501144e-03,1.183053478598594666e-02,1.759575866162776947e-02,2.380075166001915932e-03,6.974323187023401260e-03
9.488087296485900879e-01,6.748318672180175781e-03,1.591315865516662598e-02,1.886396855115890503e-02,2.872150624170899391e-03,6.793808192014694214e-03
9.500962495803833008e-01,8.846689946949481964e-03,1.043172553181648254e-02,2.234522067010402679e-02,1.795153133571147919e-03,6.484897807240486145e-03
9.378212690353393555e-01,1.127420086413621902e-02,2.092836424708366394e-02,2.070387266576290131e-02,3.168624360114336014e-03,6.103537511080503464e-03
9.300529360771179199e-01,8.679394610226154327e-03,1.833699271082878113e-02,3.628284484148025513e-02,1.703798188827931881e-03,4.944016691297292709e-03
9.539788365364074707e-01,5.300648044794797897e-03,1.443399488925933838e-02,1.896094530820846558e-02,2.051558578386902809e-03,5.273970775306224823e-03
9.450048804283142090e-01,7.254743948578834534e-03,2.059830352663993835e-02,1.845685392618179321e-02,3.008360043168067932e-03,5.676735192537307739e-03
9.413956403732299805e-01,6.311930716037750244e-03,1.971197873353958130e-02,2.554286271333694458e-02,2.112023299559950829e-03,4.925609566271305084e-03
9.512834548950195312e-01,1.027694717049598694e-02,1.849530823528766632e-02,9.120448492467403412e-03,4.623874556273221970e-03,6.199976895004510880e-03
9.434003233909606934e-01,7.799428887665271759e-03,2.040164358913898468e-02,2.069167792797088623e-02,2.492577303200960159e-03,5.214285571128129959e-03
9.520444273948669434e-01,9.665473364293575287e-03,1.651536859571933746e-02,1.317286491394042969e-02,2.809189958497881889e-03,5.792758427560329437e-03
9.492038488388061523e-01,5.478492006659507751e-03,1.363629102706909180e-02,2.451560646295547485e-02,1.691458513960242271e-03,5.474344827234745026e-03
9.590549468994140625e-01,4.856931511312723160e-03,1.373411342501640320e-02,1.266703102737665176e-02,3.238337114453315735e-03,6.448640953749418259e-03
9.554283022880554199e-01,4.803633783012628555e-03,1.353713683784008026e-02,1.706620119512081146e-02,2.806543838232755661e-03,6.358263548463582993e-03
9.437649846076965332e-01,8.970221504569053650e-03,2.233830280601978302e-02,1.237474475055932999e-02,5.666965153068304062e-03,6.884746253490447998e-03
9.368106126785278320e-01,1.363772246986627579e-02,2.158567309379577637e-02,1.612196117639541626e-02,4.621195606887340546e-03,7.222943007946014404e-03
9.157829284667968750e-01,2.170685492455959320e-02,2.979090437293052673e-02,2.132600918412208557e-02,4.558466374874114990e-03,6.834805477410554886e-03
9.262092709541320801e-01,2.682983502745628357e-02,2.326352149248123169e-02,1.275689341127872467e-02,4.197453614324331284e-03,6.743011530488729477e-03
9.405528306961059570e-01,1.730897463858127594e-02,1.848613657057285309e-02,1.398797798901796341e-02,3.321943106129765511e-03,6.342256441712379456e-03
9.435765743255615234e-01,1.124453544616699219e-02,1.989565417170524597e-02,1.628334820270538330e-02,3.079419257119297981e-03,5.920460447669029236e-03
9.539978504180908203e-01,5.257681943476200104e-03,1.375842187553644180e-02,1.955503784120082855e-02,1.997101819142699242e-03,5.433891434222459793e-03
9.161540865898132324e-01,7.462598849087953568e-03,2.214943058788776398e-02,4.735863208770751953e-02,1.725870184600353241e-03,5.149490665644407272e-03
9.174256324768066406e-01,1.598667167127132416e-02,3.038834221661090851e-02,2.644265256822109222e-02,3.432073164731264114e-03,6.324567366391420364e-03
9.207186698913574219e-01,8.723692037165164948e-03,2.462108060717582703e-02,3.848841413855552673e-02,2.048820955678820610e-03,5.399378482252359390e-03
9.238579273223876953e-01,1.436548773199319839e-02,2.809293754398822784e-02,2.448585629463195801e-02,3.163293004035949707e-03,6.034507881850004196e-03
9.472101926803588867e-01,7.476809900254011154e-03,1.927207224071025848e-02,1.807080768048763275e-02,2.511573722586035728e-03,5.458462052047252655e-03
9.564148187637329102e-01,4.311195109039545059e-03,1.134916860610246658e-02,2.073339186608791351e-02,1.650227000936865807e-03,5.541238002479076385e-03
9.606278538703918457e-01,4.877770319581031799e-03,1.422646082937717438e-02,1.185956224799156189e-02,2.617360325530171394e-03,5.790954455733299255e-03
9.589448571205139160e-01,4.372495692223310471e-03,1.666606031358242035e-02,1.176013424992561340e-02,2.969359513372182846e-03,5.287116393446922302e-03
9.630153179168701172e-01,3.949708770960569382e-03,1.401777658611536026e-02,1.025398727506399155e-02,3.062626812607049942e-03,5.700476933270692825e-03
9.655553698539733887e-01,3.331945743411779404e-03,1.221743784844875336e-02,1.075376011431217194e-02,2.641015918925404549e-03,5.500508937984704971e-03
9.605805873870849609e-01,5.289633292704820633e-03,1.475497987121343613e-02,8.162812329828739166e-03,4.778095055371522903e-03,6.433862727135419846e-03
9.596986770629882812e-01,6.011757533997297287e-03,1.480870228260755539e-02,1.082346029579639435e-02,3.129395423457026482e-03,5.527934990823268890e-03
9.574588537216186523e-01,7.008553016930818558e-03,1.568839512765407562e-02,9.445606730878353119e-03,4.104160703718662262e-03,6.294480990618467331e-03
9.538154006004333496e-01,7.148353848606348038e-03,1.913495920598506927e-02,7.759604603052139282e-03,5.650826729834079742e-03,6.490903440862894058e-03
9.504912495613098145e-01,9.380201809108257294e-03,1.965912990272045135e-02,9.210069663822650909e-03,4.736756905913352966e-03,6.522707175463438034e-03
9.468482732772827148e-01,1.034368481487035751e-02,2.209079265594482422e-02,9.768956340849399567e-03,4.895338322967290878e-03,6.052934564650058746e-03
9.341378211975097656e-01,1.354922726750373840e-02,2.300734631717205048e-02,1.960108242928981781e-02,3.424418857321143150e-03,6.280176341533660889e-03
9.246415495872497559e-01,1.028479821979999542e-02,2.022290416061878204e-02,3.764344751834869385e-02,1.877571223303675652e-03,5.329694598913192749e-03
9.299910068511962891e-01,1.261638477444648743e-02,2.179488725960254669e-02,2.661751210689544678e-02,2.802553121000528336e-03,6.177700590342283249e-03
9.257404208183288574e-01,1.076649408787488937e-02,2.421510778367519379e-02,3.030972182750701904e-02,2.834544749930500984e-03,6.133764982223510742e-03
9.516959786415100098e-01,1.031980849802494049e-02,1.476656459271907806e-02,1.309327222406864166e-02,3.347475314512848854e-03,6.776873487979173660e-03
9.451839923858642578e-01,1.428967900574207306e-02,1.600378751754760742e-02,1.324666943401098251e-02,3.978535998612642288e-03,7.297368254512548447e-03
9.425608515739440918e-01,1.225073356181383133e-02,1.726882718503475189e-02,1.741534471511840820e-02,3.493247088044881821e-03,7.010999601334333420e-03
9.523546099662780762e-01,9.319831617176532745e-03,1.307826396077871323e-02,1.653704047203063965e-02,2.388128079473972321e-03,6.322089117020368576e-03
9.572044610977172852e-01,5.340209230780601501e-03,1.122675929218530655e-02,1.852868497371673584e-02,1.969422912225127220e-03,5.730541888624429703e-03
9.517321586608886719e-01,9.514602832496166229e-03,1.455159485340118408e-02,1.308321673423051834e-02,3.724389243870973587e-03,7.394065614789724350e-03
9.507330060005187988e-01,7.856397889554500580e-03,1.513122301548719406e-02,1.622703298926353455e-02,3.236557357013225555e-03,6.815979722887277603e-03
9.557388424873352051e-01,7.857270538806915283e-03,1.256529148668050766e-02,1.382898725569248199e-02,2.950168214738368988e-03,7.059452123939990997e-03
9.543290734291076660e-01,7.774535100907087326e-03,1.292935200035572052e-02,1.406885776668787003e-02,3.328815801069140434e-03,7.569311652332544327e-03
9.535838961601257324e-01,6.237063556909561157e-03,1.185980904847383499e-02,1.809430122375488281e-02,2.788404468446969986e-03,7.436617743223905563e-03
9.519713521003723145e-01,7.401547394692897797e-03,1.370204705744981766e-02,1.455692574381828308e-02,3.929594065994024277e-03,8.438503369688987732e-03
9.485179185867309570e-01,8.347809314727783203e-03,1.437101699411869049e-02,1.616920530796051025e-02,3.810158232226967812e-03,8.783883415162563324e-03
9.483273625373840332e-01,1.190400030463933945e-02,1.746555790305137634e-02,8.310763165354728699e-03,5.835659336298704147e-03,8.156732656061649323e-03
9.428783655166625977e-01,1.062375772744417191e-02,2.194771729409694672e-02,1.233960874378681183e-02,5.025855265557765961e-03,7.184623740613460541e-03
9.549186825752258301e-01,7.214602548629045486e-03,1.807099394500255585e-02,9.771090932190418243e-03,3.984785638749599457e-03,6.039828527718782425e-03
9.508874416351318359e-01,8.209311403334140778e-03,1.895599253475666046e-02,1.102060824632644653e-02,4.527714103460311890e-03,6.398999132215976715e-03
9.376822113990783691e-01,7.319982163608074188e-03,2.642093598842620850e-02,1.941423676908016205e-02,3.744761459529399872e-03,5.417881999164819717e-03
9.411773085594177246e-01,1.234431192278862000e-02,2.452883683145046234e-02,9.335622191429138184e-03,6.142565980553627014e-03,6.471371278166770935e-03
9.365209341049194336e-01,1.284279767423868179e-02,2.703870460391044617e-02,1.129332929849624634e-02,6.008900236338376999e-03,6.295276805758476257e-03
9.523029327392578125e-01,8.193521760404109955e-03,1.818148605525493622e-02,1.089742686599493027e-02,4.399760160595178604e-03,6.024858448654413223e-03
9.551368951797485352e-01,8.051508106291294098e-03,1.602293550968170166e-02,1.073118764907121658e-02,3.929093945771455765e-03,6.128428038209676743e-03
9.598230719566345215e-01,5.371400155127048492e-03,1.373732183128595352e-02,1.295896433293819427e-02,2.672976348549127579e-03,5.436217412352561951e-03
9.614232182502746582e-01,5.568043328821659088e-03,1.164924167096614838e-02,1.210088189691305161e-02,2.838394138962030411e-03,6.420193705707788467e-03
9.627512693405151367e-01,5.479500163346529007e-03,1.292871590703725815e-02,9.201313368976116180e-03,3.414574312046170235e-03,6.224459968507289886e-03
9.544571042060852051e-01,8.987414650619029999e-03,1.511787157505750656e-02,9.985500946640968323e-03,4.377753939479589462e-03,7.074362132698297501e-03
9.511789679527282715e-01,9.693487547338008881e-03,1.750425435602664948e-02,7.434512954205274582e-03,6.585950497537851334e-03,7.602801546454429626e-03
9.293894767761230469e-01,2.410200983285903931e-02,2.179300785064697266e-02,1.055024005472660065e-02,6.307447329163551331e-03,7.857754826545715332e-03
9.025234580039978027e-01,4.371183738112449646e-02,2.481111139059066772e-02,1.353843882679939270e-02,6.509565748274326324e-03,8.905470371246337891e-03
9.211928844451904297e-01,2.826979011297225952e-02,2.137262932956218719e-02,1.645382121205329895e-02,4.739109426736831665e-03,7.971829734742641449e-03
9.230208992958068848e-01,2.889529615640640259e-02,2.107096649706363678e-02,1.324564777314662933e-02,5.214279517531394958e-03,8.552930317819118500e-03
9.495218992233276367e-01,7.366446778178215027e-03,1.536091696470975876e-02,1.630898565053939819e-02,3.594329813495278358e-03,7.847429253160953522e-03
9.533591270446777344e-01,6.349777337163686752e-03,1.401518844068050385e-02,1.222902722656726837e-02,4.763178061693906784e-03,9.283699095249176025e-03
9.555173516273498535e-01,4.211364779621362686e-03,1.346045266836881638e-02,1.200225204229354858e-02,5.285794846713542938e-03,9.522856213152408600e-03
9.474896192550659180e-01,4.555088002234697342e-03,1.386324968189001083e-02,2.179943211376667023e-02,3.397265681996941566e-03,8.895329199731349945e-03
9.485996365547180176e-01,7.346256170421838760e-03,1.707557402551174164e-02,1.426850352436304092e-02,4.509332124143838882e-03,8.200696669518947601e-03
9.476515650749206543e-01,9.228309616446495056e-03,1.786709763109683990e-02,1.285985764116048813e-02,4.665213637053966522e-03,7.728105876594781876e-03
9.263781309127807617e-01,1.011719089001417160e-02,3.471987694501876831e-02,1.928652636706829071e-02,4.029023461043834686e-03,5.469202529639005661e-03
9.253435730934143066e-01,8.859629742801189423e-03,3.335438296198844910e-02,2.180155180394649506e-02,4.646192770451307297e-03,5.994584877043962479e-03
9.246225953102111816e-01,6.640498060733079910e-03,2.959251217544078827e-02,3.018811345100402832e-02,3.247764660045504570e-03,5.708529148250818253e-03
9.416210055351257324e-01,6.000180728733539581e-03,2.067057229578495026e-02,2.260666340589523315e-02,3.149472409859299660e-03,5.951976869255304337e-03
9.551497101783752441e-01,4.804023541510105133e-03,1.464594155550003052e-02,1.658076047897338867e-02,2.900130115449428558e-03,5.919450893998146057e-03
9.552276730537414551e-01,8.257949724793434143e-03,1.447361521422863007e-02,1.065197587013244629e-02,4.478936083614826202e-03,6.909816991537809372e-03
9.437752962112426758e-01,1.291229669004678726e-02,1.920449919998645782e-02,9.298959746956825256e-03,6.839662324637174606e-03,7.969379425048828125e-03
9.508535861968994141e-01,9.770350530743598938e-03,1.318456046283245087e-02,1.495414692908525467e-02,3.673699451610445976e-03,7.563703693449497223e-03
9.545124769210815430e-01,8.230906911194324493e-03,1.547770854085683823e-02,9.263564832508563995e-03,5.390954203903675079e-03,7.124329917132854462e-03
9.471789598464965820e-01,8.231729269027709961e-03,1.936210319399833679e-02,1.373394206166267395e-02,4.796188790351152420e-03,6.697085686028003693e-03
9.198043942451477051e-01,6.737503688782453537e-03,3.595212101936340332e-02,2.942622452974319458e-02,3.104734933003783226e-03,4.975031130015850067e-03
9.147173166275024414e-01,5.663590040057897568e-03,4.166938364505767822e-02,2.958093024790287018e-02,3.336536465212702751e-03,5.032344255596399307e-03
8.981033563613891602e-01,5.831684917211532593e-03,3.932378441095352173e-02,5.026816949248313904e-02,1.987021416425704956e-03,4.486066754907369614e-03
8.915221095085144043e-01,6.220314186066389084e-03,3.840457275509834290e-02,5.734000355005264282e-02,1.750742783769965172e-03,4.762244876474142075e-03
9.406070113182067871e-01,5.914240144193172455e-03,1.761601679027080536e-02,2.795019932091236115e-02,2.096109557896852493e-03,5.816382821649312973e-03
9.394515156745910645e-01,7.376528810709714890e-03,1.809863001108169556e-02,2.612960524857044220e-02,2.709940308704972267e-03,6.233787164092063904e-03
9.512633085250854492e-01,9.058597497642040253e-03,1.609843038022518158e-02,1.244048960506916046e-02,3.914839122444391251e-03,7.224347908049821854e-03
9.542344212532043457e-01,5.840827245265245438e-03,1.665754429996013641e-02,1.185224112123250961e-02,4.256051033735275269e-03,7.159000262618064880e-03
9.513339996337890625e-01,8.240787312388420105e-03,1.648753322660923004e-02,1.108556520193815231e-02,4.908839706331491470e-03,7.943149656057357788e-03
9.455459713935852051e-01,1.234928425401449203e-02,1.747072860598564148e-02,9.945135563611984253e-03,6.187950260937213898e-03,8.500991389155387878e-03
9.393975734710693359e-01,1.628523692488670349e-02,2.016130089759826660e-02,1.005698740482330322e-02,6.316037848591804504e-03,7.782889530062675476e-03
9.043423533439636230e-01,3.480462357401847839e-02,3.556320071220397949e-02,9.567128494381904602e-03,8.581473492085933685e-03,7.141278125345706940e-03
9.300844073295593262e-01,2.080326154828071594e-02,2.674697712063789368e-02,1.218032930046319962e-02,4.427170380949974060e-03,5.757880862802267075e-03
9.446841478347778320e-01,1.177928503602743149e-02,2.228928916156291962e-02,8.718808181583881378e-03,5.854443646967411041e-03,6.674100179225206375e-03
9.444814920425415039e-01,8.155394345521926880e-03,2.311467006802558899e-02,1.336646825075149536e-02,4.614348057657480240e-03,6.267657037824392319e-03
9.519525766372680664e-01,6.663768086582422256e-03,2.086507715284824371e-02,1.116030756384134293e-02,4.023254849016666412e-03,5.335029214620590210e-03
9.367951154708862305e-01,7.378783077001571655e-03,2.951928600668907166e-02,1.672363840043544769e-02,4.279395565390586853e-03,5.303768441081047058e-03
9.422910213470458984e-01,1.247190311551094055e-02,2.532825618982315063e-02,7.848871871829032898e-03,6.255509331822395325e-03,5.804558284580707550e-03
9.257354140281677246e-01,1.669154688715934753e-02,3.338073939085006714e-02,1.220385637134313583e-02,5.905678030103445053e-03,6.082737352699041367e-03
9.135371446609497070e-01,2.553474903106689453e-02,3.607747331261634827e-02,8.714912459254264832e-03,9.248676709830760956e-03,6.886926945298910141e-03
9.379583597183227539e-01,1.761307381093502045e-02,2.160236798226833344e-02,9.832260198891162872e-03,5.852863192558288574e-03,7.141060195863246918e-03
9.125025868415832520e-01,1.528065185993909836e-02,4.330405965447425842e-02,1.800424791872501373e-02,5.229318514466285706e-03,5.679089110344648361e-03
9.418843984603881836e-01,1.051510777324438095e-02,2.282932400703430176e-02,1.442949846386909485e-02,4.238756373524665833e-03,6.102901417762041092e-03
9.233443140983581543e-01,8.295121602714061737e-03,3.738925606012344360e-02,1.595452986657619476e-02,8.053382858633995056e-03,6.963575724512338638e-03
9.116041660308837891e-01,1.508111134171485901e-02,3.842584043741226196e-02,2.075314894318580627e-02,7.303913123905658722e-03,6.831761449575424194e-03
9.151977300643920898e-01,1.109527796506881714e-02,3.877267614006996155e-02,2.207600325345993042e-02,6.252577062696218491e-03,6.605945993214845657e-03
9.288601279258728027e-01,1.121380086988210678e-02,2.540346235036849976e-02,2.331908233463764191e-02,4.346066620200872421e-03,6.857468280941247940e-03
9.387869834899902344e-01,7.511680945754051208e-03,2.113351039588451385e-02,2.514607831835746765e-02,2.136250492185354233e-03,5.285490769892930984e-03
9.398521184921264648e-01,4.013512749224901199e-03,1.297684945166110992e-02,3.582660108804702759e-02,1.454449375160038471e-03,5.876459646970033646e-03
9.547295570373535156e-01,3.820618847385048866e-03,1.226054783910512924e-02,2.081188932061195374e-02,2.127974759787321091e-03,6.249448284506797791e-03
9.423843622207641602e-01,5.831111688166856766e-03,1.643679849803447723e-02,2.712565846741199493e-02,2.105555031448602676e-03,6.116538308560848236e-03
9.518426060676574707e-01,7.500775624066591263e-03,1.730343140661716461e-02,1.593157090246677399e-02,2.335158875212073326e-03,5.086597520858049393e-03
9.423175454139709473e-01,8.936750702559947968e-03,1.914999634027481079e-02,2.204478718340396881e-02,2.244426636025309563e-03,5.306463688611984253e-03
9.367088675498962402e-01,1.113432180136442184e-02,2.796278521418571472e-02,1.502205617725849152e-02,3.911756910383701324e-03,5.260339006781578064e-03
9.504169225692749023e-01,8.596546947956085205e-03,1.922237686812877655e-02,1.269414182752370834e-02,3.367008175700902939e-03,5.703017581254243851e-03
9.304440617561340332e-01,9.586149826645851135e-03,2.887924760580062866e-02,2.018542215228080750e-02,4.796160850673913956e-03,6.108847912400960922e-03
9.200665354728698730e-01,1.308450289070606232e-02,3.239199891686439514e-02,2.290308475494384766e-02,4.710937850177288055e-03,6.842973176389932632e-03
9.193922281265258789e-01,1.009922288358211517e-02,3.595240786671638489e-02,2.499257586896419525e-02,4.026391077786684036e-03,5.537180230021476746e-03
9.154639840126037598e-01,9.690647944808006287e-03,2.995001897215843201e-02,3.429735451936721802e-02,3.723601344972848892e-03,6.874329876154661179e-03
9.296001791954040527e-01,7.388098631054162979e-03,2.521652542054653168e-02,2.888545952737331390e-02,3.070868086069822311e-03,5.838904064148664474e-03
9.308087825775146484e-01,4.227340687066316605e-03,1.710302010178565979e-02,4.023442417383193970e-02,1.758615835569798946e-03,5.867838859558105469e-03
9.310553669929504395e-01,3.903879085555672646e-03,1.487328391522169113e-02,4.218117892742156982e-02,1.740960404276847839e-03,6.245330441743135452e-03
9.621716737747192383e-01,2.646634355187416077e-03,9.067145176231861115e-03,1.627413183450698853e-02,2.469002269208431244e-03,7.371388375759124756e-03
9.617252349853515625e-01,3.221819642931222916e-03,1.124991104006767273e-02,1.147871743887662888e-02,3.958109300583600998e-03,8.366193622350692749e-03
9.632087349891662598e-01,3.917398862540721893e-03,1.103860419243574142e-02,9.370638057589530945e-03,4.295044112950563431e-03,8.169544860720634460e-03
9.604862332344055176e-01,3.678727429360151291e-03,1.418921165168285370e-02,1.019311882555484772e-02,4.317960701882839203e-03,7.134719286113977432e-03
9.540350437164306641e-01,5.369687918573617935e-03,1.676881313323974609e-02,1.471307780593633652e-02,3.032288281247019768e-03,6.081131752580404282e-03
9.428597092628479004e-01,4.740118980407714844e-03,1.817632280290126801e-02,2.738541923463344574e-02,1.882641110569238663e-03,4.955743905156850815e-03
9.557715654373168945e-01,4.308878909796476364e-03,1.240992639213800430e-02,1.926151104271411896e-02,2.110965084284543991e-03,6.137242540717124939e-03
9.496647119522094727e-01,3.364799078553915024e-03,8.459185250103473663e-03,3.131930530071258545e-02,1.212593866512179375e-03,5.979395471513271332e-03
9.505530595779418945e-01,4.209963604807853699e-03,9.631552733480930328e-03,2.819455787539482117e-02,1.357208704575896263e-03,6.053704302757978439e-03
9.344655275344848633e-01,2.525579417124390602e-03,8.334246464073657990e-03,4.779429361224174500e-02,9.225459652952849865e-04,5.957697052508592606e-03
9.166442751884460449e-01,2.073041861876845360e-03,1.053149998188018799e-02,6.503099203109741211e-02,7.443719077855348587e-04,4.975819960236549377e-03
9.033665657043457031e-01,3.855181392282247543e-03,2.076025679707527161e-02,6.496288627386093140e-02,1.479815109632909298e-03,5.575180053710937500e-03
9.135903716087341309e-01,4.420474171638488770e-03,2.513048797845840454e-02,5.040713027119636536e-02,1.608879189006984234e-03,4.842666443437337875e-03
9.125573039054870605e-01,5.865791812539100647e-03,3.098001517355442047e-02,4.447768256068229675e-02,1.726272283121943474e-03,4.392954520881175995e-03
9.117397069931030273e-01,9.648394770920276642e-03,4.001635685563087463e-02,2.924309298396110535e-02,3.708032192662358284e-03,5.644362419843673706e-03
9.320576190948486328e-01,8.620090782642364502e-03,3.248254209756851196e-02,1.853869296610355377e-02,3.258160315454006195e-03,5.042839795351028442e-03
9.170931577682495117e-01,8.863329887390136719e-03,4.345485940575599670e-02,2.092339470982551575e-02,4.416971001774072647e-03,5.248352885246276855e-03
9.429610371589660645e-01,6.811411585658788681e-03,2.784072421491146088e-02,1.312234718352556229e-02,4.034463781863451004e-03,5.229911301285028458e-03
9.439434409141540527e-01,9.582223370671272278e-03,2.310253866016864777e-02,1.413613371551036835e-02,3.976801875978708267e-03,5.258819088339805603e-03
9.451823830604553223e-01,1.058355160057544708e-02,2.244465425610542297e-02,1.222465932369232178e-02,4.035772755742073059e-03,5.529072135686874390e-03
9.409797787666320801e-01,8.923063054680824280e-03,1.950301602482795715e-02,2.192855626344680786e-02,2.878405153751373291e-03,5.787159781903028488e-03
9.422553181648254395e-01,1.258368045091629028e-02,1.818986050784587860e-02,1.642429269850254059e-02,3.773503936827182770e-03,6.773347966372966766e-03
9.419111609458923340e-01,9.248842485249042511e-03,1.774971745908260345e-02,2.082346938550472260e-02,3.163277171552181244e-03,7.103513460606336594e-03
9.486423134803771973e-01,8.517437614500522614e-03,1.660372316837310791e-02,1.429249439388513565e-02,4.453703761100769043e-03,7.490156684070825577e-03
9.579778909683227539e-01,5.224807653576135635e-03,1.346252858638763428e-02,1.310459151864051819e-02,3.442435758188366890e-03,6.787796039134263992e-03
9.582270383834838867e-01,4.860547371208667755e-03,1.409101672470569611e-02,1.153077837079763412e-02,4.252071958035230637e-03,7.038446608930826187e-03
9.581273198127746582e-01,5.545434542000293732e-03,1.337490789592266083e-02,9.808308444917201996e-03,5.311638582497835159e-03,7.832322269678115845e-03
9.622990489006042480e-01,4.474043380469083786e-03,1.300325151532888412e-02,9.399921633303165436e-03,4.142939113080501556e-03,6.680815946310758591e-03
9.636795520782470703e-01,3.272191388532519341e-03,1.211595069617033005e-02,1.083815935999155045e-02,3.580102464184165001e-03,6.513900123536586761e-03
9.592331647872924805e-01,4.295834805816411972e-03,1.529577560722827911e-02,1.049875654280185699e-02,4.325365647673606873e-03,6.351124029606580734e-03
9.533053040504455566e-01,6.513431668281555176e-03,1.862633973360061646e-02,9.758987464010715485e-03,5.214983131736516953e-03,6.581049878150224686e-03
9.515576958656311035e-01,8.944565430283546448e-03,1.814639195799827576e-02,7.412409875541925430e-03,6.620876025408506393e-03,7.318263407796621323e-03
9.420192837715148926e-01,9.520197287201881409e-03,2.404370345175266266e-02,9.752199985086917877e-03,7.612258195877075195e-03,7.052256725728511810e-03
9.307608604431152344e-01,1.447553746402263641e-02,2.441236563026905060e-02,1.570812426507472992e-02,5.965018179267644882e-03,8.677907288074493408e-03
9.339426159858703613e-01,8.660305291414260864e-03,2.591139078140258789e-02,2.203455008566379547e-02,3.439080668613314629e-03,6.012065336108207703e-03
9.408972263336181641e-01,6.895172875374555588e-03,2.318457514047622681e-02,1.983773149549961090e-02,3.195251105353236198e-03,5.990107543766498566e-03
9.588652849197387695e-01,5.128384567797183990e-03,1.391981635242700577e-02,1.466007065027952194e-02,2.122483216226100922e-03,5.303964018821716309e-03
9.591207504272460938e-01,4.464138299226760864e-03,1.456349994987249374e-02,1.305958628654479980e-02,2.905033528804779053e-03,5.887051578611135483e-03
9.545174837112426758e-01,3.358787856996059418e-03,1.514438539743423462e-02,1.907646656036376953e-02,2.313166158273816109e-03,5.589681677520275116e-03
9.617104530334472656e-01,3.749994793906807899e-03,1.236100122332572937e-02,1.200100220739841461e-02,3.622751682996749878e-03,6.554743275046348572e-03
9.597343802452087402e-01,3.335079876706004143e-03,1.268135383725166321e-02,1.587277278304100037e-02,2.715644892305135727e-03,5.660823546350002289e-03
9.477814435958862305e-01,6.923081818968057632e-03,2.064564265310764313e-02,1.527772657573223114e-02,3.656658343970775604e-03,5.715370643883943558e-03
9.542009830474853516e-01,4.022461362183094025e-03,1.198953576385974884e-02,2.281470596790313721e-02,1.652739010751247406e-03,5.319542717188596725e-03
9.503902196884155273e-01,4.586245864629745483e-03,1.278538536280393600e-02,2.489600703120231628e-02,1.709135947749018669e-03,5.633093416690826416e-03
9.473586678504943848e-01,4.619285464286804199e-03,1.402520760893821716e-02,2.638483047485351562e-02,1.891485531814396381e-03,5.720415618270635605e-03
9.451224207878112793e-01,5.085275974124670029e-03,1.463993359357118607e-02,2.622059732675552368e-02,2.450325991958379745e-03,6.481578573584556580e-03
9.609292745590209961e-01,5.010625347495079041e-03,1.167079899460077286e-02,1.336644124239683151e-02,2.677888842299580574e-03,6.345028057694435120e-03
9.568390846252441406e-01,5.059600342065095901e-03,1.418439950793981552e-02,1.312893722206354141e-02,3.759570885449647903e-03,7.028379011899232864e-03
9.541543126106262207e-01,5.444633774459362030e-03,1.585947349667549133e-02,1.408143527805805206e-02,3.609749488532543182e-03,6.850414443761110306e-03
9.419384598731994629e-01,1.064459979534149170e-02,2.277369238436222076e-02,1.291125919669866562e-02,4.938389174640178680e-03,6.793692708015441895e-03
9.377456307411193848e-01,9.731483645737171173e-03,2.849818579852581024e-02,1.376448664814233780e-02,4.720923025161027908e-03,5.539362318813800812e-03
9.294949173927307129e-01,2.260672487318515778e-02,2.451312355697154999e-02,1.135014649480581284e-02,5.639542825520038605e-03,6.395489908754825592e-03
9.327733516693115234e-01,1.798368431627750397e-02,2.510386519134044647e-02,1.335006207227706909e-02,4.598998930305242538e-03,6.189904641360044479e-03
9.391676783561706543e-01,1.667239703238010406e-02,2.073162421584129333e-02,1.180675998330116272e-02,4.834270570427179337e-03,6.787158083170652390e-03
9.505734443664550781e-01,7.604275364428758621e-03,1.911278814077377319e-02,1.312435045838356018e-02,3.722461638972163200e-03,5.862710997462272644e-03
9.503366351127624512e-01,7.705097086727619171e-03,1.998406276106834412e-02,8.671449497342109680e-03,6.135582458227872849e-03,7.167164236307144165e-03
9.566368460655212402e-01,6.016040686517953873e-03,1.582736894488334656e-02,9.368883445858955383e-03,5.044954363256692886e-03,7.105958648025989532e-03
9.388505220413208008e-01,1.028070785105228424e-02,2.157329022884368896e-02,1.872630976140499115e-02,4.085239488631486893e-03,6.483868695795536041e-03
9.500442147254943848e-01,7.407543715089559555e-03,1.704813353717327118e-02,1.571318507194519043e-02,3.284843172878026962e-03,6.502185482531785965e-03
9.340808391571044922e-01,1.241968758404254913e-02,2.795730531215667725e-02,1.265843678265810013e-02,6.082183681428432465e-03,6.801696494221687317e-03
9.431766867637634277e-01,1.099634543061256409e-02,2.144952304661273956e-02,1.080335304141044617e-02,6.210980005562305450e-03,7.363120093941688538e-03
9.447095394134521484e-01,9.701698087155818939e-03,2.230401895940303802e-02,9.354042820632457733e-03,6.953784264624118805e-03,6.976814009249210358e-03
9.449526071548461914e-01,8.561945520341396332e-03,2.177593670785427094e-02,1.029704790562391281e-02,6.792121566832065582e-03,7.620248477905988693e-03
9.485272169113159180e-01,8.643268607556819916e-03,1.819433458149433136e-02,1.070540398359298706e-02,5.934641696512699127e-03,7.994989864528179169e-03
9.535207152366638184e-01,8.644226938486099243e-03,1.473471615463495255e-02,1.182536873966455460e-02,4.025484435260295868e-03,7.249420974403619766e-03
9.509440064430236816e-01,7.433572784066200256e-03,1.715168170630931854e-02,1.329340133816003799e-02,4.448044113814830780e-03,6.729187909513711929e-03
9.516171813011169434e-01,7.082002237439155579e-03,1.718197762966156006e-02,1.391720306128263474e-02,3.963678143918514252e-03,6.237953901290893555e-03
9.590314626693725586e-01,5.699510220438241959e-03,1.684938371181488037e-02,1.028876286000013351e-02,3.228004090487957001e-03,4.902996588498353958e-03
9.471611976623535156e-01,6.905344780534505844e-03,2.222067862749099731e-02,1.411284785717725754e-02,4.075536970049142838e-03,5.524378269910812378e-03
9.486971497535705566e-01,9.134665131568908691e-03,2.139512822031974792e-02,9.019651450216770172e-03,5.646814126521348953e-03,6.106587592512369156e-03
9.496875405311584473e-01,6.517822854220867157e-03,2.076202072203159332e-02,1.304336730390787125e-02,4.041583277285099030e-03,5.947743542492389679e-03
9.385806918144226074e-01,9.665562771260738373e-03,2.800905145704746246e-02,1.065064594149589539e-02,6.706994492560625076e-03,6.387139670550823212e-03
9.486161470413208008e-01,6.078256759792566299e-03,2.137378044426441193e-02,1.251772698014974594e-02,4.611934069544076920e-03,6.802256219089031219e-03
9.443029165267944336e-01,6.113864481449127197e-03,2.390294708311557770e-02,1.419519353657960892e-02,4.535180982202291489e-03,6.949949078261852264e-03
9.526151418685913086e-01,5.455718841403722763e-03,1.949162781238555908e-02,1.121839508414268494e-02,4.508316051214933395e-03,6.710722111165523529e-03
9.486997127532958984e-01,5.841503385454416275e-03,2.101967856287956238e-02,1.170605979859828949e-02,5.470388568937778473e-03,7.262557744979858398e-03
9.503598809242248535e-01,6.550603546202182770e-03,2.005681768059730530e-02,1.153526082634925842e-02,4.907032009214162827e-03,6.590371951460838318e-03
9.362693428993225098e-01,1.608838513493537903e-02,2.393532544374465942e-02,1.127473078668117523e-02,5.592823028564453125e-03,6.839376408606767654e-03
9.241063594818115234e-01,1.642326079308986664e-02,3.159251436591148376e-02,1.824008673429489136e-02,3.915573470294475555e-03,5.722159985452890396e-03
9.182621240615844727e-01,1.391225215047597885e-02,2.864711545407772064e-02,3.179586678743362427e-02,2.336454112082719803e-03,5.046269390732049942e-03
9.059635400772094727e-01,1.530276611447334290e-02,3.393905237317085266e-02,3.756456449627876282e-02,2.340176608413457870e-03,4.889938049018383026e-03
9.013342857360839844e-01,1.003266777843236923e-02,3.283956274390220642e-02,4.912943392992019653e-02,1.913722022436559200e-03,4.750243388116359711e-03
9.315682053565979004e-01,9.280717000365257263e-03,2.697433345019817352e-02,2.331660501658916473e-02,3.227901412174105644e-03,5.632164888083934784e-03
9.432764053344726562e-01,5.343497265130281448e-03,2.254613116383552551e-02,2.121914550662040710e-02,2.544713206589221954e-03,5.070135928690433502e-03
9.377104640007019043e-01,5.942347459495067596e-03,3.045194968581199646e-02,1.709684729576110840e-02,3.560691839084029198e-03,5.237780511379241943e-03
9.426477551460266113e-01,4.654328804463148117e-03,2.843619883060455322e-02,1.444171555340290070e-02,4.080399405211210251e-03,5.739649757742881775e-03
9.345180988311767578e-01,5.366953555494546890e-03,3.353602811694145203e-02,1.633228920400142670e-02,4.576678387820720673e-03,5.670020356774330139e-03
9.316278100013732910e-01,8.090216666460037231e-03,3.662060946226119995e-02,1.114521827548742294e-02,6.357198115438222885e-03,6.158931180834770203e-03
9.531165957450866699e-01,5.876069888472557068e-03,2.197821438312530518e-02,8.084406144917011261e-03,4.920876119285821915e-03,6.023649126291275024e-03
9.410450458526611328e-01,6.809538695961236954e-03,2.850357256829738617e-02,1.633504033088684082e-02,2.816624240949749947e-03,4.490179009735584259e-03
9.603087306022644043e-01,3.649504855275154114e-03,1.395541615784168243e-02,1.642074435949325562e-02,1.526935375295579433e-03,4.138569347560405731e-03
9.519506096839904785e-01,4.557637963443994522e-03,1.996303722262382507e-02,1.573031581938266754e-02,2.989155938848853111e-03,4.809080623090267181e-03
9.423861503601074219e-01,8.753982372581958771e-03,2.259705960750579834e-02,1.783742941915988922e-02,3.219737438485026360e-03,5.205648019909858704e-03
9.416069984436035156e-01,9.927621111273765564e-03,2.648247033357620239e-02,1.026796642690896988e-02,5.946858320385217667e-03,5.768270231783390045e-03
9.518297910690307617e-01,9.307086467742919922e-03,1.884623803198337555e-02,1.079104095697402954e-02,3.821509424597024918e-03,5.404344294220209122e-03
9.433908462524414062e-01,1.103642024099826813e-02,2.111532911658287048e-02,1.534200087189674377e-02,3.233043011277914047e-03,5.882297176867723465e-03
9.528354406356811523e-01,7.196354679763317108e-03,1.556704565882682800e-02,1.647620275616645813e-02,2.459523500874638557e-03,5.465362686663866043e-03
9.565023779869079590e-01,7.160036358982324600e-03,1.537588145583868027e-02,1.124767400324344635e-02,3.401998197659850121e-03,6.312078796327114105e-03
9.543842673301696777e-01,6.890412885695695877e-03,1.389224175363779068e-02,1.313697639852762222e-02,3.944050054997205734e-03,7.752039469778537750e-03
9.527571797370910645e-01,8.389409631490707397e-03,1.636983081698417664e-02,1.139654591679573059e-02,4.268167540431022644e-03,6.818811874836683273e-03
9.376996755599975586e-01,1.280093006789684296e-02,2.382575161755084991e-02,1.427938602864742279e-02,4.646325483918190002e-03,6.747899577021598816e-03
9.354417920112609863e-01,1.077700220048427582e-02,2.561367675662040710e-02,1.913403905928134918e-02,3.506028559058904648e-03,5.527518689632415771e-03
9.425012469291687012e-01,8.810490369796752930e-03,1.926933974027633667e-02,2.213621512055397034e-02,2.239702269434928894e-03,5.043060518801212311e-03
9.204218387603759766e-01,1.745934598147869110e-02,2.798057906329631805e-02,2.590044587850570679e-02,2.815946470946073532e-03,5.421976093202829361e-03
9.191341996192932129e-01,2.545664459466934204e-02,2.266661077737808228e-02,2.517323009669780731e-02,2.154700458049774170e-03,5.414558574557304382e-03
9.160804152488708496e-01,2.839613333344459534e-02,2.734985761344432831e-02,1.884168386459350586e-02,3.524718107655644417e-03,5.807178094983100891e-03
9.118370413780212402e-01,3.401180729269981384e-02,2.640888281166553497e-02,1.639577932655811310e-02,4.616835154592990875e-03,6.729667540639638901e-03
9.142696857452392578e-01,2.748550102114677429e-02,2.722435072064399719e-02,1.911426894366741180e-02,4.905896261334419250e-03,7.000288460403680801e-03
9.537207484245300293e-01,7.045912556350231171e-03,1.587384194135665894e-02,1.321399770677089691e-02,3.527928842231631279e-03,6.617699749767780304e-03
9.518681168556213379e-01,5.166786722838878632e-03,1.492364890873432159e-02,1.910976134240627289e-02,2.708310261368751526e-03,6.223318167030811310e-03
9.454235434532165527e-01,5.080935545265674591e-03,1.860897988080978394e-02,2.117209509015083313e-02,3.084367373958230019e-03,6.630104500800371170e-03
9.511699080467224121e-01,4.915658850222826004e-03,1.882333867251873016e-02,1.457735244184732437e-02,3.919209353625774384e-03,6.594576872885227203e-03
9.480597376823425293e-01,5.147452000528573990e-03,2.079319395124912262e-02,1.394545938819646835e-02,5.074989981949329376e-03,6.979202851653099060e-03
9.487486481666564941e-01,5.125854630023241043e-03,2.012095972895622253e-02,1.496011856943368912e-02,4.329087212681770325e-03,6.715125869959592819e-03
9.266062378883361816e-01,6.627247668802738190e-03,3.210415318608283997e-02,2.537791617214679718e-02,3.574814880266785622e-03,5.709637887775897980e-03
9.380180239677429199e-01,4.554159007966518402e-03,2.382517606019973755e-02,2.628809027373790741e-02,2.353466581553220749e-03,4.961191676557064056e-03
9.316481947898864746e-01,3.715031780302524567e-03,1.609445922076702118e-02,4.275865107774734497e-02,1.232993789017200470e-03,4.550742916762828827e-03
9.299421310424804688e-01,3.425858449190855026e-03,1.689815707504749298e-02,4.337907209992408752e-02,1.397842075675725937e-03,4.957047291100025177e-03
9.412919878959655762e-01,3.369125071913003922e-03,1.420203410089015961e-02,3.474858775734901428e-02,1.334359985776245594e-03,5.053733475506305695e-03
9.555346369743347168e-01,2.542055677622556686e-03,1.004420686513185501e-02,2.510228194296360016e-02,1.291146501898765564e-03,5.485656205564737320e-03
9.523137211799621582e-01,3.694608109071850777e-03,1.082972250878810883e-02,2.478418312966823578e-02,1.788452151231467724e-03,6.589338183403015137e-03
9.525669217109680176e-01,4.610485397279262543e-03,1.117436029016971588e-02,2.283592522144317627e-02,2.022362546995282173e-03,6.789980456233024597e-03
9.469793438911437988e-01,5.362706258893013000e-03,9.895178489387035370e-03,3.016799315810203552e-02,1.402323483489453793e-03,6.192492321133613586e-03
9.465544819831848145e-01,5.693165585398674011e-03,1.005839742720127106e-02,2.968657948076725006e-02,1.554583897814154625e-03,6.452896632254123688e-03
9.364010095596313477e-01,5.771398078650236130e-03,1.516680978238582611e-02,3.465087711811065674e-02,1.970911631360650063e-03,6.038949359208345413e-03
9.463007450103759766e-01,4.834230989217758179e-03,1.381902862340211868e-02,2.866030298173427582e-02,1.481124665588140488e-03,4.904469475150108337e-03
9.122064709663391113e-01,8.090615272521972656e-03,3.444600850343704224e-02,3.629150986671447754e-02,3.003914840519428253e-03,5.961465649306774139e-03
9.494199156761169434e-01,7.011620793491601944e-03,1.931458897888660431e-02,1.549634151160717010e-02,3.066189819946885109e-03,5.691425409168004990e-03
9.481458067893981934e-01,5.616623908281326294e-03,1.692416332662105560e-02,1.972661167383193970e-02,2.942750463262200356e-03,6.644026376307010651e-03
9.419267177581787109e-01,7.143999449908733368e-03,2.495321631431579590e-02,1.644350402057170868e-02,3.819232806563377380e-03,5.713357590138912201e-03
9.448619484901428223e-01,5.391514394432306290e-03,1.866539753973484039e-02,2.163177542388439178e-02,2.848949283361434937e-03,6.600342690944671631e-03
9.433587193489074707e-01,7.765890099108219147e-03,1.968679949641227722e-02,1.957188360393047333e-02,3.210840746760368347e-03,6.405906286090612411e-03
9.249334335327148438e-01,1.640635542571544647e-02,2.572119794785976410e-02,2.099741995334625244e-02,4.303038585931062698e-03,7.638593204319477081e-03
9.287308454513549805e-01,1.987997256219387054e-02,2.002560161054134369e-02,2.036079764366149902e-02,3.431594930589199066e-03,7.571182213723659515e-03
9.220174551010131836e-01,1.761434599757194519e-02,2.363000065088272095e-02,2.531943842768669128e-02,3.661877242848277092e-03,7.756878621876239777e-03
9.409055709838867188e-01,1.322617940604686737e-02,1.616751961410045624e-02,2.069441974163055420e-02,2.460073679685592651e-03,6.546141114085912704e-03
9.399248957633972168e-01,1.211773324757814407e-02,1.974730938673019409e-02,1.553032454103231430e-02,4.683300387114286423e-03,7.996560074388980865e-03
9.552718400955200195e-01,4.627518821507692337e-03,1.515770424157381058e-02,1.561774220317602158e-02,3.226159838959574699e-03,6.099046207964420319e-03
9.482900500297546387e-01,7.146779447793960571e-03,1.717771030962467194e-02,1.631237380206584930e-02,4.058685619384050369e-03,7.014375645667314529e-03
9.500411748886108398e-01,5.672161933034658432e-03,1.756176725029945374e-02,1.750114001333713531e-02,2.764174714684486389e-03,6.459499709308147430e-03
9.554272294044494629e-01,4.626400303095579147e-03,1.171781588345766068e-02,1.809729263186454773e-02,2.514615422114729881e-03,7.616700604557991028e-03
9.455940723419189453e-01,4.434497561305761337e-03,1.808587461709976196e-02,2.183450199663639069e-02,2.703485079109668732e-03,7.347716484218835831e-03
9.417304396629333496e-01,5.549473688006401062e-03,2.311171777546405792e-02,1.885674148797988892e-02,3.724472131580114365e-03,7.027254439890384674e-03
9.362131953239440918e-01,6.650798022747039795e-03,2.519163116812705994e-02,2.170416712760925293e-02,3.676560474559664726e-03,6.563529372215270996e-03
9.185920953750610352e-01,1.167581975460052490e-02,3.308849409222602844e-02,2.643522433936595917e-02,3.992279060184955597e-03,6.215987727046012878e-03
9.298332929611206055e-01,1.311937347054481506e-02,2.814233675599098206e-02,1.980002596974372864e-02,3.664457937702536583e-03,5.440598819404840469e-03
9.526282548904418945e-01,7.303179707378149033e-03,1.717754639685153961e-02,1.555863022804260254e-02,2.439236268401145935e-03,4.893266595900058746e-03
9.601571559906005859e-01,6.192347500473260880e-03,1.365424506366252899e-02,1.169300824403762817e-02,2.691664034500718117e-03,5.611618980765342712e-03
9.563722610473632812e-01,4.719549790024757385e-03,1.419952791184186935e-02,1.694807037711143494e-02,2.236960688605904579e-03,5.523709580302238464e-03
9.557226300239562988e-01,3.033564426004886627e-03,1.282994821667671204e-02,2.081273123621940613e-02,1.996529754251241684e-03,5.604612175375223160e-03
9.545707106590270996e-01,2.988140098750591278e-03,1.267666369676589966e-02,2.114039659500122070e-02,2.183371689170598984e-03,6.440857425332069397e-03
9.496680498123168945e-01,4.191770218312740326e-03,1.215342059731483459e-02,2.443895675241947174e-02,2.219974761828780174e-03,7.327782921493053436e-03
9.455451369285583496e-01,7.204500958323478699e-03,1.864462345838546753e-02,1.813620887696743011e-02,3.549661487340927124e-03,6.919827312231063843e-03
9.504445195198059082e-01,7.735162042081356049e-03,1.239380426704883575e-02,1.996666006743907928e-02,2.426212886348366737e-03,7.033607922494411469e-03
9.418087005615234375e-01,1.309056580066680908e-02,2.204321138560771942e-02,1.238741166889667511e-02,4.653903655707836151e-03,6.016095168888568878e-03
9.478482007980346680e-01,6.588778924196958542e-03,1.432432793080806732e-02,2.478624694049358368e-02,1.675729989074170589e-03,4.776718560606241226e-03
9.465603232383728027e-01,8.326466195285320282e-03,2.150475420057773590e-02,1.352282706648111343e-02,4.041386768221855164e-03,6.044219247996807098e-03
9.434636235237121582e-01,7.796073798090219498e-03,2.131915278732776642e-02,1.777317002415657043e-02,3.893799614161252975e-03,5.754201672971248627e-03
9.463220238685607910e-01,1.062017865478992462e-02,1.835354045033454895e-02,1.094082091003656387e-02,5.922806914895772934e-03,7.840684615075588226e-03
9.359050989151000977e-01,1.323656365275382996e-02,2.005002461373806000e-02,1.728202216327190399e-02,5.300617311149835587e-03,8.225775323808193207e-03
9.465429186820983887e-01,1.152966916561126709e-02,1.817227900028228760e-02,1.214435603469610214e-02,4.699734970927238464e-03,6.910966243594884872e-03
9.456224441528320312e-01,9.799514897167682648e-03,1.576373167335987091e-02,1.869882456958293915e-02,3.050921717658638954e-03,7.064565550535917282e-03
9.559103846549987793e-01,5.339575000107288361e-03,1.461264304816722870e-02,1.355651486665010452e-02,3.546206979081034660e-03,7.034560199826955795e-03
9.418101906776428223e-01,3.159587038680911064e-03,2.900722995400428772e-02,1.591815799474716187e-02,4.344454966485500336e-03,5.760487169027328491e-03
9.470048546791076660e-01,3.542979946359992027e-03,2.617904171347618103e-02,1.009481213986873627e-02,6.630673073232173920e-03,6.547660566866397858e-03
9.456258416175842285e-01,2.978415228426456451e-03,3.019864112138748169e-02,1.102038379758596420e-02,5.010975990444421768e-03,5.165822803974151611e-03
9.428772330284118652e-01,4.152150824666023254e-03,3.033229894936084747e-02,1.052638702094554901e-02,6.103365216404199600e-03,6.008526310324668884e-03
9.401884078979492188e-01,5.104040727019309998e-03,2.956940419971942902e-02,1.541988179087638855e-02,4.564761649817228317e-03,5.153473000973463058e-03
9.203501939773559570e-01,8.588241413235664368e-03,4.182881116867065430e-02,1.750299334526062012e-02,5.890729371458292007e-03,5.839151330292224884e-03
9.150429964065551758e-01,6.269948557019233704e-03,4.084791988134384155e-02,2.690117992460727692e-02,4.959714598953723907e-03,5.978360772132873535e-03
8.949226140975952148e-01,9.310453198850154877e-03,5.649130791425704956e-02,2.934560365974903107e-02,4.798640962690114975e-03,5.131507292389869690e-03
9.344977736473083496e-01,8.619626984000205994e-03,2.935496158897876740e-02,1.845482178032398224e-02,3.798996331170201302e-03,5.273872986435890198e-03
9.486471414566040039e-01,5.675953812897205353e-03,2.009633369743824005e-02,1.773748360574245453e-02,2.684897277504205704e-03,5.158144980669021606e-03
9.451590776443481445e-01,6.025692913681268692e-03,1.707488857209682465e-02,2.470708452165126801e-02,1.999549102038145065e-03,5.033757071942090988e-03
9.333110451698303223e-01,5.403161048889160156e-03,2.058773860335350037e-02,3.471327945590019226e-02,1.471113762818276882e-03,4.513694439083337784e-03
9.483932256698608398e-01,4.440404940396547318e-03,1.460900716483592987e-02,2.674931287765502930e-02,1.278776093386113644e-03,4.529210273176431656e-03
9.479696154594421387e-01,6.105880253016948700e-03,1.607163250446319580e-02,2.142289653420448303e-02,2.335005672648549080e-03,6.094864103943109512e-03
9.345826506614685059e-01,9.153160266578197479e-03,2.448976039886474609e-02,2.300534769892692566e-02,3.059799317270517349e-03,5.709197837859392166e-03
9.199404716491699219e-01,9.658553637564182281e-03,2.316876314580440521e-02,3.977121040225028992e-02,1.992783276364207268e-03,5.468272604048252106e-03
9.198897480964660645e-01,1.148203667253255844e-02,2.094998024404048920e-02,3.929488733410835266e-02,2.261286601424217224e-03,6.122012622654438019e-03
8.789384365081787109e-01,9.856954216957092285e-03,1.448482554405927658e-02,9.017683565616607666e-02,9.526842040941119194e-04,5.590317770838737488e-03
8.835273385047912598e-01,7.873951457440853119e-03,1.074815355241298676e-02,9.061074256896972656e-02,8.798615890555083752e-04,6.359888706356287003e-03
9.179373383522033691e-01,4.672049079090356827e-03,8.228490129113197327e-03,6.303752958774566650e-02,7.443148642778396606e-04,5.380260292440652847e-03
9.391678571701049805e-01,5.596300121396780014e-03,1.022557262331247330e-02,3.623609244823455811e-02,1.670295605435967445e-03,7.103930227458477020e-03
9.444536566734313965e-01,4.899157676845788956e-03,1.230957731604576111e-02,2.995722368359565735e-02,1.907091005705296993e-03,6.473352201282978058e-03
9.487677812576293945e-01,6.841594818979501724e-03,1.810844615101814270e-02,1.720002293586730957e-02,3.143622307106852531e-03,5.938584450632333755e-03
9.402024745941162109e-01,8.812498301267623901e-03,2.035731449723243713e-02,2.076249942183494568e-02,3.381202230229973793e-03,6.483846344053745270e-03
9.236557483673095703e-01,2.121464721858501434e-02,2.587326429784297943e-02,1.848323456943035126e-02,4.086247179657220840e-03,6.686914246529340744e-03
9.333434104919433594e-01,1.855867356061935425e-02,2.062711678445339203e-02,1.667451299726963043e-02,3.834252711385488510e-03,6.962030194699764252e-03
9.350597262382507324e-01,2.010602317750453949e-02,1.953596249222755432e-02,1.322107668966054916e-02,4.540328867733478546e-03,7.536853663623332977e-03
9.186612367630004883e-01,1.875105127692222595e-02,3.188411518931388855e-02,1.988241635262966156e-02,4.642710089683532715e-03,6.178466603159904480e-03
9.448783993721008301e-01,8.097124285995960236e-03,2.000660449266433716e-02,1.512090116739273071e-02,4.773082211613655090e-03,7.123906631022691727e-03
9.471968412399291992e-01,7.736975327134132385e-03,2.141744457185268402e-02,9.876660071313381195e-03,6.878679152578115463e-03,6.893455050885677338e-03
9.449263215065002441e-01,8.219337090849876404e-03,2.052213437855243683e-02,1.330673135817050934e-02,5.696407053619623184e-03,7.329105865210294724e-03
9.531134366989135742e-01,6.124044768512248993e-03,1.739248819649219513e-02,1.305050775408744812e-02,3.996710292994976044e-03,6.322855129837989807e-03
9.544445276260375977e-01,5.931360647082328796e-03,1.880729198455810547e-02,1.183649804443120956e-02,3.658230882138013840e-03,5.322075448930263519e-03
9.502007365226745605e-01,6.480027921497821808e-03,2.079857513308525085e-02,1.426450069993734360e-02,3.090869169682264328e-03,5.165220238268375397e-03
9.454683065414428711e-01,6.510870996862649918e-03,1.994869485497474670e-02,1.861304789781570435e-02,3.286545630544424057e-03,6.172516383230686188e-03
9.492887258529663086e-01,5.047409329563379288e-03,1.877764612436294556e-02,1.835879497230052948e-02,2.793430583551526070e-03,5.733964033424854279e-03
9.418694972991943359e-01,5.779934115707874298e-03,1.767621189355850220e-02,2.690832689404487610e-02,2.057378180325031281e-03,5.708661396056413651e-03
9.357072710990905762e-01,3.592714434489607811e-03,1.673293299973011017e-02,3.603170439600944519e-02,1.886570593342185020e-03,6.048747804015874863e-03
9.491829872131347656e-01,3.839849028736352921e-03,1.872178539633750916e-02,1.999815180897712708e-02,2.804422983899712563e-03,5.452812649309635162e-03
9.495614171028137207e-01,3.689798526465892792e-03,1.471097301691770554e-02,2.476397342979907990e-02,1.979850465431809425e-03,5.293937865644693375e-03
9.419715404510498047e-01,4.278339445590972900e-03,1.694359816610813141e-02,2.737217396497726440e-02,2.685796469449996948e-03,6.748627871274948120e-03
9.350770711898803711e-01,5.354295950382947922e-03,1.945532672107219696e-02,3.179818019270896912e-02,2.350537804886698723e-03,5.964493378996849060e-03
9.409728050231933594e-01,4.523245152086019516e-03,1.632206887006759644e-02,3.121189959347248077e-02,1.715753111056983471e-03,5.254131276160478592e-03
9.277369976043701172e-01,5.784989334642887115e-03,1.949890330433845520e-02,3.920602053403854370e-02,2.093354705721139908e-03,5.679834634065628052e-03
9.297302961349487305e-01,8.921840228140354156e-03,2.136647701263427734e-02,3.205655887722969055e-02,2.508028410375118256e-03,5.416814237833023071e-03
9.382655024528503418e-01,1.087740156799554825e-02,1.868377253413200378e-02,2.220805361866950989e-02,3.295742440968751907e-03,6.669469177722930908e-03
9.446290135383605957e-01,8.698517456650733948e-03,1.896298676729202271e-02,1.663110777735710144e-02,4.303559195250272751e-03,6.774802692234516144e-03
9.432848691940307617e-01,1.216741371899843216e-02,1.849940791726112366e-02,1.202548108994960785e-02,5.407785996794700623e-03,8.615121245384216309e-03
9.614592790603637695e-01,3.873334033414721489e-03,1.336466521024703979e-02,9.866503998637199402e-03,4.164176527410745621e-03,7.272138260304927826e-03
9.519670605659484863e-01,3.108245320618152618e-03,1.813875697553157806e-02,1.453129667788743973e-02,4.590527154505252838e-03,7.664176635444164276e-03
9.531417489051818848e-01,4.364724736660718918e-03,1.763881556689739227e-02,1.446306891739368439e-02,3.620725823566317558e-03,6.770967040210962296e-03
9.413501024246215820e-01,1.099668443202972412e-02,1.906985789537429810e-02,1.629835367202758789e-02,4.269187338650226593e-03,8.015871979296207428e-03
9.280015826225280762e-01,1.973260939121246338e-02,2.225883863866329193e-02,1.903939805924892426e-02,3.824902931228280067e-03,7.142721675336360931e-03
9.315314292907714844e-01,1.861123926937580109e-02,1.921807229518890381e-02,2.154461480677127838e-02,2.947392640635371208e-03,6.147230509668588638e-03
9.330044984817504883e-01,1.464848965406417847e-02,1.511537842452526093e-02,2.982023172080516815e-02,1.653035287745296955e-03,5.758339073508977890e-03
9.317085146903991699e-01,4.589348100125789642e-03,1.078311260789632797e-02,4.640904068946838379e-02,1.042006653733551502e-03,5.468006711453199387e-03
9.566745162010192871e-01,3.015507478266954422e-03,9.400546550750732422e-03,2.453230880200862885e-02,1.223011990077793598e-03,5.153958685696125031e-03
9.487169981002807617e-01,3.825152758508920670e-03,1.040503010153770447e-02,2.954548411071300507e-02,1.396776293404400349e-03,6.110551301389932632e-03
9.450206160545349121e-01,4.208611790090799332e-03,1.253268774598836899e-02,3.080955520272254944e-02,1.559296506457030773e-03,5.869327578693628311e-03
9.313310980796813965e-01,4.319296684116125107e-03,1.822536252439022064e-02,3.932704403996467590e-02,1.596353831700980663e-03,5.200889892876148224e-03
9.406825304031372070e-01,4.249312914907932281e-03,1.653752475976943970e-02,3.169353678822517395e-02,1.559858792461454868e-03,5.277120508253574371e-03
9.334773421287536621e-01,4.442763980478048325e-03,1.503433566540479660e-02,3.966157510876655579e-02,1.618084614165127277e-03,5.765962414443492889e-03
9.493103027343750000e-01,4.537523724138736725e-03,1.398546434938907623e-02,2.315696515142917633e-02,2.216465305536985397e-03,6.793287582695484161e-03
9.546089768409729004e-01,4.770152736455202103e-03,1.243897061794996262e-02,1.906648278236389160e-02,2.384776016697287560e-03,6.730677094310522079e-03
9.522722363471984863e-01,7.683904375880956650e-03,1.512223202735185623e-02,1.420277170836925507e-02,3.545466577634215355e-03,7.173390127718448639e-03
9.514511823654174805e-01,6.976103875786066055e-03,1.664856448769569397e-02,1.392417401075363159e-02,3.987710922956466675e-03,7.012276444584131241e-03
9.480594992637634277e-01,9.413946419954299927e-03,1.979635655879974365e-02,8.951528929173946381e-03,6.508166436105966568e-03,7.270496804267168045e-03
9.524660706520080566e-01,6.637300830334424973e-03,1.563890092074871063e-02,1.434940006583929062e-02,3.550839843228459358e-03,7.357448339462280273e-03
9.453868865966796875e-01,7.417546585202217102e-03,2.404839545488357544e-02,9.151776321232318878e-03,7.255929522216320038e-03,6.739494856446981430e-03
9.216836690902709961e-01,1.041177380830049515e-02,4.044429212808609009e-02,1.684152334928512573e-02,5.356897134333848953e-03,5.261784419417381287e-03
9.204680323600769043e-01,1.157567836344242096e-02,3.961759433150291443e-02,1.709689199924468994e-02,5.749157164245843887e-03,5.492708180099725723e-03
9.122321605682373047e-01,1.216413266956806183e-02,4.373975098133087158e-02,1.936346106231212616e-02,6.600550375878810883e-03,5.899946205317974091e-03
9.246754050254821777e-01,7.849455811083316803e-03,3.156886622309684753e-02,2.708842232823371887e-02,3.440964734181761742e-03,5.376900080591440201e-03
9.521670341491699219e-01,4.390858579427003860e-03,1.502325944602489471e-02,2.113294228911399841e-02,2.056663855910301208e-03,5.229120142757892609e-03
9.453654885292053223e-01,3.726474707946181297e-03,1.571980491280555725e-02,2.711931802332401276e-02,2.307606395334005356e-03,5.761282984167337418e-03
9.530993700027465820e-01,3.763644723221659660e-03,1.353794895112514496e-02,2.128326334059238434e-02,2.388711553066968918e-03,5.927174352109432220e-03
9.543667435646057129e-01,4.648996517062187195e-03,1.499241031706333160e-02,1.770772598683834076e-02,2.580681815743446350e-03,5.703492555767297745e-03
9.509765505790710449e-01,3.591917920857667923e-03,1.389595493674278259e-02,2.327179536223411560e-02,2.193010412156581879e-03,6.070696283131837845e-03
9.322636127471923828e-01,9.868776425719261169e-03,1.815975084900856018e-02,3.040762059390544891e-02,2.396515803411602974e-03,6.903835106641054153e-03
9.074091911315917969e-01,2.838763967156410217e-02,2.625292167067527771e-02,2.727667801082134247e-02,3.276057075709104538e-03,7.397389505058526993e-03
8.998036980628967285e-01,3.927963599562644958e-02,2.474727481603622437e-02,2.670375630259513855e-02,2.734709996730089188e-03,6.730839144438505173e-03
9.185039997100830078e-01,3.024744428694248199e-02,2.160628326237201691e-02,2.024554088711738586e-02,2.864953596144914627e-03,6.531754508614540100e-03
9.324566125869750977e-01,1.648926921188831329e-02,2.227306738495826721e-02,2.021648921072483063e-02,2.540132729336619377e-03,6.024391856044530869e-03
9.482317566871643066e-01,4.743648227304220200e-03,1.486144028604030609e-02,2.511188760399818420e-02,1.678815111517906189e-03,5.372526589781045914e-03
9.495038390159606934e-01,4.252806305885314941e-03,1.768343895673751831e-02,1.986966282129287720e-02,2.755316672846674919e-03,5.935154389590024948e-03
9.536505937576293945e-01,3.550204215571284294e-03,1.335993781685829163e-02,2.217875607311725616e-02,1.776916091330349445e-03,5.483645014464855194e-03
9.466274380683898926e-01,4.362919833511114120e-03,1.859059743583202362e-02,2.028548344969749451e-02,3.299209754914045334e-03,6.834436673671007156e-03
9.514603018760681152e-01,5.933314561843872070e-03,1.448515616357326508e-02,1.706761121749877930e-02,3.545565064996480942e-03,7.508016191422939301e-03
9.470428228378295898e-01,7.315175607800483704e-03,1.601245440542697906e-02,1.839263737201690674e-02,3.697738749906420708e-03,7.539194077253341675e-03
9.520437717437744141e-01,8.365458808839321136e-03,1.502140145748853683e-02,1.317889895290136337e-02,4.255809355527162552e-03,7.134657818824052811e-03
9.545199871063232422e-01,7.330796215683221817e-03,1.520581543445587158e-02,1.358846295624971390e-02,3.289841581135988235e-03,6.065221037715673447e-03
9.492673277854919434e-01,8.174327202141284943e-03,1.992337219417095184e-02,1.312650088220834732e-02,3.770052222535014153e-03,5.738444160670042038e-03
9.522200226783752441e-01,5.898019764572381973e-03,1.961669325828552246e-02,1.420991215854883194e-02,3.112527541816234589e-03,4.942707251757383347e-03
9.479724168777465820e-01,6.938428152352571487e-03,2.167475409805774689e-02,1.344420388340950012e-02,4.163319244980812073e-03,5.806860048323869705e-03
9.444770216941833496e-01,9.406871162354946136e-03,2.193951047956943512e-02,1.449750456959009171e-02,3.752316813915967941e-03,5.926895886659622192e-03
9.473609328269958496e-01,8.722829632461071014e-03,2.034106850624084473e-02,1.211439911276102066e-02,4.879801534116268158e-03,6.581044290214776993e-03
9.451478719711303711e-01,9.539625607430934906e-03,1.997059583663940430e-02,1.291815843433141708e-02,5.090823397040367126e-03,7.333079352974891663e-03
9.407410025596618652e-01,8.857926353812217712e-03,2.465154975652694702e-02,1.135021261870861053e-02,7.228921633213758469e-03,7.170531898736953735e-03
9.302005171775817871e-01,1.114047598093748093e-02,2.960236929357051849e-02,8.933484554290771484e-03,1.153677795082330704e-02,8.586284704506397247e-03
9.253071546554565430e-01,1.244456600397825241e-02,3.034476563334465027e-02,7.246069144457578659e-03,1.592785120010375977e-02,8.729681372642517090e-03
9.219393134117126465e-01,2.013784088194370270e-02,2.732815593481063843e-02,8.123285137116909027e-03,1.386391092091798782e-02,8.607443422079086304e-03
9.326033592224121094e-01,1.065900642424821854e-02,2.350222133100032806e-02,1.847358234226703644e-02,5.934639368206262589e-03,8.827167563140392303e-03
9.154939651489257812e-01,1.132443640381097794e-02,3.180357068777084351e-02,2.483098953962326050e-02,8.223571814596652985e-03,8.323465473949909210e-03
9.241163730621337891e-01,7.076390087604522705e-03,2.397194132208824158e-02,3.615804761648178101e-02,2.615681383758783340e-03,6.061644759029150009e-03
9.389644861221313477e-01,6.400140933692455292e-03,1.921599730849266052e-02,2.505917660892009735e-02,3.591206390410661697e-03,6.769104860723018646e-03
9.170944690704345703e-01,1.629342325031757355e-02,2.610161900520324707e-02,2.924038097262382507e-02,4.036799073219299316e-03,7.233304437249898911e-03
9.280261993408203125e-01,1.800715923309326172e-02,2.020922116935253143e-02,2.343865670263767242e-02,3.039790084585547447e-03,7.278938777744770050e-03
9.399914741516113281e-01,7.942255586385726929e-03,2.210311219096183777e-02,2.131617628037929535e-02,3.014282789081335068e-03,5.632694810628890991e-03
9.438926577568054199e-01,9.466136805713176727e-03,2.287876419723033905e-02,1.203161198645830154e-02,5.005403887480497360e-03,6.725455168634653091e-03
9.437634944915771484e-01,6.120940204709768295e-03,2.343007363379001617e-02,1.693637482821941376e-02,3.654063912108540535e-03,6.095129530876874924e-03
9.402559399604797363e-01,3.587388899177312851e-03,2.428335696458816528e-02,2.337935566902160645e-02,3.247123211622238159e-03,5.246799904853105545e-03
9.344670772552490234e-01,6.815666798502206802e-03,2.838862687349319458e-02,2.104785293340682983e-02,3.582217264920473099e-03,5.698624998331069946e-03
9.324900507926940918e-01,7.770349737256765366e-03,2.529673837125301361e-02,2.425040304660797119e-02,3.686348209157586098e-03,6.506183184683322906e-03
9.240015149116516113e-01,1.271714363247156143e-02,3.471739962697029114e-02,1.551895868033170700e-02,6.127769127488136292e-03,6.917270831763744354e-03
9.297055602073669434e-01,1.398255769163370132e-02,2.815640717744827271e-02,1.589305140078067780e-02,5.328249651938676834e-03,6.934206932783126831e-03
9.170349240303039551e-01,1.078262366354465485e-02,3.219895064830780029e-02,3.206252306699752808e-02,2.834400860592722893e-03,5.086564924567937851e-03
9.120752811431884766e-01,8.622981607913970947e-03,3.960330411791801453e-02,3.125325217843055725e-02,3.364350646734237671e-03,5.080892238765954971e-03
9.266882538795471191e-01,6.760097574442625046e-03,3.400978818535804749e-02,2.377188578248023987e-02,3.513453062623739243e-03,5.256518721580505371e-03
9.232797622680664062e-01,6.702799815684556961e-03,3.078559041023254395e-02,2.774536982178688049e-02,4.264768678694963455e-03,7.221792358905076981e-03
9.217497706413269043e-01,7.544070482254028320e-03,3.657031431794166565e-02,2.154210396111011505e-02,5.536091979593038559e-03,7.057527545839548111e-03
9.428158402442932129e-01,6.963619031012058258e-03,2.175544388592243195e-02,1.779975928366184235e-02,3.820857033133506775e-03,6.844356656074523926e-03
9.492086768150329590e-01,6.236884277313947678e-03,1.497184205800294876e-02,2.010107599198818207e-02,2.827740507200360298e-03,6.653802469372749329e-03
9.546738266944885254e-01,7.473312783986330032e-03,1.602746732532978058e-02,1.336706802248954773e-02,2.958423225209116936e-03,5.500024650245904922e-03
9.476925730705261230e-01,8.287646807730197906e-03,2.063628658652305603e-02,1.332484837621450424e-02,4.019010346382856369e-03,6.039644125849008560e-03
9.432199001312255859e-01,9.470419958233833313e-03,2.469916641712188721e-02,1.203236728906631470e-02,4.749263636767864227e-03,5.828863941133022308e-03
9.376461505889892578e-01,9.232597425580024719e-03,2.660686336457729340e-02,1.393852010369300842e-02,5.643921904265880585e-03,6.932047195732593536e-03
9.440632462501525879e-01,7.427045144140720367e-03,2.161708287894725800e-02,9.423958137631416321e-03,8.511990308761596680e-03,8.956645615398883820e-03
9.251214265823364258e-01,9.875576943159103394e-03,2.854002825915813446e-02,7.705003954470157623e-03,1.672995090484619141e-02,1.202793326228857040e-02
9.306100010871887207e-01,1.009666733443737030e-02,2.310069277882575989e-02,1.024009753018617630e-02,1.398421265184879303e-02,1.196834258735179901e-02
9.305654168128967285e-01,1.476105954498052597e-02,2.057083509862422943e-02,7.841491140425205231e-03,1.363747380673885345e-02,1.262388844043016434e-02
9.372156858444213867e-01,1.498702168464660645e-02,1.714681461453437805e-02,1.404930092394351959e-02,6.658379919826984406e-03,9.942855685949325562e-03
9.469412565231323242e-01,1.515496801584959030e-02,1.376762893050909042e-02,1.471526082605123520e-02,2.761714858934283257e-03,6.659221835434436798e-03
9.486032128334045410e-01,1.331546902656555176e-02,1.269995514303445816e-02,1.685277745127677917e-02,2.187341451644897461e-03,6.341353524476289749e-03
9.489122033119201660e-01,7.209723815321922302e-03,1.660884916782379150e-02,2.137684635818004608e-02,1.522287027910351753e-03,4.370108246803283691e-03
9.236455559730529785e-01,8.639837615191936493e-03,2.937505394220352173e-02,3.098086453974246979e-02,2.366251312196254730e-03,4.992525558918714523e-03
9.420160055160522461e-01,8.309924043715000153e-03,2.535066753625869751e-02,1.587697491049766541e-02,3.184485249221324921e-03,5.261852405965328217e-03
9.364757537841796875e-01,6.994600873440504074e-03,3.092772327363491058e-02,1.337620429694652557e-02,6.005089730024337769e-03,6.220699753612279892e-03
9.227434396743774414e-01,1.080009993165731430e-02,3.193109482526779175e-02,2.244629710912704468e-02,5.139595828950405121e-03,6.939437706023454666e-03
9.290741086006164551e-01,1.208661776036024094e-02,2.586275897920131683e-02,2.078709937632083893e-02,5.130139179527759552e-03,7.059302646666765213e-03
9.235988855361938477e-01,1.521004457026720047e-02,2.492768131196498871e-02,2.577473409473896027e-02,3.981660120189189911e-03,6.506874691694974899e-03
9.161864519119262695e-01,1.154489256441593170e-02,2.611415088176727295e-02,3.835172578692436218e-02,2.332769799977540970e-03,5.469956435263156891e-03
9.295783638954162598e-01,9.021311998367309570e-03,3.345644101500511169e-02,2.017191238701343536e-02,3.411717247217893600e-03,4.360341466963291168e-03
9.306297302246093750e-01,5.779162980616092682e-03,2.783839777112007141e-02,2.876103296875953674e-02,2.582806628197431564e-03,4.408801440149545670e-03
9.271504878997802734e-01,7.408503908663988113e-03,3.664859011769294739e-02,1.993121206760406494e-02,3.978693392127752304e-03,4.882560577243566513e-03
9.303184747695922852e-01,5.480029154568910599e-03,2.865227125585079193e-02,2.688449434936046600e-02,3.231697250157594681e-03,5.433109588921070099e-03
9.489795565605163574e-01,7.839986123144626617e-03,1.748879626393318176e-02,1.568809337913990021e-02,3.544258419424295425e-03,6.459334399551153183e-03
9.565814137458801270e-01,6.769319064915180206e-03,1.512463670223951340e-02,1.129121333360671997e-02,3.685701172798871994e-03,6.547678727656602859e-03
9.573478102684020996e-01,6.649900227785110474e-03,1.535230409353971481e-02,8.428601548075675964e-03,5.076002795249223709e-03,7.145355921238660812e-03
9.631483554840087891e-01,4.184625111520290375e-03,1.019244547933340073e-02,1.342483889311552048e-02,2.366238506510853767e-03,6.683483254164457321e-03
9.504255652427673340e-01,4.613061435520648956e-03,1.762892119586467743e-02,1.822414249181747437e-02,2.840374363586306572e-03,6.267893128097057343e-03
9.391286373138427734e-01,4.980734549462795258e-03,2.397525683045387268e-02,2.296606823801994324e-02,2.974220318719744682e-03,5.974906496703624725e-03
9.422037601470947266e-01,4.928794689476490021e-03,1.980653591454029083e-02,2.487326413393020630e-02,2.587072551250457764e-03,5.600553005933761597e-03
9.228505492210388184e-01,8.612956851720809937e-03,3.439771384000778198e-02,2.367062866687774658e-02,4.365104716271162033e-03,6.103195715695619583e-03
9.475041031837463379e-01,4.633366595953702927e-03,1.504179369658231735e-02,2.593718469142913818e-02,1.774805481545627117e-03,5.108691286295652390e-03
9.444525837898254395e-01,3.528558881953358650e-03,1.145878247916698456e-02,3.393538668751716614e-02,1.287488732486963272e-03,5.337167531251907349e-03
9.481194019317626953e-01,3.630847437307238579e-03,1.194143760949373245e-02,2.883918583393096924e-02,1.643132767640054226e-03,5.826127715408802032e-03
9.451292157173156738e-01,4.203401040285825729e-03,1.326121482998132706e-02,2.859924733638763428e-02,2.021150896325707436e-03,6.785633973777294159e-03
9.431512355804443359e-01,2.471850253641605377e-03,8.564698509871959686e-03,3.952964022755622864e-02,9.520240128040313721e-04,5.330578424036502838e-03
9.435564875602722168e-01,3.888953477144241333e-03,1.329278945922851562e-02,3.186831995844841003e-02,1.578434370458126068e-03,5.814973264932632446e-03
9.243018031120300293e-01,7.549882866442203522e-03,2.199552394449710846e-02,3.851581737399101257e-02,1.957847038283944130e-03,5.679107271134853363e-03
9.113634824752807617e-01,1.027587708085775375e-02,4.238695651292800903e-02,2.871552854776382446e-02,2.809021854773163795e-03,4.449032247066497803e-03
9.085563421249389648e-01,1.388508360832929611e-02,5.227839574217796326e-02,1.748537831008434296e-02,3.773437812924385071e-03,4.021295346319675446e-03
9.189464449882507324e-01,1.051647868007421494e-02,4.862398281693458557e-02,1.426586043089628220e-02,3.634168766438961029e-03,4.013033118098974228e-03
9.301794767379760742e-01,7.275684736669063568e-03,3.526436537504196167e-02,1.970964483916759491e-02,2.959524281322956085e-03,4.611206240952014923e-03
9.331172108650207520e-01,6.960157305002212524e-03,3.682110831141471863e-02,1.528628077358007431e-02,3.368467092514038086e-03,4.446822218596935272e-03
9.503014087677001953e-01,4.818626213818788528e-03,2.320966124534606934e-02,1.282536797225475311e-02,3.400566056370735168e-03,5.444209557026624680e-03
9.428052902221679688e-01,6.824212148785591125e-03,2.725368924438953400e-02,1.091331057250499725e-02,5.773250944912433624e-03,6.430403329432010651e-03
9.521030783653259277e-01,7.185996975749731064e-03,2.109798043966293335e-02,9.777998551726341248e-03,3.997587133198976517e-03,5.837393458932638168e-03
9.604377150535583496e-01,5.064156372100114822e-03,1.336755603551864624e-02,1.053064968436956406e-02,3.640478476881980896e-03,6.959537044167518616e-03
9.593639969825744629e-01,5.653703585267066956e-03,1.402784977108240128e-02,7.651321124285459518e-03,5.802884697914123535e-03,7.500161416828632355e-03
9.636451601982116699e-01,3.801425686106085777e-03,1.221000589430332184e-02,9.013260714709758759e-03,4.277817439287900925e-03,7.052367087453603745e-03
9.672173261642456055e-01,3.955703694373369217e-03,1.143063139170408249e-02,5.549416877329349518e-03,4.900964442640542984e-03,6.945893634110689163e-03
9.571871161460876465e-01,6.585439201444387436e-03,1.623051241040229797e-02,6.215475033968687057e-03,6.720396224409341812e-03,7.061039097607135773e-03
9.591068029403686523e-01,5.569852422922849655e-03,1.684934087097644806e-02,6.113850045949220657e-03,5.949354264885187149e-03,6.410829722881317139e-03
9.355931878089904785e-01,7.229999639093875885e-03,3.683641552925109863e-02,8.120492100715637207e-03,7.007609587162733078e-03,5.212333519011735916e-03
9.151540994644165039e-01,8.910495787858963013e-03,4.917948320508003235e-02,1.361640635877847672e-02,7.699893787503242493e-03,5.439492408186197281e-03
9.068968296051025391e-01,1.237323321402072906e-02,5.626581236720085144e-02,9.554507210850715637e-03,9.896415285766124725e-03,5.013193003833293915e-03
9.223002195358276367e-01,8.139111101627349854e-03,4.390098527073860168e-02,1.492832973599433899e-02,5.907845217734575272e-03,4.823491442948579788e-03
9.413843154907226562e-01,7.635283283889293671e-03,2.075643651187419891e-02,2.169759199023246765e-02,3.074184292927384377e-03,5.452228244394063950e-03
9.231434464454650879e-01,4.273439291864633560e-03,2.283321693539619446e-02,4.343331232666969299e-02,1.545450184494256973e-03,4.770940635353326797e-03
9.263532757759094238e-01,4.438579082489013672e-03,2.689298242330551147e-02,3.263540938496589661e-02,3.515133168548345566e-03,6.164593156427145004e-03
9.162776470184326172e-01,4.827757366001605988e-03,3.565553203225135803e-02,3.287967294454574585e-02,4.546272568404674530e-03,5.812933668494224548e-03
9.192246794700622559e-01,1.019478682428598404e-02,3.890821710228919983e-02,1.455579139292240143e-02,9.932834655046463013e-03,7.183891255408525467e-03
9.030203223228454590e-01,1.537989638745784760e-02,4.920124635100364685e-02,1.419700216501951218e-02,1.142804976552724838e-02,6.773404311388731003e-03
9.323382377624511719e-01,1.526078674942255020e-02,2.795683220028877258e-02,1.306532882153987885e-02,5.313939414918422699e-03,6.064847577363252640e-03
9.309068918228149414e-01,7.275579031556844711e-03,2.948377467691898346e-02,2.470118738710880280e-02,2.801755908876657486e-03,4.830704070627689362e-03
9.059548377990722656e-01,1.241192407906055450e-02,3.605035692453384399e-02,3.607726842164993286e-02,3.545662621036171913e-03,5.959982052445411682e-03
8.697744011878967285e-01,5.529608111828565598e-03,3.569106012582778931e-02,8.251556009054183960e-02,1.690275385044515133e-03,4.799064248800277710e-03
9.057441949844360352e-01,4.609477240592241287e-03,2.859596535563468933e-02,5.402287840843200684e-02,2.052565570920705795e-03,4.974974785000085831e-03
8.936108350753784180e-01,3.868807107210159302e-03,2.546197921037673950e-02,7.093239575624465942e-02,1.405587652698159218e-03,4.720263183116912842e-03
8.988282084465026855e-01,7.992101833224296570e-03,3.912507742643356323e-02,4.630137979984283447e-02,2.668764907866716385e-03,5.084470845758914948e-03
9.208764433860778809e-01,1.025971956551074982e-02,3.638275340199470520e-02,2.087201736867427826e-02,5.201123654842376709e-03,6.407898850739002228e-03
8.876947760581970215e-01,1.727426797151565552e-02,5.812776461243629456e-02,2.666599117219448090e-02,4.904163070023059845e-03,5.333086010068655014e-03
9.024728536605834961e-01,1.799582690000534058e-02,4.480902105569839478e-02,2.566491998732089996e-02,4.013511817902326584e-03,5.043867975473403931e-03
9.315634965896606445e-01,1.619408279657363892e-02,2.662910893559455872e-02,1.663951575756072998e-02,3.492063842713832855e-03,5.481583531945943832e-03
9.482038617134094238e-01,9.699707850813865662e-03,1.647528633475303650e-02,1.784374378621578217e-02,2.347858855500817299e-03,5.429476033896207809e-03
9.576640129089355469e-01,4.490441642701625824e-03,1.276232674717903137e-02,1.793685927987098694e-02,1.827394589781761169e-03,5.318982526659965515e-03
9.469898939132690430e-01,5.531798116862773895e-03,2.022130042314529419e-02,1.734361611306667328e-02,3.571871435269713402e-03,6.341463420540094376e-03
9.329751133918762207e-01,4.776456393301486969e-03,2.308069914579391479e-02,3.092416562139987946e-02,2.415672410279512405e-03,5.827914457768201828e-03
9.407666921615600586e-01,6.646645721048116684e-03,2.418309636414051056e-02,1.617646217346191406e-02,5.231034010648727417e-03,6.996039301156997681e-03
9.321079254150390625e-01,7.664221804589033127e-03,2.917884662747383118e-02,1.880319230258464813e-02,5.615947302430868149e-03,6.629968993365764618e-03
9.426383972167968750e-01,7.758229039609432220e-03,2.291389182209968567e-02,1.610856503248214722e-02,4.113053902983665466e-03,6.467950530350208282e-03
9.446855187416076660e-01,6.209091283380985260e-03,2.124358899891376495e-02,1.793326064944267273e-02,3.714373800903558731e-03,6.214067805558443069e-03
9.179569482803344727e-01,4.472932778298854828e-03,4.055609554052352905e-02,3.015736863017082214e-02,2.631784416735172272e-03,4.224963951855897903e-03
8.736336827278137207e-01,7.284482009708881378e-03,7.074951380491256714e-02,4.105316847562789917e-02,2.988664666190743446e-03,4.290583543479442596e-03
8.961438536643981934e-01,5.274130031466484070e-03,4.706141725182533264e-02,4.377104714512825012e-02,2.707796636968851089e-03,5.041732452809810638e-03
9.060899615287780762e-01,5.568340420722961426e-03,5.096595734357833862e-02,2.889535576105117798e-02,3.619190538302063942e-03,4.861181136220693588e-03
9.149307012557983398e-01,5.210470873862504959e-03,3.731125593185424805e-02,3.346278145909309387e-02,3.259718418121337891e-03,5.825045052915811539e-03
9.456005692481994629e-01,3.434252459555864334e-03,1.374499034136533737e-02,3.009976819157600403e-02,1.740866689942777157e-03,5.379513371735811234e-03
9.548820257186889648e-01,2.664592815563082695e-03,1.125352364033460617e-02,2.455342747271060944e-02,1.476512756198644638e-03,5.169967655092477798e-03
9.466060400009155273e-01,3.824841696768999100e-03,1.328623108565807343e-02,2.986607514321804047e-02,1.449909410439431667e-03,4.966821055859327316e-03
9.581826925277709961e-01,2.734482986852526665e-03,1.032148953527212143e-02,2.259893529117107391e-02,1.303370576351881027e-03,4.858846310526132584e-03
9.497594833374023438e-01,5.016700364649295807e-03,1.549001690000295639e-02,2.163527905941009521e-02,2.410450484603643417e-03,5.688169971108436584e-03
9.561459422111511230e-01,5.728237796574831009e-03,1.669873856008052826e-02,1.290162559598684311e-02,3.097492968663573265e-03,5.427888128906488419e-03
9.331738948822021484e-01,8.528061211109161377e-03,2.805636078119277954e-02,2.028472535312175751e-02,4.064740613102912903e-03,5.892206914722919464e-03
9.478608369827270508e-01,7.491034455597400665e-03,2.252935245633125305e-02,9.907403029501438141e-03,5.763635970652103424e-03,6.447736639529466629e-03
9.259954690933227539e-01,1.329370867460966110e-02,3.410523012280464172e-02,1.244492456316947937e-02,7.263630162924528122e-03,6.897024344652891159e-03
9.385445713996887207e-01,9.746651165187358856e-03,2.444888837635517120e-02,1.685122400522232056e-02,3.902374301105737686e-03,6.506463512778282166e-03
9.367047548294067383e-01,1.064208801835775375e-02,2.475445717573165894e-02,1.207265537232160568e-02,7.333329878747463226e-03,8.492760360240936279e-03
9.383056163787841797e-01,1.077708788216114044e-02,2.504654973745346069e-02,1.201494410634040833e-02,6.219352595508098602e-03,7.636446040123701096e-03
9.504435658454895020e-01,5.749665200710296631e-03,1.601324975490570068e-02,1.660053431987762451e-02,3.755966434255242348e-03,7.437058258801698685e-03
9.429361224174499512e-01,7.528234738856554031e-03,1.704049669206142426e-02,2.065302431583404541e-02,3.806177992373704910e-03,8.035804145038127899e-03
9.314059615135192871e-01,1.368865184485912323e-02,2.327060699462890625e-02,2.150055579841136932e-02,3.774031065404415131e-03,6.360322237014770508e-03
9.411451220512390137e-01,1.328001543879508972e-02,1.397755835205316544e-02,2.340092323720455170e-02,1.953232102096080780e-03,6.243146490305662155e-03
9.411761760711669922e-01,1.278966572135686874e-02,1.900820620357990265e-02,1.813840493559837341e-02,2.887697890400886536e-03,5.999863147735595703e-03
9.124087095260620117e-01,1.733015105128288269e-02,3.924893587827682495e-02,2.084026671946048737e-02,4.304497502744197845e-03,5.867502186447381973e-03
9.136586785316467285e-01,1.166053395718336105e-02,4.422566667199134827e-02,2.105301246047019958e-02,4.160718061029911041e-03,5.241353530436754227e-03
9.283891916275024414e-01,6.849861703813076019e-03,3.298380970954895020e-02,2.258530072867870331e-02,3.633402287960052490e-03,5.558567121624946594e-03
9.238775968551635742e-01,8.038615807890892029e-03,4.052007943391799927e-02,1.766068302094936371e-02,4.625200293958187103e-03,5.277728196233510971e-03
9.277608990669250488e-01,8.713868446648120880e-03,3.501379489898681641e-02,1.472118310630321503e-02,7.109923288226127625e-03,6.680269725620746613e-03
9.382919669151306152e-01,7.222679443657398224e-03,2.482218667864799500e-02,1.771300844848155975e-02,5.125497002154588699e-03,6.824562326073646545e-03
9.313427805900573730e-01,1.021608617156744003e-02,3.024659119546413422e-02,1.430147513747215271e-02,7.083924021571874619e-03,6.809301674365997314e-03
9.444714188575744629e-01,6.074220407754182816e-03,2.243149280548095703e-02,1.649710536003112793e-02,4.499055910855531693e-03,6.026666145771741867e-03
9.458292722702026367e-01,8.480420336127281189e-03,2.056756429374217987e-02,1.373128592967987061e-02,4.542966373264789581e-03,6.848555523902177811e-03
9.407037496566772461e-01,6.519563496112823486e-03,2.422601170837879181e-02,1.352003030478954315e-02,6.712204311043024063e-03,8.318624459207057953e-03
9.296522140502929688e-01,1.113009825348854065e-02,2.622071281075477600e-02,1.490490045398473740e-02,7.777574006468057632e-03,1.031442265957593918e-02
9.404139518737792969e-01,7.504769135266542435e-03,2.252223156392574310e-02,1.396284997463226318e-02,6.344446912407875061e-03,9.251862764358520508e-03
9.394344687461853027e-01,5.612754728645086288e-03,2.372186817228794098e-02,1.445597782731056213e-02,7.205140311270952225e-03,9.569631889462471008e-03
9.384632110595703125e-01,5.184984765946865082e-03,2.292772196233272552e-02,1.363959722220897675e-02,8.111868053674697876e-03,1.167267654091119766e-02
9.476838111877441406e-01,5.778276361525058746e-03,1.715341582894325256e-02,1.234976295381784439e-02,6.163817830383777618e-03,1.087094284594058990e-02
9.429785609245300293e-01,7.142839487642049789e-03,2.157367393374443054e-02,9.736581705510616302e-03,8.377163670957088470e-03,1.019129436463117599e-02
9.387705922126770020e-01,9.652497246861457825e-03,2.277946099638938904e-02,1.203346345573663712e-02,6.653585936874151230e-03,1.011041179299354553e-02
9.409459233283996582e-01,6.786139216274023056e-03,1.758939586579799652e-02,2.549077197909355164e-02,2.553079277276992798e-03,6.634696852415800095e-03
9.195772409439086914e-01,6.953779142349958420e-03,3.155746310949325562e-02,3.396795317530632019e-02,2.388810971751809120e-03,5.554784554988145828e-03
9.383698701858520508e-01,6.540944799780845642e-03,2.227567508816719055e-02,2.355466783046722412e-02,2.894792007282376289e-03,6.364082917571067810e-03
9.399728178977966309e-01,4.809099715203046799e-03,2.380188368260860443e-02,2.352796681225299835e-02,2.496422734111547470e-03,5.391764454543590546e-03
9.481056332588195801e-01,5.453362129628658295e-03,2.107473462820053101e-02,1.361587736755609512e-02,4.921620711684226990e-03,6.828857120126485825e-03
9.530004262924194336e-01,4.918606486171483994e-03,1.409980747848749161e-02,1.766270585358142853e-02,3.346507437527179718e-03,6.971910595893859863e-03
9.541447758674621582e-01,5.037657916545867920e-03,1.214244030416011810e-02,1.967171765863895416e-02,2.371079986914992332e-03,6.632390432059764862e-03
9.422841072082519531e-01,6.389599759131669998e-03,1.296165212988853455e-02,3.119390271604061127e-02,1.526364823803305626e-03,5.644395016133785248e-03
9.393425583839416504e-01,8.090768009424209595e-03,1.758756674826145172e-02,2.799227088689804077e-02,1.836933661252260208e-03,5.149975884705781937e-03
9.376640319824218750e-01,6.990591064095497131e-03,1.745088957250118256e-02,3.143569454550743103e-02,1.495024887844920158e-03,4.963661078363656998e-03
9.461317062377929688e-01,4.946933127939701080e-03,1.530572120100259781e-02,2.722087875008583069e-02,1.488459180109202862e-03,4.906243178993463516e-03
9.408277273178100586e-01,3.758327104151248932e-03,1.725452952086925507e-02,3.124096430838108063e-02,1.591428881511092186e-03,5.327071994543075562e-03
9.461403489112854004e-01,3.811458591371774673e-03,1.296287588775157928e-02,2.859204635024070740e-02,1.858033938333392143e-03,6.635087076574563980e-03
9.458361864089965820e-01,4.941774066537618637e-03,1.285501848906278610e-02,2.797451987862586975e-02,1.992519246414303780e-03,6.399880629032850266e-03
9.494057297706604004e-01,5.291492678225040436e-03,8.335549384355545044e-03,2.977717667818069458e-02,1.314268680289387703e-03,5.875879433006048203e-03
9.221224784851074219e-01,4.995347000658512115e-03,8.968655951321125031e-03,5.618366226553916931e-02,1.183606917038559914e-03,6.546414457261562347e-03
9.356318712234497070e-01,4.316185601055622101e-03,6.707662250846624374e-03,4.707336053252220154e-02,7.461847853846848011e-04,5.524720065295696259e-03
9.064458608627319336e-01,3.572633955627679825e-03,8.961033076047897339e-03,7.565181702375411987e-02,6.700717494823038578e-04,4.698548931628465652e-03
9.287850260734558105e-01,2.851199358701705933e-03,6.132346112281084061e-03,5.718848854303359985e-02,5.541256978176534176e-04,4.488869570195674896e-03
9.204104542732238770e-01,3.509663045406341553e-03,1.163253095000982285e-02,5.875738710165023804e-02,8.806306286714971066e-04,4.809320904314517975e-03
9.463760256767272949e-01,4.347773734480142593e-03,8.992002345621585846e-03,3.394569084048271179e-02,1.104871858842670918e-03,5.233664065599441528e-03
9.401738643646240234e-01,5.466328468173742294e-03,1.472378056496381760e-02,3.228818625211715698e-02,1.698598614893853664e-03,5.649293307214975357e-03
9.483079910278320312e-01,8.621457032859325409e-03,1.779910735785961151e-02,1.336738187819719315e-02,4.551365971565246582e-03,7.352740038186311722e-03
9.419292211532592773e-01,9.069447405636310577e-03,2.290383726358413696e-02,1.129593048244714737e-02,6.837108172476291656e-03,7.964516058564186096e-03
9.331912994384765625e-01,1.213050447404384613e-02,2.779887430369853973e-02,9.731459431350231171e-03,9.260257706046104431e-03,7.887494750320911407e-03
9.334083199501037598e-01,1.258928794413805008e-02,2.541378699243068695e-02,1.445966027677059174e-02,6.579791661351919174e-03,7.549061439931392670e-03
9.412453174591064453e-01,8.542872034013271332e-03,2.414754405617713928e-02,1.510665193200111389e-02,4.804098978638648987e-03,6.153543479740619659e-03
9.493778944015502930e-01,6.819844245910644531e-03,1.616573333740234375e-02,1.825913786888122559e-02,2.916041994467377663e-03,6.461398210376501083e-03
9.495431780815124512e-01,3.945035859942436218e-03,1.235939934849739075e-02,2.563755586743354797e-02,1.895442954264581203e-03,6.619475781917572021e-03
9.475417733192443848e-01,3.081073751673102379e-03,1.029916480183601379e-02,3.110070526599884033e-02,1.435794401913881302e-03,6.541477050632238388e-03
9.411826729774475098e-01,3.111645579338073730e-03,1.108031161129474640e-02,3.711274638772010803e-02,1.340313698165118694e-03,6.172196939587593079e-03
9.471675157546997070e-01,4.743211437016725540e-03,1.403992716223001480e-02,2.646096050739288330e-02,1.830808585509657860e-03,5.757602397352457047e-03
9.448444843292236328e-01,3.922212403267621994e-03,2.043098211288452148e-02,2.336622029542922974e-02,2.268523210659623146e-03,5.167548079043626785e-03
9.336757659912109375e-01,6.940437480807304382e-03,2.324772067368030548e-02,2.762626856565475464e-02,2.579405903816223145e-03,5.930452607572078705e-03
9.238898158073425293e-01,1.422513835132122040e-02,3.382399305701255798e-02,1.777315139770507812e-02,4.480832256376743317e-03,5.807216744869947433e-03
9.223895072937011719e-01,1.421212591230869293e-02,3.189896792173385620e-02,2.267408557236194611e-02,3.263241378590464592e-03,5.562041420489549637e-03
9.023879170417785645e-01,2.487057261168956757e-02,3.047257289290428162e-02,3.279392421245574951e-02,3.216142533347010612e-03,6.258940324187278748e-03
9.302999973297119141e-01,1.541956048458814621e-02,1.885700412094593048e-02,2.664063684642314911e-02,2.418862888589501381e-03,6.364006549119949341e-03
9.227895140647888184e-01,1.119957119226455688e-02,1.772056333720684052e-02,4.067221656441688538e-02,1.790928305126726627e-03,5.827235523611307144e-03
9.423961043357849121e-01,4.968664608895778656e-03,1.100040785968303680e-02,3.430523350834846497e-02,1.376590109430253506e-03,5.952875129878520966e-03
9.402529001235961914e-01,5.798615980893373489e-03,1.396790985018014908e-02,3.136797994375228882e-02,2.004286274313926697e-03,6.608328782021999359e-03
9.416815042495727539e-01,6.140885408967733383e-03,1.820369437336921692e-02,2.309171296656131744e-02,3.365494078025221825e-03,7.516579702496528625e-03
9.302321076393127441e-01,7.596932351589202881e-03,3.532532602548599243e-02,1.694244146347045898e-02,4.373423289507627487e-03,5.529898684471845627e-03
9.407951831817626953e-01,9.304669685661792755e-03,2.738467231392860413e-02,8.893115445971488953e-03,7.120261900126934052e-03,6.501954048871994019e-03
9.328012466430664062e-01,8.868508972227573395e-03,3.529972955584526062e-02,1.319425739347934723e-02,4.944375250488519669e-03,4.891891032457351685e-03
9.238944649696350098e-01,1.225307770073413849e-02,3.597493469715118408e-02,1.778373494744300842e-02,4.804796539247035980e-03,5.288871470838785172e-03
9.418397545814514160e-01,6.205965764820575714e-03,2.453438192605972290e-02,2.000830136239528656e-02,2.645658561959862709e-03,4.765972029417753220e-03
9.341333508491516113e-01,3.771983552724123001e-03,2.311483398079872131e-02,3.319578245282173157e-02,1.573226065374910831e-03,4.210912622511386871e-03
9.429150819778442383e-01,3.569000400602817535e-03,2.543019875884056091e-02,2.176377922296524048e-02,2.253216924145817757e-03,4.068722017109394073e-03
9.474806189537048340e-01,3.512033028528094292e-03,2.132076770067214966e-02,1.956842839717864990e-02,2.560895867645740509e-03,5.557262338697910309e-03
9.520918726921081543e-01,3.312899731099605560e-03,1.716729439795017242e-02,1.842193678021430969e-02,3.069539554417133331e-03,5.936511326581239700e-03
9.585985541343688965e-01,3.494108328595757484e-03,1.576746068894863129e-02,8.217864669859409332e-03,6.188510451465845108e-03,7.733409758657217026e-03
9.547412991523742676e-01,4.358172416687011719e-03,1.393258571624755859e-02,9.968989528715610504e-03,7.314522285014390945e-03,9.684508666396141052e-03
9.555620551109313965e-01,6.394156720489263535e-03,1.504217833280563354e-02,8.619427680969238281e-03,6.154733244329690933e-03,8.227436803281307220e-03
9.447733759880065918e-01,1.033418625593185425e-02,1.923422701656818390e-02,9.943788871169090271e-03,7.549116387963294983e-03,8.165297098457813263e-03
9.481337666511535645e-01,8.671558462083339691e-03,1.783527433872222900e-02,1.378805655986070633e-02,4.476789850741624832e-03,7.094542961567640305e-03
9.445270299911499023e-01,8.828943595290184021e-03,1.951443776488304138e-02,1.720338687300682068e-02,3.402853384613990784e-03,6.523342337459325790e-03
9.265721440315246582e-01,1.208340656012296677e-02,2.510065957903862000e-02,2.635629847645759583e-02,3.402812173590064049e-03,6.484531331807374954e-03
9.241146445274353027e-01,1.028861291706562042e-02,2.887717075645923615e-02,2.747518196702003479e-02,3.329773899167776108e-03,5.914693698287010193e-03
9.460029006004333496e-01,6.505423225462436676e-03,2.071944624185562134e-02,1.942107267677783966e-02,2.361173741519451141e-03,4.989945795387029648e-03
9.217595458030700684e-01,1.156040653586387634e-02,3.434532508254051208e-02,2.345258370041847229e-02,3.553609596565365791e-03,5.328482948243618011e-03
9.390965104103088379e-01,1.417013257741928101e-02,2.180103398859500885e-02,1.675081066787242889e-02,2.779223490506410599e-03,5.402258597314357758e-03
9.395866394042968750e-01,1.548645179718732834e-02,2.135598659515380859e-02,1.332518085837364197e-02,3.818057710304856300e-03,6.427583750337362289e-03
9.350020885467529297e-01,1.624559797346591949e-02,2.019663527607917786e-02,1.805972307920455933e-02,3.705534851178526878e-03,6.790465209633111954e-03
9.280474781990051270e-01,1.385867968201637268e-02,2.693384326994419098e-02,2.053207717835903168e-02,3.861953737214207649e-03,6.766017526388168335e-03
9.247618317604064941e-01,1.141981687396764755e-02,3.165354952216148376e-02,2.014613524079322815e-02,4.804088268429040909e-03,7.214528508484363556e-03
9.057269096374511719e-01,8.389211259782314301e-03,4.337685182690620422e-02,3.188598528504371643e-02,4.266567062586545944e-03,6.354463286697864532e-03
8.980472087860107422e-01,1.238625124096870422e-02,4.813833907246589661e-02,3.094357624650001526e-02,4.313936922699213028e-03,6.170766428112983704e-03
9.146116971969604492e-01,8.686929009854793549e-03,3.107173554599285126e-02,3.652543574571609497e-02,2.936560660600662231e-03,6.167649757117033005e-03
9.138211607933044434e-01,8.373642340302467346e-03,3.419093787670135498e-02,3.610512986779212952e-02,2.381417900323867798e-03,5.127646028995513916e-03
9.162055850028991699e-01,4.625288303941488266e-03,2.647484093904495239e-02,4.721837490797042847e-02,1.331394654698669910e-03,4.144486505538225174e-03
9.507454633712768555e-01,3.866524202749133110e-03,1.475695148110389709e-02,2.430977113544940948e-02,1.391827827319502831e-03,4.929538350552320480e-03
9.407730698585510254e-01,4.313628654927015305e-03,1.475809607654809952e-02,3.224949911236763000e-02,1.709780306555330753e-03,6.195837166160345078e-03
9.519360661506652832e-01,6.695653311908245087e-03,1.535575557500123978e-02,1.737734116613864899e-02,2.559829736128449440e-03,6.075398996472358704e-03
9.529211521148681641e-01,7.593242451548576355e-03,1.532591786235570908e-02,1.302165817469358444e-02,4.139531403779983521e-03,6.998438853770494461e-03
9.468707442283630371e-01,8.375399746000766754e-03,1.599192805588245392e-02,1.860315352678298950e-02,3.435420338064432144e-03,6.723417434841394424e-03
9.475499987602233887e-01,6.992704235017299652e-03,1.607983186841011047e-02,2.040326409041881561e-02,2.766828984022140503e-03,6.207310128957033157e-03
9.205688238143920898e-01,7.641232106834650040e-03,2.505729533731937408e-02,3.816659748554229736e-02,2.701626624912023544e-03,5.864460486918687820e-03
9.252714514732360840e-01,1.038259919732809067e-02,2.379256114363670349e-02,3.043741360306739807e-02,3.396570915356278419e-03,6.719280499964952469e-03
9.018383622169494629e-01,1.315732579678297043e-02,4.339310154318809509e-02,3.149924799799919128e-02,4.188028164207935333e-03,5.923891905695199966e-03
9.200803637504577637e-01,1.290365867316722870e-02,3.844248875975608826e-02,1.334576308727264404e-02,7.159506436437368393e-03,8.068179711699485779e-03
9.228693246841430664e-01,1.277962606400251389e-02,3.236382827162742615e-02,1.189932972192764282e-02,9.717958979308605194e-03,1.036993507295846939e-02
9.308995604515075684e-01,1.031316816806793213e-02,3.121038526296615601e-02,9.250092320144176483e-03,9.002513252198696136e-03,9.324326179921627045e-03
9.213743805885314941e-01,7.415880914777517319e-03,3.033103235065937042e-02,2.814781665802001953e-02,4.120916128158569336e-03,8.609950542449951172e-03
9.269613623619079590e-01,9.662719443440437317e-03,2.929748222231864929e-02,2.254762127995491028e-02,4.598757717758417130e-03,6.932020653039216995e-03
9.145081043243408203e-01,6.841877009719610214e-03,3.283586725592613220e-02,3.714901953935623169e-02,3.096468281000852585e-03,5.568696185946464539e-03
9.154458045959472656e-01,6.873311474919319153e-03,2.633436210453510284e-02,4.285496100783348083e-02,2.363133709877729416e-03,6.128365639597177505e-03
9.245046973228454590e-01,1.333996839821338654e-02,2.726249955594539642e-02,2.409832738339900970e-02,4.056328907608985901e-03,6.738083437085151672e-03
9.326838254928588867e-01,1.031844504177570343e-02,1.921590417623519897e-02,2.968157455325126648e-02,2.166825346648693085e-03,5.933283828198909760e-03
9.357708096504211426e-01,1.203759573400020599e-02,2.108836174011230469e-02,2.207412011921405792e-02,2.896820893511176109e-03,6.132259964942932129e-03
9.218457937240600586e-01,1.606256328523159027e-02,2.533027715981006622e-02,2.940296567976474762e-02,2.262729452922940254e-03,5.095702596008777618e-03
9.167342782020568848e-01,1.784304715692996979e-02,3.077037073671817780e-02,2.534800581634044647e-02,3.596634371206164360e-03,5.707728210836648941e-03
9.514983296394348145e-01,5.410898011177778244e-03,1.919135078787803650e-02,1.629704236984252930e-02,2.584996400400996208e-03,5.017358344048261642e-03
9.411310553550720215e-01,6.700459867715835571e-03,1.619358733296394348e-02,2.576368674635887146e-02,2.794118365272879601e-03,7.417069282382726669e-03
9.431484937667846680e-01,4.858482629060745239e-03,1.365883648395538330e-02,2.772928029298782349e-02,2.452253829687833786e-03,8.152638562023639679e-03
9.554961323738098145e-01,2.426724182441830635e-03,9.975011460483074188e-03,2.276822552084922791e-02,1.890730578452348709e-03,7.443163543939590454e-03
9.607394337654113770e-01,2.715194132179021835e-03,1.030787266790866852e-02,1.502153556793928146e-02,2.885920228436589241e-03,8.330197073519229889e-03
9.613008499145507812e-01,2.810345264151692390e-03,1.130239106714725494e-02,1.411240361630916595e-02,3.075234126299619675e-03,7.398892194032669067e-03
9.546102285385131836e-01,3.879842814058065414e-03,1.745309308171272278e-02,1.264301501214504242e-02,4.650739021599292755e-03,6.763063371181488037e-03
9.515997767448425293e-01,4.062409047037363052e-03,1.679041609168052673e-02,1.689069718122482300e-02,3.771619405597448349e-03,6.885047536343336105e-03
9.315510392189025879e-01,6.229864899069070816e-03,2.558224089443683624e-02,2.576178498566150665e-02,4.207886755466461182e-03,6.667126435786485672e-03
9.309825301170349121e-01,7.652942091226577759e-03,2.934948913753032684e-02,2.212636359035968781e-02,3.970384597778320312e-03,5.918350536376237869e-03
9.362812638282775879e-01,7.113511208444833755e-03,2.499611675739288330e-02,2.164716646075248718e-02,3.761667525395750999e-03,6.200249772518873215e-03
9.284576177597045898e-01,3.714728169143199921e-03,2.605473063886165619e-02,3.302846476435661316e-02,2.982375444844365120e-03,5.762057378888130188e-03
9.298517107963562012e-01,2.518833847716450691e-03,3.046075627207756042e-02,2.821612544357776642e-02,3.485344583168625832e-03,5.467170849442481995e-03
9.155710935592651367e-01,2.193248132243752480e-03,2.597111091017723083e-02,4.698401317000389099e-02,2.961106831207871437e-03,6.319449283182621002e-03
9.391915202140808105e-01,3.029075218364596367e-03,2.109795436263084412e-02,2.666096761822700500e-02,3.462857333943247795e-03,6.557650864124298096e-03
9.482849240303039551e-01,2.977583091706037521e-03,1.553792785853147507e-02,2.227515168488025665e-02,3.571041859686374664e-03,7.353255525231361389e-03
9.464274644851684570e-01,4.850069992244243622e-03,1.801486499607563019e-02,1.792632229626178741e-02,4.606663249433040619e-03,8.174536749720573425e-03
9.422522783279418945e-01,6.975360680371522903e-03,2.330024354159832001e-02,1.293486356735229492e-02,6.898800842463970184e-03,7.638406474143266678e-03
9.199398756027221680e-01,8.724675513803958893e-03,3.999630734324455261e-02,1.194374077022075653e-02,1.204777602106332779e-02,7.347677368670701981e-03
9.205498695373535156e-01,1.548922713845968246e-02,2.743665315210819244e-02,1.999942772090435028e-02,8.056276477873325348e-03,8.468633517622947693e-03
9.308527112007141113e-01,2.099463529884815216e-02,1.355809997767210007e-02,2.253801375627517700e-02,3.549941349774599075e-03,8.506662212312221527e-03
9.297252893447875977e-01,1.787306927144527435e-02,5.684770643711090088e-03,3.768352046608924866e-02,1.076722750440239906e-03,7.956601679325103760e-03
9.397792816162109375e-01,1.189097389578819275e-02,3.196852281689643860e-03,3.737403824925422668e-02,5.021563847549259663e-04,7.256671786308288574e-03
9.621726274490356445e-01,1.052086055278778076e-02,3.959569148719310760e-03,1.551019959151744843e-02,7.831577677279710770e-04,7.053594104945659637e-03
9.531495571136474609e-01,9.405490010976791382e-03,6.624190136790275574e-03,2.255889587104320526e-02,1.109957345761358738e-03,7.152006961405277252e-03
9.566411972045898438e-01,6.623565685003995895e-03,1.534937974065542221e-02,1.107088942080736160e-02,3.251591930165886879e-03,7.063196040689945221e-03
9.435692429542541504e-01,5.374524276703596115e-03,1.369325816631317139e-02,2.966013737022876740e-02,1.721023931168019772e-03,5.981910508126020432e-03
9.404645562171936035e-01,6.129704415798187256e-03,2.177342772483825684e-02,2.100899256765842438e-02,3.826033789664506912e-03,6.797217763960361481e-03
9.391762018203735352e-01,9.095756337046623230e-03,2.247851155698299408e-02,1.636248081922531128e-02,5.529741756618022919e-03,7.357343100011348724e-03
9.321148991584777832e-01,1.324856653809547424e-02,2.226482145488262177e-02,1.398045662790536880e-02,7.868504151701927185e-03,1.052272226661443710e-02
9.460904002189636230e-01,8.327921852469444275e-03,1.678485237061977386e-02,1.138883177191019058e-02,7.511892355978488922e-03,9.896151721477508545e-03
9.545891880989074707e-01,7.654376327991485596e-03,1.198263745754957199e-02,9.480162523686885834e-03,5.941771902143955231e-03,1.035197079181671143e-02
9.690936207771301270e-01,3.389555262401700020e-03,4.529592115432024002e-03,1.335115171968936920e-02,1.305553014390170574e-03,8.330583572387695312e-03
9.551084041595458984e-01,5.266657099127769470e-03,3.427790245041251183e-03,2.545695938169956207e-02,7.919315248727798462e-04,9.948290884494781494e-03
9.578832387924194336e-01,5.499642807990312576e-03,3.483842592686414719e-03,2.158254012465476990e-02,8.122625295072793961e-04,1.073844823986291885e-02
9.659472703933715820e-01,8.617393672466278076e-03,4.505711141973733902e-03,1.032822765409946442e-02,1.127871451899409294e-03,9.473548270761966705e-03
9.585076570510864258e-01,1.254686154425144196e-02,8.181577548384666443e-03,9.336804971098899841e-03,2.127737738192081451e-03,9.299454279243946075e-03
9.536159038543701172e-01,9.989577345550060272e-03,1.658362708985805511e-02,8.097231388092041016e-03,3.816599259153008461e-03,7.897105999290943146e-03
9.588569402694702148e-01,7.208819501101970673e-03,1.422617863863706589e-02,1.006027404218912125e-02,2.776276553049683571e-03,6.871521007269620895e-03
9.607462286949157715e-01,4.254275001585483551e-03,1.431225705891847610e-02,1.045085396617650986e-02,2.947843866422772408e-03,7.288472261279821396e-03
9.547098875045776367e-01,3.521743463352322578e-03,1.441324781626462936e-02,1.706624776124954224e-02,2.659610472619533539e-03,7.629292085766792297e-03
9.551312327384948730e-01,4.310729913413524628e-03,1.670970022678375244e-02,1.301939319819211960e-02,3.139294451102614403e-03,7.689713034778833389e-03
9.475827217102050781e-01,4.991545341908931732e-03,1.892169751226902008e-02,1.419208198785781860e-02,4.867634736001491547e-03,9.444394148886203766e-03
9.411897659301757812e-01,6.136165931820869446e-03,2.332440204918384552e-02,1.664037816226482391e-02,4.823007620871067047e-03,7.886371575295925140e-03
9.262276887893676758e-01,1.011671032756567001e-02,3.059414587914943695e-02,1.850483939051628113e-02,6.920684128999710083e-03,7.636012975126504898e-03
9.370720386505126953e-01,7.499124854803085327e-03,2.689802274107933044e-02,1.595172658562660217e-02,5.870590452104806900e-03,6.708518136292695999e-03
9.227728843688964844e-01,8.639737032353878021e-03,3.259649127721786499e-02,2.135732956230640411e-02,6.898737512528896332e-03,7.734815590083599091e-03
9.253514409065246582e-01,7.102849427610635757e-03,2.630381472408771515e-02,2.886058762669563293e-02,4.348645918071269989e-03,8.032449521124362946e-03
9.144597053527832031e-01,9.218489751219749451e-03,3.030076250433921814e-02,3.324586525559425354e-02,4.719665739685297012e-03,8.055475540459156036e-03
8.966512084007263184e-01,1.485106348991394043e-02,4.242812842130661011e-02,3.234881162643432617e-02,5.634447094053030014e-03,8.086265064775943756e-03
9.119160175323486328e-01,1.829886250197887421e-02,3.309281542897224426e-02,2.418429031968116760e-02,5.236533004790544510e-03,7.271523587405681610e-03
9.203068614006042480e-01,1.205634139478206635e-02,1.934095099568367004e-02,4.012085869908332825e-02,2.017660764977335930e-03,6.157292053103446960e-03
9.240034818649291992e-01,1.336230617016553879e-02,1.896746642887592316e-02,3.545314073562622070e-02,1.989714568480849266e-03,6.223921664059162140e-03
9.505823850631713867e-01,4.944438114762306213e-03,8.844470605254173279e-03,2.863817848265171051e-02,1.166058587841689587e-03,5.824557971209287643e-03
9.530248641967773438e-01,2.149880398064851761e-03,8.847198449075222015e-03,2.897860482335090637e-02,1.260885619558393955e-03,5.738599691540002823e-03
9.496198296546936035e-01,3.330445848405361176e-03,1.409829687327146530e-02,2.557637169957160950e-02,1.916630659252405167e-03,5.458462517708539963e-03
9.336861371994018555e-01,4.506246186792850494e-03,2.604341879487037659e-02,2.829015068709850311e-02,2.402899321168661118e-03,5.071122664958238602e-03
9.166926741600036621e-01,4.778733942657709122e-03,3.341905772686004639e-02,3.702641278505325317e-02,2.876405837014317513e-03,5.206719972193241119e-03
9.334313869476318359e-01,5.554330535233020782e-03,3.494065627455711365e-02,1.680828817188739777e-02,4.245302174240350723e-03,5.019973032176494598e-03
9.456710219383239746e-01,3.507485613226890564e-03,2.617705799639225006e-02,1.344121340662240982e-02,5.122729577124118805e-03,6.080474704504013062e-03
9.332250952720642090e-01,4.653959069401025772e-03,3.306295722723007202e-02,1.342731434851884842e-02,8.498244918882846832e-03,7.132424041628837585e-03
9.453650712966918945e-01,4.645633976906538010e-03,2.355093508958816528e-02,8.313779719173908234e-03,9.713635779917240143e-03,8.410860784351825714e-03
9.494064450263977051e-01,4.060320556163787842e-03,1.882085390388965607e-02,1.018719840794801712e-02,7.988340221345424652e-03,9.536882862448692322e-03
9.542728662490844727e-01,3.164678812026977539e-03,1.764206402003765106e-02,1.175885368138551712e-02,5.486663430929183960e-03,7.674945052713155746e-03
9.556627869606018066e-01,3.160603111609816551e-03,1.478553190827369690e-02,1.352522429078817368e-02,4.529233556240797043e-03,8.336642757058143616e-03
9.587333202362060547e-01,3.130790079012513161e-03,1.537856925278902054e-02,1.028820313513278961e-02,5.082347895950078964e-03,7.386780343949794769e-03
9.598454833030700684e-01,3.324107266962528229e-03,1.615314185619354248e-02,8.968997746706008911e-03,4.966276232153177261e-03,6.741965655237436295e-03
9.554318189620971680e-01,4.194023087620735168e-03,1.891037076711654663e-02,1.018334459513425827e-02,4.729188978672027588e-03,6.551292724907398224e-03
9.571093916893005371e-01,3.478565486147999763e-03,1.851435378193855286e-02,9.177564643323421478e-03,5.222403910011053085e-03,6.497703958302736282e-03
9.532797336578369141e-01,3.647995414212346077e-03,1.822027564048767090e-02,1.326834782958030701e-02,4.168832208961248398e-03,7.414791733026504517e-03
9.537554383277893066e-01,2.523615257814526558e-03,1.722578518092632294e-02,1.252934802323579788e-02,5.397594999521970749e-03,8.568132296204566956e-03
9.445599913597106934e-01,3.476795973256230354e-03,2.119638025760650635e-02,1.500494033098220825e-02,6.509297993034124374e-03,9.252672083675861359e-03
9.301924705505371094e-01,5.270016845315694809e-03,3.345460072159767151e-02,1.259712688624858856e-02,9.535199031233787537e-03,8.950505405664443970e-03
9.003105759620666504e-01,1.209531910717487335e-02,5.053796619176864624e-02,1.786180399358272552e-02,1.065656729042530060e-02,8.537668734788894653e-03
9.110007882118225098e-01,1.380874216556549072e-02,4.350676015019416809e-02,7.767298724502325058e-03,1.571761071681976318e-02,8.198780007660388947e-03
9.108769893646240234e-01,1.326177828013896942e-02,4.403274878859519958e-02,1.407062448561191559e-02,1.015812624245882034e-02,7.599648553878068924e-03
9.449771046638488770e-01,5.989667493849992752e-03,2.334991283714771271e-02,1.217532996088266373e-02,6.186180282384157181e-03,7.321849931031465530e-03
9.355863928794860840e-01,7.804014254361391068e-03,2.709375880658626556e-02,1.503656432032585144e-02,6.471334490925073624e-03,8.007940836250782013e-03
9.254440665245056152e-01,1.335282251238822937e-02,3.044734336435794830e-02,1.832819730043411255e-02,5.468916613608598709e-03,6.958586163818836212e-03
8.865938782691955566e-01,4.469935595989227295e-02,3.656874597072601318e-02,1.642118021845817566e-02,7.760476786643266678e-03,7.956354878842830658e-03
8.917262554168701172e-01,3.610646724700927734e-02,4.198525473475456238e-02,1.409688498824834824e-02,9.138275869190692902e-03,6.946843583136796951e-03
8.627356290817260742e-01,5.945854634046554565e-02,4.301583766937255859e-02,1.737462542951107025e-02,9.794547222554683685e-03,7.620926480740308762e-03
9.045574665069580078e-01,2.321680262684822083e-02,3.466365113854408264e-02,2.700007334351539612e-02,4.489253275096416473e-03,6.072740070521831512e-03
9.168041944503784180e-01,1.120385620743036270e-02,3.780103474855422974e-02,2.235717140138149261e-02,5.627546925097703934e-03,6.206342019140720367e-03
9.390847086906433105e-01,8.826877921819686890e-03,2.122007496654987335e-02,1.874985173344612122e-02,4.639960825443267822e-03,7.478450890630483627e-03
9.445861577987670898e-01,5.899141542613506317e-03,1.782924123108386993e-02,2.114377729594707489e-02,3.677616827189922333e-03,6.863914430141448975e-03
9.487326741218566895e-01,5.388663150370121002e-03,1.725625619292259216e-02,1.749654673039913177e-02,3.947222605347633362e-03,7.178668398410081863e-03
9.532523155212402344e-01,5.987388547509908676e-03,1.576289348304271698e-02,1.336450595408678055e-02,4.120428115129470825e-03,7.512564305216073990e-03
9.500752687454223633e-01,5.493068136274814606e-03,2.156777307391166687e-02,1.010056771337985992e-02,5.822788923978805542e-03,6.940462626516819000e-03
9.488187432289123535e-01,6.483185570687055588e-03,2.218199521303176880e-02,8.481577038764953613e-03,6.839430890977382660e-03,7.194978184998035431e-03
9.540653228759765625e-01,6.414919160306453705e-03,1.765177398920059204e-02,6.228193640708923340e-03,7.344143930822610855e-03,8.295756764709949493e-03
9.485191106796264648e-01,6.570280995219945908e-03,1.881723292171955109e-02,8.983704261481761932e-03,8.301661349833011627e-03,8.808011189103126526e-03
9.544838070869445801e-01,4.324004054069519043e-03,1.350314170122146606e-02,1.680198125541210175e-02,3.227017354220151901e-03,7.660153787583112717e-03
9.434029459953308105e-01,5.000226665288209915e-03,1.790135912597179413e-02,2.320344373583793640e-02,3.233725903555750847e-03,7.258356548845767975e-03
9.505242109298706055e-01,4.844442009925842285e-03,1.540072355419397354e-02,1.746876165270805359e-02,3.985718358308076859e-03,7.776255719363689423e-03
9.356472492218017578e-01,4.069521557539701462e-03,1.243199966847896576e-02,3.915483504533767700e-02,1.725841779261827469e-03,6.970548070967197418e-03
9.497656822204589844e-01,4.646058194339275360e-03,1.534945331513881683e-02,1.767313294112682343e-02,4.283023998141288757e-03,8.282711729407310486e-03
9.454684257507324219e-01,2.537255408242344856e-03,1.425681263208389282e-02,2.884796075522899628e-02,2.312452299520373344e-03,6.576966959983110428e-03
9.504760503768920898e-01,4.320866428315639496e-03,1.495483238250017166e-02,1.839976385235786438e-02,4.128594882786273956e-03,7.719683926552534103e-03
9.541916847229003906e-01,3.436388913542032242e-03,1.428743358701467514e-02,1.836394704878330231e-02,3.168666036799550056e-03,6.552068050950765610e-03
9.597509503364562988e-01,3.139216452836990356e-03,1.360101532191038132e-02,1.365845557302236557e-02,3.336034482344985008e-03,6.514487788081169128e-03
9.640340805053710938e-01,2.891794545575976372e-03,1.068700011819601059e-02,1.344857458025217056e-02,2.443219767883419991e-03,6.495303940027952194e-03
9.675871133804321289e-01,2.484319964423775673e-03,9.900860488414764404e-03,1.178599242120981216e-02,2.129379892721772194e-03,6.112309638410806656e-03
9.578586220741271973e-01,2.432771725580096245e-03,1.381184160709381104e-02,1.725050061941146851e-02,2.443796256557106972e-03,6.202408578246831894e-03
9.404217600822448730e-01,8.418012410402297974e-03,2.066890150308609009e-02,1.989956013858318329e-02,3.355337539687752724e-03,7.236385717988014221e-03
9.152756333351135254e-01,1.805725507438182831e-02,2.850779891014099121e-02,2.914448641240596771e-02,2.838770858943462372e-03,6.176078226417303085e-03
9.217474460601806641e-01,1.910869590938091278e-02,2.974181622266769409e-02,1.827870868146419525e-02,4.661364946514368057e-03,6.461932323873043060e-03
9.009268283843994141e-01,3.113387525081634521e-02,4.099017381668090820e-02,1.351852249354124069e-02,7.139710243791341782e-03,6.290948949754238129e-03
9.339545369148254395e-01,1.451516710221767426e-02,2.958954684436321259e-02,9.855122305452823639e-03,6.306902039796113968e-03,5.778678227216005325e-03
9.426714777946472168e-01,4.925159737467765808e-03,2.704295702278614044e-02,8.889878168702125549e-03,9.430814534425735474e-03,7.039678748697042465e-03
9.447362422943115234e-01,4.680015612393617630e-03,2.522625774145126343e-02,9.392911568284034729e-03,8.885442279279232025e-03,7.079037372022867203e-03
9.525684118270874023e-01,3.703195368871092796e-03,1.988901756703853607e-02,9.027039632201194763e-03,7.309887558221817017e-03,7.502422202378511429e-03
9.505940079689025879e-01,3.243316896259784698e-03,1.831763423979282379e-02,1.403629966080188751e-02,5.489080213010311127e-03,8.319552056491374969e-03
9.538335204124450684e-01,3.012791043147444725e-03,1.399147883057594299e-02,1.878626085817813873e-02,3.308988874778151512e-03,7.067067082971334457e-03
9.510754346847534180e-01,3.733264049515128136e-03,1.291319075971841812e-02,2.249934338033199310e-02,2.527904929593205452e-03,7.250900845974683762e-03
9.439092278480529785e-01,3.586274804547429085e-03,1.214979309588670731e-02,3.005724959075450897e-02,2.260771812871098518e-03,8.036628365516662598e-03
9.493671059608459473e-01,3.476669546216726303e-03,1.263320259749889374e-02,2.508220449090003967e-02,2.263331785798072815e-03,7.177408318966627121e-03
9.425411820411682129e-01,3.435637801885604858e-03,1.715088449418544769e-02,2.369333431124687195e-02,4.245308227837085724e-03,8.933746255934238434e-03
9.442524909973144531e-01,3.685332369059324265e-03,1.936836726963520050e-02,1.717827282845973969e-02,5.581765901297330856e-03,9.933700785040855408e-03
9.417611956596374512e-01,3.418465843424201012e-03,2.165374159812927246e-02,1.275633182376623154e-02,9.328634478151798248e-03,1.108149345964193344e-02
9.402580261230468750e-01,3.875757800415158272e-03,2.304749563336372375e-02,1.118574291467666626e-02,1.047402620315551758e-02,1.115890964865684509e-02
9.436523318290710449e-01,3.817211138084530830e-03,2.387241646647453308e-02,8.087377995252609253e-03,1.106887683272361755e-02,9.501799009740352631e-03
9.335343241691589355e-01,4.975447896867990494e-03,2.649179100990295410e-02,5.267278291285037994e-03,2.035712078213691711e-02,9.374016895890235901e-03
9.359430670738220215e-01,5.938270129263401031e-03,2.848353981971740723e-02,7.158260326832532883e-03,1.400491874665021896e-02,8.471990004181861877e-03
9.473649859428405762e-01,4.537451080977916718e-03,2.324157953262329102e-02,7.040376309305429459e-03,1.046244986355304718e-02,7.353078573942184448e-03
9.483421444892883301e-01,3.946640528738498688e-03,1.850966550409793854e-02,1.773903705179691315e-02,4.631782416254281998e-03,6.830664817243814468e-03
9.436984062194824219e-01,4.213165026158094406e-03,1.800034195184707642e-02,2.298672497272491455e-02,3.759115701541304588e-03,7.342321332544088364e-03
9.462765455245971680e-01,4.389185924082994461e-03,1.885156147181987762e-02,1.957525126636028290e-02,3.868859261274337769e-03,7.038537412881851196e-03
9.430025219917297363e-01,4.419458098709583282e-03,1.684133149683475494e-02,2.566183172166347504e-02,3.048021579161286354e-03,7.026912178844213486e-03
9.351370930671691895e-01,6.389928516000509262e-03,1.999969035387039185e-02,2.412915974855422974e-02,5.182743072509765625e-03,9.161254391074180603e-03
9.366077184677124023e-01,4.542949143797159195e-03,1.422949228435754776e-02,3.649874776601791382e-02,1.911835861392319202e-03,6.209315732121467590e-03
9.192321896553039551e-01,4.207632504403591156e-03,1.332763768732547760e-02,5.626584589481353760e-02,1.188449328765273094e-03,5.778365302830934525e-03
9.449579119682312012e-01,3.747236216440796852e-03,1.268687192350625992e-02,3.074517846107482910e-02,1.810996443964540958e-03,6.051722448319196701e-03
9.375210404396057129e-01,5.166463553905487061e-03,1.925754733383655548e-02,3.140037506818771362e-02,1.765114837326109409e-03,4.889373201876878738e-03
9.318838715553283691e-01,1.134232897311449051e-02,2.803269028663635254e-02,1.896532624959945679e-02,3.803594503551721573e-03,5.972152110189199448e-03
9.134468436241149902e-01,1.899859309196472168e-02,4.147579520940780640e-02,1.628802530467510223e-02,4.387888591736555099e-03,5.402746610343456268e-03
9.268639087677001953e-01,1.686669327318668365e-02,3.200103342533111572e-02,1.484377309679985046e-02,4.078313708305358887e-03,5.346263293176889420e-03
9.274058938026428223e-01,2.089463546872138977e-02,3.026987425982952118e-02,8.968175388872623444e-03,6.279523950070142746e-03,6.181939039379358292e-03
9.442715048789978027e-01,8.670718409121036530e-03,2.685680426657199860e-02,7.557734847068786621e-03,6.699441466480493546e-03,5.943708587437868118e-03
9.437683820724487305e-01,7.843045517802238464e-03,2.428021468222141266e-02,5.120654124766588211e-03,1.130276639014482498e-02,7.684835698455572128e-03
9.451825022697448730e-01,8.406658656895160675e-03,2.195866778492927551e-02,5.715033970773220062e-03,1.034481544047594070e-02,8.392316289246082306e-03
9.496461153030395508e-01,6.408026907593011856e-03,2.147265709936618805e-02,6.652417127043008804e-03,8.258729241788387299e-03,7.562008686363697052e-03
9.462310671806335449e-01,6.397761404514312744e-03,2.233172953128814697e-02,7.035182788968086243e-03,1.020782068371772766e-02,7.796477060765028000e-03
9.530788064002990723e-01,4.767718724906444550e-03,1.918733492493629456e-02,5.922865122556686401e-03,9.460145607590675354e-03,7.583117578178644180e-03
9.589764475822448730e-01,3.970643039792776108e-03,1.638149656355381012e-02,4.433978348970413208e-03,8.931135758757591248e-03,7.306366227567195892e-03
9.533382058143615723e-01,5.362353753298521042e-03,1.938130334019660950e-02,4.958349280059337616e-03,9.401418268680572510e-03,7.558395620435476303e-03
9.480332732200622559e-01,7.152302656322717667e-03,2.331219241023063660e-02,4.471334163099527359e-03,1.014553010463714600e-02,6.885446142405271530e-03
9.556176066398620605e-01,7.116342894732952118e-03,1.879423856735229492e-02,5.146931856870651245e-03,6.753778085112571716e-03,6.571102421730756760e-03
9.552659988403320312e-01,7.633412256836891174e-03,1.763382554054260254e-02,9.119906462728977203e-03,4.293935839086771011e-03,6.052995100617408752e-03
9.582217931747436523e-01,6.386993452906608582e-03,1.561985258013010025e-02,1.026978716254234314e-02,3.584345569834113121e-03,5.917219910770654678e-03
9.593932032585144043e-01,4.357734695076942444e-03,1.578726246953010559e-02,1.161857601255178452e-02,3.159229177981615067e-03,5.684023723006248474e-03
9.509844183921813965e-01,5.969411227852106094e-03,2.046196162700653076e-02,1.001710444688796997e-02,5.787357687950134277e-03,6.779731716960668564e-03
9.361121058464050293e-01,6.261493079364299774e-03,3.299379721283912659e-02,9.833299554884433746e-03,7.987915538251399994e-03,6.811412516981363297e-03
9.367225170135498047e-01,8.170397952198982239e-03,3.012595511972904205e-02,8.403230458498001099e-03,8.946472778916358948e-03,7.631505839526653290e-03
9.363847970962524414e-01,8.089954964816570282e-03,3.176768869161605835e-02,7.496076636016368866e-03,9.013071656227111816e-03,7.248362991958856583e-03
9.401423335075378418e-01,9.454664774239063263e-03,2.569392882287502289e-02,1.387353520840406418e-02,4.604635294526815414e-03,6.230980157852172852e-03
9.585735201835632324e-01,4.570488352328538895e-03,1.678894832730293274e-02,1.077167876064777374e-02,3.340290393680334091e-03,5.955213680863380432e-03
9.571153521537780762e-01,5.086469464004039764e-03,1.607249677181243896e-02,1.067392062395811081e-02,4.269562195986509323e-03,6.782315205782651901e-03
9.590482711791992188e-01,3.832735354080796242e-03,1.290957629680633545e-02,1.415266841650009155e-02,3.335212357342243195e-03,6.721561774611473083e-03
9.592092037200927734e-01,4.397015087306499481e-03,1.467100810259580612e-02,1.051548961549997330e-02,4.386709071695804596e-03,6.820583716034889221e-03
9.535238742828369141e-01,4.741110373288393021e-03,1.499492861330509186e-02,1.638289541006088257e-02,3.535455092787742615e-03,6.821760907769203186e-03
9.461680054664611816e-01,5.150815937668085098e-03,1.959197223186492920e-02,2.064044028520584106e-02,2.860714681446552277e-03,5.588026717305183411e-03
9.224693775177001953e-01,7.485210429877042770e-03,2.827287651598453522e-02,3.377147763967514038e-02,2.756818663328886032e-03,5.244175437837839127e-03
9.190195202827453613e-01,8.842258714139461517e-03,3.405745327472686768e-02,3.075524233281612396e-02,2.688023028895258904e-03,4.637487698346376419e-03
9.133948087692260742e-01,6.456873379647731781e-03,3.289534524083137512e-02,3.974120318889617920e-02,2.458404982462525368e-03,5.053388420492410660e-03
8.971686959266662598e-01,1.076909434050321579e-02,4.689310118556022644e-02,3.466125205159187317e-02,4.537762142717838287e-03,5.970077123492956161e-03
9.246300458908081055e-01,1.027313247323036194e-02,3.366475552320480347e-02,1.961060054600238800e-02,5.206837784498929977e-03,6.614734884351491928e-03
9.422376751899719238e-01,5.237729288637638092e-03,2.573686279356479645e-02,1.109738182276487350e-02,7.995256222784519196e-03,7.695084437727928162e-03
9.358459711074829102e-01,6.936639081686735153e-03,2.816501446068286896e-02,9.429709054529666901e-03,1.207008492201566696e-02,7.552437949925661087e-03
9.332643151283264160e-01,6.923790089786052704e-03,3.502003848552703857e-02,8.398212492465972900e-03,9.997035376727581024e-03,6.396681070327758789e-03
9.437215924263000488e-01,5.419233348220586777e-03,2.496454119682312012e-02,5.906705744564533234e-03,1.154284272342920303e-02,8.445048704743385315e-03
9.437996149063110352e-01,3.657631110399961472e-03,2.525866776704788208e-02,9.117771871387958527e-03,9.566694498062133789e-03,8.599705994129180908e-03
9.479402899742126465e-01,2.743927761912345886e-03,2.164885774254798889e-02,8.392616175115108490e-03,9.796899743378162384e-03,9.477404877543449402e-03
9.479245543479919434e-01,2.538278931751847267e-03,1.890979334712028503e-02,1.294998265802860260e-02,7.287509739398956299e-03,1.039001531898975372e-02
9.457053542137145996e-01,3.368572099134325981e-03,1.731999963521957397e-02,1.887167617678642273e-02,5.269245244562625885e-03,9.465123526751995087e-03
9.492253065109252930e-01,5.102758295834064484e-03,1.484773680567741394e-02,1.633061841130256653e-02,5.260361824184656143e-03,9.233149699866771698e-03
9.522408843040466309e-01,4.680471494793891907e-03,1.339673716574907303e-02,1.958488486707210541e-02,2.853776095435023308e-03,7.243209052830934525e-03
9.496213197708129883e-01,5.505316425114870071e-03,1.259316783398389816e-02,2.228040248155593872e-02,2.651561051607131958e-03,7.348258979618549347e-03
9.444372653961181641e-01,3.946706652641296387e-03,1.124940533190965652e-02,3.152246773242950439e-02,1.930936588905751705e-03,6.913156714290380478e-03
9.520384669303894043e-01,4.705756902694702148e-03,1.181264501065015793e-02,2.182103507220745087e-02,2.494881860911846161e-03,7.127229124307632446e-03
9.492220878601074219e-01,3.553446847945451736e-03,1.039795391261577606e-02,2.833744697272777557e-02,1.792173949070274830e-03,6.696918979287147522e-03
9.483467936515808105e-01,5.758729297667741776e-03,1.394635718315839767e-02,2.084476500749588013e-02,3.247508313506841660e-03,7.855711504817008972e-03
9.503362774848937988e-01,5.431190598756074905e-03,1.554721966385841370e-02,1.752989739179611206e-02,3.698936896398663521e-03,7.456511724740266800e-03
9.510360956192016602e-01,5.829861387610435486e-03,1.757618226110935211e-02,1.409328635782003403e-02,4.072815179824829102e-03,7.391723804175853729e-03
9.540042281150817871e-01,5.836283788084983826e-03,1.828539371490478516e-02,1.062168646603822708e-02,4.414788912981748581e-03,6.837726105004549026e-03
9.461666941642761230e-01,4.924021661281585693e-03,2.232458814978599548e-02,1.662038825452327728e-02,3.670630510896444321e-03,6.293713580816984177e-03
9.430155754089355469e-01,3.490327391773462296e-03,2.127965539693832397e-02,2.438918501138687134e-02,2.359239151701331139e-03,5.466141272336244583e-03
9.467121362686157227e-01,3.021499142050743103e-03,1.581671275198459625e-02,2.399006113409996033e-02,3.034143475815653801e-03,7.425426505506038666e-03
9.398574233055114746e-01,4.820835776627063751e-03,2.132749557495117188e-02,2.251415327191352844e-02,3.925395663827657700e-03,7.554562762379646301e-03
9.572275280952453613e-01,4.803277552127838135e-03,1.259159296751022339e-02,1.166119426488876343e-02,4.222758579999208450e-03,9.493652731180191040e-03
9.550918340682983398e-01,5.443461704999208450e-03,1.430284790694713593e-02,1.032072305679321289e-02,5.164511501789093018e-03,9.676739573478698730e-03
9.606389999389648438e-01,3.914220258593559265e-03,1.062573119997978210e-02,1.165154017508029938e-02,3.674669889733195305e-03,9.494906291365623474e-03
9.636911749839782715e-01,3.357721725478768349e-03,1.068891584873199463e-02,9.444740600883960724e-03,3.864920232445001602e-03,8.952561765909194946e-03
9.602434635162353516e-01,2.409292850643396378e-03,1.177364494651556015e-02,1.240863837301731110e-02,3.662432311102747917e-03,9.502476081252098083e-03
9.579514861106872559e-01,2.559484681114554405e-03,1.450544781982898712e-02,1.188163831830024719e-02,4.197054542601108551e-03,8.904836140573024750e-03
9.577289223670959473e-01,2.261740854009985924e-03,1.289331726729869843e-02,1.651625521481037140e-02,2.671278314664959908e-03,7.928509265184402466e-03
9.570594429969787598e-01,2.426716499030590057e-03,1.268388703465461731e-02,1.707597263157367706e-02,2.572038909420371056e-03,8.181932382285594940e-03
9.554082751274108887e-01,2.210849896073341370e-03,9.275698103010654449e-03,2.385944128036499023e-02,1.640442525967955589e-03,7.605230435729026794e-03
9.579597115516662598e-01,3.056963440030813217e-03,1.004439219832420349e-02,1.798103004693984985e-02,2.557019470259547234e-03,8.400919847190380096e-03
9.555081725120544434e-01,4.039953462779521942e-03,1.312726549804210663e-02,1.598525419831275940e-02,3.371685510501265526e-03,7.967581041157245636e-03
9.564014673233032227e-01,3.673709230497479439e-03,1.100530568510293961e-02,1.961982063949108124e-02,2.317555015906691551e-03,6.982093676924705505e-03
9.397677183151245117e-01,4.629076924175024033e-03,1.889987476170063019e-02,2.673714607954025269e-02,3.082897746935486794e-03,6.883254740387201309e-03
9.344559311866760254e-01,3.337373258545994759e-03,1.163303013890981674e-02,4.352226108312606812e-02,1.307215890847146511e-03,5.744086578488349915e-03
9.421773552894592285e-01,3.373754443600773811e-03,1.412411686033010483e-02,3.285669162869453430e-02,1.857161754742264748e-03,5.610962864011526108e-03
9.341266751289367676e-01,3.066991223022341728e-03,1.919541880488395691e-02,3.597186878323554993e-02,2.117738127708435059e-03,5.521229468286037445e-03
9.513748884201049805e-01,4.543555900454521179e-03,1.751506887376308441e-02,1.577741838991641998e-02,4.076145589351654053e-03,6.712939590215682983e-03
9.525698423385620117e-01,4.047316964715719223e-03,1.909570582211017609e-02,1.268196944147348404e-02,4.862852394580841064e-03,6.742341909557580948e-03
9.475488066673278809e-01,3.584959311410784721e-03,1.990921609103679657e-02,1.499681826680898666e-02,5.702568683773279190e-03,8.257745765149593353e-03
9.505069851875305176e-01,5.739133339375257492e-03,1.681196875870227814e-02,1.181565225124359131e-02,5.981925409287214279e-03,9.144423529505729675e-03
9.533988237380981445e-01,3.585088765248656273e-03,1.419376488775014877e-02,1.687416993081569672e-02,3.857682226225733757e-03,8.090406656265258789e-03
9.527648091316223145e-01,3.565743332728743553e-03,1.243685185909271240e-02,2.002161368727684021e-02,3.144861431792378426e-03,8.066127076745033264e-03
9.535616040229797363e-01,5.079675000160932541e-03,1.444539427757263184e-02,1.703025959432125092e-02,2.998730866238474846e-03,6.884417962282896042e-03
9.461259245872497559e-01,4.487147089093923569e-03,1.241650804877281189e-02,2.860639430582523346e-02,1.957366708666086197e-03,6.406583823263645172e-03
9.451842904090881348e-01,6.760907825082540512e-03,1.400113292038440704e-02,2.631423808634281158e-02,2.031154697760939598e-03,5.708105396479368210e-03
9.498103260993957520e-01,6.019400898367166519e-03,1.438318844884634018e-02,2.295670099556446075e-02,1.846189959906041622e-03,4.984142258763313293e-03
9.464885592460632324e-01,5.040419287979602814e-03,9.262796491384506226e-03,3.265380486845970154e-02,1.092829159460961819e-03,5.461416207253932953e-03
9.588431715965270996e-01,4.500674549490213394e-03,1.045101322233676910e-02,1.876367069780826569e-02,1.722044893540441990e-03,5.719344131648540497e-03
9.536082744598388672e-01,3.883792553097009659e-03,1.576705835759639740e-02,1.827313750982284546e-02,2.526524709537625313e-03,5.941168405115604401e-03
9.508034586906433105e-01,4.319853149354457855e-03,1.708115637302398682e-02,1.729046553373336792e-02,3.459006780758500099e-03,7.045933511108160019e-03
9.570881724357604980e-01,3.605626523494720459e-03,1.645371131598949432e-02,1.310964394360780716e-02,3.587966552004218102e-03,6.154887843877077103e-03
9.626642465591430664e-01,3.097542328760027885e-03,1.442182436585426331e-02,1.099947560578584671e-02,3.129331860691308975e-03,5.687556695193052292e-03
9.564012885093688965e-01,4.285387229174375534e-03,1.865990459918975830e-02,1.046909950673580170e-02,4.142762161791324615e-03,6.041647866368293762e-03
9.474840760231018066e-01,4.837853368371725082e-03,2.645943686366081238e-02,9.747527539730072021e-03,5.966703407466411591e-03,5.504438653588294983e-03
9.231702685356140137e-01,5.018626805394887924e-03,4.561514779925346375e-02,1.461632456630468369e-02,6.678898353129625320e-03,4.900727421045303345e-03
9.135655164718627930e-01,8.151050657033920288e-03,5.201432853937149048e-02,9.208974428474903107e-03,1.167294103652238846e-02,5.387187004089355469e-03
9.178611040115356445e-01,8.857897482812404633e-03,4.627847671508789062e-02,7.280691992491483688e-03,1.404502149671316147e-02,5.676777567714452744e-03
9.317519068717956543e-01,6.149893626570701599e-03,3.410385921597480774e-02,8.655603043735027313e-03,1.235351618379354477e-02,6.985150743275880814e-03
9.417029619216918945e-01,6.443323567509651184e-03,2.207074686884880066e-02,6.242597475647926331e-03,1.432508043944835663e-02,9.215184487402439117e-03
9.418906569480895996e-01,5.865593906491994858e-03,2.424201369285583496e-02,9.704382158815860748e-03,9.951488114893436432e-03,8.345794863998889923e-03
9.511401057243347168e-01,3.843873273581266403e-03,1.645171083509922028e-02,1.556664705276489258e-02,4.882802255451679230e-03,8.114788681268692017e-03
9.547389745712280273e-01,4.107794724404811859e-03,1.506994571536779404e-02,1.463811472058296204e-02,4.012375604361295700e-03,7.432709913700819016e-03
9.379724860191345215e-01,5.656436085700988770e-03,1.696019247174263000e-02,2.878673002123832703e-02,3.156581195071339607e-03,7.467573974281549454e-03
9.455782771110534668e-01,3.915974404662847519e-03,1.343760732561349869e-02,3.010632097721099854e-02,1.552175148390233517e-03,5.409771110862493515e-03
9.450109601020812988e-01,4.246615804731845856e-03,1.644441112875938416e-02,2.690650150179862976e-02,1.921252231113612652e-03,5.470297764986753464e-03
9.515768885612487793e-01,4.626856185495853424e-03,1.864415407180786133e-02,1.699876040220260620e-02,2.529782941564917564e-03,5.623630713671445847e-03
9.550226926803588867e-01,3.490881295874714851e-03,1.686031930148601532e-02,1.517259422689676285e-02,3.215558128431439400e-03,6.237881258130073547e-03
9.535319805145263672e-01,4.469623789191246033e-03,1.841817982494831085e-02,1.297840755432844162e-02,3.801858518272638321e-03,6.800101604312658310e-03
9.591578841209411621e-01,3.894303925335407257e-03,1.217783242464065552e-02,1.428297627717256546e-02,3.020136617124080658e-03,7.466744631528854370e-03
9.443840980529785156e-01,4.931454546749591827e-03,1.384042296558618546e-02,2.673286385834217072e-02,2.427261089906096458e-03,7.683936972171068192e-03
9.436852931976318359e-01,6.620054598897695541e-03,1.632858999073505402e-02,2.558005601167678833e-02,2.018215134739875793e-03,5.767867434769868851e-03
9.370635747909545898e-01,8.519019000232219696e-03,2.028528414666652679e-02,2.687553688883781433e-02,2.015668200328946114e-03,5.241002887487411499e-03
9.317674040794372559e-01,9.410548023879528046e-03,2.283031120896339417e-02,2.962646260857582092e-02,1.808631815947592258e-03,4.556597210466861725e-03
9.358015060424804688e-01,7.410505320876836777e-03,2.177269198000431061e-02,2.751407399773597717e-02,2.162327757105231285e-03,5.338960792869329453e-03
9.491478800773620605e-01,7.167885545641183853e-03,1.836591586470603943e-02,1.631088182330131531e-02,3.020333359017968178e-03,5.987107753753662109e-03
9.500776529312133789e-01,5.406653508543968201e-03,1.764233596622943878e-02,1.733594201505184174e-02,3.292395267635583878e-03,6.245020776987075806e-03
9.474649429321289062e-01,5.532757379114627838e-03,1.689936965703964233e-02,1.866384409368038177e-02,3.962692338973283768e-03,7.476274855434894562e-03
9.535185694694519043e-01,4.391803871840238571e-03,1.646142266690731049e-02,1.428175345063209534e-02,4.179043229669332504e-03,7.167478557676076889e-03
9.486199021339416504e-01,2.674076240509748459e-03,1.480664499104022980e-02,2.282510511577129364e-02,3.236760618165135384e-03,7.837343961000442505e-03
9.567314386367797852e-01,2.577601000666618347e-03,1.019526086747646332e-02,2.084474079310894012e-02,2.317492617294192314e-03,7.333510089665651321e-03
9.419802427291870117e-01,2.334833145141601562e-03,8.789411745965480804e-03,3.826476633548736572e-02,1.416997518390417099e-03,7.213832344859838486e-03
9.395093321800231934e-01,2.159954281523823738e-03,7.940460927784442902e-03,4.315421730279922485e-02,1.065431279130280018e-03,6.170531734824180603e-03
9.336740970611572266e-01,2.591203898191452026e-03,7.522826083004474640e-03,5.030377954244613647e-02,7.901233038865029812e-04,5.117868073284626007e-03
9.393665194511413574e-01,3.243265906348824501e-03,8.408810012042522430e-03,4.308777675032615662e-02,8.798484923318028450e-04,5.013694055378437042e-03
9.273529052734375000e-01,3.782618092373013496e-03,1.461159344762563705e-02,4.701393470168113708e-02,1.483064959757030010e-03,5.755824502557516098e-03
9.411235451698303223e-01,4.411150235682725906e-03,1.400962006300687790e-02,3.146071732044219971e-02,2.222123555839061737e-03,6.772855296730995178e-03
9.366191029548645020e-01,4.387997090816497803e-03,1.974340341985225677e-02,3.198710083961486816e-02,1.889909850433468819e-03,5.372396670281887054e-03
9.385176897048950195e-01,5.073386710137128830e-03,1.731930300593376160e-02,2.974784746766090393e-02,2.412068191915750504e-03,6.929764524102210999e-03
9.490355849266052246e-01,3.202196443453431129e-03,1.552075799554586411e-02,2.375365234911441803e-02,2.268238458782434464e-03,6.219678558409214020e-03
9.468423128128051758e-01,4.576211795210838318e-03,2.033879235386848450e-02,1.773859001696109772e-02,3.702306421473622322e-03,6.801821291446685791e-03
9.594545364379882812e-01,2.866115188226103783e-03,1.432420872151851654e-02,1.064287871122360229e-02,4.673912189900875092e-03,8.038284257054328918e-03
9.563825130462646484e-01,4.097180441021919250e-03,1.641269959509372711e-02,7.243183441460132599e-03,7.285168394446372986e-03,8.579274639487266541e-03
9.559573531150817871e-01,2.805311465635895729e-03,1.695679873228073120e-02,9.861235506832599640e-03,6.259054411202669144e-03,8.160286583006381989e-03
9.532375931739807129e-01,3.567812265828251839e-03,1.860718242824077606e-02,6.690723355859518051e-03,9.366474114358425140e-03,8.530298247933387756e-03
9.494773745536804199e-01,4.912001080811023712e-03,2.084693871438503265e-02,9.876792319118976593e-03,7.167963776737451553e-03,7.718937937170267105e-03
9.478279352188110352e-01,4.511825274676084518e-03,2.134392224252223969e-02,1.373639330267906189e-02,5.530566908419132233e-03,7.049434818327426910e-03
9.493477940559387207e-01,5.076982546597719193e-03,1.992721296846866608e-02,1.569674164056777954e-02,3.831318812444806099e-03,6.120039615780115128e-03
9.307181239128112793e-01,9.026831015944480896e-03,2.822528406977653503e-02,2.132651209831237793e-02,4.046573303639888763e-03,6.656663492321968079e-03
9.500661492347717285e-01,5.902381148189306259e-03,1.234924141317605972e-02,2.422369271516799927e-02,1.675356528721749783e-03,5.783101078122854233e-03
9.439082741737365723e-01,5.367138888686895370e-03,1.004682574421167374e-02,3.427318483591079712e-02,1.102411304600536823e-03,5.302303936332464218e-03
9.503830075263977051e-01,5.021131131798028946e-03,7.523082196712493896e-03,3.006884828209877014e-02,1.110515440814197063e-03,5.893427412956953049e-03
9.422405362129211426e-01,3.472203155979514122e-03,7.702008821070194244e-03,3.992601484060287476e-02,1.011903164908289909e-03,5.647291895002126694e-03
9.381079077720642090e-01,3.265281207859516144e-03,8.091917261481285095e-03,4.368654265999794006e-02,1.087996293790638447e-03,5.760398693382740021e-03
9.494618177413940430e-01,2.572552999481558800e-03,8.380584418773651123e-03,3.171149268746376038e-02,1.450923504307866096e-03,6.422704085707664490e-03
9.146136045455932617e-01,2.667917404323816299e-03,1.066995039582252502e-02,6.396834552288055420e-02,1.236640848219394684e-03,6.843641865998506546e-03
9.349159598350524902e-01,2.997399540618062019e-03,9.850488975644111633e-03,4.251124709844589233e-02,1.722569810226559639e-03,8.002351038157939911e-03
9.332300424575805664e-01,3.105249023064970970e-03,1.662851125001907349e-02,3.637515380978584290e-02,2.660377183929085732e-03,8.000652305781841278e-03
9.446466565132141113e-01,3.667959012091159821e-03,1.709853857755661011e-02,2.094002626836299896e-02,4.737088456749916077e-03,8.909680880606174469e-03
9.307115077972412109e-01,4.144540987908840179e-03,3.417053446173667908e-02,1.585026644170284271e-02,7.965802215039730072e-03,7.157399784773588181e-03
9.439830183982849121e-01,4.843934439122676849e-03,2.319128066301345825e-02,1.120899058878421783e-02,8.607786148786544800e-03,8.164895698428153992e-03
9.452385902404785156e-01,3.914571367204189301e-03,2.226841822266578674e-02,1.786796189844608307e-02,4.847165662795305252e-03,5.863267928361892700e-03
9.306782484054565430e-01,5.097167100757360458e-03,3.105790726840496063e-02,2.449873462319374084e-02,3.424041438847780228e-03,5.243919324129819870e-03
9.340194463729858398e-01,4.370306618511676788e-03,1.441214792430400848e-02,3.986647352576255798e-02,1.649730606004595757e-03,5.681892391294240952e-03
9.216378927230834961e-01,3.396006068214774132e-03,1.319713797420263290e-02,5.573320388793945312e-02,1.049881801009178162e-03,4.985951352864503860e-03
9.392591714859008789e-01,2.460822463035583496e-03,6.466323975473642349e-03,4.580290615558624268e-02,7.506540860049426556e-04,5.260170903056859970e-03
9.157730937004089355e-01,1.888053375296294689e-03,4.706246778368949890e-03,7.303063571453094482e-02,3.597373433876782656e-04,4.242179449647665024e-03
9.115116596221923828e-01,3.507768269628286362e-03,6.510609295219182968e-03,7.260308414697647095e-02,6.086986395530402660e-04,5.258221179246902466e-03
9.416163563728332520e-01,4.694462753832340240e-03,8.095137774944305420e-03,3.832883387804031372e-02,1.126920338720083237e-03,6.138361524790525436e-03
9.541261196136474609e-01,5.883107427507638931e-03,1.052854023873806000e-02,2.108721248805522919e-02,1.909699407406151295e-03,6.465400569140911102e-03
9.500123262405395508e-01,7.592343259602785110e-03,1.323394011706113815e-02,1.779444888234138489e-02,3.356066998094320297e-03,8.010921999812126160e-03
9.405944347381591797e-01,8.086938410997390747e-03,1.916472055017948151e-02,2.007097937166690826e-02,4.183721262961626053e-03,7.899164222180843353e-03
9.297426939010620117e-01,1.747248880565166473e-02,2.082250267267227173e-02,1.887158304452896118e-02,4.581237677484750748e-03,8.509451523423194885e-03
9.268129467964172363e-01,1.759514398872852325e-02,2.428012341260910034e-02,1.872363500297069550e-02,4.643338732421398163e-03,7.944846525788307190e-03
9.331257343292236328e-01,1.803072169423103333e-02,2.197088487446308136e-02,1.384358294308185577e-02,5.284369457513093948e-03,7.744763512164354324e-03
9.067560434341430664e-01,2.773256041109561920e-02,3.598718345165252686e-02,1.460052933543920517e-02,7.464250549674034119e-03,7.459432817995548248e-03
9.399126768112182617e-01,1.036902796477079391e-02,2.654894441366195679e-02,1.084942743182182312e-02,6.181734614074230194e-03,6.138250697404146194e-03
9.366893768310546875e-01,9.715499356389045715e-03,3.110423125326633453e-02,8.453003130853176117e-03,8.202961646020412445e-03,5.834858398884534836e-03
9.475054740905761719e-01,5.961031652987003326e-03,2.347894012928009033e-02,1.127401646226644516e-02,5.403969436883926392e-03,6.376608274877071381e-03
9.544919729232788086e-01,4.323506727814674377e-03,1.752176694571971893e-02,1.394680514931678772e-02,3.577935276553034782e-03,6.138130556792020798e-03
9.560573697090148926e-01,5.239094141870737076e-03,1.260775234550237656e-02,1.594619080424308777e-02,2.892917720600962639e-03,7.256485056132078171e-03
9.523621797561645508e-01,3.844026941806077957e-03,1.065672747790813446e-02,2.391170710325241089e-02,2.022043801844120026e-03,7.203289773315191269e-03
9.467385411262512207e-01,5.519839003682136536e-03,1.531645841896533966e-02,2.199850417673587799e-02,3.119532950222492218e-03,7.307126186788082123e-03
9.347644448280334473e-01,8.509414270520210266e-03,2.196211181581020355e-02,2.430343814194202423e-02,3.485708264634013176e-03,6.974841468036174774e-03
9.475809335708618164e-01,4.330132156610488892e-03,1.777013577520847321e-02,2.000808157026767731e-02,3.420250955969095230e-03,6.890431977808475494e-03
9.397991895675659180e-01,4.816805478185415268e-03,1.903228461742401123e-02,2.570087648928165436e-02,3.375701140612363815e-03,7.275205571204423904e-03
9.361560344696044922e-01,3.583568613976240158e-03,1.455023419111967087e-02,3.880776837468147278e-02,1.340362010523676872e-03,5.561911966651678085e-03
9.311980009078979492e-01,2.183243632316589355e-03,1.004891842603683472e-02,5.100749805569648743e-02,7.817470468580722809e-04,4.780577030032873154e-03
9.429069161415100098e-01,2.813761122524738312e-03,1.060369703918695450e-02,3.671516850590705872e-02,1.252933638170361519e-03,5.707539152354001999e-03
9.499546885490417480e-01,3.094859886914491653e-03,1.155810896307229996e-02,2.835288830101490021e-02,1.441193046048283577e-03,5.598314106464385986e-03
9.545485377311706543e-01,3.521342994645237923e-03,1.176097709685564041e-02,2.209223248064517975e-02,1.934827072545886040e-03,6.142051890492439270e-03
9.601602554321289062e-01,3.528109518811106682e-03,1.125140022486448288e-02,1.730660907924175262e-02,2.047989051789045334e-03,5.705549381673336029e-03
9.634637236595153809e-01,3.826649161055684090e-03,1.169115677475929260e-02,1.322008110582828522e-02,2.279248554259538651e-03,5.518902093172073364e-03
9.564831852912902832e-01,3.289156127721071243e-03,1.502485573291778564e-02,1.827594824135303497e-02,1.976455328986048698e-03,4.950310103595256805e-03
9.478963613510131836e-01,4.722872748970985413e-03,2.105858176946640015e-02,1.833293214440345764e-02,2.673965180292725563e-03,5.315309856086969376e-03
9.285725355148315430e-01,3.792738076299428940e-03,2.660136483609676361e-02,3.362428769469261169e-02,2.189873484894633293e-03,5.219261627644300461e-03
9.242007732391357422e-01,4.846052732318639755e-03,3.293358162045478821e-02,2.895843610167503357e-02,3.268056549131870270e-03,5.793094169348478317e-03
9.364319443702697754e-01,3.846511477604508400e-03,2.249175310134887695e-02,2.545641176402568817e-02,4.162491299211978912e-03,7.610955741256475449e-03
9.443348646163940430e-01,4.371499642729759216e-03,2.093455195426940918e-02,1.551488135010004044e-02,6.565402261912822723e-03,8.278916589915752411e-03
9.465499520301818848e-01,4.242538940161466599e-03,2.242431789636611938e-02,1.133825723081827164e-02,7.876414805650711060e-03,7.568514905869960785e-03
9.465910196304321289e-01,4.925586283206939697e-03,1.929361186921596527e-02,1.871806941926479340e-02,3.899935400113463402e-03,6.571837235242128372e-03
9.470187425613403320e-01,4.879602231085300446e-03,2.083399891853332520e-02,1.624777354300022125e-02,4.319042898714542389e-03,6.700775586068630219e-03
9.325473904609680176e-01,7.843169383704662323e-03,2.830465883016586304e-02,2.061436325311660767e-02,4.443672019988298416e-03,6.246718578040599823e-03
9.485397934913635254e-01,5.975283682346343994e-03,2.115129306912422180e-02,1.155288517475128174e-02,6.069238763302564621e-03,6.711461581289768219e-03
9.531470537185668945e-01,5.682941991835832596e-03,1.931798644363880157e-02,7.770835421979427338e-03,6.873468868434429169e-03,7.207744754850864410e-03
9.489346742630004883e-01,5.132135469466447830e-03,2.209623903036117554e-02,8.495064452290534973e-03,7.693351712077856064e-03,7.648566272109746933e-03
9.528967142105102539e-01,4.089571069926023483e-03,1.813304424285888672e-02,1.079482957720756531e-02,6.094738841056823730e-03,7.991036400198936462e-03
9.521238207817077637e-01,3.204555017873644829e-03,1.829795166850090027e-02,1.533675659447908401e-02,3.909921273589134216e-03,7.127032149583101273e-03
9.572576880455017090e-01,3.458016784861683846e-03,1.341251004487276077e-02,1.487322151660919189e-02,3.542262129485607147e-03,7.456352934241294861e-03
9.478413462638854980e-01,2.424899255856871605e-03,1.327279396355152130e-02,2.629146538674831390e-02,2.511926926672458649e-03,7.657668553292751312e-03
9.504649639129638672e-01,3.802086226642131805e-03,1.111512444913387299e-02,2.476862818002700806e-02,2.201316179707646370e-03,7.647906895726919174e-03
9.476456046104431152e-01,2.814103383570909500e-03,1.116917748004198074e-02,3.003017418086528778e-02,1.651665079407393932e-03,6.689173635095357895e-03
9.472770094871520996e-01,3.212379291653633118e-03,1.230238284915685654e-02,2.846187539398670197e-02,1.885688048787415028e-03,6.860641296952962875e-03
9.537609815597534180e-01,4.791239742189645767e-03,1.392786577343940735e-02,1.685306429862976074e-02,3.251080866903066635e-03,7.415839936584234238e-03
9.501287937164306641e-01,3.827879671007394791e-03,1.436842419207096100e-02,2.249297313392162323e-02,2.499033929780125618e-03,6.682778708636760712e-03
9.512764811515808105e-01,5.669144913554191589e-03,1.587466895580291748e-02,1.431477908045053482e-02,4.620173014700412750e-03,8.244710974395275116e-03
9.504389166831970215e-01,5.159548018127679825e-03,1.338674873113632202e-02,2.037113532423973083e-02,2.965329913422465324e-03,7.678438443690538406e-03
9.456821084022521973e-01,5.025033373385667801e-03,1.594907417893409729e-02,2.299701608717441559e-02,3.134788013994693756e-03,7.212093099951744080e-03
9.522889852523803711e-01,4.346630070358514786e-03,1.337608695030212402e-02,2.273691445589065552e-02,1.890614279545843601e-03,5.360851995646953583e-03
9.373105764389038086e-01,3.960213158279657364e-03,1.155167259275913239e-02,4.084108769893646240e-02,1.140958629548549652e-03,5.195370875298976898e-03
9.252526760101318359e-01,5.830160807818174362e-03,2.139981463551521301e-02,4.114252328872680664e-02,1.584885758347809315e-03,4.789961036294698715e-03
9.450194835662841797e-01,7.153256330639123917e-03,1.407478097826242447e-02,2.600715123116970062e-02,1.952001824975013733e-03,5.793402437120676041e-03
9.505796432495117188e-01,7.198366802185773849e-03,1.477274391800165176e-02,2.019331604242324829e-02,1.971951918676495552e-03,5.283884238451719284e-03
9.452680945396423340e-01,6.375398486852645874e-03,1.790039613842964172e-02,2.302186377346515656e-02,2.114369999617338181e-03,5.319861229509115219e-03
9.406415224075317383e-01,8.578502573072910309e-03,1.961548998951911926e-02,2.315934374928474426e-02,2.454584464430809021e-03,5.550623405724763870e-03
9.464920759201049805e-01,5.875339265912771225e-03,1.832811534404754639e-02,2.184970490634441376e-02,2.194423926994204521e-03,5.260402802377939224e-03
9.415359497070312500e-01,4.455524031072854996e-03,1.963867433369159698e-02,2.596266567707061768e-02,2.407574793323874474e-03,5.999715533107519150e-03
9.336147904396057129e-01,5.994219332933425903e-03,2.152916416525840759e-02,2.769615687429904938e-02,3.441944718360900879e-03,7.723760325461626053e-03
9.483339190483093262e-01,4.748396109789609909e-03,1.621588878333568573e-02,1.832457631826400757e-02,3.872335888445377350e-03,8.504855446517467499e-03
9.503062367439270020e-01,5.509152542799711227e-03,1.709491014480590820e-02,1.323086582124233246e-02,5.161807406693696976e-03,8.697066456079483032e-03
9.464601874351501465e-01,5.233146250247955322e-03,2.200613915920257568e-02,1.379759237170219421e-02,5.122151225805282593e-03,7.380932569503784180e-03
9.516940116882324219e-01,6.392138078808784485e-03,1.848214492201805115e-02,8.067513816058635712e-03,7.053478155285120010e-03,8.310751058161258698e-03
9.479651451110839844e-01,7.737692445516586304e-03,2.073047123849391937e-02,9.047555737197399139e-03,6.668505258858203888e-03,7.850730791687965393e-03
9.482172727584838867e-01,5.407719872891902924e-03,1.924534328281879425e-02,1.251587644219398499e-02,5.790669471025466919e-03,8.823108859360218048e-03
9.384155273437500000e-01,8.918104693293571472e-03,2.232656255364418030e-02,8.627688512206077576e-03,1.137312687933444977e-02,1.033890061080455780e-02
9.403016567230224609e-01,8.426345884799957275e-03,2.289722114801406860e-02,9.216010570526123047e-03,9.630092419683933258e-03,9.528656490147113800e-03
9.521416425704956055e-01,4.346697591245174408e-03,1.783033087849617004e-02,1.288199611008167267e-02,5.410614889115095139e-03,7.388556841760873795e-03
9.528126120567321777e-01,4.096093121916055679e-03,1.454997528344392776e-02,1.878689788281917572e-02,3.086036769673228264e-03,6.668255198746919632e-03
9.462516307830810547e-01,4.786382429301738739e-03,1.555613055825233459e-02,2.419649437069892883e-02,2.497060922905802727e-03,6.712181027978658676e-03
9.448503255844116211e-01,4.743573721498250961e-03,1.548671629279851913e-02,2.580340392887592316e-02,2.502131275832653046e-03,6.613748613744974136e-03
9.466842412948608398e-01,7.711200509220361710e-03,1.657435111701488495e-02,2.093269862234592438e-02,2.178850350901484489e-03,5.918765440583229065e-03
9.417140483856201172e-01,1.223151851445436478e-02,2.056726068258285522e-02,1.530317589640617371e-02,3.708037314936518669e-03,6.476012989878654480e-03
9.250626564025878906e-01,1.828249730169773102e-02,2.966765500605106354e-02,1.607236638665199280e-02,4.515210632234811783e-03,6.399495061486959457e-03
9.326814413070678711e-01,1.417635660618543625e-02,2.598679251968860626e-02,1.545237936079502106e-02,4.656733945012092590e-03,7.046279963105916977e-03
9.352715611457824707e-01,1.133593730628490448e-02,2.886990085244178772e-02,1.386186759918928146e-02,4.576011560857295990e-03,6.084703374654054642e-03
9.317211508750915527e-01,6.723651196807622910e-03,3.626428171992301941e-02,1.534999627619981766e-02,4.364070016890764236e-03,5.576942116022109985e-03
9.354003667831420898e-01,4.582563880831003189e-03,3.065946884453296661e-02,1.959373429417610168e-02,3.909954335540533066e-03,5.853937473148107529e-03
9.445708394050598145e-01,3.004458732903003693e-03,1.836841553449630737e-02,2.636872418224811554e-02,2.140434924513101578e-03,5.547205917537212372e-03
9.433881044387817383e-01,2.705854130908846855e-03,1.957784220576286316e-02,2.648452296853065491e-02,2.298002596944570541e-03,5.545725580304861069e-03
9.436096549034118652e-01,4.055004101246595383e-03,2.213610336184501648e-02,2.085606940090656281e-02,3.501861356198787689e-03,5.841221660375595093e-03
9.449473023414611816e-01,5.012072157114744186e-03,2.036782912909984589e-02,1.566134393215179443e-02,6.222461815923452377e-03,7.788896095007658005e-03
9.412717223167419434e-01,4.428193904459476471e-03,2.347141131758689880e-02,1.296724472194910049e-02,9.728611446917057037e-03,8.132858201861381531e-03
9.474284052848815918e-01,3.801673417910933495e-03,1.790313795208930969e-02,1.684318669140338898e-02,5.667478311806917191e-03,8.356123231351375580e-03
9.389563798904418945e-01,3.456913167610764503e-03,2.268227934837341309e-02,2.294575609266757965e-02,4.502911120653152466e-03,7.455686107277870178e-03
9.259389638900756836e-01,4.305141046643257141e-03,3.434232994914054871e-02,1.973612792789936066e-02,7.886093109846115112e-03,7.791211362928152084e-03
9.260112643241882324e-01,5.811768118292093277e-03,3.730622678995132446e-02,1.237366255372762680e-02,1.036416459828615189e-02,8.132975548505783081e-03
9.283903837203979492e-01,5.529882386326789856e-03,2.911593019962310791e-02,8.145514875650405884e-03,1.727516576647758484e-02,1.154321059584617615e-02
8.880305886268615723e-01,1.344077195972204208e-02,4.103377461433410645e-02,8.015941828489303589e-03,3.387527912855148315e-02,1.560360193252563477e-02
9.076803326606750488e-01,1.184929907321929932e-02,3.114607371389865875e-02,5.557323805987834930e-03,2.940743975341320038e-02,1.435954030603170395e-02
9.174504280090332031e-01,1.002003811299800873e-02,2.903338521718978882e-02,1.094427611678838730e-02,1.843126676976680756e-02,1.412060391157865524e-02
9.230281114578247070e-01,1.078273169696331024e-02,2.673044428229331970e-02,1.717354729771614075e-02,1.095885690301656723e-02,1.132621336728334427e-02
9.301809668540954590e-01,1.037618611007928848e-02,1.925903744995594025e-02,2.382136881351470947e-02,5.233014002442359924e-03,1.112940534949302673e-02
9.428427815437316895e-01,7.407277822494506836e-03,1.577175781130790710e-02,2.094409428536891937e-02,3.783429739996790886e-03,9.250465780496597290e-03
9.481613039970397949e-01,7.106022909283638000e-03,1.376498490571975708e-02,1.889699697494506836e-02,3.219428239390254021e-03,8.851204067468643188e-03
9.441206455230712891e-01,6.367826368659734726e-03,1.630421541631221771e-02,2.222102507948875427e-02,3.188080387189984322e-03,7.798245176672935486e-03
9.412213563919067383e-01,5.474269390106201172e-03,1.799680665135383606e-02,2.625113911926746368e-02,2.494920743629336357e-03,6.561450194567441940e-03
9.289960861206054688e-01,9.429850615561008453e-03,1.979271881282329559e-02,3.180172294378280640e-02,2.886658534407615662e-03,7.093047257512807846e-03
9.293212294578552246e-01,1.284898072481155396e-02,2.155117690563201904e-02,2.653030306100845337e-02,3.071852959692478180e-03,6.676512304693460464e-03
9.300352334976196289e-01,1.872820407152175903e-02,2.260705083608627319e-02,1.791896112263202667e-02,3.972474019974470139e-03,6.738157942891120911e-03
9.183424115180969238e-01,2.663435041904449463e-02,2.597944997251033783e-02,1.925953663885593414e-02,3.700627014040946960e-03,6.083664949983358383e-03
9.123751521110534668e-01,2.158377505838871002e-02,2.121737226843833923e-02,3.499945998191833496e-02,2.732886699959635735e-03,7.091290317475795746e-03
9.307653307914733887e-01,1.834495365619659424e-02,2.215736731886863708e-02,1.855858415365219116e-02,3.627633443102240562e-03,6.546160206198692322e-03
9.285521507263183594e-01,1.675408892333507538e-02,2.241335622966289520e-02,2.173789963126182556e-02,3.577962284907698631e-03,6.964363157749176025e-03
9.465431571006774902e-01,7.235714700073003769e-03,2.296201325953006744e-02,1.370650902390480042e-02,3.943100571632385254e-03,5.609435494989156723e-03
9.359220862388610840e-01,1.070412155240774155e-02,3.000852838158607483e-02,9.009128436446189880e-03,7.705247495323419571e-03,6.650905124843120575e-03
9.216031432151794434e-01,1.422643475234508514e-02,3.864005208015441895e-02,1.005038153380155563e-02,9.089037775993347168e-03,6.390939466655254364e-03
9.385592341423034668e-01,1.144632510840892792e-02,2.727984637022018433e-02,6.961677689105272293e-03,9.012023918330669403e-03,6.740938872098922729e-03
9.225721359252929688e-01,1.384692452847957611e-02,3.614244982600212097e-02,1.027910131961107254e-02,9.591044858098030090e-03,7.568344473838806152e-03
9.337428808212280273e-01,1.151905115693807602e-02,2.434083260595798492e-02,1.908819563686847687e-02,4.192464519292116165e-03,7.116633933037519455e-03
9.346348643302917480e-01,8.299557492136955261e-03,2.060443535447120667e-02,2.623498439788818359e-02,2.951948670670390129e-03,7.274106144905090332e-03
9.336807727813720703e-01,6.208202335983514786e-03,1.657187007367610931e-02,3.424004465341567993e-02,2.240417990833520889e-03,7.058782968670129776e-03
9.418237209320068359e-01,6.896995007991790771e-03,1.486710831522941589e-02,2.682645246386528015e-02,2.419077558442950249e-03,7.166718132793903351e-03
9.452241063117980957e-01,7.275926880538463593e-03,1.818493567407131195e-02,2.049977891147136688e-02,2.730561420321464539e-03,6.084673106670379639e-03
9.328544735908508301e-01,1.323147863149642944e-02,2.096005529165267944e-02,2.246604859828948975e-02,3.376213833689689636e-03,7.111789193004369736e-03
9.427784681320190430e-01,9.239942766726016998e-03,1.956429518759250641e-02,2.012794651091098785e-02,2.603738801553845406e-03,5.685716401785612106e-03
9.250559210777282715e-01,1.238962262868881226e-02,2.987509034574031830e-02,2.387337386608123779e-02,3.293541492894291878e-03,5.512315314263105392e-03
9.310852885246276855e-01,1.068394724279642105e-02,2.580316923558712006e-02,2.375447191298007965e-02,2.930689370259642601e-03,5.742388311773538589e-03
9.174251556396484375e-01,6.502466276288032532e-03,4.041367396712303162e-02,2.701847441494464874e-02,3.556868294253945351e-03,5.083442199975252151e-03
9.262948036193847656e-01,6.782477721571922302e-03,3.388166800141334534e-02,2.332987636327743530e-02,4.347757901996374130e-03,5.363503936678171158e-03
9.372209310531616211e-01,5.628929473459720612e-03,3.144168108701705933e-02,1.387792825698852539e-02,6.064191460609436035e-03,5.766299087554216385e-03
9.165818095207214355e-01,7.569675333797931671e-03,4.765377938747406006e-02,1.373719982802867889e-02,8.427455089986324310e-03,6.029991433024406433e-03
9.089555144309997559e-01,9.113263338804244995e-03,5.435657873749732971e-02,1.439790893346071243e-02,8.005393669009208679e-03,5.171242635697126389e-03
9.030445218086242676e-01,8.318429812788963318e-03,6.111139431595802307e-02,1.251879706978797913e-02,9.511716663837432861e-03,5.495119374245405197e-03
9.516836404800415039e-01,4.674974363297224045e-03,2.171450667083263397e-02,1.011093892157077789e-02,5.631106439977884293e-03,6.184843834489583969e-03
9.473373889923095703e-01,4.383084364235401154e-03,2.530984766781330109e-02,8.134107105433940887e-03,8.475978858768939972e-03,6.359676364809274673e-03
9.535037875175476074e-01,2.958070486783981323e-03,1.873161457479000092e-02,1.415540650486946106e-02,4.105194471776485443e-03,6.545995827764272690e-03
9.535723924636840820e-01,3.150551347061991692e-03,2.012187242507934570e-02,1.253401208668947220e-02,4.338017664849758148e-03,6.283062044531106949e-03
9.486916065216064453e-01,2.561372006312012672e-03,1.895903423428535461e-02,2.083772793412208557e-02,2.868124516680836678e-03,6.082207895815372467e-03
9.495989680290222168e-01,3.603026736527681351e-03,2.168973535299301147e-02,1.200947165489196777e-02,6.012932863086462021e-03,7.085834629833698273e-03
9.525316357612609863e-01,3.298128489404916763e-03,1.784734427928924561e-02,1.282033510506153107e-02,5.683674942702054977e-03,7.819004356861114502e-03
9.487797021865844727e-01,3.094737883657217026e-03,1.899742148816585541e-02,1.720369793474674225e-02,4.534401930868625641e-03,7.390040438622236252e-03
9.449430108070373535e-01,2.719489624723792076e-03,1.678346842527389526e-02,2.342105843126773834e-02,3.947328776121139526e-03,8.185626007616519928e-03
9.123166203498840332e-01,3.707806579768657684e-03,2.080746181309223175e-02,5.325479805469512939e-02,2.346003195270895958e-03,7.567259017378091812e-03
9.332343935966491699e-01,3.233113558962941170e-03,1.553848665207624435e-02,3.932994976639747620e-02,2.011496108025312424e-03,6.652408279478549957e-03
9.220440387725830078e-01,2.932593692094087601e-03,1.607831753790378571e-02,4.983505234122276306e-02,2.002182416617870331e-03,7.107887417078018188e-03
9.333176016807556152e-01,4.199210088700056076e-03,1.201361510902643204e-02,4.194009304046630859e-02,1.648799050599336624e-03,6.880821660161018372e-03
9.118762016296386719e-01,3.593759378418326378e-03,8.726241067051887512e-03,6.789875775575637817e-02,9.949422674253582954e-04,6.910106167197227478e-03
9.382160902023315430e-01,3.449524519965052605e-03,7.107364945113658905e-03,4.348170384764671326e-02,1.050575170665979385e-03,6.694815121591091156e-03
9.502132534980773926e-01,4.089328460395336151e-03,8.637185208499431610e-03,2.932012267410755157e-02,1.398065476678311825e-03,6.342144683003425598e-03
9.518727660179138184e-01,3.228687681257724762e-03,9.719388559460639954e-03,2.724106051027774811e-02,1.604328746907413006e-03,6.333804223686456680e-03
9.528167247772216797e-01,7.023583166301250458e-03,1.457333378493785858e-02,1.669632643461227417e-02,2.674158662557601929e-03,6.215773522853851318e-03
9.473035931587219238e-01,7.388714700937271118e-03,1.462948787957429886e-02,2.293836697936058044e-02,2.059783553704619408e-03,5.679965950548648834e-03
9.352622032165527344e-01,9.446475654840469360e-03,1.678355783224105835e-02,2.948636561632156372e-02,2.344898181036114693e-03,6.676423363387584686e-03
9.482263922691345215e-01,6.128354463726282120e-03,1.319099683314561844e-02,2.501185238361358643e-02,1.801217556931078434e-03,5.641176365315914154e-03
9.464725255966186523e-01,7.107827346771955490e-03,1.526097860187292099e-02,2.317661605775356293e-02,2.127412240952253342e-03,5.854615010321140289e-03
9.606921076774597168e-01,4.065481945872306824e-03,1.217097602784633636e-02,1.447012741118669510e-02,2.595385303720831871e-03,6.005994975566864014e-03
9.500629901885986328e-01,4.352379590272903442e-03,1.924245990812778473e-02,1.827293634414672852e-02,2.733566332608461380e-03,5.335711408406496048e-03
9.611828327178955078e-01,4.079508129507303238e-03,1.464051567018032074e-02,1.011402904987335205e-02,3.879318712279200554e-03,6.103939376771450043e-03
9.556871652603149414e-01,4.086160100996494293e-03,2.029631286859512329e-02,1.036296971142292023e-02,3.964612260460853577e-03,5.602739751338958740e-03
9.548959136009216309e-01,4.225515294820070267e-03,1.800012961030006409e-02,1.086014788597822189e-02,4.852930549532175064e-03,7.165428716689348221e-03
9.444137811660766602e-01,4.502744879573583603e-03,2.796391397714614868e-02,8.349361829459667206e-03,8.279462344944477081e-03,6.490742787718772888e-03
9.404482841491699219e-01,5.818546283990144730e-03,2.981369197368621826e-02,6.617965176701545715e-03,1.061677373945713043e-02,6.684848107397556305e-03
9.311624765396118164e-01,6.350632756948471069e-03,3.875489905476570129e-02,8.835861459374427795e-03,8.996265940368175507e-03,5.899974610656499863e-03
9.162819385528564453e-01,9.994310326874256134e-03,4.945522174239158630e-02,1.079409662634134293e-02,8.163565769791603088e-03,5.310882348567247391e-03
9.358630776405334473e-01,9.963862597942352295e-03,3.106650523841381073e-02,1.142169721424579620e-02,6.156310439109802246e-03,5.528520792722702026e-03
9.002562165260314941e-01,1.302523538470268250e-02,5.009557679295539856e-02,2.500142343342304230e-02,5.576341412961483002e-03,6.045304704457521439e-03
9.355205893516540527e-01,8.790438994765281677e-03,2.836452051997184753e-02,1.724918745458126068e-02,4.470899701118469238e-03,5.604390986263751984e-03
9.295239448547363281e-01,6.649384275078773499e-03,3.300278261303901672e-02,2.069445140659809113e-02,4.418538417667150497e-03,5.710820201784372330e-03
9.535831212997436523e-01,5.114467814564704895e-03,1.713016256690025330e-02,1.455698534846305847e-02,3.640273818746209145e-03,5.974906962364912033e-03
9.549328684806823730e-01,3.647899022325873375e-03,1.523109711706638336e-02,1.827195845544338226e-02,2.608676208183169365e-03,5.307454615831375122e-03
9.556874632835388184e-01,3.589348401874303818e-03,1.590527035295963287e-02,1.693796925246715546e-02,2.563773188740015030e-03,5.316074937582015991e-03
9.609928131103515625e-01,3.243480576202273369e-03,1.521404925733804703e-02,1.380064245313405991e-02,2.326730638742446899e-03,4.422282800078392029e-03
9.569187164306640625e-01,5.177497863769531250e-03,1.941511593759059906e-02,9.021066129207611084e-03,4.313024226576089859e-03,5.154664162546396255e-03
9.421995282173156738e-01,7.262123282998800278e-03,3.042246773838996887e-02,8.643062785267829895e-03,6.486705970019102097e-03,4.986086860299110413e-03
9.366322755813598633e-01,6.545697338879108429e-03,2.804880589246749878e-02,1.809518225491046906e-02,4.771260544657707214e-03,5.906738806515932083e-03
9.401106238365173340e-01,7.996629923582077026e-03,2.079633809626102448e-02,1.922798529267311096e-02,4.866547882556915283e-03,7.001896388828754425e-03
9.349776506423950195e-01,4.892846103757619858e-03,1.800668984651565552e-02,3.447154909372329712e-02,1.907039317302405834e-03,5.744203459471464157e-03
9.283152222633361816e-01,6.005631294101476669e-03,2.343451231718063354e-02,3.464398160576820374e-02,2.233826089650392532e-03,5.366858560591936111e-03
9.352352023124694824e-01,6.261453032493591309e-03,2.184214815497398376e-02,2.990737371146678925e-02,1.992043573409318924e-03,4.761708434671163559e-03
9.327951073646545410e-01,9.344502352178096771e-03,2.199289947748184204e-02,2.827064134180545807e-02,2.160377567633986473e-03,5.436440929770469666e-03
9.399899840354919434e-01,6.343900226056575775e-03,1.862649060785770416e-02,2.838113158941268921e-02,1.863971468992531300e-03,4.794478882104158401e-03
9.380086064338684082e-01,7.411431986838579178e-03,1.880315877497196198e-02,2.824536338448524475e-02,1.980962697416543961e-03,5.550445523113012314e-03
9.324145913124084473e-01,6.493170280009508133e-03,2.266219444572925568e-02,2.985944598913192749e-02,2.857903484255075455e-03,5.712556652724742889e-03
9.425058364868164062e-01,4.484561737626791000e-03,1.823323033750057220e-02,2.591656893491744995e-02,2.728829393163323402e-03,6.131028290838003159e-03
9.289461970329284668e-01,4.484725650399923325e-03,2.901930548250675201e-02,2.884387411177158356e-02,3.205267479643225670e-03,5.500780418515205383e-03
9.508389234542846680e-01,2.861663466319441795e-03,1.653484627604484558e-02,2.246240153908729553e-02,2.182709984481334686e-03,5.119274836033582687e-03
9.420643448829650879e-01,4.674619529396295547e-03,2.056268602609634399e-02,2.324216999113559723e-02,3.367824014276266098e-03,6.088355090469121933e-03
9.448136091232299805e-01,4.492925945669412613e-03,1.692235469818115234e-02,2.653463184833526611e-02,2.025694819167256355e-03,5.210729781538248062e-03
9.456151723861694336e-01,5.365705583244562149e-03,2.297871001064777374e-02,1.679415814578533173e-02,3.805199870839715004e-03,5.441226530820131302e-03
9.572445750236511230e-01,6.223932374268770218e-03,1.693779975175857544e-02,8.668353781104087830e-03,4.741909448057413101e-03,6.183465477079153061e-03
9.537897109985351562e-01,4.963063634932041168e-03,1.971377991139888763e-02,1.076744683086872101e-02,4.785793833434581757e-03,5.980280693620443344e-03
9.618950486183166504e-01,4.791690967977046967e-03,1.453993190079927444e-02,7.165642455220222473e-03,5.069379229098558426e-03,6.538138259202241898e-03
9.509178996086120605e-01,4.620669875293970108e-03,2.078976295888423920e-02,1.419487874954938889e-02,3.751315409317612648e-03,5.725386086851358414e-03
9.475529789924621582e-01,5.352653097361326218e-03,1.905536092817783356e-02,1.938193105161190033e-02,2.910467097535729408e-03,5.746472626924514771e-03
9.506288170814514160e-01,4.249912220984697342e-03,1.346275862306356430e-02,2.344229258596897125e-02,2.090563764795660973e-03,6.125682964920997620e-03
9.414017796516418457e-01,4.045871086418628693e-03,1.262839883565902710e-02,3.369168564677238464e-02,1.760007347911596298e-03,6.472140084952116013e-03
9.476062059402465820e-01,3.472502110525965691e-03,1.414216589182615280e-02,2.378035709261894226e-02,3.315289504826068878e-03,7.683596573770046234e-03
9.553374648094177246e-01,3.617168404161930084e-03,9.552226401865482330e-03,2.203227393329143524e-02,2.137933857738971710e-03,7.322779390960931778e-03
9.546464085578918457e-01,4.041388630867004395e-03,1.298793777823448181e-02,1.752960495650768280e-02,3.306887112557888031e-03,7.487715687602758408e-03
9.512017369270324707e-01,5.281712859869003296e-03,1.357128284871578217e-02,1.927676051855087280e-02,3.164025256410241127e-03,7.504544220864772797e-03
9.341534972190856934e-01,7.460267283022403717e-03,2.669501118361949921e-02,2.267195656895637512e-02,3.155308077111840248e-03,5.863935220986604691e-03
9.382355213165283203e-01,4.684935789555311203e-03,2.338130958378314972e-02,2.588387206196784973e-02,2.454021712765097618e-03,5.360444542020559311e-03
9.331281185150146484e-01,6.236755754798650742e-03,2.753653563559055328e-02,2.378321252763271332e-02,3.524077823385596275e-03,5.791222676634788513e-03
9.238770604133605957e-01,7.837918587028980255e-03,3.225144371390342712e-02,2.538998983800411224e-02,4.262560978531837463e-03,6.380992010235786438e-03
9.399327039718627930e-01,5.413513630628585815e-03,2.086646668612957001e-02,2.435601316392421722e-02,3.100822446867823601e-03,6.330363452434539795e-03
9.418023228645324707e-01,7.792640011757612228e-03,1.689619943499565125e-02,2.211404591798782349e-02,3.639562055468559265e-03,7.755266968160867691e-03
9.437515139579772949e-01,1.144729088991880417e-02,1.880860328674316406e-02,1.537868473678827286e-02,3.851640271022915840e-03,6.762205623090267181e-03
9.528325200080871582e-01,9.268975816667079926e-03,1.594086363911628723e-02,1.258117984980344772e-02,3.153882455080747604e-03,6.222635041922330856e-03
9.497615098953247070e-01,1.084025669842958450e-02,1.700391806662082672e-02,1.151954662054777145e-02,4.220451228320598602e-03,6.654450204223394394e-03
9.481342434883117676e-01,8.222949691116809845e-03,2.138373814523220062e-02,1.283151563256978989e-02,3.758039791136980057e-03,5.669580306857824326e-03
9.466186761856079102e-01,6.712857633829116821e-03,2.040539309382438660e-02,1.685678027570247650e-02,3.561202902346849442e-03,5.845110863447189331e-03
9.473329782485961914e-01,6.023670546710491180e-03,1.918505318462848663e-02,1.879286579787731171e-02,3.081346629187464714e-03,5.584245547652244568e-03
9.436282515525817871e-01,1.078885979950428009e-02,2.026749774813652039e-02,1.623329520225524902e-02,3.266523359343409538e-03,5.815459880977869034e-03
9.481013417243957520e-01,6.909094750881195068e-03,2.043526805937290192e-02,1.652171090245246887e-02,2.993497531861066818e-03,5.039120558649301529e-03
9.487550258636474609e-01,9.244872257113456726e-03,1.877787150442600250e-02,1.194910705089569092e-02,4.659863188862800598e-03,6.613467354327440262e-03
9.459593892097473145e-01,8.882792666554450989e-03,2.101616561412811279e-02,1.008922699838876724e-02,6.509247235953807831e-03,7.543068379163742065e-03
9.561948180198669434e-01,5.152253899723291397e-03,1.640867255628108978e-02,1.191157195717096329e-02,3.810547059401869774e-03,6.522124633193016052e-03
9.568856358528137207e-01,4.786476958543062210e-03,1.585382595658302307e-02,1.169872097671031952e-02,4.177384078502655029e-03,6.597921717911958694e-03
9.550382494926452637e-01,5.643349140882492065e-03,1.449482608586549759e-02,1.393156405538320541e-02,3.749802708625793457e-03,7.142145652323961258e-03
9.474062919616699219e-01,7.480703759938478470e-03,2.040963061153888702e-02,1.611193455755710602e-02,3.059920156374573708e-03,5.531528964638710022e-03
9.216523766517639160e-01,1.132051646709442139e-02,2.988667786121368408e-02,2.806334011256694794e-02,3.140300977975130081e-03,5.936834961175918579e-03
9.203931093215942383e-01,1.775247417390346527e-02,3.308709338307380676e-02,1.722322963178157806e-02,4.997366108000278473e-03,6.546727381646633148e-03
9.179255962371826172e-01,1.732394099235534668e-02,3.678242862224578857e-02,1.720044761896133423e-02,4.819889552891254425e-03,5.947692319750785828e-03
9.372920393943786621e-01,1.208378374576568604e-02,2.438329905271530151e-02,1.647963933646678925e-02,3.722244873642921448e-03,6.039141677320003510e-03
9.520484209060668945e-01,6.648540031164884567e-03,1.729301549494266510e-02,1.593037508428096771e-02,2.510824939236044884e-03,5.568931344896554947e-03
9.542011022567749023e-01,4.368890076875686646e-03,1.313139963895082474e-02,1.999946869909763336e-02,2.235014457255601883e-03,6.064128596335649490e-03
9.567894935607910156e-01,3.389498684555292130e-03,1.220932975411415100e-02,1.785000227391719818e-02,2.812335966154932976e-03,6.949333008378744125e-03
9.553717374801635742e-01,3.771646879613399506e-03,1.434079464524984360e-02,1.701281964778900146e-02,3.023865167051553726e-03,6.479205563664436340e-03
9.567604660987854004e-01,3.788821632042527199e-03,1.452479418367147446e-02,1.509129349142313004e-02,3.336819354444742203e-03,6.497968453913927078e-03
9.560705423355102539e-01,5.472751334309577942e-03,1.636750064790248871e-02,8.744034916162490845e-03,5.787526722997426987e-03,7.557588163763284683e-03
9.513928890228271484e-01,7.379301358014345169e-03,1.773335039615631104e-02,1.152955368161201477e-02,4.811302758753299713e-03,7.153679151087999344e-03
9.562435150146484375e-01,7.573459297418594360e-03,1.593491993844509125e-02,9.657707065343856812e-03,4.159993957728147507e-03,6.430484820157289505e-03
9.549019336700439453e-01,5.749945994466543198e-03,1.771396957337856293e-02,1.337982248514890671e-02,2.913405653089284897e-03,5.340899806469678879e-03
9.544958472251892090e-01,1.011052355170249939e-02,1.631407998502254486e-02,9.445413015782833099e-03,3.595426911488175392e-03,6.038717925548553467e-03
9.411626458168029785e-01,1.378181017935276031e-02,1.951052248477935791e-02,1.714218221604824066e-02,2.735313493758440018e-03,5.667431280016899109e-03
9.328310489654541016e-01,2.177973091602325439e-02,2.272593975067138672e-02,1.259371731430292130e-02,3.861715784296393394e-03,6.207833997905254364e-03
9.332509040832519531e-01,1.916842721402645111e-02,2.262197621166706085e-02,1.184041239321231842e-02,5.502014886587858200e-03,7.616230286657810211e-03
9.358280301094055176e-01,1.842798478901386261e-02,2.146461233496665955e-02,1.171088125556707382e-02,5.165989045053720474e-03,7.402630988508462906e-03
9.378185868263244629e-01,1.400997675955295563e-02,2.486398816108703613e-02,1.186552084982395172e-02,5.072173196822404861e-03,6.369607523083686829e-03
9.458087682723999023e-01,1.018750388175249100e-02,2.257233113050460815e-02,8.321981877088546753e-03,6.689078174531459808e-03,6.420421879738569260e-03
9.384406208992004395e-01,8.620205335319042206e-03,2.991474792361259460e-02,1.264216657727956772e-02,5.042587406933307648e-03,5.339699797332286835e-03
9.533695578575134277e-01,6.533362437039613724e-03,2.173391543328762054e-02,8.691512048244476318e-03,4.626516252756118774e-03,5.045198369771242142e-03
9.324697852134704590e-01,4.969317000359296799e-03,3.013859502971172333e-02,2.535063587129116058e-02,2.504880307242274284e-03,4.566853865981101990e-03
9.410141110420227051e-01,4.350177478045225143e-03,1.921257376670837402e-02,2.772464975714683533e-02,2.272479003295302391e-03,5.426028277724981308e-03
9.288189411163330078e-01,3.666951786726713181e-03,1.522030774503946304e-02,4.538514465093612671e-02,1.440559048205614090e-03,5.468042567372322083e-03
9.226286411285400391e-01,4.356580786406993866e-03,2.461525797843933105e-02,3.976347669959068298e-02,2.572803059592843056e-03,6.063303910195827484e-03
9.282180070877075195e-01,4.789201542735099792e-03,2.405298501253128052e-02,3.411165624856948853e-02,2.732326742261648178e-03,6.095715332776308060e-03
9.186993837356567383e-01,4.231261089444160461e-03,3.451763466000556946e-02,3.397280722856521606e-02,3.016309114173054695e-03,5.562773905694484711e-03
9.483182430267333984e-01,4.192782100290060043e-03,2.222967520356178284e-02,1.518466416746377945e-02,4.064049106091260910e-03,6.010586861521005630e-03
9.405380487442016602e-01,4.860815126448869705e-03,2.324053458869457245e-02,2.302570827305316925e-02,2.757426584139466286e-03,5.577617790549993515e-03
9.400905966758728027e-01,1.115950290113687515e-02,2.443146146833896637e-02,1.243540644645690918e-02,5.261800251901149750e-03,6.621125154197216034e-03
9.511511325836181641e-01,5.866237916052341461e-03,1.651593111455440521e-02,1.944504119455814362e-02,1.968511845916509628e-03,5.053194705396890640e-03
9.439634680747985840e-01,9.012417867779731750e-03,2.062710374593734741e-02,1.683670096099376678e-02,3.436562139540910721e-03,6.123706232756376266e-03
9.379822611808776855e-01,4.341830965131521225e-03,1.492602098733186722e-02,3.652369976043701172e-02,1.261137775145471096e-03,4.965016618371009827e-03
9.402300119400024414e-01,4.687683191150426865e-03,1.586202345788478851e-02,3.172298148274421692e-02,1.752977725118398666e-03,5.744326859712600708e-03
9.283564090728759766e-01,4.133730195462703705e-03,1.607375778257846832e-02,4.595192149281501770e-02,1.074266270734369755e-03,4.409959539771080017e-03
9.280409812927246094e-01,5.463348235934972763e-03,2.138392813503742218e-02,3.831454738974571228e-02,1.814142451621592045e-03,4.983141086995601654e-03
9.310813546180725098e-01,7.009077351540327072e-03,3.000106662511825562e-02,2.345154434442520142e-02,3.127225907519459724e-03,5.329647567123174667e-03
9.401496052742004395e-01,5.723417736589908600e-03,2.521223761141300201e-02,1.941531151533126831e-02,3.518138080835342407e-03,5.981336347758769989e-03
9.476004242897033691e-01,5.021432414650917053e-03,2.457638829946517944e-02,1.330592203885316849e-02,4.086801316589117050e-03,5.409162491559982300e-03
9.593531489372253418e-01,4.107649438083171844e-03,1.527340430766344070e-02,8.608053438365459442e-03,5.325087811797857285e-03,7.332631852477788925e-03
9.522041082382202148e-01,7.915953174233436584e-03,1.624760963022708893e-02,1.196015998721122742e-02,4.523061681538820267e-03,7.149077486246824265e-03
9.494249224662780762e-01,8.540656417608261108e-03,1.788540557026863098e-02,1.228043809533119202e-02,4.619464278221130371e-03,7.249059155583381653e-03
9.446646571159362793e-01,9.987747296690940857e-03,1.888627558946609497e-02,1.490385737270116806e-02,4.367657471448183060e-03,7.189762312918901443e-03
9.327153563499450684e-01,1.157313212752342224e-02,2.386369742453098297e-02,2.086278796195983887e-02,4.238624591380357742e-03,6.746345665305852890e-03
9.401872158050537109e-01,9.861043654382228851e-03,2.646027132868766785e-02,1.174340955913066864e-02,5.524603649973869324e-03,6.223414558917284012e-03
9.321787953376770020e-01,7.950014434754848480e-03,3.318212181329727173e-02,1.489818375557661057e-02,5.788343958556652069e-03,6.002528592944145203e-03
9.337705373764038086e-01,9.676476940512657166e-03,3.255788609385490417e-02,1.144220866262912750e-02,6.291864439845085144e-03,6.261002272367477417e-03
9.317138195037841797e-01,1.011291891336441040e-02,3.435953333973884583e-02,1.140001602470874786e-02,6.386802531778812408e-03,6.026948802173137665e-03
9.458126425743103027e-01,8.218149654567241669e-03,2.330582961440086365e-02,1.262067537754774094e-02,4.154570400714874268e-03,5.888291168957948685e-03
9.535816311836242676e-01,5.140042398124933243e-03,1.626240275800228119e-02,1.786046102643013000e-02,2.249174751341342926e-03,4.906146321445703506e-03
9.570378661155700684e-01,4.629188217222690582e-03,1.149773597717285156e-02,1.964942924678325653e-02,1.766545581631362438e-03,5.419178865849971771e-03
9.599128961563110352e-01,3.493480850011110306e-03,1.266847550868988037e-02,1.696349307894706726e-02,1.962500391528010368e-03,4.999184049665927887e-03
9.523029327392578125e-01,4.649023059755563736e-03,1.639407686889171600e-02,1.910057663917541504e-02,2.416659146547317505e-03,5.136864725500345230e-03
9.572440385818481445e-01,4.364183172583580017e-03,1.461157482117414474e-02,1.481670606881380081e-02,2.955719362944364548e-03,6.007780786603689194e-03
9.500569105148315430e-01,4.048661328852176666e-03,1.677092164754867554e-02,2.103495970368385315e-02,2.433844842016696930e-03,5.654748063534498215e-03
9.527067542076110840e-01,3.944801632314920425e-03,1.006905362010002136e-02,2.606574259698390961e-02,1.424935180693864822e-03,5.788662005215883255e-03
9.298184514045715332e-01,4.393496084958314896e-03,1.435904297977685928e-02,4.468844830989837646e-02,1.286920742131769657e-03,5.453702062368392944e-03
9.479308724403381348e-01,4.721050150692462921e-03,1.596440561115741730e-02,2.352117188274860382e-02,2.181866439059376717e-03,5.680749192833900452e-03
9.505291581153869629e-01,4.813850857317447662e-03,1.711030676960945129e-02,1.925786770880222321e-02,2.568108029663562775e-03,5.720690358430147171e-03
9.495716691017150879e-01,5.738066975027322769e-03,2.330659888684749603e-02,1.135314162820577621e-02,4.266292322427034378e-03,5.764138419181108475e-03
9.589772224426269531e-01,3.774054814130067825e-03,1.669358648359775543e-02,8.792853914201259613e-03,4.996378440409898758e-03,6.765949539840221405e-03
9.540475606918334961e-01,5.966423545032739639e-03,1.940971240401268005e-02,7.397616282105445862e-03,5.941751413047313690e-03,7.236833218485116959e-03
9.418492913246154785e-01,6.211852189153432846e-03,2.789428457617759705e-02,1.051932480186223984e-02,6.636834237724542618e-03,6.888436153531074524e-03
9.439937472343444824e-01,7.251599803566932678e-03,2.560953982174396515e-02,1.191176567226648331e-02,5.051219835877418518e-03,6.182097364217042923e-03
9.272192120552062988e-01,8.442346006631851196e-03,3.652895241975784302e-02,1.834986358880996704e-02,4.297240171581506729e-03,5.162428133189678192e-03
9.114692807197570801e-01,1.244593970477581024e-02,4.455943405628204346e-02,2.050377056002616882e-02,5.423442460596561432e-03,5.598130635917186737e-03
9.321632385253906250e-01,1.137196458876132965e-02,2.918084524571895599e-02,1.924886554479598999e-02,3.188642440363764763e-03,4.846421536058187485e-03
9.462870955467224121e-01,7.690977770835161209e-03,1.952181197702884674e-02,1.680185273289680481e-02,3.657330991700291634e-03,6.040970329195261002e-03
9.509490728378295898e-01,1.019697543233633041e-02,1.445155683904886246e-02,1.522764656692743301e-02,2.969152061268687248e-03,6.205418147146701813e-03
9.440172314643859863e-01,1.443027239292860031e-02,1.783429272472858429e-02,1.455017179250717163e-02,3.016792470589280128e-03,6.151272915303707123e-03
9.363619089126586914e-01,1.653031446039676666e-02,2.071044966578483582e-02,1.719530113041400909e-02,3.151945769786834717e-03,6.050070747733116150e-03
9.260100126266479492e-01,1.599830202758312225e-02,2.442491427063941956e-02,2.490353025496006012e-02,2.727717626839876175e-03,5.935456603765487671e-03
9.280325770378112793e-01,9.027902968227863312e-03,2.269562147557735443e-02,3.251384571194648743e-02,2.108481014147400856e-03,5.621610209345817566e-03
9.485086798667907715e-01,6.315989419817924500e-03,1.768995448946952820e-02,1.719990186393260956e-02,3.555838949978351593e-03,6.729571148753166199e-03
9.426667690277099609e-01,3.710521385073661804e-03,2.112745679914951324e-02,2.282397076487541199e-02,3.300867043435573578e-03,6.370368413627147675e-03
9.500489234924316406e-01,3.522443119436502457e-03,1.896692998707294464e-02,1.586822792887687683e-02,4.660948179662227631e-03,6.932401563972234726e-03
9.524875283241271973e-01,3.275668714195489883e-03,1.989133097231388092e-02,1.303708739578723907e-02,4.709051921963691711e-03,6.599317770451307297e-03
9.451926946640014648e-01,3.873870708048343658e-03,2.492109872400760651e-02,1.267267484217882156e-02,6.606592796742916107e-03,6.733001209795475006e-03
9.529111385345458984e-01,3.663591807708144188e-03,2.021593041718006134e-02,1.025579124689102173e-02,6.359350401908159256e-03,6.594286300241947174e-03
9.536736607551574707e-01,4.878579638898372650e-03,1.929056644439697266e-02,9.561625309288501740e-03,5.967296659946441650e-03,6.628249306231737137e-03
9.388381242752075195e-01,7.145484909415245056e-03,2.949765324592590332e-02,1.046445593237876892e-02,7.921053096652030945e-03,6.133259739726781845e-03
9.336124658584594727e-01,1.193590369075536728e-02,2.797111496329307556e-02,1.585394516587257385e-02,4.760648589581251144e-03,5.866013467311859131e-03
9.163327813148498535e-01,2.069984935224056244e-02,3.626208379864692688e-02,1.716162078082561493e-02,4.370822105556726456e-03,5.172734614461660385e-03
9.433538317680358887e-01,1.434013154357671738e-02,1.886338554322719574e-02,1.612965576350688934e-02,2.394438721239566803e-03,4.918652586638927460e-03
9.390110969543457031e-01,1.791777648031711578e-02,2.026275917887687683e-02,1.351126655936241150e-02,3.350766142830252647e-03,5.946332123130559921e-03
9.560130238533020020e-01,7.697579916566610336e-03,1.590821705758571625e-02,1.165856234729290009e-02,3.094573505222797394e-03,5.627981387078762054e-03
9.515699744224548340e-01,6.469268351793289185e-03,1.957048103213310242e-02,1.366123091429471970e-02,3.276813542470335960e-03,5.452303681522607803e-03
9.461838603019714355e-01,6.608603522181510925e-03,2.340410090982913971e-02,1.388786174356937408e-02,4.301448352634906769e-03,5.614259745925664902e-03
9.592842459678649902e-01,4.470284562557935715e-03,1.530829537659883499e-02,1.208348013460636139e-02,3.353450680151581764e-03,5.500211846083402634e-03
9.333783388137817383e-01,7.217625156044960022e-03,2.608031034469604492e-02,2.341938577592372894e-02,3.810809692367911339e-03,6.093630567193031311e-03
9.476699829101562500e-01,4.783414304256439209e-03,1.337874215096235275e-02,2.684720233082771301e-02,1.722456188872456551e-03,5.598191637545824051e-03
9.448379874229431152e-01,5.707088857889175415e-03,1.490596588701009750e-02,2.660848200321197510e-02,2.081607235595583916e-03,5.858888383954763412e-03
9.463629126548767090e-01,6.097813602536916733e-03,1.314545143395662308e-02,2.677936293184757233e-02,1.858988660387694836e-03,5.755521357059478760e-03
9.382537603378295898e-01,8.562236092984676361e-03,2.222593873739242554e-02,2.275099419057369232e-02,2.803120296448469162e-03,5.403869785368442535e-03
9.494301080703735352e-01,8.744828402996063232e-03,1.981603540480136871e-02,1.297355629503726959e-02,3.804596839472651482e-03,5.230844486504793167e-03
9.439921975135803223e-01,1.064711436629295349e-02,2.429836802184581757e-02,8.723883889615535736e-03,6.427431013435125351e-03,5.911051761358976364e-03
9.295518994331359863e-01,1.888592913746833801e-02,3.060723654925823212e-02,8.909292519092559814e-03,6.620426196604967117e-03,5.425198934972286224e-03
9.453338384628295898e-01,1.407830137759447098e-02,1.824086345732212067e-02,1.017948053777217865e-02,5.327614024281501770e-03,6.839764304459095001e-03
9.423819184303283691e-01,1.204327400773763657e-02,1.819629408419132233e-02,1.829947344958782196e-02,2.900374354794621468e-03,6.178605835884809494e-03
9.433452486991882324e-01,1.173955481499433517e-02,1.603994145989418030e-02,1.977436430752277374e-02,2.666995394974946976e-03,6.433846894651651382e-03
9.440864324569702148e-01,1.335676200687885284e-02,1.810641214251518250e-02,1.450338587164878845e-02,3.313517663627862930e-03,6.633532233536243439e-03
9.533607363700866699e-01,8.963073603808879852e-03,1.375151518732309341e-02,1.349161472171545029e-02,3.582314122468233109e-03,6.850659381598234177e-03
9.524554014205932617e-01,1.101285591721534729e-02,1.541101839393377304e-02,7.687097880989313126e-03,5.843949038535356522e-03,7.589733228087425232e-03
9.404065608978271484e-01,1.740295626223087311e-02,1.917757838964462280e-02,4.918628837913274765e-03,1.029501296579837799e-02,7.799285463988780975e-03
9.486803412437438965e-01,9.971482679247856140e-03,1.802235841751098633e-02,5.588163156062364578e-03,1.008091960102319717e-02,7.656753528863191605e-03
9.505567550659179688e-01,1.002884097397327423e-02,1.909695751965045929e-02,6.324214860796928406e-03,7.493475452065467834e-03,6.499749142676591873e-03
9.482760429382324219e-01,8.297804743051528931e-03,2.135509252548217773e-02,1.021284703165292740e-02,5.485497415065765381e-03,6.372568197548389435e-03
9.496350884437561035e-01,4.874589852988719940e-03,1.434307452291250229e-02,2.329098992049694061e-02,2.003337023779749870e-03,5.852917209267616272e-03
9.225713014602661133e-01,7.691301871091127396e-03,2.880994603037834167e-02,3.229209035634994507e-02,2.783988835290074348e-03,5.851482506841421127e-03
9.329407811164855957e-01,6.545413751155138016e-03,2.440962567925453186e-02,2.858509682118892670e-02,2.149024978280067444e-03,5.369990598410367966e-03
9.209225773811340332e-01,7.972653023898601532e-03,3.570546209812164307e-02,2.824199385941028595e-02,2.507372992113232613e-03,4.650065675377845764e-03
9.261505007743835449e-01,9.714557789266109467e-03,4.220560938119888306e-02,1.313221920281648636e-02,4.357104189693927765e-03,4.440096206963062286e-03
9.512250423431396484e-01,7.302280049771070480e-03,2.270202152431011200e-02,1.020441483706235886e-02,3.653767984360456467e-03,4.912534262984991074e-03
9.472224712371826172e-01,1.057992596179246902e-02,2.306986227631568909e-02,8.840073831379413605e-03,4.867311101406812668e-03,5.420239642262458801e-03
9.338397979736328125e-01,1.016851142048835754e-02,2.950427122414112091e-02,1.745006814599037170e-02,3.800849430263042450e-03,5.236393306404352188e-03
9.314083456993103027e-01,9.872519411146640778e-03,3.575681895017623901e-02,1.399911288172006607e-02,4.286022391170263290e-03,4.677161574363708496e-03
9.277945756912231445e-01,1.303597353398799896e-02,3.482316806912422180e-02,1.490566227585077286e-02,4.436831921339035034e-03,5.003868602216243744e-03
9.268531799316406250e-01,9.472415782511234283e-03,3.664058819413185120e-02,1.710386760532855988e-02,4.566779825836420059e-03,5.363204050809144974e-03
9.454367756843566895e-01,7.269822061061859131e-03,1.908746361732482910e-02,1.938774064183235168e-02,2.881560940295457840e-03,5.936716217547655106e-03
9.499365091323852539e-01,6.918544415384531021e-03,1.889820769429206848e-02,1.410314068198204041e-02,3.776435274630784988e-03,6.367091555148363113e-03
9.485792517662048340e-01,5.640533752739429474e-03,1.685657911002635956e-02,1.910344697535037994e-02,3.174692159518599510e-03,6.645523477345705032e-03
9.529299736022949219e-01,7.091521751135587692e-03,1.918480359017848969e-02,9.148415178060531616e-03,5.238133948296308517e-03,6.407306529581546783e-03
9.393952488899230957e-01,7.335386704653501511e-03,2.878193370997905731e-02,1.216690707951784134e-02,6.233080755919218063e-03,6.087379064410924911e-03
9.278624057769775391e-01,1.659210957586765289e-02,3.004130162298679352e-02,7.742166053503751755e-03,1.071408484131097794e-02,7.047934457659721375e-03
9.335257411003112793e-01,1.228273008018732071e-02,3.048926405608654022e-02,1.108729280531406403e-02,6.867518648505210876e-03,5.747457500547170639e-03
9.441750049591064453e-01,1.098527945578098297e-02,2.211764082312583923e-02,1.265372615307569504e-02,4.443939309567213058e-03,5.624398589134216309e-03
9.434993267059326172e-01,7.625585421919822693e-03,2.124015241861343384e-02,1.790916174650192261e-02,3.592129796743392944e-03,6.133672781288623810e-03
9.370946288108825684e-01,5.440989974886178970e-03,1.658385433256626129e-02,3.317538648843765259e-02,1.919364440254867077e-03,5.785714834928512573e-03
9.481192231178283691e-01,3.445316106081008911e-03,1.436189375817775726e-02,2.669085003435611725e-02,1.861795783042907715e-03,5.520876497030258179e-03
9.438729882240295410e-01,5.179563537240028381e-03,1.696003973484039307e-02,2.596638537943363190e-02,2.170586958527565002e-03,5.850373767316341400e-03
9.491207003593444824e-01,6.856794469058513641e-03,1.551044639199972153e-02,1.986066997051239014e-02,2.328693401068449020e-03,6.322732660919427872e-03
9.541401863098144531e-01,6.444307509809732437e-03,1.623646914958953857e-02,1.431138534098863602e-02,2.932987408712506294e-03,5.934671498835086823e-03
9.478160738945007324e-01,6.915634032338857651e-03,2.117393538355827332e-02,8.284179493784904480e-03,7.317399606108665466e-03,8.492790162563323975e-03
8.962250947952270508e-01,8.715757168829441071e-03,6.440450251102447510e-02,1.118906121701002121e-02,1.203080732375383377e-02,7.434680126607418060e-03
8.431006073951721191e-01,1.057086698710918427e-02,1.044860482215881348e-01,2.305752411484718323e-02,1.178997289389371872e-02,6.994943600147962570e-03
8.297417163848876953e-01,7.994168438017368317e-03,1.152377650141716003e-01,2.979733794927597046e-02,1.056211348623037338e-02,6.666938774287700653e-03
7.890638709068298340e-01,1.082307938486337662e-02,1.307806819677352905e-01,6.042747199535369873e-02,4.405188839882612228e-03,4.499750677496194839e-03
8.774307966232299805e-01,1.124326046556234360e-02,5.827780440449714661e-02,4.521484673023223877e-02,3.125429386273026466e-03,4.707913845777511597e-03
9.136340022087097168e-01,8.941914886236190796e-03,2.839970029890537262e-02,4.211155697703361511e-02,2.185955410823225975e-03,4.726863000541925430e-03
9.210904836654663086e-01,1.049301773309707642e-02,2.447799406945705414e-02,3.539624437689781189e-02,2.673274604603648186e-03,5.868989508599042892e-03
9.138096570968627930e-01,8.331518620252609253e-03,2.176981978118419647e-02,4.917285218834877014e-02,1.716928556561470032e-03,5.199255421757698059e-03
8.925812244415283203e-01,7.332498207688331604e-03,4.705973714590072632e-02,4.685031622648239136e-02,2.224712865427136421e-03,3.951564896851778030e-03
8.986170291900634766e-01,8.595262654125690460e-03,5.203117802739143372e-02,3.328027948737144470e-02,3.071455983445048332e-03,4.404829815030097961e-03
9.209294319152832031e-01,6.298630498349666595e-03,4.110023006796836853e-02,2.403638511896133423e-02,3.095833351835608482e-03,4.539487883448600769e-03
9.284771084785461426e-01,1.023412775248289108e-02,3.595951199531555176e-02,1.620571874082088470e-02,4.186610691249370575e-03,4.937009420245885849e-03
9.333122968673706055e-01,7.127068936824798584e-03,3.047466464340686798e-02,1.867658272385597229e-02,4.254582338035106659e-03,6.154872477054595947e-03
9.260054230690002441e-01,8.219769224524497986e-03,2.811086922883987427e-02,2.878584340214729309e-02,2.932477276772260666e-03,5.945585202425718307e-03
9.294837117195129395e-01,9.566210210323333740e-03,3.241410851478576660e-02,1.854029111564159393e-02,4.093366675078868866e-03,5.902407690882682800e-03
9.353623986244201660e-01,7.308672182261943817e-03,2.496603690087795258e-02,2.426544390618801117e-02,2.569517586380243301e-03,5.527866538614034653e-03
9.492046236991882324e-01,5.944429896771907806e-03,1.537127234041690826e-02,2.136199176311492920e-02,2.347190631553530693e-03,5.770469550043344498e-03
9.543203115463256836e-01,6.393514107912778854e-03,1.581615582108497620e-02,1.534229051321744919e-02,2.707331208512187004e-03,5.420410074293613434e-03
9.431737661361694336e-01,6.812340114265680313e-03,1.790553890168666840e-02,2.576619014143943787e-02,1.815839437767863274e-03,4.526417702436447144e-03
9.253952503204345703e-01,1.324270945042371750e-02,2.691412344574928284e-02,2.632745914161205292e-02,2.876874059438705444e-03,5.243441089987754822e-03
8.962408304214477539e-01,1.604501530528068542e-02,2.765901573002338409e-02,5.241039767861366272e-02,2.135484712198376656e-03,5.509255453944206238e-03
9.260557889938354492e-01,1.201860513538122177e-02,2.063181251287460327e-02,3.218571841716766357e-02,2.676263917237520218e-03,6.431690882891416550e-03
9.202208518981933594e-01,8.721016347408294678e-03,2.097072638571262360e-02,4.176497086882591248e-02,2.050299197435379028e-03,6.272162310779094696e-03
9.420545101165771484e-01,4.094740375876426697e-03,1.117199659347534180e-02,3.496093675494194031e-02,1.489036949351429939e-03,6.228814832866191864e-03
9.490195512771606445e-01,6.781634408980607986e-03,1.729590632021427155e-02,1.550913974642753601e-02,3.895468311384320259e-03,7.498234976083040237e-03
9.461614489555358887e-01,5.663784686475992203e-03,2.272317185997962952e-02,1.687007956206798553e-02,3.167627146467566490e-03,5.413811653852462769e-03
9.375123381614685059e-01,6.686527281999588013e-03,3.073566034436225891e-02,1.396336499601602554e-02,5.188397597521543503e-03,5.913943517953157425e-03
9.306914806365966797e-01,5.705581977963447571e-03,3.742501512169837952e-02,1.586764492094516754e-02,5.011538043618202209e-03,5.298774689435958862e-03
8.927538394927978516e-01,8.014232851564884186e-03,6.775387376546859741e-02,1.995116844773292542e-02,6.476987153291702271e-03,5.049825180321931839e-03
9.206782579421997070e-01,6.101291626691818237e-03,3.724911808967590332e-02,2.596995607018470764e-02,4.376984667032957077e-03,5.624411627650260925e-03
9.333664774894714355e-01,7.461264729499816895e-03,3.238517791032791138e-02,1.630756631493568420e-02,4.956684075295925140e-03,5.522795021533966064e-03
9.332014918327331543e-01,1.240652799606323242e-02,2.862255647778511047e-02,1.586469635367393494e-02,4.494583234190940857e-03,5.410098005086183548e-03
9.321591258049011230e-01,1.670595817267894745e-02,2.825663983821868896e-02,7.466822862625122070e-03,8.889911696314811707e-03,6.521479226648807526e-03
9.394014477729797363e-01,1.133397594094276428e-02,2.615677192807197571e-02,1.171601843088865280e-02,5.655034910887479782e-03,5.736826919019222260e-03
9.245697855949401855e-01,1.285967230796813965e-02,3.663140535354614258e-02,1.230076700448989868e-02,7.782933302223682404e-03,5.855431780219078064e-03
9.376420378684997559e-01,4.917366895824670792e-03,2.944245561957359314e-02,1.980009861290454865e-02,3.367725061252713203e-03,4.830347839742898941e-03
9.425758123397827148e-01,3.700048895552754402e-03,2.239037863910198212e-02,2.321802638471126556e-02,2.781626302748918533e-03,5.334072280675172806e-03
9.548945426940917969e-01,4.188942722976207733e-03,1.591095328330993652e-02,1.720539480447769165e-02,2.435722853988409042e-03,5.364603828638792038e-03
9.490373134613037109e-01,5.844827741384506226e-03,1.938321627676486969e-02,1.590098626911640167e-02,3.698034910485148430e-03,6.135561037808656693e-03
9.330199360847473145e-01,1.050913520157337189e-02,2.451272308826446533e-02,1.991579867899417877e-02,4.910568241029977798e-03,7.131784223020076752e-03
9.389507770538330078e-01,9.607741609215736389e-03,2.121445536613464355e-02,2.013299614191055298e-02,3.753441385924816132e-03,6.340586114674806595e-03
9.475025534629821777e-01,7.261944934725761414e-03,1.759349368512630463e-02,1.830930635333061218e-02,3.230658126994967461e-03,6.102063227444887161e-03
9.361970424652099609e-01,1.154092606157064438e-02,2.365111373364925385e-02,1.892459951341152191e-02,3.564430400729179382e-03,6.122040096670389175e-03
9.246937632560729980e-01,1.249696873128414154e-02,2.880437858402729034e-02,2.432728372514247894e-02,3.470171941444277763e-03,6.207351107150316238e-03
9.325959086418151855e-01,9.990352205932140350e-03,2.514676190912723541e-02,2.220790274441242218e-02,3.717690007761120796e-03,6.341381929814815521e-03
9.211851954460144043e-01,1.257264148443937302e-02,3.121799230575561523e-02,2.601116150617599487e-02,3.363248193636536598e-03,5.649727769196033478e-03
9.092626571655273438e-01,1.882957667112350464e-02,4.398139566183090210e-02,1.819971390068531036e-02,4.471737425774335861e-03,5.254910793155431747e-03
9.273445010185241699e-01,1.356736849993467331e-02,3.079547919332981110e-02,1.731899939477443695e-02,4.722835030406713486e-03,6.250823847949504852e-03
9.135285019874572754e-01,1.682324707508087158e-02,3.965682163834571838e-02,1.738709211349487305e-02,6.185945589095354080e-03,6.418406497687101364e-03
9.332032799720764160e-01,1.367399934679269791e-02,2.812371402978897095e-02,1.254194974899291992e-02,6.005341187119483948e-03,6.451890803873538971e-03
9.485433101654052734e-01,4.785544704645872116e-03,1.819495111703872681e-02,1.870933361351490021e-02,3.427494550123810768e-03,6.339326966553926468e-03
9.391250014305114746e-01,6.683513056486845016e-03,2.645026706159114838e-02,1.768351346254348755e-02,4.231280647218227386e-03,5.826412234455347061e-03
9.250929951667785645e-01,6.388089153915643692e-03,2.783913910388946533e-02,3.372594341635704041e-02,2.006736118346452713e-03,4.947101231664419174e-03
9.362916946411132812e-01,5.615985020995140076e-03,2.928935550153255463e-02,2.070877701044082642e-02,2.991466550156474113e-03,5.102734081447124481e-03
9.273599386215209961e-01,9.979303926229476929e-03,3.198420628905296326e-02,2.147057466208934784e-02,3.711181925609707832e-03,5.494797602295875549e-03
9.322550296783447266e-01,1.200353074818849564e-02,3.070747107267379761e-02,1.486701890826225281e-02,4.413096699863672256e-03,5.753878504037857056e-03
9.422082304954528809e-01,9.457239881157875061e-03,2.534720301628112793e-02,1.150451134890317917e-02,5.335178691893815994e-03,6.147620733827352524e-03
9.398528933525085449e-01,1.108796987682580948e-02,2.384085021913051605e-02,1.439926866441965103e-02,4.593061748892068863e-03,6.226015277206897736e-03
9.316265583038330078e-01,7.233268115669488907e-03,2.755766548216342926e-02,2.427693270146846771e-02,3.555983770638704300e-03,5.749664735049009323e-03
9.445319175720214844e-01,4.292047116905450821e-03,1.720126904547214508e-02,2.627221308648586273e-02,2.302308799698948860e-03,5.400222260504961014e-03
9.114060997962951660e-01,6.913117133080959320e-03,3.196002915501594543e-02,4.017716646194458008e-02,3.346810350194573402e-03,6.196745205670595169e-03
9.449942111968994141e-01,3.985948860645294189e-03,1.852446980774402618e-02,2.377951890230178833e-02,2.620706567540764809e-03,6.095095071941614151e-03
9.514716863632202148e-01,3.939832560718059540e-03,1.550254970788955688e-02,1.971095055341720581e-02,2.667427528649568558e-03,6.707613356411457062e-03
9.516812562942504883e-01,3.866784274578094482e-03,1.519373804330825806e-02,1.828103698790073395e-02,3.258488839492201805e-03,7.718794979155063629e-03
9.439942836761474609e-01,4.660981707274913788e-03,1.578615605831146240e-02,2.514066547155380249e-02,2.862672088667750359e-03,7.555234711617231369e-03
9.274871945381164551e-01,4.901918582618236542e-03,3.733746334910392761e-02,2.108009159564971924e-02,3.851786255836486816e-03,5.341556854546070099e-03
9.009968042373657227e-01,5.216282792389392853e-03,4.558102414011955261e-02,4.164259880781173706e-02,2.189042279496788979e-03,4.374234005808830261e-03
9.142750501632690430e-01,5.664932075887918472e-03,3.623525798320770264e-02,3.561166673898696899e-02,2.897934522479772568e-03,5.315122660249471664e-03
8.780434727668762207e-01,9.268222376704216003e-03,5.417987704277038574e-02,5.153784900903701782e-02,2.620552200824022293e-03,4.350067581981420517e-03
9.152088165283203125e-01,1.033080369234085083e-02,3.279088437557220459e-02,3.280224651098251343e-02,3.158792387694120407e-03,5.708553362637758255e-03
9.338835477828979492e-01,8.310168050229549408e-03,3.072777204215526581e-02,1.704150624573230743e-02,4.504599142819643021e-03,5.532416980713605881e-03
9.400432109832763672e-01,5.964767653495073318e-03,1.894097588956356049e-02,2.696262858808040619e-02,2.253380138427019119e-03,5.835179705172777176e-03
9.449144005775451660e-01,5.795529577881097794e-03,2.443243376910686493e-02,1.658585108816623688e-02,3.052960615605115891e-03,5.218864884227514267e-03
9.434632062911987305e-01,6.530047859996557236e-03,2.607652358710765839e-02,1.508904155343770981e-02,3.483603941276669502e-03,5.357463378459215164e-03
9.259223341941833496e-01,8.778704330325126648e-03,3.765568137168884277e-02,2.009047567844390869e-02,3.074659267440438271e-03,4.478125367313623428e-03
9.144297242164611816e-01,2.133405394852161407e-02,3.506445139646530151e-02,1.899540610611438751e-02,4.368269816040992737e-03,5.808038637042045593e-03
9.163472056388854980e-01,2.578672207891941071e-02,3.139213472604751587e-02,1.556119695305824280e-02,4.839159548282623291e-03,6.073574535548686981e-03
9.210534095764160156e-01,2.822748385369777679e-02,2.589567191898822784e-02,1.164680905640125275e-02,5.800900515168905258e-03,7.375833112746477127e-03
9.423021078109741211e-01,1.671598479151725769e-02,1.864999905228614807e-02,9.822047315537929535e-03,5.140106193721294403e-03,7.369658909738063812e-03
9.539915323257446289e-01,8.550395257771015167e-03,1.561552658677101135e-02,1.045142021030187607e-02,4.362475126981735229e-03,7.028649095445871353e-03
9.457793831825256348e-01,7.937069982290267944e-03,2.007316797971725464e-02,1.478682458400726318e-02,4.415576346218585968e-03,7.008007727563381195e-03
9.518282413482666016e-01,5.022063851356506348e-03,1.536232046782970428e-02,1.841305010020732880e-02,2.879828214645385742e-03,6.494647357612848282e-03
9.394809007644653320e-01,8.198772557079792023e-03,1.868955418467521667e-02,2.338165231049060822e-02,3.227855311706662178e-03,7.021330762654542923e-03
9.388761520385742188e-01,1.010198239237070084e-02,2.058719657361507416e-02,2.011882141232490540e-02,3.652615472674369812e-03,6.663164123892784119e-03
9.436427950859069824e-01,1.170705165714025497e-02,1.931242085993289948e-02,1.579427160322666168e-02,3.319595707580447197e-03,6.223746575415134430e-03
9.415506720542907715e-01,1.202777028083801270e-02,2.153628319501876831e-02,1.553957909345626831e-02,3.522401675581932068e-03,5.823306273669004440e-03
9.322358965873718262e-01,1.618403382599353790e-02,2.801330201327800751e-02,1.173689216375350952e-02,5.469836760312318802e-03,6.360033992677927017e-03
9.377909898757934570e-01,8.459680713713169098e-03,2.247956395149230957e-02,2.270606532692909241e-02,3.003135323524475098e-03,5.560675170272588730e-03
9.415724277496337891e-01,1.038561947643756866e-02,2.236980944871902466e-02,1.603777147829532623e-02,3.815989010035991669e-03,5.818392150104045868e-03
9.331050515174865723e-01,1.065872050821781158e-02,2.584494836628437042e-02,2.032924070954322815e-02,3.898898372426629066e-03,6.163117010146379471e-03
9.378967881202697754e-01,7.932662963867187500e-03,2.221267484128475189e-02,2.143360674381256104e-02,4.104156512767076492e-03,6.420007906854152679e-03
9.379890561103820801e-01,6.898020859807729721e-03,1.976945810019969940e-02,2.660884708166122437e-02,2.874300116673111916e-03,5.860282108187675476e-03
9.435154199600219727e-01,5.410222336649894714e-03,1.510548405349254608e-02,2.732105180621147156e-02,2.314256504178047180e-03,6.333481054753065109e-03
9.394532442092895508e-01,4.450381267815828323e-03,1.234092656522989273e-02,3.496236354112625122e-02,1.815779600292444229e-03,6.977130193263292313e-03
9.487214088439941406e-01,3.948689438402652740e-03,9.920138865709304810e-03,2.949998900294303894e-02,1.525776227936148643e-03,6.384070031344890594e-03
9.438538551330566406e-01,4.087867215275764465e-03,9.842388331890106201e-03,3.359450772404670715e-02,1.633414532989263535e-03,6.988009437918663025e-03
9.525620341300964355e-01,3.917156718671321869e-03,8.908926509320735931e-03,2.680857665836811066e-02,1.665668911300599575e-03,6.137716118246316910e-03
9.453204274177551270e-01,3.206159919500350952e-03,7.571872323751449585e-03,3.752007335424423218e-02,1.062276074662804604e-03,5.319185089319944382e-03
9.530570507049560547e-01,3.433024510741233826e-03,8.716237731277942657e-03,2.796281874179840088e-02,1.425216440111398697e-03,5.405734293162822723e-03
9.567027688026428223e-01,3.226030850782990456e-03,6.830523256212472916e-03,2.700414136052131653e-02,1.130609423853456974e-03,5.105935968458652496e-03
9.382874369621276855e-01,4.092865157872438431e-03,1.016967836767435074e-02,4.096359014511108398e-02,1.242953469045460224e-03,5.243545863777399063e-03
9.439073801040649414e-01,1.125167403370141983e-02,1.455238461494445801e-02,2.204298786818981171e-02,2.256633713841438293e-03,5.988943856209516525e-03
9.165449738502502441e-01,1.424994040280580521e-02,2.008914202451705933e-02,4.008771851658821106e-02,2.435149392113089561e-03,6.593144033104181290e-03
9.433528780937194824e-01,1.360672432929277420e-02,1.673369854688644409e-02,1.714657805860042572e-02,2.900173421949148178e-03,6.259866058826446533e-03
9.339697360992431641e-01,1.026134379208087921e-02,1.993376947939395905e-02,2.755091153085231781e-02,2.189059276133775711e-03,6.095136981457471848e-03
9.593182802200317383e-01,4.857194609940052032e-03,1.066674385219812393e-02,1.694002375006675720e-02,1.965647563338279724e-03,6.252146791666746140e-03
9.576420187950134277e-01,4.610851407051086426e-03,1.159256417304277420e-02,1.795266382396221161e-02,1.939855748787522316e-03,6.262074224650859833e-03
9.497335553169250488e-01,4.442318808287382126e-03,1.222904678434133530e-02,2.616379223763942719e-02,1.696109073236584663e-03,5.735193379223346710e-03
9.493022561073303223e-01,7.255342788994312286e-03,1.815692707896232605e-02,1.666060648858547211e-02,2.923929598182439804e-03,5.700815469026565552e-03
9.233189821243286133e-01,4.992940463125705719e-03,1.990451291203498840e-02,4.482796415686607361e-02,1.734274323098361492e-03,5.221430677920579910e-03
9.460845589637756348e-01,6.214454304426908493e-03,2.206926979124546051e-02,1.736483536660671234e-02,2.907173940911889076e-03,5.359762348234653473e-03
9.453286528587341309e-01,4.509537946432828903e-03,2.009985037147998810e-02,2.145375311374664307e-02,2.934941323474049568e-03,5.673199892044067383e-03
9.526954293251037598e-01,5.687114316970109940e-03,2.148645929992198944e-02,9.700117632746696472e-03,4.667911212891340256e-03,5.762897897511720657e-03
9.379674792289733887e-01,5.359753500670194626e-03,2.791806682944297791e-02,1.718031801283359528e-02,4.927846603095531464e-03,6.646559573709964752e-03
9.219468235969543457e-01,7.314188871532678604e-03,3.807434439659118652e-02,1.772158592939376831e-02,6.880484055727720261e-03,8.062625303864479065e-03
9.227639436721801758e-01,8.699881844222545624e-03,3.694965690374374390e-02,1.614754088222980499e-02,7.121015340089797974e-03,8.318029344081878662e-03
9.373134970664978027e-01,7.883032783865928650e-03,2.537238597869873047e-02,1.619726233184337616e-02,4.828121047466993332e-03,8.405822329223155975e-03
9.301995038986206055e-01,1.519567146897315979e-02,2.767354622483253479e-02,1.128429360687732697e-02,7.465464994311332703e-03,8.181447163224220276e-03
9.327794909477233887e-01,1.839637011289596558e-02,2.241673693060874939e-02,1.532587222754955292e-02,4.262880887836217880e-03,6.818560417741537094e-03
9.500012397766113281e-01,1.064411178231239319e-02,1.552389468997716904e-02,1.533763017505407333e-02,2.570103621110320091e-03,5.922891199588775635e-03
9.530802369117736816e-01,9.539235383272171021e-03,1.536371931433677673e-02,1.396751590073108673e-02,2.449226565659046173e-03,5.600118543952703476e-03
9.528496265411376953e-01,5.362163763493299484e-03,1.285712886601686478e-02,2.050027437508106232e-02,1.996014965698122978e-03,6.434851326048374176e-03
9.452372193336486816e-01,5.220938939601182938e-03,1.702777482569217682e-02,2.239425107836723328e-02,2.816617023199796677e-03,7.303230464458465576e-03
9.381672143936157227e-01,8.264670148491859436e-03,1.834757812321186066e-02,2.491265721619129181e-02,2.956311218440532684e-03,7.351531647145748138e-03
9.034491777420043945e-01,8.930181153118610382e-03,2.411990240216255188e-02,5.377927049994468689e-02,2.509172772988677025e-03,7.212176918983459473e-03
9.213156104087829590e-01,9.949686005711555481e-03,1.484784763306379318e-02,4.529034718871116638e-02,1.920059090480208397e-03,6.676489487290382385e-03
9.435144662857055664e-01,9.536230005323886871e-03,1.779904961585998535e-02,2.219627611339092255e-02,2.147092716768383980e-03,4.806905053555965424e-03
9.339343905448913574e-01,1.403001975268125534e-02,1.437596231698989868e-02,3.138412162661552429e-02,1.353675150312483311e-03,4.921704065054655075e-03
9.433957338333129883e-01,8.646045811474323273e-03,1.154680456966161728e-02,3.128575533628463745e-02,9.989339159801602364e-04,4.126782529056072235e-03
9.483033418655395508e-01,9.623792953789234161e-03,1.321134902536869049e-02,2.320843003690242767e-02,1.221376936882734299e-03,4.431820940226316452e-03
9.482474923133850098e-01,7.420348469167947769e-03,9.976875036954879761e-03,2.844739519059658051e-02,1.044349279254674911e-03,4.863386042416095734e-03
9.616240262985229492e-01,4.115936346352100372e-03,9.250489063560962677e-03,1.876350678503513336e-02,1.384816365316510201e-03,4.861264955252408981e-03
9.518916606903076172e-01,8.047763258218765259e-03,1.721686497330665588e-02,1.279594004154205322e-02,4.048398695886135101e-03,5.999356042593717575e-03
9.506497979164123535e-01,9.649344719946384430e-03,1.941440440714359283e-02,9.033041074872016907e-03,5.192267242819070816e-03,6.061178166419267654e-03
9.526867866516113281e-01,8.308126591145992279e-03,1.472634356468915939e-02,1.480885874480009079e-02,3.179566236212849617e-03,6.290269549936056137e-03
9.495786428451538086e-01,7.330489810556173325e-03,1.724630407989025116e-02,1.782871782779693604e-02,2.666839165613055229e-03,5.349122919142246246e-03
9.342697262763977051e-01,5.179537925869226456e-03,1.963736675679683685e-02,3.450329601764678955e-02,1.605787663720548153e-03,4.804220516234636307e-03
9.488620162010192871e-01,3.940561786293983459e-03,1.231152005493640900e-02,2.806054055690765381e-02,1.505993888713419437e-03,5.319324787706136703e-03
9.512614607810974121e-01,5.202817264944314957e-03,1.678978465497493744e-02,1.837530732154846191e-02,2.600703155621886253e-03,5.769862793385982513e-03
9.524579644203186035e-01,5.761411972343921661e-03,1.562430057674646378e-02,1.585876569151878357e-02,3.401285735890269279e-03,6.896322593092918396e-03
9.350758790969848633e-01,8.259265683591365814e-03,2.604364417493343353e-02,2.156443521380424500e-02,3.374292282387614250e-03,5.682439077645540237e-03
9.438648223876953125e-01,8.831192739307880402e-03,2.168688178062438965e-02,1.665946468710899353e-02,3.358377376571297646e-03,5.599353928118944168e-03
9.474372267723083496e-01,5.849989596754312515e-03,1.586011052131652832e-02,2.392655052244663239e-02,1.892364001832902431e-03,5.033768713474273682e-03
9.482403397560119629e-01,5.252673290669918060e-03,1.697410270571708679e-02,2.345576882362365723e-02,1.631963998079299927e-03,4.445259924978017807e-03
9.336917400360107422e-01,4.815998952835798264e-03,2.048706449568271637e-02,3.371480107307434082e-02,1.981434179469943047e-03,5.308854859322309494e-03
9.167733192443847656e-01,5.992648191750049591e-03,3.835964202880859375e-02,3.080276027321815491e-02,3.243856364861130714e-03,4.827702883630990982e-03
9.080342054367065430e-01,6.161922588944435120e-03,4.135463014245033264e-02,3.549684211611747742e-02,3.471043426543474197e-03,5.481329746544361115e-03
9.180910587310791016e-01,1.189864613115787506e-02,3.461864218115806580e-02,2.274534478783607483e-02,5.462301429361104965e-03,7.184053305536508560e-03
9.341170191764831543e-01,8.755860850214958191e-03,2.497036568820476532e-02,2.148645184934139252e-02,3.928484860807657242e-03,6.741802673786878586e-03
9.345624446868896484e-01,1.422598119825124741e-02,2.535882964730262756e-02,1.407381985336542130e-02,5.024292040616273880e-03,6.754727568477392197e-03
9.360824227333068848e-01,1.143756415694952011e-02,2.624489367008209229e-02,1.584582775831222534e-02,4.258112516254186630e-03,6.131123285740613937e-03
9.374157190322875977e-01,1.162614766508340836e-02,2.556425891816616058e-02,1.444008853286504745e-02,4.734571091830730438e-03,6.219225469976663589e-03
9.522820711135864258e-01,7.911683991551399231e-03,1.879273355007171631e-02,1.176623068749904633e-02,3.444961039349436760e-03,5.802418570965528488e-03
9.424278736114501953e-01,1.243758015334606171e-02,1.917494647204875946e-02,1.343072205781936646e-02,4.890071693807840347e-03,7.638792507350444794e-03
9.425097107887268066e-01,1.202592812478542328e-02,2.044235169887542725e-02,1.511219330132007599e-02,3.662725212052464485e-03,6.247099488973617554e-03
9.180403947830200195e-01,2.609019540250301361e-02,2.751604653894901276e-02,1.656402833759784698e-02,4.830211400985717773e-03,6.959113758057355881e-03
9.333297014236450195e-01,1.795831508934497833e-02,2.197190001606941223e-02,1.490737590938806534e-02,4.740666132420301437e-03,7.091988809406757355e-03
9.320191740989685059e-01,2.003235556185245514e-02,2.216366305947303772e-02,1.228127069771289825e-02,5.783881992101669312e-03,7.719606161117553711e-03
9.419536590576171875e-01,1.452050451189279556e-02,1.951158232986927032e-02,1.149720232933759689e-02,5.083145108073949814e-03,7.433870807290077209e-03
9.434108138084411621e-01,1.159886736422777176e-02,1.468574721366167068e-02,1.899165660142898560e-02,3.449568059295415878e-03,7.863170467317104340e-03
9.480675458908081055e-01,8.077754639089107513e-03,1.356104575097560883e-02,2.135307900607585907e-02,2.386661944910883904e-03,6.553986109793186188e-03
9.494788646697998047e-01,6.527614314109086990e-03,1.450430788099765778e-02,2.164957113564014435e-02,2.098491415381431580e-03,5.741170607507228851e-03
9.496635794639587402e-01,8.224140852689743042e-03,1.533473841845989227e-02,1.801114343106746674e-02,2.572720870375633240e-03,6.193803623318672180e-03
9.540328979492187500e-01,4.297350533306598663e-03,1.383375842124223709e-02,2.078096754848957062e-02,1.771242707036435604e-03,5.283739417791366577e-03
9.562227129936218262e-01,4.377975128591060638e-03,1.026904489845037460e-02,2.179102972149848938e-02,1.519106328487396240e-03,5.820112768560647964e-03
9.298953413963317871e-01,3.526552114635705948e-03,9.793055243790149689e-03,4.885386303067207336e-02,1.188771217130124569e-03,6.742444355040788651e-03
9.272005558013916016e-01,3.781390609219670296e-03,1.116355881094932556e-02,5.005846545100212097e-02,1.294075045734643936e-03,6.502024363726377487e-03
9.443740248680114746e-01,3.548549255356192589e-03,1.134634576737880707e-02,3.292892500758171082e-02,1.551580498926341534e-03,6.250657606869935989e-03
9.520372748374938965e-01,4.807729739695787430e-03,1.519141532480716705e-02,1.396358571946620941e-02,5.179800558835268021e-03,8.820208720862865448e-03
9.556185603141784668e-01,4.257690627127885818e-03,1.398738939315080643e-02,1.378811802715063095e-02,4.367523826658725739e-03,7.980646565556526184e-03
9.606093764305114746e-01,3.134376136586070061e-03,1.124050840735435486e-02,1.384488865733146667e-02,3.527876920998096466e-03,7.642914075404405594e-03
9.579581022262573242e-01,3.768250346183776855e-03,1.304133050143718719e-02,1.221532747149467468e-02,4.970446228981018066e-03,8.046516217291355133e-03
9.543979167938232422e-01,3.511802060529589653e-03,1.178767997771501541e-02,2.030975557863712311e-02,2.849021693691611290e-03,7.143778726458549500e-03
9.609410762786865234e-01,3.855002811178565025e-03,1.208274811506271362e-02,1.415299158543348312e-02,2.846997696906328201e-03,6.121198181062936783e-03
9.537435770034790039e-01,4.725595936179161072e-03,1.487883366644382477e-02,1.853896304965019226e-02,2.550720702856779099e-03,5.562221631407737732e-03
9.552192091941833496e-01,4.813687875866889954e-03,1.516741141676902771e-02,1.577880233526229858e-02,3.078911453485488892e-03,5.942031275480985641e-03
9.469007849693298340e-01,8.401946164667606354e-03,2.115483582019805908e-02,1.106789987534284592e-02,5.757320672273635864e-03,6.717262789607048035e-03
9.417278170585632324e-01,6.527743767946958542e-03,2.054388634860515594e-02,2.251647040247917175e-02,2.972120884805917740e-03,5.712061189115047455e-03
9.519980549812316895e-01,6.525401026010513306e-03,1.552297361195087433e-02,1.608396880328655243e-02,3.329300321638584137e-03,6.540353409945964813e-03
9.494016170501708984e-01,5.885166581720113754e-03,1.646281033754348755e-02,1.899095065891742706e-02,2.943148603662848473e-03,6.316300947219133377e-03
9.421533942222595215e-01,8.421730250120162964e-03,2.065810747444629669e-02,1.969046890735626221e-02,3.076543333008885384e-03,5.999769549816846848e-03
9.391755461692810059e-01,1.133067160844802856e-02,2.642866224050521851e-02,1.236679311841726303e-02,4.784494638442993164e-03,5.913730245083570480e-03
9.295436143875122070e-01,2.351970598101615906e-02,2.516155689954757690e-02,1.027988921850919724e-02,5.063177552074193954e-03,6.432042922824621201e-03
9.367791414260864258e-01,1.910764910280704498e-02,2.238806895911693573e-02,9.553264826536178589e-03,5.288588814437389374e-03,6.883238907903432846e-03
9.501641988754272461e-01,1.116879563778638840e-02,1.667871512472629547e-02,1.239339821040630341e-02,3.324817633256316185e-03,6.270189303904771805e-03
9.501523375511169434e-01,9.193431586027145386e-03,1.490478310734033585e-02,1.628744229674339294e-02,2.886752365157008171e-03,6.575257983058691025e-03
9.414643049240112305e-01,4.573381040245294571e-03,1.007824856787919998e-02,3.601235523819923401e-02,1.440177788026630878e-03,6.431531626731157303e-03
9.323163032531738281e-01,4.088504239916801453e-03,1.234986446797847748e-02,4.442933201789855957e-02,1.322296098805963993e-03,5.493808537721633911e-03
9.548683166503906250e-01,4.138986114412546158e-03,1.270004734396934509e-02,2.110918238759040833e-02,1.946800970472395420e-03,5.236753728240728378e-03
9.584904909133911133e-01,3.663936164230108261e-03,1.338496152311563492e-02,1.675849407911300659e-02,2.439447678625583649e-03,5.262578371912240982e-03
9.520664811134338379e-01,4.683701787143945694e-03,1.951980404555797577e-02,1.408709026873111725e-02,3.906125202775001526e-03,5.736684426665306091e-03
9.492126703262329102e-01,5.766810383647680283e-03,2.089666761457920074e-02,1.621026359498500824e-02,2.979811048135161400e-03,4.933790303766727448e-03
9.412339329719543457e-01,3.820420708507299423e-03,1.389606855809688568e-02,3.433167189359664917e-02,1.512262737378478050e-03,5.205601919442415237e-03
9.530334472656250000e-01,4.633916076272726059e-03,1.296187750995159149e-02,2.186586521565914154e-02,1.963835442438721657e-03,5.540922284126281738e-03
9.596465229988098145e-01,3.555676667019724846e-03,1.008060574531555176e-02,2.066226676106452942e-02,1.354221487417817116e-03,4.700784105807542801e-03
9.629630446434020996e-01,5.047971382737159729e-03,1.130922790616750717e-02,1.150408480316400528e-02,2.950542839244008064e-03,6.225188262760639191e-03
9.563789367675781250e-01,5.708975251764059067e-03,1.541383564472198486e-02,1.356956362724304199e-02,3.170307027176022530e-03,5.758389830589294434e-03
9.568140506744384766e-01,6.722692400217056274e-03,1.453268714249134064e-02,1.078676618635654449e-02,4.135458730161190033e-03,7.008366752415895462e-03
9.523313641548156738e-01,6.117934361100196838e-03,1.508838031440973282e-02,1.542284619063138962e-02,3.801417304202914238e-03,7.238027639687061310e-03
9.532655477523803711e-01,5.556060001254081726e-03,1.530961319804191589e-02,1.519857347011566162e-02,3.665050491690635681e-03,7.005125749856233597e-03
9.582194089889526367e-01,3.748442279174923897e-03,1.249892450869083405e-02,1.539939176291227341e-02,3.170232754200696945e-03,6.963718682527542114e-03
9.582217931747436523e-01,3.782353596761822701e-03,1.232693530619144440e-02,1.446395646780729294e-02,3.741262247785925865e-03,7.463737856596708298e-03
9.622296094894409180e-01,3.101217793300747871e-03,9.684788063168525696e-03,1.697338372468948364e-02,1.986389746889472008e-03,6.024591624736785889e-03
9.573226571083068848e-01,2.962122438475489616e-03,1.106382999569177628e-02,2.053669281303882599e-02,2.000899286940693855e-03,6.113725714385509491e-03
9.470250606536865234e-01,5.103654693812131882e-03,1.602062955498695374e-02,2.291052229702472687e-02,2.472041407600045204e-03,6.468190345913171768e-03
9.381651878356933594e-01,5.418561864644289017e-03,2.659352123737335205e-02,2.170724980533123016e-02,2.805473748594522476e-03,5.310114938765764236e-03
8.585288524627685547e-01,1.017909590154886246e-02,9.079313278198242188e-02,3.155029937624931335e-02,4.286272451281547546e-03,4.662445746362209320e-03
7.540185451507568359e-01,1.621542312204837799e-02,1.910006403923034668e-01,2.933592721819877625e-02,5.825336556881666183e-03,3.604138502851128578e-03
7.264125347137451172e-01,1.738298125565052032e-02,2.216650843620300293e-01,2.559209801256656647e-02,5.741594359278678894e-03,3.205721033737063408e-03
7.750644683837890625e-01,1.435915846377611160e-02,1.692786514759063721e-01,3.287725895643234253e-02,4.840308334678411484e-03,3.580211661756038666e-03
9.226166605949401855e-01,1.279990933835506439e-02,4.155696928501129150e-02,1.096511352807283401e-02,6.649066228419542313e-03,5.412198603153228760e-03
9.319068789482116699e-01,1.237574778497219086e-02,3.286245465278625488e-02,1.120162475854158401e-02,6.062426138669252396e-03,5.590947344899177551e-03
9.384675621986389160e-01,1.253311894834041595e-02,2.733436226844787598e-02,8.724359795451164246e-03,6.770747248083353043e-03,6.169687956571578979e-03
9.480893015861511230e-01,8.399785496294498444e-03,2.056117355823516846e-02,1.090979203581809998e-02,5.320977419614791870e-03,6.718886084854602814e-03
9.487174153327941895e-01,6.593871861696243286e-03,1.535628549754619598e-02,1.953730359673500061e-02,3.204190870746970177e-03,6.590913515537977219e-03
9.400784969329833984e-01,5.080300383269786835e-03,1.268715597689151764e-02,3.480274602770805359e-02,1.629053731448948383e-03,5.722254049032926559e-03
9.397135972976684570e-01,3.773398231714963913e-03,9.723892435431480408e-03,3.912121430039405823e-02,1.398508204147219658e-03,6.269484292715787888e-03
9.461850523948669434e-01,3.302048658952116966e-03,9.553714655339717865e-03,3.369713574647903442e-02,1.461137784644961357e-03,5.800918675959110260e-03
9.507218003273010254e-01,4.555654712021350861e-03,1.205675210803747177e-02,2.414214611053466797e-02,2.173210261389613152e-03,6.350514944642782211e-03
9.571877717971801758e-01,4.390193149447441101e-03,1.164236012846231461e-02,1.778475381433963776e-02,2.497655572369694710e-03,6.497324910014867783e-03
9.472969174385070801e-01,3.286600811406970024e-03,1.152253430336713791e-02,3.046573884785175323e-02,1.660129637457430363e-03,5.767913535237312317e-03
9.459828734397888184e-01,3.275906434282660484e-03,9.522822685539722443e-03,3.400650247931480408e-02,1.466581481508910656e-03,5.745363421738147736e-03
9.444737434387207031e-01,2.774475142359733582e-03,7.446419447660446167e-03,3.934431821107864380e-02,9.110380196943879128e-04,5.049987230449914932e-03
9.522933363914489746e-01,4.156745504587888718e-03,9.655450470745563507e-03,2.720367535948753357e-02,1.361873000860214233e-03,5.328982602804899216e-03
9.278810620307922363e-01,6.784677971154451370e-03,1.489839609712362289e-02,4.429326951503753662e-02,1.299549825489521027e-03,4.842949099838733673e-03
9.225848317146301270e-01,1.118257269263267517e-02,2.642811089754104614e-02,3.221926838159561157e-02,2.362384460866451263e-03,5.222755018621683121e-03
9.394118785858154297e-01,9.684428572654724121e-03,1.856680959463119507e-02,2.444826439023017883e-02,2.166871679946780205e-03,5.721867084503173828e-03
9.330204725265502930e-01,8.223591372370719910e-03,1.925864815711975098e-02,3.232419118285179138e-02,1.757621765136718750e-03,5.415392108261585236e-03
9.495154023170471191e-01,5.366980563849210739e-03,1.268034148961305618e-02,2.503993734717369080e-02,1.692685182206332684e-03,5.704711657017469406e-03
9.587600827217102051e-01,3.907108213752508163e-03,1.053771935403347015e-02,1.970408856868743896e-02,1.607702346518635750e-03,5.483273882418870926e-03
9.544686079025268555e-01,3.938747104257345200e-03,1.469800621271133423e-02,1.936293579638004303e-02,2.263727830722928047e-03,5.268057808279991150e-03
9.527208209037780762e-01,5.198033992201089859e-03,1.798388175666332245e-02,1.598327420651912689e-02,2.961100777611136436e-03,5.152921658009290695e-03
9.482100009918212891e-01,5.771309603005647659e-03,1.904478669166564941e-02,1.747874543070793152e-02,3.502279520034790039e-03,5.992791149765253067e-03
9.531587362289428711e-01,4.289042204618453979e-03,1.461991481482982635e-02,1.969078741967678070e-02,2.432911656796932220e-03,5.808510817587375641e-03
9.513196349143981934e-01,3.367546014487743378e-03,1.171966269612312317e-02,2.474513091146945953e-02,2.088188892230391502e-03,6.759930867701768875e-03
9.573671817779541016e-01,3.066437551751732826e-03,1.027595903724431992e-02,2.069992758333683014e-02,2.087570028379559517e-03,6.502861157059669495e-03
9.567177295684814453e-01,3.950154408812522888e-03,1.234765909612178802e-02,1.783147640526294708e-02,2.639551181346178055e-03,6.513505242764949799e-03
9.569694995880126953e-01,3.987416159361600876e-03,1.594510301947593689e-02,1.404726225882768631e-02,3.290818771347403526e-03,5.759789142757654190e-03
9.433799386024475098e-01,6.995900534093379974e-03,2.410854957997798920e-02,1.383441779762506485e-02,5.478732287883758545e-03,6.202470976859331131e-03
9.301208257675170898e-01,1.026804838329553604e-02,3.209725394845008850e-02,9.065837599337100983e-03,1.086185406893491745e-02,7.586282677948474884e-03
9.002170562744140625e-01,1.537365466356277466e-02,4.635439440608024597e-02,2.417397685348987579e-02,6.758008152246475220e-03,7.123020943254232407e-03
8.778645992279052734e-01,2.110158652067184448e-02,6.144436821341514587e-02,2.815217524766921997e-02,5.861355923116207123e-03,5.575907882302999496e-03
8.469987511634826660e-01,3.683024644851684570e-02,6.379149854183197021e-02,4.229401797056198120e-02,4.459008574485778809e-03,5.626398138701915741e-03
8.802790045738220215e-01,1.971063017845153809e-02,4.817793518304824829e-02,4.421110451221466064e-02,2.848612144589424133e-03,4.772739019244909286e-03
9.247520565986633301e-01,1.494668424129486084e-02,2.416913583874702454e-02,2.863987348973751068e-02,2.339776372537016869e-03,5.152461584657430649e-03
9.303683042526245117e-01,7.076980546116828918e-03,2.653919160366058350e-02,2.924415282905101776e-02,2.039528684690594673e-03,4.731860943138599396e-03
9.501778483390808105e-01,3.102230373769998550e-03,1.352908089756965637e-02,2.633281424641609192e-02,1.464035012759268284e-03,5.394030828028917313e-03
9.482019543647766113e-01,3.537514479830861092e-03,1.186099834740161896e-02,2.792221680283546448e-02,1.713138655759394169e-03,6.764128804206848145e-03
9.558795690536499023e-01,2.297279890626668930e-03,7.125972304493188858e-03,2.896058931946754456e-02,8.075103978626430035e-04,4.929164890199899673e-03
9.260207414627075195e-01,2.612808486446738243e-03,7.928768172860145569e-03,5.801776796579360962e-02,6.473750108852982521e-04,4.772456828504800797e-03
9.103537797927856445e-01,5.273548886179924011e-03,9.843811392784118652e-03,6.894273310899734497e-02,7.588802836835384369e-04,4.827333148568868637e-03
8.991695642471313477e-01,1.090226229280233383e-02,1.771236024796962738e-02,6.646624952554702759e-02,1.155145117081701756e-03,4.594499710947275162e-03
9.239063858985900879e-01,9.040589444339275360e-03,1.708996295928955078e-02,4.348091036081314087e-02,1.597798662260174751e-03,4.884433001279830933e-03
9.247841835021972656e-01,1.249339990317821503e-02,3.052304498851299286e-02,2.400480583310127258e-02,3.089257515966892242e-03,5.105323623865842819e-03
9.240009188652038574e-01,8.903831243515014648e-03,2.950965240597724915e-02,2.989673800766468048e-02,2.684086794033646584e-03,5.004749633371829987e-03
9.531502723693847656e-01,6.280196364969015121e-03,1.633138582110404968e-02,1.640120893716812134e-02,2.545942785218358040e-03,5.290912464261054993e-03
9.543349742889404297e-01,4.709184169769287109e-03,1.526277046650648117e-02,1.876796036958694458e-02,1.958169043064117432e-03,4.966969136148691177e-03
9.486719369888305664e-01,4.652272909879684448e-03,1.443183515220880508e-02,2.506819553673267365e-02,1.860295305959880352e-03,5.315325688570737839e-03
9.501898884773254395e-01,4.827148746699094772e-03,1.829710602760314941e-02,1.800054125487804413e-02,2.865384332835674286e-03,5.819877143949270248e-03
9.393282532691955566e-01,5.370339844375848770e-03,2.565603516995906830e-02,1.962962001562118530e-02,3.705803072080016136e-03,6.310135126113891602e-03
9.504203796386718750e-01,4.749036394059658051e-03,1.904584839940071106e-02,1.567428931593894958e-02,3.653737250715494156e-03,6.456512492150068283e-03
9.457261562347412109e-01,5.352282896637916565e-03,2.100188471376895905e-02,1.860298402607440948e-02,2.986488165333867073e-03,6.330180913209915161e-03
9.592158198356628418e-01,4.222487565129995346e-03,1.000259537249803543e-02,1.842924952507019043e-02,1.703926362097263336e-03,6.425956264138221741e-03
9.447135925292968750e-01,4.587476141750812531e-03,9.868132881820201874e-03,3.243226557970046997e-02,1.337157562375068665e-03,7.061451673507690430e-03
9.396024346351623535e-01,4.644531756639480591e-03,8.662385866045951843e-03,3.761167824268341064e-02,1.336787943728268147e-03,8.142044767737388611e-03
9.228452444076538086e-01,6.180670112371444702e-03,1.063182577490806580e-02,5.036298558115959167e-02,1.501511898823082447e-03,8.477598428726196289e-03
9.331831336021423340e-01,7.061085198074579239e-03,1.152252033352851868e-02,3.873995319008827209e-02,1.669195597060024738e-03,7.823986001312732697e-03
9.422449469566345215e-01,5.204148590564727783e-03,1.254687923938035965e-02,3.117477707564830780e-02,1.961134141311049461e-03,6.868146359920501709e-03
9.369826316833496094e-01,4.744840785861015320e-03,1.287568733096122742e-02,3.767659515142440796e-02,1.621350180357694626e-03,6.098789162933826447e-03
9.542973041534423828e-01,6.731415633112192154e-03,1.320184487849473953e-02,1.707912236452102661e-02,2.491062274202704430e-03,6.199292838573455811e-03
9.516064524650573730e-01,5.709864199161529541e-03,1.397521421313285828e-02,2.026133984327316284e-02,2.395968418568372726e-03,6.051091942936182022e-03
9.419996738433837891e-01,8.582457900047302246e-03,2.072092890739440918e-02,1.935334876179695129e-02,3.284188220277428627e-03,6.059387233108282089e-03
9.504638910293579102e-01,9.300699457526206970e-03,1.644142530858516693e-02,1.377297937870025635e-02,3.478831145912408829e-03,6.542180664837360382e-03
9.478796720504760742e-01,6.169264670461416245e-03,2.030419558286666870e-02,1.606070064008235931e-02,3.493201686069369316e-03,6.093089003115892410e-03
9.521036148071289062e-01,6.824406329542398453e-03,1.865504309535026550e-02,1.267203409224748611e-02,3.795703640207648277e-03,5.949351005256175995e-03
9.500580430030822754e-01,6.518428679555654526e-03,1.553079206496477127e-02,1.842797175049781799e-02,2.904757857322692871e-03,6.559987086802721024e-03
9.518120288848876953e-01,5.583963356912136078e-03,1.390992850065231323e-02,2.010067924857139587e-02,2.490009181201457977e-03,6.103467661887407303e-03
9.451212286949157715e-01,5.816806107759475708e-03,1.309055369347333908e-02,2.726045064628124237e-02,2.095982199534773827e-03,6.615086458623409271e-03
9.481243491172790527e-01,4.405053798109292984e-03,8.529428392648696899e-03,3.154895082116127014e-02,1.320529030635952950e-03,6.071717012673616409e-03
9.369500279426574707e-01,2.346464199945330620e-03,4.839571192860603333e-03,5.044447258114814758e-02,5.775946774519979954e-04,4.842034075409173965e-03
9.358013272285461426e-01,2.489920239895582199e-03,4.175096284598112106e-03,5.293730646371841431e-02,4.555955529212951660e-04,4.140758886933326721e-03
9.249681234359741211e-01,2.402204321697354317e-03,3.139611100777983665e-03,6.586165726184844971e-02,2.779296482913196087e-04,3.350397339090704918e-03
9.427170157432556152e-01,2.994218608364462852e-03,4.254711791872978210e-03,4.591340944170951843e-02,4.501076473388820887e-04,3.670409554615616798e-03
9.544536471366882324e-01,5.412457976490259171e-03,5.973450373858213425e-03,2.995576709508895874e-02,6.373922224156558514e-04,3.567238338291645050e-03
9.600606560707092285e-01,5.534620955586433411e-03,6.724346429109573364e-03,2.270580828189849854e-02,9.010031935758888721e-04,4.073393065482378006e-03
9.589251279830932617e-01,4.301408771425485611e-03,8.396793156862258911e-03,2.335799112915992737e-02,1.007357030175626278e-03,4.011294804513454437e-03
9.560793638229370117e-01,4.809107631444931030e-03,8.675489574670791626e-03,2.422950975596904755e-02,1.226937747560441494e-03,4.979601129889488220e-03
9.587110877037048340e-01,3.484348766505718231e-03,9.728139266371726990e-03,2.243634499609470367e-02,1.252244459465146065e-03,4.387810826301574707e-03
9.443140625953674316e-01,3.869535168632864952e-03,2.173013426363468170e-02,2.283403463661670685e-02,2.397852251306176186e-03,4.854382015764713287e-03
9.434180259704589844e-01,4.394730087369680405e-03,2.575852721929550171e-02,1.877888478338718414e-02,2.891245065256953239e-03,4.758420400321483612e-03
9.114828109741210938e-01,9.860672987997531891e-03,4.267380386590957642e-02,2.766067162156105042e-02,3.390607191249728203e-03,4.931380040943622589e-03
9.210858345031738281e-01,7.904278114438056946e-03,3.416110202670097351e-02,3.033354319632053375e-02,2.322933869436383247e-03,4.192123189568519592e-03
9.290737509727478027e-01,1.000681798905134201e-02,2.837872691452503204e-02,2.505090646445751190e-02,2.587728668004274368e-03,4.901900887489318848e-03
9.396105408668518066e-01,8.103761821985244751e-03,2.544929832220077515e-02,1.882464066147804260e-02,2.984838793054223061e-03,5.026890896260738373e-03
9.453964829444885254e-01,4.839466419070959091e-03,2.212578244507312775e-02,1.802376843988895416e-02,3.365271259099245071e-03,6.249165628105401993e-03
9.482270479202270508e-01,4.678223747760057449e-03,2.077575214207172394e-02,1.407962664961814880e-02,4.754886962473392487e-03,7.484500762075185776e-03
9.422470927238464355e-01,8.641379885375499725e-03,2.309937961399555206e-02,1.311444491147994995e-02,5.330465268343687057e-03,7.567316759377717972e-03
9.382483959197998047e-01,1.102089788764715195e-02,1.971297711133956909e-02,2.008244954049587250e-02,3.635309636592864990e-03,7.299946155399084091e-03
9.332532286643981934e-01,1.550753321498632431e-02,2.045098505914211273e-02,2.191488258540630341e-02,2.861071610823273659e-03,6.012433208525180817e-03
9.330126047134399414e-01,2.045925334095954895e-02,1.922438293695449829e-02,1.822563633322715759e-02,3.027725499123334885e-03,6.050377152860164642e-03
9.371160268783569336e-01,1.822337321937084198e-02,2.132165431976318359e-02,1.229177694767713547e-02,4.346471745520830154e-03,6.700645200908184052e-03
9.518159627914428711e-01,1.020684093236923218e-02,1.635114103555679321e-02,1.119809690862894058e-02,3.848151070997118950e-03,6.579732522368431091e-03
9.544671773910522461e-01,7.788145914673805237e-03,1.753490976989269257e-02,7.992809638381004333e-03,5.508977454155683517e-03,6.707923952490091324e-03
9.491447806358337402e-01,6.659340579062700272e-03,1.863061077892780304e-02,1.381113938987255096e-02,4.622582346200942993e-03,7.131390273571014404e-03
9.457079172134399414e-01,1.035152375698089600e-02,2.021476440131664276e-02,1.096215192228555679e-02,5.573207046836614609e-03,7.190457079559564590e-03
9.489393830299377441e-01,5.591709632426500320e-03,1.962568610906600952e-02,1.729750446975231171e-02,3.103049704805016518e-03,5.442501977086067200e-03
9.540259242057800293e-01,8.564711548388004303e-03,1.849005930125713348e-02,8.939967490732669830e-03,4.327000118792057037e-03,5.652359686791896820e-03
9.545844197273254395e-01,6.486677564680576324e-03,1.740126684308052063e-02,1.131480000913143158e-02,4.087030887603759766e-03,6.125791929662227631e-03
9.643090963363647461e-01,3.179152961820363998e-03,1.003761868923902512e-02,1.430548727512359619e-02,2.177498769015073776e-03,5.991103593260049820e-03
9.643478393554687500e-01,2.690558088943362236e-03,9.548995643854141235e-03,1.664840988814830780e-02,1.663015224039554596e-03,5.101287737488746643e-03
9.493977427482604980e-01,3.159099956974387169e-03,1.200897619128227234e-02,2.800828218460083008e-02,1.709827105514705181e-03,5.715962965041399002e-03
9.484819769859313965e-01,4.837423563003540039e-03,1.638000085949897766e-02,2.305901795625686646e-02,2.122139558196067810e-03,5.119328852742910385e-03
9.497191309928894043e-01,5.667868535965681076e-03,2.037488855421543121e-02,1.613922789692878723e-02,3.028027713298797607e-03,5.070832557976245880e-03
9.406400322914123535e-01,7.859936915338039398e-03,2.379863336682319641e-02,1.741329580545425415e-02,4.055960569530725479e-03,6.232138723134994507e-03
9.543130993843078613e-01,8.150598965585231781e-03,1.433373149484395981e-02,1.272292993962764740e-02,3.452112432569265366e-03,7.027538958936929703e-03
9.564704298973083496e-01,4.364131949841976166e-03,1.312213949859142303e-02,1.646615006029605865e-02,2.719896147027611732e-03,6.857252679765224457e-03
9.504711031913757324e-01,4.323616158217191696e-03,1.435403246432542801e-02,2.101455815136432648e-02,2.691779052838683128e-03,7.144918665289878845e-03
9.438485503196716309e-01,4.526510369032621384e-03,1.208038441836833954e-02,3.125915303826332092e-02,1.670499448664486408e-03,6.614891346544027328e-03
9.326425790786743164e-01,8.124256506562232971e-03,2.697541192173957825e-02,2.332404255867004395e-02,3.064958611503243446e-03,5.868750158697366714e-03
9.276372790336608887e-01,5.568942520767450333e-03,1.777377538383007050e-02,4.334222525358200073e-02,1.135869766585528851e-03,4.541875794529914856e-03
9.127240777015686035e-01,7.033790461719036102e-03,2.007405087351799011e-02,5.305493995547294617e-02,1.481517800129950047e-03,5.631678737699985504e-03
8.828708529472351074e-01,3.855834947898983955e-03,1.354654040187597275e-02,9.399148821830749512e-02,7.008385728113353252e-04,5.034432280808687210e-03
8.903696537017822266e-01,4.900538828223943710e-03,2.583586424589157104e-02,7.194422185420989990e-02,1.514733536168932915e-03,5.435053724795579910e-03
9.194364547729492188e-01,4.225202370434999466e-03,2.364125847816467285e-02,4.403555765748023987e-02,2.476317575201392174e-03,6.185205187648534775e-03
9.410109519958496094e-01,6.170979700982570648e-03,2.597788721323013306e-02,1.607089675962924957e-02,4.692540969699621201e-03,6.076851394027471542e-03
9.331908822059631348e-01,6.122349761426448822e-03,3.248603269457817078e-02,1.767123676836490631e-02,4.716110415756702423e-03,5.813359282910823822e-03
9.478206634521484375e-01,7.509212940931320190e-03,2.378849498927593231e-02,6.720874924212694168e-03,7.671331055462360382e-03,6.489454302936792374e-03
9.531797170639038086e-01,5.795118864625692368e-03,1.820616982877254486e-02,1.251561753451824188e-02,4.073123447597026825e-03,6.230200175195932388e-03
9.461036324501037598e-01,1.045059226453304291e-02,2.050022222101688385e-02,9.956222958862781525e-03,5.877076648175716400e-03,7.112209219485521317e-03
9.351386427879333496e-01,9.542976506054401398e-03,2.771214395761489868e-02,1.810196973383426666e-02,3.798765363171696663e-03,5.705364048480987549e-03
9.402024745941162109e-01,1.127217430621385574e-02,2.153727784752845764e-02,1.799997314810752869e-02,2.983082784339785576e-03,6.005104631185531616e-03
9.435613751411437988e-01,1.003710087388753891e-02,2.286566235125064850e-02,1.443540677428245544e-02,3.364640986546874046e-03,5.735812243074178696e-03
9.413684010505676270e-01,1.008474547415971756e-02,2.601836994290351868e-02,1.249362714588642120e-02,4.497877322137355804e-03,5.536953918635845184e-03
9.432141184806823730e-01,6.210406310856342316e-03,2.688021399080753326e-02,1.414099428802728653e-02,4.087378270924091339e-03,5.466856993734836578e-03
9.590030908584594727e-01,6.544212345033884048e-03,1.438843458890914917e-02,9.347686544060707092e-03,4.167777486145496368e-03,6.548832170665264130e-03
9.614990353584289551e-01,4.672461654990911484e-03,1.488896273076534271e-02,9.173327125608921051e-03,3.729739924892783165e-03,6.036436650902032852e-03
9.596208333969116211e-01,4.591522272676229477e-03,1.430962234735488892e-02,1.242914982140064240e-02,3.109813202172517776e-03,5.939041264355182648e-03
9.513418674468994141e-01,4.175273235887289047e-03,1.415549870580434799e-02,2.269564755260944366e-02,1.993657788261771202e-03,5.638228729367256165e-03
9.564297199249267578e-01,5.138739943504333496e-03,1.544165238738059998e-02,1.445136964321136475e-02,2.947591478005051613e-03,5.590895190834999084e-03
9.408597946166992188e-01,4.934222903102636337e-03,1.815173402428627014e-02,2.808027155697345734e-02,2.244698815047740936e-03,5.729336291551589966e-03
9.379170536994934082e-01,8.745728991925716400e-03,2.424187399446964264e-02,1.925615407526493073e-02,3.834109287708997726e-03,6.005010567605495453e-03
9.415332078933715820e-01,7.766219787299633026e-03,2.052926272153854370e-02,2.055553346872329712e-02,3.308977698907256126e-03,6.306841038167476654e-03
9.449583888053894043e-01,7.531282026320695877e-03,2.204843424260616302e-02,1.643755286931991577e-02,3.423613496124744415e-03,5.600743461400270462e-03
9.311634898185729980e-01,4.837773740291595459e-03,1.689670979976654053e-02,3.848433122038841248e-02,2.140434458851814270e-03,6.477294024080038071e-03
9.338602423667907715e-01,5.443318281322717667e-03,2.336571179330348969e-02,2.849110402166843414e-02,2.765284851193428040e-03,6.074243690818548203e-03
9.423202872276306152e-01,4.190672654658555984e-03,1.972220465540885925e-02,2.645096927881240845e-02,2.155342372134327888e-03,5.160348024219274521e-03
9.295749664306640625e-01,4.654974211007356644e-03,2.646042965352535248e-02,3.168663755059242249e-02,2.488327212631702423e-03,5.134777631610631943e-03
9.441558122634887695e-01,4.440393764525651932e-03,2.517972514033317566e-02,1.904727704823017120e-02,2.560451393947005272e-03,4.616270773112773895e-03
9.445237517356872559e-01,5.262546241283416748e-03,2.073512412607669830e-02,2.290541119873523712e-02,2.067169174551963806e-03,4.506124183535575867e-03
9.387537837028503418e-01,6.479312665760517120e-03,2.504119090735912323e-02,2.223976328969001770e-02,2.610855503007769585e-03,4.875171463936567307e-03
9.439984560012817383e-01,9.348186664283275604e-03,2.029464580118656158e-02,1.793640479445457458e-02,3.019157331436872482e-03,5.403310526162385941e-03
9.409486651420593262e-01,7.664864417165517807e-03,2.218221686780452728e-02,2.066866680979728699e-02,3.060052637010812759e-03,5.475419107824563980e-03
9.441569447517395020e-01,9.967473335564136505e-03,2.144529484212398529e-02,1.302287355065345764e-02,4.639212973415851593e-03,6.768214982002973557e-03
9.328247904777526855e-01,1.008106674998998642e-02,2.380178496241569519e-02,2.173759043216705322e-02,3.965726122260093689e-03,7.588944397866725922e-03
9.400894641876220703e-01,7.203761488199234009e-03,2.287950552999973297e-02,2.047777548432350159e-02,3.157082479447126389e-03,6.192537024617195129e-03
9.472233653068542480e-01,5.662376061081886292e-03,1.998490653932094574e-02,1.867644302546977997e-02,2.786455908790230751e-03,5.666486918926239014e-03
9.535273313522338867e-01,5.142319016158580780e-03,1.740510389208793640e-02,1.450518704950809479e-02,3.353640204295516014e-03,6.066447123885154724e-03
9.439457654953002930e-01,6.645992398262023926e-03,2.438884414732456207e-02,1.551919989287853241e-02,3.898513736203312874e-03,5.601805169135332108e-03
9.487090706825256348e-01,7.315648254007101059e-03,1.953497715294361115e-02,9.328375570476055145e-03,7.504204753786325455e-03,7.607662118971347809e-03
9.328231215476989746e-01,4.858647938817739487e-03,1.948933303356170654e-02,3.414852172136306763e-02,2.498663729056715965e-03,6.181668955832719803e-03
9.405882358551025391e-01,6.695017684251070023e-03,1.805258542299270630e-02,2.560147829353809357e-02,2.611500676721334457e-03,6.451228167861700058e-03
9.022771716117858887e-01,8.100974373519420624e-03,2.252028509974479675e-02,5.928108468651771545e-02,1.718585612252354622e-03,6.101882085204124451e-03
9.161155223846435547e-01,8.510445244610309601e-03,2.144358120858669281e-02,4.586235806345939636e-02,2.064516767859458923e-03,6.003466900438070297e-03
9.274786114692687988e-01,1.774233579635620117e-02,2.885194495320320129e-02,1.616332307457923889e-02,3.991855774074792862e-03,5.772014148533344269e-03
9.325358867645263672e-01,1.600685901939868927e-02,2.346801757812500000e-02,1.775323040783405304e-02,3.897703951224684715e-03,6.338271778076887131e-03
9.341225028038024902e-01,1.562320441007614136e-02,2.466028556227684021e-02,1.342879142612218857e-02,4.909176845103502274e-03,7.256068289279937744e-03
9.374808073043823242e-01,1.415040064603090286e-02,1.868564821779727936e-02,1.743499562144279480e-02,4.050171468406915665e-03,8.197950199246406555e-03
9.401084184646606445e-01,1.013871375471353531e-02,1.903809420764446259e-02,2.013710699975490570e-02,3.189159324392676353e-03,7.388515397906303406e-03
9.508977532386779785e-01,7.057433482259511948e-03,1.716353558003902435e-02,1.243799272924661636e-02,4.397872835397720337e-03,8.045476861298084259e-03
9.491587281227111816e-01,5.212485324591398239e-03,1.834509521722793579e-02,1.583537831902503967e-02,4.157459829002618790e-03,7.290890440344810486e-03
9.451287984848022461e-01,9.262888692319393158e-03,2.159775048494338989e-02,9.165779687464237213e-03,7.117366418242454529e-03,7.727368734776973724e-03
9.416220784187316895e-01,8.763663470745086670e-03,2.450689673423767090e-02,7.875883020460605621e-03,9.513841010630130768e-03,7.717526517808437347e-03
9.448542594909667969e-01,7.493954617530107498e-03,2.451596967875957489e-02,9.863204322755336761e-03,6.718197371810674667e-03,6.554288789629936218e-03
9.556775689125061035e-01,7.166385184973478317e-03,1.847030781209468842e-02,7.843717001378536224e-03,5.118247121572494507e-03,5.723845679312944412e-03
9.589901566505432129e-01,5.107080563902854919e-03,1.696965098381042480e-02,9.678240865468978882e-03,3.814188065007328987e-03,5.440732929855585098e-03
9.546152353286743164e-01,4.415453411638736725e-03,1.687751524150371552e-02,1.675663143396377563e-02,2.370134694501757622e-03,4.965012427419424057e-03
9.590477943420410156e-01,4.958492238074541092e-03,1.421718206256628036e-02,1.243657991290092468e-02,3.296723589301109314e-03,6.043206900358200073e-03
9.461649060249328613e-01,7.038633339107036591e-03,1.695132441818714142e-02,1.947202347218990326e-02,3.434937214478850365e-03,6.938158534467220306e-03
9.568805098533630371e-01,6.987359840422868729e-03,1.121515966951847076e-02,1.547900866717100143e-02,2.598404185846447945e-03,6.839412730187177658e-03
9.495894908905029297e-01,5.608474370092153549e-03,1.233882550150156021e-02,2.219003997743129730e-02,2.716298680752515793e-03,7.556883152574300766e-03
9.504700303077697754e-01,8.337424136698246002e-03,1.470179110765457153e-02,1.579362712800502777e-02,3.520081052556633949e-03,7.177062332630157471e-03
9.537315964698791504e-01,6.055187899619340897e-03,1.416220515966415405e-02,1.566362380981445312e-02,3.181098960340023041e-03,7.206297479569911957e-03
9.547426104545593262e-01,6.385612767189741135e-03,1.539844460785388947e-02,1.082870922982692719e-02,4.691450390964746475e-03,7.953088730573654175e-03
9.568127393722534180e-01,6.847533397376537323e-03,1.479903142899274826e-02,9.222807362675666809e-03,4.817037377506494522e-03,7.500717882066965103e-03
9.549197554588317871e-01,5.822581704705953598e-03,1.506948750466108322e-02,1.053921226412057877e-02,5.446193739771842957e-03,8.202742785215377808e-03
9.523288011550903320e-01,5.614154506474733353e-03,1.742385700345039368e-02,1.334651093930006027e-02,4.187096841633319855e-03,7.099762558937072754e-03
9.569104313850402832e-01,4.753121640533208847e-03,1.619239896535873413e-02,1.215559709817171097e-02,3.609381150454282761e-03,6.379033904522657394e-03
9.487469196319580078e-01,5.397971719503402710e-03,2.081226557493209839e-02,1.250353548675775528e-02,5.442750174552202225e-03,7.096497807651758194e-03
9.468129873275756836e-01,6.627243477851152420e-03,2.287990786135196686e-02,1.298996806144714355e-02,4.591706674546003342e-03,6.098186131566762924e-03
9.407210350036621094e-01,5.994165316224098206e-03,2.485173009335994720e-02,1.819360256195068359e-02,3.936476074159145355e-03,6.303084082901477814e-03
9.294142723083496094e-01,1.058300677686929703e-02,3.052827902138233185e-02,1.609558798372745514e-02,5.910015199333429337e-03,7.468840572983026505e-03
9.008642435073852539e-01,8.101060986518859863e-03,3.205247595906257629e-02,5.187764018774032593e-02,2.004611305892467499e-03,5.100006237626075745e-03
9.112823009490966797e-01,1.111837755888700485e-02,3.020406700670719147e-02,3.922634199261665344e-02,2.562739187851548195e-03,5.606140941381454468e-03
9.025486707687377930e-01,1.725785806775093079e-02,3.198993951082229614e-02,4.077846184372901917e-02,2.329855458810925484e-03,5.095085594803094864e-03
8.590984940528869629e-01,5.564013496041297913e-02,4.173241928219795227e-02,3.237355127930641174e-02,4.260448738932609558e-03,6.895052734762430191e-03
9.003752470016479492e-01,3.980201482772827148e-02,2.935159206390380859e-02,1.849544234573841095e-02,4.857037216424942017e-03,7.118676323443651199e-03
8.974701762199401855e-01,4.597418010234832764e-02,2.782001905143260956e-02,1.069614384323358536e-02,8.721949532628059387e-03,9.317637421190738678e-03
9.157788157463073730e-01,2.545217424631118774e-02,3.176954016089439392e-02,1.344007067382335663e-02,6.342328153550624847e-03,7.217082194983959198e-03
9.475675225257873535e-01,9.043063037097454071e-03,1.902192644774913788e-02,1.319942343980073929e-02,4.508877638727426529e-03,6.659125443547964096e-03
9.447911381721496582e-01,8.984673768281936646e-03,2.045231871306896210e-02,1.566369272768497467e-02,3.706229384988546371e-03,6.401872728019952774e-03
9.470338225364685059e-01,8.253666572272777557e-03,2.067419327795505524e-02,1.145714800804853439e-02,5.504602100700139999e-03,7.076469250023365021e-03
9.446122050285339355e-01,6.718859542161226273e-03,1.950752176344394684e-02,1.863054558634757996e-02,3.974302206188440323e-03,6.556548178195953369e-03
9.481413960456848145e-01,7.395912427455186844e-03,1.935199461877346039e-02,1.295041944831609726e-02,5.295615643262863159e-03,6.864639464765787125e-03
9.413539171218872070e-01,7.741681765764951706e-03,2.288910560309886932e-02,1.691222563385963440e-02,4.781211260706186295e-03,6.321897730231285095e-03
9.189914464950561523e-01,5.609206855297088623e-03,1.725449413061141968e-02,5.010264366865158081e-02,1.985120819881558418e-03,6.057152524590492249e-03
9.416664838790893555e-01,2.642602426931262016e-03,1.200179290026426315e-02,3.674096986651420593e-02,1.268239924684166908e-03,5.679885391145944595e-03
9.365078806877136230e-01,3.161763306707143784e-03,1.249742694199085236e-02,4.038651660084724426e-02,1.350326579995453358e-03,6.096099968999624252e-03
9.296838641166687012e-01,2.683138241991400719e-03,1.997252553701400757e-02,4.118472337722778320e-02,1.517808879725635052e-03,4.957949277013540268e-03
9.620475172996520996e-01,3.650977043434977531e-03,1.379015296697616577e-02,1.191306114196777344e-02,2.759499941021203995e-03,5.838725250214338303e-03
9.467632174491882324e-01,3.427909221500158310e-03,2.247573994100093842e-02,1.653397455811500549e-02,4.456256981939077377e-03,6.342908833175897598e-03
9.442356228828430176e-01,4.102935548871755600e-03,2.352309226989746094e-02,1.458339486271142960e-02,6.346215028315782547e-03,7.208668161183595657e-03
9.416390061378479004e-01,4.252232145518064499e-03,2.195137552917003632e-02,1.955773495137691498e-02,5.435913335531949997e-03,7.163836620748043060e-03
9.497946500778198242e-01,3.323191544041037560e-03,1.919908635318279266e-02,1.469611003994941711e-02,5.412850528955459595e-03,7.574195507913827896e-03
9.267536401748657227e-01,5.729554221034049988e-03,3.260814398527145386e-02,2.496672980487346649e-02,4.272250458598136902e-03,5.669616628438234329e-03
9.453694224357604980e-01,5.061874631792306900e-03,1.987443864345550537e-02,2.187371253967285156e-02,2.304598689079284668e-03,5.515968427062034607e-03
9.523587226867675781e-01,4.707544576376676559e-03,1.910600066184997559e-02,1.551965996623039246e-02,2.635522745549678802e-03,5.672599654644727707e-03
9.360244274139404297e-01,6.269555538892745972e-03,2.230852656066417694e-02,2.726379968225955963e-02,2.249913522973656654e-03,5.883720237761735916e-03
9.513197541236877441e-01,4.893472883850336075e-03,1.591056957840919495e-02,2.012098953127861023e-02,2.058118814602494240e-03,5.697174463421106339e-03
9.521070718765258789e-01,5.711680278182029724e-03,1.636280305683612823e-02,1.503246091306209564e-02,3.487486857920885086e-03,7.298432290554046631e-03
9.450414776802062988e-01,7.087918929755687714e-03,2.160731889307498932e-02,1.359460037201642990e-02,5.392685066908597946e-03,7.275929674506187439e-03
9.439111351966857910e-01,1.018415298312902451e-02,1.952145993709564209e-02,1.259210146963596344e-02,5.817830096930265427e-03,7.973396219313144684e-03
9.393573999404907227e-01,8.726961910724639893e-03,2.476093918085098267e-02,1.316956896334886551e-02,6.601015571504831314e-03,7.384168915450572968e-03
9.382146596908569336e-01,1.047412864863872528e-02,2.634976804256439209e-02,1.172941084951162338e-02,6.273175124078989029e-03,6.958784069865942001e-03
9.373028874397277832e-01,7.854502648115158081e-03,2.682550810277462006e-02,1.575061120092868805e-02,5.560203455388545990e-03,6.706233136355876923e-03
9.514915347099304199e-01,6.592023652046918869e-03,2.050569467246532440e-02,1.020917668938636780e-02,5.032305140048265457e-03,6.169246509671211243e-03
9.259992837905883789e-01,8.695109747350215912e-03,3.026476316154003143e-02,2.700453996658325195e-02,2.894890261813998222e-03,5.141274072229862213e-03
9.220600128173828125e-01,2.194173075258731842e-02,3.149801120162010193e-02,1.473923306912183762e-02,4.326861817389726639e-03,5.434102844446897507e-03
9.180734753608703613e-01,1.993689686059951782e-02,2.678303606808185577e-02,2.660958841443061829e-02,3.035746514797210693e-03,5.561208818107843399e-03
9.168740510940551758e-01,2.401686459779739380e-02,3.141929209232330322e-02,1.611559838056564331e-02,5.121625959873199463e-03,6.452635396271944046e-03
9.232014417648315430e-01,2.558136545121669769e-02,2.459293790161609650e-02,1.249705068767070770e-02,5.756298545747995377e-03,8.370917290449142456e-03
9.234695434570312500e-01,1.351306773722171783e-02,3.657818958163261414e-02,1.287270896136760712e-02,6.756021175533533096e-03,6.810506805777549744e-03
9.446593523025512695e-01,6.949483416974544525e-03,2.306401729583740234e-02,1.414675917476415634e-02,4.435779061168432236e-03,6.744601763784885406e-03
9.386411905288696289e-01,6.332146003842353821e-03,3.093496523797512054e-02,1.279734447598457336e-02,5.344094242900609970e-03,5.950330290943384171e-03
9.313063621520996094e-01,7.551059126853942871e-03,3.245463594794273376e-02,1.690909639000892639e-02,5.727175623178482056e-03,6.051769014447927475e-03
9.378290772438049316e-01,7.964042015373706818e-03,2.798761799931526184e-02,1.602861844003200531e-02,4.484264180064201355e-03,5.706539377570152283e-03
9.365156888961791992e-01,6.601207889616489410e-03,2.118005976080894470e-02,2.682398632168769836e-02,2.872223500162363052e-03,6.006821058690547943e-03
9.403507709503173828e-01,7.788001094013452530e-03,2.326238527894020081e-02,1.879866234958171844e-02,3.922732546925544739e-03,5.877317860722541809e-03
9.411116242408752441e-01,6.719929166138172150e-03,2.071101777255535126e-02,2.297904901206493378e-02,2.673250157386064529e-03,5.805113352835178375e-03
9.432338476181030273e-01,6.705444306135177612e-03,2.891869843006134033e-02,1.133638713508844376e-02,4.656943026930093765e-03,5.148594733327627182e-03
9.496130347251892090e-01,8.934759534895420074e-03,2.236337400972843170e-02,6.525025703012943268e-03,6.687207147479057312e-03,5.876593757420778275e-03
9.540544748306274414e-01,6.110450718551874161e-03,2.012271247804164886e-02,8.180079981684684753e-03,5.577332340180873871e-03,5.954881664365530014e-03
9.525443911552429199e-01,5.859317258000373840e-03,2.005436830222606659e-02,8.579663001000881195e-03,6.342378910630941391e-03,6.620024796575307846e-03
9.413823485374450684e-01,5.415752064436674118e-03,2.334368973970413208e-02,1.898775808513164520e-02,4.134861752390861511e-03,6.735677830874919891e-03
9.361839294433593750e-01,4.978345241397619247e-03,2.900177612900733948e-02,1.515689585357904434e-02,7.204508408904075623e-03,7.474650628864765167e-03
9.408747553825378418e-01,4.401438403874635696e-03,2.429506368935108185e-02,1.742666400969028473e-02,5.420544650405645370e-03,7.581577170640230179e-03
9.469560980796813965e-01,4.753542598336935043e-03,1.946244761347770691e-02,1.700941845774650574e-02,4.659079015254974365e-03,7.159423083066940308e-03
9.478587508201599121e-01,7.681475020945072174e-03,1.874733157455921173e-02,1.165403146296739578e-02,6.131209433078765869e-03,7.927011698484420776e-03
9.523031711578369141e-01,6.488224957138299942e-03,1.707861758768558502e-02,1.479678414762020111e-02,3.251173999160528183e-03,6.082093343138694763e-03
9.441677927970886230e-01,6.419559475034475327e-03,2.409537509083747864e-02,1.727207191288471222e-02,2.927218331024050713e-03,5.118006374686956406e-03
9.478721618652343750e-01,5.190949421375989914e-03,1.998887397348880768e-02,1.975070312619209290e-02,2.318684011697769165e-03,4.878726787865161896e-03
9.281489849090576172e-01,6.758441217243671417e-03,4.004706442356109619e-02,1.679059490561485291e-02,3.832093672826886177e-03,4.422831349074840546e-03
9.300887584686279297e-01,4.592316690832376480e-03,3.298590704798698425e-02,2.530600689351558685e-02,2.567673800513148308e-03,4.459246993064880371e-03
9.057183861732482910e-01,1.001165807247161865e-02,6.053719297051429749e-02,1.336168404668569565e-02,5.970798898488283157e-03,4.400223493576049805e-03
9.428991675376892090e-01,5.899623036384582520e-03,3.086981736123561859e-02,1.085752714425325394e-02,4.481976851820945740e-03,4.991861525923013687e-03
9.407489895820617676e-01,6.512121763080358505e-03,2.813708223402500153e-02,1.563793979585170746e-02,3.690921701490879059e-03,5.272847134619951248e-03
9.179384708404541016e-01,9.377832524478435516e-03,4.000536724925041199e-02,2.351690456271171570e-02,3.872008062899112701e-03,5.289501510560512543e-03
8.969882130622863770e-01,5.836356896907091141e-03,3.175769001245498657e-02,5.787424370646476746e-02,2.044067019596695900e-03,5.499489139765501022e-03
9.112560749053955078e-01,8.677240461111068726e-03,4.088488593697547913e-02,2.669472806155681610e-02,5.516130942851305008e-03,6.970948539674282074e-03
9.055010676383972168e-01,6.718631368130445480e-03,4.565439373254776001e-02,3.142934665083885193e-02,4.507748875766992569e-03,6.188740022480487823e-03
9.509628415107727051e-01,5.832955241203308105e-03,2.017389610409736633e-02,9.570539928972721100e-03,6.257116794586181641e-03,7.202683482319116592e-03
9.139544963836669922e-01,8.160562254488468170e-03,4.273090884089469910e-02,2.436999790370464325e-02,4.857612773776054382e-03,5.926348734647035599e-03
9.313110113143920898e-01,7.835247553884983063e-03,3.586621582508087158e-02,1.414204016327857971e-02,5.471995100378990173e-03,5.373408552259206772e-03
9.281677007675170898e-01,6.003400310873985291e-03,3.022372163832187653e-02,2.714935503900051117e-02,3.225233405828475952e-03,5.230611655861139297e-03
9.413596391677856445e-01,8.420883677899837494e-03,2.445440739393234253e-02,1.429003570228815079e-02,4.942341707646846771e-03,6.532660219818353653e-03
9.360297918319702148e-01,6.240025162696838379e-03,1.927396468818187714e-02,2.871322073042392731e-02,2.960538491606712341e-03,6.782559212297201157e-03
9.370011687278747559e-01,6.218888331204652786e-03,2.014186978340148926e-02,2.730069682002067566e-02,2.933503361418843269e-03,6.403845269232988358e-03
9.356459975242614746e-01,7.098478265106678009e-03,1.970346644520759583e-02,2.974452450871467590e-02,2.110171131789684296e-03,5.697380751371383667e-03
9.414510130882263184e-01,7.989617064595222473e-03,2.058667689561843872e-02,2.018907666206359863e-02,3.366456599906086922e-03,6.417135242372751236e-03
9.345344901084899902e-01,8.355760946869850159e-03,2.819424867630004883e-02,1.890986412763595581e-02,4.062032792717218399e-03,5.943531636148691177e-03
9.249509572982788086e-01,1.297819055616855621e-02,3.371771797537803650e-02,1.703553274273872375e-02,4.479784052819013596e-03,6.837949622422456741e-03
9.346211552619934082e-01,1.186950225383043289e-02,2.643335051834583282e-02,9.819548577070236206e-03,8.138673380017280579e-03,9.117816574871540070e-03
9.458754658699035645e-01,8.783646859228610992e-03,2.102768421173095703e-02,1.038454100489616394e-02,5.789571441709995270e-03,8.139011450111865997e-03
9.401770234107971191e-01,1.220924314111471176e-02,2.134450152516365051e-02,1.190593186765909195e-02,6.144496612250804901e-03,8.218893781304359436e-03
8.975195288658142090e-01,1.999015174806118011e-02,3.881759196519851685e-02,3.502855822443962097e-02,3.116861218586564064e-03,5.527237430214881897e-03
9.204889535903930664e-01,1.248046662658452988e-02,3.453918546438217163e-02,2.554218657314777374e-02,2.654362237080931664e-03,4.294819198548793793e-03
9.261173605918884277e-01,1.203899830579757690e-02,3.263187035918235779e-02,2.160012349486351013e-02,2.889373106881976128e-03,4.722346551716327667e-03
9.253244996070861816e-01,1.070980448275804520e-02,3.365608677268028259e-02,2.159654721617698669e-02,3.450702875852584839e-03,5.262336228042840958e-03
9.408344626426696777e-01,8.107175119221210480e-03,2.572635374963283539e-02,1.384619530290365219e-02,5.113969556987285614e-03,6.371743977069854736e-03
9.605513215065002441e-01,4.769010934978723526e-03,1.249112281948328018e-02,1.226251386106014252e-02,3.184227505698800087e-03,6.741948891431093216e-03
9.532529711723327637e-01,4.666762892156839371e-03,1.497470773756504059e-02,1.830452866852283478e-02,2.685984829440712929e-03,6.114996504038572311e-03
9.560226202011108398e-01,3.285494167357683182e-03,1.215217448770999908e-02,1.985587924718856812e-02,2.051546005532145500e-03,6.632290314882993698e-03
9.421817660331726074e-01,7.684313226491212845e-03,2.149759419262409210e-02,1.780002377927303314e-02,3.692644415423274040e-03,7.143787108361721039e-03
9.258869290351867676e-01,7.513199001550674438e-03,2.951035834848880768e-02,2.908708713948726654e-02,2.578549785539507866e-03,5.423936527222394943e-03
9.360889792442321777e-01,9.699771180748939514e-03,2.982227317988872528e-02,1.275546662509441376e-02,5.553961265832185745e-03,6.079517770558595657e-03
9.186229705810546875e-01,7.644080091267824173e-03,3.631741553544998169e-02,2.956590428948402405e-02,3.143335226923227310e-03,4.706223029643297195e-03
9.202413558959960938e-01,1.293670479208230972e-02,4.053492471575737000e-02,1.339080464094877243e-02,6.671007256954908371e-03,6.225076038390398026e-03
9.240259528160095215e-01,8.641853928565979004e-03,3.898642584681510925e-02,1.628679782152175903e-02,5.820648744702339172e-03,6.238293368369340897e-03
9.414571523666381836e-01,6.121222861111164093e-03,2.957104705274105072e-02,1.052046194672584534e-02,5.907516926527023315e-03,6.422592326998710632e-03
9.393788576126098633e-01,1.098966971039772034e-02,2.488135360181331635e-02,8.674690499901771545e-03,7.940747775137424469e-03,8.134740404784679413e-03
9.411009550094604492e-01,1.043537352234125137e-02,2.381254360079765320e-02,1.085312943905591965e-02,6.386828143149614334e-03,7.410977501422166824e-03
9.376454949378967285e-01,9.695971384644508362e-03,2.687654085457324982e-02,1.093951333314180374e-02,7.614807225763797760e-03,7.227498106658458710e-03
9.352461695671081543e-01,1.047868560999631882e-02,3.062539175152778625e-02,9.113708510994911194e-03,8.208054117858409882e-03,6.327953189611434937e-03
9.375068545341491699e-01,9.880881756544113159e-03,2.943983674049377441e-02,1.062967162579298019e-02,6.844639312475919724e-03,5.698170978575944901e-03
8.980345129966735840e-01,1.026151608675718307e-02,6.026345863938331604e-02,2.129894122481346130e-02,5.352769512683153152e-03,4.788671620190143585e-03
9.288876652717590332e-01,7.130587939172983170e-03,3.540214896202087402e-02,1.901555992662906647e-02,4.153859801590442657e-03,5.410131998360157013e-03
9.168183207511901855e-01,9.401093237102031708e-03,3.830983862280845642e-02,2.705874294042587280e-02,3.143573878332972527e-03,5.268485751003026962e-03
9.276453852653503418e-01,9.109237231314182281e-03,3.231137618422508240e-02,2.214730717241764069e-02,3.263261402025818825e-03,5.523500964045524597e-03
9.491745233535766602e-01,8.791360072791576385e-03,1.808427646756172180e-02,1.405556872487068176e-02,3.409540979191660881e-03,6.484723184257745743e-03
9.564006328582763672e-01,5.624577403068542480e-03,1.740664802491664886e-02,9.294511750340461731e-03,4.606708418577909470e-03,6.666991394013166428e-03
9.385406970977783203e-01,7.905717007815837860e-03,2.395422756671905518e-02,1.744808256626129150e-02,4.670125897973775864e-03,7.481195963919162750e-03
9.289980530738830566e-01,1.062441989779472351e-02,3.105289489030838013e-02,1.858406700193881989e-02,4.450389649718999863e-03,6.290166173130273819e-03
9.194293022155761719e-01,2.162862382829189301e-02,3.004310838878154755e-02,1.564414985477924347e-02,5.788750015199184418e-03,7.466094102710485458e-03
9.065535068511962891e-01,2.229036763310432434e-02,3.781954944133758545e-02,2.250505238771438599e-02,4.532882012426853180e-03,6.298777181655168533e-03
8.870786428451538086e-01,2.338489145040512085e-02,5.022994056344032288e-02,3.006172180175781250e-02,3.839374985545873642e-03,5.405290983617305756e-03
9.117565751075744629e-01,9.980174712836742401e-03,4.497789964079856873e-02,2.414574287831783295e-02,4.014530219137668610e-03,5.124895367771387100e-03
9.341805577278137207e-01,5.553158931434154510e-03,2.986023202538490295e-02,2.110338024795055389e-02,3.838557284325361252e-03,5.464165005832910538e-03
9.211196303367614746e-01,7.375410292297601700e-03,4.443208128213882446e-02,1.459851581603288651e-02,6.833126302808523178e-03,5.641128867864608765e-03
9.396799206733703613e-01,1.125391479581594467e-02,2.635541930794715881e-02,1.195166353136301041e-02,4.752832464873790741e-03,6.006216164678335190e-03
9.153028726577758789e-01,1.478291302919387817e-02,4.582184925675392151e-02,9.793668054044246674e-03,8.869871497154235840e-03,5.428909789770841599e-03
9.233469367027282715e-01,1.188918389379978180e-02,4.209825024008750916e-02,1.067748758941888809e-02,6.654021795839071274e-03,5.334110464900732040e-03
9.184085726737976074e-01,9.548499248921871185e-03,4.483309760689735413e-02,1.803004182875156403e-02,4.577009007334709167e-03,4.602650646120309830e-03
9.239370226860046387e-01,6.380769889801740646e-03,4.584110528230667114e-02,1.272804848849773407e-02,6.293351761996746063e-03,4.819837398827075958e-03
9.418309926986694336e-01,5.100086797028779984e-03,2.386504411697387695e-02,2.162935212254524231e-02,2.669600071385502815e-03,4.904978908598423004e-03
9.562910199165344238e-01,4.069951828569173813e-03,1.721969805657863617e-02,1.446448825299739838e-02,2.732639433816075325e-03,5.222102627158164978e-03
9.461140036582946777e-01,6.520501803606748581e-03,2.198237739503383636e-02,1.435358170419931412e-02,4.746573977172374725e-03,6.283063441514968872e-03
9.359354376792907715e-01,5.821311846375465393e-03,2.604775317013263702e-02,2.155097946524620056e-02,4.320739302784204483e-03,6.323818117380142212e-03
9.275392889976501465e-01,9.391251020133495331e-03,3.277507424354553223e-02,1.980299316346645355e-02,4.931515082716941833e-03,5.559850949794054031e-03
9.212808012962341309e-01,8.543745614588260651e-03,4.200462251901626587e-02,1.678616367280483246e-02,5.872850771993398666e-03,5.511763505637645721e-03
9.207413196563720703e-01,1.075307466089725494e-02,4.191737249493598938e-02,1.508014556020498276e-02,5.714900325983762741e-03,5.793219432234764099e-03
8.984202146530151367e-01,1.400301046669483185e-02,5.967798829078674316e-02,1.180707197636365891e-02,1.022971887141466141e-02,5.862017627805471420e-03
9.269435405731201172e-01,9.260148741304874420e-03,3.866564854979515076e-02,9.782448410987854004e-03,8.781839162111282349e-03,6.566447205841541290e-03
8.914338350296020508e-01,2.131003700196743011e-02,5.504838749766349792e-02,7.687817327678203583e-03,1.793989725410938263e-02,6.580004002898931503e-03
8.931642770767211914e-01,1.728457026183605194e-02,5.959775671362876892e-02,1.475411280989646912e-02,9.604549966752529144e-03,5.594617221504449844e-03
9.084801673889160156e-01,2.072010189294815063e-02,4.599795117974281311e-02,1.006726175546646118e-02,9.455693885684013367e-03,5.278740078210830688e-03
8.905075788497924805e-01,1.546001620590686798e-02,6.841436028480529785e-02,1.155458390712738037e-02,9.310516528785228729e-03,4.752920940518379211e-03
9.205226898193359375e-01,8.850886486470699310e-03,4.819719865918159485e-02,1.176720391958951950e-02,5.918927956372499466e-03,4.743214230984449387e-03
9.065051078796386719e-01,1.086819358170032501e-02,5.829693004488945007e-02,8.835749700665473938e-03,1.010466832667589188e-02,5.389328114688396454e-03
9.245318174362182617e-01,8.113278076052665710e-03,4.215776920318603516e-02,1.362288370728492737e-02,5.923157092183828354e-03,5.651080049574375153e-03
9.348989725112915039e-01,6.047837901860475540e-03,3.450250253081321716e-02,1.342526730149984360e-02,5.537774879485368729e-03,5.587716121226549149e-03
9.154292345046997070e-01,6.332009565085172653e-03,3.436087444424629211e-02,3.579089790582656860e-02,2.912877127528190613e-03,5.174108780920505524e-03
8.844709396362304688e-01,6.475983187556266785e-03,3.791602700948715210e-02,6.512276083230972290e-02,1.713086967356503010e-03,4.301274195313453674e-03
8.851708173751831055e-01,6.824779789894819260e-03,3.706686198711395264e-02,6.460396200418472290e-02,1.825857092626392841e-03,4.507822915911674500e-03
8.978798985481262207e-01,1.305992621928453445e-02,3.962963446974754333e-02,4.121421650052070618e-02,2.913743956014513969e-03,5.302656907588243484e-03
8.894873261451721191e-01,9.501319378614425659e-03,5.067755654454231262e-02,4.323159903287887573e-02,2.661067759618163109e-03,4.441131372004747391e-03
9.470250010490417480e-01,7.205809000879526138e-03,2.104970067739486694e-02,1.557366363704204559e-02,3.361033275723457336e-03,5.784850101917982101e-03
9.407587051391601562e-01,6.576102226972579956e-03,2.458136714994907379e-02,1.692442223429679871e-02,4.676323384046554565e-03,6.483064964413642883e-03
9.328246116638183594e-01,1.086650788784027100e-02,2.875615470111370087e-02,1.175305992364883423e-02,8.791779167950153351e-03,7.007909938693046570e-03
8.954330086708068848e-01,2.170919999480247498e-02,5.375625565648078918e-02,9.301009587943553925e-03,1.398477796465158463e-02,5.815872922539710999e-03
9.065926074981689453e-01,1.894199289381504059e-02,4.622957110404968262e-02,8.236611261963844299e-03,1.353677362203598022e-02,6.462546065449714661e-03
9.371079206466674805e-01,1.191924605518579483e-02,2.846491150557994843e-02,6.975736003369092941e-03,9.312226437032222748e-03,6.220027338713407516e-03
9.072403311729431152e-01,1.008633710443973541e-02,5.590798333287239075e-02,1.624725572764873505e-02,5.837371107190847397e-03,4.680805373936891556e-03
9.456246495246887207e-01,6.627361290156841278e-03,2.663906291127204895e-02,1.158476341515779495e-02,4.368395078927278519e-03,5.155776161700487137e-03
9.248903989791870117e-01,6.691885180771350861e-03,4.039947688579559326e-02,1.890990510582923889e-02,4.430817440152168274e-03,4.677466116845607758e-03
9.432502985000610352e-01,8.230423554778099060e-03,2.629381977021694183e-02,8.388102054595947266e-03,7.796378340572118759e-03,6.040890235453844070e-03
9.250325560569763184e-01,6.713549140840768814e-03,4.105698689818382263e-02,1.339055784046649933e-02,7.866229861974716187e-03,5.940143018960952759e-03
9.484978318214416504e-01,5.572634749114513397e-03,2.499017864465713501e-02,8.118310011923313141e-03,6.813431158661842346e-03,6.007455755025148392e-03
9.270366430282592773e-01,5.512282717972993851e-03,4.065322503447532654e-02,1.486816164106130600e-02,6.235759239643812180e-03,5.693838465958833694e-03
9.404911994934082031e-01,7.436736486852169037e-03,2.439853735268115997e-02,1.624403148889541626e-02,4.725828766822814941e-03,6.703651510179042816e-03
9.233673810958862305e-01,8.362893946468830109e-03,3.298712149262428284e-02,2.360900305211544037e-02,4.695759620517492294e-03,6.977969780564308167e-03
9.358443021774291992e-01,1.304126251488924026e-02,2.261511795222759247e-02,9.046291001141071320e-03,9.883028455078601837e-03,9.569924324750900269e-03
9.393787384033203125e-01,9.849881753325462341e-03,2.358304522931575775e-02,1.258848700672388077e-02,6.278844550251960754e-03,8.320949040353298187e-03
9.440893530845642090e-01,8.812531828880310059e-03,2.143511548638343811e-02,8.438414894044399261e-03,8.185917511582374573e-03,9.038674645125865936e-03
9.386199712753295898e-01,1.066802255809307098e-02,2.391325682401657104e-02,7.440161425620317459e-03,9.904942475259304047e-03,9.453638456761837006e-03
9.439566135406494141e-01,7.707729469984769821e-03,2.188306674361228943e-02,1.072028465569019318e-02,7.165221497416496277e-03,8.567154407501220703e-03
9.440470933914184570e-01,8.684718981385231018e-03,2.458950132131576538e-02,7.915116846561431885e-03,8.077338337898254395e-03,6.686154752969741821e-03
9.445407390594482422e-01,7.660351227968931198e-03,2.565745823085308075e-02,9.649412706494331360e-03,6.377723533660173416e-03,6.114205811172723770e-03
9.406567811965942383e-01,1.140292175114154816e-02,2.649931050837039948e-02,7.671128958463668823e-03,7.627145852893590927e-03,6.142682861536741257e-03
9.418879747390747070e-01,6.849854718893766403e-03,2.551472932100296021e-02,1.644230261445045471e-02,4.077072255313396454e-03,5.228054244071245193e-03
9.398531913757324219e-01,6.541966460645198822e-03,2.415030077099800110e-02,2.116198837757110596e-02,2.937210723757743835e-03,5.355341359972953796e-03
9.414343237876892090e-01,7.328381296247243881e-03,2.756935544312000275e-02,1.392240915447473526e-02,4.112727474421262741e-03,5.632911343127489090e-03
9.407024979591369629e-01,4.326500464230775833e-03,2.310496941208839417e-02,2.387522906064987183e-02,2.531228819862008095e-03,5.459584295749664307e-03
9.198002815246582031e-01,7.800092454999685287e-03,4.517307132482528687e-02,1.786894164979457855e-02,4.428267013281583786e-03,4.929335322231054306e-03
9.013534188270568848e-01,6.995144300162792206e-03,6.232326477766036987e-02,1.986955665051937103e-02,4.721472505480051041e-03,4.737066570669412613e-03
9.370576739311218262e-01,5.197380669414997101e-03,3.252411261200904846e-02,1.756683178246021271e-02,2.928422531113028526e-03,4.725609906017780304e-03
8.973172307014465332e-01,7.553444709628820419e-03,5.929315462708473206e-02,2.887860685586929321e-02,2.790577244013547897e-03,4.166810307651758194e-03
9.289823770523071289e-01,1.182151958346366882e-02,3.111484460532665253e-02,2.045111358165740967e-02,2.642115578055381775e-03,4.987943451851606369e-03
9.280115365982055664e-01,1.404726319015026093e-02,2.729942277073860168e-02,2.194193750619888306e-02,3.066573524847626686e-03,5.633126012980937958e-03
9.156047701835632324e-01,2.243555337190628052e-02,3.168493136763572693e-02,1.805144362151622772e-02,5.215262062847614288e-03,7.007953710854053497e-03
9.328221082687377930e-01,1.198420766741037369e-02,2.587390691041946411e-02,1.761295273900032043e-02,4.854275379329919815e-03,6.852565333247184753e-03
9.367781877517700195e-01,8.596846833825111389e-03,2.650986239314079285e-02,1.142088882625102997e-02,8.957940153777599335e-03,7.736184634268283844e-03
9.328280091285705566e-01,7.332377601414918900e-03,3.275023773312568665e-02,9.709816426038742065e-03,9.884220547974109650e-03,7.495279423892498016e-03
9.322252869606018066e-01,9.302913211286067963e-03,2.907593920826911926e-02,7.047302089631557465e-03,1.391397323459386826e-02,8.434572257101535797e-03
9.151315093040466309e-01,1.020404603332281113e-02,4.362005740404129028e-02,1.693355105817317963e-02,7.504460401833057404e-03,6.606422364711761475e-03
9.216245412826538086e-01,1.486917398869991302e-02,3.730986639857292175e-02,1.230879873037338257e-02,7.562366314232349396e-03,6.325261667370796204e-03
9.327908754348754883e-01,1.068649720400571823e-02,3.168967738747596741e-02,1.255711913108825684e-02,6.628356873989105225e-03,5.647538695484399796e-03
9.348576068878173828e-01,8.752203546464443207e-03,3.302554413676261902e-02,1.152466703206300735e-02,6.487464997917413712e-03,5.352480337023735046e-03
9.477823972702026367e-01,6.152609828859567642e-03,2.374228090047836304e-02,8.694454096257686615e-03,7.548298221081495285e-03,6.079874001443386078e-03
9.220931529998779297e-01,7.054933812469244003e-03,3.899030014872550964e-02,2.123763039708137512e-02,4.966244101524353027e-03,5.657688714563846588e-03
9.080600738525390625e-01,9.101937524974346161e-03,5.222901701927185059e-02,1.823793351650238037e-02,6.754258647561073303e-03,5.616781301796436310e-03
9.075514674186706543e-01,9.311179630458354950e-03,5.006195977330207825e-02,2.282940968871116638e-02,5.084148142486810684e-03,5.161887966096401215e-03
9.260760545730590820e-01,8.036228828132152557e-03,4.144762828946113586e-02,1.429527625441551208e-02,4.960828926414251328e-03,5.184021778404712677e-03
9.126868247985839844e-01,5.692705977708101273e-03,4.718989506363868713e-02,2.686421200633049011e-02,3.227411303669214249e-03,4.338841885328292847e-03
9.205538630485534668e-01,7.136959116905927658e-03,4.761224612593650818e-02,1.429256610572338104e-02,5.615591071546077728e-03,4.788745194673538208e-03
9.395717978477478027e-01,5.767346359789371490e-03,3.094115108251571655e-02,1.225521415472030640e-02,5.820213351398706436e-03,5.644211545586585999e-03
9.400861859321594238e-01,6.567933596670627594e-03,3.020379506051540375e-02,1.112170703709125519e-02,6.188344676047563553e-03,5.832071881741285324e-03
9.361960887908935547e-01,7.519397884607315063e-03,3.065535053610801697e-02,1.439328584820032120e-02,5.535706877708435059e-03,5.700197536498308182e-03
9.426709413528442383e-01,7.562046870589256287e-03,2.403015270829200745e-02,1.281274482607841492e-02,6.272105034440755844e-03,6.651879288256168365e-03
9.376870989799499512e-01,6.966228596866130829e-03,2.734617516398429871e-02,1.695729419589042664e-02,5.190503317862749100e-03,5.852682515978813171e-03
9.365190267562866211e-01,9.624962694942951202e-03,2.840824238955974579e-02,9.832364507019519806e-03,8.627279661595821381e-03,6.988066248595714569e-03
9.308766722679138184e-01,1.260268408805131912e-02,3.035803139209747314e-02,6.498652976006269455e-03,1.261942554265260696e-02,7.044560275971889496e-03
9.344220757484436035e-01,1.079430151730775833e-02,2.690458483994007111e-02,5.718136206269264221e-03,1.396527513861656189e-02,8.195528760552406311e-03
9.282931089401245117e-01,1.230926625430583954e-02,2.891955897212028503e-02,5.875979550182819366e-03,1.625524461269378662e-02,8.346828632056713104e-03
9.162738323211669922e-01,1.103566773235797882e-02,4.570044949650764465e-02,8.266905322670936584e-03,1.247661467641592026e-02,6.246436387300491333e-03
9.072256088256835938e-01,1.148038730025291443e-02,5.356034636497497559e-02,1.275242306292057037e-02,9.266369044780731201e-03,5.714770406484603882e-03
8.391481041908264160e-01,1.168563496321439743e-02,1.172243133187294006e-01,1.884195953607559204e-02,9.018306620419025421e-03,4.081693012267351151e-03
8.150187134742736816e-01,7.590099703520536423e-03,1.182028651237487793e-01,5.078366026282310486e-02,4.507305100560188293e-03,3.897252259775996208e-03
8.601087331771850586e-01,9.246205911040306091e-03,8.775719255208969116e-02,3.478281572461128235e-02,3.950220532715320587e-03,4.154837224632501602e-03
9.108044505119323730e-01,6.209725048393011093e-03,4.899225011467933655e-02,2.529753558337688446e-02,3.944683820009231567e-03,4.751447588205337524e-03
9.294847249984741211e-01,8.164860308170318604e-03,3.330861777067184448e-02,1.949874125421047211e-02,3.868026891723275185e-03,5.674964282661676407e-03
9.283545613288879395e-01,9.907893836498260498e-03,3.634002432227134705e-02,1.256753783673048019e-02,6.499273702502250671e-03,6.330839823931455612e-03
9.353861212730407715e-01,7.780883461236953735e-03,3.279374539852142334e-02,1.359245739877223969e-02,4.713573493063449860e-03,5.733107216656208038e-03
9.350684881210327148e-01,1.114069577306509018e-02,2.883504517376422882e-02,1.398898381739854813e-02,4.890179261565208435e-03,6.076600868254899979e-03
8.976669907569885254e-01,1.670677401125431061e-02,4.961154609918594360e-02,2.788136526942253113e-02,3.338898532092571259e-03,4.794341512024402618e-03
9.212800860404968262e-01,1.734156906604766846e-02,3.024644590914249420e-02,2.359088510274887085e-02,2.677192678675055504e-03,4.863822832703590393e-03
8.995905518531799316e-01,1.919097080826759338e-02,3.946551308035850525e-02,3.332900255918502808e-02,3.153527388349175453e-03,5.270480178296566010e-03
8.806653022766113281e-01,3.293628245592117310e-02,4.899509251117706299e-02,2.689288742840290070e-02,4.753463435918092728e-03,5.757110659033060074e-03
9.004638791084289551e-01,1.921402104198932648e-02,4.858153313398361206e-02,2.069164626300334930e-02,5.453027784824371338e-03,5.595918744802474976e-03
9.342939853668212891e-01,7.540060207247734070e-03,3.292609006166458130e-02,1.348671223968267441e-02,6.215601228177547455e-03,5.537490826100111008e-03
9.412198662757873535e-01,8.112881332635879517e-03,2.778583951294422150e-02,1.073060091584920883e-02,6.119327154010534286e-03,6.031503900885581970e-03
9.261672496795654297e-01,1.045532990247011185e-02,3.945199027657508850e-02,1.219401508569717407e-02,6.357500329613685608e-03,5.373946856707334518e-03
9.382300376892089844e-01,6.896487437188625336e-03,2.854719571769237518e-02,1.681527495384216309e-02,3.778210142627358437e-03,5.732780322432518005e-03
9.362422823905944824e-01,8.293266408145427704e-03,3.375071659684181213e-02,9.941281750798225403e-03,6.582736968994140625e-03,5.189645104110240936e-03
9.255593419075012207e-01,9.377296082675457001e-03,4.037021100521087646e-02,1.222641579806804657e-02,7.323393132537603378e-03,5.143354646861553192e-03
9.313903450965881348e-01,1.238110940903425217e-02,3.446426242589950562e-02,7.389499340206384659e-03,8.950036019086837769e-03,5.424763076007366180e-03
9.335204362869262695e-01,1.140660420060157776e-02,3.144311159849166870e-02,6.910473108291625977e-03,1.091253291815519333e-02,5.806833505630493164e-03
9.380519390106201172e-01,1.025081612169742584e-02,2.815787866711616516e-02,1.154913939535617828e-02,6.254114210605621338e-03,5.736110731959342957e-03
9.371809363365173340e-01,7.007495965808629990e-03,3.093130700290203094e-02,1.377924066036939621e-02,4.984298255294561386e-03,6.116655655205249786e-03
9.189799427986145020e-01,9.425622411072254181e-03,3.725416213274002075e-02,1.659772917628288269e-02,9.009950794279575348e-03,8.732593618333339691e-03
9.129598140716552734e-01,1.141196954995393753e-02,4.426899924874305725e-02,1.629434712231159210e-02,7.822956889867782593e-03,7.242011371999979019e-03
9.291291236877441406e-01,1.267855986952781677e-02,2.860303781926631927e-02,1.044016424566507339e-02,1.027686893939971924e-02,8.872306905686855316e-03
9.118900895118713379e-01,1.968485303223133087e-02,3.635186702013015747e-02,1.359262969344854355e-02,1.074864156544208527e-02,7.731954567134380341e-03
9.305545687675476074e-01,1.086093578487634659e-02,2.674802020192146301e-02,1.878013275563716888e-02,6.021571345627307892e-03,7.034765556454658508e-03
9.386727809906005859e-01,9.092012420296669006e-03,2.715563960373401642e-02,1.502369064837694168e-02,4.473822191357612610e-03,5.582061130553483963e-03
9.291288256645202637e-01,1.117459218949079514e-02,3.508652001619338989e-02,1.274116616696119308e-02,5.909981206059455872e-03,5.959063768386840820e-03
9.378919601440429688e-01,1.037892792373895645e-02,2.852523140609264374e-02,5.887950304895639420e-03,1.095442194491624832e-02,6.361524574458599091e-03
9.265968203544616699e-01,1.053833402693271637e-02,4.046730697154998779e-02,6.804828532040119171e-03,1.019380427896976471e-02,5.398879759013652802e-03
9.453291296958923340e-01,6.460866425186395645e-03,2.770527452230453491e-02,7.117082830518484116e-03,7.878175005316734314e-03,5.509375128895044327e-03
9.395570755004882812e-01,6.874510087072849274e-03,3.018657863140106201e-02,7.301258854568004608e-03,1.026254612952470779e-02,5.817929748445749283e-03
9.447044730186462402e-01,6.209725514054298401e-03,2.425233088433742523e-02,1.440840214490890503e-02,4.768877755850553513e-03,5.656225141137838364e-03
9.371007084846496582e-01,7.471028715372085571e-03,2.942125312983989716e-02,1.542373653501272202e-02,5.030194297432899475e-03,5.553035531193017960e-03
9.414020776748657227e-01,6.364510394632816315e-03,2.641699463129043579e-02,1.748030632734298706e-02,3.405473427847027779e-03,4.930700641125440598e-03
9.347709417343139648e-01,8.223360404372215271e-03,3.121877089142799377e-02,1.244129706174135208e-02,6.995634175837039948e-03,6.350052542984485626e-03
9.342209100723266602e-01,6.263831164687871933e-03,3.459571301937103271e-02,1.177211198955774307e-02,6.939316168427467346e-03,6.207994651049375534e-03
9.275036454200744629e-01,1.010740920901298523e-02,3.553802147507667542e-02,8.452130481600761414e-03,1.114329323172569275e-02,7.255602627992630005e-03
9.326602220535278320e-01,9.248207323253154755e-03,3.375984355807304382e-02,9.344999678432941437e-03,8.154147304594516754e-03,6.832561455667018890e-03
9.260267615318298340e-01,7.038211449980735779e-03,4.128192737698554993e-02,1.403973530977964401e-02,5.943018011748790741e-03,5.670343060046434402e-03
9.365969300270080566e-01,1.146352943032979965e-02,2.577856183052062988e-02,1.387892290949821472e-02,5.174890160560607910e-03,7.107177283614873886e-03
9.427121281623840332e-01,1.411812379956245422e-02,2.144076675176620483e-02,1.058063376694917679e-02,4.432640504091978073e-03,6.715846247971057892e-03
9.418442249298095703e-01,1.326212659478187561e-02,2.059756405651569366e-02,1.379959937185049057e-02,3.860855707898736000e-03,6.635665893554687500e-03
9.237372875213623047e-01,2.315289899706840515e-02,2.967084199190139771e-02,1.161303184926509857e-02,5.313548725098371506e-03,6.512350868433713913e-03
9.157841205596923828e-01,1.523752231150865555e-02,3.773773089051246643e-02,2.218928374350070953e-02,3.651491831988096237e-03,5.399862769991159439e-03
8.988468647003173828e-01,1.362228766083717346e-02,5.571247637271881104e-02,2.256437018513679504e-02,4.422699101269245148e-03,4.831304773688316345e-03
8.729115724563598633e-01,1.960489712655544281e-02,7.437437772750854492e-02,1.736336201429367065e-02,1.010222360491752625e-02,5.643523763865232468e-03
8.480483889579772949e-01,1.606379263103008270e-02,9.905021637678146362e-02,2.230798825621604919e-02,9.389717131853103638e-03,5.139885470271110535e-03
8.954002261161804199e-01,1.796005666255950928e-02,5.604242160916328430e-02,1.407381240278482437e-02,1.049896236509084702e-02,6.024471484124660492e-03
8.942490816116333008e-01,1.991723291575908661e-02,5.747710540890693665e-02,1.451733708381652832e-02,8.521322160959243774e-03,5.317848175764083862e-03
9.040225744247436523e-01,1.254443265497684479e-02,5.861933156847953796e-02,1.173039153218269348e-02,8.172831498086452484e-03,4.910428076982498169e-03
8.959264755249023438e-01,1.277873013168573380e-02,6.413570046424865723e-02,1.806766167283058167e-02,5.174924153834581375e-03,3.916617017239332199e-03
9.043810367584228516e-01,1.143991760909557343e-02,5.822962895035743713e-02,1.324594393372535706e-02,8.032565936446189880e-03,4.671052563935518265e-03
9.085708260536193848e-01,1.224318519234657288e-02,5.358025059103965759e-02,9.964832104742527008e-03,1.048340182751417160e-02,5.157523788511753082e-03
9.345920085906982422e-01,8.162009529769420624e-03,3.269505128264427185e-02,7.356215734034776688e-03,1.096358336508274078e-02,6.231073290109634399e-03
9.406209588050842285e-01,5.693815648555755615e-03,3.104819729924201965e-02,8.692719973623752594e-03,8.015275932848453522e-03,5.929053295403718948e-03
9.309651851654052734e-01,8.614939637482166290e-03,3.434460982680320740e-02,8.468732237815856934e-03,1.016630325466394424e-02,7.440188433974981308e-03
9.263997673988342285e-01,1.156993955373764038e-02,3.734587505459785461e-02,9.979615919291973114e-03,8.058193139731884003e-03,6.646621040999889374e-03
9.202748537063598633e-01,1.125763356685638428e-02,3.923804685473442078e-02,1.619291305541992188e-02,6.130646914243698120e-03,6.905846763402223587e-03
9.097198843955993652e-01,1.578380167484283447e-02,4.698987305164337158e-02,1.410228293389081955e-02,6.776459049433469772e-03,6.627744529396295547e-03
9.228283762931823730e-01,1.021490059792995453e-02,3.904100507497787476e-02,1.858297176659107208e-02,3.990791272372007370e-03,5.341893993318080902e-03
9.175038933753967285e-01,1.307524554431438446e-02,4.031811654567718506e-02,1.805196143686771393e-02,5.180120933800935745e-03,5.870585329830646515e-03
9.320011734962463379e-01,6.864157505333423615e-03,3.592514619231224060e-02,1.399306859821081161e-02,5.514829885214567184e-03,5.701621994376182556e-03
9.086236357688903809e-01,8.925937116146087646e-03,5.373780056834220886e-02,1.516547054052352905e-02,7.857027463614940643e-03,5.690095014870166779e-03
9.005764126777648926e-01,1.283989008516073227e-02,5.650846287608146667e-02,1.111884601414203644e-02,1.199691928923130035e-02,6.959443446248769760e-03
9.258195161819458008e-01,7.604515645653009415e-03,3.818741440773010254e-02,1.708434522151947021e-02,5.424762610346078873e-03,5.879428237676620483e-03
9.374724030494689941e-01,7.731175515800714493e-03,2.989776618778705597e-02,1.015478931367397308e-02,7.566201500594615936e-03,7.177684456110000610e-03
9.420368075370788574e-01,9.820785373449325562e-03,2.138214185833930969e-02,8.817906491458415985e-03,9.183182381093502045e-03,8.759094402194023132e-03
9.496865868568420410e-01,6.947498302906751633e-03,1.842900551855564117e-02,8.079151622951030731e-03,8.671909570693969727e-03,8.185993880033493042e-03
9.437170028686523438e-01,7.788067217916250229e-03,2.227447740733623505e-02,6.598128005862236023e-03,1.073431968688964844e-02,8.888020180165767670e-03
9.227966070175170898e-01,8.227420039474964142e-03,3.441257774829864502e-02,7.078255992382764816e-03,1.812265254557132721e-02,9.362363256514072418e-03
9.252743721008300781e-01,1.079683192074298859e-02,3.355431929230690002e-02,5.911694839596748352e-03,1.636989228427410126e-02,8.092786185443401337e-03
9.222089648246765137e-01,9.882277809083461761e-03,3.999711573123931885e-02,8.587649092078208923e-03,1.271359343081712723e-02,6.610432639718055725e-03
9.227603673934936523e-01,1.432571094483137131e-02,3.396050259470939636e-02,6.605257745832204819e-03,1.476926263421773911e-02,7.578903809189796448e-03
9.457807540893554688e-01,8.368152193725109100e-03,2.392515912652015686e-02,9.622499346733093262e-03,5.947125609964132309e-03,6.356341764330863953e-03
9.547270536422729492e-01,5.723423324525356293e-03,1.552055403590202332e-02,1.500665582716464996e-02,2.764854114502668381e-03,6.257551722228527069e-03
9.529075622558593750e-01,5.012637004256248474e-03,1.753304153680801392e-02,1.474262308329343796e-02,3.230857197195291519e-03,6.573315709829330444e-03
9.505255818367004395e-01,6.169408094137907028e-03,1.681284233927726746e-02,1.697750948369503021e-02,2.987013198435306549e-03,6.527771707624197006e-03
9.463332295417785645e-01,7.335154805332422256e-03,2.398323826491832733e-02,1.237617991864681244e-02,4.362730775028467178e-03,5.609432235360145569e-03
9.052524566650390625e-01,1.606989651918411255e-02,5.304442718625068665e-02,1.036665122956037521e-02,1.006317697465419769e-02,5.203372798860073090e-03
9.030315876007080078e-01,1.004644669592380524e-02,6.268810480833053589e-02,1.169131323695182800e-02,8.405439555644989014e-03,4.137168172746896744e-03
8.816478848457336426e-01,5.767074413597583771e-03,8.456019312143325806e-02,1.751605793833732605e-02,6.616875529289245605e-03,3.891921835020184517e-03
8.932584524154663086e-01,5.618150345981121063e-03,7.121790945529937744e-02,1.561061758548021317e-02,9.188552387058734894e-03,5.106267519295215607e-03
9.086565971374511719e-01,6.173642352223396301e-03,5.390339344739913940e-02,1.332064718008041382e-02,1.064873114228248596e-02,7.296871393918991089e-03
9.310119748115539551e-01,8.109255693852901459e-03,3.234232217073440552e-02,8.162341080605983734e-03,1.183655671775341034e-02,8.537544868886470795e-03
9.260771870613098145e-01,1.014883816242218018e-02,3.047827444970607758e-02,1.457995455712080002e-02,9.520276449620723724e-03,9.195555001497268677e-03
9.204780459403991699e-01,1.029190979897975922e-02,3.105871193110942841e-02,2.615216933190822601e-02,4.605602007359266281e-03,7.413652259856462479e-03
9.512687325477600098e-01,5.484666209667921066e-03,1.847206987440586090e-02,1.577495783567428589e-02,3.238169476389884949e-03,5.761364940553903580e-03
9.373287558555603027e-01,9.519487619400024414e-03,2.954871393740177155e-02,1.132869534194469452e-02,6.987594999372959137e-03,5.286730825901031494e-03
9.317377209663391113e-01,1.323302369564771652e-02,3.076062537729740143e-02,7.665178738534450531e-03,1.055896747857332230e-02,6.044481415301561356e-03
9.176199436187744141e-01,1.238913834095001221e-02,4.310622438788414001e-02,8.263317868113517761e-03,1.291037537157535553e-02,5.710938014090061188e-03
9.042170643806457520e-01,2.314049936830997467e-02,4.022328183054924011e-02,6.786004174500703812e-03,1.816671155393123627e-02,7.466473616659641266e-03
9.122587442398071289e-01,1.184281241148710251e-02,4.733905941247940063e-02,1.165997982025146484e-02,1.020053960382938385e-02,6.698885932564735413e-03
9.265243411064147949e-01,1.136982440948486328e-02,3.439104929566383362e-02,8.500010706484317780e-03,1.119396835565567017e-02,8.020746521651744843e-03
9.286982417106628418e-01,9.111342951655387878e-03,3.532155603170394897e-02,9.947484359145164490e-03,9.463109076023101807e-03,7.458308245986700058e-03
9.356482625007629395e-01,8.173233829438686371e-03,2.868016809225082397e-02,1.311490964144468307e-02,6.716475822031497955e-03,7.666901685297489166e-03
9.294073581695556641e-01,9.954271838068962097e-03,3.290986269712448120e-02,1.100456155836582184e-02,9.035621769726276398e-03,7.688222452998161316e-03
9.441928863525390625e-01,1.006931532174348831e-02,2.271989174187183380e-02,1.119941659271717072e-02,5.278420168906450272e-03,6.540139205753803253e-03
9.207428097724914551e-01,1.460857037454843521e-02,3.583873435854911804e-02,1.003247965127229691e-02,1.102543994784355164e-02,7.752026431262493134e-03
9.300918579101562500e-01,1.152584701776504517e-02,3.243445977568626404e-02,7.525898050516843796e-03,1.151545252650976181e-02,6.906550843268632889e-03
9.269417524337768555e-01,9.294055402278900146e-03,3.666480258107185364e-02,1.001316215842962265e-02,1.014263555407524109e-02,6.943637970834970474e-03
9.072160124778747559e-01,6.765590980648994446e-03,5.906803533434867859e-02,1.246537175029516220e-02,9.428763762116432190e-03,5.056308582425117493e-03
8.928214907646179199e-01,7.996226660907268524e-03,7.177010923624038696e-02,1.276884600520133972e-02,9.604645892977714539e-03,5.038686096668243408e-03
8.609752058982849121e-01,1.059314515441656113e-02,9.701284766197204590e-02,1.735947653651237488e-02,9.707545861601829529e-03,4.351725801825523376e-03
8.803400397300720215e-01,1.492464449256658554e-02,7.750359922647476196e-02,8.972324430942535400e-03,1.338585652410984039e-02,4.873522557318210602e-03
8.955963850021362305e-01,1.719426922500133514e-02,5.976384878158569336e-02,1.099279243499040604e-02,1.102300081402063370e-02,5.429808050394058228e-03
9.200286865234375000e-01,1.428851298987865448e-02,4.257195070385932922e-02,7.999787107110023499e-03,9.793350473046302795e-03,5.317757371813058853e-03
9.120706319808959961e-01,1.243561226874589920e-02,4.769321903586387634e-02,1.024888269603252411e-02,1.119499187916517258e-02,6.356766913086175919e-03
8.854922652244567871e-01,1.417159754782915115e-02,7.136680930852890015e-02,9.863407351076602936e-03,1.358712557703256607e-02,5.518786143511533737e-03
8.607491254806518555e-01,2.014466747641563416e-02,8.363004773855209351e-02,2.159754745662212372e-02,8.696503937244415283e-03,5.182102788239717484e-03
7.979587316513061523e-01,2.632116340100765228e-02,1.287216097116470337e-01,3.277510032057762146e-02,9.518077597022056580e-03,4.705281462520360947e-03
8.634156584739685059e-01,2.542962878942489624e-02,6.067650392651557922e-02,4.035819321870803833e-02,4.567758180201053619e-03,5.552298389375209808e-03
8.377072811126708984e-01,2.060871571302413940e-02,6.733711808919906616e-02,6.468303501605987549e-02,4.105006344616413116e-03,5.558853503316640854e-03
9.256879091262817383e-01,1.963469386100769043e-02,2.738280780613422394e-02,1.235134713351726532e-02,7.109045051038265228e-03,7.834255695343017578e-03
9.294207692146301270e-01,1.381789986044168472e-02,2.568886056542396545e-02,1.629515737295150757e-02,6.479374133050441742e-03,8.298009634017944336e-03
9.365789294242858887e-01,1.088720932602882385e-02,2.623938769102096558e-02,9.542514570057392120e-03,8.322966285049915314e-03,8.428900502622127533e-03
9.458525180816650391e-01,8.447517640888690948e-03,2.158101461827754974e-02,8.604753762483596802e-03,6.995474919676780701e-03,8.518742397427558899e-03
9.340097904205322266e-01,8.262849412858486176e-03,2.947352081537246704e-02,9.356380440294742584e-03,1.092672720551490784e-02,7.970781996846199036e-03
9.273224472999572754e-01,9.716300293803215027e-03,3.109748847782611847e-02,7.746428251266479492e-03,1.528893131762742996e-02,8.828406222164630890e-03
9.138423204421997070e-01,1.396625395864248276e-02,3.371128067374229431e-02,4.506186582148075104e-03,2.637053094804286957e-02,7.603516336530447006e-03
9.029937386512756348e-01,1.443321164697408676e-02,3.892882168292999268e-02,3.579717362299561501e-03,3.274301812052726746e-02,7.321513723582029343e-03
9.050562381744384766e-01,1.818586699664592743e-02,4.265129193663597107e-02,4.179610405117273331e-03,2.367039024829864502e-02,6.256646011024713516e-03
9.175333380699157715e-01,1.393992919474840164e-02,3.990671038627624512e-02,5.181705579161643982e-03,1.687329076230525970e-02,6.565029732882976532e-03
9.223619699478149414e-01,7.627381011843681335e-03,3.103267028927803040e-02,2.472687140107154846e-02,5.601446609944105148e-03,8.649625815451145172e-03
9.222089648246765137e-01,5.466288886964321136e-03,2.809633314609527588e-02,3.037675283849239349e-02,4.755441565066576004e-03,9.096178226172924042e-03
9.232066273689270020e-01,4.102518316358327866e-03,2.330511622130870819e-02,3.898955136537551880e-02,2.703068079426884651e-03,7.693182677030563354e-03
9.510918259620666504e-01,3.310199594125151634e-03,1.165156438946723938e-02,2.318803966045379639e-02,2.244587056338787079e-03,8.513795211911201477e-03
9.549260735511779785e-01,4.562714602798223495e-03,1.454709284007549286e-02,1.582787744700908661e-02,2.896413672715425491e-03,7.239899132400751114e-03
9.426184892654418945e-01,8.310145698487758636e-03,2.026719227433204651e-02,1.768080145120620728e-02,3.539369674399495125e-03,7.583989296108484268e-03
9.183970093727111816e-01,1.085718441754579544e-02,2.872666157782077789e-02,3.193173930048942566e-02,3.201620187610387802e-03,6.885997019708156586e-03
9.078752994537353516e-01,1.789672859013080597e-02,3.652685135602951050e-02,2.621930092573165894e-02,4.612165037542581558e-03,6.869549863040447235e-03
9.203603863716125488e-01,1.607457734644412994e-02,3.303903713822364807e-02,2.032903209328651428e-02,4.131676163524389267e-03,6.065316498279571533e-03
9.398904442787170410e-01,7.228560280054807663e-03,2.265310846269130707e-02,2.092510089278221130e-02,3.357627661898732185e-03,5.945181008428335190e-03
9.523448944091796875e-01,4.652290605008602142e-03,1.965129375457763672e-02,1.103372219949960709e-02,5.522164050489664078e-03,6.795736961066722870e-03
9.591720700263977051e-01,3.302453551441431046e-03,1.666457951068878174e-02,1.019104197621345520e-02,4.421647638082504272e-03,6.248279474675655365e-03
9.604488015174865723e-01,3.086813027039170265e-03,1.411749329417943954e-02,1.304673310369253159e-02,3.087504766881465912e-03,6.212698295712471008e-03
9.407240748405456543e-01,2.525351708754897118e-03,9.750045835971832275e-03,4.035476595163345337e-02,1.109008910134434700e-03,5.536743439733982086e-03
9.373788237571716309e-01,2.796933753415942192e-03,1.186613924801349640e-02,4.120251163840293884e-02,1.259173615835607052e-03,5.496418569236993790e-03
9.355946183204650879e-01,2.422199584543704987e-03,9.117495268583297729e-03,4.646191373467445374e-02,9.889469947665929794e-04,5.414705257862806320e-03
9.273912310600280762e-01,2.483441028743982315e-03,1.043875887989997864e-02,5.340545624494552612e-02,9.722536196932196617e-04,5.308767315000295639e-03
9.283015131950378418e-01,2.862058347091078758e-03,1.678573153913021088e-02,4.383750259876251221e-02,1.813209033571183681e-03,6.400046870112419128e-03
9.432051181793212891e-01,3.255298826843500137e-03,1.590446382761001587e-02,2.763395197689533234e-02,2.566283335909247398e-03,7.434747647494077682e-03
9.346454143524169922e-01,3.419217653572559357e-03,1.998903974890708923e-02,3.096158616244792938e-02,3.077937290072441101e-03,7.906791754066944122e-03
9.316716790199279785e-01,6.931927055120468140e-03,2.580696344375610352e-02,1.865003444254398346e-02,7.277091965079307556e-03,9.662201628088951111e-03
9.389773011207580566e-01,7.367070298641920090e-03,2.370956726372241974e-02,1.509781368076801300e-02,6.245575379580259323e-03,8.602691814303398132e-03
9.414928555488586426e-01,1.058244984596967697e-02,2.354771643877029419e-02,1.058266218751668930e-02,6.403625011444091797e-03,7.390661630779504776e-03
9.467509388923645020e-01,7.389842998236417770e-03,1.919402554631233215e-02,1.646985858678817749e-02,3.813072806224226952e-03,6.382361520081758499e-03
9.571561217308044434e-01,7.686631288379430771e-03,1.591236516833305359e-02,8.755709044635295868e-03,4.235757049173116684e-03,6.253380794078111649e-03
9.571365714073181152e-01,4.590210504829883575e-03,1.516743376851081848e-02,1.407403498888015747e-02,3.045679070055484772e-03,5.986004136502742767e-03
9.618292450904846191e-01,4.869508557021617889e-03,1.290356647223234177e-02,9.445462375879287720e-03,3.998600412160158157e-03,6.953577045351266861e-03
9.555852413177490234e-01,5.047114100307226181e-03,1.741554960608482361e-02,9.262732230126857758e-03,5.445315968245267868e-03,7.244095206260681152e-03
9.475092291831970215e-01,8.655336685478687286e-03,1.970692537724971771e-02,8.771212771534919739e-03,7.497752550989389420e-03,7.859584875404834747e-03
9.453596472740173340e-01,6.031186319887638092e-03,2.038908004760742188e-02,1.717835105955600739e-02,4.097822587937116623e-03,6.943955086171627045e-03
9.252226352691650391e-01,6.698069628328084946e-03,2.729665115475654602e-02,3.063223324716091156e-02,3.758548758924007416e-03,6.391854491084814072e-03
9.382278323173522949e-01,3.568316344171762466e-03,1.571547612547874451e-02,3.546740487217903137e-02,1.586601370945572853e-03,5.434275604784488678e-03
9.277583360671997070e-01,2.004591515287756920e-03,1.313875522464513779e-02,5.066072195768356323e-02,1.060213427990674973e-03,5.377418827265501022e-03
9.162571430206298828e-01,2.218310954049229622e-03,1.302594877779483795e-02,6.169922277331352234e-02,1.089240773580968380e-03,5.710254423320293427e-03
9.463711977005004883e-01,2.090418245643377304e-03,1.000828668475151062e-02,3.390630707144737244e-02,1.292729401029646397e-03,6.331034936010837555e-03
9.491770863533020020e-01,2.684591570869088173e-03,1.236949395388364792e-02,2.558049373328685760e-02,2.544477814808487892e-03,7.643715944141149521e-03
9.544683694839477539e-01,3.526050830259919167e-03,1.275758817791938782e-02,1.871286146342754364e-02,3.253312082961201668e-03,7.281627506017684937e-03
9.400522708892822266e-01,5.739128682762384415e-03,2.524522691965103149e-02,1.629165187478065491e-02,5.816196091473102570e-03,6.855696905404329300e-03
9.151983857154846191e-01,1.095376163721084595e-02,4.510306194424629211e-02,7.456876803189516068e-03,1.504270453006029129e-02,6.245149765163660049e-03
9.385235309600830078e-01,8.775172755122184753e-03,2.800151146948337555e-02,1.113255321979522705e-02,7.558715995401144028e-03,6.008526310324668884e-03
8.958688974380493164e-01,9.441938251256942749e-03,4.543498903512954712e-02,3.874677047133445740e-02,4.720894619822502136e-03,5.786528345197439194e-03
8.913271427154541016e-01,1.885912194848060608e-02,4.129947349429130554e-02,3.806214034557342529e-02,4.345713183283805847e-03,6.106365006417036057e-03
8.989858031272888184e-01,1.352413836866617203e-02,2.287767082452774048e-02,5.700361728668212891e-02,1.639463589526712894e-03,5.969354882836341858e-03
9.439725279808044434e-01,9.340547025203704834e-03,1.535688620060682297e-02,2.298025414347648621e-02,2.093498595058917999e-03,6.256210617721080780e-03
9.368206858634948730e-01,7.499036379158496857e-03,1.446541119366884232e-02,3.282000124454498291e-02,1.719508902169764042e-03,6.675460841506719589e-03
9.520964026451110840e-01,4.384768661111593246e-03,1.442345883697271347e-02,1.955648139119148254e-02,2.498761517927050591e-03,7.040140219032764435e-03
9.557390809059143066e-01,3.160600783303380013e-03,1.603700779378414154e-02,1.283516734838485718e-02,4.534576088190078735e-03,7.693641819059848785e-03
9.483750462532043457e-01,3.960940521210432053e-03,2.483241073787212372e-02,9.170067496597766876e-03,6.709082983434200287e-03,6.952587980777025223e-03
9.487970471382141113e-01,5.262924358248710632e-03,2.176848985254764557e-02,6.210668478161096573e-03,1.034706737846136093e-02,7.613818626850843430e-03
9.386271834373474121e-01,6.217572372406721115e-03,2.920685708522796631e-02,5.019898992031812668e-03,1.405987050384283066e-02,6.868551019579172134e-03
9.498541951179504395e-01,5.353916436433792114e-03,1.911708712577819824e-02,6.650572177022695541e-03,1.050211209803819656e-02,8.522101677954196930e-03
9.526922702789306641e-01,3.284848295152187347e-03,1.616239175200462341e-02,7.928879931569099426e-03,9.648783132433891296e-03,1.028286106884479523e-02
9.512527585029602051e-01,3.320807591080665588e-03,1.615118235349655151e-02,9.371222928166389465e-03,9.626920334994792938e-03,1.027713622897863388e-02
9.483047723770141602e-01,3.052589716389775276e-03,1.824664883315563202e-02,1.039485260844230652e-02,9.288159199059009552e-03,1.071297749876976013e-02
9.440344572067260742e-01,3.653074381873011589e-03,2.119870856404304504e-02,8.423226885497570038e-03,1.244381535798311234e-02,1.024671737104654312e-02
9.468265771865844727e-01,4.449749831110239029e-03,2.359235845506191254e-02,8.519930765032768250e-03,8.517591282725334167e-03,8.093953132629394531e-03
9.493539333343505859e-01,5.482548847794532776e-03,1.821999996900558472e-02,1.414889283478260040e-02,5.059711169451475143e-03,7.735114544630050659e-03
9.576364755630493164e-01,3.845123574137687683e-03,1.648037694394588470e-02,1.298433635383844376e-02,3.250482957810163498e-03,5.803287029266357422e-03
9.495851993560791016e-01,4.833646118640899658e-03,1.573726534843444824e-02,1.984086818993091583e-02,3.176286118105053902e-03,6.826715078204870224e-03
9.441821575164794922e-01,6.971399765461683273e-03,1.776554435491561890e-02,2.133671566843986511e-02,3.152602817863225937e-03,6.591578945517539978e-03
9.390840530395507812e-01,6.983026862144470215e-03,2.195643261075019836e-02,2.122207358479499817e-02,4.024608060717582703e-03,6.729737855494022369e-03
9.447768926620483398e-01,6.835614331066608429e-03,2.036306820809841156e-02,1.554971653968095779e-02,5.148761905729770660e-03,7.325969636440277100e-03
9.494081735610961914e-01,5.240035243332386017e-03,1.978634856641292572e-02,1.480000931769609451e-02,4.034660756587982178e-03,6.730678025633096695e-03
9.579315185546875000e-01,3.628561040386557579e-03,1.409697812050580978e-02,1.187980454415082932e-02,4.145146347582340240e-03,8.318113163113594055e-03
9.513337612152099609e-01,3.971475176513195038e-03,2.139748819172382355e-02,1.149486470967531204e-02,4.993691109120845795e-03,6.808796431869268417e-03
9.350623488426208496e-01,5.748458206653594971e-03,3.031311370432376862e-02,1.807465218007564545e-02,4.378542769700288773e-03,6.422949489206075668e-03
9.134420752525329590e-01,1.000359375029802322e-02,4.786204546689987183e-02,1.238991878926753998e-02,9.972627274692058563e-03,6.329717114567756653e-03
9.193479418754577637e-01,1.218230184167623520e-02,4.260161519050598145e-02,1.154352910816669464e-02,8.883185684680938721e-03,5.441429093480110168e-03
9.213724732398986816e-01,1.102983485907316208e-02,4.075659438967704773e-02,7.331373170018196106e-03,1.361611206084489822e-02,5.893682595342397690e-03
9.298548102378845215e-01,1.554515399038791656e-02,2.815484628081321716e-02,9.150851517915725708e-03,1.041234005242586136e-02,6.881926208734512329e-03
9.404982924461364746e-01,9.676447138190269470e-03,2.459096349775791168e-02,1.031965855509042740e-02,8.043552748858928680e-03,6.871117278933525085e-03
9.209225773811340332e-01,1.574335061013698578e-02,3.477534279227256775e-02,1.160096097737550735e-02,9.720593690872192383e-03,7.237156387418508530e-03
8.908812403678894043e-01,2.154486626386642456e-02,5.228884890675544739e-02,2.230703458189964294e-02,6.619911175221204758e-03,6.358090788125991821e-03
8.817738294601440430e-01,3.153226524591445923e-02,5.663023144006729126e-02,1.671169139444828033e-02,7.346380501985549927e-03,6.005546543747186661e-03
9.015040397644042969e-01,2.972654066979885101e-02,4.064487293362617493e-02,1.321089174598455429e-02,7.952161133289337158e-03,6.961461156606674194e-03
9.300419092178344727e-01,1.143806241452693939e-02,2.980203181505203247e-02,1.684409379959106445e-02,5.202201660722494125e-03,6.671635899692773819e-03
9.303320646286010742e-01,1.388000231236219406e-02,2.922592498362064362e-02,1.503674313426017761e-02,4.986192565411329269e-03,6.539130117744207382e-03
9.318755865097045898e-01,5.002487916499376297e-03,3.133346512913703918e-02,2.265751734375953674e-02,3.362152026966214180e-03,5.768705625087022781e-03
9.327098727226257324e-01,8.108153939247131348e-03,3.322855383157730103e-02,1.450050342828035355e-02,5.268762819468975067e-03,6.184111349284648895e-03
9.153027534484863281e-01,1.103671547025442123e-02,4.201082885265350342e-02,2.003732323646545410e-02,5.454646889120340347e-03,6.157614290714263916e-03
9.377689957618713379e-01,6.983290892094373703e-03,3.109138645231723785e-02,1.227705553174018860e-02,5.547755397856235504e-03,6.331470794975757599e-03
9.457554817199707031e-01,5.273913498967885971e-03,2.164808288216590881e-02,1.454008743166923523e-02,5.480935797095298767e-03,7.301613222807645798e-03
9.517382979393005371e-01,4.443365614861249924e-03,1.842792890965938568e-02,1.346382591873407364e-02,4.781133495271205902e-03,7.145324256271123886e-03
9.455649852752685547e-01,5.583708640187978745e-03,2.242101170122623444e-02,1.186500210314989090e-02,7.248884998261928558e-03,7.316305302083492279e-03
9.333047866821289062e-01,8.862446062266826630e-03,3.167885541915893555e-02,8.192304521799087524e-03,1.092214044183492661e-02,7.039449643343687057e-03
9.344379305839538574e-01,1.034881919622421265e-02,3.124814480543136597e-02,6.892324425280094147e-03,1.082880981266498566e-02,6.243967451155185699e-03
8.882270455360412598e-01,1.353413425385951996e-02,7.062968611717224121e-02,1.113369781523942947e-02,1.143585518002510071e-02,5.039575509727001190e-03
9.212384223937988281e-01,8.134490810334682465e-03,4.774417728185653687e-02,9.963313117623329163e-03,7.860075682401657104e-03,5.059534218162298203e-03
9.093496799468994141e-01,9.203003719449043274e-03,5.623473599553108215e-02,1.214942615479230881e-02,8.091499097645282745e-03,4.971565678715705872e-03
9.086772203445434570e-01,1.182473450899124146e-02,5.119372159242630005e-02,7.513295859098434448e-03,1.461601071059703827e-02,6.175095681101083755e-03
8.973845243453979492e-01,1.221578102558851242e-02,5.767694115638732910e-02,9.783413261175155640e-03,1.576744206249713898e-02,7.171807810664176941e-03
8.972564935684204102e-01,1.521119475364685059e-02,5.075909197330474854e-02,6.254717707633972168e-03,2.281665802001953125e-02,7.701854221522808075e-03
9.033033847808837891e-01,1.106961444020271301e-02,5.286109447479248047e-02,8.122271858155727386e-03,1.723755709826946259e-02,7.406164892017841339e-03
9.104630947113037109e-01,1.579198241233825684e-02,4.430761188268661499e-02,7.305109407752752304e-03,1.492100954055786133e-02,7.211170159280300140e-03
9.284894466400146484e-01,8.877667598426342010e-03,3.082330338656902313e-02,2.255992591381072998e-02,3.659170353785157204e-03,5.590420681983232498e-03
8.617622256278991699e-01,1.695207133889198303e-02,7.837706804275512695e-02,3.199386224150657654e-02,5.662812385708093643e-03,5.251924972981214523e-03
8.422460556030273438e-01,1.266570761799812317e-02,9.571605175733566284e-02,4.139449819922447205e-02,3.860237309709191322e-03,4.117576405405998230e-03
8.409947156906127930e-01,1.605944521725177765e-02,9.933267533779144287e-02,3.186975792050361633e-02,6.754334550350904465e-03,4.989092703908681870e-03
8.740999698638916016e-01,1.301693543791770935e-02,8.103187382221221924e-02,1.757432520389556885e-02,8.752531372010707855e-03,5.524326115846633911e-03
9.128932356834411621e-01,1.014509052038192749e-02,4.817758500576019287e-02,1.453629601746797562e-02,8.112929761409759521e-03,6.134716793894767761e-03
8.932989835739135742e-01,1.027341373264789581e-02,6.641131639480590820e-02,1.364804618060588837e-02,1.051576156169176102e-02,5.852553527802228928e-03
9.227301478385925293e-01,6.358697079122066498e-03,4.281813278794288635e-02,1.699135452508926392e-02,5.300668068230152130e-03,5.800992250442504883e-03
9.356765747070312500e-01,6.125662941485643387e-03,3.607080876827239990e-02,1.015031058341264725e-02,6.341019645333290100e-03,5.635704379528760910e-03
9.523325562477111816e-01,5.552466958761215210e-03,1.995264925062656403e-02,6.109511479735374451e-03,8.394672535359859467e-03,7.658076006919145584e-03
9.357309341430664062e-01,1.332837902009487152e-02,2.550769411027431488e-02,7.487467955797910690e-03,9.805487468838691711e-03,8.140112273395061493e-03
9.111849069595336914e-01,1.955350860953330994e-02,4.048911109566688538e-02,8.709038607776165009e-03,1.269058231264352798e-02,7.372767664492130280e-03
9.166712760925292969e-01,1.601699553430080414e-02,3.832769021391868591e-02,1.064425613731145859e-02,1.043581962585449219e-02,7.904008030891418457e-03
8.959723114967346191e-01,1.349042262881994247e-02,6.396684795618057251e-02,1.371018588542938232e-02,7.431289646774530411e-03,5.428938660770654678e-03
9.051219820976257324e-01,1.265709660947322845e-02,5.408275127410888672e-02,1.137876976281404495e-02,9.874721057713031769e-03,6.884747184813022614e-03
8.988016843795776367e-01,1.343562547117471695e-02,5.901989340782165527e-02,1.366052590310573578e-02,9.773697704076766968e-03,5.308510735630989075e-03
9.170762896537780762e-01,1.226698607206344604e-02,4.503446072340011597e-02,5.458161234855651855e-03,1.469254959374666214e-02,5.471481941640377045e-03
8.494050502777099609e-01,1.828855276107788086e-02,1.024772971868515015e-01,8.913810364902019501e-03,1.650176756083965302e-02,4.413493443280458450e-03
8.411690592765808105e-01,2.060586214065551758e-02,1.086001247167587280e-01,1.119536254554986954e-02,1.409460324794054031e-02,4.335139878094196320e-03
8.313982486724853516e-01,1.712811924517154694e-02,1.237049326300621033e-01,1.326856669038534164e-02,1.047621481120586395e-02,4.023842513561248779e-03
8.090138435363769531e-01,1.912469416856765747e-02,1.403943002223968506e-01,1.768257282674312592e-02,9.513005614280700684e-03,4.271464422345161438e-03
8.663836717605590820e-01,1.463018357753753662e-02,9.203761070966720581e-02,1.408796943724155426e-02,8.619415573775768280e-03,4.241192713379859924e-03
8.952053189277648926e-01,1.188982464373111725e-02,6.509054452180862427e-02,1.647225767374038696e-02,6.569435354322195053e-03,4.772597923874855042e-03
9.201205968856811523e-01,6.629285868257284164e-03,4.191218316555023193e-02,2.125720307230949402e-02,4.807893186807632446e-03,5.272866692394018173e-03
9.352201819419860840e-01,5.173866637051105499e-03,2.890521101653575897e-02,2.051957882940769196e-02,3.704330185428261757e-03,6.476702634245157242e-03
9.473146796226501465e-01,3.804883686825633049e-03,1.912998594343662262e-02,1.841663196682929993e-02,3.506679320707917213e-03,7.827075198292732239e-03
9.319974780082702637e-01,3.635001834481954575e-03,3.074930980801582336e-02,2.235461398959159851e-02,3.911766689270734787e-03,7.351755164563655853e-03
9.353289604187011719e-01,4.710530862212181091e-03,3.344477340579032898e-02,1.032729167491197586e-02,8.409298025071620941e-03,7.779117207974195480e-03
9.310813546180725098e-01,4.996775649487972260e-03,3.338623419404029846e-02,1.571304537355899811e-02,7.451662793755531311e-03,7.370975799858570099e-03
9.572172760963439941e-01,3.967224154621362686e-03,1.584001630544662476e-02,1.357453130185604095e-02,3.442554501816630363e-03,5.958306603133678436e-03
9.501668810844421387e-01,4.210453014820814133e-03,1.629359461367130280e-02,2.050436288118362427e-02,2.705252030864357948e-03,6.119569297879934311e-03
9.514975547790527344e-01,3.922332078218460083e-03,1.263877470046281815e-02,2.179948613047599792e-02,2.412059344351291656e-03,7.729812525212764740e-03
9.478088617324829102e-01,3.420832101255655289e-03,1.597619429230690002e-02,2.128547243773937225e-02,3.261730307713150978e-03,8.246870711445808411e-03
9.367886781692504883e-01,5.863984581083059311e-03,2.192187123000621796e-02,1.859278418123722076e-02,6.262828130275011063e-03,1.056983787566423416e-02
9.348934292793273926e-01,7.412074599415063858e-03,2.826414629817008972e-02,1.002876460552215576e-02,1.010874286293983459e-02,9.292852133512496948e-03
9.223718047142028809e-01,1.497062854468822479e-02,3.135044127702713013e-02,7.081143092364072800e-03,1.504324562847614288e-02,9.182755835354328156e-03
9.236792922019958496e-01,1.790771074593067169e-02,2.927497029304504395e-02,7.258038502186536789e-03,1.349848881363868713e-02,8.381442166864871979e-03
9.408586025238037109e-01,1.212918665260076523e-02,2.340191043913364410e-02,7.767204195261001587e-03,9.084375575184822083e-03,6.758761592209339142e-03
9.375644922256469727e-01,1.103076431900262833e-02,2.702707052230834961e-02,8.338409475982189178e-03,8.857072331011295319e-03,7.182189729064702988e-03
9.086282849311828613e-01,1.672348193824291229e-02,3.965214267373085022e-02,1.922219619154930115e-02,7.913935929536819458e-03,7.859900593757629395e-03
8.906822800636291504e-01,2.920237369835376740e-02,4.105075448751449585e-02,2.300562337040901184e-02,7.422843948006629944e-03,8.636147715151309967e-03
8.303285241127014160e-01,6.805938482284545898e-02,6.221150979399681091e-02,1.733743399381637573e-02,1.329584512859582901e-02,8.767257444560527802e-03
8.502210974693298340e-01,6.070012599229812622e-02,4.460888355970382690e-02,2.831298485398292542e-02,7.657698821276426315e-03,8.499178104102611542e-03
8.962256312370300293e-01,2.937430888414382935e-02,4.107486456632614136e-02,2.205653861165046692e-02,4.956827498972415924e-03,6.311763077974319458e-03
9.371344447135925293e-01,1.293284911662340164e-02,2.827034890651702881e-02,9.769113734364509583e-03,5.802374798804521561e-03,6.090941373258829117e-03
9.220213294029235840e-01,1.508413814008235931e-02,3.695904091000556946e-02,1.214582100510597229e-02,7.679547648876905441e-03,6.110241636633872986e-03
9.113679528236389160e-01,1.549967471510171890e-02,4.182732850313186646e-02,1.850243099033832550e-02,6.655331235378980637e-03,6.147369742393493652e-03
9.196563959121704102e-01,1.031576469540596008e-02,3.956853970885276794e-02,1.808262243866920471e-02,6.538777146488428116e-03,5.837930832058191299e-03
9.056501388549804688e-01,1.675881072878837585e-02,4.310566559433937073e-02,1.830996945500373840e-02,8.842118084430694580e-03,7.333289831876754761e-03
9.292043447494506836e-01,8.485606871545314789e-03,3.138833865523338318e-02,1.819904521107673645e-02,5.786121357232332230e-03,6.936380174010992050e-03
9.187322854995727539e-01,1.199103146791458130e-02,3.709033504128456116e-02,1.461343839764595032e-02,9.852780029177665710e-03,7.720164954662322998e-03
9.030066132545471191e-01,2.106850594282150269e-02,3.769587725400924683e-02,1.880515739321708679e-02,1.080922316759824753e-02,8.614634163677692413e-03
9.061873555183410645e-01,1.234386023133993149e-02,4.195896163582801819e-02,2.360589243471622467e-02,8.250468410551548004e-03,7.653331384062767029e-03
9.356234669685363770e-01,1.007111370563507080e-02,2.001100219786167145e-02,1.653410308063030243e-02,7.847386412322521210e-03,9.912877343595027924e-03
9.364163875579833984e-01,4.909491632133722305e-03,2.528168633580207825e-02,1.961793005466461182e-02,5.332647357136011124e-03,8.441969752311706543e-03
9.486470818519592285e-01,2.675354480743408203e-03,1.731968112289905548e-02,1.879961788654327393e-02,3.830295056104660034e-03,8.727985434234142303e-03
9.466806054115295410e-01,3.472718177363276482e-03,2.110580541193485260e-02,1.296686474233865738e-02,5.927962251007556915e-03,9.846055880188941956e-03
9.499552249908447266e-01,4.090058617293834686e-03,2.056506276130676270e-02,1.128440257161855698e-02,5.506398156285285950e-03,8.599071763455867767e-03
9.456961154937744141e-01,4.763789474964141846e-03,2.091792598366737366e-02,1.731169037520885468e-02,4.092718474566936493e-03,7.217786740511655807e-03
9.486078023910522461e-01,5.059573799371719360e-03,1.494433823972940445e-02,2.169068902730941772e-02,2.935826079919934273e-03,6.761763244867324829e-03
9.374125003814697266e-01,6.802399642765522003e-03,2.189431898295879364e-02,2.232754603028297424e-02,4.038591403514146805e-03,7.524631451815366745e-03
9.399270415306091309e-01,7.300540339201688766e-03,2.011027559638023376e-02,2.113468199968338013e-02,4.122493322938680649e-03,7.404997944831848145e-03
9.413051009178161621e-01,6.926465313881635666e-03,2.307116612792015076e-02,1.302060671150684357e-02,7.950665429234504700e-03,7.726039271801710129e-03
9.406498074531555176e-01,5.278325639665126801e-03,2.391911298036575317e-02,1.536814589053392410e-02,7.022521924227476120e-03,7.762007880955934525e-03
9.401425719261169434e-01,4.134749528020620346e-03,2.981479093432426453e-02,8.875034749507904053e-03,9.865988977253437042e-03,7.167033385485410690e-03
9.367403388023376465e-01,4.593769554048776627e-03,3.015940822660923004e-02,1.335047744214534760e-02,7.896009832620620728e-03,7.259836886078119278e-03
9.403401613235473633e-01,6.189573090523481369e-03,3.046471066772937775e-02,8.772221393883228302e-03,7.149365264922380447e-03,7.084047421813011169e-03
9.454346299171447754e-01,6.857743952423334122e-03,2.486365847289562225e-02,8.169127628207206726e-03,7.325499784201383591e-03,7.349354214966297150e-03
9.177065491676330566e-01,1.585589535534381866e-02,4.083368927240371704e-02,8.561637252569198608e-03,9.870015084743499756e-03,7.172228302806615829e-03
9.372842907905578613e-01,1.313184760510921478e-02,2.725499123334884644e-02,9.857638739049434662e-03,5.714339204132556915e-03,6.756863556802272797e-03
9.300963878631591797e-01,1.211664266884326935e-02,3.517914190888404846e-02,1.074680220335721970e-02,5.963041912764310837e-03,5.898091010749340057e-03
8.963229060173034668e-01,1.874147541821002960e-02,5.902656540274620056e-02,1.261647138744592667e-02,7.704747840762138367e-03,5.587976425886154175e-03
8.478489518165588379e-01,2.345678396522998810e-02,9.979194402694702148e-02,1.676462776958942413e-02,7.372184656560420990e-03,4.765574354678392410e-03
8.863610029220581055e-01,8.515876717865467072e-03,8.058095723390579224e-02,1.380541268736124039e-02,6.440859287977218628e-03,4.295867867767810822e-03
8.754980564117431641e-01,1.378301717340946198e-02,8.301122486591339111e-02,1.431132387369871140e-02,8.247678168118000031e-03,5.148839205503463745e-03
8.909845352172851562e-01,6.077944766730070114e-03,6.520992517471313477e-02,2.943704277276992798e-02,3.621929790824651718e-03,4.668649286031723022e-03
9.399126172065734863e-01,5.755087360739707947e-03,2.593932859599590302e-02,1.774290576577186584e-02,4.018717911094427109e-03,6.631419062614440918e-03
9.479009509086608887e-01,6.186795886605978012e-03,1.869452372193336487e-02,1.844863593578338623e-02,2.675959141924977303e-03,6.093272008001804352e-03
9.505534172058105469e-01,8.474998176097869873e-03,1.539818663150072098e-02,1.450742129236459732e-02,3.370645456016063690e-03,7.695180363953113556e-03
9.424423575401306152e-01,1.095645036548376083e-02,2.423659898340702057e-02,1.108468603342771530e-02,4.841379355639219284e-03,6.438397336751222610e-03
9.382878541946411133e-01,1.533450558781623840e-02,2.538691274821758270e-02,7.417319342494010925e-03,6.571922916918992996e-03,7.001405116170644760e-03
9.476975202560424805e-01,9.732342325150966644e-03,2.303981408476829529e-02,8.167255669832229614e-03,5.124002695083618164e-03,6.239203270524740219e-03
9.563581943511962891e-01,5.360870622098445892e-03,1.806549355387687683e-02,1.012543588876724243e-02,3.897201037034392357e-03,6.192805245518684387e-03
9.525243639945983887e-01,3.747850190848112106e-03,1.107499562203884125e-02,2.536736801266670227e-02,1.497619552537798882e-03,5.787810310721397400e-03
9.502581357955932617e-01,2.975755138322710991e-03,1.282401941716670990e-02,2.676559612154960632e-02,1.544817700050771236e-03,5.631666164845228195e-03
9.502488970756530762e-01,3.514569951221346855e-03,1.261804252862930298e-02,2.543619275093078613e-02,1.730476389639079571e-03,6.451786961406469345e-03
9.484924077987670898e-01,5.876848008483648300e-03,1.761920191347599030e-02,1.639008708298206329e-02,3.981382120400667191e-03,7.640034426003694534e-03
9.423649907112121582e-01,9.220256470143795013e-03,2.331796661019325256e-02,9.798223152756690979e-03,7.328741718083620071e-03,7.969811558723449707e-03
9.313223958015441895e-01,1.234243530780076981e-02,3.101951442658901215e-02,8.963036350905895233e-03,8.679106831550598145e-03,7.673523388803005219e-03
9.357482790946960449e-01,1.081127207726240158e-02,2.704684808850288391e-02,1.224009040743112564e-02,6.201124284416437149e-03,7.952399551868438721e-03
9.432713389396667480e-01,7.220781873911619186e-03,2.023468725383281708e-02,1.861500553786754608e-02,3.387168282642960548e-03,7.271098904311656952e-03
9.314820766448974609e-01,4.693737253546714783e-03,1.848606206476688385e-02,3.670869767665863037e-02,1.902779098600149155e-03,6.726674735546112061e-03
9.429179430007934570e-01,4.317303653806447983e-03,1.902358792722225189e-02,2.428819797933101654e-02,2.787690609693527222e-03,6.665260531008243561e-03
9.344179034233093262e-01,6.872692145407199860e-03,2.098277397453784943e-02,2.782187983393669128e-02,3.005340462550520897e-03,6.899301894009113312e-03
9.314778447151184082e-01,6.091444287449121475e-03,2.959913946688175201e-02,2.279239334166049957e-02,3.888025879859924316e-03,6.151272449642419815e-03
9.346532225608825684e-01,7.937107235193252563e-03,2.757996134459972382e-02,1.559665426611900330e-02,6.724463310092687607e-03,7.508569862693548203e-03
9.380962848663330078e-01,8.672571741044521332e-03,2.795170620083808899e-02,1.267612911760807037e-02,5.692693404853343964e-03,6.910477764904499054e-03
9.388656616210937500e-01,5.646233912557363510e-03,2.465119399130344391e-02,1.748422719538211823e-02,5.648614373058080673e-03,7.704116869717836380e-03
9.315257072448730469e-01,1.035147439688444138e-02,2.774909324944019318e-02,1.815035007894039154e-02,5.102217663079500198e-03,7.121238857507705688e-03
9.300661683082580566e-01,6.723332684487104416e-03,2.606612816452980042e-02,2.701640501618385315e-02,3.620760748162865639e-03,6.507215090095996857e-03
9.307149052619934082e-01,7.798027712851762772e-03,2.878354676067829132e-02,2.110652625560760498e-02,4.998523276299238205e-03,6.598535459488630295e-03
9.483667016029357910e-01,5.658296868205070496e-03,2.162277698516845703e-02,1.570590212941169739e-02,3.195748897269368172e-03,5.450698081403970718e-03
9.505711793899536133e-01,4.482243675738573074e-03,2.254128642380237579e-02,1.247807592153549194e-02,4.383100196719169617e-03,5.543989595025777817e-03
9.586136937141418457e-01,2.603510161861777306e-03,1.831642910838127136e-02,1.127685047686100006e-02,3.640090348199009895e-03,5.549332126975059509e-03
9.517473578453063965e-01,2.953252522274851799e-03,2.155007049441337585e-02,1.051544956862926483e-02,6.172485649585723877e-03,7.061354815959930420e-03
9.470931887626647949e-01,3.458649618551135063e-03,2.114123851060867310e-02,1.075050234794616699e-02,8.613036945462226868e-03,8.943351916968822479e-03
9.483708739280700684e-01,3.095480380579829216e-03,1.851468719542026520e-02,1.620766893029212952e-02,5.203412380069494247e-03,8.607906289398670197e-03
9.385604262351989746e-01,2.555485349148511887e-03,1.675854064524173737e-02,3.130447119474411011e-02,2.856189152225852013e-03,7.965006865561008453e-03
9.213939309120178223e-01,3.277557436376810074e-03,2.061319909989833832e-02,4.634821787476539612e-02,1.856966409832239151e-03,6.510122213512659073e-03
9.338582754135131836e-01,5.940384231507778168e-03,1.627272553741931915e-02,3.684804588556289673e-02,1.514566713012754917e-03,5.565948784351348877e-03
9.322879910469055176e-01,4.452477674931287766e-03,1.572359912097454071e-02,3.992656245827674866e-02,1.586621627211570740e-03,6.022745743393898010e-03
9.328312277793884277e-01,5.605587270110845566e-03,2.161044441163539886e-02,3.106619231402873993e-02,2.576777944341301918e-03,6.309678312391042709e-03
9.485287666320800781e-01,5.498410668224096298e-03,2.043474838137626648e-02,1.785262860357761383e-02,2.579228952527046204e-03,5.106328055262565613e-03
9.378151297569274902e-01,3.990962635725736618e-03,2.715658955276012421e-02,2.249999530613422394e-02,3.289172193035483360e-03,5.248146131634712219e-03
9.411310553550720215e-01,4.437952302396297455e-03,3.166481852531433105e-02,1.225447934120893478e-02,5.299764685332775116e-03,5.211902782320976257e-03
9.460988044738769531e-01,4.170734435319900513e-03,2.630638703703880310e-02,1.196854934096336365e-02,5.126508418470621109e-03,6.329104304313659668e-03
9.283493161201477051e-01,6.988087669014930725e-03,3.785067796707153320e-02,1.110036857426166534e-02,8.682520128786563873e-03,7.028918713331222534e-03
9.459662437438964844e-01,3.937616944313049316e-03,2.460197359323501587e-02,1.471057813614606857e-02,4.437766037881374359e-03,6.345752160996198654e-03
9.453186988830566406e-01,4.334638826549053192e-03,1.804156415164470673e-02,2.194981835782527924e-02,3.347422229126095772e-03,7.007888052612543106e-03
9.501631855964660645e-01,5.051018204540014267e-03,1.669875904917716980e-02,1.788271218538284302e-02,3.587791929021477699e-03,6.616563070565462112e-03
9.483705759048461914e-01,3.815958276391029358e-03,1.673062890768051147e-02,2.264633215963840485e-02,2.467417158186435699e-03,5.969157442450523376e-03
9.416100382804870605e-01,6.184346042573451996e-03,2.378210611641407013e-02,1.857315935194492340e-02,3.933687228709459305e-03,5.916748195886611938e-03
9.445175528526306152e-01,6.657429505139589310e-03,2.634287625551223755e-02,1.095198746770620346e-02,5.722737871110439301e-03,5.807328037917613983e-03
9.365946650505065918e-01,7.358934730291366577e-03,3.134249523282051086e-02,1.442928519099950790e-02,5.004722159355878830e-03,5.269867368042469025e-03
9.440079927444458008e-01,8.706687018275260925e-03,2.516633830964565277e-02,9.952157735824584961e-03,6.094831041991710663e-03,6.072044838219881058e-03
9.483649730682373047e-01,5.256816744804382324e-03,2.286979556083679199e-02,1.411670818924903870e-02,3.904271870851516724e-03,5.487382877618074417e-03
9.465575814247131348e-01,7.648719474673271179e-03,2.340534701943397522e-02,9.091433137655258179e-03,6.703692022711038589e-03,6.593300029635429382e-03
9.447517991065979004e-01,5.655928514897823334e-03,2.674225158989429474e-02,1.285107992589473724e-02,4.304788075387477875e-03,5.694062449038028717e-03
9.449579119682312012e-01,5.298175849020481110e-03,2.528213150799274445e-02,1.333063002675771713e-02,4.780565388500690460e-03,6.350638810545206070e-03
9.303424954414367676e-01,7.337622810155153275e-03,3.405749052762985229e-02,1.552985142916440964e-02,6.134696770459413528e-03,6.597748026251792908e-03
9.253634214401245117e-01,5.420360714197158813e-03,3.695202618837356567e-02,2.051123790442943573e-02,5.188947077840566635e-03,6.563940085470676422e-03
9.414279460906982422e-01,3.814279567450284958e-03,2.056894265115261078e-02,2.317414246499538422e-02,3.560064826160669327e-03,7.454541511833667755e-03
9.458998441696166992e-01,4.809088539332151413e-03,1.754085905849933624e-02,1.923916675150394440e-02,4.101493861526250839e-03,8.409501984715461731e-03
9.463053345680236816e-01,5.489321425557136536e-03,1.416479609906673431e-02,2.218527719378471375e-02,3.002295503392815590e-03,8.852976374328136444e-03
9.513538479804992676e-01,7.581512909382581711e-03,1.285215932875871658e-02,1.858450286090373993e-02,2.240571659058332443e-03,7.387437392026185989e-03
9.431479573249816895e-01,1.387040503323078156e-02,1.891039684414863586e-02,1.150829996913671494e-02,4.477786365896463394e-03,8.085082285106182098e-03
9.292534589767456055e-01,2.460774593055248260e-02,2.277714386582374573e-02,8.776172995567321777e-03,6.158125121146440506e-03,8.427419699728488922e-03
9.193096756935119629e-01,2.776275202631950378e-02,2.926756627857685089e-02,1.029825955629348755e-02,6.127804052084684372e-03,7.233792450278997421e-03
9.311734437942504883e-01,1.795230805873870850e-02,2.577406726777553558e-02,1.144703291356563568e-02,5.866354797035455704e-03,7.786903064697980881e-03
9.345487952232360840e-01,1.242438144981861115e-02,2.542438358068466187e-02,1.578810997307300568e-02,4.132687579840421677e-03,7.681562099605798721e-03
9.465165734291076660e-01,6.369439885020256042e-03,1.965440250933170319e-02,1.658872142434120178e-02,3.417592262849211693e-03,7.453282829374074936e-03
9.434048533439636230e-01,4.157735966145992279e-03,2.028776519000530243e-02,1.995216310024261475e-02,3.694390878081321716e-03,8.503012359142303467e-03
9.402210712432861328e-01,4.022134467959403992e-03,2.121472917497158051e-02,2.275936119258403778e-02,3.657613880932331085e-03,8.125104941427707672e-03
9.455527067184448242e-01,3.770779352635145187e-03,1.845901831984519958e-02,2.126855589449405670e-02,3.512710332870483398e-03,7.436194922775030136e-03
9.445714950561523438e-01,3.319858340546488762e-03,1.967732422053813934e-02,1.854860223829746246e-02,5.082423798739910126e-03,8.800256066024303436e-03
9.431011080741882324e-01,4.205077420920133591e-03,2.090325765311717987e-02,1.666233502328395844e-02,6.179625168442726135e-03,8.948541246354579926e-03
9.451239109039306641e-01,5.207643844187259674e-03,2.178260497748851776e-02,1.187066361308097839e-02,7.336800452321767807e-03,8.678409270942211151e-03
9.409890770912170410e-01,6.333891768008470535e-03,2.386722899973392487e-02,1.190499309450387955e-02,8.137207478284835815e-03,8.767419494688510895e-03
9.425309300422668457e-01,8.627412840723991394e-03,2.169300615787506104e-02,1.018326170742511749e-02,7.822161540389060974e-03,9.143206290900707245e-03
9.408461451530456543e-01,7.389625534415245056e-03,2.466116100549697876e-02,9.629367850720882416e-03,9.178584441542625427e-03,8.295054547488689423e-03
9.482885599136352539e-01,4.413135815411806107e-03,2.299135550856590271e-02,1.135952211916446686e-02,5.186961032450199127e-03,7.760370615869760513e-03
9.300253391265869141e-01,6.969630718231201172e-03,3.545857965946197510e-02,7.584039121866226196e-03,1.200619991868734360e-02,7.956353947520256042e-03
9.159632921218872070e-01,8.450714871287345886e-03,4.791458696126937866e-02,8.674051612615585327e-03,1.188939064741134644e-02,7.107926998287439346e-03
9.282889962196350098e-01,7.067871280014514923e-03,3.869144618511199951e-02,9.576989337801933289e-03,9.336122311651706696e-03,7.038580719381570816e-03
9.262164235115051270e-01,8.791556581854820251e-03,3.758554905652999878e-02,1.530541945248842239e-02,5.778929218649864197e-03,6.322089582681655884e-03
9.401711821556091309e-01,6.249590776860713959e-03,2.315940707921981812e-02,2.118189074099063873e-02,3.383300732821226120e-03,5.854565184563398361e-03
9.482468366622924805e-01,4.813383333384990692e-03,1.625995710492134094e-02,2.017429284751415253e-02,3.084995783865451813e-03,7.420488167554140091e-03
9.581286311149597168e-01,3.136785002425312996e-03,1.323224045336246490e-02,1.594077423214912415e-02,2.506831660866737366e-03,7.054647430777549744e-03
9.560864567756652832e-01,3.503307234495878220e-03,1.734080910682678223e-02,1.056312303990125656e-02,4.400485195219516754e-03,8.105757646262645721e-03
9.579132199287414551e-01,3.127308096736669540e-03,1.590495556592941284e-02,1.008839998394250870e-02,4.624681547284126282e-03,8.341496810317039490e-03
9.530026912689208984e-01,3.865123493596911430e-03,2.124630659818649292e-02,8.852558210492134094e-03,5.291485693305730820e-03,7.741833105683326721e-03
9.489040374755859375e-01,6.090968847274780273e-03,2.337138168513774872e-02,7.589150685817003250e-03,7.030302658677101135e-03,7.014282979071140289e-03
9.428776502609252930e-01,7.768143434077501297e-03,2.673701941967010498e-02,8.730859495699405670e-03,6.862822454422712326e-03,7.023573387414216995e-03
9.305723309516906738e-01,1.488388888537883759e-02,3.054744750261306763e-02,1.001819502562284470e-02,6.974807474762201309e-03,7.003261242061853409e-03
9.243853092193603516e-01,2.051568962633609772e-02,2.969573996961116791e-02,1.042572315782308578e-02,7.462605834007263184e-03,7.514869328588247299e-03
9.442287087440490723e-01,1.129294838756322861e-02,1.976763829588890076e-02,1.227032765746116638e-02,4.485674202442169189e-03,7.954660803079605103e-03
9.340741634368896484e-01,1.385834719985723495e-02,2.597796730697154999e-02,1.058342680335044861e-02,7.172334007918834686e-03,8.333878591656684875e-03
9.416256546974182129e-01,8.559775538742542267e-03,2.178035490214824677e-02,8.089398965239524841e-03,9.820918552577495575e-03,1.012385357171297073e-02
9.436810016632080078e-01,7.267374545335769653e-03,2.009294182062149048e-02,8.712578564882278442e-03,9.428717195987701416e-03,1.081742066890001297e-02
9.431253671646118164e-01,8.650098927319049835e-03,1.702962815761566162e-02,7.133702281862497330e-03,1.026086974889039993e-02,1.380024943500757217e-02
9.418450593948364258e-01,7.211417425423860550e-03,1.447381731122732162e-02,1.134570408612489700e-02,7.754797581583261490e-03,1.736920326948165894e-02
9.453797340393066406e-01,5.335594061762094498e-03,1.014614850282669067e-02,1.537670660763978958e-02,4.829422570765018463e-03,1.893220469355583191e-02
9.285163879394531250e-01,9.250106289982795715e-03,1.862762682139873505e-02,1.590583287179470062e-02,8.788215927779674530e-03,1.891193538904190063e-02
9.272128939628601074e-01,8.034133352339267731e-03,2.377749048173427582e-02,1.091018132865428925e-02,1.482804957777261734e-02,1.523724570870399475e-02
9.385385513305664062e-01,6.953612435609102249e-03,2.153323404490947723e-02,8.847205899655818939e-03,1.209275424480438232e-02,1.203468348830938339e-02
9.399229884147644043e-01,5.676542408764362335e-03,2.591399848461151123e-02,6.032606586813926697e-03,1.391881518065929413e-02,8.535005152225494385e-03
9.474515318870544434e-01,6.043033674359321594e-03,1.980730704963207245e-02,7.987263612449169159e-03,9.541587904095649719e-03,9.169323369860649109e-03
9.568701386451721191e-01,4.116616677492856979e-03,1.744027063250541687e-02,1.086139213293790817e-02,4.075971897691488266e-03,6.635501980781555176e-03
9.479030370712280273e-01,3.947792109102010727e-03,1.760008558630943298e-02,2.125409059226512909e-02,2.735151443630456924e-03,6.559760775417089462e-03
9.458599686622619629e-01,5.537662655115127563e-03,2.340163476765155792e-02,1.338600181043148041e-02,4.863878246396780014e-03,6.950808223336935043e-03
9.486189484596252441e-01,5.210569128394126892e-03,1.955529116094112396e-02,1.591441407799720764e-02,3.687183838337659836e-03,7.013527210801839828e-03
9.521159529685974121e-01,5.328147206455469131e-03,1.854931563138961792e-02,1.374790165573358536e-02,3.668955992907285690e-03,6.589679047465324402e-03
9.588184952735900879e-01,4.872535821050405502e-03,1.259835343807935715e-02,1.468859706073999405e-02,2.596904290840029716e-03,6.425150670111179352e-03
9.562783837318420410e-01,5.061768926680088043e-03,1.417509932070970535e-02,1.451060920953750610e-02,3.156714839860796928e-03,6.817333400249481201e-03
9.549198746681213379e-01,4.860272631049156189e-03,1.668909937143325806e-02,1.228131912648677826e-02,3.910187631845474243e-03,7.339139468967914581e-03
9.466589093208312988e-01,4.277490079402923584e-03,1.966848224401473999e-02,1.645608246326446533e-02,4.341233056038618088e-03,8.597753010690212250e-03
9.266844391822814941e-01,5.469774827361106873e-03,3.023044951260089874e-02,2.212966792285442352e-02,6.055195815861225128e-03,9.430441074073314667e-03
9.325564503669738770e-01,5.570875480771064758e-03,3.313077241182327271e-02,1.060139108449220657e-02,1.026210281997919083e-02,7.878190837800502777e-03
9.516847133636474609e-01,3.712795441970229149e-03,1.895229332149028778e-02,8.782995864748954773e-03,8.481970056891441345e-03,8.385166525840759277e-03
9.384883642196655273e-01,6.672783754765987396e-03,2.790693566203117371e-02,6.884551607072353363e-03,1.260659936815500259e-02,7.440810091793537140e-03
9.192924499511718750e-01,1.751733571290969849e-02,3.320413827896118164e-02,9.472485631704330444e-03,1.184566132724285126e-02,8.667955175042152405e-03
9.026566147804260254e-01,3.588031977415084839e-02,2.995200455188751221e-02,1.462053414434194565e-02,8.221411146223545074e-03,8.669048547744750977e-03
8.809015750885009766e-01,3.511228784918785095e-02,3.978042677044868469e-02,3.031563013792037964e-02,5.338522139936685562e-03,8.551634848117828369e-03
8.577572107315063477e-01,3.381671756505966187e-02,4.592740163207054138e-02,5.182476341724395752e-02,3.535566851496696472e-03,7.138405460864305496e-03
9.060362577438354492e-01,1.021047309041023254e-02,3.487520292401313782e-02,3.847256675362586975e-02,3.464512526988983154e-03,6.941112224012613297e-03
9.222733378410339355e-01,6.266668904572725296e-03,3.227840736508369446e-02,2.911720983684062958e-02,3.410657634958624840e-03,6.653698626905679703e-03
9.391283392906188965e-01,5.852716043591499329e-03,2.410729974508285522e-02,1.708076894283294678e-02,5.108416546136140823e-03,8.722580038011074066e-03
9.537879824638366699e-01,6.317839492112398148e-03,1.443857513368129730e-02,1.086182799190282822e-02,4.631646443158388138e-03,9.962084703147411346e-03
9.569879174232482910e-01,6.873616017401218414e-03,1.314246188849210739e-02,6.860053632408380508e-03,5.965306423604488373e-03,1.017055660486221313e-02
9.549736380577087402e-01,5.200587678700685501e-03,9.171348065137863159e-03,9.004644118249416351e-03,5.184317938983440399e-03,1.646542549133300781e-02
9.478057622909545898e-01,3.495895536616444588e-03,1.209399290382862091e-02,1.802315004169940948e-02,3.389189718291163445e-03,1.519195176661014557e-02
9.448179006576538086e-01,2.652250463142991066e-03,1.291300822049379349e-02,2.293031662702560425e-02,3.241523867473006248e-03,1.344494614750146866e-02
9.324208498001098633e-01,2.251887926831841469e-03,1.553670782595872879e-02,3.611142560839653015e-02,2.284574788063764572e-03,1.139464601874351501e-02
9.364692568778991699e-01,3.838126780465245247e-03,2.806382440030574799e-02,1.961326226592063904e-02,4.632318392395973206e-03,7.383092772215604782e-03
9.481937885284423828e-01,3.778424113988876343e-03,2.150091156363487244e-02,1.397441886365413666e-02,4.825942218303680420e-03,7.726538926362991333e-03
9.515059590339660645e-01,5.302174016833305359e-03,1.986740343272686005e-02,7.907037623226642609e-03,7.098358590155839920e-03,8.318960666656494141e-03
9.440308213233947754e-01,4.363076761364936829e-03,2.723928540945053101e-02,6.480553653091192245e-03,1.012355834245681763e-02,7.762671448290348053e-03
9.482547044754028320e-01,5.614693276584148407e-03,2.402007766067981720e-02,7.564277853816747665e-03,7.064762990921735764e-03,7.481568027287721634e-03
9.413983821868896484e-01,4.954645875841379166e-03,3.141941875219345093e-02,7.767036557197570801e-03,7.717492524534463882e-03,6.743023172020912170e-03
9.456529021263122559e-01,4.696224816143512726e-03,2.853008545935153961e-02,8.274429477751255035e-03,6.782420910894870758e-03,6.063848268240690231e-03
9.491967558860778809e-01,5.362312309443950653e-03,2.410983480513095856e-02,8.448177017271518707e-03,6.186998914927244186e-03,6.695945281535387039e-03
9.449449777603149414e-01,4.728750325739383698e-03,2.567160874605178833e-02,1.219763047993183136e-02,5.732643418014049530e-03,6.724277976900339127e-03
9.391508102416992188e-01,4.418007563799619675e-03,3.136485069990158081e-02,1.258336752653121948e-02,6.083947140723466873e-03,6.398932542651891708e-03
9.485291838645935059e-01,3.846307052299380302e-03,2.492934651672840118e-02,1.191781461238861084e-02,4.745059181004762650e-03,6.032338365912437439e-03
9.505227208137512207e-01,3.103772178292274475e-03,2.327446825802326202e-02,1.035077311098575592e-02,5.940293893218040466e-03,6.807959638535976410e-03
9.560434222221374512e-01,3.014432266354560852e-03,1.932259649038314819e-02,8.143106475472450256e-03,6.124938372522592545e-03,7.351416163146495819e-03
9.493750929832458496e-01,2.696057083085179329e-03,2.184618636965751648e-02,9.563549421727657318e-03,7.913027890026569366e-03,8.606074377894401550e-03
9.434571862220764160e-01,5.614706315100193024e-03,2.136096544563770294e-02,9.253956377506256104e-03,1.013129577040672302e-02,1.018190104514360428e-02
9.341005682945251465e-01,1.269670482724905014e-02,2.486735396087169647e-02,1.370046753436326981e-02,6.263107992708683014e-03,8.371758274734020233e-03
9.331456422805786133e-01,1.459168083965778351e-02,2.368351817131042480e-02,1.050593517720699310e-02,8.276338689029216766e-03,9.797022677958011627e-03
9.261576533317565918e-01,1.931209489703178406e-02,2.507369406521320343e-02,1.095421425998210907e-02,9.693823754787445068e-03,8.808562532067298889e-03
9.375585317611694336e-01,1.397444400936365128e-02,2.179505303502082825e-02,7.744353730231523514e-03,1.018394064158201218e-02,8.743674494326114655e-03
9.550749659538269043e-01,6.193909794092178345e-03,1.580125838518142700e-02,5.558675620704889297e-03,9.213442914187908173e-03,8.157767355442047119e-03
9.595118165016174316e-01,5.008653271943330765e-03,1.332845911383628845e-02,9.519775398075580597e-03,5.059211049228906631e-03,7.572027388960123062e-03
9.589298367500305176e-01,2.913602162152528763e-03,1.262440718710422516e-02,1.594756357371807098e-02,2.756836125627160072e-03,6.827863398939371109e-03
9.472872018814086914e-01,4.182561300694942474e-03,1.745485141873359680e-02,1.956774108111858368e-02,3.379418747499585152e-03,8.128248155117034912e-03
9.427039623260498047e-01,4.151199478656053543e-03,1.890285499393939972e-02,2.221495099365711212e-02,3.643286181613802910e-03,8.383650332689285278e-03
9.361487627029418945e-01,5.700089037418365479e-03,3.104087337851524353e-02,1.432903762906789780e-02,5.421131849288940430e-03,7.360192481428384781e-03
9.440354108810424805e-01,7.748172152787446976e-03,2.283495105803012848e-02,1.145182643085718155e-02,5.611287895590066910e-03,8.318348787724971771e-03
9.554154872894287109e-01,6.121187005192041397e-03,1.607219688594341278e-02,1.183677092194557190e-02,3.201600862666964531e-03,7.352825719863176346e-03
9.603955745697021484e-01,5.690222606062889099e-03,1.012972742319107056e-02,1.292273309081792831e-02,2.553497906774282455e-03,8.308297023177146912e-03
9.627174735069274902e-01,5.906953010708093643e-03,9.395268745720386505e-03,1.142269000411033630e-02,2.538274740800261497e-03,8.019470609724521637e-03
9.565533995628356934e-01,8.390055038034915924e-03,1.322475448250770569e-02,9.609595872461795807e-03,3.894695080816745758e-03,8.327463641762733459e-03
9.512926340103149414e-01,7.855847477912902832e-03,1.675491221249103546e-02,1.147511322051286697e-02,4.537716042250394821e-03,8.083746768534183502e-03
9.466338157653808594e-01,9.678393602371215820e-03,1.923390291631221771e-02,1.054233033210039139e-02,5.850240122526884079e-03,8.061375468969345093e-03
9.434890151023864746e-01,5.674552172422409058e-03,2.201011404395103455e-02,1.539450138807296753e-02,5.638221278786659241e-03,7.793578319251537323e-03
9.438678026199340820e-01,3.734789090231060982e-03,1.743103563785552979e-02,2.341307513415813446e-02,3.474327502772212029e-03,8.079054765403270721e-03
9.420336484909057617e-01,4.417869728058576584e-03,2.272936515510082245e-02,1.825582608580589294e-02,4.986085928976535797e-03,7.577325217425823212e-03
9.372056126594543457e-01,4.792656283825635910e-03,2.753998152911663055e-02,1.709333993494510651e-02,5.684159696102142334e-03,7.684201933443546295e-03
9.312173724174499512e-01,5.621419288218021393e-03,3.515017032623291016e-02,9.622426703572273254e-03,1.068676356226205826e-02,7.701884023845195770e-03
9.417323470115661621e-01,5.480120424181222916e-03,2.815792709589004517e-02,7.881215773522853851e-03,8.915924467146396637e-03,7.832362316548824310e-03
9.392583370208740234e-01,6.440656725317239761e-03,2.779510803520679474e-02,8.065219037234783173e-03,9.596060961484909058e-03,8.844720199704170227e-03
9.393221735954284668e-01,6.491191685199737549e-03,2.782984077930450439e-02,1.181160286068916321e-02,6.454272195696830750e-03,8.090901188552379608e-03
9.455170035362243652e-01,5.296931602060794830e-03,1.757923513650894165e-02,2.173960208892822266e-02,2.929545473307371140e-03,6.937706843018531799e-03
9.495643377304077148e-01,3.828808199614286423e-03,1.214464846998453140e-02,2.682525664567947388e-02,1.594912377186119556e-03,6.041988730430603027e-03
9.383955597877502441e-01,3.161601722240447998e-03,1.104189082980155945e-02,4.073918983340263367e-02,1.066268421709537506e-03,5.595405586063861847e-03
9.360957741737365723e-01,3.016982460394501686e-03,1.048234011977910995e-02,4.439111799001693726e-02,9.067301871255040169e-04,5.107137840241193771e-03
9.555617570877075195e-01,4.218016285449266434e-03,1.200646162033081055e-02,1.908143050968647003e-02,2.412389032542705536e-03,6.719844415783882141e-03
9.479416012763977051e-01,3.775436664000153542e-03,1.479903515428304672e-02,2.484078891575336456e-02,2.438247902318835258e-03,6.204962730407714844e-03
9.512605071067810059e-01,3.358635585755109787e-03,1.375491078943014145e-02,1.981304585933685303e-02,3.417226485908031464e-03,8.395612239837646484e-03
9.427662491798400879e-01,4.818164277821779251e-03,2.222772501409053802e-02,1.378452591598033905e-02,6.975156255066394806e-03,9.428201243281364441e-03
9.494358897209167480e-01,3.559299744665622711e-03,1.873732171952724457e-02,1.215367671102285385e-02,6.402748171240091324e-03,9.711009450256824493e-03
9.456726312637329102e-01,3.546402323991060257e-03,2.155652642250061035e-02,9.918685071170330048e-03,8.813364431262016296e-03,1.049243286252021790e-02
9.486389160156250000e-01,4.691163077950477600e-03,1.919708587229251862e-02,7.497855462133884430e-03,9.716136381030082703e-03,1.025875750929117203e-02
9.539232254028320312e-01,3.448077011853456497e-03,1.559669710695743561e-02,1.186068728566169739e-02,5.444644484668970108e-03,9.726796299219131470e-03
9.510182738304138184e-01,3.197635291144251823e-03,1.450194604694843292e-02,1.405488979071378708e-02,5.117206368595361710e-03,1.211012247949838638e-02
9.418243169784545898e-01,2.721617463976144791e-03,1.476430520415306091e-02,2.751169912517070770e-02,2.967583481222391129e-03,1.021048054099082947e-02
9.409416913986206055e-01,2.573426812887191772e-03,1.248430833220481873e-02,2.835656143724918365e-02,3.189071314409375191e-03,1.245507132261991501e-02
9.441356062889099121e-01,2.994910348206758499e-03,1.477165892720222473e-02,2.493967860937118530e-02,3.226460656151175499e-03,9.931627660989761353e-03
9.480734467506408691e-01,4.388301633298397064e-03,1.812332309782505035e-02,1.694064214825630188e-02,4.430328495800495148e-03,8.043884299695491791e-03
9.511831402778625488e-01,5.448335781693458557e-03,1.926821097731590271e-02,1.199973281472921371e-02,5.212982650846242905e-03,6.887564901262521744e-03
9.465925693511962891e-01,6.726366933435201645e-03,2.358924597501754761e-02,8.515344932675361633e-03,7.715341169387102127e-03,6.861083675175905228e-03
9.398236274719238281e-01,8.086008019745349884e-03,2.724725194275379181e-02,7.572507485747337341e-03,1.043192856013774872e-02,6.838737986981868744e-03
9.480522274971008301e-01,6.850515492260456085e-03,2.240341156721115112e-02,6.069107446819543839e-03,9.636855684220790863e-03,6.987972185015678406e-03
9.553231000900268555e-01,5.259714089334011078e-03,1.949349045753479004e-02,6.216310430318117142e-03,7.131951395422220230e-03,6.575385574251413345e-03
9.585410952568054199e-01,4.501103889197111130e-03,1.680415868759155273e-02,8.237403817474842072e-03,5.424422677606344223e-03,6.492001004517078400e-03
9.568290114402770996e-01,4.908073227852582932e-03,1.771898008882999420e-02,8.460768498480319977e-03,5.327962804585695267e-03,6.755143404006958008e-03
9.512241482734680176e-01,4.530600737780332565e-03,2.100833132863044739e-02,1.023080758750438690e-02,6.256278138607740402e-03,6.749834865331649780e-03
9.589622020721435547e-01,4.077303223311901093e-03,1.678281836211681366e-02,8.917747065424919128e-03,4.854711238294839859e-03,6.405157968401908875e-03
9.542842507362365723e-01,4.567318595945835114e-03,1.742589846253395081e-02,1.117757614701986313e-02,5.228539928793907166e-03,7.316467817872762680e-03
9.464547038078308105e-01,6.568500772118568420e-03,1.700180023908615112e-02,1.814896799623966217e-02,4.072965122759342194e-03,7.753082085400819778e-03
9.455809593200683594e-01,1.198792178183794022e-02,1.742804422974586487e-02,1.359558384865522385e-02,3.962185699492692947e-03,7.445244584232568741e-03
9.235309362411499023e-01,2.050427906215190887e-02,1.882615499198436737e-02,2.563843503594398499e-02,3.162224544212222099e-03,8.337973617017269135e-03
9.229156374931335449e-01,2.598596923053264618e-02,1.818293705582618713e-02,2.018417045474052429e-02,3.824727376922965050e-03,8.906621485948562622e-03
9.255722761154174805e-01,1.623367518186569214e-02,1.521211210638284683e-02,3.224350884556770325e-02,2.474521752446889877e-03,8.263921365141868591e-03
9.175397157669067383e-01,6.783577147871255875e-03,1.190671324729919434e-02,5.575317889451980591e-02,1.199226011522114277e-03,6.817551329731941223e-03
9.242678880691528320e-01,2.792174462229013443e-03,1.010853704065084457e-02,5.657600611448287964e-02,8.959724800661206245e-04,5.359377712011337280e-03
9.012342095375061035e-01,3.441040636971592903e-03,1.667211018502712250e-02,7.231149077415466309e-02,1.263393322005867958e-03,5.077638663351535797e-03
9.300858378410339355e-01,4.164490848779678345e-03,1.770834811031818390e-02,4.086587205529212952e-02,1.814590534195303917e-03,5.360848736017942429e-03
9.387495517730712891e-01,6.406750995665788651e-03,2.325450628995895386e-02,2.102438360452651978e-02,4.116600379347801208e-03,6.448132451623678207e-03
9.533862471580505371e-01,5.730314645916223526e-03,1.717794872820377350e-02,1.265032589435577393e-02,4.311510827392339706e-03,6.743707228451967239e-03
9.535912871360778809e-01,5.191537085920572281e-03,1.886638253927230835e-02,9.860293939709663391e-03,5.559363868087530136e-03,6.931145675480365753e-03
9.468308687210083008e-01,6.664220243692398071e-03,2.218369394540786743e-02,1.138903666287660599e-02,5.721786059439182281e-03,7.210446055978536606e-03
9.333271384239196777e-01,7.977377623319625854e-03,3.033434040844440460e-02,1.334522943943738937e-02,6.961477454751729965e-03,8.054281584918498993e-03
9.377873539924621582e-01,6.521771661937236786e-03,2.633672393858432770e-02,1.471847295761108398e-02,6.305941846221685410e-03,8.329822681844234467e-03
9.334506988525390625e-01,6.848759483546018600e-03,3.036570549011230469e-02,1.597717404365539551e-02,5.987564567476511002e-03,7.369990926235914230e-03
9.330682158470153809e-01,5.180628038942813873e-03,2.941949479281902313e-02,1.879697106778621674e-02,5.093621555715799332e-03,8.441031910479068756e-03
9.415683150291442871e-01,4.371768329292535782e-03,2.253024838864803314e-02,1.811695285141468048e-02,4.258882720023393631e-03,9.153894148766994476e-03
9.094193577766418457e-01,6.168785970658063889e-03,4.697474092245101929e-02,1.827084273099899292e-02,8.893037214875221252e-03,1.027315575629472733e-02
9.018201828002929688e-01,6.513829343020915985e-03,5.062349513173103333e-02,1.423527486622333527e-02,1.441645342856645584e-02,1.239059958606958389e-02
8.638646602630615234e-01,1.021637208759784698e-02,6.611208617687225342e-02,9.063541889190673828e-03,3.728044778108596802e-02,1.346287876367568970e-02
8.350776433944702148e-01,1.684916578233242035e-02,8.109543472528457642e-02,9.359982796013355255e-03,4.570904001593589783e-02,1.190873235464096069e-02
9.152688980102539062e-01,9.299096651375293732e-03,3.282755240797996521e-02,1.089788321405649185e-02,2.010905742645263672e-02,1.159742381423711777e-02
9.411258101463317871e-01,5.911007523536682129e-03,2.081852592527866364e-02,2.080287784337997437e-02,4.899995401501655579e-03,6.441770121455192566e-03
9.319938421249389648e-01,6.889145821332931519e-03,2.028043381869792938e-02,3.187055885791778564e-02,2.534775994718074799e-03,6.431214045733213425e-03
9.120306372642517090e-01,8.521839976310729980e-03,3.528379648923873901e-02,3.597533330321311951e-02,2.833971753716468811e-03,5.354366730898618698e-03
9.137481451034545898e-01,1.177073922008275986e-02,3.865483030676841736e-02,2.439486607909202576e-02,4.586645867675542831e-03,6.844772957265377045e-03
9.067163467407226562e-01,1.167370937764644623e-02,3.531123697757720947e-02,3.452403470873832703e-02,4.159633535891771317e-03,7.615002803504467010e-03
9.311017990112304688e-01,9.789006784558296204e-03,2.340400591492652893e-02,2.099357545375823975e-02,5.075656808912754059e-03,9.636010974645614624e-03
9.467640519142150879e-01,5.807682871818542480e-03,1.552016194909811020e-02,1.953782700002193451e-02,3.610407933592796326e-03,8.759822696447372437e-03
9.423366189002990723e-01,4.360778722912073135e-03,1.854040287435054779e-02,2.069360204041004181e-02,4.595212172716856003e-03,9.473496116697788239e-03
9.484298825263977051e-01,5.063632503151893616e-03,2.164845354855060577e-02,1.140665542334318161e-02,6.028500385582447052e-03,7.422946859151124954e-03
9.385780692100524902e-01,5.852751899510622025e-03,2.791312523186206818e-02,1.086995378136634827e-02,8.126767352223396301e-03,8.659327402710914612e-03
9.084604978561401367e-01,1.022172626107931137e-02,5.144492164254188538e-02,1.543571334332227707e-02,7.436207961291074753e-03,7.001013495028018951e-03
9.250330924987792969e-01,8.549631573259830475e-03,3.973107784986495972e-02,1.355067733675241470e-02,6.528393365442752838e-03,6.607134360820055008e-03
9.330362677574157715e-01,8.118106052279472351e-03,3.592580184340476990e-02,1.134638395160436630e-02,5.634354893118143082e-03,5.939050577580928802e-03
9.459445476531982422e-01,5.852627102285623550e-03,2.467572502791881561e-02,1.509250421077013016e-02,3.208605572581291199e-03,5.225910339504480362e-03
9.567720293998718262e-01,4.011084325611591339e-03,1.500446628779172897e-02,1.642745733261108398e-02,2.285686787217855453e-03,5.499238148331642151e-03
9.539411067962646484e-01,4.025032278150320053e-03,1.402677316218614578e-02,2.087463252246379852e-02,1.814750023186206818e-03,5.317761562764644623e-03
9.464848041534423828e-01,3.848020453006029129e-03,1.136226952075958252e-02,3.124035149812698364e-02,1.360937720164656639e-03,5.703598726540803909e-03
9.416898488998413086e-01,4.616076126694679260e-03,1.472001709043979645e-02,2.968439832329750061e-02,2.182578202337026596e-03,7.107149343937635422e-03
9.493986368179321289e-01,3.946597222238779068e-03,1.431213133037090302e-02,2.372418716549873352e-02,2.109309658408164978e-03,6.509144790470600128e-03
9.409644603729248047e-01,5.533942487090826035e-03,1.654136925935745239e-02,2.693144418299198151e-02,2.586171962320804596e-03,7.442540954798460007e-03
9.537810087203979492e-01,3.666194854304194450e-03,1.059314515441656113e-02,2.395264059305191040e-02,1.598955132067203522e-03,6.408027838915586472e-03
9.541725516319274902e-01,4.904139321297407150e-03,1.315890531986951828e-02,1.884918473660945892e-02,2.345811575651168823e-03,6.569311488419771194e-03
9.552524685859680176e-01,5.140502005815505981e-03,1.475439779460430145e-02,1.545242220163345337e-02,2.966210013255476952e-03,6.433912087231874466e-03
9.353904724121093750e-01,4.944844637066125870e-03,2.054590918123722076e-02,3.002573363482952118e-02,2.518802182748913765e-03,6.574126891791820526e-03
9.185648560523986816e-01,4.246807191520929337e-03,2.186412923038005829e-02,4.772249609231948853e-02,1.829597284086048603e-03,5.772135686129331589e-03
9.377408027648925781e-01,5.064297467470169067e-03,1.671843789517879486e-02,3.224149718880653381e-02,2.110250759869813919e-03,6.124759092926979065e-03
9.188295602798461914e-01,7.019630167633295059e-03,1.596869714558124542e-02,5.159052461385726929e-02,1.306367106735706329e-03,5.285147111862897873e-03
9.365144371986389160e-01,5.481217522174119949e-03,1.051375083625316620e-02,4.188740998506546021e-02,9.179644985124468803e-04,4.685281310230493546e-03
9.329568743705749512e-01,9.547416120767593384e-03,1.789195463061332703e-02,3.150160610675811768e-02,2.114826813340187073e-03,5.987342912703752518e-03
9.510055780410766602e-01,6.266471464186906815e-03,1.173556409776210785e-02,2.292412891983985901e-02,1.756123383529484272e-03,6.312188226729631424e-03
9.438587427139282227e-01,3.974337130784988403e-03,1.096676476299762726e-02,3.359732776880264282e-02,1.540311030112206936e-03,6.062528118491172791e-03
9.454806447029113770e-01,4.428070504218339920e-03,1.403803098946809769e-02,2.867160551249980927e-02,1.696735038422048092e-03,5.684914998710155487e-03
9.450285434722900391e-01,4.064022563397884369e-03,1.194321550428867340e-02,3.093811497092247009e-02,1.696355640888214111e-03,6.329657044261693954e-03
9.452350735664367676e-01,4.022157285362482071e-03,1.306122820824384689e-02,2.930950745940208435e-02,1.876986585557460785e-03,6.494931410998106003e-03
9.481514692306518555e-01,3.808700712397694588e-03,1.118762139230966568e-02,2.837826125323772430e-02,1.645702286623418331e-03,6.828116253018379211e-03
9.431700110435485840e-01,4.100305028259754181e-03,1.572943478822708130e-02,2.663585729897022247e-02,2.598909661173820496e-03,7.765562739223241806e-03
9.476308226585388184e-01,3.476968267932534218e-03,1.256317086517810822e-02,2.637420035898685455e-02,2.143603982403874397e-03,7.811153307557106018e-03
9.373411536216735840e-01,3.009845735505223274e-03,1.319479849189519882e-02,3.798582032322883606e-02,1.630173996090888977e-03,6.838246248662471771e-03
9.382265210151672363e-01,3.066871780902147293e-03,1.215357147157192230e-02,3.815643489360809326e-02,1.573825837112963200e-03,6.822794675827026367e-03
9.142442345619201660e-01,2.259874483570456505e-03,8.551378734409809113e-03,6.848623603582382202e-02,7.709842757321894169e-04,5.687359720468521118e-03
9.197634458541870117e-01,2.791380276903510094e-03,8.893393911421298981e-03,6.228948011994361877e-02,7.748608477413654327e-04,5.487469490617513657e-03
9.128930568695068359e-01,2.292621647939085960e-03,1.136889215558767319e-02,6.829592585563659668e-02,6.672078161500394344e-04,4.482314456254243851e-03
9.431422352790832520e-01,2.714779693633317947e-03,1.333919167518615723e-02,3.513436391949653625e-02,1.077300403267145157e-03,4.592150449752807617e-03
9.535334110260009766e-01,2.647641580551862717e-03,1.033923029899597168e-02,2.815097384154796600e-02,9.222569642588496208e-04,4.406682215631008148e-03
9.571322798728942871e-01,2.794595668092370033e-03,1.039384864270687103e-02,2.301037684082984924e-02,1.274886773899197578e-03,5.393916275352239609e-03
9.615941643714904785e-01,3.930816426873207092e-03,1.109224744141101837e-02,1.374171301722526550e-02,2.603952540084719658e-03,7.037095259875059128e-03
9.473577141761779785e-01,4.097646567970514297e-03,1.412472408264875412e-02,2.490757592022418976e-02,2.178665017709136009e-03,7.333567366003990173e-03
9.596570730209350586e-01,3.467340953648090363e-03,1.222203951328992844e-02,1.384274289011955261e-02,3.004678059369325638e-03,7.806086447089910507e-03
9.477854371070861816e-01,4.693242721259593964e-03,1.566290855407714844e-02,2.097242698073387146e-02,2.934898249804973602e-03,7.951099425554275513e-03
9.479855895042419434e-01,3.886421443894505501e-03,1.676895469427108765e-02,2.325086295604705811e-02,2.290136646479368210e-03,5.818121600896120071e-03
9.507565498352050781e-01,3.125787712633609772e-03,1.591942645609378815e-02,2.331573329865932465e-02,1.903069438412785530e-03,4.979484248906373978e-03
9.480503201484680176e-01,3.621286246925592422e-03,1.951207220554351807e-02,1.919796504080295563e-02,3.344483906403183937e-03,6.273835431784391403e-03
9.517247676849365234e-01,2.282172907143831253e-03,1.522686798125505447e-02,1.881602779030799866e-02,3.596287220716476440e-03,8.353847078979015350e-03
9.388859272003173828e-01,3.432116005569696426e-03,2.134632319211959839e-02,2.189995534718036652e-02,5.172771401703357697e-03,9.262835606932640076e-03
9.419569373130798340e-01,3.885005135089159012e-03,1.662045530974864960e-02,2.505770698189735413e-02,3.553072689101099968e-03,8.926768787205219269e-03
9.344379305839538574e-01,9.235808625817298889e-03,2.001832798123359680e-02,2.656593732535839081e-02,2.853578655049204826e-03,6.888486444950103760e-03
9.277426004409790039e-01,1.053445786237716675e-02,2.618941292166709900e-02,2.802202664315700531e-02,2.434866037219762802e-03,5.076591856777667999e-03
9.464132785797119141e-01,7.459097076207399368e-03,2.283626608550548553e-02,1.427396666258573532e-02,3.713463898748159409e-03,5.304008256644010544e-03
9.434224963188171387e-01,7.077905349433422089e-03,2.695565856993198395e-02,1.210921537131071091e-02,4.802798852324485779e-03,5.631984677165746689e-03
9.594864845275878906e-01,3.958670888096094131e-03,1.705538854002952576e-02,8.808903396129608154e-03,4.699146375060081482e-03,5.991328507661819458e-03
9.545923471450805664e-01,2.584073925390839577e-03,1.561238709837198257e-02,1.611992530524730682e-02,3.976134583353996277e-03,7.115134503692388535e-03
9.525589942932128906e-01,4.133022390305995941e-03,1.358955260366201401e-02,2.100781351327896118e-02,2.379562938585877419e-03,6.331120617687702179e-03
9.468547105789184570e-01,4.081397317349910736e-03,1.477609109133481979e-02,2.397984080016613007e-02,2.750560175627470016e-03,7.557461503893136978e-03
9.460729956626892090e-01,3.526343731209635735e-03,1.094982400536537170e-02,3.019232489168643951e-02,1.888909609988331795e-03,7.369516883045434952e-03
9.416715502738952637e-01,5.539418663829565048e-03,1.688008569180965424e-02,2.732088230550289154e-02,2.215946093201637268e-03,6.372169591486454010e-03
9.387214183807373047e-01,3.449365496635437012e-03,1.488542929291725159e-02,3.547824919223785400e-02,1.666703377850353718e-03,5.798929370939731598e-03
9.364229440689086914e-01,4.843671340495347977e-03,1.664434187114238739e-02,3.348419070243835449e-02,2.041879110038280487e-03,6.563046481460332870e-03
9.339732527732849121e-01,3.963689319789409637e-03,1.902509480714797974e-02,3.556327894330024719e-02,1.956108259037137032e-03,5.518661811947822571e-03
9.334493875503540039e-01,4.341766238212585449e-03,2.464242652058601379e-02,2.846996858716011047e-02,2.875650068745017052e-03,6.220793817192316055e-03
9.321893453598022461e-01,5.144685972481966019e-03,2.195925451815128326e-02,2.980827353894710541e-02,3.504134481772780418e-03,7.394420914351940155e-03
9.300392270088195801e-01,5.023828241974115372e-03,1.966792903840541840e-02,3.443796932697296143e-02,3.196954727172851562e-03,7.634102366864681244e-03
9.439411759376525879e-01,5.161436274647712708e-03,1.510946080088615417e-02,2.567573450505733490e-02,2.586366608738899231e-03,7.525625638663768768e-03
9.480373263359069824e-01,5.287124775350093842e-03,1.634596288204193115e-02,1.822340860962867737e-02,3.965844400227069855e-03,8.140279911458492279e-03
9.524159431457519531e-01,3.799090860411524773e-03,1.459090225398540497e-02,1.914944313466548920e-02,2.928547095507383347e-03,7.116030901670455933e-03
9.513490796089172363e-01,4.993545357137918472e-03,1.859360001981258392e-02,1.236890722066164017e-02,5.014548078179359436e-03,7.680343929678201675e-03
9.477276802062988281e-01,5.700518377125263214e-03,2.229025214910507202e-02,1.007420197129249573e-02,6.461168639361858368e-03,7.746149320155382156e-03
9.494501948356628418e-01,5.859062541276216507e-03,2.072327770292758942e-02,9.261108934879302979e-03,7.208409253507852554e-03,7.497979793697595596e-03
9.303405284881591797e-01,1.526035368442535400e-02,2.674506418406963348e-02,9.355284273624420166e-03,9.757585823535919189e-03,8.541274815797805786e-03
9.450983405113220215e-01,1.135006826370954514e-02,1.828388124704360962e-02,1.268642209470272064e-02,5.193187389522790909e-03,7.388137746602296829e-03
9.492580890655517578e-01,1.131386030465364456e-02,1.471998915076255798e-02,1.319491211324930191e-02,4.290224984288215637e-03,7.222855463624000549e-03
9.475826621055603027e-01,6.875433027744293213e-03,1.346675958484411240e-02,2.353801764547824860e-02,2.132583642378449440e-03,6.404490210115909576e-03
9.518419504165649414e-01,4.764988552778959274e-03,1.116616372019052505e-02,2.272675000131130219e-02,2.320400439202785492e-03,7.179735228419303894e-03
9.510868787765502930e-01,3.548827255144715309e-03,1.286211237311363220e-02,2.214403264224529266e-02,2.745003439486026764e-03,7.613187190145254135e-03
9.526497721672058105e-01,3.262302605435252190e-03,1.383334491401910782e-02,1.710316538810729980e-02,4.465769045054912567e-03,8.685695938766002655e-03
9.486276507377624512e-01,3.429799107834696770e-03,1.482376269996166229e-02,2.101792767643928528e-02,3.805979155004024506e-03,8.294938132166862488e-03
9.500311613082885742e-01,2.843677764758467674e-03,1.839764602482318878e-02,1.612774096429347992e-02,5.020459648221731186e-03,7.579294499009847641e-03
9.564816355705261230e-01,2.556170569732785225e-03,1.736515946686267853e-02,1.262475550174713135e-02,4.534934647381305695e-03,6.437299307435750961e-03
9.344994425773620605e-01,4.444448277354240417e-03,2.680516615509986877e-02,2.438712865114212036e-02,3.715035738423466682e-03,6.148773245513439178e-03
9.251934885978698730e-01,3.631764790043234825e-03,3.278277814388275146e-02,3.110317513346672058e-02,2.700006822124123573e-03,4.588774871081113815e-03
9.371856451034545898e-01,4.977687261998653412e-03,2.504442632198333740e-02,2.410797588527202606e-02,3.167074872180819511e-03,5.517116747796535492e-03
9.447094202041625977e-01,5.099110305309295654e-03,1.680839620530605316e-02,2.561915107071399689e-02,2.230546437203884125e-03,5.533353891223669052e-03
9.379338026046752930e-01,4.538090899586677551e-03,1.749238371849060059e-02,3.088352084159851074e-02,2.463137032464146614e-03,6.689080502837896347e-03
9.426822662353515625e-01,5.206928588449954987e-03,1.433601230382919312e-02,2.739208936691284180e-02,2.454953268170356750e-03,7.927709259092807770e-03
9.488269090652465820e-01,4.775033798068761826e-03,1.298563275486230850e-02,2.357844077050685883e-02,2.328073605895042419e-03,7.505909539759159088e-03
9.432178735733032227e-01,4.395446740090847015e-03,1.620580814778804779e-02,2.579269558191299438e-02,2.772693056613206863e-03,7.615593262016773224e-03
9.387807846069335938e-01,5.635443143546581268e-03,2.190431579947471619e-02,2.189091406762599945e-02,4.355337470769882202e-03,7.433271501213312149e-03
9.257693290710449219e-01,5.521898623555898666e-03,1.762278936803340912e-02,4.115406051278114319e-02,2.587874187156558037e-03,7.344161160290241241e-03
9.318380355834960938e-01,3.543504048138856888e-03,1.313403062522411346e-02,4.383772611618041992e-02,1.607234240509569645e-03,6.039542146027088165e-03
9.427532553672790527e-01,3.301124321296811104e-03,1.091024186462163925e-02,3.532559424638748169e-02,1.550815417431294918e-03,6.158977746963500977e-03
9.373874664306640625e-01,3.379248082637786865e-03,9.472628124058246613e-03,4.304047301411628723e-02,1.100957160815596581e-03,5.619187839329242706e-03
9.459819793701171875e-01,3.155584912747144699e-03,1.051675621420145035e-02,3.296823427081108093e-02,1.543186488561332226e-03,5.834181793034076691e-03
9.416078329086303711e-01,6.728504318743944168e-03,1.663652434945106506e-02,2.578755095601081848e-02,2.737416652962565422e-03,6.502234842628240585e-03
9.260406494140625000e-01,1.298263575881719589e-02,2.237096801400184631e-02,2.885654196143150330e-02,3.138781990855932236e-03,6.610383279621601105e-03
9.290091395378112793e-01,1.797660440206527710e-02,2.159001119434833527e-02,2.121877297759056091e-02,3.601010190322995186e-03,6.604339927434921265e-03
9.399193525314331055e-01,1.330065447837114334e-02,1.681064441800117493e-02,2.083014324307441711e-02,2.677640644833445549e-03,6.461622193455696106e-03
9.440304040908813477e-01,8.431979455053806305e-03,1.350116170942783356e-02,2.601985819637775421e-02,1.765307271853089333e-03,6.251327693462371826e-03
9.449978470802307129e-01,3.873879089951515198e-03,9.826056659221649170e-03,3.194839507341384888e-02,1.660772599279880524e-03,7.693125866353511810e-03
9.495050907135009766e-01,3.659118199720978737e-03,9.954799897968769073e-03,2.736901678144931793e-02,1.916265580803155899e-03,7.595746777951717377e-03
9.494112730026245117e-01,3.706167917698621750e-03,1.242978125810623169e-02,2.279582247138023376e-02,3.016263013705611229e-03,8.640708401799201965e-03
9.546623826026916504e-01,3.445374080911278725e-03,1.283751893788576126e-02,1.778430677950382233e-02,3.384518437087535858e-03,7.885817438364028931e-03
9.486487507820129395e-01,3.564579645171761513e-03,1.223689410835504532e-02,2.469266392290592194e-02,2.704238984733819962e-03,8.152827620506286621e-03
9.443166851997375488e-01,2.947116736322641373e-03,1.207714714109897614e-02,3.097564913332462311e-02,2.091282047331333160e-03,7.592122070491313934e-03
9.526893496513366699e-01,3.659519832581281662e-03,1.228663604706525803e-02,2.208470553159713745e-02,2.170908497646450996e-03,7.108850870281457901e-03
9.553796648979187012e-01,3.659188281744718552e-03,1.352146174758672714e-02,1.872078143060207367e-02,2.289347350597381592e-03,6.429597735404968262e-03
9.525595307350158691e-01,4.904677160084247589e-03,1.782672107219696045e-02,1.365922950208187103e-02,4.048813600093126297e-03,7.001162040978670120e-03
9.549423456192016602e-01,6.530540063977241516e-03,1.690005324780941010e-02,9.843457490205764771e-03,4.611217882484197617e-03,7.172313518822193146e-03
9.413291811943054199e-01,8.513710461556911469e-03,2.354431897401809692e-02,1.496421545743942261e-02,4.577401559799909592e-03,7.071147207170724869e-03
9.442363381385803223e-01,6.276876199990510941e-03,1.847944408655166626e-02,2.143002487719058990e-02,2.912264782935380936e-03,6.664892658591270447e-03
9.470865726470947266e-01,5.372179672122001648e-03,1.507624424993991852e-02,2.358319796621799469e-02,2.338665770366787910e-03,6.543156225234270096e-03
9.394334554672241211e-01,4.757469519972801208e-03,1.634596660733222961e-02,3.223469853401184082e-02,1.723941066302359104e-03,5.504390690475702286e-03
9.572935104370117188e-01,4.394466988742351532e-03,1.303316000849008560e-02,1.777766831219196320e-02,1.968127442523837090e-03,5.533142480999231339e-03
9.557908177375793457e-01,3.919524606317281723e-03,1.342816837131977081e-02,1.928755082190036774e-02,2.001861110329627991e-03,5.572120193392038345e-03
9.588986039161682129e-01,3.791164839640259743e-03,1.284358836710453033e-02,1.640258356928825378e-02,2.262172056362032890e-03,5.801790393888950348e-03
9.533795118331909180e-01,3.950786776840686798e-03,1.521991565823554993e-02,1.921662501990795135e-02,2.389012835919857025e-03,5.844321567565202713e-03
9.554753303527832031e-01,4.780924413353204727e-03,1.523985806852579117e-02,1.549563277512788773e-02,2.762466436251997948e-03,6.245811935514211655e-03
9.439496994018554688e-01,5.526049528270959854e-03,1.652138493955135345e-02,2.406120859086513519e-02,2.866462338715791702e-03,7.075268775224685669e-03
9.456420540809631348e-01,6.258996669203042984e-03,1.556694600731134415e-02,2.369619905948638916e-02,2.485429635271430016e-03,6.350447423756122589e-03
9.487143158912658691e-01,6.637962069362401962e-03,1.553987991064786911e-02,2.052819356322288513e-02,2.503669587895274162e-03,6.075932644307613373e-03
9.545761346817016602e-01,5.735032260417938232e-03,1.625892147421836853e-02,1.368368975818157196e-02,3.548879409208893776e-03,6.197379436343908310e-03
9.474601149559020996e-01,6.083396729081869125e-03,1.863533258438110352e-02,1.758446916937828064e-02,3.538733813911676407e-03,6.698054261505603790e-03
9.532582759857177734e-01,4.835357889533042908e-03,1.614882238209247589e-02,1.615506969392299652e-02,3.097553271800279617e-03,6.504857446998357773e-03
9.318986535072326660e-01,4.893112927675247192e-03,2.276333607733249664e-02,3.169167041778564453e-02,2.653632080182433128e-03,6.099591962993144989e-03
9.252771735191345215e-01,4.550739657133817673e-03,2.763964049518108368e-02,3.409077227115631104e-02,2.669464098289608955e-03,5.772295873612165451e-03
9.308893680572509766e-01,6.385050248354673386e-03,2.587377466261386871e-02,2.842449955642223358e-02,2.894347300752997398e-03,5.532959010452032089e-03
9.282064437866210938e-01,5.570050794631242752e-03,2.939609438180923462e-02,2.841506153345108032e-02,3.118278924375772476e-03,5.294248461723327637e-03
9.393623471260070801e-01,6.056346464902162552e-03,1.695235818624496460e-02,2.905118651688098907e-02,2.554453676566481590e-03,6.023361347615718842e-03
9.273213148117065430e-01,6.170349195599555969e-03,1.537110656499862671e-02,4.490805417299270630e-02,1.342563540674746037e-03,4.886623471975326538e-03
9.533214569091796875e-01,4.191802814602851868e-03,8.052176795899868011e-03,2.880390547215938568e-02,9.690508595667779446e-04,4.661569371819496155e-03
9.530489444732666016e-01,5.283437203615903854e-03,9.113420732319355011e-03,2.528994530439376831e-02,1.517669064924120903e-03,5.746674723923206329e-03
9.569503068923950195e-01,4.637285601347684860e-03,1.034731604158878326e-02,2.090063877403736115e-02,1.711686956696212292e-03,5.452735815197229385e-03
9.576830267906188965e-01,4.893901757895946503e-03,1.325577404350042343e-02,1.486118789762258530e-02,2.813878003507852554e-03,6.492226850241422653e-03
9.524835348129272461e-01,4.747831262648105621e-03,1.674619503319263458e-02,1.501005515456199646e-02,3.899986157193779945e-03,7.112387102097272873e-03
9.496392607688903809e-01,5.723170004785060883e-03,1.638329774141311646e-02,1.727098412811756134e-02,3.565763821825385094e-03,7.417623884975910187e-03
9.420508742332458496e-01,9.688988327980041504e-03,2.062176913022994995e-02,1.546741090714931488e-02,4.517638590186834335e-03,7.653313688933849335e-03
9.441121220588684082e-01,9.383202530443668365e-03,1.996628195047378540e-02,1.558218803256750107e-02,4.017258062958717346e-03,6.938929669559001923e-03
9.231854081153869629e-01,1.230834517627954483e-02,3.412973508238792419e-02,2.076917886734008789e-02,3.819811856374144554e-03,5.787582602351903915e-03
9.416851997375488281e-01,6.597473286092281342e-03,2.299670130014419556e-02,2.048837020993232727e-02,2.751109888777136803e-03,5.481191445142030716e-03
9.138168096542358398e-01,5.324934143573045731e-03,3.139108419418334961e-02,4.148864001035690308e-02,2.505238400772213936e-03,5.473321769386529922e-03
9.340440034866333008e-01,3.270989982411265373e-03,1.711039431393146515e-02,3.864935040473937988e-02,1.581803895533084869e-03,5.343458149582147598e-03
9.301774501800537109e-01,3.329250961542129517e-03,1.256329473108053207e-02,4.646881297230720520e-02,1.286179991438984871e-03,6.175115238875150681e-03
9.478151798248291016e-01,2.966216299682855606e-03,1.223977375775575638e-02,2.910864725708961487e-02,1.720033469609916210e-03,6.150182336568832397e-03
9.449918866157531738e-01,3.705444047227501869e-03,1.218709070235490799e-02,3.177190944552421570e-02,1.432382036000490189e-03,5.911253858357667923e-03
9.497672319412231445e-01,3.936459310352802277e-03,1.216467935591936111e-02,2.566145546734333038e-02,1.904869452118873596e-03,6.565369665622711182e-03
9.419186711311340332e-01,5.055899731814861298e-03,1.981051266193389893e-02,2.597571350634098053e-02,2.014288213104009628e-03,5.225016735494136810e-03
9.299859404563903809e-01,5.678414832800626755e-03,1.900032348930835724e-02,3.678828477859497070e-02,2.130453474819660187e-03,6.416538264602422714e-03
9.358290433883666992e-01,5.096633918583393097e-03,1.931988075375556946e-02,3.173142671585083008e-02,2.086020773276686668e-03,5.936923902481794357e-03
9.389001131057739258e-01,6.189098116010427475e-03,2.441911213099956512e-02,2.114839479327201843e-02,3.288020845502614975e-03,6.055165082216262817e-03
9.522897601127624512e-01,4.759469069540500641e-03,1.723691634833812714e-02,1.613105461001396179e-02,3.114667721092700958e-03,6.468061357736587524e-03
9.439830183982849121e-01,7.189491763710975647e-03,2.183047868311405182e-02,1.699882559478282928e-02,3.487809328362345695e-03,6.510361097753047943e-03
9.438941478729248047e-01,4.725086037069559097e-03,1.461236178874969482e-02,2.834838256239891052e-02,2.049701521173119545e-03,6.370337679982185364e-03
9.215080142021179199e-01,3.858309471979737282e-03,1.571216620504856110e-02,5.125107616186141968e-02,1.498644240200519562e-03,6.171814166009426117e-03
9.355204701423645020e-01,3.129527438431978226e-03,1.310393586754798889e-02,3.916112333536148071e-02,1.935479347594082355e-03,7.149472832679748535e-03
9.407718777656555176e-01,1.891537802293896675e-03,1.010669488459825516e-02,3.935996070504188538e-02,1.377412467263638973e-03,6.492489483207464218e-03
9.568613171577453613e-01,2.559893764555454254e-03,1.091636624187231064e-02,1.988038420677185059e-02,2.530803671106696129e-03,7.251175120472908020e-03
9.543258547782897949e-01,3.372943727299571037e-03,1.260979939252138138e-02,2.151088975369930267e-02,2.061185427010059357e-03,6.119371391832828522e-03
9.511756300926208496e-01,6.885694339871406555e-03,1.427057944238185883e-02,1.774070970714092255e-02,2.973199123516678810e-03,6.954271811991930008e-03
9.460500478744506836e-01,6.173335015773773193e-03,1.527761202305555344e-02,2.506447024643421173e-02,1.987881492823362350e-03,5.446577444672584534e-03
9.403814673423767090e-01,9.317623451352119446e-03,1.396986003965139389e-02,2.868979983031749725e-02,1.779953017830848694e-03,5.861388985067605972e-03
9.323153495788574219e-01,1.254986785352230072e-02,1.793263666331768036e-02,2.962458878755569458e-02,1.972180791199207306e-03,5.605418700724840164e-03
9.462438821792602539e-01,8.655148558318614960e-03,1.222718786448240280e-02,2.497393637895584106e-02,1.785936765372753143e-03,6.113985087722539902e-03
9.403617382049560547e-01,1.483188942074775696e-02,1.765151694416999817e-02,1.794369332492351532e-02,2.928192727267742157e-03,6.282951682806015015e-03
9.520820379257202148e-01,1.003246381878852844e-02,1.419724058359861374e-02,1.451768260449171066e-02,2.857757965102791786e-03,6.312890443950891495e-03
9.544090032577514648e-01,4.631238523870706558e-03,1.314153987914323807e-02,1.978691481053829193e-02,2.229347592219710350e-03,5.802091676741838455e-03
9.326159358024597168e-01,4.987467546015977859e-03,1.975961215794086456e-02,3.336633369326591492e-02,2.735520713031291962e-03,6.535155698657035828e-03
9.431480765342712402e-01,4.532555583864450455e-03,1.970623806118965149e-02,2.106510289013385773e-02,4.139564465731382370e-03,7.408429868519306183e-03
9.308137297630310059e-01,4.195861984044313431e-03,2.009353786706924438e-02,3.502548485994338989e-02,2.840704750269651413e-03,7.030670996755361557e-03
9.563612341880798340e-01,3.997888416051864624e-03,1.373238675296306610e-02,1.464253664016723633e-02,3.467180766165256500e-03,7.798750419169664383e-03
9.543308019638061523e-01,4.061932675540447235e-03,1.277278084307909012e-02,1.848861016333103180e-02,2.572836587205529213e-03,7.772944401949644089e-03
9.452504515647888184e-01,2.827261341735720634e-03,1.185314543545246124e-02,3.155831992626190186e-02,1.575783942826092243e-03,6.935099605470895767e-03
9.539630413055419922e-01,3.741391468793153763e-03,1.372539252042770386e-02,1.798644661903381348e-02,2.785926917567849159e-03,7.797718979418277740e-03
9.262395501136779785e-01,4.671777598559856415e-03,2.066124975681304932e-02,3.896171599626541138e-02,2.498478395864367485e-03,6.967207882553339005e-03
9.447594285011291504e-01,5.760874133557081223e-03,2.488556876778602600e-02,1.034336537122726440e-02,7.439830340445041656e-03,6.810926832258701324e-03
9.421789050102233887e-01,7.255045697093009949e-03,2.565615437924861908e-02,9.723135270178318024e-03,8.104950189590454102e-03,7.081746589392423630e-03
9.438038468360900879e-01,8.119881153106689453e-03,2.384806051850318909e-02,7.794007658958435059e-03,9.084964171051979065e-03,7.349141873419284821e-03
9.501720070838928223e-01,6.325888913124799728e-03,2.014421112835407257e-02,1.285057887434959412e-02,4.397566430270671844e-03,6.109775975346565247e-03
9.414913654327392578e-01,3.888228442519903183e-03,1.467383932322263718e-02,3.063853643834590912e-02,2.334048738703131676e-03,6.973886396735906601e-03
9.470893144607543945e-01,2.650171983987092972e-03,1.408984418958425522e-02,2.747161686420440674e-02,2.231087535619735718e-03,6.468083243817090988e-03
9.333036541938781738e-01,2.235572785139083862e-03,1.212267763912677765e-02,4.423346742987632751e-02,1.451584394089877605e-03,6.652893032878637314e-03
9.394078850746154785e-01,2.057970501482486725e-03,9.111976251006126404e-03,4.236832261085510254e-02,1.037664129398763180e-03,6.016236264258623123e-03
9.366047978401184082e-01,1.958176027983427048e-03,7.811145391315221786e-03,4.518883302807807922e-02,1.183190732263028622e-03,7.253887131810188293e-03
9.524034857749938965e-01,2.709300024434924126e-03,7.927821949124336243e-03,2.809510380029678345e-02,1.523641170933842659e-03,7.340607233345508575e-03
9.440178871154785156e-01,4.332134965807199478e-03,8.551782928407192230e-03,3.447151929140090942e-02,1.407464034855365753e-03,7.219119463115930557e-03
9.500070810317993164e-01,4.266248550266027451e-03,9.464833885431289673e-03,2.696025557816028595e-02,1.833635615184903145e-03,7.468016818165779114e-03
9.517549276351928711e-01,4.963641520589590073e-03,8.624257519841194153e-03,2.559519000351428986e-02,1.783270388841629028e-03,7.278709672391414642e-03
9.659879803657531738e-01,2.948274835944175720e-03,2.006685128435492516e-03,2.483183145523071289e-02,2.586098853498697281e-04,3.966479096561670303e-03
9.544988870620727539e-01,1.382925454527139664e-02,7.509103161282837391e-04,2.750253118574619293e-02,9.074346598936244845e-05,3.327711252495646477e-03
9.614679813385009766e-01,1.205660589039325714e-02,2.184021868743002415e-04,2.388349920511245728e-02,2.624689477670472115e-05,2.347173867747187614e-03
9.539964199066162109e-01,2.592843957245349884e-02,3.788322501350194216e-04,1.675218157470226288e-02,5.348658669390715659e-05,2.890721429139375687e-03
9.486677646636962891e-01,2.392794191837310791e-02,5.044107674621045589e-04,2.296770364046096802e-02,6.963095802348107100e-05,3.862595418468117714e-03
9.759304523468017578e-01,6.017027422785758972e-03,1.148322597146034241e-03,1.108816638588905334e-02,2.415075286990031600e-04,5.574611481279134750e-03
9.638340473175048828e-01,7.049341220408678055e-03,3.731906646862626076e-03,7.880099117755889893e-03,1.335183973424136639e-03,1.616949029266834259e-02
9.377282857894897461e-01,1.750481687486171722e-02,4.863786511123180389e-03,1.068880595266819000e-02,2.275574021041393280e-03,2.693857252597808838e-02
8.903679847717285156e-01,4.873873665928840637e-02,6.383874919265508652e-03,1.078184042125940323e-02,3.894770285114645958e-03,3.983280062675476074e-02
7.004011273384094238e-01,2.011926323175430298e-01,1.725985482335090637e-02,1.222301274538040161e-02,1.449218858033418655e-02,5.443129315972328186e-02
6.032297611236572266e-01,3.073244094848632812e-01,2.080410346388816833e-02,1.790394261479377747e-02,1.416754722595214844e-02,3.657023981213569641e-02
6.693508625030517578e-01,2.351541668176651001e-01,2.390287257730960846e-02,2.958672679960727692e-02,1.281725149601697922e-02,2.918812632560729980e-02
7.206965088844299316e-01,1.658951491117477417e-01,2.528934553265571594e-02,4.777935892343521118e-02,1.097629964351654053e-02,2.936330623924732208e-02
7.179688215255737305e-01,1.596770286560058594e-01,2.448746189475059509e-02,5.771641433238983154e-02,9.438704699277877808e-03,3.071157447993755341e-02
7.731219530105590820e-01,8.853790909051895142e-02,2.354685962200164795e-02,7.871762663125991821e-02,6.869845092296600342e-03,2.920583635568618774e-02
7.544463872909545898e-01,9.869411587715148926e-02,2.381998859345912933e-02,8.355566859245300293e-02,7.524610031396150589e-03,3.195931017398834229e-02
7.661221623420715332e-01,8.452664315700531006e-02,2.226524800062179565e-02,8.865554630756378174e-02,6.787957623600959778e-03,3.164246678352355957e-02
7.777462005615234375e-01,6.008111312985420227e-02,2.058143168687820435e-02,1.030017435550689697e-01,5.889330990612506866e-03,3.270027413964271545e-02
7.694362401962280273e-01,8.641742169857025146e-02,2.260935492813587189e-02,8.226422220468521118e-02,7.947515696287155151e-03,3.132529184222221375e-02
7.783901691436767578e-01,5.367595702409744263e-02,2.247005328536033630e-02,1.136126592755317688e-01,5.234772805124521255e-03,2.661639451980590820e-02
7.789755463600158691e-01,5.751401185989379883e-02,2.536121942102909088e-02,1.094136163592338562e-01,5.612692795693874359e-03,2.312286943197250366e-02
7.541236877441406250e-01,7.478202134370803833e-02,2.765011973679065704e-02,1.153685972094535828e-01,5.869772285223007202e-03,2.220584079623222351e-02
7.514876127243041992e-01,6.467003375291824341e-02,2.762074768543243408e-02,1.287730187177658081e-01,5.220321472734212875e-03,2.222828753292560577e-02
7.486118078231811523e-01,6.701525300741195679e-02,2.522718720138072968e-02,1.278863400220870972e-01,5.679663736373186111e-03,2.557961456477642059e-02
6.824839115142822266e-01,1.235625743865966797e-01,1.878768391907215118e-02,1.554020494222640991e-01,2.637828933075070381e-03,1.712592691183090210e-02
